timestamp,regionId,productId,availableUnits,reservedUnits,coverageDays
2026-03-02T00:00:00Z,REG-COASTAL,PROD-HS-100,51415,465,25
2026-03-02T00:00:00Z,REG-COASTAL,PROD-HS-110,18281,156,25
2026-03-02T00:00:00Z,REG-COASTAL,PROD-AS-200,24094,169,25
2026-03-02T00:00:00Z,REG-COASTAL,PROD-LB-400,26972,172,25
2026-03-02T00:00:00Z,REG-COASTAL,PROD-DM-300,12963,88,25
2026-03-02T00:00:00Z,REG-COASTAL,PROD-VD-500,5805,55,25
2026-03-02T00:00:00Z,REG-SOUTH,PROD-HS-100,42523,348,25
2026-03-02T00:00:00Z,REG-SOUTH,PROD-HS-110,15117,117,25
2026-03-02T00:00:00Z,REG-SOUTH,PROD-AS-200,19980,180,25
2026-03-02T00:00:00Z,REG-SOUTH,PROD-LB-400,22367,192,25
2026-03-02T00:00:00Z,REG-SOUTH,PROD-DM-300,10735,85,25
2026-03-02T00:00:00Z,REG-SOUTH,PROD-VD-500,4813,38,25
2026-03-02T00:00:00Z,REG-DELTA,PROD-HS-100,37530,355,25
2026-03-02T00:00:00Z,REG-DELTA,PROD-HS-110,13310,85,25
2026-03-02T00:00:00Z,REG-DELTA,PROD-AS-200,17584,134,25
2026-03-02T00:00:00Z,REG-DELTA,PROD-LB-400,19710,160,25
2026-03-02T00:00:00Z,REG-DELTA,PROD-DM-300,9465,65,25
2026-03-02T00:00:00Z,REG-DELTA,PROD-VD-500,4227,27,25
2026-03-02T00:00:00Z,REG-ISLAND,PROD-HS-100,26259,184,25
2026-03-02T00:00:00Z,REG-ISLAND,PROD-HS-110,9363,88,25
2026-03-02T00:00:00Z,REG-ISLAND,PROD-AS-200,12337,87,25
2026-03-02T00:00:00Z,REG-ISLAND,PROD-LB-400,13800,100,25
2026-03-02T00:00:00Z,REG-ISLAND,PROD-DM-300,6618,43,25
2026-03-02T00:00:00Z,REG-ISLAND,PROD-VD-500,2974,24,25
2026-03-02T00:00:00Z,REG-NORTH,PROD-HS-100,36285,335,25
2026-03-02T00:00:00Z,REG-NORTH,PROD-HS-110,12903,103,25
2026-03-02T00:00:00Z,REG-NORTH,PROD-AS-200,17035,160,25
2026-03-02T00:00:00Z,REG-NORTH,PROD-LB-400,19045,145,25
2026-03-02T00:00:00Z,REG-NORTH,PROD-DM-300,9138,63,25
2026-03-02T00:00:00Z,REG-NORTH,PROD-VD-500,4086,36,25
2026-03-02T00:00:00Z,REG-CENTRAL,PROD-HS-100,33318,218,25
2026-03-02T00:00:00Z,REG-CENTRAL,PROD-HS-110,11886,111,25
2026-03-02T00:00:00Z,REG-CENTRAL,PROD-AS-200,15676,126,25
2026-03-02T00:00:00Z,REG-CENTRAL,PROD-LB-400,17543,143,25
2026-03-02T00:00:00Z,REG-CENTRAL,PROD-DM-300,8404,54,25
2026-03-02T00:00:00Z,REG-CENTRAL,PROD-VD-500,3779,29,25
2026-03-03T00:00:00Z,REG-COASTAL,PROD-HS-100,52315,484,25.333
2026-03-03T00:00:00Z,REG-COASTAL,PROD-HS-110,18599,157,25.332
2026-03-03T00:00:00Z,REG-COASTAL,PROD-AS-200,24542,197,25.333
2026-03-03T00:00:00Z,REG-COASTAL,PROD-LB-400,27489,231,25.333
2026-03-03T00:00:00Z,REG-COASTAL,PROD-DM-300,13204,107,25.333
2026-03-03T00:00:00Z,REG-COASTAL,PROD-VD-500,5891,39,25.333
2026-03-03T00:00:00Z,REG-SOUTH,PROD-HS-100,43242,328,25.333
2026-03-03T00:00:00Z,REG-SOUTH,PROD-HS-110,15366,116,25.332
2026-03-03T00:00:00Z,REG-SOUTH,PROD-AS-200,20280,141,25.332
2026-03-03T00:00:00Z,REG-SOUTH,PROD-LB-400,22711,165,25.333
2026-03-03T00:00:00Z,REG-SOUTH,PROD-DM-300,10931,89,25.332
2026-03-03T00:00:00Z,REG-SOUTH,PROD-VD-500,4874,35,25.335
2026-03-03T00:00:00Z,REG-DELTA,PROD-HS-100,38180,358,25.333
2026-03-03T00:00:00Z,REG-DELTA,PROD-HS-110,13569,117,25.333
2026-03-03T00:00:00Z,REG-DELTA,PROD-AS-200,17872,114,25.332
2026-03-03T00:00:00Z,REG-DELTA,PROD-LB-400,20067,181,25.332
2026-03-03T00:00:00Z,REG-DELTA,PROD-DM-300,9632,82,25.332
2026-03-03T00:00:00Z,REG-DELTA,PROD-VD-500,4314,33,25.331
2026-03-03T00:00:00Z,REG-ISLAND,PROD-HS-100,26694,171,25.332
2026-03-03T00:00:00Z,REG-ISLAND,PROD-HS-110,9499,75,25.333
2026-03-03T00:00:00Z,REG-ISLAND,PROD-AS-200,12572,108,25.333
2026-03-03T00:00:00Z,REG-ISLAND,PROD-LB-400,14026,93,25.333
2026-03-03T00:00:00Z,REG-ISLAND,PROD-DM-300,6746,58,25.333
2026-03-03T00:00:00Z,REG-ISLAND,PROD-VD-500,3016,27,25.331
2026-03-03T00:00:00Z,REG-NORTH,PROD-HS-100,36792,237,25.333
2026-03-03T00:00:00Z,REG-NORTH,PROD-HS-110,13085,89,25.333
2026-03-03T00:00:00Z,REG-NORTH,PROD-AS-200,17338,162,25.333
2026-03-03T00:00:00Z,REG-NORTH,PROD-LB-400,19388,161,25.332
2026-03-03T00:00:00Z,REG-NORTH,PROD-DM-300,9292,71,25.332
2026-03-03T00:00:00Z,REG-NORTH,PROD-VD-500,4159,30,25.331
2026-03-03T00:00:00Z,REG-CENTRAL,PROD-HS-100,33881,214,25.333
2026-03-03T00:00:00Z,REG-CENTRAL,PROD-HS-110,12078,96,25.332
2026-03-03T00:00:00Z,REG-CENTRAL,PROD-AS-200,15914,106,25.333
2026-03-03T00:00:00Z,REG-CENTRAL,PROD-LB-400,17839,131,25.333
2026-03-03T00:00:00Z,REG-CENTRAL,PROD-DM-300,8579,67,25.333
2026-03-03T00:00:00Z,REG-CENTRAL,PROD-VD-500,3829,29,25.333
2026-03-04T00:00:00Z,REG-COASTAL,PROD-HS-100,53182,474,25.661
2026-03-04T00:00:00Z,REG-COASTAL,PROD-HS-110,18904,146,25.661
2026-03-04T00:00:00Z,REG-COASTAL,PROD-AS-200,24926,163,25.661
2026-03-04T00:00:00Z,REG-COASTAL,PROD-LB-400,27902,188,25.661
2026-03-04T00:00:00Z,REG-COASTAL,PROD-DM-300,13430,112,25.661
2026-03-04T00:00:00Z,REG-COASTAL,PROD-VD-500,6008,55,25.659
2026-03-04T00:00:00Z,REG-SOUTH,PROD-HS-100,44031,407,25.661
2026-03-04T00:00:00Z,REG-SOUTH,PROD-HS-110,15632,107,25.661
2026-03-04T00:00:00Z,REG-SOUTH,PROD-AS-200,20649,171,25.662
2026-03-04T00:00:00Z,REG-SOUTH,PROD-LB-400,23109,168,25.661
2026-03-04T00:00:00Z,REG-SOUTH,PROD-DM-300,11081,72,25.662
2026-03-04T00:00:00Z,REG-SOUTH,PROD-VD-500,4968,41,25.661
2026-03-04T00:00:00Z,REG-DELTA,PROD-HS-100,38682,242,25.661
2026-03-04T00:00:00Z,REG-DELTA,PROD-HS-110,13792,115,25.66
2026-03-04T00:00:00Z,REG-DELTA,PROD-AS-200,18225,160,25.661
2026-03-04T00:00:00Z,REG-DELTA,PROD-LB-400,20385,164,25.661
2026-03-04T00:00:00Z,REG-DELTA,PROD-DM-300,9764,64,25.661
2026-03-04T00:00:00Z,REG-DELTA,PROD-VD-500,4365,28,25.663
2026-03-04T00:00:00Z,REG-ISLAND,PROD-HS-100,27195,225,25.661
2026-03-04T00:00:00Z,REG-ISLAND,PROD-HS-110,9668,71,25.66
2026-03-04T00:00:00Z,REG-ISLAND,PROD-AS-200,12761,110,25.661
2026-03-04T00:00:00Z,REG-ISLAND,PROD-LB-400,14270,105,25.661
2026-03-04T00:00:00Z,REG-ISLAND,PROD-DM-300,6861,61,25.66
2026-03-04T00:00:00Z,REG-ISLAND,PROD-VD-500,3078,24,25.664
2026-03-04T00:00:00Z,REG-NORTH,PROD-HS-100,37449,266,25.661
2026-03-04T00:00:00Z,REG-NORTH,PROD-HS-110,13324,108,25.662
2026-03-04T00:00:00Z,REG-NORTH,PROD-AS-200,17582,132,25.662
2026-03-04T00:00:00Z,REG-NORTH,PROD-LB-400,19681,127,25.661
2026-03-04T00:00:00Z,REG-NORTH,PROD-DM-300,9473,81,25.661
2026-03-04T00:00:00Z,REG-NORTH,PROD-VD-500,4235,27,25.659
2026-03-04T00:00:00Z,REG-CENTRAL,PROD-HS-100,34480,248,25.661
2026-03-04T00:00:00Z,REG-CENTRAL,PROD-HS-110,12270,107,25.66
2026-03-04T00:00:00Z,REG-CENTRAL,PROD-AS-200,16172,108,25.661
2026-03-04T00:00:00Z,REG-CENTRAL,PROD-LB-400,18145,157,25.66
2026-03-04T00:00:00Z,REG-CENTRAL,PROD-DM-300,8725,77,25.662
2026-03-04T00:00:00Z,REG-CENTRAL,PROD-VD-500,3901,26,25.662
2026-03-05T00:00:00Z,REG-COASTAL,PROD-HS-100,53953,405,25.982
2026-03-05T00:00:00Z,REG-COASTAL,PROD-HS-110,19181,136,25.982
2026-03-05T00:00:00Z,REG-COASTAL,PROD-AS-200,25347,197,25.981
2026-03-05T00:00:00Z,REG-COASTAL,PROD-LB-400,28411,247,25.982
2026-03-05T00:00:00Z,REG-COASTAL,PROD-DM-300,13633,123,25.981
2026-03-05T00:00:00Z,REG-COASTAL,PROD-VD-500,6110,56,25.983
2026-03-05T00:00:00Z,REG-SOUTH,PROD-HS-100,44667,342,25.982
2026-03-05T00:00:00Z,REG-SOUTH,PROD-HS-110,15885,114,25.982
2026-03-05T00:00:00Z,REG-SOUTH,PROD-AS-200,20985,174,25.981
2026-03-05T00:00:00Z,REG-SOUTH,PROD-LB-400,23497,192,25.981
2026-03-05T00:00:00Z,REG-SOUTH,PROD-DM-300,11268,70,25.981
2026-03-05T00:00:00Z,REG-SOUTH,PROD-VD-500,5049,35,25.979
2026-03-05T00:00:00Z,REG-DELTA,PROD-HS-100,39389,313,25.981
2026-03-05T00:00:00Z,REG-DELTA,PROD-HS-110,13991,91,25.981
2026-03-05T00:00:00Z,REG-DELTA,PROD-AS-200,18489,146,25.982
2026-03-05T00:00:00Z,REG-DELTA,PROD-LB-400,20721,170,25.981
2026-03-05T00:00:00Z,REG-DELTA,PROD-DM-300,9956,83,25.982
2026-03-05T00:00:00Z,REG-DELTA,PROD-VD-500,4448,31,25.982
2026-03-05T00:00:00Z,REG-ISLAND,PROD-HS-100,27661,250,25.982
2026-03-05T00:00:00Z,REG-ISLAND,PROD-HS-110,9826,83,25.981
2026-03-05T00:00:00Z,REG-ISLAND,PROD-AS-200,12963,102,25.982
2026-03-05T00:00:00Z,REG-ISLAND,PROD-LB-400,14499,105,25.982
2026-03-05T00:00:00Z,REG-ISLAND,PROD-DM-300,6965,54,25.981
2026-03-05T00:00:00Z,REG-ISLAND,PROD-VD-500,3113,21,25.983
2026-03-05T00:00:00Z,REG-NORTH,PROD-HS-100,38038,261,25.981
2026-03-05T00:00:00Z,REG-NORTH,PROD-HS-110,13532,100,25.981
2026-03-05T00:00:00Z,REG-NORTH,PROD-AS-200,17903,158,25.981
2026-03-05T00:00:00Z,REG-NORTH,PROD-LB-400,20057,181,25.982
2026-03-05T00:00:00Z,REG-NORTH,PROD-DM-300,9594,59,25.981
2026-03-05T00:00:00Z,REG-NORTH,PROD-VD-500,4289,28,25.982
2026-03-05T00:00:00Z,REG-CENTRAL,PROD-HS-100,35010,221,25.981
2026-03-05T00:00:00Z,REG-CENTRAL,PROD-HS-110,12459,92,25.981
2026-03-05T00:00:00Z,REG-CENTRAL,PROD-AS-200,16454,112,25.981
2026-03-05T00:00:00Z,REG-CENTRAL,PROD-LB-400,18453,162,25.982
2026-03-05T00:00:00Z,REG-CENTRAL,PROD-DM-300,8840,58,25.982
2026-03-05T00:00:00Z,REG-CENTRAL,PROD-VD-500,3959,36,25.98
2026-03-06T00:00:00Z,REG-COASTAL,PROD-HS-100,54849,455,26.29
2026-03-06T00:00:00Z,REG-COASTAL,PROD-HS-110,19470,121,26.289
2026-03-06T00:00:00Z,REG-COASTAL,PROD-AS-200,25710,156,26.29
2026-03-06T00:00:00Z,REG-COASTAL,PROD-LB-400,28796,193,26.29
2026-03-06T00:00:00Z,REG-COASTAL,PROD-DM-300,13842,119,26.289
2026-03-06T00:00:00Z,REG-COASTAL,PROD-VD-500,6207,55,26.291
2026-03-06T00:00:00Z,REG-SOUTH,PROD-HS-100,45317,309,26.29
2026-03-06T00:00:00Z,REG-SOUTH,PROD-HS-110,16130,119,26.291
2026-03-06T00:00:00Z,REG-SOUTH,PROD-AS-200,21330,193,26.29
2026-03-06T00:00:00Z,REG-SOUTH,PROD-LB-400,23856,195,26.29
2026-03-06T00:00:00Z,REG-SOUTH,PROD-DM-300,11459,102,26.289
2026-03-06T00:00:00Z,REG-SOUTH,PROD-VD-500,5110,36,26.29
2026-03-06T00:00:00Z,REG-DELTA,PROD-HS-100,40009,338,26.29
2026-03-06T00:00:00Z,REG-DELTA,PROD-HS-110,14246,128,26.291
2026-03-06T00:00:00Z,REG-DELTA,PROD-AS-200,18807,167,26.291
2026-03-06T00:00:00Z,REG-DELTA,PROD-LB-400,21009,161,26.29
2026-03-06T00:00:00Z,REG-DELTA,PROD-DM-300,10099,83,26.289
2026-03-06T00:00:00Z,REG-DELTA,PROD-VD-500,4498,29,26.288
2026-03-06T00:00:00Z,REG-ISLAND,PROD-HS-100,28055,240,26.29
2026-03-06T00:00:00Z,REG-ISLAND,PROD-HS-110,9974,63,26.289
2026-03-06T00:00:00Z,REG-ISLAND,PROD-AS-200,13153,87,26.29
2026-03-06T00:00:00Z,REG-ISLAND,PROD-LB-400,14727,110,26.29
2026-03-06T00:00:00Z,REG-ISLAND,PROD-DM-300,7065,46,26.288
2026-03-06T00:00:00Z,REG-ISLAND,PROD-VD-500,3176,21,26.292
2026-03-06T00:00:00Z,REG-NORTH,PROD-HS-100,38599,242,26.29
2026-03-06T00:00:00Z,REG-NORTH,PROD-HS-110,13761,117,26.289
2026-03-06T00:00:00Z,REG-NORTH,PROD-AS-200,18133,124,26.291
2026-03-06T00:00:00Z,REG-NORTH,PROD-LB-400,20345,181,26.289
2026-03-06T00:00:00Z,REG-NORTH,PROD-DM-300,9775,74,26.29
2026-03-06T00:00:00Z,REG-NORTH,PROD-VD-500,4368,30,26.291
2026-03-06T00:00:00Z,REG-CENTRAL,PROD-HS-100,35644,310,26.29
2026-03-06T00:00:00Z,REG-CENTRAL,PROD-HS-110,12660,93,26.291
2026-03-06T00:00:00Z,REG-CENTRAL,PROD-AS-200,16735,146,26.29
2026-03-06T00:00:00Z,REG-CENTRAL,PROD-LB-400,18708,147,26.29
2026-03-06T00:00:00Z,REG-CENTRAL,PROD-DM-300,8988,76,26.289
2026-03-06T00:00:00Z,REG-CENTRAL,PROD-VD-500,4022,26,26.289
2026-03-07T00:00:00Z,REG-COASTAL,PROD-HS-100,55585,374,26.582
2026-03-07T00:00:00Z,REG-COASTAL,PROD-HS-110,19770,126,26.582
2026-03-07T00:00:00Z,REG-COASTAL,PROD-AS-200,26148,230,26.583
2026-03-07T00:00:00Z,REG-COASTAL,PROD-LB-400,29232,204,26.582
2026-03-07T00:00:00Z,REG-COASTAL,PROD-DM-300,14015,86,26.582
2026-03-07T00:00:00Z,REG-COASTAL,PROD-VD-500,6292,45,26.583
2026-03-07T00:00:00Z,REG-SOUTH,PROD-HS-100,46068,373,26.582
2026-03-07T00:00:00Z,REG-SOUTH,PROD-HS-110,16357,115,26.583
2026-03-07T00:00:00Z,REG-SOUTH,PROD-AS-200,21604,152,26.582
2026-03-07T00:00:00Z,REG-SOUTH,PROD-LB-400,24206,176,26.582
2026-03-07T00:00:00Z,REG-SOUTH,PROD-DM-300,11628,91,26.583
2026-03-07T00:00:00Z,REG-SOUTH,PROD-VD-500,5191,34,26.582
2026-03-07T00:00:00Z,REG-DELTA,PROD-HS-100,40557,285,26.582
2026-03-07T00:00:00Z,REG-DELTA,PROD-HS-110,14441,113,26.583
2026-03-07T00:00:00Z,REG-DELTA,PROD-AS-200,19058,158,26.582
2026-03-07T00:00:00Z,REG-DELTA,PROD-LB-400,21342,183,26.582
2026-03-07T00:00:00Z,REG-DELTA,PROD-DM-300,10259,78,26.582
2026-03-07T00:00:00Z,REG-DELTA,PROD-VD-500,4587,41,26.585
2026-03-07T00:00:00Z,REG-ISLAND,PROD-HS-100,28414,184,26.582
2026-03-07T00:00:00Z,REG-ISLAND,PROD-HS-110,10109,61,26.582
2026-03-07T00:00:00Z,REG-ISLAND,PROD-AS-200,13350,85,26.583
2026-03-07T00:00:00Z,REG-ISLAND,PROD-LB-400,14953,94,26.581
2026-03-07T00:00:00Z,REG-ISLAND,PROD-DM-300,7181,57,26.582
2026-03-07T00:00:00Z,REG-ISLAND,PROD-VD-500,3219,29,26.583
2026-03-07T00:00:00Z,REG-NORTH,PROD-HS-100,39259,316,26.582
2026-03-07T00:00:00Z,REG-NORTH,PROD-HS-110,13961,112,26.582
2026-03-07T00:00:00Z,REG-NORTH,PROD-AS-200,18412,123,26.583
2026-03-07T00:00:00Z,REG-NORTH,PROD-LB-400,20602,134,26.582
2026-03-07T00:00:00Z,REG-NORTH,PROD-DM-300,9923,88,26.581
2026-03-07T00:00:00Z,REG-NORTH,PROD-VD-500,4425,39,26.582
2026-03-07T00:00:00Z,REG-CENTRAL,PROD-HS-100,36178,319,26.582
2026-03-07T00:00:00Z,REG-CENTRAL,PROD-HS-110,12841,82,26.581
2026-03-07T00:00:00Z,REG-CENTRAL,PROD-AS-200,16935,108,26.583
2026-03-07T00:00:00Z,REG-CENTRAL,PROD-LB-400,18993,146,26.583
2026-03-07T00:00:00Z,REG-CENTRAL,PROD-DM-300,9137,72,26.584
2026-03-07T00:00:00Z,REG-CENTRAL,PROD-VD-500,4071,30,26.586
2026-03-08T00:00:00Z,REG-COASTAL,PROD-HS-100,42314,339,26.855
2026-03-08T00:00:00Z,REG-COASTAL,PROD-HS-110,15029,98,26.854
2026-03-08T00:00:00Z,REG-COASTAL,PROD-AS-200,19861,149,26.856
2026-03-08T00:00:00Z,REG-COASTAL,PROD-LB-400,22212,137,26.855
2026-03-08T00:00:00Z,REG-COASTAL,PROD-DM-300,10690,82,26.856
2026-03-08T00:00:00Z,REG-COASTAL,PROD-VD-500,4789,36,26.853
2026-03-08T00:00:00Z,REG-SOUTH,PROD-HS-100,34970,219,26.855
2026-03-08T00:00:00Z,REG-SOUTH,PROD-HS-110,12429,76,26.854
2026-03-08T00:00:00Z,REG-SOUTH,PROD-AS-200,16471,143,26.855
2026-03-08T00:00:00Z,REG-SOUTH,PROD-LB-400,18372,111,26.854
2026-03-08T00:00:00Z,REG-SOUTH,PROD-DM-300,8837,55,26.856
2026-03-08T00:00:00Z,REG-SOUTH,PROD-VD-500,3950,29,26.856
2026-03-08T00:00:00Z,REG-DELTA,PROD-HS-100,30883,268,26.855
2026-03-08T00:00:00Z,REG-DELTA,PROD-HS-110,10986,83,26.855
2026-03-08T00:00:00Z,REG-DELTA,PROD-AS-200,14499,105,26.854
2026-03-08T00:00:00Z,REG-DELTA,PROD-LB-400,16239,126,26.855
2026-03-08T00:00:00Z,REG-DELTA,PROD-DM-300,7787,53,26.854
2026-03-08T00:00:00Z,REG-DELTA,PROD-VD-500,3486,22,26.853
2026-03-08T00:00:00Z,REG-ISLAND,PROD-HS-100,21636,152,26.855
2026-03-08T00:00:00Z,REG-ISLAND,PROD-HS-110,7715,61,26.856
2026-03-08T00:00:00Z,REG-ISLAND,PROD-AS-200,10181,83,26.856
2026-03-08T00:00:00Z,REG-ISLAND,PROD-LB-400,11348,69,26.855
2026-03-08T00:00:00Z,REG-ISLAND,PROD-DM-300,5463,38,26.856
2026-03-08T00:00:00Z,REG-ISLAND,PROD-VD-500,2438,21,26.856
2026-03-08T00:00:00Z,REG-NORTH,PROD-HS-100,29870,249,26.855
2026-03-08T00:00:00Z,REG-NORTH,PROD-HS-110,10597,70,26.855
2026-03-08T00:00:00Z,REG-NORTH,PROD-AS-200,14018,107,26.855
2026-03-08T00:00:00Z,REG-NORTH,PROD-LB-400,15682,106,26.855
2026-03-08T00:00:00Z,REG-NORTH,PROD-DM-300,7530,64,26.856
2026-03-08T00:00:00Z,REG-NORTH,PROD-VD-500,3378,21,26.856
2026-03-08T00:00:00Z,REG-CENTRAL,PROD-HS-100,27428,170,26.855
2026-03-08T00:00:00Z,REG-CENTRAL,PROD-HS-110,9766,71,26.856
2026-03-08T00:00:00Z,REG-CENTRAL,PROD-AS-200,12918,108,26.855
2026-03-08T00:00:00Z,REG-CENTRAL,PROD-LB-400,14438,97,26.856
2026-03-08T00:00:00Z,REG-CENTRAL,PROD-DM-300,6916,41,26.855
2026-03-08T00:00:00Z,REG-CENTRAL,PROD-VD-500,3112,24,26.852
2026-03-09T00:00:00Z,REG-COASTAL,PROD-HS-100,57068,364,27.105
2026-03-09T00:00:00Z,REG-COASTAL,PROD-HS-110,20342,176,27.105
2026-03-09T00:00:00Z,REG-COASTAL,PROD-AS-200,26815,171,27.105
2026-03-09T00:00:00Z,REG-COASTAL,PROD-LB-400,30042,226,27.105
2026-03-09T00:00:00Z,REG-COASTAL,PROD-DM-300,14396,85,27.104
2026-03-09T00:00:00Z,REG-COASTAL,PROD-VD-500,6441,44,27.106
2026-03-09T00:00:00Z,REG-SOUTH,PROD-HS-100,47307,361,27.105
2026-03-09T00:00:00Z,REG-SOUTH,PROD-HS-110,16800,103,27.106
2026-03-09T00:00:00Z,REG-SOUTH,PROD-AS-200,22224,188,27.105
2026-03-09T00:00:00Z,REG-SOUTH,PROD-LB-400,24825,159,27.105
2026-03-09T00:00:00Z,REG-SOUTH,PROD-DM-300,11922,77,27.105
2026-03-09T00:00:00Z,REG-SOUTH,PROD-VD-500,5346,33,27.107
2026-03-09T00:00:00Z,REG-DELTA,PROD-HS-100,41654,292,27.105
2026-03-09T00:00:00Z,REG-DELTA,PROD-HS-110,14823,105,27.105
2026-03-09T00:00:00Z,REG-DELTA,PROD-AS-200,19559,125,27.105
2026-03-09T00:00:00Z,REG-DELTA,PROD-LB-400,21921,183,27.105
2026-03-09T00:00:00Z,REG-DELTA,PROD-DM-300,10504,69,27.104
2026-03-09T00:00:00Z,REG-DELTA,PROD-VD-500,4695,33,27.105
2026-03-09T00:00:00Z,REG-ISLAND,PROD-HS-100,29184,182,27.105
2026-03-09T00:00:00Z,REG-ISLAND,PROD-HS-110,10396,69,27.105
2026-03-09T00:00:00Z,REG-ISLAND,PROD-AS-200,13739,105,27.105
2026-03-09T00:00:00Z,REG-ISLAND,PROD-LB-400,15380,120,27.105
2026-03-09T00:00:00Z,REG-ISLAND,PROD-DM-300,7380,62,27.104
2026-03-09T00:00:00Z,REG-ISLAND,PROD-VD-500,3301,21,27.107
2026-03-09T00:00:00Z,REG-NORTH,PROD-HS-100,40262,255,27.105
2026-03-09T00:00:00Z,REG-NORTH,PROD-HS-110,14335,105,27.105
2026-03-09T00:00:00Z,REG-NORTH,PROD-AS-200,18948,164,27.105
2026-03-09T00:00:00Z,REG-NORTH,PROD-LB-400,21181,147,27.106
2026-03-09T00:00:00Z,REG-NORTH,PROD-DM-300,10193,83,27.105
2026-03-09T00:00:00Z,REG-NORTH,PROD-VD-500,4555,28,27.108
2026-03-09T00:00:00Z,REG-CENTRAL,PROD-HS-100,37157,321,27.105
2026-03-09T00:00:00Z,REG-CENTRAL,PROD-HS-110,13185,93,27.106
2026-03-09T00:00:00Z,REG-CENTRAL,PROD-AS-200,17436,143,27.105
2026-03-09T00:00:00Z,REG-CENTRAL,PROD-LB-400,19492,139,27.105
2026-03-09T00:00:00Z,REG-CENTRAL,PROD-DM-300,9376,79,27.105
2026-03-09T00:00:00Z,REG-CENTRAL,PROD-VD-500,4177,30,27.105
2026-03-10T00:00:00Z,REG-COASTAL,PROD-HS-100,57802,411,27.329
2026-03-10T00:00:00Z,REG-COASTAL,PROD-HS-110,20548,133,27.329
2026-03-10T00:00:00Z,REG-COASTAL,PROD-AS-200,27136,189,27.33
2026-03-10T00:00:00Z,REG-COASTAL,PROD-LB-400,30376,205,27.329
2026-03-10T00:00:00Z,REG-COASTAL,PROD-DM-300,14592,108,27.328
2026-03-10T00:00:00Z,REG-COASTAL,PROD-VD-500,6529,52,27.329
2026-03-10T00:00:00Z,REG-SOUTH,PROD-HS-100,47872,374,27.329
2026-03-10T00:00:00Z,REG-SOUTH,PROD-HS-110,17024,135,27.328
2026-03-10T00:00:00Z,REG-SOUTH,PROD-AS-200,22447,146,27.33
2026-03-10T00:00:00Z,REG-SOUTH,PROD-LB-400,25162,183,27.329
2026-03-10T00:00:00Z,REG-SOUTH,PROD-DM-300,12094,97,27.328
2026-03-10T00:00:00Z,REG-SOUTH,PROD-VD-500,5391,34,27.332
2026-03-10T00:00:00Z,REG-DELTA,PROD-HS-100,42197,329,27.329
2026-03-10T00:00:00Z,REG-DELTA,PROD-HS-110,15024,130,27.328
2026-03-10T00:00:00Z,REG-DELTA,PROD-AS-200,19789,139,27.33
2026-03-10T00:00:00Z,REG-DELTA,PROD-LB-400,22140,140,27.329
2026-03-10T00:00:00Z,REG-DELTA,PROD-DM-300,10667,91,27.328
2026-03-10T00:00:00Z,REG-DELTA,PROD-VD-500,4766,38,27.329
2026-03-10T00:00:00Z,REG-ISLAND,PROD-HS-100,29560,209,27.329
2026-03-10T00:00:00Z,REG-ISLAND,PROD-HS-110,10531,91,27.33
2026-03-10T00:00:00Z,REG-ISLAND,PROD-AS-200,13918,117,27.329
2026-03-10T00:00:00Z,REG-ISLAND,PROD-LB-400,15552,111,27.329
2026-03-10T00:00:00Z,REG-ISLAND,PROD-DM-300,7458,52,27.328
2026-03-10T00:00:00Z,REG-ISLAND,PROD-VD-500,3334,27,27.331
2026-03-10T00:00:00Z,REG-NORTH,PROD-HS-100,40795,321,27.329
2026-03-10T00:00:00Z,REG-NORTH,PROD-HS-110,14505,103,27.328
2026-03-10T00:00:00Z,REG-NORTH,PROD-AS-200,19179,158,27.329
2026-03-10T00:00:00Z,REG-NORTH,PROD-LB-400,21414,125,27.329
2026-03-10T00:00:00Z,REG-NORTH,PROD-DM-300,10298,77,27.329
2026-03-10T00:00:00Z,REG-NORTH,PROD-VD-500,4600,36,27.329
2026-03-10T00:00:00Z,REG-CENTRAL,PROD-HS-100,37533,256,27.329
2026-03-10T00:00:00Z,REG-CENTRAL,PROD-HS-110,13344,89,27.33
2026-03-10T00:00:00Z,REG-CENTRAL,PROD-AS-200,17645,127,27.329
2026-03-10T00:00:00Z,REG-CENTRAL,PROD-LB-400,19745,150,27.329
2026-03-10T00:00:00Z,REG-CENTRAL,PROD-DM-300,9459,58,27.328
2026-03-10T00:00:00Z,REG-CENTRAL,PROD-VD-500,4239,30,27.331
2026-03-11T00:00:00Z,REG-COASTAL,PROD-HS-100,58388,367,27.524
2026-03-11T00:00:00Z,REG-COASTAL,PROD-HS-110,20807,164,27.524
2026-03-11T00:00:00Z,REG-COASTAL,PROD-AS-200,27480,231,27.524
2026-03-11T00:00:00Z,REG-COASTAL,PROD-LB-400,30684,187,27.524
2026-03-11T00:00:00Z,REG-COASTAL,PROD-DM-300,14762,119,27.524
2026-03-11T00:00:00Z,REG-COASTAL,PROD-VD-500,6603,52,27.525
2026-03-11T00:00:00Z,REG-SOUTH,PROD-HS-100,48434,404,27.524
2026-03-11T00:00:00Z,REG-SOUTH,PROD-HS-110,17209,116,27.525
2026-03-11T00:00:00Z,REG-SOUTH,PROD-AS-200,22735,193,27.524
2026-03-11T00:00:00Z,REG-SOUTH,PROD-LB-400,25406,166,27.525
2026-03-11T00:00:00Z,REG-SOUTH,PROD-DM-300,12235,97,27.524
2026-03-11T00:00:00Z,REG-SOUTH,PROD-VD-500,5468,46,27.523
2026-03-11T00:00:00Z,REG-DELTA,PROD-HS-100,42687,354,27.525
2026-03-11T00:00:00Z,REG-DELTA,PROD-HS-110,15144,88,27.525
2026-03-11T00:00:00Z,REG-DELTA,PROD-AS-200,20042,169,27.525
2026-03-11T00:00:00Z,REG-DELTA,PROD-LB-400,22414,174,27.525
2026-03-11T00:00:00Z,REG-DELTA,PROD-DM-300,10762,83,27.523
2026-03-11T00:00:00Z,REG-DELTA,PROD-VD-500,4821,32,27.523
2026-03-11T00:00:00Z,REG-ISLAND,PROD-HS-100,29854,183,27.524
2026-03-11T00:00:00Z,REG-ISLAND,PROD-HS-110,10634,65,27.523
2026-03-11T00:00:00Z,REG-ISLAND,PROD-AS-200,14010,83,27.524
2026-03-11T00:00:00Z,REG-ISLAND,PROD-LB-400,15740,134,27.524
2026-03-11T00:00:00Z,REG-ISLAND,PROD-DM-300,7545,58,27.526
2026-03-11T00:00:00Z,REG-ISLAND,PROD-VD-500,3379,21,27.525
2026-03-11T00:00:00Z,REG-NORTH,PROD-HS-100,41276,347,27.525
2026-03-11T00:00:00Z,REG-NORTH,PROD-HS-110,14667,107,27.524
2026-03-11T00:00:00Z,REG-NORTH,PROD-AS-200,19342,130,27.524
2026-03-11T00:00:00Z,REG-NORTH,PROD-LB-400,21705,181,27.524
2026-03-11T00:00:00Z,REG-NORTH,PROD-DM-300,10409,87,27.525
2026-03-11T00:00:00Z,REG-NORTH,PROD-VD-500,4659,35,27.524
2026-03-11T00:00:00Z,REG-CENTRAL,PROD-HS-100,37917,236,27.524
2026-03-11T00:00:00Z,REG-CENTRAL,PROD-HS-110,13510,106,27.524
2026-03-11T00:00:00Z,REG-CENTRAL,PROD-AS-200,17829,131,27.524
2026-03-11T00:00:00Z,REG-CENTRAL,PROD-LB-400,19983,165,27.525
2026-03-11T00:00:00Z,REG-CENTRAL,PROD-DM-300,9605,82,27.523
2026-03-11T00:00:00Z,REG-CENTRAL,PROD-VD-500,4293,27,27.523
2026-03-12T00:00:00Z,REG-COASTAL,PROD-HS-100,58989,400,27.689
2026-03-12T00:00:00Z,REG-COASTAL,PROD-HS-110,20977,128,27.688
2026-03-12T00:00:00Z,REG-COASTAL,PROD-AS-200,27681,159,27.688
2026-03-12T00:00:00Z,REG-COASTAL,PROD-LB-400,31005,215,27.689
2026-03-12T00:00:00Z,REG-COASTAL,PROD-DM-300,14910,124,27.689
2026-03-12T00:00:00Z,REG-COASTAL,PROD-VD-500,6659,41,27.69
2026-03-12T00:00:00Z,REG-SOUTH,PROD-HS-100,48789,306,27.689
2026-03-12T00:00:00Z,REG-SOUTH,PROD-HS-110,17386,136,27.689
2026-03-12T00:00:00Z,REG-SOUTH,PROD-AS-200,22906,146,27.689
2026-03-12T00:00:00Z,REG-SOUTH,PROD-LB-400,25665,164,27.688
2026-03-12T00:00:00Z,REG-SOUTH,PROD-DM-300,12325,87,27.688
2026-03-12T00:00:00Z,REG-SOUTH,PROD-VD-500,5519,37,27.687
2026-03-12T00:00:00Z,REG-DELTA,PROD-HS-100,43065,342,27.688
2026-03-12T00:00:00Z,REG-DELTA,PROD-HS-110,15312,111,27.689
2026-03-12T00:00:00Z,REG-DELTA,PROD-AS-200,20242,168,27.688
2026-03-12T00:00:00Z,REG-DELTA,PROD-LB-400,22612,157,27.688
2026-03-12T00:00:00Z,REG-DELTA,PROD-DM-300,10890,91,27.69
2026-03-12T00:00:00Z,REG-DELTA,PROD-VD-500,4854,36,27.69
2026-03-12T00:00:00Z,REG-ISLAND,PROD-HS-100,30206,247,27.689
2026-03-12T00:00:00Z,REG-ISLAND,PROD-HS-110,10729,69,27.688
2026-03-12T00:00:00Z,REG-ISLAND,PROD-AS-200,14158,92,27.689
2026-03-12T00:00:00Z,REG-ISLAND,PROD-LB-400,15875,120,27.689
2026-03-12T00:00:00Z,REG-ISLAND,PROD-DM-300,7621,62,27.689
2026-03-12T00:00:00Z,REG-ISLAND,PROD-VD-500,3398,20,27.689
2026-03-12T00:00:00Z,REG-NORTH,PROD-HS-100,41642,303,27.689
2026-03-12T00:00:00Z,REG-NORTH,PROD-HS-110,14794,91,27.689
2026-03-12T00:00:00Z,REG-NORTH,PROD-AS-200,19539,129,27.689
2026-03-12T00:00:00Z,REG-NORTH,PROD-LB-400,21882,146,27.689
2026-03-12T00:00:00Z,REG-NORTH,PROD-DM-300,10517,78,27.69
2026-03-12T00:00:00Z,REG-NORTH,PROD-VD-500,4715,36,27.686
2026-03-12T00:00:00Z,REG-CENTRAL,PROD-HS-100,38326,282,27.689
2026-03-12T00:00:00Z,REG-CENTRAL,PROD-HS-110,13657,117,27.689
2026-03-12T00:00:00Z,REG-CENTRAL,PROD-AS-200,17968,109,27.688
2026-03-12T00:00:00Z,REG-CENTRAL,PROD-LB-400,20141,150,27.688
2026-03-12T00:00:00Z,REG-CENTRAL,PROD-DM-300,9672,64,27.689
2026-03-12T00:00:00Z,REG-CENTRAL,PROD-VD-500,4327,35,27.69
2026-03-13T00:00:00Z,REG-COASTAL,PROD-HS-100,59579,490,27.82
2026-03-13T00:00:00Z,REG-COASTAL,PROD-HS-110,21148,144,27.82
2026-03-13T00:00:00Z,REG-COASTAL,PROD-AS-200,27905,169,27.819
2026-03-13T00:00:00Z,REG-COASTAL,PROD-LB-400,31291,244,27.82
2026-03-13T00:00:00Z,REG-COASTAL,PROD-DM-300,15015,104,27.819
2026-03-13T00:00:00Z,REG-COASTAL,PROD-VD-500,6718,41,27.821
2026-03-13T00:00:00Z,REG-SOUTH,PROD-HS-100,49319,412,27.82
2026-03-13T00:00:00Z,REG-SOUTH,PROD-HS-110,17492,105,27.819
2026-03-13T00:00:00Z,REG-SOUTH,PROD-AS-200,23140,161,27.82
2026-03-13T00:00:00Z,REG-SOUTH,PROD-LB-400,25909,204,27.819
2026-03-13T00:00:00Z,REG-SOUTH,PROD-DM-300,12455,103,27.82
2026-03-13T00:00:00Z,REG-SOUTH,PROD-VD-500,5581,45,27.819
2026-03-13T00:00:00Z,REG-DELTA,PROD-HS-100,43393,300,27.82
2026-03-13T00:00:00Z,REG-DELTA,PROD-HS-110,15418,89,27.82
2026-03-13T00:00:00Z,REG-DELTA,PROD-AS-200,20398,145,27.82
2026-03-13T00:00:00Z,REG-DELTA,PROD-LB-400,22839,194,27.819
2026-03-13T00:00:00Z,REG-DELTA,PROD-DM-300,10970,93,27.818
2026-03-13T00:00:00Z,REG-DELTA,PROD-VD-500,4908,40,27.817
2026-03-13T00:00:00Z,REG-ISLAND,PROD-HS-100,30403,191,27.82
2026-03-13T00:00:00Z,REG-ISLAND,PROD-HS-110,10844,78,27.819
2026-03-13T00:00:00Z,REG-ISLAND,PROD-AS-200,14300,112,27.82
2026-03-13T00:00:00Z,REG-ISLAND,PROD-LB-400,15983,98,27.82
2026-03-13T00:00:00Z,REG-ISLAND,PROD-DM-300,7681,58,27.821
2026-03-13T00:00:00Z,REG-ISLAND,PROD-VD-500,3451,29,27.821
2026-03-13T00:00:00Z,REG-NORTH,PROD-HS-100,42006,332,27.82
2026-03-13T00:00:00Z,REG-NORTH,PROD-HS-110,14928,100,27.82
2026-03-13T00:00:00Z,REG-NORTH,PROD-AS-200,19727,142,27.82
2026-03-13T00:00:00Z,REG-NORTH,PROD-LB-400,22093,171,27.82
2026-03-13T00:00:00Z,REG-NORTH,PROD-DM-300,10588,72,27.82
2026-03-13T00:00:00Z,REG-NORTH,PROD-VD-500,4741,39,27.822
2026-03-13T00:00:00Z,REG-CENTRAL,PROD-HS-100,38586,223,27.819
2026-03-13T00:00:00Z,REG-CENTRAL,PROD-HS-110,13762,103,27.819
2026-03-13T00:00:00Z,REG-CENTRAL,PROD-AS-200,18134,107,27.819
2026-03-13T00:00:00Z,REG-CENTRAL,PROD-LB-400,20323,154,27.819
2026-03-13T00:00:00Z,REG-CENTRAL,PROD-DM-300,9744,63,27.819
2026-03-13T00:00:00Z,REG-CENTRAL,PROD-VD-500,4376,36,27.821
2026-03-14T00:00:00Z,REG-COASTAL,PROD-HS-100,59913,424,27.916
2026-03-14T00:00:00Z,REG-COASTAL,PROD-HS-110,21337,177,27.916
2026-03-14T00:00:00Z,REG-COASTAL,PROD-AS-200,28159,215,27.916
2026-03-14T00:00:00Z,REG-COASTAL,PROD-LB-400,31560,266,27.916
2026-03-14T00:00:00Z,REG-COASTAL,PROD-DM-300,15136,117,27.916
2026-03-14T00:00:00Z,REG-COASTAL,PROD-VD-500,6781,53,27.917
2026-03-14T00:00:00Z,REG-SOUTH,PROD-HS-100,49637,394,27.916
2026-03-14T00:00:00Z,REG-SOUTH,PROD-HS-110,17645,114,27.916
2026-03-14T00:00:00Z,REG-SOUTH,PROD-AS-200,23284,142,27.916
2026-03-14T00:00:00Z,REG-SOUTH,PROD-LB-400,26115,209,27.916
2026-03-14T00:00:00Z,REG-SOUTH,PROD-DM-300,12538,88,27.915
2026-03-14T00:00:00Z,REG-SOUTH,PROD-VD-500,5588,33,27.915
2026-03-14T00:00:00Z,REG-DELTA,PROD-HS-100,43702,293,27.916
2026-03-14T00:00:00Z,REG-DELTA,PROD-HS-110,15569,132,27.915
2026-03-14T00:00:00Z,REG-DELTA,PROD-AS-200,20528,149,27.916
2026-03-14T00:00:00Z,REG-DELTA,PROD-LB-400,22966,131,27.916
2026-03-14T00:00:00Z,REG-DELTA,PROD-DM-300,11049,78,27.916
2026-03-14T00:00:00Z,REG-DELTA,PROD-VD-500,4951,38,27.915
2026-03-14T00:00:00Z,REG-ISLAND,PROD-HS-100,30625,197,27.916
2026-03-14T00:00:00Z,REG-ISLAND,PROD-HS-110,10908,77,27.915
2026-03-14T00:00:00Z,REG-ISLAND,PROD-AS-200,14380,87,27.916
2026-03-14T00:00:00Z,REG-ISLAND,PROD-LB-400,16120,124,27.916
2026-03-14T00:00:00Z,REG-ISLAND,PROD-DM-300,7733,56,27.916
2026-03-14T00:00:00Z,REG-ISLAND,PROD-VD-500,3456,22,27.919
2026-03-14T00:00:00Z,REG-NORTH,PROD-HS-100,42328,343,27.916
2026-03-14T00:00:00Z,REG-NORTH,PROD-HS-110,15028,93,27.916
2026-03-14T00:00:00Z,REG-NORTH,PROD-AS-200,19874,165,27.916
2026-03-14T00:00:00Z,REG-NORTH,PROD-LB-400,22238,157,27.915
2026-03-14T00:00:00Z,REG-NORTH,PROD-DM-300,10686,78,27.916
2026-03-14T00:00:00Z,REG-NORTH,PROD-VD-500,4785,39,27.918
2026-03-14T00:00:00Z,REG-CENTRAL,PROD-HS-100,38879,244,27.915
2026-03-14T00:00:00Z,REG-CENTRAL,PROD-HS-110,13822,87,27.917
2026-03-14T00:00:00Z,REG-CENTRAL,PROD-AS-200,18255,110,27.915
2026-03-14T00:00:00Z,REG-CENTRAL,PROD-LB-400,20475,152,27.916
2026-03-14T00:00:00Z,REG-CENTRAL,PROD-DM-300,9837,66,27.917
2026-03-14T00:00:00Z,REG-CENTRAL,PROD-VD-500,4386,31,27.917
2026-03-15T00:00:00Z,REG-COASTAL,PROD-HS-100,45284,382,27.976
2026-03-15T00:00:00Z,REG-COASTAL,PROD-HS-110,16087,113,27.975
2026-03-15T00:00:00Z,REG-COASTAL,PROD-AS-200,21233,139,27.976
2026-03-15T00:00:00Z,REG-COASTAL,PROD-LB-400,23763,151,27.976
2026-03-15T00:00:00Z,REG-COASTAL,PROD-DM-300,11402,72,27.975
2026-03-15T00:00:00Z,REG-COASTAL,PROD-VD-500,5102,38,27.978
2026-03-15T00:00:00Z,REG-SOUTH,PROD-HS-100,37390,238,27.976
2026-03-15T00:00:00Z,REG-SOUTH,PROD-HS-110,13338,105,27.977
2026-03-15T00:00:00Z,REG-SOUTH,PROD-AS-200,17579,122,27.976
2026-03-15T00:00:00Z,REG-SOUTH,PROD-LB-400,19676,149,27.976
2026-03-15T00:00:00Z,REG-SOUTH,PROD-DM-300,9435,63,27.976
2026-03-15T00:00:00Z,REG-SOUTH,PROD-VD-500,4223,27,27.973
2026-03-15T00:00:00Z,REG-DELTA,PROD-HS-100,32952,192,27.976
2026-03-15T00:00:00Z,REG-DELTA,PROD-HS-110,11736,98,27.976
2026-03-15T00:00:00Z,REG-DELTA,PROD-AS-200,15506,119,27.976
2026-03-15T00:00:00Z,REG-DELTA,PROD-LB-400,17339,134,27.976
2026-03-15T00:00:00Z,REG-DELTA,PROD-DM-300,8345,64,27.976
2026-03-15T00:00:00Z,REG-DELTA,PROD-VD-500,3714,21,27.977
2026-03-15T00:00:00Z,REG-ISLAND,PROD-HS-100,23155,187,27.976
2026-03-15T00:00:00Z,REG-ISLAND,PROD-HS-110,8225,56,27.976
2026-03-15T00:00:00Z,REG-ISLAND,PROD-AS-200,10883,84,27.977
2026-03-15T00:00:00Z,REG-ISLAND,PROD-LB-400,12182,96,27.977
2026-03-15T00:00:00Z,REG-ISLAND,PROD-DM-300,5834,43,27.976
2026-03-15T00:00:00Z,REG-ISLAND,PROD-VD-500,2622,20,27.978
2026-03-15T00:00:00Z,REG-NORTH,PROD-HS-100,31892,223,27.976
2026-03-15T00:00:00Z,REG-NORTH,PROD-HS-110,11359,85,27.975
2026-03-15T00:00:00Z,REG-NORTH,PROD-AS-200,14976,93,27.976
2026-03-15T00:00:00Z,REG-NORTH,PROD-LB-400,16752,106,27.976
2026-03-15T00:00:00Z,REG-NORTH,PROD-DM-300,8064,63,27.976
2026-03-15T00:00:00Z,REG-NORTH,PROD-VD-500,3606,25,27.977
2026-03-15T00:00:00Z,REG-CENTRAL,PROD-HS-100,29358,207,27.976
2026-03-15T00:00:00Z,REG-CENTRAL,PROD-HS-110,10467,88,27.976
2026-03-15T00:00:00Z,REG-CENTRAL,PROD-AS-200,13789,109,27.975
2026-03-15T00:00:00Z,REG-CENTRAL,PROD-LB-400,15447,116,27.976
2026-03-15T00:00:00Z,REG-CENTRAL,PROD-DM-300,7415,57,27.977
2026-03-15T00:00:00Z,REG-CENTRAL,PROD-VD-500,3323,22,27.975
2026-03-16T00:00:00Z,REG-COASTAL,PROD-HS-100,60597,482,28
2026-03-16T00:00:00Z,REG-COASTAL,PROD-HS-110,21529,137,28
2026-03-16T00:00:00Z,REG-COASTAL,PROD-AS-200,28489,237,28
2026-03-16T00:00:00Z,REG-COASTAL,PROD-LB-400,31864,252,28
2026-03-16T00:00:00Z,REG-COASTAL,PROD-DM-300,15269,93,28
2026-03-16T00:00:00Z,REG-COASTAL,PROD-VD-500,6848,44,28
2026-03-16T00:00:00Z,REG-SOUTH,PROD-HS-100,50145,390,27.999
2026-03-16T00:00:00Z,REG-SOUTH,PROD-HS-110,17843,147,28
2026-03-16T00:00:00Z,REG-SOUTH,PROD-AS-200,23558,178,28
2026-03-16T00:00:00Z,REG-SOUTH,PROD-LB-400,26334,154,28
2026-03-16T00:00:00Z,REG-SOUTH,PROD-DM-300,12671,99,28
2026-03-16T00:00:00Z,REG-SOUTH,PROD-VD-500,5660,32,28
2026-03-16T00:00:00Z,REG-DELTA,PROD-HS-100,44154,307,27.999
2026-03-16T00:00:00Z,REG-DELTA,PROD-HS-110,15723,127,28
2026-03-16T00:00:00Z,REG-DELTA,PROD-AS-200,20768,160,28
2026-03-16T00:00:00Z,REG-DELTA,PROD-LB-400,23223,151,28
2026-03-16T00:00:00Z,REG-DELTA,PROD-DM-300,11152,64,28
2026-03-16T00:00:00Z,REG-DELTA,PROD-VD-500,4986,30,28
2026-03-16T00:00:00Z,REG-ISLAND,PROD-HS-100,30976,204,28
2026-03-16T00:00:00Z,REG-ISLAND,PROD-HS-110,11017,69,28
2026-03-16T00:00:00Z,REG-ISLAND,PROD-AS-200,14537,89,28
2026-03-16T00:00:00Z,REG-ISLAND,PROD-LB-400,16298,114,28
2026-03-16T00:00:00Z,REG-ISLAND,PROD-DM-300,7810,54,28
2026-03-16T00:00:00Z,REG-ISLAND,PROD-VD-500,3498,26,28
2026-03-16T00:00:00Z,REG-NORTH,PROD-HS-100,42713,294,27.999
2026-03-16T00:00:00Z,REG-NORTH,PROD-HS-110,15218,126,28
2026-03-16T00:00:00Z,REG-NORTH,PROD-AS-200,20067,131,28
2026-03-16T00:00:00Z,REG-NORTH,PROD-LB-400,22450,162,28
2026-03-16T00:00:00Z,REG-NORTH,PROD-DM-300,10805,81,28
2026-03-16T00:00:00Z,REG-NORTH,PROD-VD-500,4819,31,28
2026-03-16T00:00:00Z,REG-CENTRAL,PROD-HS-100,39360,300,28
2026-03-16T00:00:00Z,REG-CENTRAL,PROD-HS-110,13989,101,28
2026-03-16T00:00:00Z,REG-CENTRAL,PROD-AS-200,18491,151,28
2026-03-16T00:00:00Z,REG-CENTRAL,PROD-LB-400,20695,171,28
2026-03-16T00:00:00Z,REG-CENTRAL,PROD-DM-300,9919,63,28
2026-03-16T00:00:00Z,REG-CENTRAL,PROD-VD-500,4433,37,28
2026-03-17T00:00:00Z,REG-COASTAL,PROD-HS-100,60817,507,27.986
2026-03-17T00:00:00Z,REG-COASTAL,PROD-HS-110,21630,165,27.986
2026-03-17T00:00:00Z,REG-COASTAL,PROD-AS-200,28506,184,27.986
2026-03-17T00:00:00Z,REG-COASTAL,PROD-LB-400,31978,270,27.986
2026-03-17T00:00:00Z,REG-COASTAL,PROD-DM-300,15348,123,27.987
2026-03-17T00:00:00Z,REG-COASTAL,PROD-VD-500,6843,42,27.988
2026-03-17T00:00:00Z,REG-SOUTH,PROD-HS-100,50333,406,27.986
2026-03-17T00:00:00Z,REG-SOUTH,PROD-HS-110,17889,118,27.986
2026-03-17T00:00:00Z,REG-SOUTH,PROD-AS-200,23609,157,27.986
2026-03-17T00:00:00Z,REG-SOUTH,PROD-LB-400,26403,152,27.986
2026-03-17T00:00:00Z,REG-SOUTH,PROD-DM-300,12730,108,27.987
2026-03-17T00:00:00Z,REG-SOUTH,PROD-VD-500,5658,33,27.985
2026-03-17T00:00:00Z,REG-DELTA,PROD-HS-100,44260,266,27.986
2026-03-17T00:00:00Z,REG-DELTA,PROD-HS-110,15776,132,27.986
2026-03-17T00:00:00Z,REG-DELTA,PROD-AS-200,20789,135,27.986
2026-03-17T00:00:00Z,REG-DELTA,PROD-LB-400,23342,197,27.987
2026-03-17T00:00:00Z,REG-DELTA,PROD-DM-300,11191,80,27.987
2026-03-17T00:00:00Z,REG-DELTA,PROD-VD-500,5022,40,27.989
2026-03-17T00:00:00Z,REG-ISLAND,PROD-HS-100,31068,199,27.986
2026-03-17T00:00:00Z,REG-ISLAND,PROD-HS-110,11062,91,27.987
2026-03-17T00:00:00Z,REG-ISLAND,PROD-AS-200,14617,120,27.986
2026-03-17T00:00:00Z,REG-ISLAND,PROD-LB-400,16338,106,27.986
2026-03-17T00:00:00Z,REG-ISLAND,PROD-DM-300,7834,54,27.986
2026-03-17T00:00:00Z,REG-ISLAND,PROD-VD-500,3523,25,27.984
2026-03-17T00:00:00Z,REG-NORTH,PROD-HS-100,42932,365,27.986
2026-03-17T00:00:00Z,REG-NORTH,PROD-HS-110,15268,127,27.987
2026-03-17T00:00:00Z,REG-NORTH,PROD-AS-200,20132,150,27.986
2026-03-17T00:00:00Z,REG-NORTH,PROD-LB-400,22539,178,27.986
2026-03-17T00:00:00Z,REG-NORTH,PROD-DM-300,10825,78,27.987
2026-03-17T00:00:00Z,REG-NORTH,PROD-VD-500,4846,32,27.988
2026-03-17T00:00:00Z,REG-CENTRAL,PROD-HS-100,39479,298,27.986
2026-03-17T00:00:00Z,REG-CENTRAL,PROD-HS-110,14044,107,27.986
2026-03-17T00:00:00Z,REG-CENTRAL,PROD-AS-200,18541,154,27.986
2026-03-17T00:00:00Z,REG-CENTRAL,PROD-LB-400,20750,152,27.986
2026-03-17T00:00:00Z,REG-CENTRAL,PROD-DM-300,9954,75,27.986
2026-03-17T00:00:00Z,REG-CENTRAL,PROD-VD-500,4452,30,27.987
2026-03-18T00:00:00Z,REG-COASTAL,PROD-HS-100,60919,494,27.936
2026-03-18T00:00:00Z,REG-COASTAL,PROD-HS-110,21686,175,27.936
2026-03-18T00:00:00Z,REG-COASTAL,PROD-AS-200,28588,205,27.936
2026-03-18T00:00:00Z,REG-COASTAL,PROD-LB-400,31971,208,27.936
2026-03-18T00:00:00Z,REG-COASTAL,PROD-DM-300,15381,128,27.936
2026-03-18T00:00:00Z,REG-COASTAL,PROD-VD-500,6862,46,27.934
2026-03-18T00:00:00Z,REG-SOUTH,PROD-HS-100,50349,316,27.936
2026-03-18T00:00:00Z,REG-SOUTH,PROD-HS-110,17934,139,27.936
2026-03-18T00:00:00Z,REG-SOUTH,PROD-AS-200,23639,145,27.936
2026-03-18T00:00:00Z,REG-SOUTH,PROD-LB-400,26488,200,27.936
2026-03-18T00:00:00Z,REG-SOUTH,PROD-DM-300,12721,94,27.936
2026-03-18T00:00:00Z,REG-SOUTH,PROD-VD-500,5689,46,27.936
2026-03-18T00:00:00Z,REG-DELTA,PROD-HS-100,44365,282,27.936
2026-03-18T00:00:00Z,REG-DELTA,PROD-HS-110,15780,108,27.936
2026-03-18T00:00:00Z,REG-DELTA,PROD-AS-200,20842,141,27.937
2026-03-18T00:00:00Z,REG-DELTA,PROD-LB-400,23367,180,27.936
2026-03-18T00:00:00Z,REG-DELTA,PROD-DM-300,11236,90,27.935
2026-03-18T00:00:00Z,REG-DELTA,PROD-VD-500,5013,40,27.938
2026-03-18T00:00:00Z,REG-ISLAND,PROD-HS-100,31109,184,27.936
2026-03-18T00:00:00Z,REG-ISLAND,PROD-HS-110,11081,74,27.937
2026-03-18T00:00:00Z,REG-ISLAND,PROD-AS-200,14640,113,27.937
2026-03-18T00:00:00Z,REG-ISLAND,PROD-LB-400,16359,100,27.936
2026-03-18T00:00:00Z,REG-ISLAND,PROD-DM-300,7849,55,27.935
2026-03-18T00:00:00Z,REG-ISLAND,PROD-VD-500,3518,26,27.936
2026-03-18T00:00:00Z,REG-NORTH,PROD-HS-100,42961,331,27.936
2026-03-18T00:00:00Z,REG-NORTH,PROD-HS-110,15283,114,27.936
2026-03-18T00:00:00Z,REG-NORTH,PROD-AS-200,20165,135,27.936
2026-03-18T00:00:00Z,REG-NORTH,PROD-LB-400,22557,152,27.936
2026-03-18T00:00:00Z,REG-NORTH,PROD-DM-300,10820,65,27.935
2026-03-18T00:00:00Z,REG-NORTH,PROD-VD-500,4838,33,27.936
2026-03-18T00:00:00Z,REG-CENTRAL,PROD-HS-100,39491,241,27.936
2026-03-18T00:00:00Z,REG-CENTRAL,PROD-HS-110,14074,106,27.936
2026-03-18T00:00:00Z,REG-CENTRAL,PROD-AS-200,18550,112,27.936
2026-03-18T00:00:00Z,REG-CENTRAL,PROD-LB-400,20780,135,27.936
2026-03-18T00:00:00Z,REG-CENTRAL,PROD-DM-300,9982,65,27.935
2026-03-18T00:00:00Z,REG-CENTRAL,PROD-VD-500,4469,27,27.937
2026-03-19T00:00:00Z,REG-COASTAL,PROD-HS-100,60918,457,27.849
2026-03-19T00:00:00Z,REG-COASTAL,PROD-HS-110,21642,142,27.85
2026-03-19T00:00:00Z,REG-COASTAL,PROD-AS-200,28601,195,27.849
2026-03-19T00:00:00Z,REG-COASTAL,PROD-LB-400,32008,204,27.849
2026-03-19T00:00:00Z,REG-COASTAL,PROD-DM-300,15384,122,27.85
2026-03-19T00:00:00Z,REG-COASTAL,PROD-VD-500,6873,50,27.849
2026-03-19T00:00:00Z,REG-SOUTH,PROD-HS-100,50416,370,27.85
2026-03-19T00:00:00Z,REG-SOUTH,PROD-HS-110,17941,145,27.85
2026-03-19T00:00:00Z,REG-SOUTH,PROD-AS-200,23646,141,27.85
2026-03-19T00:00:00Z,REG-SOUTH,PROD-LB-400,26482,164,27.85
2026-03-19T00:00:00Z,REG-SOUTH,PROD-DM-300,12744,100,27.85
2026-03-19T00:00:00Z,REG-SOUTH,PROD-VD-500,5697,44,27.847
2026-03-19T00:00:00Z,REG-DELTA,PROD-HS-100,44372,258,27.85
2026-03-19T00:00:00Z,REG-DELTA,PROD-HS-110,15820,113,27.849
2026-03-19T00:00:00Z,REG-DELTA,PROD-AS-200,20853,133,27.849
2026-03-19T00:00:00Z,REG-DELTA,PROD-LB-400,23398,199,27.85
2026-03-19T00:00:00Z,REG-DELTA,PROD-DM-300,11235,95,27.85
2026-03-19T00:00:00Z,REG-DELTA,PROD-VD-500,5028,43,27.849
2026-03-19T00:00:00Z,REG-ISLAND,PROD-HS-100,31198,257,27.85
2026-03-19T00:00:00Z,REG-ISLAND,PROD-HS-110,11091,90,27.851
2026-03-19T00:00:00Z,REG-ISLAND,PROD-AS-200,14658,121,27.849
2026-03-19T00:00:00Z,REG-ISLAND,PROD-LB-400,16367,103,27.849
2026-03-19T00:00:00Z,REG-ISLAND,PROD-DM-300,7890,64,27.851
2026-03-19T00:00:00Z,REG-ISLAND,PROD-VD-500,3506,25,27.848
2026-03-19T00:00:00Z,REG-NORTH,PROD-HS-100,42934,269,27.849
2026-03-19T00:00:00Z,REG-NORTH,PROD-HS-110,15282,104,27.85
2026-03-19T00:00:00Z,REG-NORTH,PROD-AS-200,20163,139,27.85
2026-03-19T00:00:00Z,REG-NORTH,PROD-LB-400,22549,130,27.85
2026-03-19T00:00:00Z,REG-NORTH,PROD-DM-300,10854,76,27.85
2026-03-19T00:00:00Z,REG-NORTH,PROD-VD-500,4848,30,27.85
2026-03-19T00:00:00Z,REG-CENTRAL,PROD-HS-100,39565,297,27.85
2026-03-19T00:00:00Z,REG-CENTRAL,PROD-HS-110,14074,94,27.849
2026-03-19T00:00:00Z,REG-CENTRAL,PROD-AS-200,18545,109,27.849
2026-03-19T00:00:00Z,REG-CENTRAL,PROD-LB-400,20775,139,27.849
2026-03-19T00:00:00Z,REG-CENTRAL,PROD-DM-300,9994,80,27.848
2026-03-19T00:00:00Z,REG-CENTRAL,PROD-VD-500,4458,30,27.849
2026-03-20T00:00:00Z,REG-COASTAL,PROD-HS-100,60932,513,27.728
2026-03-20T00:00:00Z,REG-COASTAL,PROD-HS-110,21654,165,27.728
2026-03-20T00:00:00Z,REG-COASTAL,PROD-AS-200,28580,187,27.728
2026-03-20T00:00:00Z,REG-COASTAL,PROD-LB-400,32047,271,27.728
2026-03-20T00:00:00Z,REG-COASTAL,PROD-DM-300,15339,89,27.727
2026-03-20T00:00:00Z,REG-COASTAL,PROD-VD-500,6861,40,27.728
2026-03-20T00:00:00Z,REG-SOUTH,PROD-HS-100,50442,421,27.728
2026-03-20T00:00:00Z,REG-SOUTH,PROD-HS-110,17929,128,27.727
2026-03-20T00:00:00Z,REG-SOUTH,PROD-AS-200,23655,169,27.728
2026-03-20T00:00:00Z,REG-SOUTH,PROD-LB-400,26486,200,27.728
2026-03-20T00:00:00Z,REG-SOUTH,PROD-DM-300,12743,99,27.728
2026-03-20T00:00:00Z,REG-SOUTH,PROD-VD-500,5701,45,27.725
2026-03-20T00:00:00Z,REG-DELTA,PROD-HS-100,44468,381,27.728
2026-03-20T00:00:00Z,REG-DELTA,PROD-HS-110,15826,132,27.728
2026-03-20T00:00:00Z,REG-DELTA,PROD-AS-200,20878,165,27.728
2026-03-20T00:00:00Z,REG-DELTA,PROD-LB-400,23365,184,27.728
2026-03-20T00:00:00Z,REG-DELTA,PROD-DM-300,11206,87,27.728
2026-03-20T00:00:00Z,REG-DELTA,PROD-VD-500,5028,37,27.728
2026-03-20T00:00:00Z,REG-ISLAND,PROD-HS-100,31114,197,27.728
2026-03-20T00:00:00Z,REG-ISLAND,PROD-HS-110,11087,79,27.728
2026-03-20T00:00:00Z,REG-ISLAND,PROD-AS-200,14643,114,27.727
2026-03-20T00:00:00Z,REG-ISLAND,PROD-LB-400,16370,121,27.729
2026-03-20T00:00:00Z,REG-ISLAND,PROD-DM-300,7882,63,27.727
2026-03-20T00:00:00Z,REG-ISLAND,PROD-VD-500,3515,21,27.73
2026-03-20T00:00:00Z,REG-NORTH,PROD-HS-100,42924,306,27.728
2026-03-20T00:00:00Z,REG-NORTH,PROD-HS-110,15281,114,27.728
2026-03-20T00:00:00Z,REG-NORTH,PROD-AS-200,20179,159,27.729
2026-03-20T00:00:00Z,REG-NORTH,PROD-LB-400,22540,136,27.728
2026-03-20T00:00:00Z,REG-NORTH,PROD-DM-300,10829,71,27.727
2026-03-20T00:00:00Z,REG-NORTH,PROD-VD-500,4859,34,27.73
2026-03-20T00:00:00Z,REG-CENTRAL,PROD-HS-100,39532,297,27.728
2026-03-20T00:00:00Z,REG-CENTRAL,PROD-HS-110,14058,111,27.728
2026-03-20T00:00:00Z,REG-CENTRAL,PROD-AS-200,18572,133,27.728
2026-03-20T00:00:00Z,REG-CENTRAL,PROD-LB-400,20761,131,27.728
2026-03-20T00:00:00Z,REG-CENTRAL,PROD-DM-300,9974,75,27.728
2026-03-20T00:00:00Z,REG-CENTRAL,PROD-VD-500,4470,34,27.725
2026-03-21T00:00:00Z,REG-COASTAL,PROD-HS-100,60701,400,27.572
2026-03-21T00:00:00Z,REG-COASTAL,PROD-HS-110,21612,160,27.573
2026-03-21T00:00:00Z,REG-COASTAL,PROD-AS-200,28519,202,27.573
2026-03-21T00:00:00Z,REG-COASTAL,PROD-LB-400,31955,246,27.573
2026-03-21T00:00:00Z,REG-COASTAL,PROD-DM-300,15325,105,27.572
2026-03-21T00:00:00Z,REG-COASTAL,PROD-VD-500,6857,47,27.571
2026-03-21T00:00:00Z,REG-SOUTH,PROD-HS-100,50296,390,27.572
2026-03-21T00:00:00Z,REG-SOUTH,PROD-HS-110,17892,135,27.573
2026-03-21T00:00:00Z,REG-SOUTH,PROD-AS-200,23641,204,27.573
2026-03-21T00:00:00Z,REG-SOUTH,PROD-LB-400,26432,183,27.572
2026-03-21T00:00:00Z,REG-SOUTH,PROD-DM-300,12689,88,27.573
2026-03-21T00:00:00Z,REG-SOUTH,PROD-VD-500,5667,42,27.574
2026-03-21T00:00:00Z,REG-DELTA,PROD-HS-100,44301,295,27.573
2026-03-21T00:00:00Z,REG-DELTA,PROD-HS-110,15782,121,27.572
2026-03-21T00:00:00Z,REG-DELTA,PROD-AS-200,20831,179,27.573
2026-03-21T00:00:00Z,REG-DELTA,PROD-LB-400,23282,149,27.572
2026-03-21T00:00:00Z,REG-DELTA,PROD-DM-300,11186,74,27.573
2026-03-21T00:00:00Z,REG-DELTA,PROD-VD-500,5001,38,27.572
2026-03-21T00:00:00Z,REG-ISLAND,PROD-HS-100,31050,196,27.573
2026-03-21T00:00:00Z,REG-ISLAND,PROD-HS-110,11060,86,27.573
2026-03-21T00:00:00Z,REG-ISLAND,PROD-AS-200,14622,119,27.572
2026-03-21T00:00:00Z,REG-ISLAND,PROD-LB-400,16330,117,27.573
2026-03-21T00:00:00Z,REG-ISLAND,PROD-DM-300,7858,55,27.572
2026-03-21T00:00:00Z,REG-ISLAND,PROD-VD-500,3494,20,27.571
2026-03-21T00:00:00Z,REG-NORTH,PROD-HS-100,42907,362,27.573
2026-03-21T00:00:00Z,REG-NORTH,PROD-HS-110,15267,130,27.572
2026-03-21T00:00:00Z,REG-NORTH,PROD-AS-200,20155,165,27.572
2026-03-21T00:00:00Z,REG-NORTH,PROD-LB-400,22498,137,27.572
2026-03-21T00:00:00Z,REG-NORTH,PROD-DM-300,10825,72,27.572
2026-03-21T00:00:00Z,REG-NORTH,PROD-VD-500,4837,39,27.575
2026-03-21T00:00:00Z,REG-CENTRAL,PROD-HS-100,39482,329,27.573
2026-03-21T00:00:00Z,REG-CENTRAL,PROD-HS-110,14009,85,27.572
2026-03-21T00:00:00Z,REG-CENTRAL,PROD-AS-200,18534,143,27.573
2026-03-21T00:00:00Z,REG-CENTRAL,PROD-LB-400,20740,143,27.573
2026-03-21T00:00:00Z,REG-CENTRAL,PROD-DM-300,9965,66,27.574
2026-03-21T00:00:00Z,REG-CENTRAL,PROD-VD-500,4438,26,27.575
2026-03-22T00:00:00Z,REG-COASTAL,PROD-HS-100,45355,278,27.386
2026-03-22T00:00:00Z,REG-COASTAL,PROD-HS-110,16169,121,27.386
2026-03-22T00:00:00Z,REG-COASTAL,PROD-AS-200,21311,142,27.386
2026-03-22T00:00:00Z,REG-COASTAL,PROD-LB-400,23870,154,27.386
2026-03-22T00:00:00Z,REG-COASTAL,PROD-DM-300,11464,72,27.385
2026-03-22T00:00:00Z,REG-COASTAL,PROD-VD-500,5138,44,27.387
2026-03-22T00:00:00Z,REG-SOUTH,PROD-HS-100,37631,304,27.386
2026-03-22T00:00:00Z,REG-SOUTH,PROD-HS-110,13378,96,27.386
2026-03-22T00:00:00Z,REG-SOUTH,PROD-AS-200,17662,135,27.386
2026-03-22T00:00:00Z,REG-SOUTH,PROD-LB-400,19763,155,27.385
2026-03-22T00:00:00Z,REG-SOUTH,PROD-DM-300,9485,64,27.387
2026-03-22T00:00:00Z,REG-SOUTH,PROD-VD-500,4249,32,27.383
2026-03-22T00:00:00Z,REG-DELTA,PROD-HS-100,33107,217,27.386
2026-03-22T00:00:00Z,REG-DELTA,PROD-HS-110,11781,87,27.386
2026-03-22T00:00:00Z,REG-DELTA,PROD-AS-200,15570,124,27.387
2026-03-22T00:00:00Z,REG-DELTA,PROD-LB-400,17427,147,27.385
2026-03-22T00:00:00Z,REG-DELTA,PROD-DM-300,8356,58,27.386
2026-03-22T00:00:00Z,REG-DELTA,PROD-VD-500,3749,25,27.382
2026-03-22T00:00:00Z,REG-ISLAND,PROD-HS-100,23247,188,27.386
2026-03-22T00:00:00Z,REG-ISLAND,PROD-HS-110,8265,49,27.387
2026-03-22T00:00:00Z,REG-ISLAND,PROD-AS-200,10931,86,27.386
2026-03-22T00:00:00Z,REG-ISLAND,PROD-LB-400,12232,100,27.386
2026-03-22T00:00:00Z,REG-ISLAND,PROD-DM-300,5884,51,27.385
2026-03-22T00:00:00Z,REG-ISLAND,PROD-VD-500,2622,20,27.389
2026-03-22T00:00:00Z,REG-NORTH,PROD-HS-100,31993,198,27.386
2026-03-22T00:00:00Z,REG-NORTH,PROD-HS-110,11379,69,27.385
2026-03-22T00:00:00Z,REG-NORTH,PROD-AS-200,15067,114,27.386
2026-03-22T00:00:00Z,REG-NORTH,PROD-LB-400,16851,118,27.386
2026-03-22T00:00:00Z,REG-NORTH,PROD-DM-300,8088,64,27.386
2026-03-22T00:00:00Z,REG-NORTH,PROD-VD-500,3616,28,27.389
2026-03-22T00:00:00Z,REG-CENTRAL,PROD-HS-100,29446,171,27.385
2026-03-22T00:00:00Z,REG-CENTRAL,PROD-HS-110,10478,71,27.387
2026-03-22T00:00:00Z,REG-CENTRAL,PROD-AS-200,13833,85,27.386
2026-03-22T00:00:00Z,REG-CENTRAL,PROD-LB-400,15507,116,27.386
2026-03-22T00:00:00Z,REG-CENTRAL,PROD-DM-300,7452,58,27.385
2026-03-22T00:00:00Z,REG-CENTRAL,PROD-VD-500,3341,27,27.388
2026-03-23T00:00:00Z,REG-COASTAL,PROD-HS-100,60261,407,27.169
2026-03-23T00:00:00Z,REG-COASTAL,PROD-HS-110,21433,132,27.17
2026-03-23T00:00:00Z,REG-COASTAL,PROD-AS-200,28347,227,27.169
2026-03-23T00:00:00Z,REG-COASTAL,PROD-LB-400,31663,201,27.169
2026-03-23T00:00:00Z,REG-COASTAL,PROD-DM-300,15219,113,27.169
2026-03-23T00:00:00Z,REG-COASTAL,PROD-VD-500,6820,55,27.169
2026-03-23T00:00:00Z,REG-SOUTH,PROD-HS-100,49875,318,27.169
2026-03-23T00:00:00Z,REG-SOUTH,PROD-HS-110,17745,112,27.169
2026-03-23T00:00:00Z,REG-SOUTH,PROD-AS-200,23465,181,27.169
2026-03-23T00:00:00Z,REG-SOUTH,PROD-LB-400,26263,208,27.169
2026-03-23T00:00:00Z,REG-SOUTH,PROD-DM-300,12620,95,27.169
2026-03-23T00:00:00Z,REG-SOUTH,PROD-VD-500,5636,39,27.17
2026-03-23T00:00:00Z,REG-DELTA,PROD-HS-100,44034,373,27.169
2026-03-23T00:00:00Z,REG-DELTA,PROD-HS-110,15636,95,27.17
2026-03-23T00:00:00Z,REG-DELTA,PROD-AS-200,20679,166,27.17
2026-03-23T00:00:00Z,REG-DELTA,PROD-LB-400,23158,200,27.169
2026-03-23T00:00:00Z,REG-DELTA,PROD-DM-300,11112,81,27.17
2026-03-23T00:00:00Z,REG-DELTA,PROD-VD-500,4981,36,27.17
2026-03-23T00:00:00Z,REG-ISLAND,PROD-HS-100,30807,187,27.169
2026-03-23T00:00:00Z,REG-ISLAND,PROD-HS-110,10971,76,27.17
2026-03-23T00:00:00Z,REG-ISLAND,PROD-AS-200,14474,101,27.17
2026-03-23T00:00:00Z,REG-ISLAND,PROD-LB-400,16241,130,27.169
2026-03-23T00:00:00Z,REG-ISLAND,PROD-DM-300,7802,59,27.168
2026-03-23T00:00:00Z,REG-ISLAND,PROD-VD-500,3475,25,27.165
2026-03-23T00:00:00Z,REG-NORTH,PROD-HS-100,42588,367,27.169
2026-03-23T00:00:00Z,REG-NORTH,PROD-HS-110,15134,109,27.17
2026-03-23T00:00:00Z,REG-NORTH,PROD-AS-200,19992,158,27.17
2026-03-23T00:00:00Z,REG-NORTH,PROD-LB-400,22334,137,27.169
2026-03-23T00:00:00Z,REG-NORTH,PROD-DM-300,10728,78,27.168
2026-03-23T00:00:00Z,REG-NORTH,PROD-VD-500,4820,38,27.17
2026-03-23T00:00:00Z,REG-CENTRAL,PROD-HS-100,39156,277,27.169
2026-03-23T00:00:00Z,REG-CENTRAL,PROD-HS-110,13931,102,27.169
2026-03-23T00:00:00Z,REG-CENTRAL,PROD-AS-200,18401,143,27.17
2026-03-23T00:00:00Z,REG-CENTRAL,PROD-LB-400,20594,163,27.169
2026-03-23T00:00:00Z,REG-CENTRAL,PROD-DM-300,9886,78,27.169
2026-03-23T00:00:00Z,REG-CENTRAL,PROD-VD-500,4438,37,27.167
2026-03-24T00:00:00Z,REG-COASTAL,PROD-HS-100,60036,502,26.926
2026-03-24T00:00:00Z,REG-COASTAL,PROD-HS-110,21324,133,26.926
2026-03-24T00:00:00Z,REG-COASTAL,PROD-AS-200,28167,191,26.926
2026-03-24T00:00:00Z,REG-COASTAL,PROD-LB-400,31521,206,26.926
2026-03-24T00:00:00Z,REG-COASTAL,PROD-DM-300,15151,126,26.927
2026-03-24T00:00:00Z,REG-COASTAL,PROD-VD-500,6788,56,26.928
2026-03-24T00:00:00Z,REG-SOUTH,PROD-HS-100,49579,304,26.926
2026-03-24T00:00:00Z,REG-SOUTH,PROD-HS-110,17660,131,26.926
2026-03-24T00:00:00Z,REG-SOUTH,PROD-AS-200,23310,154,26.926
2026-03-24T00:00:00Z,REG-SOUTH,PROD-LB-400,26118,215,26.926
2026-03-24T00:00:00Z,REG-SOUTH,PROD-DM-300,12522,82,26.926
2026-03-24T00:00:00Z,REG-SOUTH,PROD-VD-500,5613,39,26.928
2026-03-24T00:00:00Z,REG-DELTA,PROD-HS-100,43727,295,26.926
2026-03-24T00:00:00Z,REG-DELTA,PROD-HS-110,15564,108,26.927
2026-03-24T00:00:00Z,REG-DELTA,PROD-AS-200,20544,134,26.926
2026-03-24T00:00:00Z,REG-DELTA,PROD-LB-400,23002,169,26.926
2026-03-24T00:00:00Z,REG-DELTA,PROD-DM-300,11027,68,26.926
2026-03-24T00:00:00Z,REG-DELTA,PROD-VD-500,4942,41,26.929
2026-03-24T00:00:00Z,REG-ISLAND,PROD-HS-100,30640,187,26.926
2026-03-24T00:00:00Z,REG-ISLAND,PROD-HS-110,10912,88,26.925
2026-03-24T00:00:00Z,REG-ISLAND,PROD-AS-200,14410,112,26.927
2026-03-24T00:00:00Z,REG-ISLAND,PROD-LB-400,16163,142,26.926
2026-03-24T00:00:00Z,REG-ISLAND,PROD-DM-300,7767,66,26.927
2026-03-24T00:00:00Z,REG-ISLAND,PROD-VD-500,3473,26,26.93
2026-03-24T00:00:00Z,REG-NORTH,PROD-HS-100,42298,293,26.926
2026-03-24T00:00:00Z,REG-NORTH,PROD-HS-110,15068,124,26.926
2026-03-24T00:00:00Z,REG-NORTH,PROD-AS-200,19867,130,26.926
2026-03-24T00:00:00Z,REG-NORTH,PROD-LB-400,22215,136,26.926
2026-03-24T00:00:00Z,REG-NORTH,PROD-DM-300,10687,78,26.926
2026-03-24T00:00:00Z,REG-NORTH,PROD-VD-500,4771,32,26.926
2026-03-24T00:00:00Z,REG-CENTRAL,PROD-HS-100,38978,312,26.926
2026-03-24T00:00:00Z,REG-CENTRAL,PROD-HS-110,13860,101,26.926
2026-03-24T00:00:00Z,REG-CENTRAL,PROD-AS-200,18264,116,26.926
2026-03-24T00:00:00Z,REG-CENTRAL,PROD-LB-400,20457,128,26.926
2026-03-24T00:00:00Z,REG-CENTRAL,PROD-DM-300,9855,81,26.926
2026-03-24T00:00:00Z,REG-CENTRAL,PROD-VD-500,4394,32,26.926
2026-03-25T00:00:00Z,REG-COASTAL,PROD-HS-100,59536,379,26.659
2026-03-25T00:00:00Z,REG-COASTAL,PROD-HS-110,21208,174,26.659
2026-03-25T00:00:00Z,REG-COASTAL,PROD-AS-200,27954,175,26.659
2026-03-25T00:00:00Z,REG-COASTAL,PROD-LB-400,31387,276,26.659
2026-03-25T00:00:00Z,REG-COASTAL,PROD-DM-300,15062,133,26.659
2026-03-25T00:00:00Z,REG-COASTAL,PROD-VD-500,6742,51,26.657
2026-03-25T00:00:00Z,REG-SOUTH,PROD-HS-100,49294,321,26.659
2026-03-25T00:00:00Z,REG-SOUTH,PROD-HS-110,17540,132,26.658
2026-03-25T00:00:00Z,REG-SOUTH,PROD-AS-200,23152,145,26.659
2026-03-25T00:00:00Z,REG-SOUTH,PROD-LB-400,25959,206,26.659
2026-03-25T00:00:00Z,REG-SOUTH,PROD-DM-300,12461,91,26.659
2026-03-25T00:00:00Z,REG-SOUTH,PROD-VD-500,5561,43,26.657
2026-03-25T00:00:00Z,REG-DELTA,PROD-HS-100,43461,300,26.659
2026-03-25T00:00:00Z,REG-DELTA,PROD-HS-110,15478,122,26.66
2026-03-25T00:00:00Z,REG-DELTA,PROD-AS-200,20423,162,26.659
2026-03-25T00:00:00Z,REG-DELTA,PROD-LB-400,22830,143,26.659
2026-03-25T00:00:00Z,REG-DELTA,PROD-DM-300,10970,66,26.66
2026-03-25T00:00:00Z,REG-DELTA,PROD-VD-500,4911,32,26.661
2026-03-25T00:00:00Z,REG-ISLAND,PROD-HS-100,30515,257,26.659
2026-03-25T00:00:00Z,REG-ISLAND,PROD-HS-110,10854,84,26.658
2026-03-25T00:00:00Z,REG-ISLAND,PROD-AS-200,14307,98,26.659
2026-03-25T00:00:00Z,REG-ISLAND,PROD-LB-400,16040,124,26.66
2026-03-25T00:00:00Z,REG-ISLAND,PROD-DM-300,7710,59,26.659
2026-03-25T00:00:00Z,REG-ISLAND,PROD-VD-500,3439,27,26.656
2026-03-25T00:00:00Z,REG-NORTH,PROD-HS-100,42059,337,26.659
2026-03-25T00:00:00Z,REG-NORTH,PROD-HS-110,14974,125,26.659
2026-03-25T00:00:00Z,REG-NORTH,PROD-AS-200,19762,167,26.66
2026-03-25T00:00:00Z,REG-NORTH,PROD-LB-400,22078,137,26.66
2026-03-25T00:00:00Z,REG-NORTH,PROD-DM-300,10621,91,26.658
2026-03-25T00:00:00Z,REG-NORTH,PROD-VD-500,4755,36,26.661
2026-03-25T00:00:00Z,REG-CENTRAL,PROD-HS-100,38663,247,26.659
2026-03-25T00:00:00Z,REG-CENTRAL,PROD-HS-110,13795,119,26.659
2026-03-25T00:00:00Z,REG-CENTRAL,PROD-AS-200,18193,145,26.659
2026-03-25T00:00:00Z,REG-CENTRAL,PROD-LB-400,20381,173,26.66
2026-03-25T00:00:00Z,REG-CENTRAL,PROD-DM-300,9772,68,26.659
2026-03-25T00:00:00Z,REG-CENTRAL,PROD-VD-500,4374,29,26.656
2026-03-26T00:00:00Z,REG-COASTAL,PROD-HS-100,59149,419,26.372
2026-03-26T00:00:00Z,REG-COASTAL,PROD-HS-110,21063,177,26.371
2026-03-26T00:00:00Z,REG-COASTAL,PROD-AS-200,27795,210,26.372
2026-03-26T00:00:00Z,REG-COASTAL,PROD-LB-400,31158,277,26.371
2026-03-26T00:00:00Z,REG-COASTAL,PROD-DM-300,14916,95,26.372
2026-03-26T00:00:00Z,REG-COASTAL,PROD-VD-500,6695,49,26.373
2026-03-26T00:00:00Z,REG-SOUTH,PROD-HS-100,48966,363,26.372
2026-03-26T00:00:00Z,REG-SOUTH,PROD-HS-110,17451,151,26.372
2026-03-26T00:00:00Z,REG-SOUTH,PROD-AS-200,23017,179,26.372
2026-03-26T00:00:00Z,REG-SOUTH,PROD-LB-400,25778,224,26.372
2026-03-26T00:00:00Z,REG-SOUTH,PROD-DM-300,12354,91,26.372
2026-03-26T00:00:00Z,REG-SOUTH,PROD-VD-500,5523,38,26.37
2026-03-26T00:00:00Z,REG-DELTA,PROD-HS-100,43194,340,26.372
2026-03-26T00:00:00Z,REG-DELTA,PROD-HS-110,15344,101,26.372
2026-03-26T00:00:00Z,REG-DELTA,PROD-AS-200,20296,174,26.372
2026-03-26T00:00:00Z,REG-DELTA,PROD-LB-400,22670,148,26.372
2026-03-26T00:00:00Z,REG-DELTA,PROD-DM-300,10904,92,26.371
2026-03-26T00:00:00Z,REG-DELTA,PROD-VD-500,4864,38,26.372
2026-03-26T00:00:00Z,REG-ISLAND,PROD-HS-100,30252,214,26.372
2026-03-26T00:00:00Z,REG-ISLAND,PROD-HS-110,10767,86,26.373
2026-03-26T00:00:00Z,REG-ISLAND,PROD-AS-200,14221,112,26.372
2026-03-26T00:00:00Z,REG-ISLAND,PROD-LB-400,15915,118,26.372
2026-03-26T00:00:00Z,REG-ISLAND,PROD-DM-300,7648,53,26.372
2026-03-26T00:00:00Z,REG-ISLAND,PROD-VD-500,3424,22,26.372
2026-03-26T00:00:00Z,REG-NORTH,PROD-HS-100,41706,276,26.372
2026-03-26T00:00:00Z,REG-NORTH,PROD-HS-110,14836,94,26.372
2026-03-26T00:00:00Z,REG-NORTH,PROD-AS-200,19606,144,26.371
2026-03-26T00:00:00Z,REG-NORTH,PROD-LB-400,21967,184,26.372
2026-03-26T00:00:00Z,REG-NORTH,PROD-DM-300,10546,76,26.373
2026-03-26T00:00:00Z,REG-NORTH,PROD-VD-500,4698,30,26.373
2026-03-26T00:00:00Z,REG-CENTRAL,PROD-HS-100,38390,256,26.372
2026-03-26T00:00:00Z,REG-CENTRAL,PROD-HS-110,13686,105,26.371
2026-03-26T00:00:00Z,REG-CENTRAL,PROD-AS-200,18043,137,26.371
2026-03-26T00:00:00Z,REG-CENTRAL,PROD-LB-400,20179,136,26.372
2026-03-26T00:00:00Z,REG-CENTRAL,PROD-DM-300,9703,77,26.373
2026-03-26T00:00:00Z,REG-CENTRAL,PROD-VD-500,4333,34,26.374
2026-03-27T00:00:00Z,REG-COASTAL,PROD-HS-100,58794,533,26.068
2026-03-27T00:00:00Z,REG-COASTAL,PROD-HS-110,20856,132,26.068
2026-03-27T00:00:00Z,REG-COASTAL,PROD-AS-200,27617,246,26.068
2026-03-27T00:00:00Z,REG-COASTAL,PROD-LB-400,30871,242,26.067
2026-03-27T00:00:00Z,REG-COASTAL,PROD-DM-300,14808,106,26.067
2026-03-27T00:00:00Z,REG-COASTAL,PROD-VD-500,6613,44,26.067
2026-03-27T00:00:00Z,REG-SOUTH,PROD-HS-100,48525,300,26.068
2026-03-27T00:00:00Z,REG-SOUTH,PROD-HS-110,17286,134,26.067
2026-03-27T00:00:00Z,REG-SOUTH,PROD-AS-200,22812,159,26.068
2026-03-27T00:00:00Z,REG-SOUTH,PROD-LB-400,25571,207,26.068
2026-03-27T00:00:00Z,REG-SOUTH,PROD-DM-300,12276,102,26.069
2026-03-27T00:00:00Z,REG-SOUTH,PROD-VD-500,5482,34,26.067
2026-03-27T00:00:00Z,REG-DELTA,PROD-HS-100,42876,386,26.067
2026-03-27T00:00:00Z,REG-DELTA,PROD-HS-110,15250,131,26.067
2026-03-27T00:00:00Z,REG-DELTA,PROD-AS-200,20097,129,26.068
2026-03-27T00:00:00Z,REG-DELTA,PROD-LB-400,22534,194,26.068
2026-03-27T00:00:00Z,REG-DELTA,PROD-DM-300,10808,68,26.068
2026-03-27T00:00:00Z,REG-DELTA,PROD-VD-500,4827,31,26.065
2026-03-27T00:00:00Z,REG-ISLAND,PROD-HS-100,30018,223,26.067
2026-03-27T00:00:00Z,REG-ISLAND,PROD-HS-110,10686,77,26.066
2026-03-27T00:00:00Z,REG-ISLAND,PROD-AS-200,14084,86,26.067
2026-03-27T00:00:00Z,REG-ISLAND,PROD-LB-400,15764,97,26.068
2026-03-27T00:00:00Z,REG-ISLAND,PROD-DM-300,7599,65,26.069
2026-03-27T00:00:00Z,REG-ISLAND,PROD-VD-500,3392,29,26.07
2026-03-27T00:00:00Z,REG-NORTH,PROD-HS-100,41483,375,26.067
2026-03-27T00:00:00Z,REG-NORTH,PROD-HS-110,14724,100,26.068
2026-03-27T00:00:00Z,REG-NORTH,PROD-AS-200,19459,169,26.068
2026-03-27T00:00:00Z,REG-NORTH,PROD-LB-400,21777,167,26.068
2026-03-27T00:00:00Z,REG-NORTH,PROD-DM-300,10463,88,26.068
2026-03-27T00:00:00Z,REG-NORTH,PROD-VD-500,4678,38,26.067
2026-03-27T00:00:00Z,REG-CENTRAL,PROD-HS-100,38117,293,26.068
2026-03-27T00:00:00Z,REG-CENTRAL,PROD-HS-110,13571,120,26.068
2026-03-27T00:00:00Z,REG-CENTRAL,PROD-AS-200,17939,161,26.067
2026-03-27T00:00:00Z,REG-CENTRAL,PROD-LB-400,20047,157,26.068
2026-03-27T00:00:00Z,REG-CENTRAL,PROD-DM-300,9629,62,26.068
2026-03-27T00:00:00Z,REG-CENTRAL,PROD-VD-500,4307,32,26.067
2026-03-28T00:00:00Z,REG-COASTAL,PROD-HS-100,58253,496,25.75
2026-03-28T00:00:00Z,REG-COASTAL,PROD-HS-110,20697,148,25.751
2026-03-28T00:00:00Z,REG-COASTAL,PROD-AS-200,27323,208,25.75
2026-03-28T00:00:00Z,REG-COASTAL,PROD-LB-400,30606,247,25.75
2026-03-28T00:00:00Z,REG-COASTAL,PROD-DM-300,14700,125,25.751
2026-03-28T00:00:00Z,REG-COASTAL,PROD-VD-500,6568,53,25.751
2026-03-28T00:00:00Z,REG-SOUTH,PROD-HS-100,48231,439,25.75
2026-03-28T00:00:00Z,REG-SOUTH,PROD-HS-110,17119,124,25.75
2026-03-28T00:00:00Z,REG-SOUTH,PROD-AS-200,22605,151,25.75
2026-03-28T00:00:00Z,REG-SOUTH,PROD-LB-400,25320,188,25.75
2026-03-28T00:00:00Z,REG-SOUTH,PROD-DM-300,12182,105,25.751
2026-03-28T00:00:00Z,REG-SOUTH,PROD-VD-500,5450,42,25.752
2026-03-28T00:00:00Z,REG-DELTA,PROD-HS-100,42457,330,25.75
2026-03-28T00:00:00Z,REG-DELTA,PROD-HS-110,15115,128,25.751
2026-03-28T00:00:00Z,REG-DELTA,PROD-AS-200,19943,167,25.75
2026-03-28T00:00:00Z,REG-DELTA,PROD-LB-400,22284,139,25.75
2026-03-28T00:00:00Z,REG-DELTA,PROD-DM-300,10729,94,25.751
2026-03-28T00:00:00Z,REG-DELTA,PROD-VD-500,4797,33,25.751
2026-03-28T00:00:00Z,REG-ISLAND,PROD-HS-100,29787,252,25.75
2026-03-28T00:00:00Z,REG-ISLAND,PROD-HS-110,10600,94,25.75
2026-03-28T00:00:00Z,REG-ISLAND,PROD-AS-200,13985,106,25.75
2026-03-28T00:00:00Z,REG-ISLAND,PROD-LB-400,15656,129,25.75
2026-03-28T00:00:00Z,REG-ISLAND,PROD-DM-300,7523,55,25.752
2026-03-28T00:00:00Z,REG-ISLAND,PROD-VD-500,3375,27,25.754
2026-03-28T00:00:00Z,REG-NORTH,PROD-HS-100,41040,303,25.75
2026-03-28T00:00:00Z,REG-NORTH,PROD-HS-110,14605,108,25.75
2026-03-28T00:00:00Z,REG-NORTH,PROD-AS-200,19298,166,25.75
2026-03-28T00:00:00Z,REG-NORTH,PROD-LB-400,21561,137,25.75
2026-03-28T00:00:00Z,REG-NORTH,PROD-DM-300,10374,74,25.75
2026-03-28T00:00:00Z,REG-NORTH,PROD-VD-500,4640,31,25.749
2026-03-28T00:00:00Z,REG-CENTRAL,PROD-HS-100,37758,266,25.75
2026-03-28T00:00:00Z,REG-CENTRAL,PROD-HS-110,13450,111,25.751
2026-03-28T00:00:00Z,REG-CENTRAL,PROD-AS-200,17751,138,25.75
2026-03-28T00:00:00Z,REG-CENTRAL,PROD-LB-400,19900,175,25.751
2026-03-28T00:00:00Z,REG-CENTRAL,PROD-DM-300,9546,70,25.75
2026-03-28T00:00:00Z,REG-CENTRAL,PROD-VD-500,4250,27,25.75
2026-03-29T00:00:00Z,REG-COASTAL,PROD-HS-100,43216,301,25.424
2026-03-29T00:00:00Z,REG-COASTAL,PROD-HS-110,15379,125,25.423
2026-03-29T00:00:00Z,REG-COASTAL,PROD-AS-200,20351,190,25.424
2026-03-29T00:00:00Z,REG-COASTAL,PROD-LB-400,22699,148,25.424
2026-03-29T00:00:00Z,REG-COASTAL,PROD-DM-300,10912,82,25.423
2026-03-29T00:00:00Z,REG-COASTAL,PROD-VD-500,4901,45,25.424
2026-03-29T00:00:00Z,REG-SOUTH,PROD-HS-100,35835,319,25.423
2026-03-29T00:00:00Z,REG-SOUTH,PROD-HS-110,12743,108,25.423
2026-03-29T00:00:00Z,REG-SOUTH,PROD-AS-200,16800,122,25.424
2026-03-29T00:00:00Z,REG-SOUTH,PROD-LB-400,18841,155,25.423
2026-03-29T00:00:00Z,REG-SOUTH,PROD-DM-300,9046,72,25.422
2026-03-29T00:00:00Z,REG-SOUTH,PROD-VD-500,4050,33,25.424
2026-03-29T00:00:00Z,REG-DELTA,PROD-HS-100,31554,258,25.423
2026-03-29T00:00:00Z,REG-DELTA,PROD-HS-110,11209,74,25.422
2026-03-29T00:00:00Z,REG-DELTA,PROD-AS-200,14795,100,25.424
2026-03-29T00:00:00Z,REG-DELTA,PROD-LB-400,16574,125,25.423
2026-03-29T00:00:00Z,REG-DELTA,PROD-DM-300,7959,52,25.424
2026-03-29T00:00:00Z,REG-DELTA,PROD-VD-500,3567,33,25.424
2026-03-29T00:00:00Z,REG-ISLAND,PROD-HS-100,22139,173,25.424
2026-03-29T00:00:00Z,REG-ISLAND,PROD-HS-110,7858,53,25.423
2026-03-29T00:00:00Z,REG-ISLAND,PROD-AS-200,10416,94,25.424
2026-03-29T00:00:00Z,REG-ISLAND,PROD-LB-400,11624,82,25.423
2026-03-29T00:00:00Z,REG-ISLAND,PROD-DM-300,5589,47,25.422
2026-03-29T00:00:00Z,REG-ISLAND,PROD-VD-500,2510,19,25.418
2026-03-29T00:00:00Z,REG-NORTH,PROD-HS-100,30535,256,25.423
2026-03-29T00:00:00Z,REG-NORTH,PROD-HS-110,10880,100,25.425
2026-03-29T00:00:00Z,REG-NORTH,PROD-AS-200,14306,94,25.424
2026-03-29T00:00:00Z,REG-NORTH,PROD-LB-400,16027,112,25.423
2026-03-29T00:00:00Z,REG-NORTH,PROD-DM-300,7721,69,25.422
2026-03-29T00:00:00Z,REG-NORTH,PROD-VD-500,3438,31,25.425
2026-03-29T00:00:00Z,REG-CENTRAL,PROD-HS-100,28084,220,25.423
2026-03-29T00:00:00Z,REG-CENTRAL,PROD-HS-110,10004,89,25.423
2026-03-29T00:00:00Z,REG-CENTRAL,PROD-AS-200,13214,121,25.423
2026-03-29T00:00:00Z,REG-CENTRAL,PROD-LB-400,14765,121,25.424
2026-03-29T00:00:00Z,REG-CENTRAL,PROD-DM-300,7096,54,25.422
2026-03-29T00:00:00Z,REG-CENTRAL,PROD-VD-500,3176,24,25.419
2026-03-30T00:00:00Z,REG-COASTAL,PROD-HS-100,57114,458,25.091
2026-03-30T00:00:00Z,REG-COASTAL,PROD-HS-110,20281,133,25.091
2026-03-30T00:00:00Z,REG-COASTAL,PROD-AS-200,26807,185,25.091
2026-03-30T00:00:00Z,REG-COASTAL,PROD-LB-400,30004,220,25.092
2026-03-30T00:00:00Z,REG-COASTAL,PROD-DM-300,14410,108,25.091
2026-03-30T00:00:00Z,REG-COASTAL,PROD-VD-500,6451,53,25.09
2026-03-30T00:00:00Z,REG-SOUTH,PROD-HS-100,47292,396,25.091
2026-03-30T00:00:00Z,REG-SOUTH,PROD-HS-110,16822,136,25.092
2026-03-30T00:00:00Z,REG-SOUTH,PROD-AS-200,22232,202,25.091
2026-03-30T00:00:00Z,REG-SOUTH,PROD-LB-400,24843,178,25.092
2026-03-30T00:00:00Z,REG-SOUTH,PROD-DM-300,11945,102,25.091
2026-03-30T00:00:00Z,REG-SOUTH,PROD-VD-500,5343,49,25.09
2026-03-30T00:00:00Z,REG-DELTA,PROD-HS-100,41705,379,25.092
2026-03-30T00:00:00Z,REG-DELTA,PROD-HS-110,14810,106,25.092
2026-03-30T00:00:00Z,REG-DELTA,PROD-AS-200,19593,172,25.092
2026-03-30T00:00:00Z,REG-DELTA,PROD-LB-400,21868,139,25.091
2026-03-30T00:00:00Z,REG-DELTA,PROD-DM-300,10534,96,25.091
2026-03-30T00:00:00Z,REG-DELTA,PROD-VD-500,4705,38,25.091
2026-03-30T00:00:00Z,REG-ISLAND,PROD-HS-100,29184,203,25.092
2026-03-30T00:00:00Z,REG-ISLAND,PROD-HS-110,10397,84,25.092
2026-03-30T00:00:00Z,REG-ISLAND,PROD-AS-200,13713,88,25.092
2026-03-30T00:00:00Z,REG-ISLAND,PROD-LB-400,15372,142,25.091
2026-03-30T00:00:00Z,REG-ISLAND,PROD-DM-300,7388,61,25.092
2026-03-30T00:00:00Z,REG-ISLAND,PROD-VD-500,3285,23,25.092
2026-03-30T00:00:00Z,REG-NORTH,PROD-HS-100,40312,341,25.092
2026-03-30T00:00:00Z,REG-NORTH,PROD-HS-110,14327,100,25.092
2026-03-30T00:00:00Z,REG-NORTH,PROD-AS-200,18891,123,25.091
2026-03-30T00:00:00Z,REG-NORTH,PROD-LB-400,21197,170,25.092
2026-03-30T00:00:00Z,REG-NORTH,PROD-DM-300,10174,87,25.092
2026-03-30T00:00:00Z,REG-NORTH,PROD-VD-500,4554,38,25.089
2026-03-30T00:00:00Z,REG-CENTRAL,PROD-HS-100,37064,255,25.091
2026-03-30T00:00:00Z,REG-CENTRAL,PROD-HS-110,13202,104,25.092
2026-03-30T00:00:00Z,REG-CENTRAL,PROD-AS-200,17418,130,25.091
2026-03-30T00:00:00Z,REG-CENTRAL,PROD-LB-400,19513,168,25.091
2026-03-30T00:00:00Z,REG-CENTRAL,PROD-DM-300,9347,63,25.092
2026-03-30T00:00:00Z,REG-CENTRAL,PROD-VD-500,4196,31,25.09
2026-03-31T00:00:00Z,REG-COASTAL,PROD-HS-100,56614,512,24.758
2026-03-31T00:00:00Z,REG-COASTAL,PROD-HS-110,20118,163,24.758
2026-03-31T00:00:00Z,REG-COASTAL,PROD-AS-200,26587,244,24.758
2026-03-31T00:00:00Z,REG-COASTAL,PROD-LB-400,29717,230,24.758
2026-03-31T00:00:00Z,REG-COASTAL,PROD-DM-300,14297,135,24.759
2026-03-31T00:00:00Z,REG-COASTAL,PROD-VD-500,6383,45,24.758
2026-03-31T00:00:00Z,REG-SOUTH,PROD-HS-100,46752,305,24.759
2026-03-31T00:00:00Z,REG-SOUTH,PROD-HS-110,16642,128,24.759
2026-03-31T00:00:00Z,REG-SOUTH,PROD-AS-200,21980,168,24.758
2026-03-31T00:00:00Z,REG-SOUTH,PROD-LB-400,24644,232,24.759
2026-03-31T00:00:00Z,REG-SOUTH,PROD-DM-300,11840,105,24.757
2026-03-31T00:00:00Z,REG-SOUTH,PROD-VD-500,5287,38,24.759
2026-03-31T00:00:00Z,REG-DELTA,PROD-HS-100,41304,378,24.759
2026-03-31T00:00:00Z,REG-DELTA,PROD-HS-110,14681,123,24.759
2026-03-31T00:00:00Z,REG-DELTA,PROD-AS-200,19398,186,24.758
2026-03-31T00:00:00Z,REG-DELTA,PROD-LB-400,21718,203,24.758
2026-03-31T00:00:00Z,REG-DELTA,PROD-DM-300,10417,93,24.758
2026-03-31T00:00:00Z,REG-DELTA,PROD-VD-500,4663,33,24.759
2026-03-31T00:00:00Z,REG-ISLAND,PROD-HS-100,28913,218,24.758
2026-03-31T00:00:00Z,REG-ISLAND,PROD-HS-110,10280,80,24.757
2026-03-31T00:00:00Z,REG-ISLAND,PROD-AS-200,13585,92,24.758
2026-03-31T00:00:00Z,REG-ISLAND,PROD-LB-400,15237,134,24.759
2026-03-31T00:00:00Z,REG-ISLAND,PROD-DM-300,7320,66,24.758
2026-03-31T00:00:00Z,REG-ISLAND,PROD-VD-500,3268,25,24.756
2026-03-31T00:00:00Z,REG-NORTH,PROD-HS-100,39973,384,24.759
2026-03-31T00:00:00Z,REG-NORTH,PROD-HS-110,14221,133,24.759
2026-03-31T00:00:00Z,REG-NORTH,PROD-AS-200,18726,132,24.759
2026-03-31T00:00:00Z,REG-NORTH,PROD-LB-400,21003,181,24.759
2026-03-31T00:00:00Z,REG-NORTH,PROD-DM-300,10094,92,24.757
2026-03-31T00:00:00Z,REG-NORTH,PROD-VD-500,4513,32,24.757
2026-03-31T00:00:00Z,REG-CENTRAL,PROD-HS-100,36699,255,24.758
2026-03-31T00:00:00Z,REG-CENTRAL,PROD-HS-110,13085,112,24.758
2026-03-31T00:00:00Z,REG-CENTRAL,PROD-AS-200,17228,120,24.758
2026-03-31T00:00:00Z,REG-CENTRAL,PROD-LB-400,19345,182,24.758
2026-03-31T00:00:00Z,REG-CENTRAL,PROD-DM-300,9276,66,24.758
2026-03-31T00:00:00Z,REG-CENTRAL,PROD-VD-500,4138,28,24.759
2026-04-01T00:00:00Z,REG-COASTAL,PROD-HS-100,56078,528,24.428
2026-04-01T00:00:00Z,REG-COASTAL,PROD-HS-110,19951,189,24.428
2026-04-01T00:00:00Z,REG-COASTAL,PROD-AS-200,26323,234,24.428
2026-04-01T00:00:00Z,REG-COASTAL,PROD-LB-400,29437,245,24.428
2026-04-01T00:00:00Z,REG-COASTAL,PROD-DM-300,14117,95,24.429
2026-04-01T00:00:00Z,REG-COASTAL,PROD-VD-500,6337,59,24.428
2026-04-01T00:00:00Z,REG-SOUTH,PROD-HS-100,46327,353,24.428
2026-04-01T00:00:00Z,REG-SOUTH,PROD-HS-110,16526,159,24.428
2026-04-01T00:00:00Z,REG-SOUTH,PROD-AS-200,21757,162,24.429
2026-04-01T00:00:00Z,REG-SOUTH,PROD-LB-400,24362,178,24.428
2026-04-01T00:00:00Z,REG-SOUTH,PROD-DM-300,11709,106,24.427
2026-04-01T00:00:00Z,REG-SOUTH,PROD-VD-500,5242,39,24.427
2026-04-01T00:00:00Z,REG-DELTA,PROD-HS-100,40803,276,24.429
2026-04-01T00:00:00Z,REG-DELTA,PROD-HS-110,14539,126,24.429
2026-04-01T00:00:00Z,REG-DELTA,PROD-AS-200,19211,181,24.429
2026-04-01T00:00:00Z,REG-DELTA,PROD-LB-400,21508,207,24.428
2026-04-01T00:00:00Z,REG-DELTA,PROD-DM-300,10317,82,24.427
2026-04-01T00:00:00Z,REG-DELTA,PROD-VD-500,4609,41,24.428
2026-04-01T00:00:00Z,REG-ISLAND,PROD-HS-100,28623,213,24.428
2026-04-01T00:00:00Z,REG-ISLAND,PROD-HS-110,10197,84,24.428
2026-04-01T00:00:00Z,REG-ISLAND,PROD-AS-200,13434,96,24.429
2026-04-01T00:00:00Z,REG-ISLAND,PROD-LB-400,15051,101,24.428
2026-04-01T00:00:00Z,REG-ISLAND,PROD-DM-300,7249,67,24.429
2026-04-01T00:00:00Z,REG-ISLAND,PROD-VD-500,3225,25,24.427
2026-04-01T00:00:00Z,REG-NORTH,PROD-HS-100,39554,371,24.428
2026-04-01T00:00:00Z,REG-NORTH,PROD-HS-110,14049,100,24.429
2026-04-01T00:00:00Z,REG-NORTH,PROD-AS-200,18525,130,24.429
2026-04-01T00:00:00Z,REG-NORTH,PROD-LB-400,20781,188,24.428
2026-04-01T00:00:00Z,REG-NORTH,PROD-DM-300,9967,74,24.427
2026-04-01T00:00:00Z,REG-NORTH,PROD-VD-500,4460,38,24.431
2026-04-01T00:00:00Z,REG-CENTRAL,PROD-HS-100,36404,323,24.429
2026-04-01T00:00:00Z,REG-CENTRAL,PROD-HS-110,12909,84,24.429
2026-04-01T00:00:00Z,REG-CENTRAL,PROD-AS-200,17110,157,24.428
2026-04-01T00:00:00Z,REG-CENTRAL,PROD-LB-400,19127,171,24.428
2026-04-01T00:00:00Z,REG-CENTRAL,PROD-DM-300,9186,74,24.429
2026-04-01T00:00:00Z,REG-CENTRAL,PROD-VD-500,4119,39,24.431
2026-04-02T00:00:00Z,REG-COASTAL,PROD-HS-100,55365,381,24.105
2026-04-02T00:00:00Z,REG-COASTAL,PROD-HS-110,19708,135,24.105
2026-04-02T00:00:00Z,REG-COASTAL,PROD-AS-200,26022,181,24.105
2026-04-02T00:00:00Z,REG-COASTAL,PROD-LB-400,29173,247,24.105
2026-04-02T00:00:00Z,REG-COASTAL,PROD-DM-300,13994,109,24.106
2026-04-02T00:00:00Z,REG-COASTAL,PROD-VD-500,6269,50,24.105
2026-04-02T00:00:00Z,REG-SOUTH,PROD-HS-100,45908,397,24.105
2026-04-02T00:00:00Z,REG-SOUTH,PROD-HS-110,16323,124,24.106
2026-04-02T00:00:00Z,REG-SOUTH,PROD-AS-200,21554,173,24.105
2026-04-02T00:00:00Z,REG-SOUTH,PROD-LB-400,24102,165,24.106
2026-04-02T00:00:00Z,REG-SOUTH,PROD-DM-300,11594,96,24.105
2026-04-02T00:00:00Z,REG-SOUTH,PROD-VD-500,5183,49,24.103
2026-04-02T00:00:00Z,REG-DELTA,PROD-HS-100,40395,284,24.105
2026-04-02T00:00:00Z,REG-DELTA,PROD-HS-110,14374,104,24.105
2026-04-02T00:00:00Z,REG-DELTA,PROD-AS-200,18978,128,24.105
2026-04-02T00:00:00Z,REG-DELTA,PROD-LB-400,21249,157,24.105
2026-04-02T00:00:00Z,REG-DELTA,PROD-DM-300,10197,73,24.105
2026-04-02T00:00:00Z,REG-DELTA,PROD-VD-500,4566,34,24.106
2026-04-02T00:00:00Z,REG-ISLAND,PROD-HS-100,28398,267,24.105
2026-04-02T00:00:00Z,REG-ISLAND,PROD-HS-110,10102,98,24.106
2026-04-02T00:00:00Z,REG-ISLAND,PROD-AS-200,13298,88,24.106
2026-04-02T00:00:00Z,REG-ISLAND,PROD-LB-400,14907,106,24.106
2026-04-02T00:00:00Z,REG-ISLAND,PROD-DM-300,7158,47,24.105
2026-04-02T00:00:00Z,REG-ISLAND,PROD-VD-500,3204,22,24.106
2026-04-02T00:00:00Z,REG-NORTH,PROD-HS-100,39161,352,24.105
2026-04-02T00:00:00Z,REG-NORTH,PROD-HS-110,13945,133,24.105
2026-04-02T00:00:00Z,REG-NORTH,PROD-AS-200,18390,166,24.106
2026-04-02T00:00:00Z,REG-NORTH,PROD-LB-400,20588,195,24.105
2026-04-02T00:00:00Z,REG-NORTH,PROD-DM-300,9868,81,24.106
2026-04-02T00:00:00Z,REG-NORTH,PROD-VD-500,4418,31,24.104
2026-04-02T00:00:00Z,REG-CENTRAL,PROD-HS-100,35980,256,24.105
2026-04-02T00:00:00Z,REG-CENTRAL,PROD-HS-110,12802,99,24.104
2026-04-02T00:00:00Z,REG-CENTRAL,PROD-AS-200,16911,134,24.105
2026-04-02T00:00:00Z,REG-CENTRAL,PROD-LB-400,18911,133,24.105
2026-04-02T00:00:00Z,REG-CENTRAL,PROD-DM-300,9078,63,24.104
2026-04-02T00:00:00Z,REG-CENTRAL,PROD-VD-500,4056,30,24.108
2026-04-03T00:00:00Z,REG-COASTAL,PROD-HS-100,54918,455,23.793
2026-04-03T00:00:00Z,REG-COASTAL,PROD-HS-110,19548,180,23.794
2026-04-03T00:00:00Z,REG-COASTAL,PROD-AS-200,25759,181,23.793
2026-04-03T00:00:00Z,REG-COASTAL,PROD-LB-400,28885,238,23.793
2026-04-03T00:00:00Z,REG-COASTAL,PROD-DM-300,13886,133,23.794
2026-04-03T00:00:00Z,REG-COASTAL,PROD-VD-500,6211,49,23.792
2026-04-03T00:00:00Z,REG-SOUTH,PROD-HS-100,45477,389,23.793
2026-04-03T00:00:00Z,REG-SOUTH,PROD-HS-110,16171,134,23.794
2026-04-03T00:00:00Z,REG-SOUTH,PROD-AS-200,21363,187,23.793
2026-04-03T00:00:00Z,REG-SOUTH,PROD-LB-400,23912,214,23.793
2026-04-03T00:00:00Z,REG-SOUTH,PROD-DM-300,11485,112,23.793
2026-04-03T00:00:00Z,REG-SOUTH,PROD-VD-500,5140,48,23.794
2026-04-03T00:00:00Z,REG-DELTA,PROD-HS-100,40132,397,23.793
2026-04-03T00:00:00Z,REG-DELTA,PROD-HS-110,14275,142,23.793
2026-04-03T00:00:00Z,REG-DELTA,PROD-AS-200,18798,144,23.793
2026-04-03T00:00:00Z,REG-DELTA,PROD-LB-400,21071,181,23.793
2026-04-03T00:00:00Z,REG-DELTA,PROD-DM-300,10128,87,23.794
2026-04-03T00:00:00Z,REG-DELTA,PROD-VD-500,4542,45,23.794
2026-04-03T00:00:00Z,REG-ISLAND,PROD-HS-100,28127,265,23.793
2026-04-03T00:00:00Z,REG-ISLAND,PROD-HS-110,10009,87,23.794
2026-04-03T00:00:00Z,REG-ISLAND,PROD-AS-200,13179,93,23.793
2026-04-03T00:00:00Z,REG-ISLAND,PROD-LB-400,14761,104,23.794
2026-04-03T00:00:00Z,REG-ISLAND,PROD-DM-300,7098,55,23.794
2026-04-03T00:00:00Z,REG-ISLAND,PROD-VD-500,3173,32,23.795
2026-04-03T00:00:00Z,REG-NORTH,PROD-HS-100,38778,352,23.793
2026-04-03T00:00:00Z,REG-NORTH,PROD-HS-110,13800,119,23.793
2026-04-03T00:00:00Z,REG-NORTH,PROD-AS-200,18173,138,23.793
2026-04-03T00:00:00Z,REG-NORTH,PROD-LB-400,20348,148,23.793
2026-04-03T00:00:00Z,REG-NORTH,PROD-DM-300,9798,90,23.794
2026-04-03T00:00:00Z,REG-NORTH,PROD-VD-500,4365,35,23.791
2026-04-03T00:00:00Z,REG-CENTRAL,PROD-HS-100,35697,316,23.794
2026-04-03T00:00:00Z,REG-CENTRAL,PROD-HS-110,12694,107,23.794
2026-04-03T00:00:00Z,REG-CENTRAL,PROD-AS-200,16771,163,23.794
2026-04-03T00:00:00Z,REG-CENTRAL,PROD-LB-400,18767,161,23.793
2026-04-03T00:00:00Z,REG-CENTRAL,PROD-DM-300,9001,79,23.792
2026-04-03T00:00:00Z,REG-CENTRAL,PROD-VD-500,4027,30,23.792
2026-04-04T00:00:00Z,REG-COASTAL,PROD-HS-100,54451,480,23.496
2026-04-04T00:00:00Z,REG-COASTAL,PROD-HS-110,19333,137,23.496
2026-04-04T00:00:00Z,REG-COASTAL,PROD-AS-200,25564,212,23.496
2026-04-04T00:00:00Z,REG-COASTAL,PROD-LB-400,28626,243,23.496
2026-04-04T00:00:00Z,REG-COASTAL,PROD-DM-300,13726,98,23.497
2026-04-04T00:00:00Z,REG-COASTAL,PROD-VD-500,6129,43,23.498
2026-04-04T00:00:00Z,REG-SOUTH,PROD-HS-100,45066,400,23.496
2026-04-04T00:00:00Z,REG-SOUTH,PROD-HS-110,16043,160,23.496
2026-04-04T00:00:00Z,REG-SOUTH,PROD-AS-200,21192,210,23.496
2026-04-04T00:00:00Z,REG-SOUTH,PROD-LB-400,23713,217,23.496
2026-04-04T00:00:00Z,REG-SOUTH,PROD-DM-300,11384,106,23.496
2026-04-04T00:00:00Z,REG-SOUTH,PROD-VD-500,5102,50,23.498
2026-04-04T00:00:00Z,REG-DELTA,PROD-HS-100,39649,293,23.496
2026-04-04T00:00:00Z,REG-DELTA,PROD-HS-110,14101,97,23.497
2026-04-04T00:00:00Z,REG-DELTA,PROD-AS-200,18678,187,23.496
2026-04-04T00:00:00Z,REG-DELTA,PROD-LB-400,20887,187,23.496
2026-04-04T00:00:00Z,REG-DELTA,PROD-DM-300,10035,96,23.496
2026-04-04T00:00:00Z,REG-DELTA,PROD-VD-500,4472,31,23.497
2026-04-04T00:00:00Z,REG-ISLAND,PROD-HS-100,27861,253,23.496
2026-04-04T00:00:00Z,REG-ISLAND,PROD-HS-110,9894,73,23.495
2026-04-04T00:00:00Z,REG-ISLAND,PROD-AS-200,13084,114,23.496
2026-04-04T00:00:00Z,REG-ISLAND,PROD-LB-400,14659,138,23.497
2026-04-04T00:00:00Z,REG-ISLAND,PROD-DM-300,7048,70,23.495
2026-04-04T00:00:00Z,REG-ISLAND,PROD-VD-500,3153,28,23.496
2026-04-04T00:00:00Z,REG-NORTH,PROD-HS-100,38340,276,23.496
2026-04-04T00:00:00Z,REG-NORTH,PROD-HS-110,13670,136,23.497
2026-04-04T00:00:00Z,REG-NORTH,PROD-AS-200,18055,174,23.497
2026-04-04T00:00:00Z,REG-NORTH,PROD-LB-400,20164,145,23.496
2026-04-04T00:00:00Z,REG-NORTH,PROD-DM-300,9676,66,23.496
2026-04-04T00:00:00Z,REG-NORTH,PROD-VD-500,4332,32,23.497
2026-04-04T00:00:00Z,REG-CENTRAL,PROD-HS-100,35304,248,23.496
2026-04-04T00:00:00Z,REG-CENTRAL,PROD-HS-110,12569,93,23.495
2026-04-04T00:00:00Z,REG-CENTRAL,PROD-AS-200,16584,113,23.496
2026-04-04T00:00:00Z,REG-CENTRAL,PROD-LB-400,18585,164,23.496
2026-04-04T00:00:00Z,REG-CENTRAL,PROD-DM-300,8936,78,23.496
2026-04-04T00:00:00Z,REG-CENTRAL,PROD-VD-500,3979,32,23.494
2026-04-05T00:00:00Z,REG-COASTAL,PROD-HS-100,40406,286,23.218
2026-04-05T00:00:00Z,REG-COASTAL,PROD-HS-110,14425,146,23.218
2026-04-05T00:00:00Z,REG-COASTAL,PROD-AS-200,19038,185,23.218
2026-04-05T00:00:00Z,REG-COASTAL,PROD-LB-400,21309,204,23.218
2026-04-05T00:00:00Z,REG-COASTAL,PROD-DM-300,10197,74,23.218
2026-04-05T00:00:00Z,REG-COASTAL,PROD-VD-500,4563,36,23.215
2026-04-05T00:00:00Z,REG-SOUTH,PROD-HS-100,33504,303,23.217
2026-04-05T00:00:00Z,REG-SOUTH,PROD-HS-110,11920,102,23.218
2026-04-05T00:00:00Z,REG-SOUTH,PROD-AS-200,15755,153,23.217
2026-04-05T00:00:00Z,REG-SOUTH,PROD-LB-400,17582,122,23.218
2026-04-05T00:00:00Z,REG-SOUTH,PROD-DM-300,8460,78,23.219
2026-04-05T00:00:00Z,REG-SOUTH,PROD-VD-500,3796,35,23.216
2026-04-05T00:00:00Z,REG-DELTA,PROD-HS-100,29549,272,23.217
2026-04-05T00:00:00Z,REG-DELTA,PROD-HS-110,10514,89,23.218
2026-04-05T00:00:00Z,REG-DELTA,PROD-AS-200,13862,117,23.218
2026-04-05T00:00:00Z,REG-DELTA,PROD-LB-400,15515,122,23.217
2026-04-05T00:00:00Z,REG-DELTA,PROD-DM-300,7451,68,23.217
2026-04-05T00:00:00Z,REG-DELTA,PROD-VD-500,3322,25,23.218
2026-04-05T00:00:00Z,REG-ISLAND,PROD-HS-100,20680,156,23.217
2026-04-05T00:00:00Z,REG-ISLAND,PROD-HS-110,7388,74,23.219
2026-04-05T00:00:00Z,REG-ISLAND,PROD-AS-200,9727,92,23.217
2026-04-05T00:00:00Z,REG-ISLAND,PROD-LB-400,10901,105,23.217
2026-04-05T00:00:00Z,REG-ISLAND,PROD-DM-300,5226,48,23.22
2026-04-05T00:00:00Z,REG-ISLAND,PROD-VD-500,2340,18,23.22
2026-04-05T00:00:00Z,REG-NORTH,PROD-HS-100,28552,250,23.217
2026-04-05T00:00:00Z,REG-NORTH,PROD-HS-110,10160,84,23.217
2026-04-05T00:00:00Z,REG-NORTH,PROD-AS-200,13439,135,23.218
2026-04-05T00:00:00Z,REG-NORTH,PROD-LB-400,14991,109,23.217
2026-04-05T00:00:00Z,REG-NORTH,PROD-DM-300,7212,61,23.218
2026-04-05T00:00:00Z,REG-NORTH,PROD-VD-500,3235,31,23.217
2026-04-05T00:00:00Z,REG-CENTRAL,PROD-HS-100,26316,266,23.217
2026-04-05T00:00:00Z,REG-CENTRAL,PROD-HS-110,9344,80,23.218
2026-04-05T00:00:00Z,REG-CENTRAL,PROD-AS-200,12350,114,23.218
2026-04-05T00:00:00Z,REG-CENTRAL,PROD-LB-400,13809,111,23.217
2026-04-05T00:00:00Z,REG-CENTRAL,PROD-DM-300,6627,56,23.219
2026-04-05T00:00:00Z,REG-CENTRAL,PROD-VD-500,2971,22,23.22
2026-04-06T00:00:00Z,REG-COASTAL,PROD-HS-100,53520,434,22.961
2026-04-06T00:00:00Z,REG-COASTAL,PROD-HS-110,19066,192,22.961
2026-04-06T00:00:00Z,REG-COASTAL,PROD-AS-200,25117,181,22.961
2026-04-06T00:00:00Z,REG-COASTAL,PROD-LB-400,28111,213,22.961
2026-04-06T00:00:00Z,REG-COASTAL,PROD-DM-300,13543,134,22.961
2026-04-06T00:00:00Z,REG-COASTAL,PROD-VD-500,6049,56,22.962
2026-04-06T00:00:00Z,REG-SOUTH,PROD-HS-100,44351,404,22.961
2026-04-06T00:00:00Z,REG-SOUTH,PROD-HS-110,15796,160,22.96
2026-04-06T00:00:00Z,REG-SOUTH,PROD-AS-200,20838,196,22.961
2026-04-06T00:00:00Z,REG-SOUTH,PROD-LB-400,23304,205,22.961
2026-04-06T00:00:00Z,REG-SOUTH,PROD-DM-300,11170,80,22.961
2026-04-06T00:00:00Z,REG-SOUTH,PROD-VD-500,4998,38,22.963
2026-04-06T00:00:00Z,REG-DELTA,PROD-HS-100,39055,343,22.961
2026-04-06T00:00:00Z,REG-DELTA,PROD-HS-110,13894,117,22.962
2026-04-06T00:00:00Z,REG-DELTA,PROD-AS-200,18325,140,22.961
2026-04-06T00:00:00Z,REG-DELTA,PROD-LB-400,20526,160,22.961
2026-04-06T00:00:00Z,REG-DELTA,PROD-DM-300,9855,74,22.96
2026-04-06T00:00:00Z,REG-DELTA,PROD-VD-500,4398,35,22.963
2026-04-06T00:00:00Z,REG-ISLAND,PROD-HS-100,27445,282,22.961
2026-04-06T00:00:00Z,REG-ISLAND,PROD-HS-110,9738,71,22.962
2026-04-06T00:00:00Z,REG-ISLAND,PROD-AS-200,12860,94,22.96
2026-04-06T00:00:00Z,REG-ISLAND,PROD-LB-400,14400,118,22.961
2026-04-06T00:00:00Z,REG-ISLAND,PROD-DM-300,6931,66,22.96
2026-04-06T00:00:00Z,REG-ISLAND,PROD-VD-500,3100,23,22.963
2026-04-06T00:00:00Z,REG-NORTH,PROD-HS-100,37752,303,22.961
2026-04-06T00:00:00Z,REG-NORTH,PROD-HS-110,13446,129,22.96
2026-04-06T00:00:00Z,REG-NORTH,PROD-AS-200,17752,164,22.961
2026-04-06T00:00:00Z,REG-NORTH,PROD-LB-400,19817,139,22.961
2026-04-06T00:00:00Z,REG-NORTH,PROD-DM-300,9534,74,22.961
2026-04-06T00:00:00Z,REG-NORTH,PROD-VD-500,4267,42,22.962
2026-04-06T00:00:00Z,REG-CENTRAL,PROD-HS-100,34748,283,22.961
2026-04-06T00:00:00Z,REG-CENTRAL,PROD-HS-110,12352,91,22.961
2026-04-06T00:00:00Z,REG-CENTRAL,PROD-AS-200,16336,148,22.962
2026-04-06T00:00:00Z,REG-CENTRAL,PROD-LB-400,18255,139,22.961
2026-04-06T00:00:00Z,REG-CENTRAL,PROD-DM-300,8779,77,22.96
2026-04-06T00:00:00Z,REG-CENTRAL,PROD-VD-500,3942,39,22.959
2026-04-07T00:00:00Z,REG-COASTAL,PROD-HS-100,53159,449,22.73
2026-04-07T00:00:00Z,REG-COASTAL,PROD-HS-110,18919,167,22.73
2026-04-07T00:00:00Z,REG-COASTAL,PROD-AS-200,24943,190,22.73
2026-04-07T00:00:00Z,REG-COASTAL,PROD-LB-400,27977,270,22.729
2026-04-07T00:00:00Z,REG-COASTAL,PROD-DM-300,13415,95,22.73
2026-04-07T00:00:00Z,REG-COASTAL,PROD-VD-500,5998,43,22.729
2026-04-07T00:00:00Z,REG-SOUTH,PROD-HS-100,44051,410,22.73
2026-04-07T00:00:00Z,REG-SOUTH,PROD-HS-110,15644,120,22.729
2026-04-07T00:00:00Z,REG-SOUTH,PROD-AS-200,20696,194,22.729
2026-04-07T00:00:00Z,REG-SOUTH,PROD-LB-400,23164,230,22.729
2026-04-07T00:00:00Z,REG-SOUTH,PROD-DM-300,11130,106,22.73
2026-04-07T00:00:00Z,REG-SOUTH,PROD-VD-500,4982,50,22.728
2026-04-07T00:00:00Z,REG-DELTA,PROD-HS-100,38731,273,22.729
2026-04-07T00:00:00Z,REG-DELTA,PROD-HS-110,13785,102,22.729
2026-04-07T00:00:00Z,REG-DELTA,PROD-AS-200,18224,154,22.73
2026-04-07T00:00:00Z,REG-DELTA,PROD-LB-400,20353,146,22.73
2026-04-07T00:00:00Z,REG-DELTA,PROD-DM-300,9805,99,22.731
2026-04-07T00:00:00Z,REG-DELTA,PROD-VD-500,4381,40,22.728
2026-04-07T00:00:00Z,REG-ISLAND,PROD-HS-100,27194,214,22.73
2026-04-07T00:00:00Z,REG-ISLAND,PROD-HS-110,9664,72,22.73
2026-04-07T00:00:00Z,REG-ISLAND,PROD-AS-200,12780,120,22.729
2026-04-07T00:00:00Z,REG-ISLAND,PROD-LB-400,14331,148,22.729
2026-04-07T00:00:00Z,REG-ISLAND,PROD-DM-300,6879,60,22.73
2026-04-07T00:00:00Z,REG-ISLAND,PROD-VD-500,3076,30,22.731
2026-04-07T00:00:00Z,REG-NORTH,PROD-HS-100,37449,263,22.73
2026-04-07T00:00:00Z,REG-NORTH,PROD-HS-110,13353,124,22.73
2026-04-07T00:00:00Z,REG-NORTH,PROD-AS-200,17619,163,22.729
2026-04-07T00:00:00Z,REG-NORTH,PROD-LB-400,19734,187,22.729
2026-04-07T00:00:00Z,REG-NORTH,PROD-DM-300,9476,89,22.729
2026-04-07T00:00:00Z,REG-NORTH,PROD-VD-500,4235,30,22.73
2026-04-07T00:00:00Z,REG-CENTRAL,PROD-HS-100,34542,311,22.73
2026-04-07T00:00:00Z,REG-CENTRAL,PROD-HS-110,12301,118,22.729
2026-04-07T00:00:00Z,REG-CENTRAL,PROD-AS-200,16206,136,22.73
2026-04-07T00:00:00Z,REG-CENTRAL,PROD-LB-400,18178,176,22.73
2026-04-07T00:00:00Z,REG-CENTRAL,PROD-DM-300,8701,64,22.729
2026-04-07T00:00:00Z,REG-CENTRAL,PROD-VD-500,3896,32,22.729
2026-04-08T00:00:00Z,REG-COASTAL,PROD-HS-100,52893,475,22.526
2026-04-08T00:00:00Z,REG-COASTAL,PROD-HS-110,18792,140,22.527
2026-04-08T00:00:00Z,REG-COASTAL,PROD-AS-200,24804,183,22.526
2026-04-08T00:00:00Z,REG-COASTAL,PROD-LB-400,27789,240,22.526
2026-04-08T00:00:00Z,REG-COASTAL,PROD-DM-300,13353,108,22.526
2026-04-08T00:00:00Z,REG-COASTAL,PROD-VD-500,5978,54,22.525
2026-04-08T00:00:00Z,REG-SOUTH,PROD-HS-100,43828,443,22.526
2026-04-08T00:00:00Z,REG-SOUTH,PROD-HS-110,15575,145,22.526
2026-04-08T00:00:00Z,REG-SOUTH,PROD-AS-200,20530,166,22.527
2026-04-08T00:00:00Z,REG-SOUTH,PROD-LB-400,22974,178,22.526
2026-04-08T00:00:00Z,REG-SOUTH,PROD-DM-300,11056,108,22.527
2026-04-08T00:00:00Z,REG-SOUTH,PROD-VD-500,4937,49,22.525
2026-04-08T00:00:00Z,REG-DELTA,PROD-HS-100,38542,315,22.526
2026-04-08T00:00:00Z,REG-DELTA,PROD-HS-110,13706,100,22.526
2026-04-08T00:00:00Z,REG-DELTA,PROD-AS-200,18113,160,22.526
2026-04-08T00:00:00Z,REG-DELTA,PROD-LB-400,20299,206,22.526
2026-04-08T00:00:00Z,REG-DELTA,PROD-DM-300,9766,102,22.527
2026-04-08T00:00:00Z,REG-DELTA,PROD-VD-500,4367,42,22.526
2026-04-08T00:00:00Z,REG-ISLAND,PROD-HS-100,27043,237,22.526
2026-04-08T00:00:00Z,REG-ISLAND,PROD-HS-110,9607,78,22.527
2026-04-08T00:00:00Z,REG-ISLAND,PROD-AS-200,12682,90,22.526
2026-04-08T00:00:00Z,REG-ISLAND,PROD-LB-400,14212,111,22.526
2026-04-08T00:00:00Z,REG-ISLAND,PROD-DM-300,6834,54,22.525
2026-04-08T00:00:00Z,REG-ISLAND,PROD-VD-500,3048,29,22.53
2026-04-08T00:00:00Z,REG-NORTH,PROD-HS-100,37255,290,22.526
2026-04-08T00:00:00Z,REG-NORTH,PROD-HS-110,13294,139,22.526
2026-04-08T00:00:00Z,REG-NORTH,PROD-AS-200,17530,162,22.527
2026-04-08T00:00:00Z,REG-NORTH,PROD-LB-400,19608,168,22.526
2026-04-08T00:00:00Z,REG-NORTH,PROD-DM-300,9394,68,22.527
2026-04-08T00:00:00Z,REG-NORTH,PROD-VD-500,4208,41,22.524
2026-04-08T00:00:00Z,REG-CENTRAL,PROD-HS-100,34375,338,22.526
2026-04-08T00:00:00Z,REG-CENTRAL,PROD-HS-110,12224,105,22.526
2026-04-08T00:00:00Z,REG-CENTRAL,PROD-AS-200,16162,168,22.527
2026-04-08T00:00:00Z,REG-CENTRAL,PROD-LB-400,18064,178,22.526
2026-04-08T00:00:00Z,REG-CENTRAL,PROD-DM-300,8678,73,22.526
2026-04-08T00:00:00Z,REG-CENTRAL,PROD-VD-500,3885,33,22.526
2026-04-09T00:00:00Z,REG-COASTAL,PROD-HS-100,52694,522,22.353
2026-04-09T00:00:00Z,REG-COASTAL,PROD-HS-110,18725,172,22.353
2026-04-09T00:00:00Z,REG-COASTAL,PROD-AS-200,24730,231,22.353
2026-04-09T00:00:00Z,REG-COASTAL,PROD-LB-400,27707,280,22.353
2026-04-09T00:00:00Z,REG-COASTAL,PROD-DM-300,13285,119,22.353
2026-04-09T00:00:00Z,REG-COASTAL,PROD-VD-500,5945,44,22.352
2026-04-09T00:00:00Z,REG-SOUTH,PROD-HS-100,43536,350,22.353
2026-04-09T00:00:00Z,REG-SOUTH,PROD-HS-110,15471,114,22.354
2026-04-09T00:00:00Z,REG-SOUTH,PROD-AS-200,20460,186,22.353
2026-04-09T00:00:00Z,REG-SOUTH,PROD-LB-400,22907,196,22.353
2026-04-09T00:00:00Z,REG-SOUTH,PROD-DM-300,11009,101,22.352
2026-04-09T00:00:00Z,REG-SOUTH,PROD-VD-500,4921,48,22.353
2026-04-09T00:00:00Z,REG-DELTA,PROD-HS-100,38426,358,22.353
2026-04-09T00:00:00Z,REG-DELTA,PROD-HS-110,13677,131,22.353
2026-04-09T00:00:00Z,REG-DELTA,PROD-AS-200,18075,192,22.354
2026-04-09T00:00:00Z,REG-DELTA,PROD-LB-400,20205,199,22.353
2026-04-09T00:00:00Z,REG-DELTA,PROD-DM-300,9699,87,22.353
2026-04-09T00:00:00Z,REG-DELTA,PROD-VD-500,4324,32,22.354
2026-04-09T00:00:00Z,REG-ISLAND,PROD-HS-100,26914,224,22.353
2026-04-09T00:00:00Z,REG-ISLAND,PROD-HS-110,9575,75,22.353
2026-04-09T00:00:00Z,REG-ISLAND,PROD-AS-200,12636,96,22.353
2026-04-09T00:00:00Z,REG-ISLAND,PROD-LB-400,14160,122,22.354
2026-04-09T00:00:00Z,REG-ISLAND,PROD-DM-300,6802,51,22.354
2026-04-09T00:00:00Z,REG-ISLAND,PROD-VD-500,3041,23,22.356
2026-04-09T00:00:00Z,REG-NORTH,PROD-HS-100,37153,360,22.353
2026-04-09T00:00:00Z,REG-NORTH,PROD-HS-110,13234,135,22.353
2026-04-09T00:00:00Z,REG-NORTH,PROD-AS-200,17439,160,22.353
2026-04-09T00:00:00Z,REG-NORTH,PROD-LB-400,19505,147,22.353
2026-04-09T00:00:00Z,REG-NORTH,PROD-DM-300,9388,89,22.353
2026-04-09T00:00:00Z,REG-NORTH,PROD-VD-500,4192,34,22.355
2026-04-09T00:00:00Z,REG-CENTRAL,PROD-HS-100,34193,305,22.354
2026-04-09T00:00:00Z,REG-CENTRAL,PROD-HS-110,12159,111,22.353
2026-04-09T00:00:00Z,REG-CENTRAL,PROD-AS-200,16083,167,22.354
2026-04-09T00:00:00Z,REG-CENTRAL,PROD-LB-400,18004,188,22.354
2026-04-09T00:00:00Z,REG-CENTRAL,PROD-DM-300,8637,76,22.352
2026-04-09T00:00:00Z,REG-CENTRAL,PROD-VD-500,3851,29,22.351
2026-04-10T00:00:00Z,REG-COASTAL,PROD-HS-100,52546,545,22.213
2026-04-10T00:00:00Z,REG-COASTAL,PROD-HS-110,18684,181,22.212
2026-04-10T00:00:00Z,REG-COASTAL,PROD-AS-200,24672,238,22.213
2026-04-10T00:00:00Z,REG-COASTAL,PROD-LB-400,27596,252,22.213
2026-04-10T00:00:00Z,REG-COASTAL,PROD-DM-300,13259,131,22.213
2026-04-10T00:00:00Z,REG-COASTAL,PROD-VD-500,5911,47,22.212
2026-04-10T00:00:00Z,REG-SOUTH,PROD-HS-100,43374,325,22.213
2026-04-10T00:00:00Z,REG-SOUTH,PROD-HS-110,15431,126,22.213
2026-04-10T00:00:00Z,REG-SOUTH,PROD-AS-200,20402,188,22.213
2026-04-10T00:00:00Z,REG-SOUTH,PROD-LB-400,22828,193,22.213
2026-04-10T00:00:00Z,REG-SOUTH,PROD-DM-300,10967,105,22.213
2026-04-10T00:00:00Z,REG-SOUTH,PROD-VD-500,4907,42,22.215
2026-04-10T00:00:00Z,REG-DELTA,PROD-HS-100,38303,363,22.213
2026-04-10T00:00:00Z,REG-DELTA,PROD-HS-110,13635,130,22.212
2026-04-10T00:00:00Z,REG-DELTA,PROD-AS-200,17985,170,22.213
2026-04-10T00:00:00Z,REG-DELTA,PROD-LB-400,20119,172,22.213
2026-04-10T00:00:00Z,REG-DELTA,PROD-DM-300,9667,93,22.213
2026-04-10T00:00:00Z,REG-DELTA,PROD-VD-500,4321,34,22.212
2026-04-10T00:00:00Z,REG-ISLAND,PROD-HS-100,26884,273,22.213
2026-04-10T00:00:00Z,REG-ISLAND,PROD-HS-110,9542,79,22.214
2026-04-10T00:00:00Z,REG-ISLAND,PROD-AS-200,12635,129,22.213
2026-04-10T00:00:00Z,REG-ISLAND,PROD-LB-400,14139,145,22.213
2026-04-10T00:00:00Z,REG-ISLAND,PROD-DM-300,6774,66,22.212
2026-04-10T00:00:00Z,REG-ISLAND,PROD-VD-500,3031,32,22.215
2026-04-10T00:00:00Z,REG-NORTH,PROD-HS-100,37007,311,22.213
2026-04-10T00:00:00Z,REG-NORTH,PROD-HS-110,13193,132,22.213
2026-04-10T00:00:00Z,REG-NORTH,PROD-AS-200,17404,167,22.213
2026-04-10T00:00:00Z,REG-NORTH,PROD-LB-400,19458,177,22.213
2026-04-10T00:00:00Z,REG-NORTH,PROD-DM-300,9339,76,22.213
2026-04-10T00:00:00Z,REG-NORTH,PROD-VD-500,4185,31,22.214
2026-04-10T00:00:00Z,REG-CENTRAL,PROD-HS-100,34020,256,22.213
2026-04-10T00:00:00Z,REG-CENTRAL,PROD-HS-110,12106,89,22.213
2026-04-10T00:00:00Z,REG-CENTRAL,PROD-AS-200,16006,146,22.213
2026-04-10T00:00:00Z,REG-CENTRAL,PROD-LB-400,17886,138,22.213
2026-04-10T00:00:00Z,REG-CENTRAL,PROD-DM-300,8598,68,22.214
2026-04-10T00:00:00Z,REG-CENTRAL,PROD-VD-500,3860,39,22.215
2026-04-11T00:00:00Z,REG-COASTAL,PROD-HS-100,52401,494,22.107
2026-04-11T00:00:00Z,REG-COASTAL,PROD-HS-110,18627,168,22.107
2026-04-11T00:00:00Z,REG-COASTAL,PROD-AS-200,24598,214,22.107
2026-04-11T00:00:00Z,REG-COASTAL,PROD-LB-400,27509,207,22.107
2026-04-11T00:00:00Z,REG-COASTAL,PROD-DM-300,13250,141,22.106
2026-04-11T00:00:00Z,REG-COASTAL,PROD-VD-500,5908,50,22.106
2026-04-11T00:00:00Z,REG-SOUTH,PROD-HS-100,43329,353,22.107
2026-04-11T00:00:00Z,REG-SOUTH,PROD-HS-110,15452,154,22.107
2026-04-11T00:00:00Z,REG-SOUTH,PROD-AS-200,20355,171,22.107
2026-04-11T00:00:00Z,REG-SOUTH,PROD-LB-400,22826,233,22.107
2026-04-11T00:00:00Z,REG-SOUTH,PROD-DM-300,10966,111,22.108
2026-04-11T00:00:00Z,REG-SOUTH,PROD-VD-500,4900,36,22.109
2026-04-11T00:00:00Z,REG-DELTA,PROD-HS-100,38151,282,22.107
2026-04-11T00:00:00Z,REG-DELTA,PROD-HS-110,13599,136,22.107
2026-04-11T00:00:00Z,REG-DELTA,PROD-AS-200,17960,164,22.107
2026-04-11T00:00:00Z,REG-DELTA,PROD-LB-400,20086,168,22.107
2026-04-11T00:00:00Z,REG-DELTA,PROD-DM-300,9650,78,22.106
2026-04-11T00:00:00Z,REG-DELTA,PROD-VD-500,4306,39,22.109
2026-04-11T00:00:00Z,REG-ISLAND,PROD-HS-100,26787,236,22.107
2026-04-11T00:00:00Z,REG-ISLAND,PROD-HS-110,9518,78,22.108
2026-04-11T00:00:00Z,REG-ISLAND,PROD-AS-200,12592,124,22.106
2026-04-11T00:00:00Z,REG-ISLAND,PROD-LB-400,14090,118,22.108
2026-04-11T00:00:00Z,REG-ISLAND,PROD-DM-300,6750,52,22.106
2026-04-11T00:00:00Z,REG-ISLAND,PROD-VD-500,3039,32,22.11
2026-04-11T00:00:00Z,REG-NORTH,PROD-HS-100,36975,344,22.107
2026-04-11T00:00:00Z,REG-NORTH,PROD-HS-110,13125,104,22.107
2026-04-11T00:00:00Z,REG-NORTH,PROD-AS-200,17380,181,22.107
2026-04-11T00:00:00Z,REG-NORTH,PROD-LB-400,19447,192,22.107
2026-04-11T00:00:00Z,REG-NORTH,PROD-DM-300,9311,70,22.108
2026-04-11T00:00:00Z,REG-NORTH,PROD-VD-500,4164,30,22.107
2026-04-11T00:00:00Z,REG-CENTRAL,PROD-HS-100,34029,316,22.107
2026-04-11T00:00:00Z,REG-CENTRAL,PROD-HS-110,12093,89,22.107
2026-04-11T00:00:00Z,REG-CENTRAL,PROD-AS-200,15987,158,22.108
2026-04-11T00:00:00Z,REG-CENTRAL,PROD-LB-400,17859,129,22.107
2026-04-11T00:00:00Z,REG-CENTRAL,PROD-DM-300,8596,85,22.106
2026-04-11T00:00:00Z,REG-CENTRAL,PROD-VD-500,3839,37,22.105
2026-04-12T00:00:00Z,REG-COASTAL,PROD-HS-100,39301,384,22.037
2026-04-12T00:00:00Z,REG-COASTAL,PROD-HS-110,13943,104,22.037
2026-04-12T00:00:00Z,REG-COASTAL,PROD-AS-200,18425,134,22.037
2026-04-12T00:00:00Z,REG-COASTAL,PROD-LB-400,20647,175,22.037
2026-04-12T00:00:00Z,REG-COASTAL,PROD-DM-300,9910,82,22.036
2026-04-12T00:00:00Z,REG-COASTAL,PROD-VD-500,4450,43,22.035
2026-04-12T00:00:00Z,REG-SOUTH,PROD-HS-100,32480,262,22.037
2026-04-12T00:00:00Z,REG-SOUTH,PROD-HS-110,11548,89,22.037
2026-04-12T00:00:00Z,REG-SOUTH,PROD-AS-200,15272,133,22.036
2026-04-12T00:00:00Z,REG-SOUTH,PROD-LB-400,17090,144,22.036
2026-04-12T00:00:00Z,REG-SOUTH,PROD-DM-300,8214,82,22.038
2026-04-12T00:00:00Z,REG-SOUTH,PROD-VD-500,3668,32,22.036
2026-04-12T00:00:00Z,REG-DELTA,PROD-HS-100,28626,221,22.036
2026-04-12T00:00:00Z,REG-DELTA,PROD-HS-110,10197,104,22.037
2026-04-12T00:00:00Z,REG-DELTA,PROD-AS-200,13429,97,22.036
2026-04-12T00:00:00Z,REG-DELTA,PROD-LB-400,15099,158,22.037
2026-04-12T00:00:00Z,REG-DELTA,PROD-DM-300,7218,56,22.037
2026-04-12T00:00:00Z,REG-DELTA,PROD-VD-500,3250,33,22.034
2026-04-12T00:00:00Z,REG-ISLAND,PROD-HS-100,20101,180,22.037
2026-04-12T00:00:00Z,REG-ISLAND,PROD-HS-110,7173,77,22.037
2026-04-12T00:00:00Z,REG-ISLAND,PROD-AS-200,9429,85,22.038
2026-04-12T00:00:00Z,REG-ISLAND,PROD-LB-400,10567,100,22.036
2026-04-12T00:00:00Z,REG-ISLAND,PROD-DM-300,5078,54,22.035
2026-04-12T00:00:00Z,REG-ISLAND,PROD-VD-500,2272,24,22.039
2026-04-12T00:00:00Z,REG-NORTH,PROD-HS-100,27735,277,22.037
2026-04-12T00:00:00Z,REG-NORTH,PROD-HS-110,9843,81,22.036
2026-04-12T00:00:00Z,REG-NORTH,PROD-AS-200,12995,103,22.038
2026-04-12T00:00:00Z,REG-NORTH,PROD-LB-400,14571,137,22.037
2026-04-12T00:00:00Z,REG-NORTH,PROD-DM-300,7005,63,22.038
2026-04-12T00:00:00Z,REG-NORTH,PROD-VD-500,3139,32,22.035
2026-04-12T00:00:00Z,REG-CENTRAL,PROD-HS-100,25528,252,22.037
2026-04-12T00:00:00Z,REG-CENTRAL,PROD-HS-110,9084,93,22.037
2026-04-12T00:00:00Z,REG-CENTRAL,PROD-AS-200,11967,89,22.037
2026-04-12T00:00:00Z,REG-CENTRAL,PROD-LB-400,13405,117,22.036
2026-04-12T00:00:00Z,REG-CENTRAL,PROD-DM-300,6456,65,22.038
2026-04-12T00:00:00Z,REG-CENTRAL,PROD-VD-500,2893,28,22.038
2026-04-13T00:00:00Z,REG-COASTAL,PROD-HS-100,52487,516,22.003
2026-04-13T00:00:00Z,REG-COASTAL,PROD-HS-110,18673,190,22.004
2026-04-13T00:00:00Z,REG-COASTAL,PROD-AS-200,24610,187,22.003
2026-04-13T00:00:00Z,REG-COASTAL,PROD-LB-400,27535,207,22.003
2026-04-13T00:00:00Z,REG-COASTAL,PROD-DM-300,13243,107,22.003
2026-04-13T00:00:00Z,REG-COASTAL,PROD-VD-500,5936,61,22.004
2026-04-13T00:00:00Z,REG-SOUTH,PROD-HS-100,43444,428,22.003
2026-04-13T00:00:00Z,REG-SOUTH,PROD-HS-110,15435,121,22.003
2026-04-13T00:00:00Z,REG-SOUTH,PROD-AS-200,20406,207,22.003
2026-04-13T00:00:00Z,REG-SOUTH,PROD-LB-400,22824,205,22.003
2026-04-13T00:00:00Z,REG-SOUTH,PROD-DM-300,10972,102,22.004
2026-04-13T00:00:00Z,REG-SOUTH,PROD-VD-500,4913,50,22.005
2026-04-13T00:00:00Z,REG-DELTA,PROD-HS-100,38225,314,22.003
2026-04-13T00:00:00Z,REG-DELTA,PROD-HS-110,13595,107,22.003
2026-04-13T00:00:00Z,REG-DELTA,PROD-AS-200,17961,160,22.004
2026-04-13T00:00:00Z,REG-DELTA,PROD-LB-400,20138,203,22.003
2026-04-13T00:00:00Z,REG-DELTA,PROD-DM-300,9647,76,22.002
2026-04-13T00:00:00Z,REG-DELTA,PROD-VD-500,4337,46,22.005
2026-04-13T00:00:00Z,REG-ISLAND,PROD-HS-100,26829,227,22.003
2026-04-13T00:00:00Z,REG-ISLAND,PROD-HS-110,9541,80,22.002
2026-04-13T00:00:00Z,REG-ISLAND,PROD-AS-200,12620,122,22.004
2026-04-13T00:00:00Z,REG-ISLAND,PROD-LB-400,14122,150,22.003
2026-04-13T00:00:00Z,REG-ISLAND,PROD-DM-300,6782,71,22.003
2026-04-13T00:00:00Z,REG-ISLAND,PROD-VD-500,3041,27,22
2026-04-13T00:00:00Z,REG-NORTH,PROD-HS-100,37056,377,22.003
2026-04-13T00:00:00Z,REG-NORTH,PROD-HS-110,13171,123,22.003
2026-04-13T00:00:00Z,REG-NORTH,PROD-AS-200,17379,151,22.003
2026-04-13T00:00:00Z,REG-NORTH,PROD-LB-400,19470,195,22.003
2026-04-13T00:00:00Z,REG-NORTH,PROD-DM-300,9339,76,22.002
2026-04-13T00:00:00Z,REG-NORTH,PROD-VD-500,4180,43,22.005
2026-04-13T00:00:00Z,REG-CENTRAL,PROD-HS-100,34038,285,22.003
2026-04-13T00:00:00Z,REG-CENTRAL,PROD-HS-110,12143,129,22.004
2026-04-13T00:00:00Z,REG-CENTRAL,PROD-AS-200,16032,168,22.003
2026-04-13T00:00:00Z,REG-CENTRAL,PROD-LB-400,17933,176,22.004
2026-04-13T00:00:00Z,REG-CENTRAL,PROD-DM-300,8606,91,22.003
2026-04-13T00:00:00Z,REG-CENTRAL,PROD-VD-500,3846,39,22.006
2026-04-14T00:00:00Z,REG-COASTAL,PROD-HS-100,52607,474,22.006
2026-04-14T00:00:00Z,REG-COASTAL,PROD-HS-110,18693,142,22.006
2026-04-14T00:00:00Z,REG-COASTAL,PROD-AS-200,24730,237,22.006
2026-04-14T00:00:00Z,REG-COASTAL,PROD-LB-400,27708,288,22.006
2026-04-14T00:00:00Z,REG-COASTAL,PROD-DM-300,13295,135,22.007
2026-04-14T00:00:00Z,REG-COASTAL,PROD-VD-500,5944,46,22.007
2026-04-14T00:00:00Z,REG-SOUTH,PROD-HS-100,43529,374,22.007
2026-04-14T00:00:00Z,REG-SOUTH,PROD-HS-110,15488,128,22.006
2026-04-14T00:00:00Z,REG-SOUTH,PROD-AS-200,20459,191,22.007
2026-04-14T00:00:00Z,REG-SOUTH,PROD-LB-400,22910,221,22.007
2026-04-14T00:00:00Z,REG-SOUTH,PROD-DM-300,10974,81,22.006
2026-04-14T00:00:00Z,REG-SOUTH,PROD-VD-500,4907,44,22.005
2026-04-14T00:00:00Z,REG-DELTA,PROD-HS-100,38361,334,22.006
2026-04-14T00:00:00Z,REG-DELTA,PROD-HS-110,13665,131,22.007
2026-04-14T00:00:00Z,REG-DELTA,PROD-AS-200,18043,174,22.006
2026-04-14T00:00:00Z,REG-DELTA,PROD-LB-400,20178,174,22.007
2026-04-14T00:00:00Z,REG-DELTA,PROD-DM-300,9680,85,22.007
2026-04-14T00:00:00Z,REG-DELTA,PROD-VD-500,4334,43,22.005
2026-04-14T00:00:00Z,REG-ISLAND,PROD-HS-100,26942,270,22.007
2026-04-14T00:00:00Z,REG-ISLAND,PROD-HS-110,9556,71,22.007
2026-04-14T00:00:00Z,REG-ISLAND,PROD-AS-200,12618,96,22.007
2026-04-14T00:00:00Z,REG-ISLAND,PROD-LB-400,14169,151,22.006
2026-04-14T00:00:00Z,REG-ISLAND,PROD-DM-300,6801,67,22.007
2026-04-14T00:00:00Z,REG-ISLAND,PROD-VD-500,3038,23,22.007
2026-04-14T00:00:00Z,REG-NORTH,PROD-HS-100,37065,292,22.007
2026-04-14T00:00:00Z,REG-NORTH,PROD-HS-110,13189,95,22.007
2026-04-14T00:00:00Z,REG-NORTH,PROD-AS-200,17433,158,22.006
2026-04-14T00:00:00Z,REG-NORTH,PROD-LB-400,19552,208,22.007
2026-04-14T00:00:00Z,REG-NORTH,PROD-DM-300,9369,82,22.007
2026-04-14T00:00:00Z,REG-NORTH,PROD-VD-500,4192,33,22.005
2026-04-14T00:00:00Z,REG-CENTRAL,PROD-HS-100,34190,322,22.006
2026-04-14T00:00:00Z,REG-CENTRAL,PROD-HS-110,12133,95,22.007
2026-04-14T00:00:00Z,REG-CENTRAL,PROD-AS-200,16064,153,22.007
2026-04-14T00:00:00Z,REG-CENTRAL,PROD-LB-400,17983,180,22.006
2026-04-14T00:00:00Z,REG-CENTRAL,PROD-DM-300,8653,93,22.005
2026-04-14T00:00:00Z,REG-CENTRAL,PROD-VD-500,3869,40,22.006
2026-04-15T00:00:00Z,REG-COASTAL,PROD-HS-100,52873,490,22.047
2026-04-15T00:00:00Z,REG-COASTAL,PROD-HS-110,18771,142,22.046
2026-04-15T00:00:00Z,REG-COASTAL,PROD-AS-200,24835,231,22.047
2026-04-15T00:00:00Z,REG-COASTAL,PROD-LB-400,27804,268,22.046
2026-04-15T00:00:00Z,REG-COASTAL,PROD-DM-300,13369,141,22.047
2026-04-15T00:00:00Z,REG-COASTAL,PROD-VD-500,5967,59,22.045
2026-04-15T00:00:00Z,REG-SOUTH,PROD-HS-100,43705,339,22.047
2026-04-15T00:00:00Z,REG-SOUTH,PROD-HS-110,15560,127,22.047
2026-04-15T00:00:00Z,REG-SOUTH,PROD-AS-200,20533,162,22.047
2026-04-15T00:00:00Z,REG-SOUTH,PROD-LB-400,22973,177,22.046
2026-04-15T00:00:00Z,REG-SOUTH,PROD-DM-300,11049,92,22.046
2026-04-15T00:00:00Z,REG-SOUTH,PROD-VD-500,4939,45,22.045
2026-04-15T00:00:00Z,REG-DELTA,PROD-HS-100,38506,299,22.047
2026-04-15T00:00:00Z,REG-DELTA,PROD-HS-110,13722,119,22.047
2026-04-15T00:00:00Z,REG-DELTA,PROD-AS-200,18098,152,22.047
2026-04-15T00:00:00Z,REG-DELTA,PROD-LB-400,20276,192,22.046
2026-04-15T00:00:00Z,REG-DELTA,PROD-DM-300,9743,87,22.046
2026-04-15T00:00:00Z,REG-DELTA,PROD-VD-500,4354,33,22.046
2026-04-15T00:00:00Z,REG-ISLAND,PROD-HS-100,27094,285,22.047
2026-04-15T00:00:00Z,REG-ISLAND,PROD-HS-110,9617,93,22.046
2026-04-15T00:00:00Z,REG-ISLAND,PROD-AS-200,12717,128,22.047
2026-04-15T00:00:00Z,REG-ISLAND,PROD-LB-400,14215,127,22.047
2026-04-15T00:00:00Z,REG-ISLAND,PROD-DM-300,6823,55,22.046
2026-04-15T00:00:00Z,REG-ISLAND,PROD-VD-500,3050,30,22.044
2026-04-15T00:00:00Z,REG-NORTH,PROD-HS-100,37285,335,22.047
2026-04-15T00:00:00Z,REG-NORTH,PROD-HS-110,13238,98,22.047
2026-04-15T00:00:00Z,REG-NORTH,PROD-AS-200,17539,188,22.047
2026-04-15T00:00:00Z,REG-NORTH,PROD-LB-400,19606,183,22.047
2026-04-15T00:00:00Z,REG-NORTH,PROD-DM-300,9396,70,22.047
2026-04-15T00:00:00Z,REG-NORTH,PROD-VD-500,4204,37,22.048
2026-04-15T00:00:00Z,REG-CENTRAL,PROD-HS-100,34346,328,22.047
2026-04-15T00:00:00Z,REG-CENTRAL,PROD-HS-110,12230,126,22.047
2026-04-15T00:00:00Z,REG-CENTRAL,PROD-AS-200,16124,140,22.047
2026-04-15T00:00:00Z,REG-CENTRAL,PROD-LB-400,18027,147,22.047
2026-04-15T00:00:00Z,REG-CENTRAL,PROD-DM-300,8667,69,22.046
2026-04-15T00:00:00Z,REG-CENTRAL,PROD-VD-500,3874,38,22.046
2026-04-16T00:00:00Z,REG-COASTAL,PROD-HS-100,53285,565,22.123
2026-04-16T00:00:00Z,REG-COASTAL,PROD-HS-110,18936,176,22.123
2026-04-16T00:00:00Z,REG-COASTAL,PROD-AS-200,24949,193,22.123
2026-04-16T00:00:00Z,REG-COASTAL,PROD-LB-400,27970,250,22.123
2026-04-16T00:00:00Z,REG-COASTAL,PROD-DM-300,13455,137,22.123
2026-04-16T00:00:00Z,REG-COASTAL,PROD-VD-500,6003,52,22.123
2026-04-16T00:00:00Z,REG-SOUTH,PROD-HS-100,44025,398,22.123
2026-04-16T00:00:00Z,REG-SOUTH,PROD-HS-110,15651,120,22.124
2026-04-16T00:00:00Z,REG-SOUTH,PROD-AS-200,20708,222,22.123
2026-04-16T00:00:00Z,REG-SOUTH,PROD-LB-400,23118,176,22.123
2026-04-16T00:00:00Z,REG-SOUTH,PROD-DM-300,11117,100,22.122
2026-04-16T00:00:00Z,REG-SOUTH,PROD-VD-500,4983,50,22.121
2026-04-16T00:00:00Z,REG-DELTA,PROD-HS-100,38738,288,22.123
2026-04-16T00:00:00Z,REG-DELTA,PROD-HS-110,13777,105,22.123
2026-04-16T00:00:00Z,REG-DELTA,PROD-AS-200,18223,170,22.124
2026-04-16T00:00:00Z,REG-DELTA,PROD-LB-400,20374,153,22.124
2026-04-16T00:00:00Z,REG-DELTA,PROD-DM-300,9803,91,22.123
2026-04-16T00:00:00Z,REG-DELTA,PROD-VD-500,4383,47,22.122
2026-04-16T00:00:00Z,REG-ISLAND,PROD-HS-100,27170,202,22.123
2026-04-16T00:00:00Z,REG-ISLAND,PROD-HS-110,9687,86,22.122
2026-04-16T00:00:00Z,REG-ISLAND,PROD-AS-200,12785,108,22.124
2026-04-16T00:00:00Z,REG-ISLAND,PROD-LB-400,14291,110,22.123
2026-04-16T00:00:00Z,REG-ISLAND,PROD-DM-300,6880,66,22.123
2026-04-16T00:00:00Z,REG-ISLAND,PROD-VD-500,3076,23,22.123
2026-04-16T00:00:00Z,REG-NORTH,PROD-HS-100,37481,292,22.123
2026-04-16T00:00:00Z,REG-NORTH,PROD-HS-110,13329,99,22.124
2026-04-16T00:00:00Z,REG-NORTH,PROD-AS-200,17638,161,22.123
2026-04-16T00:00:00Z,REG-NORTH,PROD-LB-400,19706,149,22.123
2026-04-16T00:00:00Z,REG-NORTH,PROD-DM-300,9496,94,22.122
2026-04-16T00:00:00Z,REG-NORTH,PROD-VD-500,4240,37,22.121
2026-04-16T00:00:00Z,REG-CENTRAL,PROD-HS-100,34594,369,22.123
2026-04-16T00:00:00Z,REG-CENTRAL,PROD-HS-110,12293,103,22.123
2026-04-16T00:00:00Z,REG-CENTRAL,PROD-AS-200,16212,128,22.124
2026-04-16T00:00:00Z,REG-CENTRAL,PROD-LB-400,18179,171,22.123
2026-04-16T00:00:00Z,REG-CENTRAL,PROD-DM-300,8719,69,22.123
2026-04-16T00:00:00Z,REG-CENTRAL,PROD-VD-500,3905,33,22.126
2026-04-17T00:00:00Z,REG-COASTAL,PROD-HS-100,53568,426,22.235
2026-04-17T00:00:00Z,REG-COASTAL,PROD-HS-110,19042,142,22.235
2026-04-17T00:00:00Z,REG-COASTAL,PROD-AS-200,25158,210,22.235
2026-04-17T00:00:00Z,REG-COASTAL,PROD-LB-400,28148,220,22.236
2026-04-17T00:00:00Z,REG-COASTAL,PROD-DM-300,13541,133,22.235
2026-04-17T00:00:00Z,REG-COASTAL,PROD-VD-500,6057,53,22.237
2026-04-17T00:00:00Z,REG-SOUTH,PROD-HS-100,44452,471,22.235
2026-04-17T00:00:00Z,REG-SOUTH,PROD-HS-110,15768,114,22.236
2026-04-17T00:00:00Z,REG-SOUTH,PROD-AS-200,20830,173,22.236
2026-04-17T00:00:00Z,REG-SOUTH,PROD-LB-400,23343,218,22.236
2026-04-17T00:00:00Z,REG-SOUTH,PROD-DM-300,11208,113,22.234
2026-04-17T00:00:00Z,REG-SOUTH,PROD-VD-500,5009,51,22.233
2026-04-17T00:00:00Z,REG-DELTA,PROD-HS-100,39112,356,22.235
2026-04-17T00:00:00Z,REG-DELTA,PROD-HS-110,13923,137,22.235
2026-04-17T00:00:00Z,REG-DELTA,PROD-AS-200,18370,159,22.236
2026-04-17T00:00:00Z,REG-DELTA,PROD-LB-400,20519,151,22.236
2026-04-17T00:00:00Z,REG-DELTA,PROD-DM-300,9859,75,22.236
2026-04-17T00:00:00Z,REG-DELTA,PROD-VD-500,4417,37,22.234
2026-04-17T00:00:00Z,REG-ISLAND,PROD-HS-100,27396,202,22.235
2026-04-17T00:00:00Z,REG-ISLAND,PROD-HS-110,9755,83,22.234
2026-04-17T00:00:00Z,REG-ISLAND,PROD-AS-200,12884,121,22.235
2026-04-17T00:00:00Z,REG-ISLAND,PROD-LB-400,14435,138,22.235
2026-04-17T00:00:00Z,REG-ISLAND,PROD-DM-300,6933,62,22.236
2026-04-17T00:00:00Z,REG-ISLAND,PROD-VD-500,3094,26,22.232
2026-04-17T00:00:00Z,REG-NORTH,PROD-HS-100,37865,376,22.235
2026-04-17T00:00:00Z,REG-NORTH,PROD-HS-110,13476,135,22.235
2026-04-17T00:00:00Z,REG-NORTH,PROD-AS-200,17776,166,22.235
2026-04-17T00:00:00Z,REG-NORTH,PROD-LB-400,19863,163,22.235
2026-04-17T00:00:00Z,REG-NORTH,PROD-DM-300,9547,75,22.235
2026-04-17T00:00:00Z,REG-NORTH,PROD-VD-500,4266,41,22.237
2026-04-17T00:00:00Z,REG-CENTRAL,PROD-HS-100,34757,248,22.235
2026-04-17T00:00:00Z,REG-CENTRAL,PROD-HS-110,12400,126,22.236
2026-04-17T00:00:00Z,REG-CENTRAL,PROD-AS-200,16375,165,22.236
2026-04-17T00:00:00Z,REG-CENTRAL,PROD-LB-400,18283,139,22.235
2026-04-17T00:00:00Z,REG-CENTRAL,PROD-DM-300,8789,73,22.235
2026-04-17T00:00:00Z,REG-CENTRAL,PROD-VD-500,3927,36,22.234
2026-04-18T00:00:00Z,REG-COASTAL,PROD-HS-100,54199,573,22.381
2026-04-18T00:00:00Z,REG-COASTAL,PROD-HS-110,19223,154,22.381
2026-04-18T00:00:00Z,REG-COASTAL,PROD-AS-200,25409,230,22.381
2026-04-18T00:00:00Z,REG-COASTAL,PROD-LB-400,28469,268,22.382
2026-04-18T00:00:00Z,REG-COASTAL,PROD-DM-300,13666,125,22.382
2026-04-18T00:00:00Z,REG-COASTAL,PROD-VD-500,6125,60,22.38
2026-04-18T00:00:00Z,REG-SOUTH,PROD-HS-100,44701,318,22.382
2026-04-18T00:00:00Z,REG-SOUTH,PROD-HS-110,15943,142,22.381
2026-04-18T00:00:00Z,REG-SOUTH,PROD-AS-200,21021,161,22.382
2026-04-18T00:00:00Z,REG-SOUTH,PROD-LB-400,23542,198,22.382
2026-04-18T00:00:00Z,REG-SOUTH,PROD-DM-300,11321,108,22.381
2026-04-18T00:00:00Z,REG-SOUTH,PROD-VD-500,5063,50,22.379
2026-04-18T00:00:00Z,REG-DELTA,PROD-HS-100,39442,319,22.382
2026-04-18T00:00:00Z,REG-DELTA,PROD-HS-110,14053,132,22.381
2026-04-18T00:00:00Z,REG-DELTA,PROD-AS-200,18528,153,22.381
2026-04-18T00:00:00Z,REG-DELTA,PROD-LB-400,20784,215,22.382
2026-04-18T00:00:00Z,REG-DELTA,PROD-DM-300,9957,87,22.381
2026-04-18T00:00:00Z,REG-DELTA,PROD-VD-500,4446,37,22.381
2026-04-18T00:00:00Z,REG-ISLAND,PROD-HS-100,27649,209,22.382
2026-04-18T00:00:00Z,REG-ISLAND,PROD-HS-110,9862,104,22.381
2026-04-18T00:00:00Z,REG-ISLAND,PROD-AS-200,13029,137,22.382
2026-04-18T00:00:00Z,REG-ISLAND,PROD-LB-400,14573,137,22.381
2026-04-18T00:00:00Z,REG-ISLAND,PROD-DM-300,6988,50,22.381
2026-04-18T00:00:00Z,REG-ISLAND,PROD-VD-500,3116,27,22.384
2026-04-18T00:00:00Z,REG-NORTH,PROD-HS-100,38116,291,22.382
2026-04-18T00:00:00Z,REG-NORTH,PROD-HS-110,13565,114,22.381
2026-04-18T00:00:00Z,REG-NORTH,PROD-AS-200,17943,172,22.382
2026-04-18T00:00:00Z,REG-NORTH,PROD-LB-400,20080,183,22.381
2026-04-18T00:00:00Z,REG-NORTH,PROD-DM-300,9650,93,22.382
2026-04-18T00:00:00Z,REG-NORTH,PROD-VD-500,4307,32,22.382
2026-04-18T00:00:00Z,REG-CENTRAL,PROD-HS-100,35094,268,22.382
2026-04-18T00:00:00Z,REG-CENTRAL,PROD-HS-110,12528,129,22.381
2026-04-18T00:00:00Z,REG-CENTRAL,PROD-AS-200,16505,144,22.382
2026-04-18T00:00:00Z,REG-CENTRAL,PROD-LB-400,18473,165,22.381
2026-04-18T00:00:00Z,REG-CENTRAL,PROD-DM-300,8862,66,22.382
2026-04-18T00:00:00Z,REG-CENTRAL,PROD-VD-500,3972,33,22.381
2026-04-19T00:00:00Z,REG-COASTAL,PROD-HS-100,40971,318,22.56
2026-04-19T00:00:00Z,REG-COASTAL,PROD-HS-110,14588,127,22.56
2026-04-19T00:00:00Z,REG-COASTAL,PROD-AS-200,19223,137,22.56
2026-04-19T00:00:00Z,REG-COASTAL,PROD-LB-400,21582,218,22.56
2026-04-19T00:00:00Z,REG-COASTAL,PROD-DM-300,10348,83,22.56
2026-04-19T00:00:00Z,REG-COASTAL,PROD-VD-500,4642,40,22.559
2026-04-19T00:00:00Z,REG-SOUTH,PROD-HS-100,33963,303,22.56
2026-04-19T00:00:00Z,REG-SOUTH,PROD-HS-110,12071,92,22.559
2026-04-19T00:00:00Z,REG-SOUTH,PROD-AS-200,15966,151,22.561
2026-04-19T00:00:00Z,REG-SOUTH,PROD-LB-400,17866,179,22.56
2026-04-19T00:00:00Z,REG-SOUTH,PROD-DM-300,8568,63,22.56
2026-04-19T00:00:00Z,REG-SOUTH,PROD-VD-500,3818,28,22.56
2026-04-19T00:00:00Z,REG-DELTA,PROD-HS-100,29933,267,22.56
2026-04-19T00:00:00Z,REG-DELTA,PROD-HS-110,10662,104,22.56
2026-04-19T00:00:00Z,REG-DELTA,PROD-AS-200,14036,116,22.561
2026-04-19T00:00:00Z,REG-DELTA,PROD-LB-400,15705,116,22.56
2026-04-19T00:00:00Z,REG-DELTA,PROD-DM-300,7548,58,22.56
2026-04-19T00:00:00Z,REG-DELTA,PROD-VD-500,3372,33,22.561
2026-04-19T00:00:00Z,REG-ISLAND,PROD-HS-100,21013,213,22.56
2026-04-19T00:00:00Z,REG-ISLAND,PROD-HS-110,7461,61,22.561
2026-04-19T00:00:00Z,REG-ISLAND,PROD-AS-200,9865,97,22.559
2026-04-19T00:00:00Z,REG-ISLAND,PROD-LB-400,11047,105,22.561
2026-04-19T00:00:00Z,REG-ISLAND,PROD-DM-300,5294,38,22.558
2026-04-19T00:00:00Z,REG-ISLAND,PROD-VD-500,2367,21,22.558
2026-04-19T00:00:00Z,REG-NORTH,PROD-HS-100,28909,235,22.56
2026-04-19T00:00:00Z,REG-NORTH,PROD-HS-110,10280,83,22.56
2026-04-19T00:00:00Z,REG-NORTH,PROD-AS-200,13574,106,22.559
2026-04-19T00:00:00Z,REG-NORTH,PROD-LB-400,15217,147,22.56
2026-04-19T00:00:00Z,REG-NORTH,PROD-DM-300,7316,74,22.561
2026-04-19T00:00:00Z,REG-NORTH,PROD-VD-500,3274,25,22.563
2026-04-19T00:00:00Z,REG-CENTRAL,PROD-HS-100,26622,227,22.56
2026-04-19T00:00:00Z,REG-CENTRAL,PROD-HS-110,9480,95,22.56
2026-04-19T00:00:00Z,REG-CENTRAL,PROD-AS-200,12519,111,22.56
2026-04-19T00:00:00Z,REG-CENTRAL,PROD-LB-400,14001,127,22.559
2026-04-19T00:00:00Z,REG-CENTRAL,PROD-DM-300,6734,56,22.561
2026-04-19T00:00:00Z,REG-CENTRAL,PROD-VD-500,3004,26,22.561
2026-04-20T00:00:00Z,REG-COASTAL,PROD-HS-100,55385,535,22.769
2026-04-20T00:00:00Z,REG-COASTAL,PROD-HS-110,19701,188,22.769
2026-04-20T00:00:00Z,REG-COASTAL,PROD-AS-200,25957,206,22.768
2026-04-20T00:00:00Z,REG-COASTAL,PROD-LB-400,29066,218,22.769
2026-04-20T00:00:00Z,REG-COASTAL,PROD-DM-300,13974,131,22.768
2026-04-20T00:00:00Z,REG-COASTAL,PROD-VD-500,6248,55,22.768
2026-04-20T00:00:00Z,REG-SOUTH,PROD-HS-100,45749,348,22.769
2026-04-20T00:00:00Z,REG-SOUTH,PROD-HS-110,16282,139,22.769
2026-04-20T00:00:00Z,REG-SOUTH,PROD-AS-200,21495,161,22.768
2026-04-20T00:00:00Z,REG-SOUTH,PROD-LB-400,24071,210,22.768
2026-04-20T00:00:00Z,REG-SOUTH,PROD-DM-300,11564,89,22.768
2026-04-20T00:00:00Z,REG-SOUTH,PROD-VD-500,5166,43,22.769
2026-04-20T00:00:00Z,REG-DELTA,PROD-HS-100,40290,286,22.768
2026-04-20T00:00:00Z,REG-DELTA,PROD-HS-110,14379,149,22.768
2026-04-20T00:00:00Z,REG-DELTA,PROD-AS-200,18978,194,22.768
2026-04-20T00:00:00Z,REG-DELTA,PROD-LB-400,21236,198,22.768
2026-04-20T00:00:00Z,REG-DELTA,PROD-DM-300,10215,106,22.768
2026-04-20T00:00:00Z,REG-DELTA,PROD-VD-500,4547,39,22.768
2026-04-20T00:00:00Z,REG-ISLAND,PROD-HS-100,28308,234,22.769
2026-04-20T00:00:00Z,REG-ISLAND,PROD-HS-110,10054,81,22.769
2026-04-20T00:00:00Z,REG-ISLAND,PROD-AS-200,13312,129,22.769
2026-04-20T00:00:00Z,REG-ISLAND,PROD-LB-400,14877,123,22.769
2026-04-20T00:00:00Z,REG-ISLAND,PROD-DM-300,7144,63,22.768
2026-04-20T00:00:00Z,REG-ISLAND,PROD-VD-500,3197,32,22.77
2026-04-20T00:00:00Z,REG-NORTH,PROD-HS-100,39047,340,22.769
2026-04-20T00:00:00Z,REG-NORTH,PROD-HS-110,13914,139,22.769
2026-04-20T00:00:00Z,REG-NORTH,PROD-AS-200,18302,133,22.768
2026-04-20T00:00:00Z,REG-NORTH,PROD-LB-400,20516,161,22.768
2026-04-20T00:00:00Z,REG-NORTH,PROD-DM-300,9853,85,22.769
2026-04-20T00:00:00Z,REG-NORTH,PROD-VD-500,4404,32,22.771
2026-04-20T00:00:00Z,REG-CENTRAL,PROD-HS-100,35870,260,22.769
2026-04-20T00:00:00Z,REG-CENTRAL,PROD-HS-110,12791,109,22.768
2026-04-20T00:00:00Z,REG-CENTRAL,PROD-AS-200,16858,123,22.769
2026-04-20T00:00:00Z,REG-CENTRAL,PROD-LB-400,18905,166,22.769
2026-04-20T00:00:00Z,REG-CENTRAL,PROD-DM-300,9085,91,22.77
2026-04-20T00:00:00Z,REG-CENTRAL,PROD-VD-500,4065,35,22.768
2026-04-21T00:00:00Z,REG-COASTAL,PROD-HS-100,56124,568,23.005
2026-04-21T00:00:00Z,REG-COASTAL,PROD-HS-110,19918,157,23.005
2026-04-21T00:00:00Z,REG-COASTAL,PROD-AS-200,26302,215,23.004
2026-04-21T00:00:00Z,REG-COASTAL,PROD-LB-400,29445,229,23.005
2026-04-21T00:00:00Z,REG-COASTAL,PROD-DM-300,14161,128,23.005
2026-04-21T00:00:00Z,REG-COASTAL,PROD-VD-500,6334,54,23.004
2026-04-21T00:00:00Z,REG-SOUTH,PROD-HS-100,46463,477,23.005
2026-04-21T00:00:00Z,REG-SOUTH,PROD-HS-110,16507,151,23.004
2026-04-21T00:00:00Z,REG-SOUTH,PROD-AS-200,21775,174,23.004
2026-04-21T00:00:00Z,REG-SOUTH,PROD-LB-400,24394,216,23.005
2026-04-21T00:00:00Z,REG-SOUTH,PROD-DM-300,11712,95,23.004
2026-04-21T00:00:00Z,REG-SOUTH,PROD-VD-500,5252,53,23.004
2026-04-21T00:00:00Z,REG-DELTA,PROD-HS-100,40951,417,23.005
2026-04-21T00:00:00Z,REG-DELTA,PROD-HS-110,14571,147,23.005
2026-04-21T00:00:00Z,REG-DELTA,PROD-AS-200,19213,165,23.005
2026-04-21T00:00:00Z,REG-DELTA,PROD-LB-400,21517,215,23.004
2026-04-21T00:00:00Z,REG-DELTA,PROD-DM-300,10316,79,23.004
2026-04-21T00:00:00Z,REG-DELTA,PROD-VD-500,4617,39,23.005
2026-04-21T00:00:00Z,REG-ISLAND,PROD-HS-100,28672,238,23.005
2026-04-21T00:00:00Z,REG-ISLAND,PROD-HS-110,10213,91,23.005
2026-04-21T00:00:00Z,REG-ISLAND,PROD-AS-200,13466,123,23.005
2026-04-21T00:00:00Z,REG-ISLAND,PROD-LB-400,15104,151,23.005
2026-04-21T00:00:00Z,REG-ISLAND,PROD-DM-300,7237,60,23.003
2026-04-21T00:00:00Z,REG-ISLAND,PROD-VD-500,3244,23,23.007
2026-04-21T00:00:00Z,REG-NORTH,PROD-HS-100,39556,356,23.005
2026-04-21T00:00:00Z,REG-NORTH,PROD-HS-110,14053,112,23.005
2026-04-21T00:00:00Z,REG-NORTH,PROD-AS-200,18545,141,23.005
2026-04-21T00:00:00Z,REG-NORTH,PROD-LB-400,20786,174,23.004
2026-04-21T00:00:00Z,REG-NORTH,PROD-DM-300,9988,96,23.005
2026-04-21T00:00:00Z,REG-NORTH,PROD-VD-500,4453,36,23.005
2026-04-21T00:00:00Z,REG-CENTRAL,PROD-HS-100,36448,354,23.004
2026-04-21T00:00:00Z,REG-CENTRAL,PROD-HS-110,12971,134,23.005
2026-04-21T00:00:00Z,REG-CENTRAL,PROD-AS-200,17120,166,23.004
2026-04-21T00:00:00Z,REG-CENTRAL,PROD-LB-400,19153,174,23.005
2026-04-21T00:00:00Z,REG-CENTRAL,PROD-DM-300,9185,75,23.005
2026-04-21T00:00:00Z,REG-CENTRAL,PROD-VD-500,4108,36,23.006
2026-04-22T00:00:00Z,REG-COASTAL,PROD-HS-100,56843,494,23.265
2026-04-22T00:00:00Z,REG-COASTAL,PROD-HS-110,20211,156,23.266
2026-04-22T00:00:00Z,REG-COASTAL,PROD-AS-200,26696,243,23.266
2026-04-22T00:00:00Z,REG-COASTAL,PROD-LB-400,29848,231,23.266
2026-04-22T00:00:00Z,REG-COASTAL,PROD-DM-300,14370,132,23.265
2026-04-22T00:00:00Z,REG-COASTAL,PROD-VD-500,6400,49,23.264
2026-04-22T00:00:00Z,REG-SOUTH,PROD-HS-100,46988,364,23.265
2026-04-22T00:00:00Z,REG-SOUTH,PROD-HS-110,16704,116,23.265
2026-04-22T00:00:00Z,REG-SOUTH,PROD-AS-200,22072,179,23.266
2026-04-22T00:00:00Z,REG-SOUTH,PROD-LB-400,24743,221,23.266
2026-04-22T00:00:00Z,REG-SOUTH,PROD-DM-300,11867,95,23.265
2026-04-22T00:00:00Z,REG-SOUTH,PROD-VD-500,5300,42,23.265
2026-04-22T00:00:00Z,REG-DELTA,PROD-HS-100,41468,358,23.265
2026-04-22T00:00:00Z,REG-DELTA,PROD-HS-110,14748,137,23.266
2026-04-22T00:00:00Z,REG-DELTA,PROD-AS-200,19443,133,23.265
2026-04-22T00:00:00Z,REG-DELTA,PROD-LB-400,21768,154,23.266
2026-04-22T00:00:00Z,REG-DELTA,PROD-DM-300,10467,91,23.265
2026-04-22T00:00:00Z,REG-DELTA,PROD-VD-500,4699,46,23.265
2026-04-22T00:00:00Z,REG-ISLAND,PROD-HS-100,29109,283,23.266
2026-04-22T00:00:00Z,REG-ISLAND,PROD-HS-110,10343,83,23.265
2026-04-22T00:00:00Z,REG-ISLAND,PROD-AS-200,13651,111,23.265
2026-04-22T00:00:00Z,REG-ISLAND,PROD-LB-400,15281,135,23.266
2026-04-22T00:00:00Z,REG-ISLAND,PROD-DM-300,7348,66,23.265
2026-04-22T00:00:00Z,REG-ISLAND,PROD-VD-500,3286,29,23.264
2026-04-22T00:00:00Z,REG-NORTH,PROD-HS-100,40086,349,23.265
2026-04-22T00:00:00Z,REG-NORTH,PROD-HS-110,14277,132,23.265
2026-04-22T00:00:00Z,REG-NORTH,PROD-AS-200,18810,151,23.266
2026-04-22T00:00:00Z,REG-NORTH,PROD-LB-400,21052,160,23.265
2026-04-22T00:00:00Z,REG-NORTH,PROD-DM-300,10116,89,23.265
2026-04-22T00:00:00Z,REG-NORTH,PROD-VD-500,4536,46,23.264
2026-04-22T00:00:00Z,REG-CENTRAL,PROD-HS-100,36860,264,23.265
2026-04-22T00:00:00Z,REG-CENTRAL,PROD-HS-110,13109,104,23.265
2026-04-22T00:00:00Z,REG-CENTRAL,PROD-AS-200,17315,122,23.265
2026-04-22T00:00:00Z,REG-CENTRAL,PROD-LB-400,19406,166,23.265
2026-04-22T00:00:00Z,REG-CENTRAL,PROD-DM-300,9329,93,23.264
2026-04-22T00:00:00Z,REG-CENTRAL,PROD-VD-500,4182,41,23.264
2026-04-23T00:00:00Z,REG-COASTAL,PROD-HS-100,57629,456,23.547
2026-04-23T00:00:00Z,REG-COASTAL,PROD-HS-110,20537,192,23.547
2026-04-23T00:00:00Z,REG-COASTAL,PROD-AS-200,27067,223,23.547
2026-04-23T00:00:00Z,REG-COASTAL,PROD-LB-400,30321,274,23.548
2026-04-23T00:00:00Z,REG-COASTAL,PROD-DM-300,14535,100,23.548
2026-04-23T00:00:00Z,REG-COASTAL,PROD-VD-500,6504,52,23.547
2026-04-23T00:00:00Z,REG-SOUTH,PROD-HS-100,47777,470,23.548
2026-04-23T00:00:00Z,REG-SOUTH,PROD-HS-110,16951,115,23.547
2026-04-23T00:00:00Z,REG-SOUTH,PROD-AS-200,22435,206,23.548
2026-04-23T00:00:00Z,REG-SOUTH,PROD-LB-400,25136,246,23.548
2026-04-23T00:00:00Z,REG-SOUTH,PROD-DM-300,12038,99,23.548
2026-04-23T00:00:00Z,REG-SOUTH,PROD-VD-500,5387,42,23.546
2026-04-23T00:00:00Z,REG-DELTA,PROD-HS-100,42107,404,23.548
2026-04-23T00:00:00Z,REG-DELTA,PROD-HS-110,14954,119,23.548
2026-04-23T00:00:00Z,REG-DELTA,PROD-AS-200,19790,198,23.548
2026-04-23T00:00:00Z,REG-DELTA,PROD-LB-400,22105,182,23.548
2026-04-23T00:00:00Z,REG-DELTA,PROD-DM-300,10609,83,23.548
2026-04-23T00:00:00Z,REG-DELTA,PROD-VD-500,4744,34,23.55
2026-04-23T00:00:00Z,REG-ISLAND,PROD-HS-100,29491,245,23.548
2026-04-23T00:00:00Z,REG-ISLAND,PROD-HS-110,10500,92,23.548
2026-04-23T00:00:00Z,REG-ISLAND,PROD-AS-200,13833,105,23.547
2026-04-23T00:00:00Z,REG-ISLAND,PROD-LB-400,15509,132,23.548
2026-04-23T00:00:00Z,REG-ISLAND,PROD-DM-300,7460,66,23.548
2026-04-23T00:00:00Z,REG-ISLAND,PROD-VD-500,3323,26,23.55
2026-04-23T00:00:00Z,REG-NORTH,PROD-HS-100,40723,386,23.548
2026-04-23T00:00:00Z,REG-NORTH,PROD-HS-110,14443,103,23.547
2026-04-23T00:00:00Z,REG-NORTH,PROD-AS-200,19069,137,23.547
2026-04-23T00:00:00Z,REG-NORTH,PROD-LB-400,21396,203,23.548
2026-04-23T00:00:00Z,REG-NORTH,PROD-DM-300,10261,88,23.549
2026-04-23T00:00:00Z,REG-NORTH,PROD-VD-500,4588,43,23.549
2026-04-23T00:00:00Z,REG-CENTRAL,PROD-HS-100,37397,263,23.547
2026-04-23T00:00:00Z,REG-CENTRAL,PROD-HS-110,13324,114,23.547
2026-04-23T00:00:00Z,REG-CENTRAL,PROD-AS-200,17554,129,23.547
2026-04-23T00:00:00Z,REG-CENTRAL,PROD-LB-400,19719,198,23.548
2026-04-23T00:00:00Z,REG-CENTRAL,PROD-DM-300,9439,67,23.548
2026-04-23T00:00:00Z,REG-CENTRAL,PROD-VD-500,4226,35,23.545
2026-04-24T00:00:00Z,REG-COASTAL,PROD-HS-100,58520,475,23.848
2026-04-24T00:00:00Z,REG-COASTAL,PROD-HS-110,20811,159,23.848
2026-04-24T00:00:00Z,REG-COASTAL,PROD-AS-200,27519,261,23.848
2026-04-24T00:00:00Z,REG-COASTAL,PROD-LB-400,30784,259,23.848
2026-04-24T00:00:00Z,REG-COASTAL,PROD-DM-300,14802,136,23.847
2026-04-24T00:00:00Z,REG-COASTAL,PROD-VD-500,6611,53,23.847
2026-04-24T00:00:00Z,REG-SOUTH,PROD-HS-100,48477,448,23.848
2026-04-24T00:00:00Z,REG-SOUTH,PROD-HS-110,17236,137,23.848
2026-04-24T00:00:00Z,REG-SOUTH,PROD-AS-200,22741,181,23.848
2026-04-24T00:00:00Z,REG-SOUTH,PROD-LB-400,25445,190,23.848
2026-04-24T00:00:00Z,REG-SOUTH,PROD-DM-300,12240,102,23.847
2026-04-24T00:00:00Z,REG-SOUTH,PROD-VD-500,5486,49,23.846
2026-04-24T00:00:00Z,REG-DELTA,PROD-HS-100,42755,426,23.847
2026-04-24T00:00:00Z,REG-DELTA,PROD-HS-110,15223,151,23.848
2026-04-24T00:00:00Z,REG-DELTA,PROD-AS-200,20062,173,23.848
2026-04-24T00:00:00Z,REG-DELTA,PROD-LB-400,22449,199,23.848
2026-04-24T00:00:00Z,REG-DELTA,PROD-DM-300,10777,93,23.848
2026-04-24T00:00:00Z,REG-DELTA,PROD-VD-500,4837,44,23.846
2026-04-24T00:00:00Z,REG-ISLAND,PROD-HS-100,29944,254,23.847
2026-04-24T00:00:00Z,REG-ISLAND,PROD-HS-110,10659,95,23.847
2026-04-24T00:00:00Z,REG-ISLAND,PROD-AS-200,14068,117,23.848
2026-04-24T00:00:00Z,REG-ISLAND,PROD-LB-400,15756,136,23.847
2026-04-24T00:00:00Z,REG-ISLAND,PROD-DM-300,7552,64,23.847
2026-04-24T00:00:00Z,REG-ISLAND,PROD-VD-500,3396,33,23.851
2026-04-24T00:00:00Z,REG-NORTH,PROD-HS-100,41235,289,23.847
2026-04-24T00:00:00Z,REG-NORTH,PROD-HS-110,14678,107,23.848
2026-04-24T00:00:00Z,REG-NORTH,PROD-AS-200,19405,184,23.847
2026-04-24T00:00:00Z,REG-NORTH,PROD-LB-400,21718,184,23.847
2026-04-24T00:00:00Z,REG-NORTH,PROD-DM-300,10453,103,23.848
2026-04-24T00:00:00Z,REG-NORTH,PROD-VD-500,4658,32,23.845
2026-04-24T00:00:00Z,REG-CENTRAL,PROD-HS-100,37971,292,23.847
2026-04-24T00:00:00Z,REG-CENTRAL,PROD-HS-110,13523,121,23.847
2026-04-24T00:00:00Z,REG-CENTRAL,PROD-AS-200,17832,137,23.848
2026-04-24T00:00:00Z,REG-CENTRAL,PROD-LB-400,20008,191,23.847
2026-04-24T00:00:00Z,REG-CENTRAL,PROD-DM-300,9600,85,23.847
2026-04-24T00:00:00Z,REG-CENTRAL,PROD-VD-500,4284,39,23.848
2026-04-25T00:00:00Z,REG-COASTAL,PROD-HS-100,59379,424,24.162
2026-04-25T00:00:00Z,REG-COASTAL,PROD-HS-110,21135,163,24.161
2026-04-25T00:00:00Z,REG-COASTAL,PROD-AS-200,27951,262,24.161
2026-04-25T00:00:00Z,REG-COASTAL,PROD-LB-400,31270,270,24.162
2026-04-25T00:00:00Z,REG-COASTAL,PROD-DM-300,14985,101,24.162
2026-04-25T00:00:00Z,REG-COASTAL,PROD-VD-500,6725,56,24.163
2026-04-25T00:00:00Z,REG-SOUTH,PROD-HS-100,49123,340,24.162
2026-04-25T00:00:00Z,REG-SOUTH,PROD-HS-110,17472,124,24.162
2026-04-25T00:00:00Z,REG-SOUTH,PROD-AS-200,23068,163,24.161
2026-04-25T00:00:00Z,REG-SOUTH,PROD-LB-400,25912,252,24.162
2026-04-25T00:00:00Z,REG-SOUTH,PROD-DM-300,12417,95,24.161
2026-04-25T00:00:00Z,REG-SOUTH,PROD-VD-500,5562,53,24.162
2026-04-25T00:00:00Z,REG-DELTA,PROD-HS-100,43369,361,24.162
2026-04-25T00:00:00Z,REG-DELTA,PROD-HS-110,15426,132,24.161
2026-04-25T00:00:00Z,REG-DELTA,PROD-AS-200,20398,199,24.161
2026-04-25T00:00:00Z,REG-DELTA,PROD-LB-400,22766,151,24.161
2026-04-25T00:00:00Z,REG-DELTA,PROD-DM-300,10924,75,24.163
2026-04-25T00:00:00Z,REG-DELTA,PROD-VD-500,4905,48,24.164
2026-04-25T00:00:00Z,REG-ISLAND,PROD-HS-100,30397,243,24.162
2026-04-25T00:00:00Z,REG-ISLAND,PROD-HS-110,10829,101,24.162
2026-04-25T00:00:00Z,REG-ISLAND,PROD-AS-200,14257,98,24.162
2026-04-25T00:00:00Z,REG-ISLAND,PROD-LB-400,16001,151,24.162
2026-04-25T00:00:00Z,REG-ISLAND,PROD-DM-300,7664,53,24.162
2026-04-25T00:00:00Z,REG-ISLAND,PROD-VD-500,3434,27,24.163
2026-04-25T00:00:00Z,REG-NORTH,PROD-HS-100,41926,344,24.162
2026-04-25T00:00:00Z,REG-NORTH,PROD-HS-110,14930,143,24.162
2026-04-25T00:00:00Z,REG-NORTH,PROD-AS-200,19689,166,24.162
2026-04-25T00:00:00Z,REG-NORTH,PROD-LB-400,22083,217,24.161
2026-04-25T00:00:00Z,REG-NORTH,PROD-DM-300,10586,76,24.161
2026-04-25T00:00:00Z,REG-NORTH,PROD-VD-500,4722,35,24.16
2026-04-25T00:00:00Z,REG-CENTRAL,PROD-HS-100,38623,351,24.162
2026-04-25T00:00:00Z,REG-CENTRAL,PROD-HS-110,13729,102,24.161
2026-04-25T00:00:00Z,REG-CENTRAL,PROD-AS-200,18101,125,24.161
2026-04-25T00:00:00Z,REG-CENTRAL,PROD-LB-400,20291,164,24.162
2026-04-25T00:00:00Z,REG-CENTRAL,PROD-DM-300,9755,90,24.163
2026-04-25T00:00:00Z,REG-CENTRAL,PROD-VD-500,4361,36,24.162
2026-04-26T00:00:00Z,REG-COASTAL,PROD-HS-100,45241,333,24.486
2026-04-26T00:00:00Z,REG-COASTAL,PROD-HS-110,16108,143,24.486
2026-04-26T00:00:00Z,REG-COASTAL,PROD-AS-200,21246,163,24.487
2026-04-26T00:00:00Z,REG-COASTAL,PROD-LB-400,23760,155,24.487
2026-04-26T00:00:00Z,REG-COASTAL,PROD-DM-300,11429,92,24.486
2026-04-26T00:00:00Z,REG-COASTAL,PROD-VD-500,5106,37,24.488
2026-04-26T00:00:00Z,REG-SOUTH,PROD-HS-100,37505,335,24.486
2026-04-26T00:00:00Z,REG-SOUTH,PROD-HS-110,13313,90,24.487
2026-04-26T00:00:00Z,REG-SOUTH,PROD-AS-200,17629,170,24.487
2026-04-26T00:00:00Z,REG-SOUTH,PROD-LB-400,19669,129,24.486
2026-04-26T00:00:00Z,REG-SOUTH,PROD-DM-300,9468,90,24.486
2026-04-26T00:00:00Z,REG-SOUTH,PROD-VD-500,4227,40,24.485
2026-04-26T00:00:00Z,REG-DELTA,PROD-HS-100,33071,308,24.487
2026-04-26T00:00:00Z,REG-DELTA,PROD-HS-110,11769,114,24.485
2026-04-26T00:00:00Z,REG-DELTA,PROD-AS-200,15527,150,24.486
2026-04-26T00:00:00Z,REG-DELTA,PROD-LB-400,17368,154,24.486
2026-04-26T00:00:00Z,REG-DELTA,PROD-DM-300,8340,64,24.485
2026-04-26T00:00:00Z,REG-DELTA,PROD-VD-500,3723,26,24.483
2026-04-26T00:00:00Z,REG-ISLAND,PROD-HS-100,23170,202,24.486
2026-04-26T00:00:00Z,REG-ISLAND,PROD-HS-110,8242,64,24.485
2026-04-26T00:00:00Z,REG-ISLAND,PROD-AS-200,10876,78,24.485
2026-04-26T00:00:00Z,REG-ISLAND,PROD-LB-400,12171,99,24.487
2026-04-26T00:00:00Z,REG-ISLAND,PROD-DM-300,5858,55,24.485
2026-04-26T00:00:00Z,REG-ISLAND,PROD-VD-500,2621,25,24.491
2026-04-26T00:00:00Z,REG-NORTH,PROD-HS-100,31984,299,24.486
2026-04-26T00:00:00Z,REG-NORTH,PROD-HS-110,11359,95,24.487
2026-04-26T00:00:00Z,REG-NORTH,PROD-AS-200,15026,138,24.487
2026-04-26T00:00:00Z,REG-NORTH,PROD-LB-400,16784,133,24.487
2026-04-26T00:00:00Z,REG-NORTH,PROD-DM-300,8068,61,24.486
2026-04-26T00:00:00Z,REG-NORTH,PROD-VD-500,3610,35,24.486
2026-04-26T00:00:00Z,REG-CENTRAL,PROD-HS-100,29380,217,24.486
2026-04-26T00:00:00Z,REG-CENTRAL,PROD-HS-110,10481,99,24.486
2026-04-26T00:00:00Z,REG-CENTRAL,PROD-AS-200,13802,114,24.487
2026-04-26T00:00:00Z,REG-CENTRAL,PROD-LB-400,15470,142,24.486
2026-04-26T00:00:00Z,REG-CENTRAL,PROD-DM-300,7420,50,24.485
2026-04-26T00:00:00Z,REG-CENTRAL,PROD-VD-500,3334,28,24.489
2026-04-27T00:00:00Z,REG-COASTAL,PROD-HS-100,61299,472,24.817
2026-04-27T00:00:00Z,REG-COASTAL,PROD-HS-110,21825,184,24.818
2026-04-27T00:00:00Z,REG-COASTAL,PROD-AS-200,28775,210,24.818
2026-04-27T00:00:00Z,REG-COASTAL,PROD-LB-400,32243,254,24.817
2026-04-27T00:00:00Z,REG-COASTAL,PROD-DM-300,15469,107,24.817
2026-04-27T00:00:00Z,REG-COASTAL,PROD-VD-500,6927,53,24.816
2026-04-27T00:00:00Z,REG-SOUTH,PROD-HS-100,50732,378,24.817
2026-04-27T00:00:00Z,REG-SOUTH,PROD-HS-110,18073,155,24.817
2026-04-27T00:00:00Z,REG-SOUTH,PROD-AS-200,23838,187,24.817
2026-04-27T00:00:00Z,REG-SOUTH,PROD-LB-400,26656,176,24.817
2026-04-27T00:00:00Z,REG-SOUTH,PROD-DM-300,12797,91,24.816
2026-04-27T00:00:00Z,REG-SOUTH,PROD-VD-500,5725,42,24.817
2026-04-27T00:00:00Z,REG-DELTA,PROD-HS-100,44659,286,24.817
2026-04-27T00:00:00Z,REG-DELTA,PROD-HS-110,15914,130,24.818
2026-04-27T00:00:00Z,REG-DELTA,PROD-AS-200,20983,137,24.817
2026-04-27T00:00:00Z,REG-DELTA,PROD-LB-400,23524,196,24.817
2026-04-27T00:00:00Z,REG-DELTA,PROD-DM-300,11299,82,24.816
2026-04-27T00:00:00Z,REG-DELTA,PROD-VD-500,5054,41,24.817
2026-04-27T00:00:00Z,REG-ISLAND,PROD-HS-100,31368,247,24.817
2026-04-27T00:00:00Z,REG-ISLAND,PROD-HS-110,11174,106,24.816
2026-04-27T00:00:00Z,REG-ISLAND,PROD-AS-200,14716,99,24.817
2026-04-27T00:00:00Z,REG-ISLAND,PROD-LB-400,16506,151,24.818
2026-04-27T00:00:00Z,REG-ISLAND,PROD-DM-300,7918,51,24.817
2026-04-27T00:00:00Z,REG-ISLAND,PROD-VD-500,3550,26,24.817
2026-04-27T00:00:00Z,REG-NORTH,PROD-HS-100,43293,384,24.817
2026-04-27T00:00:00Z,REG-NORTH,PROD-HS-110,15384,121,24.818
2026-04-27T00:00:00Z,REG-NORTH,PROD-AS-200,20329,177,24.818
2026-04-27T00:00:00Z,REG-NORTH,PROD-LB-400,22715,156,24.817
2026-04-27T00:00:00Z,REG-NORTH,PROD-DM-300,10918,73,24.817
2026-04-27T00:00:00Z,REG-NORTH,PROD-VD-500,4881,42,24.815
2026-04-27T00:00:00Z,REG-CENTRAL,PROD-HS-100,39872,363,24.817
2026-04-27T00:00:00Z,REG-CENTRAL,PROD-HS-110,14159,112,24.818
2026-04-27T00:00:00Z,REG-CENTRAL,PROD-AS-200,18698,135,24.817
2026-04-27T00:00:00Z,REG-CENTRAL,PROD-LB-400,20911,139,24.817
2026-04-27T00:00:00Z,REG-CENTRAL,PROD-DM-300,10047,70,24.818
2026-04-27T00:00:00Z,REG-CENTRAL,PROD-VD-500,4510,43,24.817
2026-04-28T00:00:00Z,REG-COASTAL,PROD-HS-100,62342,548,25.15
2026-04-28T00:00:00Z,REG-COASTAL,PROD-HS-110,22161,180,25.15
2026-04-28T00:00:00Z,REG-COASTAL,PROD-AS-200,29255,231,25.151
2026-04-28T00:00:00Z,REG-COASTAL,PROD-LB-400,32704,210,25.15
2026-04-28T00:00:00Z,REG-COASTAL,PROD-DM-300,15706,113,25.15
2026-04-28T00:00:00Z,REG-COASTAL,PROD-VD-500,7024,57,25.152
2026-04-28T00:00:00Z,REG-SOUTH,PROD-HS-100,51565,434,25.151
2026-04-28T00:00:00Z,REG-SOUTH,PROD-HS-110,18328,144,25.151
2026-04-28T00:00:00Z,REG-SOUTH,PROD-AS-200,24234,215,25.151
2026-04-28T00:00:00Z,REG-SOUTH,PROD-LB-400,27121,235,25.151
2026-04-28T00:00:00Z,REG-SOUTH,PROD-DM-300,13005,103,25.15
2026-04-28T00:00:00Z,REG-SOUTH,PROD-VD-500,5823,38,25.152
2026-04-28T00:00:00Z,REG-DELTA,PROD-HS-100,45402,333,25.15
2026-04-28T00:00:00Z,REG-DELTA,PROD-HS-110,16153,107,25.15
2026-04-28T00:00:00Z,REG-DELTA,PROD-AS-200,21325,148,25.151
2026-04-28T00:00:00Z,REG-DELTA,PROD-LB-400,23878,186,25.151
2026-04-28T00:00:00Z,REG-DELTA,PROD-DM-300,11487,94,25.15
2026-04-28T00:00:00Z,REG-DELTA,PROD-VD-500,5119,39,25.149
2026-04-28T00:00:00Z,REG-ISLAND,PROD-HS-100,31912,298,25.15
2026-04-28T00:00:00Z,REG-ISLAND,PROD-HS-110,11343,101,25.15
2026-04-28T00:00:00Z,REG-ISLAND,PROD-AS-200,14947,108,25.151
2026-04-28T00:00:00Z,REG-ISLAND,PROD-LB-400,16773,149,25.15
2026-04-28T00:00:00Z,REG-ISLAND,PROD-DM-300,8047,74,25.151
2026-04-28T00:00:00Z,REG-ISLAND,PROD-VD-500,3594,23,25.148
2026-04-28T00:00:00Z,REG-NORTH,PROD-HS-100,43918,332,25.151
2026-04-28T00:00:00Z,REG-NORTH,PROD-HS-110,15640,122,25.151
2026-04-28T00:00:00Z,REG-NORTH,PROD-AS-200,20623,151,25.15
2026-04-28T00:00:00Z,REG-NORTH,PROD-LB-400,23130,218,25.15
2026-04-28T00:00:00Z,REG-NORTH,PROD-DM-300,11112,96,25.151
2026-04-28T00:00:00Z,REG-NORTH,PROD-VD-500,4967,38,25.148
2026-04-28T00:00:00Z,REG-CENTRAL,PROD-HS-100,40426,311,25.15
2026-04-28T00:00:00Z,REG-CENTRAL,PROD-HS-110,14414,129,25.15
2026-04-28T00:00:00Z,REG-CENTRAL,PROD-AS-200,18987,149,25.151
2026-04-28T00:00:00Z,REG-CENTRAL,PROD-LB-400,21283,182,25.15
2026-04-28T00:00:00Z,REG-CENTRAL,PROD-DM-300,10209,73,25.151
2026-04-28T00:00:00Z,REG-CENTRAL,PROD-VD-500,4564,37,25.15
2026-04-29T00:00:00Z,REG-COASTAL,PROD-HS-100,63269,533,25.482
2026-04-29T00:00:00Z,REG-COASTAL,PROD-HS-110,22531,209,25.482
2026-04-29T00:00:00Z,REG-COASTAL,PROD-AS-200,29727,270,25.482
2026-04-29T00:00:00Z,REG-COASTAL,PROD-LB-400,33216,243,25.481
2026-04-29T00:00:00Z,REG-COASTAL,PROD-DM-300,15987,137,25.482
2026-04-29T00:00:00Z,REG-COASTAL,PROD-VD-500,7129,45,25.482
2026-04-29T00:00:00Z,REG-SOUTH,PROD-HS-100,52289,357,25.482
2026-04-29T00:00:00Z,REG-SOUTH,PROD-HS-110,18625,151,25.481
2026-04-29T00:00:00Z,REG-SOUTH,PROD-AS-200,24579,193,25.482
2026-04-29T00:00:00Z,REG-SOUTH,PROD-LB-400,27527,236,25.482
2026-04-29T00:00:00Z,REG-SOUTH,PROD-DM-300,13206,83,25.482
2026-04-29T00:00:00Z,REG-SOUTH,PROD-VD-500,5912,51,25.483
2026-04-29T00:00:00Z,REG-DELTA,PROD-HS-100,46159,394,25.482
2026-04-29T00:00:00Z,REG-DELTA,PROD-HS-110,16423,140,25.482
2026-04-29T00:00:00Z,REG-DELTA,PROD-AS-200,21684,177,25.482
2026-04-29T00:00:00Z,REG-DELTA,PROD-LB-400,24258,203,25.482
2026-04-29T00:00:00Z,REG-DELTA,PROD-DM-300,11642,73,25.482
2026-04-29T00:00:00Z,REG-DELTA,PROD-VD-500,5221,48,25.483
2026-04-29T00:00:00Z,REG-ISLAND,PROD-HS-100,32408,301,25.482
2026-04-29T00:00:00Z,REG-ISLAND,PROD-HS-110,11513,97,25.482
2026-04-29T00:00:00Z,REG-ISLAND,PROD-AS-200,15212,127,25.481
2026-04-29T00:00:00Z,REG-ISLAND,PROD-LB-400,16997,128,25.482
2026-04-29T00:00:00Z,REG-ISLAND,PROD-DM-300,8176,73,25.481
2026-04-29T00:00:00Z,REG-ISLAND,PROD-VD-500,3649,31,25.479
2026-04-29T00:00:00Z,REG-NORTH,PROD-HS-100,44609,347,25.482
2026-04-29T00:00:00Z,REG-NORTH,PROD-HS-110,15851,103,25.482
2026-04-29T00:00:00Z,REG-NORTH,PROD-AS-200,20981,188,25.482
2026-04-29T00:00:00Z,REG-NORTH,PROD-LB-400,23480,215,25.482
2026-04-29T00:00:00Z,REG-NORTH,PROD-DM-300,11273,87,25.481
2026-04-29T00:00:00Z,REG-NORTH,PROD-VD-500,5038,44,25.48
2026-04-29T00:00:00Z,REG-CENTRAL,PROD-HS-100,41011,266,25.482
2026-04-29T00:00:00Z,REG-CENTRAL,PROD-HS-110,14624,125,25.482
2026-04-29T00:00:00Z,REG-CENTRAL,PROD-AS-200,19260,123,25.482
2026-04-29T00:00:00Z,REG-CENTRAL,PROD-LB-400,21603,173,25.482
2026-04-29T00:00:00Z,REG-CENTRAL,PROD-DM-300,10361,66,25.483
2026-04-29T00:00:00Z,REG-CENTRAL,PROD-VD-500,4653,41,25.481
2026-04-30T00:00:00Z,REG-COASTAL,PROD-HS-100,64071,405,25.807
2026-04-30T00:00:00Z,REG-COASTAL,PROD-HS-110,22815,156,25.808
2026-04-30T00:00:00Z,REG-COASTAL,PROD-AS-200,30123,213,25.807
2026-04-30T00:00:00Z,REG-COASTAL,PROD-LB-400,33730,258,25.807
2026-04-30T00:00:00Z,REG-COASTAL,PROD-DM-300,16226,148,25.807
2026-04-30T00:00:00Z,REG-COASTAL,PROD-VD-500,7255,55,25.806
2026-04-30T00:00:00Z,REG-SOUTH,PROD-HS-100,53117,419,25.807
2026-04-30T00:00:00Z,REG-SOUTH,PROD-HS-110,18907,145,25.807
2026-04-30T00:00:00Z,REG-SOUTH,PROD-AS-200,24938,189,25.807
2026-04-30T00:00:00Z,REG-SOUTH,PROD-LB-400,27893,176,25.807
2026-04-30T00:00:00Z,REG-SOUTH,PROD-DM-300,13410,94,25.806
2026-04-30T00:00:00Z,REG-SOUTH,PROD-VD-500,6002,41,25.805
2026-04-30T00:00:00Z,REG-DELTA,PROD-HS-100,46872,419,25.807
2026-04-30T00:00:00Z,REG-DELTA,PROD-HS-110,16660,143,25.808
2026-04-30T00:00:00Z,REG-DELTA,PROD-AS-200,21950,143,25.807
2026-04-30T00:00:00Z,REG-DELTA,PROD-LB-400,24567,154,25.807
2026-04-30T00:00:00Z,REG-DELTA,PROD-DM-300,11845,103,25.807
2026-04-30T00:00:00Z,REG-DELTA,PROD-VD-500,5287,48,25.808
2026-04-30T00:00:00Z,REG-ISLAND,PROD-HS-100,32776,208,25.807
2026-04-30T00:00:00Z,REG-ISLAND,PROD-HS-110,11683,96,25.806
2026-04-30T00:00:00Z,REG-ISLAND,PROD-AS-200,15421,117,25.808
2026-04-30T00:00:00Z,REG-ISLAND,PROD-LB-400,17254,118,25.807
2026-04-30T00:00:00Z,REG-ISLAND,PROD-DM-300,8294,62,25.806
2026-04-30T00:00:00Z,REG-ISLAND,PROD-VD-500,3713,23,25.804
2026-04-30T00:00:00Z,REG-NORTH,PROD-HS-100,45226,296,25.807
2026-04-30T00:00:00Z,REG-NORTH,PROD-HS-110,16096,121,25.808
2026-04-30T00:00:00Z,REG-NORTH,PROD-AS-200,21243,133,25.807
2026-04-30T00:00:00Z,REG-NORTH,PROD-LB-400,23822,209,25.807
2026-04-30T00:00:00Z,REG-NORTH,PROD-DM-300,11431,76,25.807
2026-04-30T00:00:00Z,REG-NORTH,PROD-VD-500,5126,42,25.807
2026-04-30T00:00:00Z,REG-CENTRAL,PROD-HS-100,41726,383,25.807
2026-04-30T00:00:00Z,REG-CENTRAL,PROD-HS-110,14828,118,25.807
2026-04-30T00:00:00Z,REG-CENTRAL,PROD-AS-200,19595,162,25.807
2026-04-30T00:00:00Z,REG-CENTRAL,PROD-LB-400,21876,146,25.808
2026-04-30T00:00:00Z,REG-CENTRAL,PROD-DM-300,10533,81,25.807
2026-04-30T00:00:00Z,REG-CENTRAL,PROD-VD-500,4702,31,25.807
2026-05-01T00:00:00Z,REG-COASTAL,PROD-HS-100,65080,505,26.123
2026-05-01T00:00:00Z,REG-COASTAL,PROD-HS-110,23158,170,26.123
2026-05-01T00:00:00Z,REG-COASTAL,PROD-AS-200,30584,256,26.122
2026-05-01T00:00:00Z,REG-COASTAL,PROD-LB-400,34206,247,26.122
2026-05-01T00:00:00Z,REG-COASTAL,PROD-DM-300,16434,134,26.122
2026-05-01T00:00:00Z,REG-COASTAL,PROD-VD-500,7341,53,26.122
2026-05-01T00:00:00Z,REG-SOUTH,PROD-HS-100,53908,435,26.123
2026-05-01T00:00:00Z,REG-SOUTH,PROD-HS-110,19163,146,26.122
2026-05-01T00:00:00Z,REG-SOUTH,PROD-AS-200,25297,193,26.123
2026-05-01T00:00:00Z,REG-SOUTH,PROD-LB-400,28319,211,26.123
2026-05-01T00:00:00Z,REG-SOUTH,PROD-DM-300,13623,118,26.122
2026-05-01T00:00:00Z,REG-SOUTH,PROD-VD-500,6074,40,26.121
2026-05-01T00:00:00Z,REG-DELTA,PROD-HS-100,47452,327,26.123
2026-05-01T00:00:00Z,REG-DELTA,PROD-HS-110,16887,116,26.123
2026-05-01T00:00:00Z,REG-DELTA,PROD-AS-200,22262,136,26.123
2026-05-01T00:00:00Z,REG-DELTA,PROD-LB-400,24917,153,26.122
2026-05-01T00:00:00Z,REG-DELTA,PROD-DM-300,11961,75,26.123
2026-05-01T00:00:00Z,REG-DELTA,PROD-VD-500,5377,48,26.123
2026-05-01T00:00:00Z,REG-ISLAND,PROD-HS-100,33348,303,26.123
2026-05-01T00:00:00Z,REG-ISLAND,PROD-HS-110,11836,81,26.122
2026-05-01T00:00:00Z,REG-ISLAND,PROD-AS-200,15635,118,26.123
2026-05-01T00:00:00Z,REG-ISLAND,PROD-LB-400,17480,109,26.122
2026-05-01T00:00:00Z,REG-ISLAND,PROD-DM-300,8398,65,26.122
2026-05-01T00:00:00Z,REG-ISLAND,PROD-VD-500,3767,31,26.126
2026-05-01T00:00:00Z,REG-NORTH,PROD-HS-100,45923,365,26.123
2026-05-01T00:00:00Z,REG-NORTH,PROD-HS-110,16324,102,26.122
2026-05-01T00:00:00Z,REG-NORTH,PROD-AS-200,21559,165,26.122
2026-05-01T00:00:00Z,REG-NORTH,PROD-LB-400,24162,208,26.122
2026-05-01T00:00:00Z,REG-NORTH,PROD-DM-300,11594,100,26.123
2026-05-01T00:00:00Z,REG-NORTH,PROD-VD-500,5182,36,26.122
2026-05-01T00:00:00Z,REG-CENTRAL,PROD-HS-100,42238,285,26.123
2026-05-01T00:00:00Z,REG-CENTRAL,PROD-HS-110,15022,106,26.123
2026-05-01T00:00:00Z,REG-CENTRAL,PROD-AS-200,19839,143,26.122
2026-05-01T00:00:00Z,REG-CENTRAL,PROD-LB-400,22229,182,26.122
2026-05-01T00:00:00Z,REG-CENTRAL,PROD-DM-300,10649,69,26.123
2026-05-01T00:00:00Z,REG-CENTRAL,PROD-VD-500,4767,39,26.122
2026-05-02T00:00:00Z,REG-COASTAL,PROD-HS-100,65990,538,26.424
2026-05-02T00:00:00Z,REG-COASTAL,PROD-HS-110,23468,188,26.425
2026-05-02T00:00:00Z,REG-COASTAL,PROD-AS-200,30974,216,26.424
2026-05-02T00:00:00Z,REG-COASTAL,PROD-LB-400,34694,264,26.424
2026-05-02T00:00:00Z,REG-COASTAL,PROD-DM-300,16685,144,26.423
2026-05-02T00:00:00Z,REG-COASTAL,PROD-VD-500,7456,57,26.425
2026-05-02T00:00:00Z,REG-SOUTH,PROD-HS-100,54653,457,26.424
2026-05-02T00:00:00Z,REG-SOUTH,PROD-HS-110,19458,168,26.425
2026-05-02T00:00:00Z,REG-SOUTH,PROD-AS-200,25620,174,26.424
2026-05-02T00:00:00Z,REG-SOUTH,PROD-LB-400,28700,215,26.424
2026-05-02T00:00:00Z,REG-SOUTH,PROD-DM-300,13778,90,26.425
2026-05-02T00:00:00Z,REG-SOUTH,PROD-VD-500,6180,50,26.422
2026-05-02T00:00:00Z,REG-DELTA,PROD-HS-100,48048,300,26.424
2026-05-02T00:00:00Z,REG-DELTA,PROD-HS-110,17132,141,26.425
2026-05-02T00:00:00Z,REG-DELTA,PROD-AS-200,22635,201,26.424
2026-05-02T00:00:00Z,REG-DELTA,PROD-LB-400,25297,194,26.424
2026-05-02T00:00:00Z,REG-DELTA,PROD-DM-300,12140,91,26.423
2026-05-02T00:00:00Z,REG-DELTA,PROD-VD-500,5423,33,26.422
2026-05-02T00:00:00Z,REG-ISLAND,PROD-HS-100,33717,211,26.424
2026-05-02T00:00:00Z,REG-ISLAND,PROD-HS-110,12018,101,26.424
2026-05-02T00:00:00Z,REG-ISLAND,PROD-AS-200,15861,139,26.424
2026-05-02T00:00:00Z,REG-ISLAND,PROD-LB-400,17749,151,26.423
2026-05-02T00:00:00Z,REG-ISLAND,PROD-DM-300,8530,74,26.425
2026-05-02T00:00:00Z,REG-ISLAND,PROD-VD-500,3805,26,26.427
2026-05-02T00:00:00Z,REG-NORTH,PROD-HS-100,46477,288,26.424
2026-05-02T00:00:00Z,REG-NORTH,PROD-HS-110,16571,135,26.424
2026-05-02T00:00:00Z,REG-NORTH,PROD-AS-200,21833,139,26.424
2026-05-02T00:00:00Z,REG-NORTH,PROD-LB-400,24492,208,26.424
2026-05-02T00:00:00Z,REG-NORTH,PROD-DM-300,11724,71,26.424
2026-05-02T00:00:00Z,REG-NORTH,PROD-VD-500,5241,35,26.426
2026-05-02T00:00:00Z,REG-CENTRAL,PROD-HS-100,42834,318,26.424
2026-05-02T00:00:00Z,REG-CENTRAL,PROD-HS-110,15216,101,26.425
2026-05-02T00:00:00Z,REG-CENTRAL,PROD-AS-200,20144,167,26.425
2026-05-02T00:00:00Z,REG-CENTRAL,PROD-LB-400,22512,157,26.424
2026-05-02T00:00:00Z,REG-CENTRAL,PROD-DM-300,10804,76,26.424
2026-05-02T00:00:00Z,REG-CENTRAL,PROD-VD-500,4847,38,26.423
2026-05-03T00:00:00Z,REG-COASTAL,PROD-HS-100,50161,431,26.708
2026-05-03T00:00:00Z,REG-COASTAL,PROD-HS-110,17837,156,26.708
2026-05-03T00:00:00Z,REG-COASTAL,PROD-AS-200,23498,155,26.708
2026-05-03T00:00:00Z,REG-COASTAL,PROD-LB-400,26305,158,26.708
2026-05-03T00:00:00Z,REG-COASTAL,PROD-DM-300,12659,106,26.709
2026-05-03T00:00:00Z,REG-COASTAL,PROD-VD-500,5647,38,26.71
2026-05-03T00:00:00Z,REG-SOUTH,PROD-HS-100,41418,261,26.708
2026-05-03T00:00:00Z,REG-SOUTH,PROD-HS-110,14758,122,26.708
2026-05-03T00:00:00Z,REG-SOUTH,PROD-AS-200,19503,166,26.709
2026-05-03T00:00:00Z,REG-SOUTH,PROD-LB-400,21774,141,26.707
2026-05-03T00:00:00Z,REG-SOUTH,PROD-DM-300,10481,92,26.707
2026-05-03T00:00:00Z,REG-SOUTH,PROD-VD-500,4685,38,26.707
2026-05-03T00:00:00Z,REG-DELTA,PROD-HS-100,36546,277,26.708
2026-05-03T00:00:00Z,REG-DELTA,PROD-HS-110,13012,112,26.708
2026-05-03T00:00:00Z,REG-DELTA,PROD-AS-200,17186,146,26.708
2026-05-03T00:00:00Z,REG-DELTA,PROD-LB-400,19205,135,26.709
2026-05-03T00:00:00Z,REG-DELTA,PROD-DM-300,9232,71,26.708
2026-05-03T00:00:00Z,REG-DELTA,PROD-VD-500,4123,37,26.706
2026-05-03T00:00:00Z,REG-ISLAND,PROD-HS-100,25660,207,26.708
2026-05-03T00:00:00Z,REG-ISLAND,PROD-HS-110,9112,58,26.708
2026-05-03T00:00:00Z,REG-ISLAND,PROD-AS-200,12022,84,26.707
2026-05-03T00:00:00Z,REG-ISLAND,PROD-LB-400,13464,83,26.709
2026-05-03T00:00:00Z,REG-ISLAND,PROD-DM-300,6480,43,26.71
2026-05-03T00:00:00Z,REG-ISLAND,PROD-VD-500,2903,19,26.704
2026-05-03T00:00:00Z,REG-NORTH,PROD-HS-100,35347,279,26.708
2026-05-03T00:00:00Z,REG-NORTH,PROD-HS-110,12571,98,26.709
2026-05-03T00:00:00Z,REG-NORTH,PROD-AS-200,16585,106,26.708
2026-05-03T00:00:00Z,REG-NORTH,PROD-LB-400,18580,125,26.708
2026-05-03T00:00:00Z,REG-NORTH,PROD-DM-300,8927,60,26.708
2026-05-03T00:00:00Z,REG-NORTH,PROD-VD-500,3977,24,26.709
2026-05-03T00:00:00Z,REG-CENTRAL,PROD-HS-100,32497,207,26.708
2026-05-03T00:00:00Z,REG-CENTRAL,PROD-HS-110,11584,100,26.707
2026-05-03T00:00:00Z,REG-CENTRAL,PROD-AS-200,15270,100,26.708
2026-05-03T00:00:00Z,REG-CENTRAL,PROD-LB-400,17113,127,26.708
2026-05-03T00:00:00Z,REG-CENTRAL,PROD-DM-300,8196,50,26.708
2026-05-03T00:00:00Z,REG-CENTRAL,PROD-VD-500,3681,22,26.708
2026-05-04T00:00:00Z,REG-COASTAL,PROD-HS-100,67492,415,26.971
2026-05-04T00:00:00Z,REG-COASTAL,PROD-HS-110,24062,193,26.971
2026-05-04T00:00:00Z,REG-COASTAL,PROD-AS-200,31759,257,26.971
2026-05-04T00:00:00Z,REG-COASTAL,PROD-LB-400,35511,233,26.971
2026-05-04T00:00:00Z,REG-COASTAL,PROD-DM-300,17053,115,26.971
2026-05-04T00:00:00Z,REG-COASTAL,PROD-VD-500,7640,61,26.972
2026-05-04T00:00:00Z,REG-SOUTH,PROD-HS-100,55868,335,26.971
2026-05-04T00:00:00Z,REG-SOUTH,PROD-HS-110,19909,166,26.971
2026-05-04T00:00:00Z,REG-SOUTH,PROD-AS-200,26271,190,26.971
2026-05-04T00:00:00Z,REG-SOUTH,PROD-LB-400,29437,254,26.971
2026-05-04T00:00:00Z,REG-SOUTH,PROD-DM-300,14111,86,26.971
2026-05-04T00:00:00Z,REG-SOUTH,PROD-VD-500,6332,48,26.97
2026-05-04T00:00:00Z,REG-DELTA,PROD-HS-100,49353,428,26.971
2026-05-04T00:00:00Z,REG-DELTA,PROD-HS-110,17508,112,26.971
2026-05-04T00:00:00Z,REG-DELTA,PROD-AS-200,23125,146,26.971
2026-05-04T00:00:00Z,REG-DELTA,PROD-LB-400,25945,215,26.971
2026-05-04T00:00:00Z,REG-DELTA,PROD-DM-300,12433,80,26.972
2026-05-04T00:00:00Z,REG-DELTA,PROD-VD-500,5571,42,26.971
2026-05-04T00:00:00Z,REG-ISLAND,PROD-HS-100,34598,264,26.971
2026-05-04T00:00:00Z,REG-ISLAND,PROD-HS-110,12295,77,26.971
2026-05-04T00:00:00Z,REG-ISLAND,PROD-AS-200,16269,140,26.972
2026-05-04T00:00:00Z,REG-ISLAND,PROD-LB-400,18176,132,26.972
2026-05-04T00:00:00Z,REG-ISLAND,PROD-DM-300,8724,66,26.972
2026-05-04T00:00:00Z,REG-ISLAND,PROD-VD-500,3909,25,26.972
2026-05-04T00:00:00Z,REG-NORTH,PROD-HS-100,47741,407,26.971
2026-05-04T00:00:00Z,REG-NORTH,PROD-HS-110,16970,140,26.971
2026-05-04T00:00:00Z,REG-NORTH,PROD-AS-200,22377,153,26.971
2026-05-04T00:00:00Z,REG-NORTH,PROD-LB-400,25112,218,26.971
2026-05-04T00:00:00Z,REG-NORTH,PROD-DM-300,12033,85,26.971
2026-05-04T00:00:00Z,REG-NORTH,PROD-VD-500,5378,38,26.97
2026-05-04T00:00:00Z,REG-CENTRAL,PROD-HS-100,43907,349,26.971
2026-05-04T00:00:00Z,REG-CENTRAL,PROD-HS-110,15641,133,26.97
2026-05-04T00:00:00Z,REG-CENTRAL,PROD-AS-200,20610,139,26.971
2026-05-04T00:00:00Z,REG-CENTRAL,PROD-LB-400,23082,184,26.971
2026-05-04T00:00:00Z,REG-CENTRAL,PROD-DM-300,11089,85,26.971
2026-05-04T00:00:00Z,REG-CENTRAL,PROD-VD-500,4944,35,26.973
2026-05-05T00:00:00Z,REG-COASTAL,PROD-HS-100,68302,496,27.209
2026-05-05T00:00:00Z,REG-COASTAL,PROD-HS-110,24333,198,27.21
2026-05-05T00:00:00Z,REG-COASTAL,PROD-AS-200,32082,247,27.209
2026-05-05T00:00:00Z,REG-COASTAL,PROD-LB-400,35953,308,27.21
2026-05-05T00:00:00Z,REG-COASTAL,PROD-DM-300,17243,128,27.21
2026-05-05T00:00:00Z,REG-COASTAL,PROD-VD-500,7713,67,27.21
2026-05-05T00:00:00Z,REG-SOUTH,PROD-HS-100,56493,360,27.209
2026-05-05T00:00:00Z,REG-SOUTH,PROD-HS-110,20123,151,27.21
2026-05-05T00:00:00Z,REG-SOUTH,PROD-AS-200,26542,176,27.209
2026-05-05T00:00:00Z,REG-SOUTH,PROD-LB-400,29700,205,27.209
2026-05-05T00:00:00Z,REG-SOUTH,PROD-DM-300,14262,86,27.209
2026-05-05T00:00:00Z,REG-SOUTH,PROD-VD-500,6380,40,27.21
2026-05-05T00:00:00Z,REG-DELTA,PROD-HS-100,49801,334,27.21
2026-05-05T00:00:00Z,REG-DELTA,PROD-HS-110,17731,126,27.21
2026-05-05T00:00:00Z,REG-DELTA,PROD-AS-200,23432,195,27.21
2026-05-05T00:00:00Z,REG-DELTA,PROD-LB-400,26165,153,27.209
2026-05-05T00:00:00Z,REG-DELTA,PROD-DM-300,12599,110,27.209
2026-05-05T00:00:00Z,REG-DELTA,PROD-VD-500,5627,49,27.21
2026-05-05T00:00:00Z,REG-ISLAND,PROD-HS-100,34921,229,27.209
2026-05-05T00:00:00Z,REG-ISLAND,PROD-HS-110,12457,104,27.209
2026-05-05T00:00:00Z,REG-ISLAND,PROD-AS-200,16436,137,27.21
2026-05-05T00:00:00Z,REG-ISLAND,PROD-LB-400,18357,127,27.209
2026-05-05T00:00:00Z,REG-ISLAND,PROD-DM-300,8826,65,27.208
2026-05-05T00:00:00Z,REG-ISLAND,PROD-VD-500,3944,26,27.208
2026-05-05T00:00:00Z,REG-NORTH,PROD-HS-100,48169,335,27.209
2026-05-05T00:00:00Z,REG-NORTH,PROD-HS-110,17145,139,27.21
2026-05-05T00:00:00Z,REG-NORTH,PROD-AS-200,22664,189,27.209
2026-05-05T00:00:00Z,REG-NORTH,PROD-LB-400,25307,165,27.21
2026-05-05T00:00:00Z,REG-NORTH,PROD-DM-300,12181,100,27.209
2026-05-05T00:00:00Z,REG-NORTH,PROD-VD-500,5458,43,27.211
2026-05-05T00:00:00Z,REG-CENTRAL,PROD-HS-100,44390,365,27.21
2026-05-05T00:00:00Z,REG-CENTRAL,PROD-HS-110,15811,138,27.21
2026-05-05T00:00:00Z,REG-CENTRAL,PROD-AS-200,20852,173,27.209
2026-05-05T00:00:00Z,REG-CENTRAL,PROD-LB-400,23348,193,27.209
2026-05-05T00:00:00Z,REG-CENTRAL,PROD-DM-300,11211,82,27.21
2026-05-05T00:00:00Z,REG-CENTRAL,PROD-VD-500,5018,39,27.208
2026-05-06T00:00:00Z,REG-COASTAL,PROD-HS-100,68865,422,27.421
2026-05-06T00:00:00Z,REG-COASTAL,PROD-HS-110,24512,162,27.421
2026-05-06T00:00:00Z,REG-COASTAL,PROD-AS-200,32438,273,27.421
2026-05-06T00:00:00Z,REG-COASTAL,PROD-LB-400,36225,221,27.421
2026-05-06T00:00:00Z,REG-COASTAL,PROD-DM-300,17395,120,27.421
2026-05-06T00:00:00Z,REG-COASTAL,PROD-VD-500,7794,61,27.422
2026-05-06T00:00:00Z,REG-SOUTH,PROD-HS-100,57040,388,27.421
2026-05-06T00:00:00Z,REG-SOUTH,PROD-HS-110,20277,123,27.42
2026-05-06T00:00:00Z,REG-SOUTH,PROD-AS-200,26814,188,27.421
2026-05-06T00:00:00Z,REG-SOUTH,PROD-LB-400,29958,179,27.421
2026-05-06T00:00:00Z,REG-SOUTH,PROD-DM-300,14436,122,27.421
2026-05-06T00:00:00Z,REG-SOUTH,PROD-VD-500,6434,45,27.421
2026-05-06T00:00:00Z,REG-DELTA,PROD-HS-100,50335,401,27.421
2026-05-06T00:00:00Z,REG-DELTA,PROD-HS-110,17874,105,27.421
2026-05-06T00:00:00Z,REG-DELTA,PROD-AS-200,23608,163,27.421
2026-05-06T00:00:00Z,REG-DELTA,PROD-LB-400,26411,169,27.421
2026-05-06T00:00:00Z,REG-DELTA,PROD-DM-300,12696,82,27.422
2026-05-06T00:00:00Z,REG-DELTA,PROD-VD-500,5694,45,27.422
2026-05-06T00:00:00Z,REG-ISLAND,PROD-HS-100,35247,230,27.421
2026-05-06T00:00:00Z,REG-ISLAND,PROD-HS-110,12524,75,27.421
2026-05-06T00:00:00Z,REG-ISLAND,PROD-AS-200,16568,115,27.422
2026-05-06T00:00:00Z,REG-ISLAND,PROD-LB-400,18562,135,27.421
2026-05-06T00:00:00Z,REG-ISLAND,PROD-DM-300,8934,77,27.421
2026-05-06T00:00:00Z,REG-ISLAND,PROD-VD-500,3973,24,27.424
2026-05-06T00:00:00Z,REG-NORTH,PROD-HS-100,48599,311,27.421
2026-05-06T00:00:00Z,REG-NORTH,PROD-HS-110,17332,139,27.421
2026-05-06T00:00:00Z,REG-NORTH,PROD-AS-200,22854,177,27.421
2026-05-06T00:00:00Z,REG-NORTH,PROD-LB-400,25572,180,27.421
2026-05-06T00:00:00Z,REG-NORTH,PROD-DM-300,12285,83,27.42
2026-05-06T00:00:00Z,REG-NORTH,PROD-VD-500,5495,38,27.422
2026-05-06T00:00:00Z,REG-CENTRAL,PROD-HS-100,44827,378,27.421
2026-05-06T00:00:00Z,REG-CENTRAL,PROD-HS-110,15943,121,27.421
2026-05-06T00:00:00Z,REG-CENTRAL,PROD-AS-200,21030,163,27.42
2026-05-06T00:00:00Z,REG-CENTRAL,PROD-LB-400,23546,183,27.421
2026-05-06T00:00:00Z,REG-CENTRAL,PROD-DM-300,11310,95,27.421
2026-05-06T00:00:00Z,REG-CENTRAL,PROD-VD-500,5056,38,27.421
2026-05-07T00:00:00Z,REG-COASTAL,PROD-HS-100,69472,438,27.603
2026-05-07T00:00:00Z,REG-COASTAL,PROD-HS-110,24752,186,27.602
2026-05-07T00:00:00Z,REG-COASTAL,PROD-AS-200,32686,253,27.603
2026-05-07T00:00:00Z,REG-COASTAL,PROD-LB-400,36584,287,27.602
2026-05-07T00:00:00Z,REG-COASTAL,PROD-DM-300,17567,122,27.603
2026-05-07T00:00:00Z,REG-COASTAL,PROD-VD-500,7850,66,27.603
2026-05-07T00:00:00Z,REG-SOUTH,PROD-HS-100,57530,393,27.602
2026-05-07T00:00:00Z,REG-SOUTH,PROD-HS-110,20447,132,27.602
2026-05-07T00:00:00Z,REG-SOUTH,PROD-AS-200,27007,177,27.603
2026-05-07T00:00:00Z,REG-SOUTH,PROD-LB-400,30276,244,27.603
2026-05-07T00:00:00Z,REG-SOUTH,PROD-DM-300,14554,118,27.602
2026-05-07T00:00:00Z,REG-SOUTH,PROD-VD-500,6498,39,27.603
2026-05-07T00:00:00Z,REG-DELTA,PROD-HS-100,50750,403,27.603
2026-05-07T00:00:00Z,REG-DELTA,PROD-HS-110,18036,122,27.602
2026-05-07T00:00:00Z,REG-DELTA,PROD-AS-200,23820,165,27.602
2026-05-07T00:00:00Z,REG-DELTA,PROD-LB-400,26675,204,27.603
2026-05-07T00:00:00Z,REG-DELTA,PROD-DM-300,12813,88,27.603
2026-05-07T00:00:00Z,REG-DELTA,PROD-VD-500,5725,39,27.602
2026-05-07T00:00:00Z,REG-ISLAND,PROD-HS-100,35540,236,27.603
2026-05-07T00:00:00Z,REG-ISLAND,PROD-HS-110,12656,97,27.602
2026-05-07T00:00:00Z,REG-ISLAND,PROD-AS-200,16715,126,27.602
2026-05-07T00:00:00Z,REG-ISLAND,PROD-LB-400,18720,144,27.602
2026-05-07T00:00:00Z,REG-ISLAND,PROD-DM-300,8981,65,27.604
2026-05-07T00:00:00Z,REG-ISLAND,PROD-VD-500,4035,33,27.6
2026-05-07T00:00:00Z,REG-NORTH,PROD-HS-100,49018,327,27.603
2026-05-07T00:00:00Z,REG-NORTH,PROD-HS-110,17469,135,27.602
2026-05-07T00:00:00Z,REG-NORTH,PROD-AS-200,23021,139,27.602
2026-05-07T00:00:00Z,REG-NORTH,PROD-LB-400,25790,175,27.602
2026-05-07T00:00:00Z,REG-NORTH,PROD-DM-300,12388,77,27.603
2026-05-07T00:00:00Z,REG-NORTH,PROD-VD-500,5541,48,27.603
2026-05-07T00:00:00Z,REG-CENTRAL,PROD-HS-100,45153,327,27.602
2026-05-07T00:00:00Z,REG-CENTRAL,PROD-HS-110,16067,113,27.602
2026-05-07T00:00:00Z,REG-CENTRAL,PROD-AS-200,21221,160,27.603
2026-05-07T00:00:00Z,REG-CENTRAL,PROD-LB-400,23715,142,27.603
2026-05-07T00:00:00Z,REG-CENTRAL,PROD-DM-300,11401,84,27.602
2026-05-07T00:00:00Z,REG-CENTRAL,PROD-VD-500,5086,35,27.601
2026-05-08T00:00:00Z,REG-COASTAL,PROD-HS-100,69952,433,27.752
2026-05-08T00:00:00Z,REG-COASTAL,PROD-HS-110,24929,202,27.752
2026-05-08T00:00:00Z,REG-COASTAL,PROD-AS-200,32916,252,27.752
2026-05-08T00:00:00Z,REG-COASTAL,PROD-LB-400,36800,251,27.752
2026-05-08T00:00:00Z,REG-COASTAL,PROD-DM-300,17713,146,27.752
2026-05-08T00:00:00Z,REG-COASTAL,PROD-VD-500,7910,56,27.753
2026-05-08T00:00:00Z,REG-SOUTH,PROD-HS-100,58038,481,27.752
2026-05-08T00:00:00Z,REG-SOUTH,PROD-HS-110,20621,140,27.752
2026-05-08T00:00:00Z,REG-SOUTH,PROD-AS-200,27211,181,27.752
2026-05-08T00:00:00Z,REG-SOUTH,PROD-LB-400,30485,235,27.752
2026-05-08T00:00:00Z,REG-SOUTH,PROD-DM-300,14636,94,27.752
2026-05-08T00:00:00Z,REG-SOUTH,PROD-VD-500,6540,46,27.752
2026-05-08T00:00:00Z,REG-DELTA,PROD-HS-100,51106,403,27.752
2026-05-08T00:00:00Z,REG-DELTA,PROD-HS-110,18194,155,27.752
2026-05-08T00:00:00Z,REG-DELTA,PROD-AS-200,23967,156,27.752
2026-05-08T00:00:00Z,REG-DELTA,PROD-LB-400,26870,200,27.752
2026-05-08T00:00:00Z,REG-DELTA,PROD-DM-300,12868,74,27.753
2026-05-08T00:00:00Z,REG-DELTA,PROD-VD-500,5750,33,27.752
2026-05-08T00:00:00Z,REG-ISLAND,PROD-HS-100,35813,235,27.752
2026-05-08T00:00:00Z,REG-ISLAND,PROD-HS-110,12737,82,27.752
2026-05-08T00:00:00Z,REG-ISLAND,PROD-AS-200,16829,122,27.752
2026-05-08T00:00:00Z,REG-ISLAND,PROD-LB-400,18857,152,27.752
2026-05-08T00:00:00Z,REG-ISLAND,PROD-DM-300,9053,61,27.753
2026-05-08T00:00:00Z,REG-ISLAND,PROD-VD-500,4055,31,27.752
2026-05-08T00:00:00Z,REG-NORTH,PROD-HS-100,49348,310,27.752
2026-05-08T00:00:00Z,REG-NORTH,PROD-HS-110,17589,133,27.752
2026-05-08T00:00:00Z,REG-NORTH,PROD-AS-200,23220,186,27.752
2026-05-08T00:00:00Z,REG-NORTH,PROD-LB-400,25967,185,27.752
2026-05-08T00:00:00Z,REG-NORTH,PROD-DM-300,12461,84,27.751
2026-05-08T00:00:00Z,REG-NORTH,PROD-VD-500,5593,43,27.75
2026-05-08T00:00:00Z,REG-CENTRAL,PROD-HS-100,45462,310,27.752
2026-05-08T00:00:00Z,REG-CENTRAL,PROD-HS-110,16167,99,27.751
2026-05-08T00:00:00Z,REG-CENTRAL,PROD-AS-200,21328,126,27.751
2026-05-08T00:00:00Z,REG-CENTRAL,PROD-LB-400,23908,180,27.752
2026-05-08T00:00:00Z,REG-CENTRAL,PROD-DM-300,11485,79,27.752
2026-05-08T00:00:00Z,REG-CENTRAL,PROD-VD-500,5138,32,27.75
2026-05-09T00:00:00Z,REG-COASTAL,PROD-HS-100,70410,491,27.867
2026-05-09T00:00:00Z,REG-COASTAL,PROD-HS-110,25094,208,27.868
2026-05-09T00:00:00Z,REG-COASTAL,PROD-AS-200,33060,204,27.868
2026-05-09T00:00:00Z,REG-COASTAL,PROD-LB-400,37058,301,27.867
2026-05-09T00:00:00Z,REG-COASTAL,PROD-DM-300,17781,113,27.868
2026-05-09T00:00:00Z,REG-COASTAL,PROD-VD-500,7940,54,27.866
2026-05-09T00:00:00Z,REG-SOUTH,PROD-HS-100,58354,473,27.868
2026-05-09T00:00:00Z,REG-SOUTH,PROD-HS-110,20747,153,27.867
2026-05-09T00:00:00Z,REG-SOUTH,PROD-AS-200,27365,166,27.868
2026-05-09T00:00:00Z,REG-SOUTH,PROD-LB-400,30620,189,27.867
2026-05-09T00:00:00Z,REG-SOUTH,PROD-DM-300,14723,120,27.868
2026-05-09T00:00:00Z,REG-SOUTH,PROD-VD-500,6592,43,27.868
2026-05-09T00:00:00Z,REG-DELTA,PROD-HS-100,51423,426,27.867
2026-05-09T00:00:00Z,REG-DELTA,PROD-HS-110,18268,126,27.868
2026-05-09T00:00:00Z,REG-DELTA,PROD-AS-200,24172,206,27.867
2026-05-09T00:00:00Z,REG-DELTA,PROD-LB-400,27013,205,27.867
2026-05-09T00:00:00Z,REG-DELTA,PROD-DM-300,12972,97,27.868
2026-05-09T00:00:00Z,REG-DELTA,PROD-VD-500,5807,38,27.87
2026-05-09T00:00:00Z,REG-ISLAND,PROD-HS-100,36053,271,27.868
2026-05-09T00:00:00Z,REG-ISLAND,PROD-HS-110,12843,108,27.867
2026-05-09T00:00:00Z,REG-ISLAND,PROD-AS-200,16932,128,27.867
2026-05-09T00:00:00Z,REG-ISLAND,PROD-LB-400,18971,161,27.867
2026-05-09T00:00:00Z,REG-ISLAND,PROD-DM-300,9106,77,27.867
2026-05-09T00:00:00Z,REG-ISLAND,PROD-VD-500,4064,23,27.869
2026-05-09T00:00:00Z,REG-NORTH,PROD-HS-100,49620,295,27.867
2026-05-09T00:00:00Z,REG-NORTH,PROD-HS-110,17660,104,27.867
2026-05-09T00:00:00Z,REG-NORTH,PROD-AS-200,23322,164,27.868
2026-05-09T00:00:00Z,REG-NORTH,PROD-LB-400,26147,202,27.868
2026-05-09T00:00:00Z,REG-NORTH,PROD-DM-300,12530,73,27.868
2026-05-09T00:00:00Z,REG-NORTH,PROD-VD-500,5610,37,27.865
2026-05-09T00:00:00Z,REG-CENTRAL,PROD-HS-100,45799,375,27.867
2026-05-09T00:00:00Z,REG-CENTRAL,PROD-HS-110,16263,100,27.867
2026-05-09T00:00:00Z,REG-CENTRAL,PROD-AS-200,21491,172,27.868
2026-05-09T00:00:00Z,REG-CENTRAL,PROD-LB-400,24035,153,27.867
2026-05-09T00:00:00Z,REG-CENTRAL,PROD-DM-300,11560,79,27.867
2026-05-09T00:00:00Z,REG-CENTRAL,PROD-VD-500,5166,38,27.87
2026-05-10T00:00:00Z,REG-COASTAL,PROD-HS-100,53030,349,27.947
2026-05-10T00:00:00Z,REG-COASTAL,PROD-HS-110,18912,159,27.948
2026-05-10T00:00:00Z,REG-COASTAL,PROD-AS-200,24939,205,27.948
2026-05-10T00:00:00Z,REG-COASTAL,PROD-LB-400,27872,176,27.948
2026-05-10T00:00:00Z,REG-COASTAL,PROD-DM-300,13388,85,27.947
2026-05-10T00:00:00Z,REG-COASTAL,PROD-VD-500,6000,47,27.948
2026-05-10T00:00:00Z,REG-SOUTH,PROD-HS-100,43904,306,27.947
2026-05-10T00:00:00Z,REG-SOUTH,PROD-HS-110,15602,91,27.948
2026-05-10T00:00:00Z,REG-SOUTH,PROD-AS-200,20623,137,27.948
2026-05-10T00:00:00Z,REG-SOUTH,PROD-LB-400,23107,190,27.948
2026-05-10T00:00:00Z,REG-SOUTH,PROD-DM-300,11083,72,27.947
2026-05-10T00:00:00Z,REG-SOUTH,PROD-VD-500,4956,37,27.949
2026-05-10T00:00:00Z,REG-DELTA,PROD-HS-100,38725,297,27.948
2026-05-10T00:00:00Z,REG-DELTA,PROD-HS-110,13758,92,27.947
2026-05-10T00:00:00Z,REG-DELTA,PROD-AS-200,18176,122,27.947
2026-05-10T00:00:00Z,REG-DELTA,PROD-LB-400,20359,153,27.947
2026-05-10T00:00:00Z,REG-DELTA,PROD-DM-300,9757,59,27.948
2026-05-10T00:00:00Z,REG-DELTA,PROD-VD-500,4363,31,27.948
2026-05-10T00:00:00Z,REG-ISLAND,PROD-HS-100,27129,188,27.947
2026-05-10T00:00:00Z,REG-ISLAND,PROD-HS-110,9659,73,27.948
2026-05-10T00:00:00Z,REG-ISLAND,PROD-AS-200,12759,99,27.947
2026-05-10T00:00:00Z,REG-ISLAND,PROD-LB-400,14262,93,27.947
2026-05-10T00:00:00Z,REG-ISLAND,PROD-DM-300,6859,40,27.947
2026-05-10T00:00:00Z,REG-ISLAND,PROD-VD-500,3069,23,27.945
2026-05-10T00:00:00Z,REG-NORTH,PROD-HS-100,37419,249,27.947
2026-05-10T00:00:00Z,REG-NORTH,PROD-HS-110,13295,76,27.947
2026-05-10T00:00:00Z,REG-NORTH,PROD-AS-200,17603,136,27.947
2026-05-10T00:00:00Z,REG-NORTH,PROD-LB-400,19654,119,27.947
2026-05-10T00:00:00Z,REG-NORTH,PROD-DM-300,9466,76,27.946
2026-05-10T00:00:00Z,REG-NORTH,PROD-VD-500,4219,27,27.947
2026-05-10T00:00:00Z,REG-CENTRAL,PROD-HS-100,34500,292,27.948
2026-05-10T00:00:00Z,REG-CENTRAL,PROD-HS-110,12232,75,27.947
2026-05-10T00:00:00Z,REG-CENTRAL,PROD-AS-200,16171,101,27.948
2026-05-10T00:00:00Z,REG-CENTRAL,PROD-LB-400,18139,141,27.947
2026-05-10T00:00:00Z,REG-CENTRAL,PROD-DM-300,8708,72,27.948
2026-05-10T00:00:00Z,REG-CENTRAL,PROD-VD-500,3879,22,27.949
2026-05-11T00:00:00Z,REG-COASTAL,PROD-HS-100,70951,497,27.991
2026-05-11T00:00:00Z,REG-COASTAL,PROD-HS-110,25238,186,27.991
2026-05-11T00:00:00Z,REG-COASTAL,PROD-AS-200,33307,221,27.992
2026-05-11T00:00:00Z,REG-COASTAL,PROD-LB-400,37332,300,27.991
2026-05-11T00:00:00Z,REG-COASTAL,PROD-DM-300,17943,141,27.991
2026-05-11T00:00:00Z,REG-COASTAL,PROD-VD-500,8005,55,27.993
2026-05-11T00:00:00Z,REG-SOUTH,PROD-HS-100,58702,396,27.991
2026-05-11T00:00:00Z,REG-SOUTH,PROD-HS-110,20870,128,27.992
2026-05-11T00:00:00Z,REG-SOUTH,PROD-AS-200,27609,206,27.991
2026-05-11T00:00:00Z,REG-SOUTH,PROD-LB-400,30858,208,27.991
2026-05-11T00:00:00Z,REG-SOUTH,PROD-DM-300,14828,105,27.99
2026-05-11T00:00:00Z,REG-SOUTH,PROD-VD-500,6624,46,27.991
2026-05-11T00:00:00Z,REG-DELTA,PROD-HS-100,51692,300,27.991
2026-05-11T00:00:00Z,REG-DELTA,PROD-HS-110,18422,144,27.991
2026-05-11T00:00:00Z,REG-DELTA,PROD-AS-200,24320,192,27.991
2026-05-11T00:00:00Z,REG-DELTA,PROD-LB-400,27243,231,27.992
2026-05-11T00:00:00Z,REG-DELTA,PROD-DM-300,13078,90,27.991
2026-05-11T00:00:00Z,REG-DELTA,PROD-VD-500,5829,35,27.99
2026-05-11T00:00:00Z,REG-ISLAND,PROD-HS-100,36285,232,27.991
2026-05-11T00:00:00Z,REG-ISLAND,PROD-HS-110,12897,77,27.991
2026-05-11T00:00:00Z,REG-ISLAND,PROD-AS-200,17069,134,27.992
2026-05-11T00:00:00Z,REG-ISLAND,PROD-LB-400,19088,138,27.991
2026-05-11T00:00:00Z,REG-ISLAND,PROD-DM-300,9152,55,27.991
2026-05-11T00:00:00Z,REG-ISLAND,PROD-VD-500,4086,27,27.993
2026-05-11T00:00:00Z,REG-NORTH,PROD-HS-100,50124,411,27.992
2026-05-11T00:00:00Z,REG-NORTH,PROD-HS-110,17805,115,27.991
2026-05-11T00:00:00Z,REG-NORTH,PROD-AS-200,23503,158,27.992
2026-05-11T00:00:00Z,REG-NORTH,PROD-LB-400,26301,157,27.991
2026-05-11T00:00:00Z,REG-NORTH,PROD-DM-300,12615,75,27.991
2026-05-11T00:00:00Z,REG-NORTH,PROD-VD-500,5672,46,27.99
2026-05-11T00:00:00Z,REG-CENTRAL,PROD-HS-100,46143,377,27.991
2026-05-11T00:00:00Z,REG-CENTRAL,PROD-HS-110,16411,120,27.991
2026-05-11T00:00:00Z,REG-CENTRAL,PROD-AS-200,21671,174,27.991
2026-05-11T00:00:00Z,REG-CENTRAL,PROD-LB-400,24237,192,27.992
2026-05-11T00:00:00Z,REG-CENTRAL,PROD-DM-300,11652,92,27.99
2026-05-11T00:00:00Z,REG-CENTRAL,PROD-VD-500,5210,32,27.989
2026-05-12T00:00:00Z,REG-COASTAL,PROD-HS-100,71165,582,27.998
2026-05-12T00:00:00Z,REG-COASTAL,PROD-HS-110,25326,212,27.998
2026-05-12T00:00:00Z,REG-COASTAL,PROD-AS-200,33370,220,27.998
2026-05-12T00:00:00Z,REG-COASTAL,PROD-LB-400,37358,260,27.998
2026-05-12T00:00:00Z,REG-COASTAL,PROD-DM-300,17947,112,27.998
2026-05-12T00:00:00Z,REG-COASTAL,PROD-VD-500,8046,67,27.996
2026-05-12T00:00:00Z,REG-SOUTH,PROD-HS-100,58800,368,27.998
2026-05-12T00:00:00Z,REG-SOUTH,PROD-HS-110,20919,144,27.999
2026-05-12T00:00:00Z,REG-SOUTH,PROD-AS-200,27630,192,27.998
2026-05-12T00:00:00Z,REG-SOUTH,PROD-LB-400,30966,252,27.998
2026-05-12T00:00:00Z,REG-SOUTH,PROD-DM-300,14870,115,27.998
2026-05-12T00:00:00Z,REG-SOUTH,PROD-VD-500,6660,52,28
2026-05-12T00:00:00Z,REG-DELTA,PROD-HS-100,51784,295,27.998
2026-05-12T00:00:00Z,REG-DELTA,PROD-HS-110,18425,114,27.998
2026-05-12T00:00:00Z,REG-DELTA,PROD-AS-200,24368,178,27.998
2026-05-12T00:00:00Z,REG-DELTA,PROD-LB-400,27255,181,27.998
2026-05-12T00:00:00Z,REG-DELTA,PROD-DM-300,13092,101,27.998
2026-05-12T00:00:00Z,REG-DELTA,PROD-VD-500,5859,35,28
2026-05-12T00:00:00Z,REG-ISLAND,PROD-HS-100,36355,237,27.998
2026-05-12T00:00:00Z,REG-ISLAND,PROD-HS-110,12961,110,27.998
2026-05-12T00:00:00Z,REG-ISLAND,PROD-AS-200,17068,101,27.998
2026-05-12T00:00:00Z,REG-ISLAND,PROD-LB-400,19093,110,27.999
2026-05-12T00:00:00Z,REG-ISLAND,PROD-DM-300,9194,67,27.997
2026-05-12T00:00:00Z,REG-ISLAND,PROD-VD-500,4112,24,28
2026-05-12T00:00:00Z,REG-NORTH,PROD-HS-100,50113,332,27.998
2026-05-12T00:00:00Z,REG-NORTH,PROD-HS-110,17830,107,27.998
2026-05-12T00:00:00Z,REG-NORTH,PROD-AS-200,23557,179,27.998
2026-05-12T00:00:00Z,REG-NORTH,PROD-LB-400,26370,192,27.998
2026-05-12T00:00:00Z,REG-NORTH,PROD-DM-300,12661,90,27.998
2026-05-12T00:00:00Z,REG-NORTH,PROD-VD-500,5672,44,28
2026-05-12T00:00:00Z,REG-CENTRAL,PROD-HS-100,46185,352,27.998
2026-05-12T00:00:00Z,REG-CENTRAL,PROD-HS-110,16423,128,27.998
2026-05-12T00:00:00Z,REG-CENTRAL,PROD-AS-200,21660,129,27.999
2026-05-12T00:00:00Z,REG-CENTRAL,PROD-LB-400,24297,191,27.998
2026-05-12T00:00:00Z,REG-CENTRAL,PROD-DM-300,11631,68,27.998
2026-05-12T00:00:00Z,REG-CENTRAL,PROD-VD-500,5221,41,28
2026-05-13T00:00:00Z,REG-COASTAL,PROD-HS-100,71058,467,27.968
2026-05-13T00:00:00Z,REG-COASTAL,PROD-HS-110,25270,155,27.968
2026-05-13T00:00:00Z,REG-COASTAL,PROD-AS-200,33375,205,27.968
2026-05-13T00:00:00Z,REG-COASTAL,PROD-LB-400,37379,265,27.968
2026-05-13T00:00:00Z,REG-COASTAL,PROD-DM-300,17952,136,27.969
2026-05-13T00:00:00Z,REG-COASTAL,PROD-VD-500,8018,47,27.968
2026-05-13T00:00:00Z,REG-SOUTH,PROD-HS-100,58809,384,27.968
2026-05-13T00:00:00Z,REG-SOUTH,PROD-HS-110,20926,146,27.968
2026-05-13T00:00:00Z,REG-SOUTH,PROD-AS-200,27638,201,27.968
2026-05-13T00:00:00Z,REG-SOUTH,PROD-LB-400,30934,197,27.968
2026-05-13T00:00:00Z,REG-SOUTH,PROD-DM-300,14879,112,27.968
2026-05-13T00:00:00Z,REG-SOUTH,PROD-VD-500,6656,56,27.966
2026-05-13T00:00:00Z,REG-DELTA,PROD-HS-100,51810,321,27.968
2026-05-13T00:00:00Z,REG-DELTA,PROD-HS-110,18450,131,27.968
2026-05-13T00:00:00Z,REG-DELTA,PROD-AS-200,24356,164,27.968
2026-05-13T00:00:00Z,REG-DELTA,PROD-LB-400,27290,217,27.968
2026-05-13T00:00:00Z,REG-DELTA,PROD-DM-300,13091,86,27.968
2026-05-13T00:00:00Z,REG-DELTA,PROD-VD-500,5855,38,27.966
2026-05-13T00:00:00Z,REG-ISLAND,PROD-HS-100,36385,278,27.968
2026-05-13T00:00:00Z,REG-ISLAND,PROD-HS-110,12931,94,27.967
2026-05-13T00:00:00Z,REG-ISLAND,PROD-AS-200,17107,130,27.969
2026-05-13T00:00:00Z,REG-ISLAND,PROD-LB-400,19112,122,27.968
2026-05-13T00:00:00Z,REG-ISLAND,PROD-DM-300,9193,75,27.969
2026-05-13T00:00:00Z,REG-ISLAND,PROD-VD-500,4113,30,27.966
2026-05-13T00:00:00Z,REG-NORTH,PROD-HS-100,50191,380,27.968
2026-05-13T00:00:00Z,REG-NORTH,PROD-HS-110,17855,123,27.968
2026-05-13T00:00:00Z,REG-NORTH,PROD-AS-200,23565,184,27.968
2026-05-13T00:00:00Z,REG-NORTH,PROD-LB-400,26340,162,27.968
2026-05-13T00:00:00Z,REG-NORTH,PROD-DM-300,12675,89,27.969
2026-05-13T00:00:00Z,REG-NORTH,PROD-VD-500,5657,35,27.97
2026-05-13T00:00:00Z,REG-CENTRAL,PROD-HS-100,46126,286,27.968
2026-05-13T00:00:00Z,REG-CENTRAL,PROD-HS-110,16423,118,27.967
2026-05-13T00:00:00Z,REG-CENTRAL,PROD-AS-200,21717,182,27.968
2026-05-13T00:00:00Z,REG-CENTRAL,PROD-LB-400,24311,203,27.968
2026-05-13T00:00:00Z,REG-CENTRAL,PROD-DM-300,11678,99,27.969
2026-05-13T00:00:00Z,REG-CENTRAL,PROD-VD-500,5207,33,27.968
2026-05-14T00:00:00Z,REG-COASTAL,PROD-HS-100,71071,536,27.902
2026-05-14T00:00:00Z,REG-COASTAL,PROD-HS-110,25278,195,27.901
2026-05-14T00:00:00Z,REG-COASTAL,PROD-AS-200,33316,197,27.901
2026-05-14T00:00:00Z,REG-COASTAL,PROD-LB-400,37376,295,27.901
2026-05-14T00:00:00Z,REG-COASTAL,PROD-DM-300,17952,151,27.901
2026-05-14T00:00:00Z,REG-COASTAL,PROD-VD-500,8010,58,27.902
2026-05-14T00:00:00Z,REG-SOUTH,PROD-HS-100,58730,360,27.902
2026-05-14T00:00:00Z,REG-SOUTH,PROD-HS-110,20897,138,27.902
2026-05-14T00:00:00Z,REG-SOUTH,PROD-AS-200,27627,200,27.901
2026-05-14T00:00:00Z,REG-SOUTH,PROD-LB-400,30890,198,27.902
2026-05-14T00:00:00Z,REG-SOUTH,PROD-DM-300,14830,98,27.902
2026-05-14T00:00:00Z,REG-SOUTH,PROD-VD-500,6623,38,27.903
2026-05-14T00:00:00Z,REG-DELTA,PROD-HS-100,51810,360,27.901
2026-05-14T00:00:00Z,REG-DELTA,PROD-HS-110,18432,129,27.901
2026-05-14T00:00:00Z,REG-DELTA,PROD-AS-200,24328,165,27.902
2026-05-14T00:00:00Z,REG-DELTA,PROD-LB-400,27259,223,27.901
2026-05-14T00:00:00Z,REG-DELTA,PROD-DM-300,13108,106,27.901
2026-05-14T00:00:00Z,REG-DELTA,PROD-VD-500,5852,49,27.899
2026-05-14T00:00:00Z,REG-ISLAND,PROD-HS-100,36324,248,27.901
2026-05-14T00:00:00Z,REG-ISLAND,PROD-HS-110,12944,109,27.902
2026-05-14T00:00:00Z,REG-ISLAND,PROD-AS-200,17045,109,27.901
2026-05-14T00:00:00Z,REG-ISLAND,PROD-LB-400,19116,143,27.901
2026-05-14T00:00:00Z,REG-ISLAND,PROD-DM-300,9184,60,27.902
2026-05-14T00:00:00Z,REG-ISLAND,PROD-VD-500,4098,24,27.904
2026-05-14T00:00:00Z,REG-NORTH,PROD-HS-100,50110,362,27.901
2026-05-14T00:00:00Z,REG-NORTH,PROD-HS-110,17799,110,27.901
2026-05-14T00:00:00Z,REG-NORTH,PROD-AS-200,23536,155,27.901
2026-05-14T00:00:00Z,REG-NORTH,PROD-LB-400,26383,212,27.901
2026-05-14T00:00:00Z,REG-NORTH,PROD-DM-300,12630,74,27.902
2026-05-14T00:00:00Z,REG-NORTH,PROD-VD-500,5643,35,27.9
2026-05-14T00:00:00Z,REG-CENTRAL,PROD-HS-100,46136,322,27.901
2026-05-14T00:00:00Z,REG-CENTRAL,PROD-HS-110,16409,115,27.901
2026-05-14T00:00:00Z,REG-CENTRAL,PROD-AS-200,21678,166,27.901
2026-05-14T00:00:00Z,REG-CENTRAL,PROD-LB-400,24231,152,27.902
2026-05-14T00:00:00Z,REG-CENTRAL,PROD-DM-300,11654,75,27.901
2026-05-14T00:00:00Z,REG-CENTRAL,PROD-VD-500,5205,43,27.903
2026-05-15T00:00:00Z,REG-COASTAL,PROD-HS-100,70943,584,27.799
2026-05-15T00:00:00Z,REG-COASTAL,PROD-HS-110,25195,176,27.799
2026-05-15T00:00:00Z,REG-COASTAL,PROD-AS-200,33326,273,27.799
2026-05-15T00:00:00Z,REG-COASTAL,PROD-LB-400,37288,288,27.799
2026-05-15T00:00:00Z,REG-COASTAL,PROD-DM-300,17892,129,27.798
2026-05-15T00:00:00Z,REG-COASTAL,PROD-VD-500,8010,60,27.797
2026-05-15T00:00:00Z,REG-SOUTH,PROD-HS-100,58613,374,27.799
2026-05-15T00:00:00Z,REG-SOUTH,PROD-HS-110,20887,177,27.799
2026-05-15T00:00:00Z,REG-SOUTH,PROD-AS-200,27555,201,27.799
2026-05-15T00:00:00Z,REG-SOUTH,PROD-LB-400,30845,238,27.799
2026-05-15T00:00:00Z,REG-SOUTH,PROD-DM-300,14800,94,27.8
2026-05-15T00:00:00Z,REG-SOUTH,PROD-VD-500,6627,39,27.797
2026-05-15T00:00:00Z,REG-DELTA,PROD-HS-100,51728,411,27.799
2026-05-15T00:00:00Z,REG-DELTA,PROD-HS-110,18404,140,27.799
2026-05-15T00:00:00Z,REG-DELTA,PROD-AS-200,24264,162,27.799
2026-05-15T00:00:00Z,REG-DELTA,PROD-LB-400,27187,194,27.799
2026-05-15T00:00:00Z,REG-DELTA,PROD-DM-300,13035,81,27.798
2026-05-15T00:00:00Z,REG-DELTA,PROD-VD-500,5848,38,27.799
2026-05-15T00:00:00Z,REG-ISLAND,PROD-HS-100,36264,264,27.799
2026-05-15T00:00:00Z,REG-ISLAND,PROD-HS-110,12907,92,27.798
2026-05-15T00:00:00Z,REG-ISLAND,PROD-AS-200,17039,137,27.799
2026-05-15T00:00:00Z,REG-ISLAND,PROD-LB-400,19059,128,27.799
2026-05-15T00:00:00Z,REG-ISLAND,PROD-DM-300,9157,67,27.798
2026-05-15T00:00:00Z,REG-ISLAND,PROD-VD-500,4094,35,27.801
2026-05-15T00:00:00Z,REG-NORTH,PROD-HS-100,50000,351,27.799
2026-05-15T00:00:00Z,REG-NORTH,PROD-HS-110,17765,113,27.798
2026-05-15T00:00:00Z,REG-NORTH,PROD-AS-200,23490,167,27.799
2026-05-15T00:00:00Z,REG-NORTH,PROD-LB-400,26263,160,27.799
2026-05-15T00:00:00Z,REG-NORTH,PROD-DM-300,12637,100,27.798
2026-05-15T00:00:00Z,REG-NORTH,PROD-VD-500,5663,48,27.797
2026-05-15T00:00:00Z,REG-CENTRAL,PROD-HS-100,45996,295,27.799
2026-05-15T00:00:00Z,REG-CENTRAL,PROD-HS-110,16390,128,27.798
2026-05-15T00:00:00Z,REG-CENTRAL,PROD-AS-200,21614,153,27.799
2026-05-15T00:00:00Z,REG-CENTRAL,PROD-LB-400,24195,177,27.799
2026-05-15T00:00:00Z,REG-CENTRAL,PROD-DM-300,11610,73,27.8
2026-05-15T00:00:00Z,REG-CENTRAL,PROD-VD-500,5215,44,27.801
2026-05-16T00:00:00Z,REG-COASTAL,PROD-HS-100,70544,449,27.662
2026-05-16T00:00:00Z,REG-COASTAL,PROD-HS-110,25117,166,27.662
2026-05-16T00:00:00Z,REG-COASTAL,PROD-AS-200,33138,220,27.662
2026-05-16T00:00:00Z,REG-COASTAL,PROD-LB-400,37075,229,27.662
2026-05-16T00:00:00Z,REG-COASTAL,PROD-DM-300,17812,108,27.663
2026-05-16T00:00:00Z,REG-COASTAL,PROD-VD-500,7967,56,27.661
2026-05-16T00:00:00Z,REG-SOUTH,PROD-HS-100,58451,416,27.662
2026-05-16T00:00:00Z,REG-SOUTH,PROD-HS-110,20811,175,27.662
2026-05-16T00:00:00Z,REG-SOUTH,PROD-AS-200,27476,229,27.662
2026-05-16T00:00:00Z,REG-SOUTH,PROD-LB-400,30745,234,27.662
2026-05-16T00:00:00Z,REG-SOUTH,PROD-DM-300,14779,118,27.662
2026-05-16T00:00:00Z,REG-SOUTH,PROD-VD-500,6601,45,27.662
2026-05-16T00:00:00Z,REG-DELTA,PROD-HS-100,51574,427,27.662
2026-05-16T00:00:00Z,REG-DELTA,PROD-HS-110,18338,136,27.663
2026-05-16T00:00:00Z,REG-DELTA,PROD-AS-200,24211,200,27.662
2026-05-16T00:00:00Z,REG-DELTA,PROD-LB-400,27114,227,27.662
2026-05-16T00:00:00Z,REG-DELTA,PROD-DM-300,13002,84,27.662
2026-05-16T00:00:00Z,REG-DELTA,PROD-VD-500,5816,35,27.66
2026-05-16T00:00:00Z,REG-ISLAND,PROD-HS-100,36148,298,27.662
2026-05-16T00:00:00Z,REG-ISLAND,PROD-HS-110,12828,76,27.662
2026-05-16T00:00:00Z,REG-ISLAND,PROD-AS-200,16975,129,27.662
2026-05-16T00:00:00Z,REG-ISLAND,PROD-LB-400,19016,151,27.661
2026-05-16T00:00:00Z,REG-ISLAND,PROD-DM-300,9106,61,27.661
2026-05-16T00:00:00Z,REG-ISLAND,PROD-VD-500,4068,29,27.664
2026-05-16T00:00:00Z,REG-NORTH,PROD-HS-100,49871,412,27.662
2026-05-16T00:00:00Z,REG-NORTH,PROD-HS-110,17698,105,27.662
2026-05-16T00:00:00Z,REG-NORTH,PROD-AS-200,23429,193,27.662
2026-05-16T00:00:00Z,REG-NORTH,PROD-LB-400,26200,198,27.662
2026-05-16T00:00:00Z,REG-NORTH,PROD-DM-300,12582,106,27.663
2026-05-16T00:00:00Z,REG-NORTH,PROD-VD-500,5635,47,27.663
2026-05-16T00:00:00Z,REG-CENTRAL,PROD-HS-100,45923,392,27.662
2026-05-16T00:00:00Z,REG-CENTRAL,PROD-HS-110,16289,107,27.662
2026-05-16T00:00:00Z,REG-CENTRAL,PROD-AS-200,21526,143,27.662
2026-05-16T00:00:00Z,REG-CENTRAL,PROD-LB-400,24100,172,27.662
2026-05-16T00:00:00Z,REG-CENTRAL,PROD-DM-300,11598,91,27.661
2026-05-16T00:00:00Z,REG-CENTRAL,PROD-VD-500,5180,35,27.661
2026-05-17T00:00:00Z,REG-COASTAL,PROD-HS-100,52710,393,27.492
2026-05-17T00:00:00Z,REG-COASTAL,PROD-HS-110,18766,154,27.492
2026-05-17T00:00:00Z,REG-COASTAL,PROD-AS-200,24727,149,27.492
2026-05-17T00:00:00Z,REG-COASTAL,PROD-LB-400,27657,165,27.492
2026-05-17T00:00:00Z,REG-COASTAL,PROD-DM-300,13303,79,27.493
2026-05-17T00:00:00Z,REG-COASTAL,PROD-VD-500,5949,38,27.493
2026-05-17T00:00:00Z,REG-SOUTH,PROD-HS-100,43609,309,27.492
2026-05-17T00:00:00Z,REG-SOUTH,PROD-HS-110,15500,104,27.493
2026-05-17T00:00:00Z,REG-SOUTH,PROD-AS-200,20484,140,27.492
2026-05-17T00:00:00Z,REG-SOUTH,PROD-LB-400,22947,184,27.492
2026-05-17T00:00:00Z,REG-SOUTH,PROD-DM-300,11034,92,27.492
2026-05-17T00:00:00Z,REG-SOUTH,PROD-VD-500,4928,34,27.494
2026-05-17T00:00:00Z,REG-DELTA,PROD-HS-100,38431,272,27.492
2026-05-17T00:00:00Z,REG-DELTA,PROD-HS-110,13666,85,27.492
2026-05-17T00:00:00Z,REG-DELTA,PROD-AS-200,18032,107,27.492
2026-05-17T00:00:00Z,REG-DELTA,PROD-LB-400,20233,164,27.492
2026-05-17T00:00:00Z,REG-DELTA,PROD-DM-300,9729,79,27.493
2026-05-17T00:00:00Z,REG-DELTA,PROD-VD-500,4349,33,27.49
2026-05-17T00:00:00Z,REG-ISLAND,PROD-HS-100,26949,172,27.492
2026-05-17T00:00:00Z,REG-ISLAND,PROD-HS-110,9579,67,27.491
2026-05-17T00:00:00Z,REG-ISLAND,PROD-AS-200,12643,79,27.492
2026-05-17T00:00:00Z,REG-ISLAND,PROD-LB-400,14165,89,27.492
2026-05-17T00:00:00Z,REG-ISLAND,PROD-DM-300,6805,42,27.492
2026-05-17T00:00:00Z,REG-ISLAND,PROD-VD-500,3047,23,27.491
2026-05-17T00:00:00Z,REG-NORTH,PROD-HS-100,37119,225,27.492
2026-05-17T00:00:00Z,REG-NORTH,PROD-HS-110,13230,89,27.492
2026-05-17T00:00:00Z,REG-NORTH,PROD-AS-200,17435,115,27.492
2026-05-17T00:00:00Z,REG-NORTH,PROD-LB-400,19573,164,27.492
2026-05-17T00:00:00Z,REG-NORTH,PROD-DM-300,9397,77,27.493
2026-05-17T00:00:00Z,REG-NORTH,PROD-VD-500,4208,29,27.493
2026-05-17T00:00:00Z,REG-CENTRAL,PROD-HS-100,34232,252,27.492
2026-05-17T00:00:00Z,REG-CENTRAL,PROD-HS-110,12169,72,27.493
2026-05-17T00:00:00Z,REG-CENTRAL,PROD-AS-200,16038,93,27.491
2026-05-17T00:00:00Z,REG-CENTRAL,PROD-LB-400,18002,132,27.492
2026-05-17T00:00:00Z,REG-CENTRAL,PROD-DM-300,8632,54,27.494
2026-05-17T00:00:00Z,REG-CENTRAL,PROD-VD-500,3871,22,27.493
2026-05-18T00:00:00Z,REG-COASTAL,PROD-HS-100,69922,602,27.291
2026-05-18T00:00:00Z,REG-COASTAL,PROD-HS-110,24862,191,27.291
2026-05-18T00:00:00Z,REG-COASTAL,PROD-AS-200,32785,226,27.292
2026-05-18T00:00:00Z,REG-COASTAL,PROD-LB-400,36660,226,27.291
2026-05-18T00:00:00Z,REG-COASTAL,PROD-DM-300,17630,136,27.292
2026-05-18T00:00:00Z,REG-COASTAL,PROD-VD-500,7889,56,27.293
2026-05-18T00:00:00Z,REG-SOUTH,PROD-HS-100,57764,397,27.292
2026-05-18T00:00:00Z,REG-SOUTH,PROD-HS-110,20586,172,27.291
2026-05-18T00:00:00Z,REG-SOUTH,PROD-AS-200,27130,193,27.292
2026-05-18T00:00:00Z,REG-SOUTH,PROD-LB-400,30346,189,27.291
2026-05-18T00:00:00Z,REG-SOUTH,PROD-DM-300,14587,95,27.292
2026-05-18T00:00:00Z,REG-SOUTH,PROD-VD-500,6517,49,27.291
2026-05-18T00:00:00Z,REG-DELTA,PROD-HS-100,50990,419,27.291
2026-05-18T00:00:00Z,REG-DELTA,PROD-HS-110,18108,123,27.291
2026-05-18T00:00:00Z,REG-DELTA,PROD-AS-200,23944,200,27.292
2026-05-18T00:00:00Z,REG-DELTA,PROD-LB-400,26762,180,27.292
2026-05-18T00:00:00Z,REG-DELTA,PROD-DM-300,12879,107,27.291
2026-05-18T00:00:00Z,REG-DELTA,PROD-VD-500,5746,42,27.292
2026-05-18T00:00:00Z,REG-ISLAND,PROD-HS-100,35701,249,27.292
2026-05-18T00:00:00Z,REG-ISLAND,PROD-HS-110,12720,111,27.292
2026-05-18T00:00:00Z,REG-ISLAND,PROD-AS-200,16755,107,27.292
2026-05-18T00:00:00Z,REG-ISLAND,PROD-LB-400,18751,111,27.291
2026-05-18T00:00:00Z,REG-ISLAND,PROD-DM-300,9010,58,27.293
2026-05-18T00:00:00Z,REG-ISLAND,PROD-VD-500,4036,24,27.293
2026-05-18T00:00:00Z,REG-NORTH,PROD-HS-100,49217,311,27.291
2026-05-18T00:00:00Z,REG-NORTH,PROD-HS-110,17492,107,27.292
2026-05-18T00:00:00Z,REG-NORTH,PROD-AS-200,23126,147,27.291
2026-05-18T00:00:00Z,REG-NORTH,PROD-LB-400,25885,176,27.292
2026-05-18T00:00:00Z,REG-NORTH,PROD-DM-300,12444,108,27.292
2026-05-18T00:00:00Z,REG-NORTH,PROD-VD-500,5548,35,27.292
2026-05-18T00:00:00Z,REG-CENTRAL,PROD-HS-100,45345,341,27.292
2026-05-18T00:00:00Z,REG-CENTRAL,PROD-HS-110,16120,100,27.291
2026-05-18T00:00:00Z,REG-CENTRAL,PROD-AS-200,21327,176,27.292
2026-05-18T00:00:00Z,REG-CENTRAL,PROD-LB-400,23859,197,27.292
2026-05-18T00:00:00Z,REG-CENTRAL,PROD-DM-300,11478,97,27.293
2026-05-18T00:00:00Z,REG-CENTRAL,PROD-VD-500,5116,40,27.29
2026-05-19T00:00:00Z,REG-COASTAL,PROD-HS-100,69253,433,27.063
2026-05-19T00:00:00Z,REG-COASTAL,PROD-HS-110,24660,168,27.063
2026-05-19T00:00:00Z,REG-COASTAL,PROD-AS-200,32506,193,27.063
2026-05-19T00:00:00Z,REG-COASTAL,PROD-LB-400,36417,234,27.063
2026-05-19T00:00:00Z,REG-COASTAL,PROD-DM-300,17493,119,27.062
2026-05-19T00:00:00Z,REG-COASTAL,PROD-VD-500,7821,54,27.063
2026-05-19T00:00:00Z,REG-SOUTH,PROD-HS-100,57369,402,27.063
2026-05-19T00:00:00Z,REG-SOUTH,PROD-HS-110,20450,180,27.063
2026-05-19T00:00:00Z,REG-SOUTH,PROD-AS-200,26946,208,27.063
2026-05-19T00:00:00Z,REG-SOUTH,PROD-LB-400,30152,221,27.062
2026-05-19T00:00:00Z,REG-SOUTH,PROD-DM-300,14474,104,27.062
2026-05-19T00:00:00Z,REG-SOUTH,PROD-VD-500,6481,40,27.063
2026-05-19T00:00:00Z,REG-DELTA,PROD-HS-100,50503,302,27.063
2026-05-19T00:00:00Z,REG-DELTA,PROD-HS-110,17997,136,27.062
2026-05-19T00:00:00Z,REG-DELTA,PROD-AS-200,23720,148,27.063
2026-05-19T00:00:00Z,REG-DELTA,PROD-LB-400,26580,194,27.063
2026-05-19T00:00:00Z,REG-DELTA,PROD-DM-300,12773,108,27.062
2026-05-19T00:00:00Z,REG-DELTA,PROD-VD-500,5701,45,27.062
2026-05-19T00:00:00Z,REG-ISLAND,PROD-HS-100,35419,210,27.063
2026-05-19T00:00:00Z,REG-ISLAND,PROD-HS-110,12610,80,27.063
2026-05-19T00:00:00Z,REG-ISLAND,PROD-AS-200,16659,124,27.062
2026-05-19T00:00:00Z,REG-ISLAND,PROD-LB-400,18627,116,27.063
2026-05-19T00:00:00Z,REG-ISLAND,PROD-DM-300,8951,74,27.064
2026-05-19T00:00:00Z,REG-ISLAND,PROD-VD-500,4003,25,27.061
2026-05-19T00:00:00Z,REG-NORTH,PROD-HS-100,48926,376,27.062
2026-05-19T00:00:00Z,REG-NORTH,PROD-HS-110,17394,128,27.063
2026-05-19T00:00:00Z,REG-NORTH,PROD-AS-200,22951,164,27.063
2026-05-19T00:00:00Z,REG-NORTH,PROD-LB-400,25677,157,27.063
2026-05-19T00:00:00Z,REG-NORTH,PROD-DM-300,12365,106,27.062
2026-05-19T00:00:00Z,REG-NORTH,PROD-VD-500,5535,41,27.064
2026-05-19T00:00:00Z,REG-CENTRAL,PROD-HS-100,44969,289,27.062
2026-05-19T00:00:00Z,REG-CENTRAL,PROD-HS-110,15993,107,27.063
2026-05-19T00:00:00Z,REG-CENTRAL,PROD-AS-200,21186,185,27.063
2026-05-19T00:00:00Z,REG-CENTRAL,PROD-LB-400,23655,165,27.062
2026-05-19T00:00:00Z,REG-CENTRAL,PROD-DM-300,11369,84,27.062
2026-05-19T00:00:00Z,REG-CENTRAL,PROD-VD-500,5070,36,27.065
2026-05-20T00:00:00Z,REG-COASTAL,PROD-HS-100,68680,453,26.808
2026-05-20T00:00:00Z,REG-COASTAL,PROD-HS-110,24430,168,26.809
2026-05-20T00:00:00Z,REG-COASTAL,PROD-AS-200,32254,218,26.808
2026-05-20T00:00:00Z,REG-COASTAL,PROD-LB-400,36131,261,26.809
2026-05-20T00:00:00Z,REG-COASTAL,PROD-DM-300,17381,143,26.809
2026-05-20T00:00:00Z,REG-COASTAL,PROD-VD-500,7751,57,26.808
2026-05-20T00:00:00Z,REG-SOUTH,PROD-HS-100,56856,371,26.808
2026-05-20T00:00:00Z,REG-SOUTH,PROD-HS-110,20244,165,26.808
2026-05-20T00:00:00Z,REG-SOUTH,PROD-AS-200,26693,180,26.808
2026-05-20T00:00:00Z,REG-SOUTH,PROD-LB-400,29884,180,26.809
2026-05-20T00:00:00Z,REG-SOUTH,PROD-DM-300,14361,99,26.808
2026-05-20T00:00:00Z,REG-SOUTH,PROD-VD-500,6428,48,26.807
2026-05-20T00:00:00Z,REG-DELTA,PROD-HS-100,50147,364,26.808
2026-05-20T00:00:00Z,REG-DELTA,PROD-HS-110,17873,153,26.808
2026-05-20T00:00:00Z,REG-DELTA,PROD-AS-200,23583,206,26.808
2026-05-20T00:00:00Z,REG-DELTA,PROD-LB-400,26366,201,26.808
2026-05-20T00:00:00Z,REG-DELTA,PROD-DM-300,12654,81,26.808
2026-05-20T00:00:00Z,REG-DELTA,PROD-VD-500,5665,35,26.81
2026-05-20T00:00:00Z,REG-ISLAND,PROD-HS-100,35171,266,26.809
2026-05-20T00:00:00Z,REG-ISLAND,PROD-HS-110,12516,104,26.808
2026-05-20T00:00:00Z,REG-ISLAND,PROD-AS-200,16539,132,26.809
2026-05-20T00:00:00Z,REG-ISLAND,PROD-LB-400,18519,155,26.809
2026-05-20T00:00:00Z,REG-ISLAND,PROD-DM-300,8888,68,26.809
2026-05-20T00:00:00Z,REG-ISLAND,PROD-VD-500,3971,30,26.81
2026-05-20T00:00:00Z,REG-NORTH,PROD-HS-100,48525,404,26.808
2026-05-20T00:00:00Z,REG-NORTH,PROD-HS-110,17239,108,26.809
2026-05-20T00:00:00Z,REG-NORTH,PROD-AS-200,22783,184,26.808
2026-05-20T00:00:00Z,REG-NORTH,PROD-LB-400,25504,197,26.808
2026-05-20T00:00:00Z,REG-NORTH,PROD-DM-300,12217,73,26.808
2026-05-20T00:00:00Z,REG-NORTH,PROD-VD-500,5490,48,26.808
2026-05-20T00:00:00Z,REG-CENTRAL,PROD-HS-100,44619,305,26.808
2026-05-20T00:00:00Z,REG-CENTRAL,PROD-HS-110,15878,115,26.808
2026-05-20T00:00:00Z,REG-CENTRAL,PROD-AS-200,20982,179,26.808
2026-05-20T00:00:00Z,REG-CENTRAL,PROD-LB-400,23495,199,26.808
2026-05-20T00:00:00Z,REG-CENTRAL,PROD-DM-300,11260,81,26.808
2026-05-20T00:00:00Z,REG-CENTRAL,PROD-VD-500,5048,35,26.807
2026-05-21T00:00:00Z,REG-COASTAL,PROD-HS-100,68002,425,26.532
2026-05-21T00:00:00Z,REG-COASTAL,PROD-HS-110,24232,194,26.532
2026-05-21T00:00:00Z,REG-COASTAL,PROD-AS-200,31953,221,26.532
2026-05-21T00:00:00Z,REG-COASTAL,PROD-LB-400,35771,245,26.532
2026-05-21T00:00:00Z,REG-COASTAL,PROD-DM-300,17186,126,26.532
2026-05-21T00:00:00Z,REG-COASTAL,PROD-VD-500,7699,58,26.531
2026-05-21T00:00:00Z,REG-SOUTH,PROD-HS-100,56452,496,26.532
2026-05-21T00:00:00Z,REG-SOUTH,PROD-HS-110,20038,139,26.532
2026-05-21T00:00:00Z,REG-SOUTH,PROD-AS-200,26482,216,26.531
2026-05-21T00:00:00Z,REG-SOUTH,PROD-LB-400,29677,253,26.532
2026-05-21T00:00:00Z,REG-SOUTH,PROD-DM-300,14239,124,26.532
2026-05-21T00:00:00Z,REG-SOUTH,PROD-VD-500,6365,50,26.534
2026-05-21T00:00:00Z,REG-DELTA,PROD-HS-100,49619,323,26.532
2026-05-21T00:00:00Z,REG-DELTA,PROD-HS-110,17667,129,26.533
2026-05-21T00:00:00Z,REG-DELTA,PROD-AS-200,23351,189,26.532
2026-05-21T00:00:00Z,REG-DELTA,PROD-LB-400,26135,213,26.532
2026-05-21T00:00:00Z,REG-DELTA,PROD-DM-300,12553,110,26.531
2026-05-21T00:00:00Z,REG-DELTA,PROD-VD-500,5617,45,26.533
2026-05-21T00:00:00Z,REG-ISLAND,PROD-HS-100,34810,239,26.532
2026-05-21T00:00:00Z,REG-ISLAND,PROD-HS-110,12397,86,26.532
2026-05-21T00:00:00Z,REG-ISLAND,PROD-AS-200,16336,99,26.531
2026-05-21T00:00:00Z,REG-ISLAND,PROD-LB-400,18328,154,26.531
2026-05-21T00:00:00Z,REG-ISLAND,PROD-DM-300,8805,76,26.532
2026-05-21T00:00:00Z,REG-ISLAND,PROD-VD-500,3934,34,26.531
2026-05-21T00:00:00Z,REG-NORTH,PROD-HS-100,48067,389,26.532
2026-05-21T00:00:00Z,REG-NORTH,PROD-HS-110,17074,120,26.532
2026-05-21T00:00:00Z,REG-NORTH,PROD-AS-200,22568,175,26.532
2026-05-21T00:00:00Z,REG-NORTH,PROD-LB-400,25235,162,26.532
2026-05-21T00:00:00Z,REG-NORTH,PROD-DM-300,12133,88,26.531
2026-05-21T00:00:00Z,REG-NORTH,PROD-VD-500,5427,41,26.532
2026-05-21T00:00:00Z,REG-CENTRAL,PROD-HS-100,44269,385,26.532
2026-05-21T00:00:00Z,REG-CENTRAL,PROD-HS-110,15738,111,26.531
2026-05-21T00:00:00Z,REG-CENTRAL,PROD-AS-200,20794,179,26.532
2026-05-21T00:00:00Z,REG-CENTRAL,PROD-LB-400,23227,144,26.532
2026-05-21T00:00:00Z,REG-CENTRAL,PROD-DM-300,11185,95,26.531
2026-05-21T00:00:00Z,REG-CENTRAL,PROD-VD-500,5001,40,26.529
2026-05-22T00:00:00Z,REG-COASTAL,PROD-HS-100,67452,549,26.236
2026-05-22T00:00:00Z,REG-COASTAL,PROD-HS-110,24008,212,26.236
2026-05-22T00:00:00Z,REG-COASTAL,PROD-AS-200,31630,225,26.236
2026-05-22T00:00:00Z,REG-COASTAL,PROD-LB-400,35475,318,26.237
2026-05-22T00:00:00Z,REG-COASTAL,PROD-DM-300,16999,103,26.236
2026-05-22T00:00:00Z,REG-COASTAL,PROD-VD-500,7608,52,26.236
2026-05-22T00:00:00Z,REG-SOUTH,PROD-HS-100,55836,477,26.236
2026-05-22T00:00:00Z,REG-SOUTH,PROD-HS-110,19867,163,26.237
2026-05-22T00:00:00Z,REG-SOUTH,PROD-AS-200,26214,214,26.236
2026-05-22T00:00:00Z,REG-SOUTH,PROD-LB-400,29307,185,26.236
2026-05-22T00:00:00Z,REG-SOUTH,PROD-DM-300,14079,95,26.236
2026-05-22T00:00:00Z,REG-SOUTH,PROD-VD-500,6287,43,26.235
2026-05-22T00:00:00Z,REG-DELTA,PROD-HS-100,49228,428,26.237
2026-05-22T00:00:00Z,REG-DELTA,PROD-HS-110,17495,127,26.236
2026-05-22T00:00:00Z,REG-DELTA,PROD-AS-200,23082,151,26.237
2026-05-22T00:00:00Z,REG-DELTA,PROD-LB-400,25874,215,26.236
2026-05-22T00:00:00Z,REG-DELTA,PROD-DM-300,12439,108,26.236
2026-05-22T00:00:00Z,REG-DELTA,PROD-VD-500,5559,49,26.238
2026-05-22T00:00:00Z,REG-ISLAND,PROD-HS-100,34511,299,26.236
2026-05-22T00:00:00Z,REG-ISLAND,PROD-HS-110,12250,76,26.237
2026-05-22T00:00:00Z,REG-ISLAND,PROD-AS-200,16184,101,26.237
2026-05-22T00:00:00Z,REG-ISLAND,PROD-LB-400,18129,131,26.236
2026-05-22T00:00:00Z,REG-ISLAND,PROD-DM-300,8709,77,26.237
2026-05-22T00:00:00Z,REG-ISLAND,PROD-VD-500,3881,24,26.238
2026-05-22T00:00:00Z,REG-NORTH,PROD-HS-100,47593,394,26.236
2026-05-22T00:00:00Z,REG-NORTH,PROD-HS-110,16942,151,26.236
2026-05-22T00:00:00Z,REG-NORTH,PROD-AS-200,22328,158,26.237
2026-05-22T00:00:00Z,REG-NORTH,PROD-LB-400,25042,222,26.237
2026-05-22T00:00:00Z,REG-NORTH,PROD-DM-300,11991,80,26.236
2026-05-22T00:00:00Z,REG-NORTH,PROD-VD-500,5362,36,26.236
2026-05-22T00:00:00Z,REG-CENTRAL,PROD-HS-100,43729,282,26.236
2026-05-22T00:00:00Z,REG-CENTRAL,PROD-HS-110,15563,110,26.236
2026-05-22T00:00:00Z,REG-CENTRAL,PROD-AS-200,20577,165,26.237
2026-05-22T00:00:00Z,REG-CENTRAL,PROD-LB-400,23008,156,26.237
2026-05-22T00:00:00Z,REG-CENTRAL,PROD-DM-300,11044,77,26.237
2026-05-22T00:00:00Z,REG-CENTRAL,PROD-VD-500,4943,37,26.235
2026-05-23T00:00:00Z,REG-COASTAL,PROD-HS-100,66688,526,25.926
2026-05-23T00:00:00Z,REG-COASTAL,PROD-HS-110,23704,164,25.925
2026-05-23T00:00:00Z,REG-COASTAL,PROD-AS-200,31279,220,25.926
2026-05-23T00:00:00Z,REG-COASTAL,PROD-LB-400,35104,312,25.925
2026-05-23T00:00:00Z,REG-COASTAL,PROD-DM-300,16830,134,25.925
2026-05-23T00:00:00Z,REG-COASTAL,PROD-VD-500,7521,54,25.927
2026-05-23T00:00:00Z,REG-SOUTH,PROD-HS-100,55260,505,25.926
2026-05-23T00:00:00Z,REG-SOUTH,PROD-HS-110,19644,174,25.925
2026-05-23T00:00:00Z,REG-SOUTH,PROD-AS-200,25899,181,25.925
2026-05-23T00:00:00Z,REG-SOUTH,PROD-LB-400,29021,244,25.925
2026-05-23T00:00:00Z,REG-SOUTH,PROD-DM-300,13918,100,25.925
2026-05-23T00:00:00Z,REG-SOUTH,PROD-VD-500,6242,46,25.925
2026-05-23T00:00:00Z,REG-DELTA,PROD-HS-100,48600,352,25.926
2026-05-23T00:00:00Z,REG-DELTA,PROD-HS-110,17289,126,25.926
2026-05-23T00:00:00Z,REG-DELTA,PROD-AS-200,22818,159,25.926
2026-05-23T00:00:00Z,REG-DELTA,PROD-LB-400,25616,235,25.925
2026-05-23T00:00:00Z,REG-DELTA,PROD-DM-300,12295,110,25.926
2026-05-23T00:00:00Z,REG-DELTA,PROD-VD-500,5480,36,25.924
2026-05-23T00:00:00Z,REG-ISLAND,PROD-HS-100,34103,270,25.926
2026-05-23T00:00:00Z,REG-ISLAND,PROD-HS-110,12110,81,25.925
2026-05-23T00:00:00Z,REG-ISLAND,PROD-AS-200,16010,118,25.925
2026-05-23T00:00:00Z,REG-ISLAND,PROD-LB-400,17911,126,25.926
2026-05-23T00:00:00Z,REG-ISLAND,PROD-DM-300,8609,54,25.924
2026-05-23T00:00:00Z,REG-ISLAND,PROD-VD-500,3838,27,25.925
2026-05-23T00:00:00Z,REG-NORTH,PROD-HS-100,47016,350,25.926
2026-05-23T00:00:00Z,REG-NORTH,PROD-HS-110,16706,114,25.925
2026-05-23T00:00:00Z,REG-NORTH,PROD-AS-200,22086,179,25.925
2026-05-23T00:00:00Z,REG-NORTH,PROD-LB-400,24723,197,25.926
2026-05-23T00:00:00Z,REG-NORTH,PROD-DM-300,11886,90,25.925
2026-05-23T00:00:00Z,REG-NORTH,PROD-VD-500,5310,47,25.926
2026-05-23T00:00:00Z,REG-CENTRAL,PROD-HS-100,43284,325,25.926
2026-05-23T00:00:00Z,REG-CENTRAL,PROD-HS-110,15417,121,25.925
2026-05-23T00:00:00Z,REG-CENTRAL,PROD-AS-200,20302,132,25.925
2026-05-23T00:00:00Z,REG-CENTRAL,PROD-LB-400,22785,204,25.925
2026-05-23T00:00:00Z,REG-CENTRAL,PROD-DM-300,10930,93,25.926
2026-05-23T00:00:00Z,REG-CENTRAL,PROD-VD-500,4888,40,25.925
2026-05-24T00:00:00Z,REG-COASTAL,PROD-HS-100,49360,329,25.604
2026-05-24T00:00:00Z,REG-COASTAL,PROD-HS-110,17597,161,25.604
2026-05-24T00:00:00Z,REG-COASTAL,PROD-AS-200,23180,162,25.604
2026-05-24T00:00:00Z,REG-COASTAL,PROD-LB-400,25964,181,25.604
2026-05-24T00:00:00Z,REG-COASTAL,PROD-DM-300,12505,113,25.603
2026-05-24T00:00:00Z,REG-COASTAL,PROD-VD-500,5582,52,25.602
2026-05-24T00:00:00Z,REG-SOUTH,PROD-HS-100,40932,350,25.604
2026-05-24T00:00:00Z,REG-SOUTH,PROD-HS-110,14534,94,25.603
2026-05-24T00:00:00Z,REG-SOUTH,PROD-AS-200,19249,174,25.604
2026-05-24T00:00:00Z,REG-SOUTH,PROD-LB-400,21520,192,25.604
2026-05-24T00:00:00Z,REG-SOUTH,PROD-DM-300,10331,90,25.603
2026-05-24T00:00:00Z,REG-SOUTH,PROD-VD-500,4620,37,25.603
2026-05-24T00:00:00Z,REG-DELTA,PROD-HS-100,36082,314,25.603
2026-05-24T00:00:00Z,REG-DELTA,PROD-HS-110,12818,93,25.604
2026-05-24T00:00:00Z,REG-DELTA,PROD-AS-200,16911,115,25.604
2026-05-24T00:00:00Z,REG-DELTA,PROD-LB-400,18988,169,25.604
2026-05-24T00:00:00Z,REG-DELTA,PROD-DM-300,9100,62,25.603
2026-05-24T00:00:00Z,REG-DELTA,PROD-VD-500,4080,35,25.601
2026-05-24T00:00:00Z,REG-ISLAND,PROD-HS-100,25302,211,25.603
2026-05-24T00:00:00Z,REG-ISLAND,PROD-HS-110,9017,81,25.605
2026-05-24T00:00:00Z,REG-ISLAND,PROD-AS-200,11882,104,25.604
2026-05-24T00:00:00Z,REG-ISLAND,PROD-LB-400,13277,91,25.604
2026-05-24T00:00:00Z,REG-ISLAND,PROD-DM-300,6367,43,25.603
2026-05-24T00:00:00Z,REG-ISLAND,PROD-VD-500,2865,23,25.604
2026-05-24T00:00:00Z,REG-NORTH,PROD-HS-100,34834,244,25.603
2026-05-24T00:00:00Z,REG-NORTH,PROD-HS-110,12409,94,25.603
2026-05-24T00:00:00Z,REG-NORTH,PROD-AS-200,16381,123,25.603
2026-05-24T00:00:00Z,REG-NORTH,PROD-LB-400,18339,161,25.603
2026-05-24T00:00:00Z,REG-NORTH,PROD-DM-300,8804,73,25.604
2026-05-24T00:00:00Z,REG-NORTH,PROD-VD-500,3943,26,25.601
2026-05-24T00:00:00Z,REG-CENTRAL,PROD-HS-100,32098,247,25.604
2026-05-24T00:00:00Z,REG-CENTRAL,PROD-HS-110,11400,83,25.604
2026-05-24T00:00:00Z,REG-CENTRAL,PROD-AS-200,15078,126,25.603
2026-05-24T00:00:00Z,REG-CENTRAL,PROD-LB-400,16863,118,25.604
2026-05-24T00:00:00Z,REG-CENTRAL,PROD-DM-300,8095,55,25.605
2026-05-24T00:00:00Z,REG-CENTRAL,PROD-VD-500,3610,26,25.6
2026-05-25T00:00:00Z,REG-COASTAL,PROD-HS-100,65176,601,25.274
2026-05-25T00:00:00Z,REG-COASTAL,PROD-HS-110,23133,159,25.274
2026-05-25T00:00:00Z,REG-COASTAL,PROD-AS-200,30562,233,25.274
2026-05-25T00:00:00Z,REG-COASTAL,PROD-LB-400,34241,298,25.274
2026-05-25T00:00:00Z,REG-COASTAL,PROD-DM-300,16412,110,25.274
2026-05-25T00:00:00Z,REG-COASTAL,PROD-VD-500,7351,47,25.273
2026-05-25T00:00:00Z,REG-SOUTH,PROD-HS-100,53937,483,25.274
2026-05-25T00:00:00Z,REG-SOUTH,PROD-HS-110,19160,154,25.274
2026-05-25T00:00:00Z,REG-SOUTH,PROD-AS-200,25289,192,25.274
2026-05-25T00:00:00Z,REG-SOUTH,PROD-LB-400,28294,189,25.274
2026-05-25T00:00:00Z,REG-SOUTH,PROD-DM-300,13623,127,25.273
2026-05-25T00:00:00Z,REG-SOUTH,PROD-VD-500,6082,42,25.272
2026-05-25T00:00:00Z,REG-DELTA,PROD-HS-100,47497,386,25.274
2026-05-25T00:00:00Z,REG-DELTA,PROD-HS-110,16898,141,25.275
2026-05-25T00:00:00Z,REG-DELTA,PROD-AS-200,22306,191,25.274
2026-05-25T00:00:00Z,REG-DELTA,PROD-LB-400,24988,220,25.273
2026-05-25T00:00:00Z,REG-DELTA,PROD-DM-300,12007,103,25.274
2026-05-25T00:00:00Z,REG-DELTA,PROD-VD-500,5380,47,25.275
2026-05-25T00:00:00Z,REG-ISLAND,PROD-HS-100,33345,312,25.274
2026-05-25T00:00:00Z,REG-ISLAND,PROD-HS-110,11849,97,25.273
2026-05-25T00:00:00Z,REG-ISLAND,PROD-AS-200,15622,104,25.274
2026-05-25T00:00:00Z,REG-ISLAND,PROD-LB-400,17488,125,25.274
2026-05-25T00:00:00Z,REG-ISLAND,PROD-DM-300,8412,72,25.273
2026-05-25T00:00:00Z,REG-ISLAND,PROD-VD-500,3776,35,25.277
2026-05-25T00:00:00Z,REG-NORTH,PROD-HS-100,45971,402,25.274
2026-05-25T00:00:00Z,REG-NORTH,PROD-HS-110,16321,120,25.275
2026-05-25T00:00:00Z,REG-NORTH,PROD-AS-200,21566,159,25.274
2026-05-25T00:00:00Z,REG-NORTH,PROD-LB-400,24161,201,25.274
2026-05-25T00:00:00Z,REG-NORTH,PROD-DM-300,11585,85,25.275
2026-05-25T00:00:00Z,REG-NORTH,PROD-VD-500,5192,36,25.275
2026-05-25T00:00:00Z,REG-CENTRAL,PROD-HS-100,42320,391,25.274
2026-05-25T00:00:00Z,REG-CENTRAL,PROD-HS-110,15053,141,25.275
2026-05-25T00:00:00Z,REG-CENTRAL,PROD-AS-200,19848,160,25.273
2026-05-25T00:00:00Z,REG-CENTRAL,PROD-LB-400,22192,153,25.274
2026-05-25T00:00:00Z,REG-CENTRAL,PROD-DM-300,10670,80,25.274
2026-05-25T00:00:00Z,REG-CENTRAL,PROD-VD-500,4762,36,25.273
2026-05-26T00:00:00Z,REG-COASTAL,PROD-HS-100,64324,550,24.941
2026-05-26T00:00:00Z,REG-COASTAL,PROD-HS-110,22900,204,24.941
2026-05-26T00:00:00Z,REG-COASTAL,PROD-AS-200,30187,233,24.941
2026-05-26T00:00:00Z,REG-COASTAL,PROD-LB-400,33784,263,24.941
2026-05-26T00:00:00Z,REG-COASTAL,PROD-DM-300,16241,129,24.941
2026-05-26T00:00:00Z,REG-COASTAL,PROD-VD-500,7273,65,24.941
2026-05-26T00:00:00Z,REG-SOUTH,PROD-HS-100,53199,424,24.941
2026-05-26T00:00:00Z,REG-SOUTH,PROD-HS-110,18936,155,24.942
2026-05-26T00:00:00Z,REG-SOUTH,PROD-AS-200,24957,166,24.941
2026-05-26T00:00:00Z,REG-SOUTH,PROD-LB-400,27941,182,24.941
2026-05-26T00:00:00Z,REG-SOUTH,PROD-DM-300,13420,102,24.94
2026-05-26T00:00:00Z,REG-SOUTH,PROD-VD-500,6004,43,24.941
2026-05-26T00:00:00Z,REG-DELTA,PROD-HS-100,46922,407,24.941
2026-05-26T00:00:00Z,REG-DELTA,PROD-HS-110,16719,158,24.941
2026-05-26T00:00:00Z,REG-DELTA,PROD-AS-200,21989,141,24.941
2026-05-26T00:00:00Z,REG-DELTA,PROD-LB-400,24673,206,24.941
2026-05-26T00:00:00Z,REG-DELTA,PROD-DM-300,11848,101,24.941
2026-05-26T00:00:00Z,REG-DELTA,PROD-VD-500,5306,43,24.943
2026-05-26T00:00:00Z,REG-ISLAND,PROD-HS-100,32843,220,24.941
2026-05-26T00:00:00Z,REG-ISLAND,PROD-HS-110,11689,91,24.942
2026-05-26T00:00:00Z,REG-ISLAND,PROD-AS-200,15460,146,24.941
2026-05-26T00:00:00Z,REG-ISLAND,PROD-LB-400,17308,149,24.94
2026-05-26T00:00:00Z,REG-ISLAND,PROD-DM-300,8304,73,24.942
2026-05-26T00:00:00Z,REG-ISLAND,PROD-VD-500,3724,33,24.939
2026-05-26T00:00:00Z,REG-NORTH,PROD-HS-100,45343,349,24.941
2026-05-26T00:00:00Z,REG-NORTH,PROD-HS-110,16166,154,24.941
2026-05-26T00:00:00Z,REG-NORTH,PROD-AS-200,21280,155,24.941
2026-05-26T00:00:00Z,REG-NORTH,PROD-LB-400,23857,213,24.941
2026-05-26T00:00:00Z,REG-NORTH,PROD-DM-300,11437,89,24.941
2026-05-26T00:00:00Z,REG-NORTH,PROD-VD-500,5121,33,24.941
2026-05-26T00:00:00Z,REG-CENTRAL,PROD-HS-100,41790,388,24.941
2026-05-26T00:00:00Z,REG-CENTRAL,PROD-HS-110,14866,126,24.941
2026-05-26T00:00:00Z,REG-CENTRAL,PROD-AS-200,19600,146,24.941
2026-05-26T00:00:00Z,REG-CENTRAL,PROD-LB-400,21923,150,24.94
2026-05-26T00:00:00Z,REG-CENTRAL,PROD-DM-300,10550,100,24.94
2026-05-26T00:00:00Z,REG-CENTRAL,PROD-VD-500,4724,35,24.941
2026-05-27T00:00:00Z,REG-COASTAL,PROD-HS-100,63488,539,24.609
2026-05-27T00:00:00Z,REG-COASTAL,PROD-HS-110,22564,170,24.609
2026-05-27T00:00:00Z,REG-COASTAL,PROD-AS-200,29865,285,24.609
2026-05-27T00:00:00Z,REG-COASTAL,PROD-LB-400,33329,230,24.609
2026-05-27T00:00:00Z,REG-COASTAL,PROD-DM-300,16012,115,24.608
2026-05-27T00:00:00Z,REG-COASTAL,PROD-VD-500,7160,48,24.609
2026-05-27T00:00:00Z,REG-SOUTH,PROD-HS-100,52563,466,24.609
2026-05-27T00:00:00Z,REG-SOUTH,PROD-HS-110,18668,138,24.608
2026-05-27T00:00:00Z,REG-SOUTH,PROD-AS-200,24678,192,24.609
2026-05-27T00:00:00Z,REG-SOUTH,PROD-LB-400,27640,250,24.609
2026-05-27T00:00:00Z,REG-SOUTH,PROD-DM-300,13265,99,24.609
2026-05-27T00:00:00Z,REG-SOUTH,PROD-VD-500,5928,47,24.607
2026-05-27T00:00:00Z,REG-DELTA,PROD-HS-100,46246,326,24.609
2026-05-27T00:00:00Z,REG-DELTA,PROD-HS-110,16488,148,24.608
2026-05-27T00:00:00Z,REG-DELTA,PROD-AS-200,21763,181,24.609
2026-05-27T00:00:00Z,REG-DELTA,PROD-LB-400,24320,179,24.609
2026-05-27T00:00:00Z,REG-DELTA,PROD-DM-300,11671,80,24.609
2026-05-27T00:00:00Z,REG-DELTA,PROD-VD-500,5231,39,24.607
2026-05-27T00:00:00Z,REG-ISLAND,PROD-HS-100,32524,311,24.609
2026-05-27T00:00:00Z,REG-ISLAND,PROD-HS-110,11577,109,24.609
2026-05-27T00:00:00Z,REG-ISLAND,PROD-AS-200,15279,145,24.608
2026-05-27T00:00:00Z,REG-ISLAND,PROD-LB-400,17049,118,24.609
2026-05-27T00:00:00Z,REG-ISLAND,PROD-DM-300,8220,74,24.61
2026-05-27T00:00:00Z,REG-ISLAND,PROD-VD-500,3674,32,24.608
2026-05-27T00:00:00Z,REG-NORTH,PROD-HS-100,44721,302,24.609
2026-05-27T00:00:00Z,REG-NORTH,PROD-HS-110,15904,105,24.609
2026-05-27T00:00:00Z,REG-NORTH,PROD-AS-200,21014,146,24.608
2026-05-27T00:00:00Z,REG-NORTH,PROD-LB-400,23526,172,24.609
2026-05-27T00:00:00Z,REG-NORTH,PROD-DM-300,11313,91,24.61
2026-05-27T00:00:00Z,REG-NORTH,PROD-VD-500,5069,49,24.608
2026-05-27T00:00:00Z,REG-CENTRAL,PROD-HS-100,41235,360,24.609
2026-05-27T00:00:00Z,REG-CENTRAL,PROD-HS-110,14677,133,24.609
2026-05-27T00:00:00Z,REG-CENTRAL,PROD-AS-200,19348,153,24.609
2026-05-27T00:00:00Z,REG-CENTRAL,PROD-LB-400,21680,197,24.608
2026-05-27T00:00:00Z,REG-CENTRAL,PROD-DM-300,10410,74,24.61
2026-05-27T00:00:00Z,REG-CENTRAL,PROD-VD-500,4667,41,24.606
2026-05-28T00:00:00Z,REG-COASTAL,PROD-HS-100,62641,505,24.281
2026-05-28T00:00:00Z,REG-COASTAL,PROD-HS-110,22285,165,24.281
2026-05-28T00:00:00Z,REG-COASTAL,PROD-AS-200,29389,203,24.281
2026-05-28T00:00:00Z,REG-COASTAL,PROD-LB-400,32951,268,24.282
2026-05-28T00:00:00Z,REG-COASTAL,PROD-DM-300,15823,137,24.282
2026-05-28T00:00:00Z,REG-COASTAL,PROD-VD-500,7081,64,24.28
2026-05-28T00:00:00Z,REG-SOUTH,PROD-HS-100,51828,376,24.281
2026-05-28T00:00:00Z,REG-SOUTH,PROD-HS-110,18446,138,24.281
2026-05-28T00:00:00Z,REG-SOUTH,PROD-AS-200,24393,233,24.281
2026-05-28T00:00:00Z,REG-SOUTH,PROD-LB-400,27231,182,24.281
2026-05-28T00:00:00Z,REG-SOUTH,PROD-DM-300,13111,120,24.282
2026-05-28T00:00:00Z,REG-SOUTH,PROD-VD-500,5851,48,24.28
2026-05-28T00:00:00Z,REG-DELTA,PROD-HS-100,45692,359,24.281
2026-05-28T00:00:00Z,REG-DELTA,PROD-HS-110,16269,146,24.282
2026-05-28T00:00:00Z,REG-DELTA,PROD-AS-200,21439,144,24.282
2026-05-28T00:00:00Z,REG-DELTA,PROD-LB-400,24051,207,24.281
2026-05-28T00:00:00Z,REG-DELTA,PROD-DM-300,11525,88,24.282
2026-05-28T00:00:00Z,REG-DELTA,PROD-VD-500,5172,49,24.28
2026-05-28T00:00:00Z,REG-ISLAND,PROD-HS-100,32042,258,24.281
2026-05-28T00:00:00Z,REG-ISLAND,PROD-HS-110,11410,95,24.281
2026-05-28T00:00:00Z,REG-ISLAND,PROD-AS-200,15069,136,24.281
2026-05-28T00:00:00Z,REG-ISLAND,PROD-LB-400,16825,119,24.282
2026-05-28T00:00:00Z,REG-ISLAND,PROD-DM-300,8091,54,24.281
2026-05-28T00:00:00Z,REG-ISLAND,PROD-VD-500,3619,25,24.284
2026-05-28T00:00:00Z,REG-NORTH,PROD-HS-100,44212,360,24.281
2026-05-28T00:00:00Z,REG-NORTH,PROD-HS-110,15701,112,24.282
2026-05-28T00:00:00Z,REG-NORTH,PROD-AS-200,20775,184,24.282
2026-05-28T00:00:00Z,REG-NORTH,PROD-LB-400,23214,171,24.281
2026-05-28T00:00:00Z,REG-NORTH,PROD-DM-300,11151,79,24.281
2026-05-28T00:00:00Z,REG-NORTH,PROD-VD-500,4986,33,24.279
2026-05-28T00:00:00Z,REG-CENTRAL,PROD-HS-100,40721,365,24.282
2026-05-28T00:00:00Z,REG-CENTRAL,PROD-HS-110,14448,98,24.281
2026-05-28T00:00:00Z,REG-CENTRAL,PROD-AS-200,19133,169,24.282
2026-05-28T00:00:00Z,REG-CENTRAL,PROD-LB-400,21389,167,24.281
2026-05-28T00:00:00Z,REG-CENTRAL,PROD-DM-300,10298,100,24.281
2026-05-28T00:00:00Z,REG-CENTRAL,PROD-VD-500,4598,33,24.282
2026-05-29T00:00:00Z,REG-COASTAL,PROD-HS-100,61881,536,23.963
2026-05-29T00:00:00Z,REG-COASTAL,PROD-HS-110,21995,165,23.963
2026-05-29T00:00:00Z,REG-COASTAL,PROD-AS-200,29078,251,23.963
2026-05-29T00:00:00Z,REG-COASTAL,PROD-LB-400,32477,223,23.963
2026-05-29T00:00:00Z,REG-COASTAL,PROD-DM-300,15629,125,23.963
2026-05-29T00:00:00Z,REG-COASTAL,PROD-VD-500,6984,59,23.962
2026-05-29T00:00:00Z,REG-SOUTH,PROD-HS-100,51263,486,23.963
2026-05-29T00:00:00Z,REG-SOUTH,PROD-HS-110,18245,177,23.963
2026-05-29T00:00:00Z,REG-SOUTH,PROD-AS-200,24052,209,23.963
2026-05-29T00:00:00Z,REG-SOUTH,PROD-LB-400,26876,181,23.963
2026-05-29T00:00:00Z,REG-SOUTH,PROD-DM-300,12908,88,23.963
2026-05-29T00:00:00Z,REG-SOUTH,PROD-VD-500,5784,57,23.962
2026-05-29T00:00:00Z,REG-DELTA,PROD-HS-100,45111,348,23.963
2026-05-29T00:00:00Z,REG-DELTA,PROD-HS-110,16066,131,23.962
2026-05-29T00:00:00Z,REG-DELTA,PROD-AS-200,21165,150,23.962
2026-05-29T00:00:00Z,REG-DELTA,PROD-LB-400,23713,181,23.963
2026-05-29T00:00:00Z,REG-DELTA,PROD-DM-300,11414,104,23.962
2026-05-29T00:00:00Z,REG-DELTA,PROD-VD-500,5097,41,23.962
2026-05-29T00:00:00Z,REG-ISLAND,PROD-HS-100,31698,307,23.963
2026-05-29T00:00:00Z,REG-ISLAND,PROD-HS-110,11242,75,23.964
2026-05-29T00:00:00Z,REG-ISLAND,PROD-AS-200,14857,120,23.963
2026-05-29T00:00:00Z,REG-ISLAND,PROD-LB-400,16658,148,23.962
2026-05-29T00:00:00Z,REG-ISLAND,PROD-DM-300,8002,70,23.964
2026-05-29T00:00:00Z,REG-ISLAND,PROD-VD-500,3572,25,23.966
2026-05-29T00:00:00Z,REG-NORTH,PROD-HS-100,43685,408,23.963
2026-05-29T00:00:00Z,REG-NORTH,PROD-HS-110,15554,146,23.963
2026-05-29T00:00:00Z,REG-NORTH,PROD-AS-200,20520,199,23.963
2026-05-29T00:00:00Z,REG-NORTH,PROD-LB-400,22951,186,23.963
2026-05-29T00:00:00Z,REG-NORTH,PROD-DM-300,11003,76,23.963
2026-05-29T00:00:00Z,REG-NORTH,PROD-VD-500,4928,40,23.961
2026-05-29T00:00:00Z,REG-CENTRAL,PROD-HS-100,40161,311,23.963
2026-05-29T00:00:00Z,REG-CENTRAL,PROD-HS-110,14299,113,23.963
2026-05-29T00:00:00Z,REG-CENTRAL,PROD-AS-200,18891,176,23.963
2026-05-29T00:00:00Z,REG-CENTRAL,PROD-LB-400,21101,157,23.963
2026-05-29T00:00:00Z,REG-CENTRAL,PROD-DM-300,10143,79,23.962
2026-05-29T00:00:00Z,REG-CENTRAL,PROD-VD-500,4544,39,23.963
2026-05-30T00:00:00Z,REG-COASTAL,PROD-HS-100,61134,548,23.657
2026-05-30T00:00:00Z,REG-COASTAL,PROD-HS-110,21699,147,23.658
2026-05-30T00:00:00Z,REG-COASTAL,PROD-AS-200,28738,278,23.658
2026-05-30T00:00:00Z,REG-COASTAL,PROD-LB-400,32091,225,23.657
2026-05-30T00:00:00Z,REG-COASTAL,PROD-DM-300,15443,137,23.657
2026-05-30T00:00:00Z,REG-COASTAL,PROD-VD-500,6888,51,23.657
2026-05-30T00:00:00Z,REG-SOUTH,PROD-HS-100,50571,418,23.657
2026-05-30T00:00:00Z,REG-SOUTH,PROD-HS-110,17987,150,23.656
2026-05-30T00:00:00Z,REG-SOUTH,PROD-AS-200,23791,229,23.657
2026-05-30T00:00:00Z,REG-SOUTH,PROD-LB-400,26565,187,23.657
2026-05-30T00:00:00Z,REG-SOUTH,PROD-DM-300,12770,113,23.658
2026-05-30T00:00:00Z,REG-SOUTH,PROD-VD-500,5707,53,23.657
2026-05-30T00:00:00Z,REG-DELTA,PROD-HS-100,44661,446,23.657
2026-05-30T00:00:00Z,REG-DELTA,PROD-HS-110,15876,144,23.657
2026-05-30T00:00:00Z,REG-DELTA,PROD-AS-200,20954,183,23.657
2026-05-30T00:00:00Z,REG-DELTA,PROD-LB-400,23446,215,23.657
2026-05-30T00:00:00Z,REG-DELTA,PROD-DM-300,11253,87,23.657
2026-05-30T00:00:00Z,REG-DELTA,PROD-VD-500,5041,49,23.659
2026-05-30T00:00:00Z,REG-ISLAND,PROD-HS-100,31271,280,23.657
2026-05-30T00:00:00Z,REG-ISLAND,PROD-HS-110,11131,107,23.657
2026-05-30T00:00:00Z,REG-ISLAND,PROD-AS-200,14703,130,23.657
2026-05-30T00:00:00Z,REG-ISLAND,PROD-LB-400,16455,155,23.657
2026-05-30T00:00:00Z,REG-ISLAND,PROD-DM-300,7905,74,23.659
2026-05-30T00:00:00Z,REG-ISLAND,PROD-VD-500,3528,27,23.655
2026-05-30T00:00:00Z,REG-NORTH,PROD-HS-100,43098,350,23.657
2026-05-30T00:00:00Z,REG-NORTH,PROD-HS-110,15347,135,23.658
2026-05-30T00:00:00Z,REG-NORTH,PROD-AS-200,20255,170,23.657
2026-05-30T00:00:00Z,REG-NORTH,PROD-LB-400,22664,190,23.657
2026-05-30T00:00:00Z,REG-NORTH,PROD-DM-300,10864,76,23.658
2026-05-30T00:00:00Z,REG-NORTH,PROD-VD-500,4863,37,23.657
2026-05-30T00:00:00Z,REG-CENTRAL,PROD-HS-100,39647,305,23.657
2026-05-30T00:00:00Z,REG-CENTRAL,PROD-HS-110,14101,96,23.657
2026-05-30T00:00:00Z,REG-CENTRAL,PROD-AS-200,18642,166,23.657
2026-05-30T00:00:00Z,REG-CENTRAL,PROD-LB-400,20868,168,23.657
2026-05-30T00:00:00Z,REG-CENTRAL,PROD-DM-300,10012,76,23.657
2026-05-30T00:00:00Z,REG-CENTRAL,PROD-VD-500,4491,43,23.66
2026-05-31T00:00:00Z,REG-COASTAL,PROD-HS-100,45280,367,23.368
2026-05-31T00:00:00Z,REG-COASTAL,PROD-HS-110,16142,158,23.368
2026-05-31T00:00:00Z,REG-COASTAL,PROD-AS-200,21311,210,23.368
2026-05-31T00:00:00Z,REG-COASTAL,PROD-LB-400,23784,182,23.368
2026-05-31T00:00:00Z,REG-COASTAL,PROD-DM-300,11431,98,23.367
2026-05-31T00:00:00Z,REG-COASTAL,PROD-VD-500,5110,39,23.369
2026-05-31T00:00:00Z,REG-SOUTH,PROD-HS-100,37500,322,23.368
2026-05-31T00:00:00Z,REG-SOUTH,PROD-HS-110,13339,113,23.367
2026-05-31T00:00:00Z,REG-SOUTH,PROD-AS-200,17602,146,23.368
2026-05-31T00:00:00Z,REG-SOUTH,PROD-LB-400,19726,190,23.368
2026-05-31T00:00:00Z,REG-SOUTH,PROD-DM-300,9467,73,23.368
2026-05-31T00:00:00Z,REG-SOUTH,PROD-VD-500,4249,43,23.367
2026-05-31T00:00:00Z,REG-DELTA,PROD-HS-100,32993,231,23.368
2026-05-31T00:00:00Z,REG-DELTA,PROD-HS-110,11779,118,23.369
2026-05-31T00:00:00Z,REG-DELTA,PROD-AS-200,15507,131,23.368
2026-05-31T00:00:00Z,REG-DELTA,PROD-LB-400,17385,163,23.368
2026-05-31T00:00:00Z,REG-DELTA,PROD-DM-300,8356,84,23.367
2026-05-31T00:00:00Z,REG-DELTA,PROD-VD-500,3724,32,23.367
2026-05-31T00:00:00Z,REG-ISLAND,PROD-HS-100,23130,159,23.368
2026-05-31T00:00:00Z,REG-ISLAND,PROD-HS-110,8253,74,23.369
2026-05-31T00:00:00Z,REG-ISLAND,PROD-AS-200,10887,91,23.368
2026-05-31T00:00:00Z,REG-ISLAND,PROD-LB-400,12172,91,23.368
2026-05-31T00:00:00Z,REG-ISLAND,PROD-DM-300,5853,58,23.367
2026-05-31T00:00:00Z,REG-ISLAND,PROD-VD-500,2615,21,23.369
2026-05-31T00:00:00Z,REG-NORTH,PROD-HS-100,32008,321,23.368
2026-05-31T00:00:00Z,REG-NORTH,PROD-HS-110,11378,115,23.367
2026-05-31T00:00:00Z,REG-NORTH,PROD-AS-200,14995,110,23.367
2026-05-31T00:00:00Z,REG-NORTH,PROD-LB-400,16805,144,23.367
2026-05-31T00:00:00Z,REG-NORTH,PROD-DM-300,8073,81,23.368
2026-05-31T00:00:00Z,REG-NORTH,PROD-VD-500,3607,32,23.366
2026-05-31T00:00:00Z,REG-CENTRAL,PROD-HS-100,29428,265,23.368
2026-05-31T00:00:00Z,REG-CENTRAL,PROD-HS-110,10458,83,23.367
2026-05-31T00:00:00Z,REG-CENTRAL,PROD-AS-200,13817,123,23.369
2026-05-31T00:00:00Z,REG-CENTRAL,PROD-LB-400,15465,136,23.367
2026-05-31T00:00:00Z,REG-CENTRAL,PROD-DM-300,7413,52,23.368
2026-05-31T00:00:00Z,REG-CENTRAL,PROD-VD-500,3319,24,23.369
2026-06-01T00:00:00Z,REG-COASTAL,PROD-HS-100,59657,455,23.099
2026-06-01T00:00:00Z,REG-COASTAL,PROD-HS-110,21258,192,23.099
2026-06-01T00:00:00Z,REG-COASTAL,PROD-AS-200,28096,285,23.099
2026-06-01T00:00:00Z,REG-COASTAL,PROD-LB-400,31436,322,23.099
2026-06-01T00:00:00Z,REG-COASTAL,PROD-DM-300,15093,148,23.099
2026-06-01T00:00:00Z,REG-COASTAL,PROD-VD-500,6744,68,23.1
2026-06-01T00:00:00Z,REG-SOUTH,PROD-HS-100,49414,421,23.099
2026-06-01T00:00:00Z,REG-SOUTH,PROD-HS-110,17580,140,23.099
2026-06-01T00:00:00Z,REG-SOUTH,PROD-AS-200,23228,222,23.098
2026-06-01T00:00:00Z,REG-SOUTH,PROD-LB-400,25948,193,23.099
2026-06-01T00:00:00Z,REG-SOUTH,PROD-DM-300,12478,97,23.099
2026-06-01T00:00:00Z,REG-SOUTH,PROD-VD-500,5601,57,23.1
2026-06-01T00:00:00Z,REG-DELTA,PROD-HS-100,43558,363,23.099
2026-06-01T00:00:00Z,REG-DELTA,PROD-HS-110,15518,157,23.099
2026-06-01T00:00:00Z,REG-DELTA,PROD-AS-200,20446,165,23.099
2026-06-01T00:00:00Z,REG-DELTA,PROD-LB-400,22869,163,23.099
2026-06-01T00:00:00Z,REG-DELTA,PROD-DM-300,10999,96,23.1
2026-06-01T00:00:00Z,REG-DELTA,PROD-VD-500,4920,46,23.1
2026-06-01T00:00:00Z,REG-ISLAND,PROD-HS-100,30553,270,23.099
2026-06-01T00:00:00Z,REG-ISLAND,PROD-HS-110,10841,77,23.099
2026-06-01T00:00:00Z,REG-ISLAND,PROD-AS-200,14375,146,23.099
2026-06-01T00:00:00Z,REG-ISLAND,PROD-LB-400,16062,147,23.099
2026-06-01T00:00:00Z,REG-ISLAND,PROD-DM-300,7714,68,23.1
2026-06-01T00:00:00Z,REG-ISLAND,PROD-VD-500,3449,30,23.101
2026-06-01T00:00:00Z,REG-NORTH,PROD-HS-100,42098,335,23.099
2026-06-01T00:00:00Z,REG-NORTH,PROD-HS-110,14983,130,23.1
2026-06-01T00:00:00Z,REG-NORTH,PROD-AS-200,19753,142,23.099
2026-06-01T00:00:00Z,REG-NORTH,PROD-LB-400,22125,158,23.099
2026-06-01T00:00:00Z,REG-NORTH,PROD-DM-300,10630,74,23.098
2026-06-01T00:00:00Z,REG-NORTH,PROD-VD-500,4757,45,23.098
2026-06-01T00:00:00Z,REG-CENTRAL,PROD-HS-100,38731,294,23.099
2026-06-01T00:00:00Z,REG-CENTRAL,PROD-HS-110,13776,101,23.1
2026-06-01T00:00:00Z,REG-CENTRAL,PROD-AS-200,18230,167,23.098
2026-06-01T00:00:00Z,REG-CENTRAL,PROD-LB-400,20413,201,23.099
2026-06-01T00:00:00Z,REG-CENTRAL,PROD-DM-300,9775,73,23.1
2026-06-01T00:00:00Z,REG-CENTRAL,PROD-VD-500,4385,42,23.101
2026-06-02T00:00:00Z,REG-COASTAL,PROD-HS-100,59020,447,22.853
2026-06-02T00:00:00Z,REG-COASTAL,PROD-HS-110,20989,147,22.853
2026-06-02T00:00:00Z,REG-COASTAL,PROD-AS-200,27738,223,22.853
2026-06-02T00:00:00Z,REG-COASTAL,PROD-LB-400,31103,297,22.853
2026-06-02T00:00:00Z,REG-COASTAL,PROD-DM-300,14930,144,22.853
2026-06-02T00:00:00Z,REG-COASTAL,PROD-VD-500,6670,65,22.855
2026-06-02T00:00:00Z,REG-SOUTH,PROD-HS-100,48981,486,22.853
2026-06-02T00:00:00Z,REG-SOUTH,PROD-HS-110,17396,142,22.853
2026-06-02T00:00:00Z,REG-SOUTH,PROD-AS-200,22995,233,22.853
2026-06-02T00:00:00Z,REG-SOUTH,PROD-LB-400,25714,233,22.853
2026-06-02T00:00:00Z,REG-SOUTH,PROD-DM-300,12336,87,22.853
2026-06-02T00:00:00Z,REG-SOUTH,PROD-VD-500,5526,41,22.854
2026-06-02T00:00:00Z,REG-DELTA,PROD-HS-100,43112,376,22.853
2026-06-02T00:00:00Z,REG-DELTA,PROD-HS-110,15348,151,22.853
2026-06-02T00:00:00Z,REG-DELTA,PROD-AS-200,20253,188,22.853
2026-06-02T00:00:00Z,REG-DELTA,PROD-LB-400,22656,191,22.854
2026-06-02T00:00:00Z,REG-DELTA,PROD-DM-300,10881,94,22.854
2026-06-02T00:00:00Z,REG-DELTA,PROD-VD-500,4873,51,22.853
2026-06-02T00:00:00Z,REG-ISLAND,PROD-HS-100,30216,255,22.854
2026-06-02T00:00:00Z,REG-ISLAND,PROD-HS-110,10782,110,22.852
2026-06-02T00:00:00Z,REG-ISLAND,PROD-AS-200,14214,136,22.854
2026-06-02T00:00:00Z,REG-ISLAND,PROD-LB-400,15876,130,22.853
2026-06-02T00:00:00Z,REG-ISLAND,PROD-DM-300,7643,79,22.852
2026-06-02T00:00:00Z,REG-ISLAND,PROD-VD-500,3415,33,22.851
2026-06-02T00:00:00Z,REG-NORTH,PROD-HS-100,41693,374,22.853
2026-06-02T00:00:00Z,REG-NORTH,PROD-HS-110,14829,134,22.854
2026-06-02T00:00:00Z,REG-NORTH,PROD-AS-200,19578,176,22.853
2026-06-02T00:00:00Z,REG-NORTH,PROD-LB-400,21906,173,22.853
2026-06-02T00:00:00Z,REG-NORTH,PROD-DM-300,10524,80,22.853
2026-06-02T00:00:00Z,REG-NORTH,PROD-VD-500,4701,39,22.853
2026-06-02T00:00:00Z,REG-CENTRAL,PROD-HS-100,38407,356,22.853
2026-06-02T00:00:00Z,REG-CENTRAL,PROD-HS-110,13629,100,22.853
2026-06-02T00:00:00Z,REG-CENTRAL,PROD-AS-200,18014,143,22.853
2026-06-02T00:00:00Z,REG-CENTRAL,PROD-LB-400,20196,199,22.854
2026-06-02T00:00:00Z,REG-CENTRAL,PROD-DM-300,9694,96,22.852
2026-06-02T00:00:00Z,REG-CENTRAL,PROD-VD-500,4338,42,22.851
2026-06-03T00:00:00Z,REG-COASTAL,PROD-HS-100,58472,461,22.634
2026-06-03T00:00:00Z,REG-COASTAL,PROD-HS-110,20790,148,22.634
2026-06-03T00:00:00Z,REG-COASTAL,PROD-AS-200,27483,231,22.635
2026-06-03T00:00:00Z,REG-COASTAL,PROD-LB-400,30821,310,22.634
2026-06-03T00:00:00Z,REG-COASTAL,PROD-DM-300,14757,113,22.634
2026-06-03T00:00:00Z,REG-COASTAL,PROD-VD-500,6629,65,22.634
2026-06-03T00:00:00Z,REG-SOUTH,PROD-HS-100,48410,380,22.634
2026-06-03T00:00:00Z,REG-SOUTH,PROD-HS-110,17243,154,22.634
2026-06-03T00:00:00Z,REG-SOUTH,PROD-AS-200,22747,181,22.634
2026-06-03T00:00:00Z,REG-SOUTH,PROD-LB-400,25522,262,22.634
2026-06-03T00:00:00Z,REG-SOUTH,PROD-DM-300,12249,117,22.634
2026-06-03T00:00:00Z,REG-SOUTH,PROD-VD-500,5479,47,22.633
2026-06-03T00:00:00Z,REG-DELTA,PROD-HS-100,42757,431,22.634
2026-06-03T00:00:00Z,REG-DELTA,PROD-HS-110,15178,126,22.635
2026-06-03T00:00:00Z,REG-DELTA,PROD-AS-200,20076,203,22.634
2026-06-03T00:00:00Z,REG-DELTA,PROD-LB-400,22409,160,22.634
2026-06-03T00:00:00Z,REG-DELTA,PROD-DM-300,10787,104,22.633
2026-06-03T00:00:00Z,REG-DELTA,PROD-VD-500,4812,36,22.635
2026-06-03T00:00:00Z,REG-ISLAND,PROD-HS-100,29938,242,22.634
2026-06-03T00:00:00Z,REG-ISLAND,PROD-HS-110,10650,80,22.634
2026-06-03T00:00:00Z,REG-ISLAND,PROD-AS-200,14051,108,22.635
2026-06-03T00:00:00Z,REG-ISLAND,PROD-LB-400,15740,122,22.635
2026-06-03T00:00:00Z,REG-ISLAND,PROD-DM-300,7567,75,22.634
2026-06-03T00:00:00Z,REG-ISLAND,PROD-VD-500,3385,35,22.635
2026-06-03T00:00:00Z,REG-NORTH,PROD-HS-100,41305,382,22.634
2026-06-03T00:00:00Z,REG-NORTH,PROD-HS-110,14687,133,22.635
2026-06-03T00:00:00Z,REG-NORTH,PROD-AS-200,19382,166,22.634
2026-06-03T00:00:00Z,REG-NORTH,PROD-LB-400,21684,159,22.634
2026-06-03T00:00:00Z,REG-NORTH,PROD-DM-300,10439,95,22.635
2026-06-03T00:00:00Z,REG-NORTH,PROD-VD-500,4653,36,22.632
2026-06-03T00:00:00Z,REG-CENTRAL,PROD-HS-100,37970,284,22.634
2026-06-03T00:00:00Z,REG-CENTRAL,PROD-HS-110,13524,125,22.633
2026-06-03T00:00:00Z,REG-CENTRAL,PROD-AS-200,17870,170,22.634
2026-06-03T00:00:00Z,REG-CENTRAL,PROD-LB-400,19953,148,22.634
2026-06-03T00:00:00Z,REG-CENTRAL,PROD-DM-300,9606,100,22.633
2026-06-03T00:00:00Z,REG-CENTRAL,PROD-VD-500,4295,40,22.633
2026-06-04T00:00:00Z,REG-COASTAL,PROD-HS-100,58114,567,22.444
2026-06-04T00:00:00Z,REG-COASTAL,PROD-HS-110,20672,203,22.444
2026-06-04T00:00:00Z,REG-COASTAL,PROD-AS-200,27218,195,22.444
2026-06-04T00:00:00Z,REG-COASTAL,PROD-LB-400,30515,260,22.444
2026-06-04T00:00:00Z,REG-COASTAL,PROD-DM-300,14653,132,22.444
2026-06-04T00:00:00Z,REG-COASTAL,PROD-VD-500,6557,48,22.445
2026-06-04T00:00:00Z,REG-SOUTH,PROD-HS-100,48095,468,22.444
2026-06-04T00:00:00Z,REG-SOUTH,PROD-HS-110,17115,170,22.444
2026-06-04T00:00:00Z,REG-SOUTH,PROD-AS-200,22574,197,22.444
2026-06-04T00:00:00Z,REG-SOUTH,PROD-LB-400,25261,213,22.444
2026-06-04T00:00:00Z,REG-SOUTH,PROD-DM-300,12142,112,22.444
2026-06-04T00:00:00Z,REG-SOUTH,PROD-VD-500,5431,44,22.446
2026-06-04T00:00:00Z,REG-DELTA,PROD-HS-100,42393,422,22.444
2026-06-04T00:00:00Z,REG-DELTA,PROD-HS-110,15054,129,22.444
2026-06-04T00:00:00Z,REG-DELTA,PROD-AS-200,19888,182,22.444
2026-06-04T00:00:00Z,REG-DELTA,PROD-LB-400,22288,225,22.445
2026-06-04T00:00:00Z,REG-DELTA,PROD-DM-300,10691,97,22.445
2026-06-04T00:00:00Z,REG-DELTA,PROD-VD-500,4782,46,22.445
2026-06-04T00:00:00Z,REG-ISLAND,PROD-HS-100,29711,264,22.444
2026-06-04T00:00:00Z,REG-ISLAND,PROD-HS-110,10584,103,22.443
2026-06-04T00:00:00Z,REG-ISLAND,PROD-AS-200,13952,126,22.445
2026-06-04T00:00:00Z,REG-ISLAND,PROD-LB-400,15646,160,22.443
2026-06-04T00:00:00Z,REG-ISLAND,PROD-DM-300,7485,56,22.444
2026-06-04T00:00:00Z,REG-ISLAND,PROD-VD-500,3349,27,22.446
2026-06-04T00:00:00Z,REG-NORTH,PROD-HS-100,40964,362,22.444
2026-06-04T00:00:00Z,REG-NORTH,PROD-HS-110,14564,132,22.445
2026-06-04T00:00:00Z,REG-NORTH,PROD-AS-200,19252,197,22.444
2026-06-04T00:00:00Z,REG-NORTH,PROD-LB-400,21503,159,22.444
2026-06-04T00:00:00Z,REG-NORTH,PROD-DM-300,10342,85,22.444
2026-06-04T00:00:00Z,REG-NORTH,PROD-VD-500,4617,38,22.446
2026-06-04T00:00:00Z,REG-CENTRAL,PROD-HS-100,37667,297,22.444
2026-06-04T00:00:00Z,REG-CENTRAL,PROD-HS-110,13384,97,22.444
2026-06-04T00:00:00Z,REG-CENTRAL,PROD-AS-200,17729,178,22.444
2026-06-04T00:00:00Z,REG-CENTRAL,PROD-LB-400,19819,180,22.445
2026-06-04T00:00:00Z,REG-CENTRAL,PROD-DM-300,9522,95,22.445
2026-06-04T00:00:00Z,REG-CENTRAL,PROD-VD-500,4263,43,22.447
2026-06-05T00:00:00Z,REG-COASTAL,PROD-HS-100,57755,614,22.286
2026-06-05T00:00:00Z,REG-COASTAL,PROD-HS-110,20488,163,22.286
2026-06-05T00:00:00Z,REG-COASTAL,PROD-AS-200,27098,266,22.286
2026-06-05T00:00:00Z,REG-COASTAL,PROD-LB-400,30326,285,22.286
2026-06-05T00:00:00Z,REG-COASTAL,PROD-DM-300,14544,125,22.286
2026-06-05T00:00:00Z,REG-COASTAL,PROD-VD-500,6523,60,22.286
2026-06-05T00:00:00Z,REG-SOUTH,PROD-HS-100,47790,500,22.286
2026-06-05T00:00:00Z,REG-SOUTH,PROD-HS-110,16985,159,22.286
2026-06-05T00:00:00Z,REG-SOUTH,PROD-AS-200,22446,227,22.286
2026-06-05T00:00:00Z,REG-SOUTH,PROD-LB-400,25111,240,22.286
2026-06-05T00:00:00Z,REG-SOUTH,PROD-DM-300,12073,128,22.285
2026-06-05T00:00:00Z,REG-SOUTH,PROD-VD-500,5391,42,22.288
2026-06-05T00:00:00Z,REG-DELTA,PROD-HS-100,42062,388,22.286
2026-06-05T00:00:00Z,REG-DELTA,PROD-HS-110,14951,131,22.286
2026-06-05T00:00:00Z,REG-DELTA,PROD-AS-200,19709,142,22.286
2026-06-05T00:00:00Z,REG-DELTA,PROD-LB-400,22097,190,22.286
2026-06-05T00:00:00Z,REG-DELTA,PROD-DM-300,10595,76,22.286
2026-06-05T00:00:00Z,REG-DELTA,PROD-VD-500,4749,47,22.284
2026-06-05T00:00:00Z,REG-ISLAND,PROD-HS-100,29482,243,22.286
2026-06-05T00:00:00Z,REG-ISLAND,PROD-HS-110,10483,76,22.285
2026-06-05T00:00:00Z,REG-ISLAND,PROD-AS-200,13846,118,22.286
2026-06-05T00:00:00Z,REG-ISLAND,PROD-LB-400,15520,143,22.286
2026-06-05T00:00:00Z,REG-ISLAND,PROD-DM-300,7450,73,22.287
2026-06-05T00:00:00Z,REG-ISLAND,PROD-VD-500,3325,27,22.284
2026-06-05T00:00:00Z,REG-NORTH,PROD-HS-100,40698,405,22.286
2026-06-05T00:00:00Z,REG-NORTH,PROD-HS-110,14479,149,22.286
2026-06-05T00:00:00Z,REG-NORTH,PROD-AS-200,19068,147,22.286
2026-06-05T00:00:00Z,REG-NORTH,PROD-LB-400,21409,215,22.286
2026-06-05T00:00:00Z,REG-NORTH,PROD-DM-300,10266,81,22.287
2026-06-05T00:00:00Z,REG-NORTH,PROD-VD-500,4583,37,22.284
2026-06-05T00:00:00Z,REG-CENTRAL,PROD-HS-100,37473,367,22.286
2026-06-05T00:00:00Z,REG-CENTRAL,PROD-HS-110,13331,138,22.285
2026-06-05T00:00:00Z,REG-CENTRAL,PROD-AS-200,17604,177,22.285
2026-06-05T00:00:00Z,REG-CENTRAL,PROD-LB-400,19679,179,22.286
2026-06-05T00:00:00Z,REG-CENTRAL,PROD-DM-300,9446,86,22.286
2026-06-05T00:00:00Z,REG-CENTRAL,PROD-VD-500,4225,35,22.287
2026-06-06T00:00:00Z,REG-COASTAL,PROD-HS-100,57273,475,22.161
2026-06-06T00:00:00Z,REG-COASTAL,PROD-HS-110,20359,148,22.161
2026-06-06T00:00:00Z,REG-COASTAL,PROD-AS-200,26963,281,22.161
2026-06-06T00:00:00Z,REG-COASTAL,PROD-LB-400,30115,242,22.161
2026-06-06T00:00:00Z,REG-COASTAL,PROD-DM-300,14457,119,22.161
2026-06-06T00:00:00Z,REG-COASTAL,PROD-VD-500,6477,50,22.162
2026-06-06T00:00:00Z,REG-SOUTH,PROD-HS-100,47438,413,22.161
2026-06-06T00:00:00Z,REG-SOUTH,PROD-HS-110,16883,152,22.16
2026-06-06T00:00:00Z,REG-SOUTH,PROD-AS-200,22277,183,22.16
2026-06-06T00:00:00Z,REG-SOUTH,PROD-LB-400,24937,206,22.16
2026-06-06T00:00:00Z,REG-SOUTH,PROD-DM-300,12006,128,22.16
2026-06-06T00:00:00Z,REG-SOUTH,PROD-VD-500,5359,40,22.163
2026-06-06T00:00:00Z,REG-DELTA,PROD-HS-100,41835,394,22.161
2026-06-06T00:00:00Z,REG-DELTA,PROD-HS-110,14883,146,22.161
2026-06-06T00:00:00Z,REG-DELTA,PROD-AS-200,19620,163,22.161
2026-06-06T00:00:00Z,REG-DELTA,PROD-LB-400,21990,206,22.161
2026-06-06T00:00:00Z,REG-DELTA,PROD-DM-300,10560,100,22.161
2026-06-06T00:00:00Z,REG-DELTA,PROD-VD-500,4715,39,22.161
2026-06-06T00:00:00Z,REG-ISLAND,PROD-HS-100,29301,248,22.161
2026-06-06T00:00:00Z,REG-ISLAND,PROD-HS-110,10439,90,22.161
2026-06-06T00:00:00Z,REG-ISLAND,PROD-AS-200,13782,131,22.161
2026-06-06T00:00:00Z,REG-ISLAND,PROD-LB-400,15429,138,22.161
2026-06-06T00:00:00Z,REG-ISLAND,PROD-DM-300,7410,75,22.16
2026-06-06T00:00:00Z,REG-ISLAND,PROD-VD-500,3307,27,22.162
2026-06-06T00:00:00Z,REG-NORTH,PROD-HS-100,40493,426,22.161
2026-06-06T00:00:00Z,REG-NORTH,PROD-HS-110,14402,153,22.16
2026-06-06T00:00:00Z,REG-NORTH,PROD-AS-200,18995,180,22.161
2026-06-06T00:00:00Z,REG-NORTH,PROD-LB-400,21244,169,22.161
2026-06-06T00:00:00Z,REG-NORTH,PROD-DM-300,10220,93,22.16
2026-06-06T00:00:00Z,REG-NORTH,PROD-VD-500,4559,38,22.162
2026-06-06T00:00:00Z,REG-CENTRAL,PROD-HS-100,37206,308,22.161
2026-06-06T00:00:00Z,REG-CENTRAL,PROD-HS-110,13230,111,22.16
2026-06-06T00:00:00Z,REG-CENTRAL,PROD-AS-200,17498,168,22.161
2026-06-06T00:00:00Z,REG-CENTRAL,PROD-LB-400,19583,192,22.161
2026-06-06T00:00:00Z,REG-CENTRAL,PROD-DM-300,9389,81,22.162
2026-06-06T00:00:00Z,REG-CENTRAL,PROD-VD-500,4208,42,22.16
2026-06-07T00:00:00Z,REG-COASTAL,PROD-HS-100,42814,394,22.071
2026-06-07T00:00:00Z,REG-COASTAL,PROD-HS-110,15238,142,22.07
2026-06-07T00:00:00Z,REG-COASTAL,PROD-AS-200,20111,181,22.071
2026-06-07T00:00:00Z,REG-COASTAL,PROD-LB-400,22528,214,22.071
2026-06-07T00:00:00Z,REG-COASTAL,PROD-DM-300,10797,93,22.07
2026-06-07T00:00:00Z,REG-COASTAL,PROD-VD-500,4825,36,22.069
2026-06-07T00:00:00Z,REG-SOUTH,PROD-HS-100,35474,359,22.071
2026-06-07T00:00:00Z,REG-SOUTH,PROD-HS-110,12625,133,22.071
2026-06-07T00:00:00Z,REG-SOUTH,PROD-AS-200,16633,146,22.071
2026-06-07T00:00:00Z,REG-SOUTH,PROD-LB-400,18637,164,22.07
2026-06-07T00:00:00Z,REG-SOUTH,PROD-DM-300,8967,95,22.07
2026-06-07T00:00:00Z,REG-SOUTH,PROD-VD-500,4010,37,22.072
2026-06-07T00:00:00Z,REG-DELTA,PROD-HS-100,31232,289,22.071
2026-06-07T00:00:00Z,REG-DELTA,PROD-HS-110,11104,91,22.07
2026-06-07T00:00:00Z,REG-DELTA,PROD-AS-200,14691,146,22.071
2026-06-07T00:00:00Z,REG-DELTA,PROD-LB-400,16419,153,22.071
2026-06-07T00:00:00Z,REG-DELTA,PROD-DM-300,7882,69,22.071
2026-06-07T00:00:00Z,REG-DELTA,PROD-VD-500,3516,29,22.07
2026-06-07T00:00:00Z,REG-ISLAND,PROD-HS-100,21861,165,22.071
2026-06-07T00:00:00Z,REG-ISLAND,PROD-HS-110,7784,59,22.071
2026-06-07T00:00:00Z,REG-ISLAND,PROD-AS-200,10290,93,22.071
2026-06-07T00:00:00Z,REG-ISLAND,PROD-LB-400,11517,106,22.072
2026-06-07T00:00:00Z,REG-ISLAND,PROD-DM-300,5526,52,22.073
2026-06-07T00:00:00Z,REG-ISLAND,PROD-VD-500,2472,22,22.072
2026-06-07T00:00:00Z,REG-NORTH,PROD-HS-100,30238,310,22.071
2026-06-07T00:00:00Z,REG-NORTH,PROD-HS-110,10722,84,22.071
2026-06-07T00:00:00Z,REG-NORTH,PROD-AS-200,14165,106,22.071
2026-06-07T00:00:00Z,REG-NORTH,PROD-LB-400,15889,152,22.072
2026-06-07T00:00:00Z,REG-NORTH,PROD-DM-300,7616,68,22.07
2026-06-07T00:00:00Z,REG-NORTH,PROD-VD-500,3406,29,22.072
2026-06-07T00:00:00Z,REG-CENTRAL,PROD-HS-100,27841,297,22.071
2026-06-07T00:00:00Z,REG-CENTRAL,PROD-HS-110,9884,85,22.07
2026-06-07T00:00:00Z,REG-CENTRAL,PROD-AS-200,13038,104,22.072
2026-06-07T00:00:00Z,REG-CENTRAL,PROD-LB-400,14634,156,22.07
2026-06-07T00:00:00Z,REG-CENTRAL,PROD-DM-300,7018,66,22.07
2026-06-07T00:00:00Z,REG-CENTRAL,PROD-VD-500,3135,23,22.071
2026-06-08T00:00:00Z,REG-COASTAL,PROD-HS-100,56943,535,22.017
2026-06-08T00:00:00Z,REG-COASTAL,PROD-HS-110,20238,158,22.018
2026-06-08T00:00:00Z,REG-COASTAL,PROD-AS-200,26762,253,22.017
2026-06-08T00:00:00Z,REG-COASTAL,PROD-LB-400,29954,297,22.017
2026-06-08T00:00:00Z,REG-COASTAL,PROD-DM-300,14355,110,22.017
2026-06-08T00:00:00Z,REG-COASTAL,PROD-VD-500,6430,67,22.017
2026-06-08T00:00:00Z,REG-SOUTH,PROD-HS-100,47192,494,22.017
2026-06-08T00:00:00Z,REG-SOUTH,PROD-HS-110,16762,139,22.017
2026-06-08T00:00:00Z,REG-SOUTH,PROD-AS-200,22115,186,22.017
2026-06-08T00:00:00Z,REG-SOUTH,PROD-LB-400,24799,250,22.017
2026-06-08T00:00:00Z,REG-SOUTH,PROD-DM-300,11929,128,22.017
2026-06-08T00:00:00Z,REG-SOUTH,PROD-VD-500,5325,41,22.017
2026-06-08T00:00:00Z,REG-DELTA,PROD-HS-100,41491,341,22.017
2026-06-08T00:00:00Z,REG-DELTA,PROD-HS-110,14788,147,22.017
2026-06-08T00:00:00Z,REG-DELTA,PROD-AS-200,19533,202,22.017
2026-06-08T00:00:00Z,REG-DELTA,PROD-LB-400,21878,235,22.017
2026-06-08T00:00:00Z,REG-DELTA,PROD-DM-300,10479,87,22.017
2026-06-08T00:00:00Z,REG-DELTA,PROD-VD-500,4696,50,22.019
2026-06-08T00:00:00Z,REG-ISLAND,PROD-HS-100,29101,237,22.017
2026-06-08T00:00:00Z,REG-ISLAND,PROD-HS-110,10339,79,22.017
2026-06-08T00:00:00Z,REG-ISLAND,PROD-AS-200,13709,146,22.018
2026-06-08T00:00:00Z,REG-ISLAND,PROD-LB-400,15310,140,22.017
2026-06-08T00:00:00Z,REG-ISLAND,PROD-DM-300,7350,62,22.018
2026-06-08T00:00:00Z,REG-ISLAND,PROD-VD-500,3289,30,22.02
2026-06-08T00:00:00Z,REG-NORTH,PROD-HS-100,40150,343,22.017
2026-06-08T00:00:00Z,REG-NORTH,PROD-HS-110,14273,116,22.017
2026-06-08T00:00:00Z,REG-NORTH,PROD-AS-200,18859,167,22.016
2026-06-08T00:00:00Z,REG-NORTH,PROD-LB-400,21092,176,22.017
2026-06-08T00:00:00Z,REG-NORTH,PROD-DM-300,10142,102,22.018
2026-06-08T00:00:00Z,REG-NORTH,PROD-VD-500,4531,40,22.015
2026-06-08T00:00:00Z,REG-CENTRAL,PROD-HS-100,36990,354,22.017
2026-06-08T00:00:00Z,REG-CENTRAL,PROD-HS-110,13155,121,22.017
2026-06-08T00:00:00Z,REG-CENTRAL,PROD-AS-200,17404,187,22.017
2026-06-08T00:00:00Z,REG-CENTRAL,PROD-LB-400,19459,194,22.017
2026-06-08T00:00:00Z,REG-CENTRAL,PROD-DM-300,9327,80,22.017
2026-06-08T00:00:00Z,REG-CENTRAL,PROD-VD-500,4173,34,22.016
2026-06-09T00:00:00Z,REG-COASTAL,PROD-HS-100,56805,441,22
2026-06-09T00:00:00Z,REG-COASTAL,PROD-HS-110,20221,179,22
2026-06-09T00:00:00Z,REG-COASTAL,PROD-AS-200,26694,228,22
2026-06-09T00:00:00Z,REG-COASTAL,PROD-LB-400,29892,258,22
2026-06-09T00:00:00Z,REG-COASTAL,PROD-DM-300,14368,134,22
2026-06-09T00:00:00Z,REG-COASTAL,PROD-VD-500,6422,64,22
2026-06-09T00:00:00Z,REG-SOUTH,PROD-HS-100,47097,457,22
2026-06-09T00:00:00Z,REG-SOUTH,PROD-HS-110,16746,158,22
2026-06-09T00:00:00Z,REG-SOUTH,PROD-AS-200,22088,176,22
2026-06-09T00:00:00Z,REG-SOUTH,PROD-LB-400,24763,233,22
2026-06-09T00:00:00Z,REG-SOUTH,PROD-DM-300,11861,91,22
2026-06-09T00:00:00Z,REG-SOUTH,PROD-VD-500,5311,53,22
2026-06-09T00:00:00Z,REG-DELTA,PROD-HS-100,41432,314,22
2026-06-09T00:00:00Z,REG-DELTA,PROD-HS-110,14749,119,22
2026-06-09T00:00:00Z,REG-DELTA,PROD-AS-200,19519,203,22
2026-06-09T00:00:00Z,REG-DELTA,PROD-LB-400,21807,181,22
2026-06-09T00:00:00Z,REG-DELTA,PROD-DM-300,10477,93,22
2026-06-09T00:00:00Z,REG-DELTA,PROD-VD-500,4684,42,22
2026-06-09T00:00:00Z,REG-ISLAND,PROD-HS-100,29091,249,22
2026-06-09T00:00:00Z,REG-ISLAND,PROD-HS-110,10341,89,22
2026-06-09T00:00:00Z,REG-ISLAND,PROD-AS-200,13666,114,22
2026-06-09T00:00:00Z,REG-ISLAND,PROD-LB-400,15309,151,22
2026-06-09T00:00:00Z,REG-ISLAND,PROD-DM-300,7344,62,22
2026-06-09T00:00:00Z,REG-ISLAND,PROD-VD-500,3285,29,22
2026-06-09T00:00:00Z,REG-NORTH,PROD-HS-100,40170,416,22
2026-06-09T00:00:00Z,REG-NORTH,PROD-HS-110,14284,138,22
2026-06-09T00:00:00Z,REG-NORTH,PROD-AS-200,18836,158,22
2026-06-09T00:00:00Z,REG-NORTH,PROD-LB-400,21059,159,22
2026-06-09T00:00:00Z,REG-NORTH,PROD-DM-300,10131,99,22
2026-06-09T00:00:00Z,REG-NORTH,PROD-VD-500,4528,40,22
2026-06-09T00:00:00Z,REG-CENTRAL,PROD-HS-100,36937,329,22
2026-06-09T00:00:00Z,REG-CENTRAL,PROD-HS-110,13139,115,22
2026-06-09T00:00:00Z,REG-CENTRAL,PROD-AS-200,17337,155,22
2026-06-09T00:00:00Z,REG-CENTRAL,PROD-LB-400,19415,165,22
2026-06-09T00:00:00Z,REG-CENTRAL,PROD-DM-300,9313,73,22
2026-06-09T00:00:00Z,REG-CENTRAL,PROD-VD-500,4173,37,22
2026-06-10T00:00:00Z,REG-COASTAL,PROD-HS-100,56872,479,22.02
2026-06-10T00:00:00Z,REG-COASTAL,PROD-HS-110,20212,152,22.02
2026-06-10T00:00:00Z,REG-COASTAL,PROD-AS-200,26695,205,22.02
2026-06-10T00:00:00Z,REG-COASTAL,PROD-LB-400,29869,230,22.02
2026-06-10T00:00:00Z,REG-COASTAL,PROD-DM-300,14399,152,22.02
2026-06-10T00:00:00Z,REG-COASTAL,PROD-VD-500,6422,58,22.021
2026-06-10T00:00:00Z,REG-SOUTH,PROD-HS-100,47045,363,22.02
2026-06-10T00:00:00Z,REG-SOUTH,PROD-HS-110,16760,157,22.02
2026-06-10T00:00:00Z,REG-SOUTH,PROD-AS-200,22109,177,22.02
2026-06-10T00:00:00Z,REG-SOUTH,PROD-LB-400,24753,223,22.02
2026-06-10T00:00:00Z,REG-SOUTH,PROD-DM-300,11880,99,22.021
2026-06-10T00:00:00Z,REG-SOUTH,PROD-VD-500,5314,51,22.021
2026-06-10T00:00:00Z,REG-DELTA,PROD-HS-100,41448,315,22.02
2026-06-10T00:00:00Z,REG-DELTA,PROD-HS-110,14796,153,22.02
2026-06-10T00:00:00Z,REG-DELTA,PROD-AS-200,19494,182,22.021
2026-06-10T00:00:00Z,REG-DELTA,PROD-LB-400,21814,190,22.02
2026-06-10T00:00:00Z,REG-DELTA,PROD-DM-300,10481,88,22.019
2026-06-10T00:00:00Z,REG-DELTA,PROD-VD-500,4685,39,22.019
2026-06-10T00:00:00Z,REG-ISLAND,PROD-HS-100,29087,241,22.02
2026-06-10T00:00:00Z,REG-ISLAND,PROD-HS-110,10362,101,22.019
2026-06-10T00:00:00Z,REG-ISLAND,PROD-AS-200,13690,148,22.02
2026-06-10T00:00:00Z,REG-ISLAND,PROD-LB-400,15285,113,22.02
2026-06-10T00:00:00Z,REG-ISLAND,PROD-DM-300,7359,70,22.021
2026-06-10T00:00:00Z,REG-ISLAND,PROD-VD-500,3285,26,22.02
2026-06-10T00:00:00Z,REG-NORTH,PROD-HS-100,40135,345,22.02
2026-06-10T00:00:00Z,REG-NORTH,PROD-HS-110,14298,139,22.02
2026-06-10T00:00:00Z,REG-NORTH,PROD-AS-200,18868,173,22.02
2026-06-10T00:00:00Z,REG-NORTH,PROD-LB-400,21098,179,22.02
2026-06-10T00:00:00Z,REG-NORTH,PROD-DM-300,10150,109,22.02
2026-06-10T00:00:00Z,REG-NORTH,PROD-VD-500,4531,39,22.02
2026-06-10T00:00:00Z,REG-CENTRAL,PROD-HS-100,36924,305,22.02
2026-06-10T00:00:00Z,REG-CENTRAL,PROD-HS-110,13157,121,22.02
2026-06-10T00:00:00Z,REG-CENTRAL,PROD-AS-200,17329,131,22.02
2026-06-10T00:00:00Z,REG-CENTRAL,PROD-LB-400,19408,163,22.019
2026-06-10T00:00:00Z,REG-CENTRAL,PROD-DM-300,9332,84,22.019
2026-06-10T00:00:00Z,REG-CENTRAL,PROD-VD-500,4183,43,22.021
2026-06-11T00:00:00Z,REG-COASTAL,PROD-HS-100,57085,569,22.077
2026-06-11T00:00:00Z,REG-COASTAL,PROD-HS-110,20275,163,22.077
2026-06-11T00:00:00Z,REG-COASTAL,PROD-AS-200,26811,275,22.077
2026-06-11T00:00:00Z,REG-COASTAL,PROD-LB-400,30034,319,22.077
2026-06-11T00:00:00Z,REG-COASTAL,PROD-DM-300,14406,144,22.077
2026-06-11T00:00:00Z,REG-COASTAL,PROD-VD-500,6447,67,22.076
2026-06-11T00:00:00Z,REG-SOUTH,PROD-HS-100,47223,442,22.077
2026-06-11T00:00:00Z,REG-SOUTH,PROD-HS-110,16803,157,22.077
2026-06-11T00:00:00Z,REG-SOUTH,PROD-AS-200,22130,164,22.076
2026-06-11T00:00:00Z,REG-SOUTH,PROD-LB-400,24815,222,22.076
2026-06-11T00:00:00Z,REG-SOUTH,PROD-DM-300,11917,106,22.077
2026-06-11T00:00:00Z,REG-SOUTH,PROD-VD-500,5315,39,22.075
2026-06-11T00:00:00Z,REG-DELTA,PROD-HS-100,41658,441,22.077
2026-06-11T00:00:00Z,REG-DELTA,PROD-HS-110,14771,112,22.077
2026-06-11T00:00:00Z,REG-DELTA,PROD-AS-200,19567,206,22.076
2026-06-11T00:00:00Z,REG-DELTA,PROD-LB-400,21909,230,22.076
2026-06-11T00:00:00Z,REG-DELTA,PROD-DM-300,10508,88,22.076
2026-06-11T00:00:00Z,REG-DELTA,PROD-VD-500,4697,39,22.076
2026-06-11T00:00:00Z,REG-ISLAND,PROD-HS-100,29211,290,22.077
2026-06-11T00:00:00Z,REG-ISLAND,PROD-HS-110,10382,94,22.077
2026-06-11T00:00:00Z,REG-ISLAND,PROD-AS-200,13679,102,22.076
2026-06-11T00:00:00Z,REG-ISLAND,PROD-LB-400,15372,161,22.077
2026-06-11T00:00:00Z,REG-ISLAND,PROD-DM-300,7384,77,22.076
2026-06-11T00:00:00Z,REG-ISLAND,PROD-VD-500,3302,35,22.074
2026-06-11T00:00:00Z,REG-NORTH,PROD-HS-100,40283,412,22.077
2026-06-11T00:00:00Z,REG-NORTH,PROD-HS-110,14305,132,22.076
2026-06-11T00:00:00Z,REG-NORTH,PROD-AS-200,18915,194,22.077
2026-06-11T00:00:00Z,REG-NORTH,PROD-LB-400,21107,156,22.077
2026-06-11T00:00:00Z,REG-NORTH,PROD-DM-300,10142,75,22.077
2026-06-11T00:00:00Z,REG-NORTH,PROD-VD-500,4549,45,22.078
2026-06-11T00:00:00Z,REG-CENTRAL,PROD-HS-100,37071,379,22.077
2026-06-11T00:00:00Z,REG-CENTRAL,PROD-HS-110,13167,120,22.076
2026-06-11T00:00:00Z,REG-CENTRAL,PROD-AS-200,17407,165,22.077
2026-06-11T00:00:00Z,REG-CENTRAL,PROD-LB-400,19490,195,22.077
2026-06-11T00:00:00Z,REG-CENTRAL,PROD-DM-300,9349,77,22.076
2026-06-11T00:00:00Z,REG-CENTRAL,PROD-VD-500,4181,31,22.074
2026-06-12T00:00:00Z,REG-COASTAL,PROD-HS-100,57328,596,22.17
2026-06-12T00:00:00Z,REG-COASTAL,PROD-HS-110,20334,160,22.169
2026-06-12T00:00:00Z,REG-COASTAL,PROD-AS-200,26867,219,22.17
2026-06-12T00:00:00Z,REG-COASTAL,PROD-LB-400,30058,240,22.17
2026-06-12T00:00:00Z,REG-COASTAL,PROD-DM-300,14458,137,22.169
2026-06-12T00:00:00Z,REG-COASTAL,PROD-VD-500,6458,51,22.17
2026-06-12T00:00:00Z,REG-SOUTH,PROD-HS-100,47394,439,22.169
2026-06-12T00:00:00Z,REG-SOUTH,PROD-HS-110,16831,137,22.17
2026-06-12T00:00:00Z,REG-SOUTH,PROD-AS-200,22292,233,22.17
2026-06-12T00:00:00Z,REG-SOUTH,PROD-LB-400,24912,237,22.17
2026-06-12T00:00:00Z,REG-SOUTH,PROD-DM-300,11952,91,22.17
2026-06-12T00:00:00Z,REG-SOUTH,PROD-VD-500,5351,52,22.172
2026-06-12T00:00:00Z,REG-DELTA,PROD-HS-100,41808,440,22.169
2026-06-12T00:00:00Z,REG-DELTA,PROD-HS-110,14854,133,22.17
2026-06-12T00:00:00Z,REG-DELTA,PROD-AS-200,19602,159,22.17
2026-06-12T00:00:00Z,REG-DELTA,PROD-LB-400,21958,210,22.169
2026-06-12T00:00:00Z,REG-DELTA,PROD-DM-300,10545,103,22.17
2026-06-12T00:00:00Z,REG-DELTA,PROD-VD-500,4714,36,22.171
2026-06-12T00:00:00Z,REG-ISLAND,PROD-HS-100,29324,304,22.17
2026-06-12T00:00:00Z,REG-ISLAND,PROD-HS-110,10407,76,22.17
2026-06-12T00:00:00Z,REG-ISLAND,PROD-AS-200,13760,126,22.169
2026-06-12T00:00:00Z,REG-ISLAND,PROD-LB-400,15402,149,22.17
2026-06-12T00:00:00Z,REG-ISLAND,PROD-DM-300,7397,59,22.169
2026-06-12T00:00:00Z,REG-ISLAND,PROD-VD-500,3306,25,22.169
2026-06-12T00:00:00Z,REG-NORTH,PROD-HS-100,40328,312,22.17
2026-06-12T00:00:00Z,REG-NORTH,PROD-HS-110,14344,111,22.17
2026-06-12T00:00:00Z,REG-NORTH,PROD-AS-200,18962,162,22.17
2026-06-12T00:00:00Z,REG-NORTH,PROD-LB-400,21246,207,22.17
2026-06-12T00:00:00Z,REG-NORTH,PROD-DM-300,10204,95,22.169
2026-06-12T00:00:00Z,REG-NORTH,PROD-VD-500,4559,36,22.172
2026-06-12T00:00:00Z,REG-CENTRAL,PROD-HS-100,37227,381,22.17
2026-06-12T00:00:00Z,REG-CENTRAL,PROD-HS-110,13198,96,22.169
2026-06-12T00:00:00Z,REG-CENTRAL,PROD-AS-200,17434,142,22.169
2026-06-12T00:00:00Z,REG-CENTRAL,PROD-LB-400,19541,165,22.169
2026-06-12T00:00:00Z,REG-CENTRAL,PROD-DM-300,9406,95,22.169
2026-06-12T00:00:00Z,REG-CENTRAL,PROD-VD-500,4212,44,22.17
2026-06-13T00:00:00Z,REG-COASTAL,PROD-HS-100,57432,418,22.297
2026-06-13T00:00:00Z,REG-COASTAL,PROD-HS-110,20474,184,22.297
2026-06-13T00:00:00Z,REG-COASTAL,PROD-AS-200,26999,220,22.297
2026-06-13T00:00:00Z,REG-COASTAL,PROD-LB-400,30203,236,22.297
2026-06-13T00:00:00Z,REG-COASTAL,PROD-DM-300,14551,147,22.297
2026-06-13T00:00:00Z,REG-COASTAL,PROD-VD-500,6512,68,22.298
2026-06-13T00:00:00Z,REG-SOUTH,PROD-HS-100,47588,385,22.297
2026-06-13T00:00:00Z,REG-SOUTH,PROD-HS-110,16912,122,22.297
2026-06-13T00:00:00Z,REG-SOUTH,PROD-AS-200,22386,223,22.297
2026-06-13T00:00:00Z,REG-SOUTH,PROD-LB-400,25049,232,22.297
2026-06-13T00:00:00Z,REG-SOUTH,PROD-DM-300,12054,125,22.297
2026-06-13T00:00:00Z,REG-SOUTH,PROD-VD-500,5372,43,22.297
2026-06-13T00:00:00Z,REG-DELTA,PROD-HS-100,41890,306,22.297
2026-06-13T00:00:00Z,REG-DELTA,PROD-HS-110,14958,153,22.297
2026-06-13T00:00:00Z,REG-DELTA,PROD-AS-200,19698,166,22.297
2026-06-13T00:00:00Z,REG-DELTA,PROD-LB-400,22074,200,22.298
2026-06-13T00:00:00Z,REG-DELTA,PROD-DM-300,10607,105,22.297
2026-06-13T00:00:00Z,REG-DELTA,PROD-VD-500,4751,46,22.299
2026-06-13T00:00:00Z,REG-ISLAND,PROD-HS-100,29396,231,22.297
2026-06-13T00:00:00Z,REG-ISLAND,PROD-HS-110,10455,87,22.297
2026-06-13T00:00:00Z,REG-ISLAND,PROD-AS-200,13812,122,22.296
2026-06-13T00:00:00Z,REG-ISLAND,PROD-LB-400,15488,148,22.297
2026-06-13T00:00:00Z,REG-ISLAND,PROD-DM-300,7436,78,22.297
2026-06-13T00:00:00Z,REG-ISLAND,PROD-VD-500,3330,30,22.297
2026-06-13T00:00:00Z,REG-NORTH,PROD-HS-100,40574,350,22.297
2026-06-13T00:00:00Z,REG-NORTH,PROD-HS-110,14459,144,22.298
2026-06-13T00:00:00Z,REG-NORTH,PROD-AS-200,19083,197,22.298
2026-06-13T00:00:00Z,REG-NORTH,PROD-LB-400,21362,202,22.297
2026-06-13T00:00:00Z,REG-NORTH,PROD-DM-300,10253,85,22.298
2026-06-13T00:00:00Z,REG-NORTH,PROD-VD-500,4591,42,22.299
2026-06-13T00:00:00Z,REG-CENTRAL,PROD-HS-100,37426,390,22.297
2026-06-13T00:00:00Z,REG-CENTRAL,PROD-HS-110,13293,115,22.298
2026-06-13T00:00:00Z,REG-CENTRAL,PROD-AS-200,17549,157,22.297
2026-06-13T00:00:00Z,REG-CENTRAL,PROD-LB-400,19644,179,22.297
2026-06-13T00:00:00Z,REG-CENTRAL,PROD-DM-300,9429,86,22.298
2026-06-13T00:00:00Z,REG-CENTRAL,PROD-VD-500,4230,38,22.298
2026-06-14T00:00:00Z,REG-COASTAL,PROD-HS-100,43494,442,22.458
2026-06-14T00:00:00Z,REG-COASTAL,PROD-HS-110,15447,131,22.457
2026-06-14T00:00:00Z,REG-COASTAL,PROD-AS-200,20417,205,22.458
2026-06-14T00:00:00Z,REG-COASTAL,PROD-LB-400,22879,241,22.458
2026-06-14T00:00:00Z,REG-COASTAL,PROD-DM-300,10983,113,22.459
2026-06-14T00:00:00Z,REG-COASTAL,PROD-VD-500,4898,47,22.458
2026-06-14T00:00:00Z,REG-SOUTH,PROD-HS-100,35912,271,22.458
2026-06-14T00:00:00Z,REG-SOUTH,PROD-HS-110,12776,110,22.457
2026-06-14T00:00:00Z,REG-SOUTH,PROD-AS-200,16892,161,22.458
2026-06-14T00:00:00Z,REG-SOUTH,PROD-LB-400,18888,158,22.458
2026-06-14T00:00:00Z,REG-SOUTH,PROD-DM-300,9093,87,22.459
2026-06-14T00:00:00Z,REG-SOUTH,PROD-VD-500,4054,34,22.458
2026-06-14T00:00:00Z,REG-DELTA,PROD-HS-100,31639,242,22.459
2026-06-14T00:00:00Z,REG-DELTA,PROD-HS-110,11265,103,22.459
2026-06-14T00:00:00Z,REG-DELTA,PROD-AS-200,14900,145,22.458
2026-06-14T00:00:00Z,REG-DELTA,PROD-LB-400,16633,126,22.459
2026-06-14T00:00:00Z,REG-DELTA,PROD-DM-300,8001,73,22.459
2026-06-14T00:00:00Z,REG-DELTA,PROD-VD-500,3581,33,22.456
2026-06-14T00:00:00Z,REG-ISLAND,PROD-HS-100,22256,225,22.458
2026-06-14T00:00:00Z,REG-ISLAND,PROD-HS-110,7906,68,22.458
2026-06-14T00:00:00Z,REG-ISLAND,PROD-AS-200,10440,87,22.458
2026-06-14T00:00:00Z,REG-ISLAND,PROD-LB-400,11688,100,22.457
2026-06-14T00:00:00Z,REG-ISLAND,PROD-DM-300,5612,42,22.46
2026-06-14T00:00:00Z,REG-ISLAND,PROD-VD-500,2512,19,22.459
2026-06-14T00:00:00Z,REG-NORTH,PROD-HS-100,30633,270,22.458
2026-06-14T00:00:00Z,REG-NORTH,PROD-HS-110,10881,79,22.457
2026-06-14T00:00:00Z,REG-NORTH,PROD-AS-200,14411,150,22.458
2026-06-14T00:00:00Z,REG-NORTH,PROD-LB-400,16137,169,22.459
2026-06-14T00:00:00Z,REG-NORTH,PROD-DM-300,7720,62,22.457
2026-06-14T00:00:00Z,REG-NORTH,PROD-VD-500,3472,36,22.458
2026-06-14T00:00:00Z,REG-CENTRAL,PROD-HS-100,28208,248,22.458
2026-06-14T00:00:00Z,REG-CENTRAL,PROD-HS-110,10023,74,22.458
2026-06-14T00:00:00Z,REG-CENTRAL,PROD-AS-200,13266,128,22.458
2026-06-14T00:00:00Z,REG-CENTRAL,PROD-LB-400,14821,133,22.459
2026-06-14T00:00:00Z,REG-CENTRAL,PROD-DM-300,7127,75,22.459
2026-06-14T00:00:00Z,REG-CENTRAL,PROD-VD-500,3200,33,22.461
2026-06-15T00:00:00Z,REG-COASTAL,PROD-HS-100,58367,517,22.651
2026-06-15T00:00:00Z,REG-COASTAL,PROD-HS-110,20800,211,22.65
2026-06-15T00:00:00Z,REG-COASTAL,PROD-AS-200,27374,193,22.651
2026-06-15T00:00:00Z,REG-COASTAL,PROD-LB-400,30640,220,22.651
2026-06-15T00:00:00Z,REG-COASTAL,PROD-DM-300,14714,104,22.651
2026-06-15T00:00:00Z,REG-COASTAL,PROD-VD-500,6573,50,22.649
2026-06-15T00:00:00Z,REG-SOUTH,PROD-HS-100,48321,438,22.65
2026-06-15T00:00:00Z,REG-SOUTH,PROD-HS-110,17168,135,22.65
2026-06-15T00:00:00Z,REG-SOUTH,PROD-AS-200,22676,184,22.651
2026-06-15T00:00:00Z,REG-SOUTH,PROD-LB-400,25426,239,22.65
2026-06-15T00:00:00Z,REG-SOUTH,PROD-DM-300,12189,94,22.65
2026-06-15T00:00:00Z,REG-SOUTH,PROD-VD-500,5469,56,22.649
2026-06-15T00:00:00Z,REG-DELTA,PROD-HS-100,42642,444,22.651
2026-06-15T00:00:00Z,REG-DELTA,PROD-HS-110,15147,130,22.65
2026-06-15T00:00:00Z,REG-DELTA,PROD-AS-200,20028,209,22.65
2026-06-15T00:00:00Z,REG-DELTA,PROD-LB-400,22428,230,22.651
2026-06-15T00:00:00Z,REG-DELTA,PROD-DM-300,10749,81,22.65
2026-06-15T00:00:00Z,REG-DELTA,PROD-VD-500,4803,46,22.652
2026-06-15T00:00:00Z,REG-ISLAND,PROD-HS-100,29848,244,22.65
2026-06-15T00:00:00Z,REG-ISLAND,PROD-HS-110,10623,90,22.652
2026-06-15T00:00:00Z,REG-ISLAND,PROD-AS-200,14006,99,22.65
2026-06-15T00:00:00Z,REG-ISLAND,PROD-LB-400,15692,131,22.651
2026-06-15T00:00:00Z,REG-ISLAND,PROD-DM-300,7553,78,22.652
2026-06-15T00:00:00Z,REG-ISLAND,PROD-VD-500,3377,25,22.649
2026-06-15T00:00:00Z,REG-NORTH,PROD-HS-100,41188,372,22.65
2026-06-15T00:00:00Z,REG-NORTH,PROD-HS-110,14655,136,22.651
2026-06-15T00:00:00Z,REG-NORTH,PROD-AS-200,19335,173,22.65
2026-06-15T00:00:00Z,REG-NORTH,PROD-LB-400,21658,208,22.65
2026-06-15T00:00:00Z,REG-NORTH,PROD-DM-300,10404,98,22.651
2026-06-15T00:00:00Z,REG-NORTH,PROD-VD-500,4639,41,22.65
2026-06-15T00:00:00Z,REG-CENTRAL,PROD-HS-100,37924,347,22.65
2026-06-15T00:00:00Z,REG-CENTRAL,PROD-HS-110,13496,132,22.651
2026-06-15T00:00:00Z,REG-CENTRAL,PROD-AS-200,17777,132,22.651
2026-06-15T00:00:00Z,REG-CENTRAL,PROD-LB-400,19921,170,22.65
2026-06-15T00:00:00Z,REG-CENTRAL,PROD-DM-300,9590,99,22.652
2026-06-15T00:00:00Z,REG-CENTRAL,PROD-VD-500,4271,35,22.652
2026-06-16T00:00:00Z,REG-COASTAL,PROD-HS-100,58953,584,22.872
2026-06-16T00:00:00Z,REG-COASTAL,PROD-HS-110,20976,208,22.872
2026-06-16T00:00:00Z,REG-COASTAL,PROD-AS-200,27672,249,22.872
2026-06-16T00:00:00Z,REG-COASTAL,PROD-LB-400,30978,284,22.872
2026-06-16T00:00:00Z,REG-COASTAL,PROD-DM-300,14897,145,22.871
2026-06-16T00:00:00Z,REG-COASTAL,PROD-VD-500,6649,62,22.872
2026-06-16T00:00:00Z,REG-SOUTH,PROD-HS-100,48733,405,22.872
2026-06-16T00:00:00Z,REG-SOUTH,PROD-HS-110,17364,164,22.872
2026-06-16T00:00:00Z,REG-SOUTH,PROD-AS-200,22906,217,22.872
2026-06-16T00:00:00Z,REG-SOUTH,PROD-LB-400,25661,250,22.872
2026-06-16T00:00:00Z,REG-SOUTH,PROD-DM-300,12296,105,22.872
2026-06-16T00:00:00Z,REG-SOUTH,PROD-VD-500,5505,39,22.87
2026-06-16T00:00:00Z,REG-DELTA,PROD-HS-100,42907,319,22.872
2026-06-16T00:00:00Z,REG-DELTA,PROD-HS-110,15274,133,22.872
2026-06-16T00:00:00Z,REG-DELTA,PROD-AS-200,20191,201,22.872
2026-06-16T00:00:00Z,REG-DELTA,PROD-LB-400,22594,202,22.872
2026-06-16T00:00:00Z,REG-DELTA,PROD-DM-300,10858,108,22.872
2026-06-16T00:00:00Z,REG-DELTA,PROD-VD-500,4846,43,22.871
2026-06-16T00:00:00Z,REG-ISLAND,PROD-HS-100,30177,306,22.872
2026-06-16T00:00:00Z,REG-ISLAND,PROD-HS-110,10745,110,22.871
2026-06-16T00:00:00Z,REG-ISLAND,PROD-AS-200,14157,137,22.871
2026-06-16T00:00:00Z,REG-ISLAND,PROD-LB-400,15830,117,22.872
2026-06-16T00:00:00Z,REG-ISLAND,PROD-DM-300,7610,62,22.873
2026-06-16T00:00:00Z,REG-ISLAND,PROD-VD-500,3390,28,22.871
2026-06-16T00:00:00Z,REG-NORTH,PROD-HS-100,41481,289,22.872
2026-06-16T00:00:00Z,REG-NORTH,PROD-HS-110,14798,137,22.872
2026-06-16T00:00:00Z,REG-NORTH,PROD-AS-200,19547,197,22.872
2026-06-16T00:00:00Z,REG-NORTH,PROD-LB-400,21846,186,22.872
2026-06-16T00:00:00Z,REG-NORTH,PROD-DM-300,10503,96,22.873
2026-06-16T00:00:00Z,REG-NORTH,PROD-VD-500,4682,39,22.872
2026-06-16T00:00:00Z,REG-CENTRAL,PROD-HS-100,38165,266,22.872
2026-06-16T00:00:00Z,REG-CENTRAL,PROD-HS-110,13621,127,22.871
2026-06-16T00:00:00Z,REG-CENTRAL,PROD-AS-200,17970,176,22.871
2026-06-16T00:00:00Z,REG-CENTRAL,PROD-LB-400,20091,170,22.871
2026-06-16T00:00:00Z,REG-CENTRAL,PROD-DM-300,9659,76,22.871
2026-06-16T00:00:00Z,REG-CENTRAL,PROD-VD-500,4315,38,22.872
2026-06-17T00:00:00Z,REG-COASTAL,PROD-HS-100,59472,517,23.12
2026-06-17T00:00:00Z,REG-COASTAL,PROD-HS-110,21123,154,23.119
2026-06-17T00:00:00Z,REG-COASTAL,PROD-AS-200,27929,232,23.119
2026-06-17T00:00:00Z,REG-COASTAL,PROD-LB-400,31317,314,23.119
2026-06-17T00:00:00Z,REG-COASTAL,PROD-DM-300,15041,152,23.12
2026-06-17T00:00:00Z,REG-COASTAL,PROD-VD-500,6708,50,23.118
2026-06-17T00:00:00Z,REG-SOUTH,PROD-HS-100,49247,442,23.119
2026-06-17T00:00:00Z,REG-SOUTH,PROD-HS-110,17515,152,23.12
2026-06-17T00:00:00Z,REG-SOUTH,PROD-AS-200,23099,188,23.119
2026-06-17T00:00:00Z,REG-SOUTH,PROD-LB-400,25901,238,23.12
2026-06-17T00:00:00Z,REG-SOUTH,PROD-DM-300,12437,114,23.12
2026-06-17T00:00:00Z,REG-SOUTH,PROD-VD-500,5550,48,23.118
2026-06-17T00:00:00Z,REG-DELTA,PROD-HS-100,43391,389,23.119
2026-06-17T00:00:00Z,REG-DELTA,PROD-HS-110,15414,109,23.119
2026-06-17T00:00:00Z,REG-DELTA,PROD-AS-200,20377,171,23.119
2026-06-17T00:00:00Z,REG-DELTA,PROD-LB-400,22787,176,23.12
2026-06-17T00:00:00Z,REG-DELTA,PROD-DM-300,10968,102,23.119
2026-06-17T00:00:00Z,REG-DELTA,PROD-VD-500,4905,50,23.119
2026-06-17T00:00:00Z,REG-ISLAND,PROD-HS-100,30438,267,23.12
2026-06-17T00:00:00Z,REG-ISLAND,PROD-HS-110,10828,101,23.119
2026-06-17T00:00:00Z,REG-ISLAND,PROD-AS-200,14315,143,23.119
2026-06-17T00:00:00Z,REG-ISLAND,PROD-LB-400,16000,140,23.12
2026-06-17T00:00:00Z,REG-ISLAND,PROD-DM-300,7677,71,23.119
2026-06-17T00:00:00Z,REG-ISLAND,PROD-VD-500,3434,35,23.122
2026-06-17T00:00:00Z,REG-NORTH,PROD-HS-100,41941,349,23.12
2026-06-17T00:00:00Z,REG-NORTH,PROD-HS-110,14946,150,23.119
2026-06-17T00:00:00Z,REG-NORTH,PROD-AS-200,19737,201,23.12
2026-06-17T00:00:00Z,REG-NORTH,PROD-LB-400,22043,172,23.119
2026-06-17T00:00:00Z,REG-NORTH,PROD-DM-300,10581,85,23.119
2026-06-17T00:00:00Z,REG-NORTH,PROD-VD-500,4735,42,23.118
2026-06-17T00:00:00Z,REG-CENTRAL,PROD-HS-100,38570,284,23.12
2026-06-17T00:00:00Z,REG-CENTRAL,PROD-HS-110,13737,120,23.119
2026-06-17T00:00:00Z,REG-CENTRAL,PROD-AS-200,18122,135,23.12
2026-06-17T00:00:00Z,REG-CENTRAL,PROD-LB-400,20296,159,23.119
2026-06-17T00:00:00Z,REG-CENTRAL,PROD-DM-300,9764,100,23.12
2026-06-17T00:00:00Z,REG-CENTRAL,PROD-VD-500,4362,39,23.118
2026-06-18T00:00:00Z,REG-COASTAL,PROD-HS-100,60085,487,23.39
2026-06-18T00:00:00Z,REG-COASTAL,PROD-HS-110,21364,149,23.39
2026-06-18T00:00:00Z,REG-COASTAL,PROD-AS-200,28277,279,23.39
2026-06-18T00:00:00Z,REG-COASTAL,PROD-LB-400,31655,312,23.39
2026-06-18T00:00:00Z,REG-COASTAL,PROD-DM-300,15174,134,23.39
2026-06-18T00:00:00Z,REG-COASTAL,PROD-VD-500,6798,62,23.389
2026-06-18T00:00:00Z,REG-SOUTH,PROD-HS-100,49736,406,23.39
2026-06-18T00:00:00Z,REG-SOUTH,PROD-HS-110,17664,121,23.391
2026-06-18T00:00:00Z,REG-SOUTH,PROD-AS-200,23406,226,23.391
2026-06-18T00:00:00Z,REG-SOUTH,PROD-LB-400,26137,197,23.39
2026-06-18T00:00:00Z,REG-SOUTH,PROD-DM-300,12580,113,23.39
2026-06-18T00:00:00Z,REG-SOUTH,PROD-VD-500,5615,48,23.391
2026-06-18T00:00:00Z,REG-DELTA,PROD-HS-100,43844,361,23.391
2026-06-18T00:00:00Z,REG-DELTA,PROD-HS-110,15569,108,23.39
2026-06-18T00:00:00Z,REG-DELTA,PROD-AS-200,20601,181,23.391
2026-06-18T00:00:00Z,REG-DELTA,PROD-LB-400,23028,176,23.39
2026-06-18T00:00:00Z,REG-DELTA,PROD-DM-300,11075,105,23.39
2026-06-18T00:00:00Z,REG-DELTA,PROD-VD-500,4954,42,23.39
2026-06-18T00:00:00Z,REG-ISLAND,PROD-HS-100,30723,222,23.39
2026-06-18T00:00:00Z,REG-ISLAND,PROD-HS-110,10953,100,23.39
2026-06-18T00:00:00Z,REG-ISLAND,PROD-AS-200,14457,142,23.391
2026-06-18T00:00:00Z,REG-ISLAND,PROD-LB-400,16155,133,23.39
2026-06-18T00:00:00Z,REG-ISLAND,PROD-DM-300,7748,53,23.389
2026-06-18T00:00:00Z,REG-ISLAND,PROD-VD-500,3464,26,23.388
2026-06-18T00:00:00Z,REG-NORTH,PROD-HS-100,42450,394,23.39
2026-06-18T00:00:00Z,REG-NORTH,PROD-HS-110,15083,113,23.391
2026-06-18T00:00:00Z,REG-NORTH,PROD-AS-200,19924,183,23.39
2026-06-18T00:00:00Z,REG-NORTH,PROD-LB-400,22272,168,23.39
2026-06-18T00:00:00Z,REG-NORTH,PROD-DM-300,10720,101,23.39
2026-06-18T00:00:00Z,REG-NORTH,PROD-VD-500,4781,33,23.389
2026-06-18T00:00:00Z,REG-CENTRAL,PROD-HS-100,39065,354,23.39
2026-06-18T00:00:00Z,REG-CENTRAL,PROD-HS-110,13893,116,23.39
2026-06-18T00:00:00Z,REG-CENTRAL,PROD-AS-200,18313,139,23.39
2026-06-18T00:00:00Z,REG-CENTRAL,PROD-LB-400,20529,179,23.391
2026-06-18T00:00:00Z,REG-CENTRAL,PROD-DM-300,9866,89,23.39
2026-06-18T00:00:00Z,REG-CENTRAL,PROD-VD-500,4410,36,23.39
2026-06-19T00:00:00Z,REG-COASTAL,PROD-HS-100,60903,611,23.681
2026-06-19T00:00:00Z,REG-COASTAL,PROD-HS-110,21618,163,23.681
2026-06-19T00:00:00Z,REG-COASTAL,PROD-AS-200,28529,207,23.681
2026-06-19T00:00:00Z,REG-COASTAL,PROD-LB-400,31974,289,23.681
2026-06-19T00:00:00Z,REG-COASTAL,PROD-DM-300,15366,139,23.681
2026-06-19T00:00:00Z,REG-COASTAL,PROD-VD-500,6880,60,23.681
2026-06-19T00:00:00Z,REG-SOUTH,PROD-HS-100,50396,500,23.681
2026-06-19T00:00:00Z,REG-SOUTH,PROD-HS-110,17887,126,23.681
2026-06-19T00:00:00Z,REG-SOUTH,PROD-AS-200,23625,181,23.681
2026-06-19T00:00:00Z,REG-SOUTH,PROD-LB-400,26433,195,23.681
2026-06-19T00:00:00Z,REG-SOUTH,PROD-DM-300,12716,118,23.68
2026-06-19T00:00:00Z,REG-SOUTH,PROD-VD-500,5690,54,23.681
2026-06-19T00:00:00Z,REG-DELTA,PROD-HS-100,44391,416,23.681
2026-06-19T00:00:00Z,REG-DELTA,PROD-HS-110,15798,145,23.681
2026-06-19T00:00:00Z,REG-DELTA,PROD-AS-200,20828,178,23.681
2026-06-19T00:00:00Z,REG-DELTA,PROD-LB-400,23305,192,23.681
2026-06-19T00:00:00Z,REG-DELTA,PROD-DM-300,11187,81,23.68
2026-06-19T00:00:00Z,REG-DELTA,PROD-VD-500,5020,47,23.681
2026-06-19T00:00:00Z,REG-ISLAND,PROD-HS-100,31130,297,23.681
2026-06-19T00:00:00Z,REG-ISLAND,PROD-HS-110,11070,106,23.68
2026-06-19T00:00:00Z,REG-ISLAND,PROD-AS-200,14617,124,23.681
2026-06-19T00:00:00Z,REG-ISLAND,PROD-LB-400,16367,146,23.68
2026-06-19T00:00:00Z,REG-ISLAND,PROD-DM-300,7847,56,23.681
2026-06-19T00:00:00Z,REG-ISLAND,PROD-VD-500,3516,35,23.68
2026-06-19T00:00:00Z,REG-NORTH,PROD-HS-100,42940,409,23.681
2026-06-19T00:00:00Z,REG-NORTH,PROD-HS-110,15282,150,23.681
2026-06-19T00:00:00Z,REG-NORTH,PROD-AS-200,20130,143,23.681
2026-06-19T00:00:00Z,REG-NORTH,PROD-LB-400,22537,182,23.681
2026-06-19T00:00:00Z,REG-NORTH,PROD-DM-300,10830,79,23.681
2026-06-19T00:00:00Z,REG-NORTH,PROD-VD-500,4847,40,23.68
2026-06-19T00:00:00Z,REG-CENTRAL,PROD-HS-100,39529,384,23.681
2026-06-19T00:00:00Z,REG-CENTRAL,PROD-HS-110,14025,101,23.68
2026-06-19T00:00:00Z,REG-CENTRAL,PROD-AS-200,18545,145,23.681
2026-06-19T00:00:00Z,REG-CENTRAL,PROD-LB-400,20784,205,23.681
2026-06-19T00:00:00Z,REG-CENTRAL,PROD-DM-300,9966,91,23.681
2026-06-19T00:00:00Z,REG-CENTRAL,PROD-VD-500,4467,39,23.679
2026-06-20T00:00:00Z,REG-COASTAL,PROD-HS-100,61473,472,23.988
2026-06-20T00:00:00Z,REG-COASTAL,PROD-HS-110,21873,164,23.988
2026-06-20T00:00:00Z,REG-COASTAL,PROD-AS-200,28938,273,23.987
2026-06-20T00:00:00Z,REG-COASTAL,PROD-LB-400,32316,244,23.988
2026-06-20T00:00:00Z,REG-COASTAL,PROD-DM-300,15513,113,23.988
2026-06-20T00:00:00Z,REG-COASTAL,PROD-VD-500,6933,48,23.99
2026-06-20T00:00:00Z,REG-SOUTH,PROD-HS-100,50956,462,23.988
2026-06-20T00:00:00Z,REG-SOUTH,PROD-HS-110,18120,153,23.988
2026-06-20T00:00:00Z,REG-SOUTH,PROD-AS-200,23893,169,23.988
2026-06-20T00:00:00Z,REG-SOUTH,PROD-LB-400,26795,240,23.988
2026-06-20T00:00:00Z,REG-SOUTH,PROD-DM-300,12876,114,23.989
2026-06-20T00:00:00Z,REG-SOUTH,PROD-VD-500,5759,50,23.987
2026-06-20T00:00:00Z,REG-DELTA,PROD-HS-100,44869,372,23.988
2026-06-20T00:00:00Z,REG-DELTA,PROD-HS-110,15969,137,23.988
2026-06-20T00:00:00Z,REG-DELTA,PROD-AS-200,21070,177,23.987
2026-06-20T00:00:00Z,REG-DELTA,PROD-LB-400,23606,218,23.988
2026-06-20T00:00:00Z,REG-DELTA,PROD-DM-300,11351,101,23.987
2026-06-20T00:00:00Z,REG-DELTA,PROD-VD-500,5075,38,23.986
2026-06-20T00:00:00Z,REG-ISLAND,PROD-HS-100,31470,262,23.988
2026-06-20T00:00:00Z,REG-ISLAND,PROD-HS-110,11214,108,23.987
2026-06-20T00:00:00Z,REG-ISLAND,PROD-AS-200,14784,127,23.989
2026-06-20T00:00:00Z,REG-ISLAND,PROD-LB-400,16533,125,23.988
2026-06-20T00:00:00Z,REG-ISLAND,PROD-DM-300,7962,70,23.988
2026-06-20T00:00:00Z,REG-ISLAND,PROD-VD-500,3551,25,23.986
2026-06-20T00:00:00Z,REG-NORTH,PROD-HS-100,43440,406,23.988
2026-06-20T00:00:00Z,REG-NORTH,PROD-HS-110,15456,152,23.987
2026-06-20T00:00:00Z,REG-NORTH,PROD-AS-200,20382,160,23.988
2026-06-20T00:00:00Z,REG-NORTH,PROD-LB-400,22790,169,23.988
2026-06-20T00:00:00Z,REG-NORTH,PROD-DM-300,10965,99,23.987
2026-06-20T00:00:00Z,REG-NORTH,PROD-VD-500,4913,43,23.99
2026-06-20T00:00:00Z,REG-CENTRAL,PROD-HS-100,39903,275,23.988
2026-06-20T00:00:00Z,REG-CENTRAL,PROD-HS-110,14228,123,23.988
2026-06-20T00:00:00Z,REG-CENTRAL,PROD-AS-200,18759,144,23.988
2026-06-20T00:00:00Z,REG-CENTRAL,PROD-LB-400,20990,169,23.987
2026-06-20T00:00:00Z,REG-CENTRAL,PROD-DM-300,10089,86,23.988
2026-06-20T00:00:00Z,REG-CENTRAL,PROD-VD-500,4526,40,23.989
2026-06-21T00:00:00Z,REG-COASTAL,PROD-HS-100,46746,416,24.307
2026-06-21T00:00:00Z,REG-COASTAL,PROD-HS-110,16640,160,24.307
2026-06-21T00:00:00Z,REG-COASTAL,PROD-AS-200,21916,161,24.307
2026-06-21T00:00:00Z,REG-COASTAL,PROD-LB-400,24530,174,24.307
2026-06-21T00:00:00Z,REG-COASTAL,PROD-DM-300,11769,77,24.308
2026-06-21T00:00:00Z,REG-COASTAL,PROD-VD-500,5274,48,24.307
2026-06-21T00:00:00Z,REG-SOUTH,PROD-HS-100,38593,261,24.307
2026-06-21T00:00:00Z,REG-SOUTH,PROD-HS-110,13757,121,24.307
2026-06-21T00:00:00Z,REG-SOUTH,PROD-AS-200,18173,161,24.308
2026-06-21T00:00:00Z,REG-SOUTH,PROD-LB-400,20320,169,24.308
2026-06-21T00:00:00Z,REG-SOUTH,PROD-DM-300,9739,65,24.307
2026-06-21T00:00:00Z,REG-SOUTH,PROD-VD-500,4364,37,24.309
2026-06-21T00:00:00Z,REG-DELTA,PROD-HS-100,34073,286,24.307
2026-06-21T00:00:00Z,REG-DELTA,PROD-HS-110,12142,110,24.307
2026-06-21T00:00:00Z,REG-DELTA,PROD-AS-200,16010,137,24.308
2026-06-21T00:00:00Z,REG-DELTA,PROD-LB-400,17911,142,24.308
2026-06-21T00:00:00Z,REG-DELTA,PROD-DM-300,8613,81,24.308
2026-06-21T00:00:00Z,REG-DELTA,PROD-VD-500,3850,34,24.306
2026-06-21T00:00:00Z,REG-ISLAND,PROD-HS-100,23862,162,24.308
2026-06-21T00:00:00Z,REG-ISLAND,PROD-HS-110,8514,79,24.308
2026-06-21T00:00:00Z,REG-ISLAND,PROD-AS-200,11208,75,24.308
2026-06-21T00:00:00Z,REG-ISLAND,PROD-LB-400,12558,88,24.308
2026-06-21T00:00:00Z,REG-ISLAND,PROD-DM-300,6035,55,24.309
2026-06-21T00:00:00Z,REG-ISLAND,PROD-VD-500,2695,21,24.309
2026-06-21T00:00:00Z,REG-NORTH,PROD-HS-100,32929,260,24.307
2026-06-21T00:00:00Z,REG-NORTH,PROD-HS-110,11726,107,24.308
2026-06-21T00:00:00Z,REG-NORTH,PROD-AS-200,15480,142,24.307
2026-06-21T00:00:00Z,REG-NORTH,PROD-LB-400,17339,154,24.307
2026-06-21T00:00:00Z,REG-NORTH,PROD-DM-300,8296,56,24.307
2026-06-21T00:00:00Z,REG-NORTH,PROD-VD-500,3726,31,24.309
2026-06-21T00:00:00Z,REG-CENTRAL,PROD-HS-100,30295,227,24.307
2026-06-21T00:00:00Z,REG-CENTRAL,PROD-HS-110,10777,82,24.307
2026-06-21T00:00:00Z,REG-CENTRAL,PROD-AS-200,14227,105,24.306
2026-06-21T00:00:00Z,REG-CENTRAL,PROD-LB-400,15952,128,24.307
2026-06-21T00:00:00Z,REG-CENTRAL,PROD-DM-300,7667,59,24.307
2026-06-21T00:00:00Z,REG-CENTRAL,PROD-VD-500,3436,33,24.307
2026-06-22T00:00:00Z,REG-COASTAL,PROD-HS-100,54955,511,24.635
2026-06-22T00:00:00Z,REG-COASTAL,PROD-HS-110,22431,185,24.636
2026-06-22T00:00:00Z,REG-COASTAL,PROD-AS-200,29647,282,24.635
2026-06-22T00:00:00Z,REG-COASTAL,PROD-LB-400,33134,271,24.635
2026-06-22T00:00:00Z,REG-COASTAL,PROD-DM-300,15941,150,24.635
2026-06-22T00:00:00Z,REG-COASTAL,PROD-VD-500,7133,63,24.634
2026-06-22T00:00:00Z,REG-SOUTH,PROD-HS-100,44546,301,24.635
2026-06-22T00:00:00Z,REG-SOUTH,PROD-HS-110,18564,162,24.635
2026-06-22T00:00:00Z,REG-SOUTH,PROD-AS-200,24495,180,24.635
2026-06-22T00:00:00Z,REG-SOUTH,PROD-LB-400,27452,255,24.635
2026-06-22T00:00:00Z,REG-SOUTH,PROD-DM-300,13173,92,24.635
2026-06-22T00:00:00Z,REG-SOUTH,PROD-VD-500,5892,53,24.637
2026-06-22T00:00:00Z,REG-DELTA,PROD-HS-100,38625,342,24.635
2026-06-22T00:00:00Z,REG-DELTA,PROD-HS-110,16354,119,24.636
2026-06-22T00:00:00Z,REG-DELTA,PROD-AS-200,21585,152,24.636
2026-06-22T00:00:00Z,REG-DELTA,PROD-LB-400,24139,169,24.635
2026-06-22T00:00:00Z,REG-DELTA,PROD-DM-300,11615,86,24.635
2026-06-22T00:00:00Z,REG-DELTA,PROD-VD-500,5184,35,24.636
2026-06-22T00:00:00Z,REG-ISLAND,PROD-HS-100,26599,215,24.635
2026-06-22T00:00:00Z,REG-ISLAND,PROD-HS-110,11483,102,24.634
2026-06-22T00:00:00Z,REG-ISLAND,PROD-AS-200,15136,109,24.634
2026-06-22T00:00:00Z,REG-ISLAND,PROD-LB-400,16975,149,24.635
2026-06-22T00:00:00Z,REG-ISLAND,PROD-DM-300,8155,75,24.634
2026-06-22T00:00:00Z,REG-ISLAND,PROD-VD-500,3656,35,24.633
2026-06-22T00:00:00Z,REG-NORTH,PROD-HS-100,36043,297,24.635
2026-06-22T00:00:00Z,REG-NORTH,PROD-HS-110,15817,124,24.636
2026-06-22T00:00:00Z,REG-NORTH,PROD-AS-200,20903,185,24.635
2026-06-22T00:00:00Z,REG-NORTH,PROD-LB-400,23372,190,24.635
2026-06-22T00:00:00Z,REG-NORTH,PROD-DM-300,11239,104,24.635
2026-06-22T00:00:00Z,REG-NORTH,PROD-VD-500,5015,39,24.634
2026-06-22T00:00:00Z,REG-CENTRAL,PROD-HS-100,32635,314,24.635
2026-06-22T00:00:00Z,REG-CENTRAL,PROD-HS-110,14561,125,24.635
2026-06-22T00:00:00Z,REG-CENTRAL,PROD-AS-200,19232,164,24.636
2026-06-22T00:00:00Z,REG-CENTRAL,PROD-LB-400,21526,167,24.636
2026-06-22T00:00:00Z,REG-CENTRAL,PROD-DM-300,10337,89,24.635
2026-06-22T00:00:00Z,REG-CENTRAL,PROD-VD-500,4620,38,24.634
2026-06-23T00:00:00Z,REG-COASTAL,PROD-HS-100,55612,384,24.967
2026-06-23T00:00:00Z,REG-COASTAL,PROD-HS-110,22704,183,24.968
2026-06-23T00:00:00Z,REG-COASTAL,PROD-AS-200,30013,277,24.967
2026-06-23T00:00:00Z,REG-COASTAL,PROD-LB-400,33568,286,24.968
2026-06-23T00:00:00Z,REG-COASTAL,PROD-DM-300,16114,135,24.967
2026-06-23T00:00:00Z,REG-COASTAL,PROD-VD-500,7206,65,24.969
2026-06-23T00:00:00Z,REG-SOUTH,PROD-HS-100,45196,329,24.968
2026-06-23T00:00:00Z,REG-SOUTH,PROD-HS-110,18806,155,24.968
2026-06-23T00:00:00Z,REG-SOUTH,PROD-AS-200,24825,207,24.968
2026-06-23T00:00:00Z,REG-SOUTH,PROD-LB-400,27753,214,24.967
2026-06-23T00:00:00Z,REG-SOUTH,PROD-DM-300,13348,115,24.968
2026-06-23T00:00:00Z,REG-SOUTH,PROD-VD-500,5967,50,24.966
2026-06-23T00:00:00Z,REG-DELTA,PROD-HS-100,39157,307,24.968
2026-06-23T00:00:00Z,REG-DELTA,PROD-HS-110,16543,114,24.968
2026-06-23T00:00:00Z,REG-DELTA,PROD-AS-200,21880,183,24.968
2026-06-23T00:00:00Z,REG-DELTA,PROD-LB-400,24427,159,24.967
2026-06-23T00:00:00Z,REG-DELTA,PROD-DM-300,11765,105,24.968
2026-06-23T00:00:00Z,REG-DELTA,PROD-VD-500,5259,41,24.967
2026-06-23T00:00:00Z,REG-ISLAND,PROD-HS-100,26964,199,24.967
2026-06-23T00:00:00Z,REG-ISLAND,PROD-HS-110,11613,103,24.967
2026-06-23T00:00:00Z,REG-ISLAND,PROD-AS-200,15342,137,24.967
2026-06-23T00:00:00Z,REG-ISLAND,PROD-LB-400,17140,112,24.968
2026-06-23T00:00:00Z,REG-ISLAND,PROD-DM-300,8268,79,24.966
2026-06-23T00:00:00Z,REG-ISLAND,PROD-VD-500,3679,34,24.966
2026-06-23T00:00:00Z,REG-NORTH,PROD-HS-100,36521,268,24.968
2026-06-23T00:00:00Z,REG-NORTH,PROD-HS-110,16010,131,24.967
2026-06-23T00:00:00Z,REG-NORTH,PROD-AS-200,21170,197,24.968
2026-06-23T00:00:00Z,REG-NORTH,PROD-LB-400,23641,171,24.968
2026-06-23T00:00:00Z,REG-NORTH,PROD-DM-300,11361,76,24.967
2026-06-23T00:00:00Z,REG-NORTH,PROD-VD-500,5084,41,24.965
2026-06-23T00:00:00Z,REG-CENTRAL,PROD-HS-100,33048,241,24.967
2026-06-23T00:00:00Z,REG-CENTRAL,PROD-HS-110,14755,124,24.968
2026-06-23T00:00:00Z,REG-CENTRAL,PROD-AS-200,19455,155,24.968
2026-06-23T00:00:00Z,REG-CENTRAL,PROD-LB-400,21793,171,24.968
2026-06-23T00:00:00Z,REG-CENTRAL,PROD-DM-300,10482,95,24.969
2026-06-23T00:00:00Z,REG-CENTRAL,PROD-VD-500,4682,38,24.968
2026-06-24T00:00:00Z,REG-COASTAL,PROD-HS-100,56433,418,25.3
2026-06-24T00:00:00Z,REG-COASTAL,PROD-HS-110,22998,202,25.301
2026-06-24T00:00:00Z,REG-COASTAL,PROD-AS-200,30277,195,25.3
2026-06-24T00:00:00Z,REG-COASTAL,PROD-LB-400,33975,300,25.301
2026-06-24T00:00:00Z,REG-COASTAL,PROD-DM-300,16316,149,25.3
2026-06-24T00:00:00Z,REG-COASTAL,PROD-VD-500,7289,53,25.301
2026-06-24T00:00:00Z,REG-SOUTH,PROD-HS-100,45825,310,25.3
2026-06-24T00:00:00Z,REG-SOUTH,PROD-HS-110,19046,172,25.3
2026-06-24T00:00:00Z,REG-SOUTH,PROD-AS-200,25088,192,25.301
2026-06-24T00:00:00Z,REG-SOUTH,PROD-LB-400,28143,262,25.3
2026-06-24T00:00:00Z,REG-SOUTH,PROD-DM-300,13491,107,25.301
2026-06-24T00:00:00Z,REG-SOUTH,PROD-VD-500,6046,50,25.3
2026-06-24T00:00:00Z,REG-DELTA,PROD-HS-100,39645,252,25.301
2026-06-24T00:00:00Z,REG-DELTA,PROD-HS-110,16748,126,25.3
2026-06-24T00:00:00Z,REG-DELTA,PROD-AS-200,22149,188,25.301
2026-06-24T00:00:00Z,REG-DELTA,PROD-LB-400,24743,176,25.301
2026-06-24T00:00:00Z,REG-DELTA,PROD-DM-300,11868,78,25.3
2026-06-24T00:00:00Z,REG-DELTA,PROD-VD-500,5329,41,25.301
2026-06-24T00:00:00Z,REG-ISLAND,PROD-HS-100,27324,202,25.3
2026-06-24T00:00:00Z,REG-ISLAND,PROD-HS-110,11756,93,25.299
2026-06-24T00:00:00Z,REG-ISLAND,PROD-AS-200,15493,110,25.301
2026-06-24T00:00:00Z,REG-ISLAND,PROD-LB-400,17367,137,25.301
2026-06-24T00:00:00Z,REG-ISLAND,PROD-DM-300,8336,63,25.3
2026-06-24T00:00:00Z,REG-ISLAND,PROD-VD-500,3725,31,25.301
2026-06-24T00:00:00Z,REG-NORTH,PROD-HS-100,37017,256,25.3
2026-06-24T00:00:00Z,REG-NORTH,PROD-HS-110,16172,106,25.301
2026-06-24T00:00:00Z,REG-NORTH,PROD-AS-200,21377,150,25.3
2026-06-24T00:00:00Z,REG-NORTH,PROD-LB-400,23938,181,25.3
2026-06-24T00:00:00Z,REG-NORTH,PROD-DM-300,11500,90,25.299
2026-06-24T00:00:00Z,REG-NORTH,PROD-VD-500,5149,38,25.302
2026-06-24T00:00:00Z,REG-CENTRAL,PROD-HS-100,33547,277,25.3
2026-06-24T00:00:00Z,REG-CENTRAL,PROD-HS-110,14910,109,25.301
2026-06-24T00:00:00Z,REG-CENTRAL,PROD-AS-200,19668,136,25.301
2026-06-24T00:00:00Z,REG-CENTRAL,PROD-LB-400,22059,174,25.301
2026-06-24T00:00:00Z,REG-CENTRAL,PROD-DM-300,10594,94,25.301
2026-06-24T00:00:00Z,REG-CENTRAL,PROD-VD-500,4749,43,25.301
2026-06-25T00:00:00Z,REG-COASTAL,PROD-HS-100,57293,498,25.63
2026-06-25T00:00:00Z,REG-COASTAL,PROD-HS-110,23212,145,25.63
2026-06-25T00:00:00Z,REG-COASTAL,PROD-AS-200,30726,278,25.63
2026-06-25T00:00:00Z,REG-COASTAL,PROD-LB-400,34405,318,25.629
2026-06-25T00:00:00Z,REG-COASTAL,PROD-DM-300,16509,132,25.629
2026-06-25T00:00:00Z,REG-COASTAL,PROD-VD-500,7378,48,25.629
2026-06-25T00:00:00Z,REG-SOUTH,PROD-HS-100,46488,355,25.629
2026-06-25T00:00:00Z,REG-SOUTH,PROD-HS-110,19270,176,25.63
2026-06-25T00:00:00Z,REG-SOUTH,PROD-AS-200,25399,205,25.63
2026-06-25T00:00:00Z,REG-SOUTH,PROD-LB-400,28429,237,25.629
2026-06-25T00:00:00Z,REG-SOUTH,PROD-DM-300,13665,107,25.629
2026-06-25T00:00:00Z,REG-SOUTH,PROD-VD-500,6087,38,25.631
2026-06-25T00:00:00Z,REG-DELTA,PROD-HS-100,40288,357,25.63
2026-06-25T00:00:00Z,REG-DELTA,PROD-HS-110,16932,119,25.63
2026-06-25T00:00:00Z,REG-DELTA,PROD-AS-200,22395,200,25.629
2026-06-25T00:00:00Z,REG-DELTA,PROD-LB-400,25028,167,25.63
2026-06-25T00:00:00Z,REG-DELTA,PROD-DM-300,12038,95,25.629
2026-06-25T00:00:00Z,REG-DELTA,PROD-VD-500,5364,33,25.63
2026-06-25T00:00:00Z,REG-ISLAND,PROD-HS-100,27717,217,25.629
2026-06-25T00:00:00Z,REG-ISLAND,PROD-HS-110,11897,107,25.63
2026-06-25T00:00:00Z,REG-ISLAND,PROD-AS-200,15710,127,25.63
2026-06-25T00:00:00Z,REG-ISLAND,PROD-LB-400,17588,160,25.629
2026-06-25T00:00:00Z,REG-ISLAND,PROD-DM-300,8452,71,25.63
2026-06-25T00:00:00Z,REG-ISLAND,PROD-VD-500,3772,30,25.63
2026-06-25T00:00:00Z,REG-NORTH,PROD-HS-100,37514,249,25.629
2026-06-25T00:00:00Z,REG-NORTH,PROD-HS-110,16409,134,25.63
2026-06-25T00:00:00Z,REG-NORTH,PROD-AS-200,21629,151,25.63
2026-06-25T00:00:00Z,REG-NORTH,PROD-LB-400,24215,175,25.629
2026-06-25T00:00:00Z,REG-NORTH,PROD-DM-300,11653,94,25.63
2026-06-25T00:00:00Z,REG-NORTH,PROD-VD-500,5198,46,25.632
2026-06-25T00:00:00Z,REG-CENTRAL,PROD-HS-100,33955,227,25.629
2026-06-25T00:00:00Z,REG-CENTRAL,PROD-HS-110,15106,138,25.63
2026-06-25T00:00:00Z,REG-CENTRAL,PROD-AS-200,19941,181,25.629
2026-06-25T00:00:00Z,REG-CENTRAL,PROD-LB-400,22311,193,25.629
2026-06-25T00:00:00Z,REG-CENTRAL,PROD-DM-300,10726,90,25.629
2026-06-25T00:00:00Z,REG-CENTRAL,PROD-VD-500,4785,44,25.627
2026-06-26T00:00:00Z,REG-COASTAL,PROD-HS-100,57946,413,25.951
2026-06-26T00:00:00Z,REG-COASTAL,PROD-HS-110,23464,160,25.951
2026-06-26T00:00:00Z,REG-COASTAL,PROD-AS-200,30979,201,25.951
2026-06-26T00:00:00Z,REG-COASTAL,PROD-LB-400,34699,236,25.951
2026-06-26T00:00:00Z,REG-COASTAL,PROD-DM-300,16690,133,25.951
2026-06-26T00:00:00Z,REG-COASTAL,PROD-VD-500,7461,65,25.951
2026-06-26T00:00:00Z,REG-SOUTH,PROD-HS-100,47141,403,25.951
2026-06-26T00:00:00Z,REG-SOUTH,PROD-HS-110,19483,176,25.95
2026-06-26T00:00:00Z,REG-SOUTH,PROD-AS-200,25654,170,25.951
2026-06-26T00:00:00Z,REG-SOUTH,PROD-LB-400,28717,197,25.951
2026-06-26T00:00:00Z,REG-SOUTH,PROD-DM-300,13790,88,25.951
2026-06-26T00:00:00Z,REG-SOUTH,PROD-VD-500,6163,39,25.949
2026-06-26T00:00:00Z,REG-DELTA,PROD-HS-100,40729,272,25.951
2026-06-26T00:00:00Z,REG-DELTA,PROD-HS-110,17142,144,25.951
2026-06-26T00:00:00Z,REG-DELTA,PROD-AS-200,22620,172,25.951
2026-06-26T00:00:00Z,REG-DELTA,PROD-LB-400,25348,202,25.95
2026-06-26T00:00:00Z,REG-DELTA,PROD-DM-300,12160,93,25.951
2026-06-26T00:00:00Z,REG-DELTA,PROD-VD-500,5431,33,25.952
2026-06-26T00:00:00Z,REG-ISLAND,PROD-HS-100,28095,224,25.951
2026-06-26T00:00:00Z,REG-ISLAND,PROD-HS-110,12038,101,25.95
2026-06-26T00:00:00Z,REG-ISLAND,PROD-AS-200,15872,120,25.951
2026-06-26T00:00:00Z,REG-ISLAND,PROD-LB-400,17746,125,25.951
2026-06-26T00:00:00Z,REG-ISLAND,PROD-DM-300,8530,70,25.951
2026-06-26T00:00:00Z,REG-ISLAND,PROD-VD-500,3823,34,25.952
2026-06-26T00:00:00Z,REG-NORTH,PROD-HS-100,38020,261,25.951
2026-06-26T00:00:00Z,REG-NORTH,PROD-HS-110,16558,105,25.951
2026-06-26T00:00:00Z,REG-NORTH,PROD-AS-200,21867,146,25.951
2026-06-26T00:00:00Z,REG-NORTH,PROD-LB-400,24518,202,25.951
2026-06-26T00:00:00Z,REG-NORTH,PROD-DM-300,11761,83,25.951
2026-06-26T00:00:00Z,REG-NORTH,PROD-VD-500,5255,39,25.95
2026-06-26T00:00:00Z,REG-CENTRAL,PROD-HS-100,34443,292,25.951
2026-06-26T00:00:00Z,REG-CENTRAL,PROD-HS-110,15244,115,25.95
2026-06-26T00:00:00Z,REG-CENTRAL,PROD-AS-200,20110,128,25.951
2026-06-26T00:00:00Z,REG-CENTRAL,PROD-LB-400,22545,175,25.951
2026-06-26T00:00:00Z,REG-CENTRAL,PROD-DM-300,10815,71,25.952
2026-06-26T00:00:00Z,REG-CENTRAL,PROD-VD-500,4831,30,25.951
2026-06-27T00:00:00Z,REG-COASTAL,PROD-HS-100,58707,461,26.261
2026-06-27T00:00:00Z,REG-COASTAL,PROD-HS-110,23769,213,26.261
2026-06-27T00:00:00Z,REG-COASTAL,PROD-AS-200,31283,191,26.26
2026-06-27T00:00:00Z,REG-COASTAL,PROD-LB-400,35117,296,26.26
2026-06-27T00:00:00Z,REG-COASTAL,PROD-DM-300,16845,117,26.261
2026-06-27T00:00:00Z,REG-COASTAL,PROD-VD-500,7531,47,26.26
2026-06-27T00:00:00Z,REG-SOUTH,PROD-HS-100,47724,403,26.26
2026-06-27T00:00:00Z,REG-SOUTH,PROD-HS-110,19689,177,26.261
2026-06-27T00:00:00Z,REG-SOUTH,PROD-AS-200,25948,213,26.26
2026-06-27T00:00:00Z,REG-SOUTH,PROD-LB-400,29038,204,26.26
2026-06-27T00:00:00Z,REG-SOUTH,PROD-DM-300,13959,120,26.26
2026-06-27T00:00:00Z,REG-SOUTH,PROD-VD-500,6252,55,26.258
2026-06-27T00:00:00Z,REG-DELTA,PROD-HS-100,41331,365,26.26
2026-06-27T00:00:00Z,REG-DELTA,PROD-HS-110,17288,114,26.26
2026-06-27T00:00:00Z,REG-DELTA,PROD-AS-200,22839,150,26.26
2026-06-27T00:00:00Z,REG-DELTA,PROD-LB-400,25597,203,26.261
2026-06-27T00:00:00Z,REG-DELTA,PROD-DM-300,12289,78,26.26
2026-06-27T00:00:00Z,REG-DELTA,PROD-VD-500,5511,49,26.26
2026-06-27T00:00:00Z,REG-ISLAND,PROD-HS-100,28405,175,26.26
2026-06-27T00:00:00Z,REG-ISLAND,PROD-HS-110,12139,85,26.261
2026-06-27T00:00:00Z,REG-ISLAND,PROD-AS-200,16017,103,26.261
2026-06-27T00:00:00Z,REG-ISLAND,PROD-LB-400,17927,122,26.261
2026-06-27T00:00:00Z,REG-ISLAND,PROD-DM-300,8631,70,26.261
2026-06-27T00:00:00Z,REG-ISLAND,PROD-VD-500,3859,25,26.26
2026-06-27T00:00:00Z,REG-NORTH,PROD-HS-100,38484,249,26.26
2026-06-27T00:00:00Z,REG-NORTH,PROD-HS-110,16741,118,26.261
2026-06-27T00:00:00Z,REG-NORTH,PROD-AS-200,22091,137,26.261
2026-06-27T00:00:00Z,REG-NORTH,PROD-LB-400,24772,218,26.261
2026-06-27T00:00:00Z,REG-NORTH,PROD-DM-300,11895,104,26.261
2026-06-27T00:00:00Z,REG-NORTH,PROD-VD-500,5321,43,26.259
2026-06-27T00:00:00Z,REG-CENTRAL,PROD-HS-100,34823,238,26.26
2026-06-27T00:00:00Z,REG-CENTRAL,PROD-HS-110,15445,135,26.261
2026-06-27T00:00:00Z,REG-CENTRAL,PROD-AS-200,20373,179,26.26
2026-06-27T00:00:00Z,REG-CENTRAL,PROD-LB-400,22755,145,26.26
2026-06-27T00:00:00Z,REG-CENTRAL,PROD-DM-300,10958,86,26.261
2026-06-27T00:00:00Z,REG-CENTRAL,PROD-VD-500,4897,39,26.259
2026-06-28T00:00:00Z,REG-COASTAL,PROD-HS-100,44593,380,26.554
2026-06-28T00:00:00Z,REG-COASTAL,PROD-HS-110,17967,122,26.555
2026-06-28T00:00:00Z,REG-COASTAL,PROD-AS-200,23701,147,26.555
2026-06-28T00:00:00Z,REG-COASTAL,PROD-LB-400,26594,225,26.555
2026-06-28T00:00:00Z,REG-COASTAL,PROD-DM-300,12764,97,26.556
2026-06-28T00:00:00Z,REG-COASTAL,PROD-VD-500,5706,50,26.554
2026-06-28T00:00:00Z,REG-SOUTH,PROD-HS-100,36183,255,26.554
2026-06-28T00:00:00Z,REG-SOUTH,PROD-HS-110,14874,110,26.554
2026-06-28T00:00:00Z,REG-SOUTH,PROD-AS-200,19639,148,26.554
2026-06-28T00:00:00Z,REG-SOUTH,PROD-LB-400,21997,169,26.555
2026-06-28T00:00:00Z,REG-SOUTH,PROD-DM-300,10562,73,26.554
2026-06-28T00:00:00Z,REG-SOUTH,PROD-VD-500,4734,34,26.554
2026-06-28T00:00:00Z,REG-DELTA,PROD-HS-100,31327,258,26.555
2026-06-28T00:00:00Z,REG-DELTA,PROD-HS-110,13107,95,26.555
2026-06-28T00:00:00Z,REG-DELTA,PROD-AS-200,17326,145,26.555
2026-06-28T00:00:00Z,REG-DELTA,PROD-LB-400,19384,158,26.555
2026-06-28T00:00:00Z,REG-DELTA,PROD-DM-300,9314,73,26.555
2026-06-28T00:00:00Z,REG-DELTA,PROD-VD-500,4169,26,26.558
2026-06-28T00:00:00Z,REG-ISLAND,PROD-HS-100,21537,134,26.555
2026-06-28T00:00:00Z,REG-ISLAND,PROD-HS-110,9199,64,26.555
2026-06-28T00:00:00Z,REG-ISLAND,PROD-AS-200,12158,102,26.555
2026-06-28T00:00:00Z,REG-ISLAND,PROD-LB-400,13589,99,26.555
2026-06-28T00:00:00Z,REG-ISLAND,PROD-DM-300,6530,51,26.553
2026-06-28T00:00:00Z,REG-ISLAND,PROD-VD-500,2913,19,26.55
2026-06-28T00:00:00Z,REG-NORTH,PROD-HS-100,29254,230,26.554
2026-06-28T00:00:00Z,REG-NORTH,PROD-HS-110,12676,89,26.555
2026-06-28T00:00:00Z,REG-NORTH,PROD-AS-200,16764,141,26.554
2026-06-28T00:00:00Z,REG-NORTH,PROD-LB-400,18770,155,26.555
2026-06-28T00:00:00Z,REG-NORTH,PROD-DM-300,8985,63,26.554
2026-06-28T00:00:00Z,REG-NORTH,PROD-VD-500,4015,32,26.553
2026-06-28T00:00:00Z,REG-CENTRAL,PROD-HS-100,26472,236,26.555
2026-06-28T00:00:00Z,REG-CENTRAL,PROD-HS-110,11668,90,26.555
2026-06-28T00:00:00Z,REG-CENTRAL,PROD-AS-200,15388,93,26.554
2026-06-28T00:00:00Z,REG-CENTRAL,PROD-LB-400,17276,148,26.555
2026-06-28T00:00:00Z,REG-CENTRAL,PROD-DM-300,8296,64,26.555
2026-06-28T00:00:00Z,REG-CENTRAL,PROD-VD-500,3722,31,26.554
2026-06-29T00:00:00Z,REG-COASTAL,PROD-HS-100,60018,430,26.829
2026-06-29T00:00:00Z,REG-COASTAL,PROD-HS-110,24202,190,26.829
2026-06-29T00:00:00Z,REG-COASTAL,PROD-AS-200,31888,202,26.83
2026-06-29T00:00:00Z,REG-COASTAL,PROD-LB-400,35786,317,26.83
2026-06-29T00:00:00Z,REG-COASTAL,PROD-DM-300,17140,103,26.83
2026-06-29T00:00:00Z,REG-COASTAL,PROD-VD-500,7670,50,26.831
2026-06-29T00:00:00Z,REG-SOUTH,PROD-HS-100,48732,332,26.829
2026-06-29T00:00:00Z,REG-SOUTH,PROD-HS-110,19987,133,26.83
2026-06-29T00:00:00Z,REG-SOUTH,PROD-AS-200,26427,188,26.829
2026-06-29T00:00:00Z,REG-SOUTH,PROD-LB-400,29610,259,26.829
2026-06-29T00:00:00Z,REG-SOUTH,PROD-DM-300,14212,100,26.829
2026-06-29T00:00:00Z,REG-SOUTH,PROD-VD-500,6351,46,26.83
2026-06-29T00:00:00Z,REG-DELTA,PROD-HS-100,42172,291,26.83
2026-06-29T00:00:00Z,REG-DELTA,PROD-HS-110,17646,126,26.83
2026-06-29T00:00:00Z,REG-DELTA,PROD-AS-200,23292,165,26.829
2026-06-29T00:00:00Z,REG-DELTA,PROD-LB-400,26084,220,26.83
2026-06-29T00:00:00Z,REG-DELTA,PROD-DM-300,12518,96,26.829
2026-06-29T00:00:00Z,REG-DELTA,PROD-VD-500,5595,41,26.831
2026-06-29T00:00:00Z,REG-ISLAND,PROD-HS-100,29060,191,26.83
2026-06-29T00:00:00Z,REG-ISLAND,PROD-HS-110,12396,108,26.83
2026-06-29T00:00:00Z,REG-ISLAND,PROD-AS-200,16305,100,26.829
2026-06-29T00:00:00Z,REG-ISLAND,PROD-LB-400,18276,139,26.83
2026-06-29T00:00:00Z,REG-ISLAND,PROD-DM-300,8782,62,26.831
2026-06-29T00:00:00Z,REG-ISLAND,PROD-VD-500,3917,27,26.828
2026-06-29T00:00:00Z,REG-NORTH,PROD-HS-100,39393,302,26.83
2026-06-29T00:00:00Z,REG-NORTH,PROD-HS-110,17048,119,26.829
2026-06-29T00:00:00Z,REG-NORTH,PROD-AS-200,22527,178,26.83
2026-06-29T00:00:00Z,REG-NORTH,PROD-LB-400,25188,156,26.83
2026-06-29T00:00:00Z,REG-NORTH,PROD-DM-300,12126,106,26.83
2026-06-29T00:00:00Z,REG-NORTH,PROD-VD-500,5407,41,26.83
2026-06-29T00:00:00Z,REG-CENTRAL,PROD-HS-100,35690,302,26.829
2026-06-29T00:00:00Z,REG-CENTRAL,PROD-HS-110,15683,95,26.83
2026-06-29T00:00:00Z,REG-CENTRAL,PROD-AS-200,20730,152,26.829
2026-06-29T00:00:00Z,REG-CENTRAL,PROD-LB-400,23195,148,26.83
2026-06-29T00:00:00Z,REG-CENTRAL,PROD-DM-300,11134,80,26.83
2026-06-29T00:00:00Z,REG-CENTRAL,PROD-VD-500,4973,36,26.832
2026-06-30T00:00:00Z,REG-COASTAL,PROD-HS-100,60535,386,27.082
2026-06-30T00:00:00Z,REG-COASTAL,PROD-HS-110,24356,172,27.082
2026-06-30T00:00:00Z,REG-COASTAL,PROD-AS-200,32180,250,27.082
2026-06-30T00:00:00Z,REG-COASTAL,PROD-LB-400,36063,315,27.082
2026-06-30T00:00:00Z,REG-COASTAL,PROD-DM-300,17299,129,27.082
2026-06-30T00:00:00Z,REG-COASTAL,PROD-VD-500,7742,51,27.081
2026-06-30T00:00:00Z,REG-SOUTH,PROD-HS-100,49310,427,27.082
2026-06-30T00:00:00Z,REG-SOUTH,PROD-HS-110,20145,132,27.081
2026-06-30T00:00:00Z,REG-SOUTH,PROD-AS-200,26620,188,27.082
2026-06-30T00:00:00Z,REG-SOUTH,PROD-LB-400,29799,199,27.081
2026-06-30T00:00:00Z,REG-SOUTH,PROD-DM-300,14341,123,27.082
2026-06-30T00:00:00Z,REG-SOUTH,PROD-VD-500,6416,52,27.081
2026-06-30T00:00:00Z,REG-DELTA,PROD-HS-100,42583,281,27.082
2026-06-30T00:00:00Z,REG-DELTA,PROD-HS-110,17793,136,27.081
2026-06-30T00:00:00Z,REG-DELTA,PROD-AS-200,23466,176,27.081
2026-06-30T00:00:00Z,REG-DELTA,PROD-LB-400,26275,195,27.082
2026-06-30T00:00:00Z,REG-DELTA,PROD-DM-300,12593,81,27.082
2026-06-30T00:00:00Z,REG-DELTA,PROD-VD-500,5655,49,27.082
2026-06-30T00:00:00Z,REG-ISLAND,PROD-HS-100,29391,251,27.082
2026-06-30T00:00:00Z,REG-ISLAND,PROD-HS-110,12454,78,27.081
2026-06-30T00:00:00Z,REG-ISLAND,PROD-AS-200,16454,124,27.081
2026-06-30T00:00:00Z,REG-ISLAND,PROD-LB-400,18420,140,27.081
2026-06-30T00:00:00Z,REG-ISLAND,PROD-DM-300,8845,70,27.083
2026-06-30T00:00:00Z,REG-ISLAND,PROD-VD-500,3953,26,27.083
2026-06-30T00:00:00Z,REG-NORTH,PROD-HS-100,39797,312,27.082
2026-06-30T00:00:00Z,REG-NORTH,PROD-HS-110,17182,120,27.083
2026-06-30T00:00:00Z,REG-NORTH,PROD-AS-200,22692,160,27.082
2026-06-30T00:00:00Z,REG-NORTH,PROD-LB-400,25384,171,27.082
2026-06-30T00:00:00Z,REG-NORTH,PROD-DM-300,12193,87,27.083
2026-06-30T00:00:00Z,REG-NORTH,PROD-VD-500,5448,32,27.08
2026-06-30T00:00:00Z,REG-CENTRAL,PROD-HS-100,35961,240,27.082
2026-06-30T00:00:00Z,REG-CENTRAL,PROD-HS-110,15814,107,27.081
2026-06-30T00:00:00Z,REG-CENTRAL,PROD-AS-200,20920,175,27.082
2026-06-30T00:00:00Z,REG-CENTRAL,PROD-LB-400,23370,161,27.082
2026-06-30T00:00:00Z,REG-CENTRAL,PROD-DM-300,11246,88,27.083
2026-06-30T00:00:00Z,REG-CENTRAL,PROD-VD-500,5024,41,27.082
2026-07-01T00:00:00Z,REG-COASTAL,PROD-HS-100,61058,378,27.309
2026-07-01T00:00:00Z,REG-COASTAL,PROD-HS-110,24558,199,27.308
2026-07-01T00:00:00Z,REG-COASTAL,PROD-AS-200,32357,215,27.308
2026-07-01T00:00:00Z,REG-COASTAL,PROD-LB-400,36223,230,27.309
2026-07-01T00:00:00Z,REG-COASTAL,PROD-DM-300,17428,142,27.308
2026-07-01T00:00:00Z,REG-COASTAL,PROD-VD-500,7779,51,27.307
2026-07-01T00:00:00Z,REG-SOUTH,PROD-HS-100,49709,390,27.308
2026-07-01T00:00:00Z,REG-SOUTH,PROD-HS-110,20306,152,27.309
2026-07-01T00:00:00Z,REG-SOUTH,PROD-AS-200,26792,193,27.309
2026-07-01T00:00:00Z,REG-SOUTH,PROD-LB-400,30037,243,27.309
2026-07-01T00:00:00Z,REG-SOUTH,PROD-DM-300,14427,117,27.309
2026-07-01T00:00:00Z,REG-SOUTH,PROD-VD-500,6438,48,27.308
2026-07-01T00:00:00Z,REG-DELTA,PROD-HS-100,43032,349,27.308
2026-07-01T00:00:00Z,REG-DELTA,PROD-HS-110,17863,112,27.309
2026-07-01T00:00:00Z,REG-DELTA,PROD-AS-200,23601,143,27.308
2026-07-01T00:00:00Z,REG-DELTA,PROD-LB-400,26405,162,27.308
2026-07-01T00:00:00Z,REG-DELTA,PROD-DM-300,12721,104,27.31
2026-07-01T00:00:00Z,REG-DELTA,PROD-VD-500,5688,35,27.309
2026-07-01T00:00:00Z,REG-ISLAND,PROD-HS-100,29610,226,27.309
2026-07-01T00:00:00Z,REG-ISLAND,PROD-HS-110,12559,106,27.309
2026-07-01T00:00:00Z,REG-ISLAND,PROD-AS-200,16544,104,27.309
2026-07-01T00:00:00Z,REG-ISLAND,PROD-LB-400,18531,125,27.309
2026-07-01T00:00:00Z,REG-ISLAND,PROD-DM-300,8905,57,27.309
2026-07-01T00:00:00Z,REG-ISLAND,PROD-VD-500,3986,26,27.31
2026-07-01T00:00:00Z,REG-NORTH,PROD-HS-100,40161,345,27.309
2026-07-01T00:00:00Z,REG-NORTH,PROD-HS-110,17297,120,27.308
2026-07-01T00:00:00Z,REG-NORTH,PROD-AS-200,22852,186,27.308
2026-07-01T00:00:00Z,REG-NORTH,PROD-LB-400,25572,175,27.309
2026-07-01T00:00:00Z,REG-NORTH,PROD-DM-300,12308,101,27.309
2026-07-01T00:00:00Z,REG-NORTH,PROD-VD-500,5496,34,27.31
2026-07-01T00:00:00Z,REG-CENTRAL,PROD-HS-100,36267,247,27.309
2026-07-01T00:00:00Z,REG-CENTRAL,PROD-HS-110,15913,101,27.309
2026-07-01T00:00:00Z,REG-CENTRAL,PROD-AS-200,21000,136,27.309
2026-07-01T00:00:00Z,REG-CENTRAL,PROD-LB-400,23561,185,27.308
2026-07-01T00:00:00Z,REG-CENTRAL,PROD-DM-300,11298,74,27.309
2026-07-01T00:00:00Z,REG-CENTRAL,PROD-VD-500,5055,30,27.31
2026-07-02T00:00:00Z,REG-COASTAL,PROD-HS-100,61515,368,27.507
2026-07-02T00:00:00Z,REG-COASTAL,PROD-HS-110,24653,172,27.507
2026-07-02T00:00:00Z,REG-COASTAL,PROD-AS-200,32593,273,27.506
2026-07-02T00:00:00Z,REG-COASTAL,PROD-LB-400,36503,304,27.507
2026-07-02T00:00:00Z,REG-COASTAL,PROD-DM-300,17502,118,27.506
2026-07-02T00:00:00Z,REG-COASTAL,PROD-VD-500,7847,63,27.505
2026-07-02T00:00:00Z,REG-SOUTH,PROD-HS-100,50082,405,27.507
2026-07-02T00:00:00Z,REG-SOUTH,PROD-HS-110,20442,170,27.506
2026-07-02T00:00:00Z,REG-SOUTH,PROD-AS-200,26974,210,27.507
2026-07-02T00:00:00Z,REG-SOUTH,PROD-LB-400,30155,200,27.507
2026-07-02T00:00:00Z,REG-SOUTH,PROD-DM-300,14476,90,27.507
2026-07-02T00:00:00Z,REG-SOUTH,PROD-VD-500,6476,39,27.509
2026-07-02T00:00:00Z,REG-DELTA,PROD-HS-100,43348,355,27.507
2026-07-02T00:00:00Z,REG-DELTA,PROD-HS-110,17967,115,27.507
2026-07-02T00:00:00Z,REG-DELTA,PROD-AS-200,23719,146,27.506
2026-07-02T00:00:00Z,REG-DELTA,PROD-LB-400,26561,155,27.506
2026-07-02T00:00:00Z,REG-DELTA,PROD-DM-300,12778,97,27.508
2026-07-02T00:00:00Z,REG-DELTA,PROD-VD-500,5715,49,27.505
2026-07-02T00:00:00Z,REG-ISLAND,PROD-HS-100,29859,234,27.507
2026-07-02T00:00:00Z,REG-ISLAND,PROD-HS-110,12609,93,27.508
2026-07-02T00:00:00Z,REG-ISLAND,PROD-AS-200,16663,131,27.507
2026-07-02T00:00:00Z,REG-ISLAND,PROD-LB-400,18654,142,27.507
2026-07-02T00:00:00Z,REG-ISLAND,PROD-DM-300,8950,65,27.508
2026-07-02T00:00:00Z,REG-ISLAND,PROD-VD-500,4019,31,27.503
2026-07-02T00:00:00Z,REG-NORTH,PROD-HS-100,40404,272,27.507
2026-07-02T00:00:00Z,REG-NORTH,PROD-HS-110,17390,116,27.506
2026-07-02T00:00:00Z,REG-NORTH,PROD-AS-200,22959,156,27.507
2026-07-02T00:00:00Z,REG-NORTH,PROD-LB-400,25700,174,27.506
2026-07-02T00:00:00Z,REG-NORTH,PROD-DM-300,12362,94,27.507
2026-07-02T00:00:00Z,REG-NORTH,PROD-VD-500,5513,39,27.508
2026-07-02T00:00:00Z,REG-CENTRAL,PROD-HS-100,36623,314,27.507
2026-07-02T00:00:00Z,REG-CENTRAL,PROD-HS-110,16019,120,27.507
2026-07-02T00:00:00Z,REG-CENTRAL,PROD-AS-200,21121,133,27.507
2026-07-02T00:00:00Z,REG-CENTRAL,PROD-LB-400,23694,203,27.507
2026-07-02T00:00:00Z,REG-CENTRAL,PROD-DM-300,11347,69,27.507
2026-07-02T00:00:00Z,REG-CENTRAL,PROD-VD-500,5096,35,27.505
2026-07-03T00:00:00Z,REG-COASTAL,PROD-HS-100,61953,434,27.674
2026-07-03T00:00:00Z,REG-COASTAL,PROD-HS-110,24754,152,27.674
2026-07-03T00:00:00Z,REG-COASTAL,PROD-AS-200,32728,266,27.674
2026-07-03T00:00:00Z,REG-COASTAL,PROD-LB-400,36553,217,27.674
2026-07-03T00:00:00Z,REG-COASTAL,PROD-DM-300,17568,106,27.674
2026-07-03T00:00:00Z,REG-COASTAL,PROD-VD-500,7852,48,27.674
2026-07-03T00:00:00Z,REG-SOUTH,PROD-HS-100,50332,353,27.674
2026-07-03T00:00:00Z,REG-SOUTH,PROD-HS-110,20524,156,27.674
2026-07-03T00:00:00Z,REG-SOUTH,PROD-AS-200,27040,169,27.674
2026-07-03T00:00:00Z,REG-SOUTH,PROD-LB-400,30282,200,27.674
2026-07-03T00:00:00Z,REG-SOUTH,PROD-DM-300,14561,115,27.674
2026-07-03T00:00:00Z,REG-SOUTH,PROD-VD-500,6517,41,27.675
2026-07-03T00:00:00Z,REG-DELTA,PROD-HS-100,43599,344,27.674
2026-07-03T00:00:00Z,REG-DELTA,PROD-HS-110,18073,140,27.674
2026-07-03T00:00:00Z,REG-DELTA,PROD-AS-200,23858,169,27.674
2026-07-03T00:00:00Z,REG-DELTA,PROD-LB-400,26729,217,27.674
2026-07-03T00:00:00Z,REG-DELTA,PROD-DM-300,12836,106,27.674
2026-07-03T00:00:00Z,REG-DELTA,PROD-VD-500,5740,39,27.675
2026-07-03T00:00:00Z,REG-ISLAND,PROD-HS-100,30005,200,27.674
2026-07-03T00:00:00Z,REG-ISLAND,PROD-HS-110,12675,83,27.675
2026-07-03T00:00:00Z,REG-ISLAND,PROD-AS-200,16711,107,27.673
2026-07-03T00:00:00Z,REG-ISLAND,PROD-LB-400,18742,145,27.674
2026-07-03T00:00:00Z,REG-ISLAND,PROD-DM-300,9006,67,27.675
2026-07-03T00:00:00Z,REG-ISLAND,PROD-VD-500,4018,33,27.674
2026-07-03T00:00:00Z,REG-NORTH,PROD-HS-100,40706,330,27.674
2026-07-03T00:00:00Z,REG-NORTH,PROD-HS-110,17456,104,27.675
2026-07-03T00:00:00Z,REG-NORTH,PROD-AS-200,23057,143,27.674
2026-07-03T00:00:00Z,REG-NORTH,PROD-LB-400,25797,171,27.674
2026-07-03T00:00:00Z,REG-NORTH,PROD-DM-300,12409,94,27.674
2026-07-03T00:00:00Z,REG-NORTH,PROD-VD-500,5551,44,27.673
2026-07-03T00:00:00Z,REG-CENTRAL,PROD-HS-100,36818,288,27.674
2026-07-03T00:00:00Z,REG-CENTRAL,PROD-HS-110,16076,108,27.674
2026-07-03T00:00:00Z,REG-CENTRAL,PROD-AS-200,21270,182,27.675
2026-07-03T00:00:00Z,REG-CENTRAL,PROD-LB-400,23794,188,27.674
2026-07-03T00:00:00Z,REG-CENTRAL,PROD-DM-300,11419,73,27.673
2026-07-03T00:00:00Z,REG-CENTRAL,PROD-VD-500,5101,37,27.672
2026-07-04T00:00:00Z,REG-COASTAL,PROD-HS-100,62363,517,27.808
2026-07-04T00:00:00Z,REG-COASTAL,PROD-HS-110,24865,199,27.808
2026-07-04T00:00:00Z,REG-COASTAL,PROD-AS-200,32807,243,27.809
2026-07-04T00:00:00Z,REG-COASTAL,PROD-LB-400,36741,284,27.809
2026-07-04T00:00:00Z,REG-COASTAL,PROD-DM-300,17638,119,27.808
2026-07-04T00:00:00Z,REG-COASTAL,PROD-VD-500,7897,55,27.809
2026-07-04T00:00:00Z,REG-SOUTH,PROD-HS-100,50637,387,27.809
2026-07-04T00:00:00Z,REG-SOUTH,PROD-HS-110,20529,118,27.808
2026-07-04T00:00:00Z,REG-SOUTH,PROD-AS-200,27175,229,27.808
2026-07-04T00:00:00Z,REG-SOUTH,PROD-LB-400,30351,179,27.808
2026-07-04T00:00:00Z,REG-SOUTH,PROD-DM-300,14586,98,27.808
2026-07-04T00:00:00Z,REG-SOUTH,PROD-VD-500,6532,53,27.807
2026-07-04T00:00:00Z,REG-DELTA,PROD-HS-100,43779,287,27.808
2026-07-04T00:00:00Z,REG-DELTA,PROD-HS-110,18138,146,27.808
2026-07-04T00:00:00Z,REG-DELTA,PROD-AS-200,23901,153,27.808
2026-07-04T00:00:00Z,REG-DELTA,PROD-LB-400,26773,188,27.809
2026-07-04T00:00:00Z,REG-DELTA,PROD-DM-300,12869,105,27.808
2026-07-04T00:00:00Z,REG-DELTA,PROD-VD-500,5746,45,27.81
2026-07-04T00:00:00Z,REG-ISLAND,PROD-HS-100,30190,240,27.809
2026-07-04T00:00:00Z,REG-ISLAND,PROD-HS-110,12724,99,27.808
2026-07-04T00:00:00Z,REG-ISLAND,PROD-AS-200,16760,103,27.808
2026-07-04T00:00:00Z,REG-ISLAND,PROD-LB-400,18779,120,27.808
2026-07-04T00:00:00Z,REG-ISLAND,PROD-DM-300,9022,68,27.807
2026-07-04T00:00:00Z,REG-ISLAND,PROD-VD-500,4033,29,27.806
2026-07-04T00:00:00Z,REG-NORTH,PROD-HS-100,40889,317,27.808
2026-07-04T00:00:00Z,REG-NORTH,PROD-HS-110,17512,104,27.808
2026-07-04T00:00:00Z,REG-NORTH,PROD-AS-200,23118,148,27.809
2026-07-04T00:00:00Z,REG-NORTH,PROD-LB-400,25933,210,27.809
2026-07-04T00:00:00Z,REG-NORTH,PROD-DM-300,12432,85,27.809
2026-07-04T00:00:00Z,REG-NORTH,PROD-VD-500,5574,40,27.809
2026-07-04T00:00:00Z,REG-CENTRAL,PROD-HS-100,37017,310,27.808
2026-07-04T00:00:00Z,REG-CENTRAL,PROD-HS-110,16155,137,27.809
2026-07-04T00:00:00Z,REG-CENTRAL,PROD-AS-200,21285,123,27.808
2026-07-04T00:00:00Z,REG-CENTRAL,PROD-LB-400,23858,193,27.808
2026-07-04T00:00:00Z,REG-CENTRAL,PROD-DM-300,11450,76,27.809
2026-07-04T00:00:00Z,REG-CENTRAL,PROD-VD-500,5131,42,27.809
2026-07-05T00:00:00Z,REG-COASTAL,PROD-HS-100,46892,341,27.908
2026-07-05T00:00:00Z,REG-COASTAL,PROD-HS-110,18641,110,27.908
2026-07-05T00:00:00Z,REG-COASTAL,PROD-AS-200,24652,177,27.908
2026-07-05T00:00:00Z,REG-COASTAL,PROD-LB-400,27574,196,27.908
2026-07-05T00:00:00Z,REG-COASTAL,PROD-DM-300,13239,94,27.909
2026-07-05T00:00:00Z,REG-COASTAL,PROD-VD-500,5929,40,27.91
2026-07-05T00:00:00Z,REG-SOUTH,PROD-HS-100,38123,308,27.908
2026-07-05T00:00:00Z,REG-SOUTH,PROD-HS-110,15444,95,27.907
2026-07-05T00:00:00Z,REG-SOUTH,PROD-AS-200,20414,153,27.908
2026-07-05T00:00:00Z,REG-SOUTH,PROD-LB-400,22795,134,27.908
2026-07-05T00:00:00Z,REG-SOUTH,PROD-DM-300,10972,88,27.908
2026-07-05T00:00:00Z,REG-SOUTH,PROD-VD-500,4886,30,27.908
2026-07-05T00:00:00Z,REG-DELTA,PROD-HS-100,33005,269,27.908
2026-07-05T00:00:00Z,REG-DELTA,PROD-HS-110,13585,78,27.907
2026-07-05T00:00:00Z,REG-DELTA,PROD-AS-200,17983,122,27.908
2026-07-05T00:00:00Z,REG-DELTA,PROD-LB-400,20140,158,27.908
2026-07-05T00:00:00Z,REG-DELTA,PROD-DM-300,9675,75,27.907
2026-07-05T00:00:00Z,REG-DELTA,PROD-VD-500,4324,26,27.909
2026-07-05T00:00:00Z,REG-ISLAND,PROD-HS-100,22735,185,27.908
2026-07-05T00:00:00Z,REG-ISLAND,PROD-HS-110,9544,55,27.909
2026-07-05T00:00:00Z,REG-ISLAND,PROD-AS-200,12620,89,27.909
2026-07-05T00:00:00Z,REG-ISLAND,PROD-LB-400,14105,95,27.908
2026-07-05T00:00:00Z,REG-ISLAND,PROD-DM-300,6765,39,27.909
2026-07-05T00:00:00Z,REG-ISLAND,PROD-VD-500,3037,23,27.907
2026-07-05T00:00:00Z,REG-NORTH,PROD-HS-100,30802,243,27.908
2026-07-05T00:00:00Z,REG-NORTH,PROD-HS-110,13173,112,27.908
2026-07-05T00:00:00Z,REG-NORTH,PROD-AS-200,17385,138,27.908
2026-07-05T00:00:00Z,REG-NORTH,PROD-LB-400,19426,114,27.908
2026-07-05T00:00:00Z,REG-NORTH,PROD-DM-300,9356,63,27.907
2026-07-05T00:00:00Z,REG-NORTH,PROD-VD-500,4189,31,27.906
2026-07-05T00:00:00Z,REG-CENTRAL,PROD-HS-100,27806,177,27.908
2026-07-05T00:00:00Z,REG-CENTRAL,PROD-HS-110,12127,99,27.907
2026-07-05T00:00:00Z,REG-CENTRAL,PROD-AS-200,16001,121,27.909
2026-07-05T00:00:00Z,REG-CENTRAL,PROD-LB-400,17924,147,27.907
2026-07-05T00:00:00Z,REG-CENTRAL,PROD-DM-300,8598,58,27.908
2026-07-05T00:00:00Z,REG-CENTRAL,PROD-VD-500,3848,25,27.905
2026-07-06T00:00:00Z,REG-COASTAL,PROD-HS-100,62688,479,27.972
2026-07-06T00:00:00Z,REG-COASTAL,PROD-HS-110,24902,175,27.972
2026-07-06T00:00:00Z,REG-COASTAL,PROD-AS-200,32909,266,27.972
2026-07-06T00:00:00Z,REG-COASTAL,PROD-LB-400,36748,217,27.972
2026-07-06T00:00:00Z,REG-COASTAL,PROD-DM-300,17687,149,27.971
2026-07-06T00:00:00Z,REG-COASTAL,PROD-VD-500,7918,58,27.972
2026-07-06T00:00:00Z,REG-SOUTH,PROD-HS-100,50970,425,27.972
2026-07-06T00:00:00Z,REG-SOUTH,PROD-HS-110,20606,159,27.971
2026-07-06T00:00:00Z,REG-SOUTH,PROD-AS-200,27239,218,27.972
2026-07-06T00:00:00Z,REG-SOUTH,PROD-LB-400,30485,247,27.972
2026-07-06T00:00:00Z,REG-SOUTH,PROD-DM-300,14612,95,27.971
2026-07-06T00:00:00Z,REG-SOUTH,PROD-VD-500,6535,46,27.97
2026-07-06T00:00:00Z,REG-DELTA,PROD-HS-100,44037,289,27.972
2026-07-06T00:00:00Z,REG-DELTA,PROD-HS-110,18177,135,27.972
2026-07-06T00:00:00Z,REG-DELTA,PROD-AS-200,23951,147,27.972
2026-07-06T00:00:00Z,REG-DELTA,PROD-LB-400,26876,219,27.972
2026-07-06T00:00:00Z,REG-DELTA,PROD-DM-300,12912,101,27.972
2026-07-06T00:00:00Z,REG-DELTA,PROD-VD-500,5767,33,27.971
2026-07-06T00:00:00Z,REG-ISLAND,PROD-HS-100,30355,229,27.972
2026-07-06T00:00:00Z,REG-ISLAND,PROD-HS-110,12740,97,27.971
2026-07-06T00:00:00Z,REG-ISLAND,PROD-AS-200,16837,138,27.972
2026-07-06T00:00:00Z,REG-ISLAND,PROD-LB-400,18792,107,27.972
2026-07-06T00:00:00Z,REG-ISLAND,PROD-DM-300,9053,74,27.972
2026-07-06T00:00:00Z,REG-ISLAND,PROD-VD-500,4053,25,27.972
2026-07-06T00:00:00Z,REG-NORTH,PROD-HS-100,41148,309,27.972
2026-07-06T00:00:00Z,REG-NORTH,PROD-HS-110,17537,111,27.971
2026-07-06T00:00:00Z,REG-NORTH,PROD-AS-200,23182,161,27.972
2026-07-06T00:00:00Z,REG-NORTH,PROD-LB-400,25957,195,27.972
2026-07-06T00:00:00Z,REG-NORTH,PROD-DM-300,12483,91,27.973
2026-07-06T00:00:00Z,REG-NORTH,PROD-VD-500,5577,39,27.97
2026-07-06T00:00:00Z,REG-CENTRAL,PROD-HS-100,37196,245,27.972
2026-07-06T00:00:00Z,REG-CENTRAL,PROD-HS-110,16155,99,27.972
2026-07-06T00:00:00Z,REG-CENTRAL,PROD-AS-200,21383,180,27.972
2026-07-06T00:00:00Z,REG-CENTRAL,PROD-LB-400,23861,141,27.972
2026-07-06T00:00:00Z,REG-CENTRAL,PROD-DM-300,11475,90,27.973
2026-07-06T00:00:00Z,REG-CENTRAL,PROD-VD-500,5127,36,27.973
2026-07-07T00:00:00Z,REG-COASTAL,PROD-HS-100,62700,430,27.999
2026-07-07T00:00:00Z,REG-COASTAL,PROD-HS-110,24900,205,27.999
2026-07-07T00:00:00Z,REG-COASTAL,PROD-AS-200,32794,203,27.999
2026-07-07T00:00:00Z,REG-COASTAL,PROD-LB-400,36740,257,27.999
2026-07-07T00:00:00Z,REG-COASTAL,PROD-DM-300,17638,111,27.998
2026-07-07T00:00:00Z,REG-COASTAL,PROD-VD-500,7890,50,28
2026-07-07T00:00:00Z,REG-SOUTH,PROD-HS-100,50934,340,27.999
2026-07-07T00:00:00Z,REG-SOUTH,PROD-HS-110,20571,132,27.999
2026-07-07T00:00:00Z,REG-SOUTH,PROD-AS-200,27219,228,27.999
2026-07-07T00:00:00Z,REG-SOUTH,PROD-LB-400,30469,258,27.999
2026-07-07T00:00:00Z,REG-SOUTH,PROD-DM-300,14615,112,27.998
2026-07-07T00:00:00Z,REG-SOUTH,PROD-VD-500,6539,43,28
2026-07-07T00:00:00Z,REG-DELTA,PROD-HS-100,44109,319,27.999
2026-07-07T00:00:00Z,REG-DELTA,PROD-HS-110,18137,134,27.998
2026-07-07T00:00:00Z,REG-DELTA,PROD-AS-200,23950,179,27.999
2026-07-07T00:00:00Z,REG-DELTA,PROD-LB-400,26844,217,27.999
2026-07-07T00:00:00Z,REG-DELTA,PROD-DM-300,12889,93,28
2026-07-07T00:00:00Z,REG-DELTA,PROD-VD-500,5751,39,28
2026-07-07T00:00:00Z,REG-ISLAND,PROD-HS-100,30365,210,27.999
2026-07-07T00:00:00Z,REG-ISLAND,PROD-HS-110,12724,96,28
2026-07-07T00:00:00Z,REG-ISLAND,PROD-AS-200,16800,113,27.998
2026-07-07T00:00:00Z,REG-ISLAND,PROD-LB-400,18828,153,27.999
2026-07-07T00:00:00Z,REG-ISLAND,PROD-DM-300,9032,72,28
2026-07-07T00:00:00Z,REG-ISLAND,PROD-VD-500,4038,34,28
2026-07-07T00:00:00Z,REG-NORTH,PROD-HS-100,41116,265,27.999
2026-07-07T00:00:00Z,REG-NORTH,PROD-HS-110,17530,115,27.998
2026-07-07T00:00:00Z,REG-NORTH,PROD-AS-200,23153,166,27.999
2026-07-07T00:00:00Z,REG-NORTH,PROD-LB-400,25955,196,27.999
2026-07-07T00:00:00Z,REG-NORTH,PROD-DM-300,12447,71,28
2026-07-07T00:00:00Z,REG-NORTH,PROD-VD-500,5591,47,28
2026-07-07T00:00:00Z,REG-CENTRAL,PROD-HS-100,37183,224,27.999
2026-07-07T00:00:00Z,REG-CENTRAL,PROD-HS-110,16143,100,27.998
2026-07-07T00:00:00Z,REG-CENTRAL,PROD-AS-200,21325,158,27.999
2026-07-07T00:00:00Z,REG-CENTRAL,PROD-LB-400,23859,172,27.999
2026-07-07T00:00:00Z,REG-CENTRAL,PROD-DM-300,11478,82,28
2026-07-07T00:00:00Z,REG-CENTRAL,PROD-VD-500,5136,40,28
2026-07-08T00:00:00Z,REG-COASTAL,PROD-HS-100,62626,378,27.989
2026-07-08T00:00:00Z,REG-COASTAL,PROD-HS-110,24808,178,27.989
2026-07-08T00:00:00Z,REG-COASTAL,PROD-AS-200,32717,194,27.989
2026-07-08T00:00:00Z,REG-COASTAL,PROD-LB-400,36725,311,27.989
2026-07-08T00:00:00Z,REG-COASTAL,PROD-DM-300,17616,123,27.989
2026-07-08T00:00:00Z,REG-COASTAL,PROD-VD-500,7864,55,27.989
2026-07-08T00:00:00Z,REG-SOUTH,PROD-HS-100,50938,362,27.989
2026-07-08T00:00:00Z,REG-SOUTH,PROD-HS-110,20538,134,27.989
2026-07-08T00:00:00Z,REG-SOUTH,PROD-AS-200,27140,214,27.99
2026-07-08T00:00:00Z,REG-SOUTH,PROD-LB-400,30366,222,27.989
2026-07-08T00:00:00Z,REG-SOUTH,PROD-DM-300,14560,90,27.988
2026-07-08T00:00:00Z,REG-SOUTH,PROD-VD-500,6512,47,27.987
2026-07-08T00:00:00Z,REG-DELTA,PROD-HS-100,44060,285,27.989
2026-07-08T00:00:00Z,REG-DELTA,PROD-HS-110,18077,108,27.989
2026-07-08T00:00:00Z,REG-DELTA,PROD-AS-200,23891,156,27.989
2026-07-08T00:00:00Z,REG-DELTA,PROD-LB-400,26772,210,27.989
2026-07-08T00:00:00Z,REG-DELTA,PROD-DM-300,12870,107,27.989
2026-07-08T00:00:00Z,REG-DELTA,PROD-VD-500,5753,43,27.99
2026-07-08T00:00:00Z,REG-ISLAND,PROD-HS-100,30347,203,27.989
2026-07-08T00:00:00Z,REG-ISLAND,PROD-HS-110,12698,103,27.989
2026-07-08T00:00:00Z,REG-ISLAND,PROD-AS-200,16790,136,27.99
2026-07-08T00:00:00Z,REG-ISLAND,PROD-LB-400,18737,124,27.989
2026-07-08T00:00:00Z,REG-ISLAND,PROD-DM-300,9032,75,27.991
2026-07-08T00:00:00Z,REG-ISLAND,PROD-VD-500,4030,28,27.986
2026-07-08T00:00:00Z,REG-NORTH,PROD-HS-100,41085,249,27.989
2026-07-08T00:00:00Z,REG-NORTH,PROD-HS-110,17509,128,27.989
2026-07-08T00:00:00Z,REG-NORTH,PROD-AS-200,23099,148,27.989
2026-07-08T00:00:00Z,REG-NORTH,PROD-LB-400,25861,167,27.989
2026-07-08T00:00:00Z,REG-NORTH,PROD-DM-300,12414,71,27.989
2026-07-08T00:00:00Z,REG-NORTH,PROD-VD-500,5559,45,27.99
2026-07-08T00:00:00Z,REG-CENTRAL,PROD-HS-100,37179,233,27.989
2026-07-08T00:00:00Z,REG-CENTRAL,PROD-HS-110,16144,134,27.99
2026-07-08T00:00:00Z,REG-CENTRAL,PROD-AS-200,21279,147,27.989
2026-07-08T00:00:00Z,REG-CENTRAL,PROD-LB-400,23797,146,27.989
2026-07-08T00:00:00Z,REG-CENTRAL,PROD-DM-300,11430,66,27.99
2026-07-08T00:00:00Z,REG-CENTRAL,PROD-VD-500,5104,38,27.989
2026-07-09T00:00:00Z,REG-COASTAL,PROD-HS-100,62481,365,27.942
2026-07-09T00:00:00Z,REG-COASTAL,PROD-HS-110,24701,168,27.942
2026-07-09T00:00:00Z,REG-COASTAL,PROD-AS-200,32684,271,27.942
2026-07-09T00:00:00Z,REG-COASTAL,PROD-LB-400,36485,216,27.942
2026-07-09T00:00:00Z,REG-COASTAL,PROD-DM-300,17530,122,27.942
2026-07-09T00:00:00Z,REG-COASTAL,PROD-VD-500,7859,63,27.943
2026-07-09T00:00:00Z,REG-SOUTH,PROD-HS-100,50867,403,27.942
2026-07-09T00:00:00Z,REG-SOUTH,PROD-HS-110,20455,141,27.942
2026-07-09T00:00:00Z,REG-SOUTH,PROD-AS-200,27031,206,27.943
2026-07-09T00:00:00Z,REG-SOUTH,PROD-LB-400,30222,212,27.942
2026-07-09T00:00:00Z,REG-SOUTH,PROD-DM-300,14540,122,27.942
2026-07-09T00:00:00Z,REG-SOUTH,PROD-VD-500,6506,51,27.944
2026-07-09T00:00:00Z,REG-DELTA,PROD-HS-100,43926,252,27.942
2026-07-09T00:00:00Z,REG-DELTA,PROD-HS-110,18055,144,27.942
2026-07-09T00:00:00Z,REG-DELTA,PROD-AS-200,23803,164,27.942
2026-07-09T00:00:00Z,REG-DELTA,PROD-LB-400,26648,186,27.943
2026-07-09T00:00:00Z,REG-DELTA,PROD-DM-300,12801,87,27.943
2026-07-09T00:00:00Z,REG-DELTA,PROD-VD-500,5717,45,27.941
2026-07-09T00:00:00Z,REG-ISLAND,PROD-HS-100,30282,188,27.942
2026-07-09T00:00:00Z,REG-ISLAND,PROD-HS-110,12641,95,27.942
2026-07-09T00:00:00Z,REG-ISLAND,PROD-AS-200,16665,95,27.943
2026-07-09T00:00:00Z,REG-ISLAND,PROD-LB-400,18691,137,27.943
2026-07-09T00:00:00Z,REG-ISLAND,PROD-DM-300,8968,54,27.944
2026-07-09T00:00:00Z,REG-ISLAND,PROD-VD-500,4021,25,27.944
2026-07-09T00:00:00Z,REG-NORTH,PROD-HS-100,41093,325,27.942
2026-07-09T00:00:00Z,REG-NORTH,PROD-HS-110,17436,112,27.942
2026-07-09T00:00:00Z,REG-NORTH,PROD-AS-200,23046,189,27.943
2026-07-09T00:00:00Z,REG-NORTH,PROD-LB-400,25794,199,27.942
2026-07-09T00:00:00Z,REG-NORTH,PROD-DM-300,12369,74,27.943
2026-07-09T00:00:00Z,REG-NORTH,PROD-VD-500,5545,40,27.944
2026-07-09T00:00:00Z,REG-CENTRAL,PROD-HS-100,37178,294,27.942
2026-07-09T00:00:00Z,REG-CENTRAL,PROD-HS-110,16045,118,27.942
2026-07-09T00:00:00Z,REG-CENTRAL,PROD-AS-200,21190,149,27.943
2026-07-09T00:00:00Z,REG-CENTRAL,PROD-LB-400,23720,165,27.942
2026-07-09T00:00:00Z,REG-CENTRAL,PROD-DM-300,11386,69,27.943
2026-07-09T00:00:00Z,REG-CENTRAL,PROD-VD-500,5091,33,27.945
2026-07-10T00:00:00Z,REG-COASTAL,PROD-HS-100,62305,373,27.86
2026-07-10T00:00:00Z,REG-COASTAL,PROD-HS-110,24565,160,27.86
2026-07-10T00:00:00Z,REG-COASTAL,PROD-AS-200,32440,207,27.859
2026-07-10T00:00:00Z,REG-COASTAL,PROD-LB-400,36334,256,27.859
2026-07-10T00:00:00Z,REG-COASTAL,PROD-DM-300,17474,145,27.86
2026-07-10T00:00:00Z,REG-COASTAL,PROD-VD-500,7790,45,27.86
2026-07-10T00:00:00Z,REG-SOUTH,PROD-HS-100,50695,381,27.859
2026-07-10T00:00:00Z,REG-SOUTH,PROD-HS-110,20358,160,27.859
2026-07-10T00:00:00Z,REG-SOUTH,PROD-AS-200,26853,164,27.859
2026-07-10T00:00:00Z,REG-SOUTH,PROD-LB-400,30075,210,27.859
2026-07-10T00:00:00Z,REG-SOUTH,PROD-DM-300,14432,84,27.86
2026-07-10T00:00:00Z,REG-SOUTH,PROD-VD-500,6463,55,27.861
2026-07-10T00:00:00Z,REG-DELTA,PROD-HS-100,43802,258,27.859
2026-07-10T00:00:00Z,REG-DELTA,PROD-HS-110,17953,151,27.859
2026-07-10T00:00:00Z,REG-DELTA,PROD-AS-200,23698,185,27.859
2026-07-10T00:00:00Z,REG-DELTA,PROD-LB-400,26493,166,27.859
2026-07-10T00:00:00Z,REG-DELTA,PROD-DM-300,12733,85,27.859
2026-07-10T00:00:00Z,REG-DELTA,PROD-VD-500,5695,40,27.857
2026-07-10T00:00:00Z,REG-ISLAND,PROD-HS-100,30246,241,27.86
2026-07-10T00:00:00Z,REG-ISLAND,PROD-HS-110,12577,96,27.859
2026-07-10T00:00:00Z,REG-ISLAND,PROD-AS-200,16629,136,27.86
2026-07-10T00:00:00Z,REG-ISLAND,PROD-LB-400,18583,112,27.86
2026-07-10T00:00:00Z,REG-ISLAND,PROD-DM-300,8911,52,27.858
2026-07-10T00:00:00Z,REG-ISLAND,PROD-VD-500,3984,28,27.859
2026-07-10T00:00:00Z,REG-NORTH,PROD-HS-100,40976,329,27.859
2026-07-10T00:00:00Z,REG-NORTH,PROD-HS-110,17332,115,27.859
2026-07-10T00:00:00Z,REG-NORTH,PROD-AS-200,22876,143,27.859
2026-07-10T00:00:00Z,REG-NORTH,PROD-LB-400,25633,169,27.86
2026-07-10T00:00:00Z,REG-NORTH,PROD-DM-300,12317,87,27.859
2026-07-10T00:00:00Z,REG-NORTH,PROD-VD-500,5503,43,27.857
2026-07-10T00:00:00Z,REG-CENTRAL,PROD-HS-100,37070,295,27.86
2026-07-10T00:00:00Z,REG-CENTRAL,PROD-HS-110,15986,134,27.859
2026-07-10T00:00:00Z,REG-CENTRAL,PROD-AS-200,21087,165,27.859
2026-07-10T00:00:00Z,REG-CENTRAL,PROD-LB-400,23596,166,27.86
2026-07-10T00:00:00Z,REG-CENTRAL,PROD-DM-300,11351,96,27.859
2026-07-10T00:00:00Z,REG-CENTRAL,PROD-VD-500,5074,31,27.862
2026-07-11T00:00:00Z,REG-COASTAL,PROD-HS-100,62140,499,27.741
2026-07-11T00:00:00Z,REG-COASTAL,PROD-HS-110,24455,181,27.742
2026-07-11T00:00:00Z,REG-COASTAL,PROD-AS-200,32246,205,27.741
2026-07-11T00:00:00Z,REG-COASTAL,PROD-LB-400,36080,238,27.741
2026-07-11T00:00:00Z,REG-COASTAL,PROD-DM-300,17355,128,27.741
2026-07-11T00:00:00Z,REG-COASTAL,PROD-VD-500,7768,56,27.741
2026-07-11T00:00:00Z,REG-SOUTH,PROD-HS-100,50447,346,27.741
2026-07-11T00:00:00Z,REG-SOUTH,PROD-HS-110,20238,153,27.742
2026-07-11T00:00:00Z,REG-SOUTH,PROD-AS-200,26740,219,27.742
2026-07-11T00:00:00Z,REG-SOUTH,PROD-LB-400,29878,195,27.741
2026-07-11T00:00:00Z,REG-SOUTH,PROD-DM-300,14379,120,27.741
2026-07-11T00:00:00Z,REG-SOUTH,PROD-VD-500,6426,46,27.739
2026-07-11T00:00:00Z,REG-DELTA,PROD-HS-100,43691,331,27.742
2026-07-11T00:00:00Z,REG-DELTA,PROD-HS-110,17803,104,27.741
2026-07-11T00:00:00Z,REG-DELTA,PROD-AS-200,23507,149,27.741
2026-07-11T00:00:00Z,REG-DELTA,PROD-LB-400,26317,157,27.741
2026-07-11T00:00:00Z,REG-DELTA,PROD-DM-300,12645,78,27.742
2026-07-11T00:00:00Z,REG-DELTA,PROD-VD-500,5677,46,27.739
2026-07-11T00:00:00Z,REG-ISLAND,PROD-HS-100,30065,215,27.742
2026-07-11T00:00:00Z,REG-ISLAND,PROD-HS-110,12473,73,27.74
2026-07-11T00:00:00Z,REG-ISLAND,PROD-AS-200,16518,123,27.741
2026-07-11T00:00:00Z,REG-ISLAND,PROD-LB-400,18459,122,27.741
2026-07-11T00:00:00Z,REG-ISLAND,PROD-DM-300,8898,76,27.742
2026-07-11T00:00:00Z,REG-ISLAND,PROD-VD-500,3967,28,27.739
2026-07-11T00:00:00Z,REG-NORTH,PROD-HS-100,40720,273,27.741
2026-07-11T00:00:00Z,REG-NORTH,PROD-HS-110,17228,112,27.741
2026-07-11T00:00:00Z,REG-NORTH,PROD-AS-200,22742,133,27.741
2026-07-11T00:00:00Z,REG-NORTH,PROD-LB-400,25480,180,27.741
2026-07-11T00:00:00Z,REG-NORTH,PROD-DM-300,12234,83,27.742
2026-07-11T00:00:00Z,REG-NORTH,PROD-VD-500,5470,33,27.74
2026-07-11T00:00:00Z,REG-CENTRAL,PROD-HS-100,36886,268,27.741
2026-07-11T00:00:00Z,REG-CENTRAL,PROD-HS-110,15850,93,27.741
2026-07-11T00:00:00Z,REG-CENTRAL,PROD-AS-200,20975,169,27.741
2026-07-11T00:00:00Z,REG-CENTRAL,PROD-LB-400,23429,154,27.741
2026-07-11T00:00:00Z,REG-CENTRAL,PROD-DM-300,11259,79,27.742
2026-07-11T00:00:00Z,REG-CENTRAL,PROD-VD-500,5027,34,27.739
2026-07-12T00:00:00Z,REG-COASTAL,PROD-HS-100,46304,340,27.589
2026-07-12T00:00:00Z,REG-COASTAL,PROD-HS-110,18151,108,27.589
2026-07-12T00:00:00Z,REG-COASTAL,PROD-AS-200,24026,189,27.589
2026-07-12T00:00:00Z,REG-COASTAL,PROD-LB-400,26900,221,27.589
2026-07-12T00:00:00Z,REG-COASTAL,PROD-DM-300,12915,86,27.589
2026-07-12T00:00:00Z,REG-COASTAL,PROD-VD-500,5783,44,27.591
2026-07-12T00:00:00Z,REG-SOUTH,PROD-HS-100,37651,295,27.589
2026-07-12T00:00:00Z,REG-SOUTH,PROD-HS-110,15067,114,27.589
2026-07-12T00:00:00Z,REG-SOUTH,PROD-AS-200,19873,147,27.589
2026-07-12T00:00:00Z,REG-SOUTH,PROD-LB-400,22242,143,27.589
2026-07-12T00:00:00Z,REG-SOUTH,PROD-DM-300,10709,87,27.59
2026-07-12T00:00:00Z,REG-SOUTH,PROD-VD-500,4775,30,27.587
2026-07-12T00:00:00Z,REG-DELTA,PROD-HS-100,32549,214,27.59
2026-07-12T00:00:00Z,REG-DELTA,PROD-HS-110,13250,90,27.589
2026-07-12T00:00:00Z,REG-DELTA,PROD-AS-200,17505,124,27.589
2026-07-12T00:00:00Z,REG-DELTA,PROD-LB-400,19623,145,27.589
2026-07-12T00:00:00Z,REG-DELTA,PROD-DM-300,9409,56,27.59
2026-07-12T00:00:00Z,REG-DELTA,PROD-VD-500,4220,26,27.592
2026-07-12T00:00:00Z,REG-ISLAND,PROD-HS-100,22397,133,27.589
2026-07-12T00:00:00Z,REG-ISLAND,PROD-HS-110,9309,67,27.588
2026-07-12T00:00:00Z,REG-ISLAND,PROD-AS-200,12272,78,27.588
2026-07-12T00:00:00Z,REG-ISLAND,PROD-LB-400,13765,108,27.59
2026-07-12T00:00:00Z,REG-ISLAND,PROD-DM-300,6605,39,27.588
2026-07-12T00:00:00Z,REG-ISLAND,PROD-VD-500,2942,18,27.585
2026-07-12T00:00:00Z,REG-NORTH,PROD-HS-100,30413,230,27.59
2026-07-12T00:00:00Z,REG-NORTH,PROD-HS-110,12848,102,27.589
2026-07-12T00:00:00Z,REG-NORTH,PROD-AS-200,16940,111,27.589
2026-07-12T00:00:00Z,REG-NORTH,PROD-LB-400,18977,161,27.589
2026-07-12T00:00:00Z,REG-NORTH,PROD-DM-300,9121,72,27.588
2026-07-12T00:00:00Z,REG-NORTH,PROD-VD-500,4083,27,27.592
2026-07-12T00:00:00Z,REG-CENTRAL,PROD-HS-100,27463,177,27.589
2026-07-12T00:00:00Z,REG-CENTRAL,PROD-HS-110,11804,79,27.588
2026-07-12T00:00:00Z,REG-CENTRAL,PROD-AS-200,15607,129,27.59
2026-07-12T00:00:00Z,REG-CENTRAL,PROD-LB-400,17439,113,27.589
2026-07-12T00:00:00Z,REG-CENTRAL,PROD-DM-300,8387,55,27.589
2026-07-12T00:00:00Z,REG-CENTRAL,PROD-VD-500,3748,23,27.593
2026-07-13T00:00:00Z,REG-COASTAL,PROD-HS-100,61320,453,27.405
2026-07-13T00:00:00Z,REG-COASTAL,PROD-HS-110,24055,185,27.405
2026-07-13T00:00:00Z,REG-COASTAL,PROD-AS-200,31703,214,27.406
2026-07-13T00:00:00Z,REG-COASTAL,PROD-LB-400,35571,301,27.405
2026-07-13T00:00:00Z,REG-COASTAL,PROD-DM-300,17055,119,27.405
2026-07-13T00:00:00Z,REG-COASTAL,PROD-VD-500,7619,55,27.406
2026-07-13T00:00:00Z,REG-SOUTH,PROD-HS-100,49746,307,27.405
2026-07-13T00:00:00Z,REG-SOUTH,PROD-HS-110,19886,127,27.405
2026-07-13T00:00:00Z,REG-SOUTH,PROD-AS-200,26289,227,27.405
2026-07-13T00:00:00Z,REG-SOUTH,PROD-LB-400,29370,183,27.406
2026-07-13T00:00:00Z,REG-SOUTH,PROD-DM-300,14150,119,27.404
2026-07-13T00:00:00Z,REG-SOUTH,PROD-VD-500,6320,44,27.406
2026-07-13T00:00:00Z,REG-DELTA,PROD-HS-100,43116,309,27.405
2026-07-13T00:00:00Z,REG-DELTA,PROD-HS-110,17543,141,27.405
2026-07-13T00:00:00Z,REG-DELTA,PROD-AS-200,23116,150,27.406
2026-07-13T00:00:00Z,REG-DELTA,PROD-LB-400,25898,165,27.405
2026-07-13T00:00:00Z,REG-DELTA,PROD-DM-300,12456,96,27.406
2026-07-13T00:00:00Z,REG-DELTA,PROD-VD-500,5570,34,27.406
2026-07-13T00:00:00Z,REG-ISLAND,PROD-HS-100,29740,252,27.405
2026-07-13T00:00:00Z,REG-ISLAND,PROD-HS-110,12289,94,27.404
2026-07-13T00:00:00Z,REG-ISLAND,PROD-AS-200,16224,110,27.405
2026-07-13T00:00:00Z,REG-ISLAND,PROD-LB-400,18188,155,27.406
2026-07-13T00:00:00Z,REG-ISLAND,PROD-DM-300,8713,53,27.405
2026-07-13T00:00:00Z,REG-ISLAND,PROD-VD-500,3891,27,27.404
2026-07-13T00:00:00Z,REG-NORTH,PROD-HS-100,40222,293,27.405
2026-07-13T00:00:00Z,REG-NORTH,PROD-HS-110,16958,131,27.406
2026-07-13T00:00:00Z,REG-NORTH,PROD-AS-200,22414,188,27.406
2026-07-13T00:00:00Z,REG-NORTH,PROD-LB-400,25040,156,27.405
2026-07-13T00:00:00Z,REG-NORTH,PROD-DM-300,12047,98,27.406
2026-07-13T00:00:00Z,REG-NORTH,PROD-VD-500,5383,39,27.405
2026-07-13T00:00:00Z,REG-CENTRAL,PROD-HS-100,36400,253,27.405
2026-07-13T00:00:00Z,REG-CENTRAL,PROD-HS-110,15599,115,27.405
2026-07-13T00:00:00Z,REG-CENTRAL,PROD-AS-200,20575,131,27.405
2026-07-13T00:00:00Z,REG-CENTRAL,PROD-LB-400,23076,165,27.406
2026-07-13T00:00:00Z,REG-CENTRAL,PROD-DM-300,11080,91,27.404
2026-07-13T00:00:00Z,REG-CENTRAL,PROD-VD-500,4936,30,27.408
2026-07-14T00:00:00Z,REG-COASTAL,PROD-HS-100,60827,462,27.191
2026-07-14T00:00:00Z,REG-COASTAL,PROD-HS-110,23816,187,27.191
2026-07-14T00:00:00Z,REG-COASTAL,PROD-AS-200,31418,229,27.192
2026-07-14T00:00:00Z,REG-COASTAL,PROD-LB-400,35128,214,27.192
2026-07-14T00:00:00Z,REG-COASTAL,PROD-DM-300,16896,119,27.191
2026-07-14T00:00:00Z,REG-COASTAL,PROD-VD-500,7568,63,27.192
2026-07-14T00:00:00Z,REG-SOUTH,PROD-HS-100,49343,289,27.192
2026-07-14T00:00:00Z,REG-SOUTH,PROD-HS-110,19719,168,27.192
2026-07-14T00:00:00Z,REG-SOUTH,PROD-AS-200,25987,182,27.192
2026-07-14T00:00:00Z,REG-SOUTH,PROD-LB-400,29081,204,27.191
2026-07-14T00:00:00Z,REG-SOUTH,PROD-DM-300,13971,103,27.192
2026-07-14T00:00:00Z,REG-SOUTH,PROD-VD-500,6248,48,27.193
2026-07-14T00:00:00Z,REG-DELTA,PROD-HS-100,42734,288,27.192
2026-07-14T00:00:00Z,REG-DELTA,PROD-HS-110,17379,140,27.191
2026-07-14T00:00:00Z,REG-DELTA,PROD-AS-200,22911,179,27.191
2026-07-14T00:00:00Z,REG-DELTA,PROD-LB-400,25668,217,27.191
2026-07-14T00:00:00Z,REG-DELTA,PROD-DM-300,12336,100,27.191
2026-07-14T00:00:00Z,REG-DELTA,PROD-VD-500,5507,42,27.189
2026-07-14T00:00:00Z,REG-ISLAND,PROD-HS-100,29410,179,27.192
2026-07-14T00:00:00Z,REG-ISLAND,PROD-HS-110,12145,72,27.191
2026-07-14T00:00:00Z,REG-ISLAND,PROD-AS-200,16092,131,27.191
2026-07-14T00:00:00Z,REG-ISLAND,PROD-LB-400,18011,146,27.192
2026-07-14T00:00:00Z,REG-ISLAND,PROD-DM-300,8625,60,27.19
2026-07-14T00:00:00Z,REG-ISLAND,PROD-VD-500,3866,32,27.191
2026-07-14T00:00:00Z,REG-NORTH,PROD-HS-100,39933,315,27.191
2026-07-14T00:00:00Z,REG-NORTH,PROD-HS-110,16788,120,27.191
2026-07-14T00:00:00Z,REG-NORTH,PROD-AS-200,22167,169,27.192
2026-07-14T00:00:00Z,REG-NORTH,PROD-LB-400,24836,200,27.192
2026-07-14T00:00:00Z,REG-NORTH,PROD-DM-300,11930,102,27.191
2026-07-14T00:00:00Z,REG-NORTH,PROD-VD-500,5336,34,27.19
2026-07-14T00:00:00Z,REG-CENTRAL,PROD-HS-100,36088,250,27.191
2026-07-14T00:00:00Z,REG-CENTRAL,PROD-HS-110,15453,117,27.191
2026-07-14T00:00:00Z,REG-CENTRAL,PROD-AS-200,20392,134,27.192
2026-07-14T00:00:00Z,REG-CENTRAL,PROD-LB-400,22861,183,27.192
2026-07-14T00:00:00Z,REG-CENTRAL,PROD-DM-300,10950,73,27.193
2026-07-14T00:00:00Z,REG-CENTRAL,PROD-VD-500,4906,39,27.19
2026-07-15T00:00:00Z,REG-COASTAL,PROD-HS-100,60318,514,26.951
2026-07-15T00:00:00Z,REG-COASTAL,PROD-HS-110,23485,146,26.95
2026-07-15T00:00:00Z,REG-COASTAL,PROD-AS-200,31101,269,26.951
2026-07-15T00:00:00Z,REG-COASTAL,PROD-LB-400,34802,278,26.951
2026-07-15T00:00:00Z,REG-COASTAL,PROD-DM-300,16682,107,26.951
2026-07-15T00:00:00Z,REG-COASTAL,PROD-VD-500,7475,64,26.949
2026-07-15T00:00:00Z,REG-SOUTH,PROD-HS-100,48915,323,26.951
2026-07-15T00:00:00Z,REG-SOUTH,PROD-HS-110,19494,170,26.951
2026-07-15T00:00:00Z,REG-SOUTH,PROD-AS-200,25746,224,26.95
2026-07-15T00:00:00Z,REG-SOUTH,PROD-LB-400,28780,212,26.951
2026-07-15T00:00:00Z,REG-SOUTH,PROD-DM-300,13837,119,26.951
2026-07-15T00:00:00Z,REG-SOUTH,PROD-VD-500,6186,41,26.952
2026-07-15T00:00:00Z,REG-DELTA,PROD-HS-100,42341,298,26.951
2026-07-15T00:00:00Z,REG-DELTA,PROD-HS-110,17154,121,26.951
2026-07-15T00:00:00Z,REG-DELTA,PROD-AS-200,22648,171,26.951
2026-07-15T00:00:00Z,REG-DELTA,PROD-LB-400,25373,201,26.951
2026-07-15T00:00:00Z,REG-DELTA,PROD-DM-300,12207,106,26.951
2026-07-15T00:00:00Z,REG-DELTA,PROD-VD-500,5454,37,26.95
2026-07-15T00:00:00Z,REG-ISLAND,PROD-HS-100,29203,231,26.951
2026-07-15T00:00:00Z,REG-ISLAND,PROD-HS-110,12040,101,26.95
2026-07-15T00:00:00Z,REG-ISLAND,PROD-AS-200,15876,110,26.95
2026-07-15T00:00:00Z,REG-ISLAND,PROD-LB-400,17797,144,26.951
2026-07-15T00:00:00Z,REG-ISLAND,PROD-DM-300,8549,59,26.952
2026-07-15T00:00:00Z,REG-ISLAND,PROD-VD-500,3823,23,26.95
2026-07-15T00:00:00Z,REG-NORTH,PROD-HS-100,39489,249,26.951
2026-07-15T00:00:00Z,REG-NORTH,PROD-HS-110,16612,145,26.951
2026-07-15T00:00:00Z,REG-NORTH,PROD-AS-200,21898,149,26.95
2026-07-15T00:00:00Z,REG-NORTH,PROD-LB-400,24540,203,26.951
2026-07-15T00:00:00Z,REG-NORTH,PROD-DM-300,11798,101,26.952
2026-07-15T00:00:00Z,REG-NORTH,PROD-VD-500,5271,43,26.948
2026-07-15T00:00:00Z,REG-CENTRAL,PROD-HS-100,35793,299,26.951
2026-07-15T00:00:00Z,REG-CENTRAL,PROD-HS-110,15271,98,26.95
2026-07-15T00:00:00Z,REG-CENTRAL,PROD-AS-200,20189,165,26.95
2026-07-15T00:00:00Z,REG-CENTRAL,PROD-LB-400,22606,183,26.951
2026-07-15T00:00:00Z,REG-CENTRAL,PROD-DM-300,10818,65,26.95
2026-07-15T00:00:00Z,REG-CENTRAL,PROD-VD-500,4863,39,26.95
2026-07-16T00:00:00Z,REG-COASTAL,PROD-HS-100,59660,470,26.686
2026-07-16T00:00:00Z,REG-COASTAL,PROD-HS-110,23230,173,26.686
2026-07-16T00:00:00Z,REG-COASTAL,PROD-AS-200,30648,199,26.686
2026-07-16T00:00:00Z,REG-COASTAL,PROD-LB-400,34343,265,26.686
2026-07-16T00:00:00Z,REG-COASTAL,PROD-DM-300,16521,136,26.686
2026-07-16T00:00:00Z,REG-COASTAL,PROD-VD-500,7361,49,26.686
2026-07-16T00:00:00Z,REG-SOUTH,PROD-HS-100,48425,337,26.686
2026-07-16T00:00:00Z,REG-SOUTH,PROD-HS-110,19217,136,26.687
2026-07-16T00:00:00Z,REG-SOUTH,PROD-AS-200,25436,218,26.686
2026-07-16T00:00:00Z,REG-SOUTH,PROD-LB-400,28402,195,26.686
2026-07-16T00:00:00Z,REG-SOUTH,PROD-DM-300,13656,99,26.687
2026-07-16T00:00:00Z,REG-SOUTH,PROD-VD-500,6101,43,26.687
2026-07-16T00:00:00Z,REG-DELTA,PROD-HS-100,41961,357,26.686
2026-07-16T00:00:00Z,REG-DELTA,PROD-HS-110,16968,129,26.686
2026-07-16T00:00:00Z,REG-DELTA,PROD-AS-200,22360,157,26.686
2026-07-16T00:00:00Z,REG-DELTA,PROD-LB-400,25050,179,26.686
2026-07-16T00:00:00Z,REG-DELTA,PROD-DM-300,12062,107,26.685
2026-07-16T00:00:00Z,REG-DELTA,PROD-VD-500,5380,43,26.685
2026-07-16T00:00:00Z,REG-ISLAND,PROD-HS-100,28867,206,26.686
2026-07-16T00:00:00Z,REG-ISLAND,PROD-HS-110,11891,96,26.686
2026-07-16T00:00:00Z,REG-ISLAND,PROD-AS-200,15702,117,26.687
2026-07-16T00:00:00Z,REG-ISLAND,PROD-LB-400,17589,136,26.687
2026-07-16T00:00:00Z,REG-ISLAND,PROD-DM-300,8433,54,26.685
2026-07-16T00:00:00Z,REG-ISLAND,PROD-VD-500,3768,32,26.686
2026-07-16T00:00:00Z,REG-NORTH,PROD-HS-100,39103,275,26.686
2026-07-16T00:00:00Z,REG-NORTH,PROD-HS-110,16380,101,26.687
2026-07-16T00:00:00Z,REG-NORTH,PROD-AS-200,21643,161,26.686
2026-07-16T00:00:00Z,REG-NORTH,PROD-LB-400,24245,201,26.686
2026-07-16T00:00:00Z,REG-NORTH,PROD-DM-300,11639,84,26.686
2026-07-16T00:00:00Z,REG-NORTH,PROD-VD-500,5221,44,26.686
2026-07-16T00:00:00Z,REG-CENTRAL,PROD-HS-100,35377,231,26.686
2026-07-16T00:00:00Z,REG-CENTRAL,PROD-HS-110,15101,130,26.686
2026-07-16T00:00:00Z,REG-CENTRAL,PROD-AS-200,19932,158,26.686
2026-07-16T00:00:00Z,REG-CENTRAL,PROD-LB-400,22326,177,26.686
2026-07-16T00:00:00Z,REG-CENTRAL,PROD-DM-300,10689,68,26.686
2026-07-16T00:00:00Z,REG-CENTRAL,PROD-VD-500,4779,29,26.685
2026-07-17T00:00:00Z,REG-COASTAL,PROD-HS-100,58924,420,26.401
2026-07-17T00:00:00Z,REG-COASTAL,PROD-HS-110,22935,178,26.4
2026-07-17T00:00:00Z,REG-COASTAL,PROD-AS-200,30277,233,26.401
2026-07-17T00:00:00Z,REG-COASTAL,PROD-LB-400,33911,277,26.4
2026-07-17T00:00:00Z,REG-COASTAL,PROD-DM-300,16285,128,26.4
2026-07-17T00:00:00Z,REG-COASTAL,PROD-VD-500,7284,50,26.401
2026-07-17T00:00:00Z,REG-SOUTH,PROD-HS-100,47927,380,26.4
2026-07-17T00:00:00Z,REG-SOUTH,PROD-HS-110,18972,122,26.401
2026-07-17T00:00:00Z,REG-SOUTH,PROD-AS-200,25092,223,26.4
2026-07-17T00:00:00Z,REG-SOUTH,PROD-LB-400,28023,170,26.401
2026-07-17T00:00:00Z,REG-SOUTH,PROD-DM-300,13485,100,26.4
2026-07-17T00:00:00Z,REG-SOUTH,PROD-VD-500,6046,53,26.401
2026-07-17T00:00:00Z,REG-DELTA,PROD-HS-100,41495,363,26.401
2026-07-17T00:00:00Z,REG-DELTA,PROD-HS-110,16745,139,26.401
2026-07-17T00:00:00Z,REG-DELTA,PROD-AS-200,22107,195,26.4
2026-07-17T00:00:00Z,REG-DELTA,PROD-LB-400,24752,199,26.401
2026-07-17T00:00:00Z,REG-DELTA,PROD-DM-300,11865,90,26.401
2026-07-17T00:00:00Z,REG-DELTA,PROD-VD-500,5313,33,26.4
2026-07-17T00:00:00Z,REG-ISLAND,PROD-HS-100,28544,190,26.4
2026-07-17T00:00:00Z,REG-ISLAND,PROD-HS-110,11718,75,26.401
2026-07-17T00:00:00Z,REG-ISLAND,PROD-AS-200,15480,115,26.4
2026-07-17T00:00:00Z,REG-ISLAND,PROD-LB-400,17343,130,26.4
2026-07-17T00:00:00Z,REG-ISLAND,PROD-DM-300,8315,52,26.399
2026-07-17T00:00:00Z,REG-ISLAND,PROD-VD-500,3725,29,26.4
2026-07-17T00:00:00Z,REG-NORTH,PROD-HS-100,38732,346,26.4
2026-07-17T00:00:00Z,REG-NORTH,PROD-HS-110,16180,128,26.401
2026-07-17T00:00:00Z,REG-NORTH,PROD-AS-200,21360,160,26.401
2026-07-17T00:00:00Z,REG-NORTH,PROD-LB-400,23902,168,26.4
2026-07-17T00:00:00Z,REG-NORTH,PROD-DM-300,11479,74,26.4
2026-07-17T00:00:00Z,REG-NORTH,PROD-VD-500,5137,42,26.399
2026-07-17T00:00:00Z,REG-CENTRAL,PROD-HS-100,35013,270,26.4
2026-07-17T00:00:00Z,REG-CENTRAL,PROD-HS-110,14911,127,26.4
2026-07-17T00:00:00Z,REG-CENTRAL,PROD-AS-200,19632,122,26.401
2026-07-17T00:00:00Z,REG-CENTRAL,PROD-LB-400,22001,168,26.4
2026-07-17T00:00:00Z,REG-CENTRAL,PROD-DM-300,10553,72,26.401
2026-07-17T00:00:00Z,REG-CENTRAL,PROD-VD-500,4735,36,26.399
2026-07-18T00:00:00Z,REG-COASTAL,PROD-HS-100,58173,366,26.098
2026-07-18T00:00:00Z,REG-COASTAL,PROD-HS-110,22645,201,26.098
2026-07-18T00:00:00Z,REG-COASTAL,PROD-AS-200,29854,233,26.098
2026-07-18T00:00:00Z,REG-COASTAL,PROD-LB-400,33466,296,26.098
2026-07-18T00:00:00Z,REG-COASTAL,PROD-DM-300,16055,135,26.098
2026-07-18T00:00:00Z,REG-COASTAL,PROD-VD-500,7185,60,26.099
2026-07-18T00:00:00Z,REG-SOUTH,PROD-HS-100,47396,420,26.098
2026-07-18T00:00:00Z,REG-SOUTH,PROD-HS-110,18743,161,26.098
2026-07-18T00:00:00Z,REG-SOUTH,PROD-AS-200,24685,153,26.098
2026-07-18T00:00:00Z,REG-SOUTH,PROD-LB-400,27628,173,26.098
2026-07-18T00:00:00Z,REG-SOUTH,PROD-DM-300,13262,83,26.097
2026-07-18T00:00:00Z,REG-SOUTH,PROD-VD-500,5949,51,26.097
2026-07-18T00:00:00Z,REG-DELTA,PROD-HS-100,40989,355,26.098
2026-07-18T00:00:00Z,REG-DELTA,PROD-HS-110,16494,131,26.097
2026-07-18T00:00:00Z,REG-DELTA,PROD-AS-200,21752,143,26.098
2026-07-18T00:00:00Z,REG-DELTA,PROD-LB-400,24386,193,26.098
2026-07-18T00:00:00Z,REG-DELTA,PROD-DM-300,11702,88,26.099
2026-07-18T00:00:00Z,REG-DELTA,PROD-VD-500,5227,34,26.095
2026-07-18T00:00:00Z,REG-ISLAND,PROD-HS-100,28191,188,26.098
2026-07-18T00:00:00Z,REG-ISLAND,PROD-HS-110,11555,72,26.098
2026-07-18T00:00:00Z,REG-ISLAND,PROD-AS-200,15267,104,26.098
2026-07-18T00:00:00Z,REG-ISLAND,PROD-LB-400,17102,138,26.098
2026-07-18T00:00:00Z,REG-ISLAND,PROD-DM-300,8206,63,26.099
2026-07-18T00:00:00Z,REG-ISLAND,PROD-VD-500,3681,27,26.1
2026-07-18T00:00:00Z,REG-NORTH,PROD-HS-100,38286,340,26.098
2026-07-18T00:00:00Z,REG-NORTH,PROD-HS-110,15943,102,26.097
2026-07-18T00:00:00Z,REG-NORTH,PROD-AS-200,21086,182,26.097
2026-07-18T00:00:00Z,REG-NORTH,PROD-LB-400,23613,203,26.098
2026-07-18T00:00:00Z,REG-NORTH,PROD-DM-300,11330,82,26.097
2026-07-18T00:00:00Z,REG-NORTH,PROD-VD-500,5073,36,26.098
2026-07-18T00:00:00Z,REG-CENTRAL,PROD-HS-100,34532,213,26.098
2026-07-18T00:00:00Z,REG-CENTRAL,PROD-HS-110,14681,118,26.099
2026-07-18T00:00:00Z,REG-CENTRAL,PROD-AS-200,19399,165,26.098
2026-07-18T00:00:00Z,REG-CENTRAL,PROD-LB-400,21725,194,26.098
2026-07-18T00:00:00Z,REG-CENTRAL,PROD-DM-300,10411,76,26.098
2026-07-18T00:00:00Z,REG-CENTRAL,PROD-VD-500,4650,31,26.096
2026-07-19T00:00:00Z,REG-COASTAL,PROD-HS-100,43116,319,25.781
2026-07-19T00:00:00Z,REG-COASTAL,PROD-HS-110,16690,113,25.781
2026-07-19T00:00:00Z,REG-COASTAL,PROD-AS-200,22061,173,25.781
2026-07-19T00:00:00Z,REG-COASTAL,PROD-LB-400,24677,159,25.781
2026-07-19T00:00:00Z,REG-COASTAL,PROD-DM-300,11889,107,25.781
2026-07-19T00:00:00Z,REG-COASTAL,PROD-VD-500,5303,44,25.779
2026-07-19T00:00:00Z,REG-SOUTH,PROD-HS-100,35103,324,25.781
2026-07-19T00:00:00Z,REG-SOUTH,PROD-HS-110,13857,115,25.782
2026-07-19T00:00:00Z,REG-SOUTH,PROD-AS-200,18237,113,25.781
2026-07-19T00:00:00Z,REG-SOUTH,PROD-LB-400,20440,150,25.781
2026-07-19T00:00:00Z,REG-SOUTH,PROD-DM-300,9819,74,25.78
2026-07-19T00:00:00Z,REG-SOUTH,PROD-VD-500,4390,33,25.781
2026-07-19T00:00:00Z,REG-DELTA,PROD-HS-100,30328,241,25.781
2026-07-19T00:00:00Z,REG-DELTA,PROD-HS-110,12194,103,25.78
2026-07-19T00:00:00Z,REG-DELTA,PROD-AS-200,16103,119,25.781
2026-07-19T00:00:00Z,REG-DELTA,PROD-LB-400,18018,126,25.781
2026-07-19T00:00:00Z,REG-DELTA,PROD-DM-300,8654,69,25.781
2026-07-19T00:00:00Z,REG-DELTA,PROD-VD-500,3869,28,25.779
2026-07-19T00:00:00Z,REG-ISLAND,PROD-HS-100,20899,171,25.781
2026-07-19T00:00:00Z,REG-ISLAND,PROD-HS-110,8548,66,25.781
2026-07-19T00:00:00Z,REG-ISLAND,PROD-AS-200,11291,76,25.782
2026-07-19T00:00:00Z,REG-ISLAND,PROD-LB-400,12611,81,25.782
2026-07-19T00:00:00Z,REG-ISLAND,PROD-DM-300,6084,51,25.782
2026-07-19T00:00:00Z,REG-ISLAND,PROD-VD-500,2704,23,25.779
2026-07-19T00:00:00Z,REG-NORTH,PROD-HS-100,28268,192,25.781
2026-07-19T00:00:00Z,REG-NORTH,PROD-HS-110,11790,85,25.782
2026-07-19T00:00:00Z,REG-NORTH,PROD-AS-200,15565,122,25.781
2026-07-19T00:00:00Z,REG-NORTH,PROD-LB-400,17424,125,25.781
2026-07-19T00:00:00Z,REG-NORTH,PROD-DM-300,8355,53,25.783
2026-07-19T00:00:00Z,REG-NORTH,PROD-VD-500,3745,32,25.785
2026-07-19T00:00:00Z,REG-CENTRAL,PROD-HS-100,25613,193,25.781
2026-07-19T00:00:00Z,REG-CENTRAL,PROD-HS-110,10869,92,25.782
2026-07-19T00:00:00Z,REG-CENTRAL,PROD-AS-200,14361,130,25.781
2026-07-19T00:00:00Z,REG-CENTRAL,PROD-LB-400,16028,121,25.781
2026-07-19T00:00:00Z,REG-CENTRAL,PROD-DM-300,7725,68,25.781
2026-07-19T00:00:00Z,REG-CENTRAL,PROD-VD-500,3456,27,25.782
2026-07-20T00:00:00Z,REG-COASTAL,PROD-HS-100,56710,403,25.455
2026-07-20T00:00:00Z,REG-COASTAL,PROD-HS-110,21934,170,25.455
2026-07-20T00:00:00Z,REG-COASTAL,PROD-AS-200,28977,238,25.455
2026-07-20T00:00:00Z,REG-COASTAL,PROD-LB-400,32438,262,25.456
2026-07-20T00:00:00Z,REG-COASTAL,PROD-DM-300,15563,112,25.455
2026-07-20T00:00:00Z,REG-COASTAL,PROD-VD-500,6973,49,25.456
2026-07-20T00:00:00Z,REG-SOUTH,PROD-HS-100,46103,360,25.455
2026-07-20T00:00:00Z,REG-SOUTH,PROD-HS-110,18160,138,25.455
2026-07-20T00:00:00Z,REG-SOUTH,PROD-AS-200,23964,163,25.456
2026-07-20T00:00:00Z,REG-SOUTH,PROD-LB-400,26844,218,25.455
2026-07-20T00:00:00Z,REG-SOUTH,PROD-DM-300,12923,119,25.455
2026-07-20T00:00:00Z,REG-SOUTH,PROD-VD-500,5775,48,25.453
2026-07-20T00:00:00Z,REG-DELTA,PROD-HS-100,39847,264,25.455
2026-07-20T00:00:00Z,REG-DELTA,PROD-HS-110,15999,115,25.455
2026-07-20T00:00:00Z,REG-DELTA,PROD-AS-200,21142,167,25.455
2026-07-20T00:00:00Z,REG-DELTA,PROD-LB-400,23620,150,25.456
2026-07-20T00:00:00Z,REG-DELTA,PROD-DM-300,11352,75,25.456
2026-07-20T00:00:00Z,REG-DELTA,PROD-VD-500,5078,38,25.455
2026-07-20T00:00:00Z,REG-ISLAND,PROD-HS-100,27447,184,25.456
2026-07-20T00:00:00Z,REG-ISLAND,PROD-HS-110,11222,73,25.454
2026-07-20T00:00:00Z,REG-ISLAND,PROD-AS-200,14819,106,25.455
2026-07-20T00:00:00Z,REG-ISLAND,PROD-LB-400,16597,127,25.456
2026-07-20T00:00:00Z,REG-ISLAND,PROD-DM-300,7973,56,25.457
2026-07-20T00:00:00Z,REG-ISLAND,PROD-VD-500,3571,33,25.453
2026-07-20T00:00:00Z,REG-NORTH,PROD-HS-100,37234,298,25.456
2026-07-20T00:00:00Z,REG-NORTH,PROD-HS-110,15476,101,25.455
2026-07-20T00:00:00Z,REG-NORTH,PROD-AS-200,20439,151,25.455
2026-07-20T00:00:00Z,REG-NORTH,PROD-LB-400,22892,186,25.455
2026-07-20T00:00:00Z,REG-NORTH,PROD-DM-300,10966,71,25.456
2026-07-20T00:00:00Z,REG-NORTH,PROD-VD-500,4923,36,25.453
2026-07-20T00:00:00Z,REG-CENTRAL,PROD-HS-100,33658,235,25.455
2026-07-20T00:00:00Z,REG-CENTRAL,PROD-HS-110,14253,100,25.455
2026-07-20T00:00:00Z,REG-CENTRAL,PROD-AS-200,18792,133,25.456
2026-07-20T00:00:00Z,REG-CENTRAL,PROD-LB-400,21049,150,25.456
2026-07-20T00:00:00Z,REG-CENTRAL,PROD-DM-300,10113,84,25.454
2026-07-20T00:00:00Z,REG-CENTRAL,PROD-VD-500,4515,35,25.455
2026-07-21T00:00:00Z,REG-COASTAL,PROD-HS-100,55932,408,25.124
2026-07-21T00:00:00Z,REG-COASTAL,PROD-HS-110,21610,179,25.124
2026-07-21T00:00:00Z,REG-COASTAL,PROD-AS-200,28490,201,25.123
2026-07-21T00:00:00Z,REG-COASTAL,PROD-LB-400,31915,234,25.124
2026-07-21T00:00:00Z,REG-COASTAL,PROD-DM-300,15355,130,25.124
2026-07-21T00:00:00Z,REG-COASTAL,PROD-VD-500,6855,46,25.125
2026-07-21T00:00:00Z,REG-SOUTH,PROD-HS-100,45419,297,25.124
2026-07-21T00:00:00Z,REG-SOUTH,PROD-HS-110,17905,168,25.123
2026-07-21T00:00:00Z,REG-SOUTH,PROD-AS-200,23626,211,25.123
2026-07-21T00:00:00Z,REG-SOUTH,PROD-LB-400,26448,219,25.124
2026-07-21T00:00:00Z,REG-SOUTH,PROD-DM-300,12705,118,25.124
2026-07-21T00:00:00Z,REG-SOUTH,PROD-VD-500,5680,52,25.125
2026-07-21T00:00:00Z,REG-DELTA,PROD-HS-100,39335,293,25.124
2026-07-21T00:00:00Z,REG-DELTA,PROD-HS-110,15733,106,25.124
2026-07-21T00:00:00Z,REG-DELTA,PROD-AS-200,20789,137,25.124
2026-07-21T00:00:00Z,REG-DELTA,PROD-LB-400,23276,162,25.124
2026-07-21T00:00:00Z,REG-DELTA,PROD-DM-300,11190,85,25.124
2026-07-21T00:00:00Z,REG-DELTA,PROD-VD-500,5022,47,25.126
2026-07-21T00:00:00Z,REG-ISLAND,PROD-HS-100,27094,211,25.124
2026-07-21T00:00:00Z,REG-ISLAND,PROD-HS-110,11054,75,25.124
2026-07-21T00:00:00Z,REG-ISLAND,PROD-AS-200,14575,104,25.123
2026-07-21T00:00:00Z,REG-ISLAND,PROD-LB-400,16352,147,25.124
2026-07-21T00:00:00Z,REG-ISLAND,PROD-DM-300,7855,67,25.123
2026-07-21T00:00:00Z,REG-ISLAND,PROD-VD-500,3515,23,25.122
2026-07-21T00:00:00Z,REG-NORTH,PROD-HS-100,36727,297,25.124
2026-07-21T00:00:00Z,REG-NORTH,PROD-HS-110,15267,142,25.125
2026-07-21T00:00:00Z,REG-NORTH,PROD-AS-200,20128,155,25.123
2026-07-21T00:00:00Z,REG-NORTH,PROD-LB-400,22530,170,25.124
2026-07-21T00:00:00Z,REG-NORTH,PROD-DM-300,10798,70,25.124
2026-07-21T00:00:00Z,REG-NORTH,PROD-VD-500,4838,39,25.126
2026-07-21T00:00:00Z,REG-CENTRAL,PROD-HS-100,33269,307,25.123
2026-07-21T00:00:00Z,REG-CENTRAL,PROD-HS-110,14049,130,25.125
2026-07-21T00:00:00Z,REG-CENTRAL,PROD-AS-200,18510,144,25.124
2026-07-21T00:00:00Z,REG-CENTRAL,PROD-LB-400,20753,177,25.123
2026-07-21T00:00:00Z,REG-CENTRAL,PROD-DM-300,9957,83,25.125
2026-07-21T00:00:00Z,REG-CENTRAL,PROD-VD-500,4453,31,25.125
2026-07-22T00:00:00Z,REG-COASTAL,PROD-HS-100,55095,357,24.791
2026-07-22T00:00:00Z,REG-COASTAL,PROD-HS-110,21236,139,24.791
2026-07-22T00:00:00Z,REG-COASTAL,PROD-AS-200,28064,224,24.791
2026-07-22T00:00:00Z,REG-COASTAL,PROD-LB-400,31434,272,24.791
2026-07-22T00:00:00Z,REG-COASTAL,PROD-DM-300,15090,116,24.791
2026-07-22T00:00:00Z,REG-COASTAL,PROD-VD-500,6754,61,24.789
2026-07-22T00:00:00Z,REG-SOUTH,PROD-HS-100,44886,411,24.791
2026-07-22T00:00:00Z,REG-SOUTH,PROD-HS-110,17590,137,24.791
2026-07-22T00:00:00Z,REG-SOUTH,PROD-AS-200,23222,167,24.79
2026-07-22T00:00:00Z,REG-SOUTH,PROD-LB-400,26000,193,24.791
2026-07-22T00:00:00Z,REG-SOUTH,PROD-DM-300,12501,106,24.79
2026-07-22T00:00:00Z,REG-SOUTH,PROD-VD-500,5599,46,24.79
2026-07-22T00:00:00Z,REG-DELTA,PROD-HS-100,38827,352,24.791
2026-07-22T00:00:00Z,REG-DELTA,PROD-HS-110,15526,131,24.791
2026-07-22T00:00:00Z,REG-DELTA,PROD-AS-200,20475,171,24.791
2026-07-22T00:00:00Z,REG-DELTA,PROD-LB-400,22916,183,24.791
2026-07-22T00:00:00Z,REG-DELTA,PROD-DM-300,11019,86,24.791
2026-07-22T00:00:00Z,REG-DELTA,PROD-VD-500,4916,32,24.792
2026-07-22T00:00:00Z,REG-ISLAND,PROD-HS-100,26726,200,24.791
2026-07-22T00:00:00Z,REG-ISLAND,PROD-HS-110,10862,78,24.791
2026-07-22T00:00:00Z,REG-ISLAND,PROD-AS-200,14389,134,24.791
2026-07-22T00:00:00Z,REG-ISLAND,PROD-LB-400,16053,113,24.79
2026-07-22T00:00:00Z,REG-ISLAND,PROD-DM-300,7713,53,24.79
2026-07-22T00:00:00Z,REG-ISLAND,PROD-VD-500,3448,27,24.79
2026-07-22T00:00:00Z,REG-NORTH,PROD-HS-100,36206,284,24.791
2026-07-22T00:00:00Z,REG-NORTH,PROD-HS-110,14976,102,24.79
2026-07-22T00:00:00Z,REG-NORTH,PROD-AS-200,19788,154,24.79
2026-07-22T00:00:00Z,REG-NORTH,PROD-LB-400,22149,160,24.79
2026-07-22T00:00:00Z,REG-NORTH,PROD-DM-300,10656,95,24.791
2026-07-22T00:00:00Z,REG-NORTH,PROD-VD-500,4766,31,24.791
2026-07-22T00:00:00Z,REG-CENTRAL,PROD-HS-100,32721,220,24.791
2026-07-22T00:00:00Z,REG-CENTRAL,PROD-HS-110,13803,94,24.79
2026-07-22T00:00:00Z,REG-CENTRAL,PROD-AS-200,18209,137,24.79
2026-07-22T00:00:00Z,REG-CENTRAL,PROD-LB-400,20406,152,24.791
2026-07-22T00:00:00Z,REG-CENTRAL,PROD-DM-300,9805,87,24.791
2026-07-22T00:00:00Z,REG-CENTRAL,PROD-VD-500,4379,41,24.789
2026-07-23T00:00:00Z,REG-COASTAL,PROD-HS-100,54362,403,24.46
2026-07-23T00:00:00Z,REG-COASTAL,PROD-HS-110,20941,199,24.46
2026-07-23T00:00:00Z,REG-COASTAL,PROD-AS-200,27642,247,24.46
2026-07-23T00:00:00Z,REG-COASTAL,PROD-LB-400,30930,257,24.46
2026-07-23T00:00:00Z,REG-COASTAL,PROD-DM-300,14837,112,24.46
2026-07-23T00:00:00Z,REG-COASTAL,PROD-VD-500,6634,54,24.461
2026-07-23T00:00:00Z,REG-SOUTH,PROD-HS-100,44248,415,24.46
2026-07-23T00:00:00Z,REG-SOUTH,PROD-HS-110,17329,158,24.46
2026-07-23T00:00:00Z,REG-SOUTH,PROD-AS-200,22848,173,24.461
2026-07-23T00:00:00Z,REG-SOUTH,PROD-LB-400,25574,184,24.461
2026-07-23T00:00:00Z,REG-SOUTH,PROD-DM-300,12321,115,24.461
2026-07-23T00:00:00Z,REG-SOUTH,PROD-VD-500,5506,51,24.462
2026-07-23T00:00:00Z,REG-DELTA,PROD-HS-100,38250,312,24.46
2026-07-23T00:00:00Z,REG-DELTA,PROD-HS-110,15264,123,24.46
2026-07-23T00:00:00Z,REG-DELTA,PROD-AS-200,20167,183,24.46
2026-07-23T00:00:00Z,REG-DELTA,PROD-LB-400,22585,204,24.46
2026-07-23T00:00:00Z,REG-DELTA,PROD-DM-300,10812,74,24.46
2026-07-23T00:00:00Z,REG-DELTA,PROD-VD-500,4840,46,24.459
2026-07-23T00:00:00Z,REG-ISLAND,PROD-HS-100,26326,178,24.46
2026-07-23T00:00:00Z,REG-ISLAND,PROD-HS-110,10699,83,24.461
2026-07-23T00:00:00Z,REG-ISLAND,PROD-AS-200,14140,124,24.461
2026-07-23T00:00:00Z,REG-ISLAND,PROD-LB-400,15815,112,24.46
2026-07-23T00:00:00Z,REG-ISLAND,PROD-DM-300,7596,62,24.461
2026-07-23T00:00:00Z,REG-ISLAND,PROD-VD-500,3402,26,24.464
2026-07-23T00:00:00Z,REG-NORTH,PROD-HS-100,35690,272,24.46
2026-07-23T00:00:00Z,REG-NORTH,PROD-HS-110,14759,107,24.461
2026-07-23T00:00:00Z,REG-NORTH,PROD-AS-200,19458,134,24.461
2026-07-23T00:00:00Z,REG-NORTH,PROD-LB-400,21839,192,24.46
2026-07-23T00:00:00Z,REG-NORTH,PROD-DM-300,10470,74,24.461
2026-07-23T00:00:00Z,REG-NORTH,PROD-VD-500,4684,37,24.458
2026-07-23T00:00:00Z,REG-CENTRAL,PROD-HS-100,32309,266,24.46
2026-07-23T00:00:00Z,REG-CENTRAL,PROD-HS-110,13606,128,24.461
2026-07-23T00:00:00Z,REG-CENTRAL,PROD-AS-200,17905,122,24.461
2026-07-23T00:00:00Z,REG-CENTRAL,PROD-LB-400,20045,134,24.461
2026-07-23T00:00:00Z,REG-CENTRAL,PROD-DM-300,9650,86,24.46
2026-07-23T00:00:00Z,REG-CENTRAL,PROD-VD-500,4322,41,24.463
2026-07-24T00:00:00Z,REG-COASTAL,PROD-HS-100,53667,471,24.136
2026-07-24T00:00:00Z,REG-COASTAL,PROD-HS-110,20605,186,24.136
2026-07-24T00:00:00Z,REG-COASTAL,PROD-AS-200,27139,179,24.136
2026-07-24T00:00:00Z,REG-COASTAL,PROD-LB-400,30418,248,24.136
2026-07-24T00:00:00Z,REG-COASTAL,PROD-DM-300,14604,98,24.136
2026-07-24T00:00:00Z,REG-COASTAL,PROD-VD-500,6549,56,24.138
2026-07-24T00:00:00Z,REG-SOUTH,PROD-HS-100,43623,395,24.136
2026-07-24T00:00:00Z,REG-SOUTH,PROD-HS-110,17021,126,24.136
2026-07-24T00:00:00Z,REG-SOUTH,PROD-AS-200,22543,217,24.136
2026-07-24T00:00:00Z,REG-SOUTH,PROD-LB-400,25153,172,24.136
2026-07-24T00:00:00Z,REG-SOUTH,PROD-DM-300,12083,87,24.137
2026-07-24T00:00:00Z,REG-SOUTH,PROD-VD-500,5406,48,24.135
2026-07-24T00:00:00Z,REG-DELTA,PROD-HS-100,37782,371,24.136
2026-07-24T00:00:00Z,REG-DELTA,PROD-HS-110,15003,111,24.136
2026-07-24T00:00:00Z,REG-DELTA,PROD-AS-200,19809,138,24.136
2026-07-24T00:00:00Z,REG-DELTA,PROD-LB-400,22186,174,24.136
2026-07-24T00:00:00Z,REG-DELTA,PROD-DM-300,10646,74,24.137
2026-07-24T00:00:00Z,REG-DELTA,PROD-VD-500,4771,40,24.138
2026-07-24T00:00:00Z,REG-ISLAND,PROD-HS-100,26023,245,24.137
2026-07-24T00:00:00Z,REG-ISLAND,PROD-HS-110,10544,93,24.136
2026-07-24T00:00:00Z,REG-ISLAND,PROD-AS-200,13911,129,24.137
2026-07-24T00:00:00Z,REG-ISLAND,PROD-LB-400,15583,136,24.136
2026-07-24T00:00:00Z,REG-ISLAND,PROD-DM-300,7480,70,24.137
2026-07-24T00:00:00Z,REG-ISLAND,PROD-VD-500,3332,25,24.139
2026-07-24T00:00:00Z,REG-NORTH,PROD-HS-100,35243,342,24.136
2026-07-24T00:00:00Z,REG-NORTH,PROD-HS-110,14533,124,24.136
2026-07-24T00:00:00Z,REG-NORTH,PROD-AS-200,19150,131,24.136
2026-07-24T00:00:00Z,REG-NORTH,PROD-LB-400,21481,193,24.136
2026-07-24T00:00:00Z,REG-NORTH,PROD-DM-300,10303,69,24.137
2026-07-24T00:00:00Z,REG-NORTH,PROD-VD-500,4606,44,24.138
2026-07-24T00:00:00Z,REG-CENTRAL,PROD-HS-100,31825,231,24.136
2026-07-24T00:00:00Z,REG-CENTRAL,PROD-HS-110,13356,105,24.137
2026-07-24T00:00:00Z,REG-CENTRAL,PROD-AS-200,17625,126,24.137
2026-07-24T00:00:00Z,REG-CENTRAL,PROD-LB-400,19783,184,24.137
2026-07-24T00:00:00Z,REG-CENTRAL,PROD-DM-300,9483,70,24.136
2026-07-24T00:00:00Z,REG-CENTRAL,PROD-VD-500,4231,31,24.138
2026-07-25T00:00:00Z,REG-COASTAL,PROD-HS-100,52984,526,23.823
2026-07-25T00:00:00Z,REG-COASTAL,PROD-HS-110,20298,191,23.823
2026-07-25T00:00:00Z,REG-COASTAL,PROD-AS-200,26734,195,23.823
2026-07-25T00:00:00Z,REG-COASTAL,PROD-LB-400,30004,297,23.823
2026-07-25T00:00:00Z,REG-COASTAL,PROD-DM-300,14373,103,23.823
2026-07-25T00:00:00Z,REG-COASTAL,PROD-VD-500,6444,59,23.825
2026-07-25T00:00:00Z,REG-SOUTH,PROD-HS-100,42909,290,23.823
2026-07-25T00:00:00Z,REG-SOUTH,PROD-HS-110,16747,119,23.822
2026-07-25T00:00:00Z,REG-SOUTH,PROD-AS-200,22145,180,23.823
2026-07-25T00:00:00Z,REG-SOUTH,PROD-LB-400,24762,177,23.823
2026-07-25T00:00:00Z,REG-SOUTH,PROD-DM-300,11904,88,23.823
2026-07-25T00:00:00Z,REG-SOUTH,PROD-VD-500,5337,48,23.824
2026-07-25T00:00:00Z,REG-DELTA,PROD-HS-100,37190,312,23.823
2026-07-25T00:00:00Z,REG-DELTA,PROD-HS-110,14785,134,23.823
2026-07-25T00:00:00Z,REG-DELTA,PROD-AS-200,19507,139,23.823
2026-07-25T00:00:00Z,REG-DELTA,PROD-LB-400,21865,186,23.823
2026-07-25T00:00:00Z,REG-DELTA,PROD-DM-300,10510,99,23.824
2026-07-25T00:00:00Z,REG-DELTA,PROD-VD-500,4685,40,23.821
2026-07-25T00:00:00Z,REG-ISLAND,PROD-HS-100,25628,233,23.823
2026-07-25T00:00:00Z,REG-ISLAND,PROD-HS-110,10388,96,23.824
2026-07-25T00:00:00Z,REG-ISLAND,PROD-AS-200,13705,126,23.823
2026-07-25T00:00:00Z,REG-ISLAND,PROD-LB-400,15313,114,23.823
2026-07-25T00:00:00Z,REG-ISLAND,PROD-DM-300,7360,70,23.824
2026-07-25T00:00:00Z,REG-ISLAND,PROD-VD-500,3296,32,23.825
2026-07-25T00:00:00Z,REG-NORTH,PROD-HS-100,34671,247,23.823
2026-07-25T00:00:00Z,REG-NORTH,PROD-HS-110,14315,140,23.824
2026-07-25T00:00:00Z,REG-NORTH,PROD-AS-200,18901,176,23.823
2026-07-25T00:00:00Z,REG-NORTH,PROD-LB-400,21132,168,23.823
2026-07-25T00:00:00Z,REG-NORTH,PROD-DM-300,10148,95,23.822
2026-07-25T00:00:00Z,REG-NORTH,PROD-VD-500,4545,42,23.825
2026-07-25T00:00:00Z,REG-CENTRAL,PROD-HS-100,31413,276,23.823
2026-07-25T00:00:00Z,REG-CENTRAL,PROD-HS-110,13179,124,23.823
2026-07-25T00:00:00Z,REG-CENTRAL,PROD-AS-200,17365,141,23.823
2026-07-25T00:00:00Z,REG-CENTRAL,PROD-LB-400,19446,149,23.823
2026-07-25T00:00:00Z,REG-CENTRAL,PROD-DM-300,9343,76,23.823
2026-07-25T00:00:00Z,REG-CENTRAL,PROD-VD-500,4174,29,23.822
2026-07-26T00:00:00Z,REG-COASTAL,PROD-HS-100,39153,338,23.524
2026-07-26T00:00:00Z,REG-COASTAL,PROD-HS-110,14946,102,23.525
2026-07-26T00:00:00Z,REG-COASTAL,PROD-AS-200,19790,194,23.525
2026-07-26T00:00:00Z,REG-COASTAL,PROD-LB-400,22133,208,23.525
2026-07-26T00:00:00Z,REG-COASTAL,PROD-DM-300,10619,80,23.525
2026-07-26T00:00:00Z,REG-COASTAL,PROD-VD-500,4748,43,23.525
2026-07-26T00:00:00Z,REG-SOUTH,PROD-HS-100,31827,304,23.525
2026-07-26T00:00:00Z,REG-SOUTH,PROD-HS-110,12366,86,23.525
2026-07-26T00:00:00Z,REG-SOUTH,PROD-AS-200,16337,129,23.524
2026-07-26T00:00:00Z,REG-SOUTH,PROD-LB-400,18286,125,23.525
2026-07-26T00:00:00Z,REG-SOUTH,PROD-DM-300,8789,61,23.526
2026-07-26T00:00:00Z,REG-SOUTH,PROD-VD-500,3941,36,23.524
2026-07-26T00:00:00Z,REG-DELTA,PROD-HS-100,27532,244,23.524
2026-07-26T00:00:00Z,REG-DELTA,PROD-HS-110,10912,91,23.524
2026-07-26T00:00:00Z,REG-DELTA,PROD-AS-200,14411,108,23.525
2026-07-26T00:00:00Z,REG-DELTA,PROD-LB-400,16141,144,23.525
2026-07-26T00:00:00Z,REG-DELTA,PROD-DM-300,7767,75,23.523
2026-07-26T00:00:00Z,REG-DELTA,PROD-VD-500,3461,26,23.527
2026-07-26T00:00:00Z,REG-ISLAND,PROD-HS-100,18930,134,23.524
2026-07-26T00:00:00Z,REG-ISLAND,PROD-HS-110,7670,72,23.523
2026-07-26T00:00:00Z,REG-ISLAND,PROD-AS-200,10093,72,23.523
2026-07-26T00:00:00Z,REG-ISLAND,PROD-LB-400,11298,77,23.524
2026-07-26T00:00:00Z,REG-ISLAND,PROD-DM-300,5431,44,23.524
2026-07-26T00:00:00Z,REG-ISLAND,PROD-VD-500,2422,23,23.52
2026-07-26T00:00:00Z,REG-NORTH,PROD-HS-100,25697,220,23.524
2026-07-26T00:00:00Z,REG-NORTH,PROD-HS-110,10568,100,23.524
2026-07-26T00:00:00Z,REG-NORTH,PROD-AS-200,13955,123,23.524
2026-07-26T00:00:00Z,REG-NORTH,PROD-LB-400,15585,106,23.524
2026-07-26T00:00:00Z,REG-NORTH,PROD-DM-300,7493,59,23.525
2026-07-26T00:00:00Z,REG-NORTH,PROD-VD-500,3347,30,23.525
2026-07-26T00:00:00Z,REG-CENTRAL,PROD-HS-100,23234,204,23.524
2026-07-26T00:00:00Z,REG-CENTRAL,PROD-HS-110,9719,74,23.524
2026-07-26T00:00:00Z,REG-CENTRAL,PROD-AS-200,12820,93,23.525
2026-07-26T00:00:00Z,REG-CENTRAL,PROD-LB-400,14358,102,23.525
2026-07-26T00:00:00Z,REG-CENTRAL,PROD-DM-300,6896,50,23.526
2026-07-26T00:00:00Z,REG-CENTRAL,PROD-VD-500,3081,23,23.523
2026-07-27T00:00:00Z,REG-COASTAL,PROD-HS-100,51540,473,23.244
2026-07-27T00:00:00Z,REG-COASTAL,PROD-HS-110,19691,189,23.244
2026-07-27T00:00:00Z,REG-COASTAL,PROD-AS-200,25964,233,23.244
2026-07-27T00:00:00Z,REG-COASTAL,PROD-LB-400,29118,296,23.244
2026-07-27T00:00:00Z,REG-COASTAL,PROD-DM-300,13948,118,23.244
2026-07-27T00:00:00Z,REG-COASTAL,PROD-VD-500,6232,49,23.244
2026-07-27T00:00:00Z,REG-SOUTH,PROD-HS-100,41871,381,23.244
2026-07-27T00:00:00Z,REG-SOUTH,PROD-HS-110,16294,163,23.244
2026-07-27T00:00:00Z,REG-SOUTH,PROD-AS-200,21482,167,23.244
2026-07-27T00:00:00Z,REG-SOUTH,PROD-LB-400,24038,190,23.244
2026-07-27T00:00:00Z,REG-SOUTH,PROD-DM-300,11564,105,23.243
2026-07-27T00:00:00Z,REG-SOUTH,PROD-VD-500,5162,48,23.245
2026-07-27T00:00:00Z,REG-DELTA,PROD-HS-100,36177,265,23.244
2026-07-27T00:00:00Z,REG-DELTA,PROD-HS-110,14352,127,23.243
2026-07-27T00:00:00Z,REG-DELTA,PROD-AS-200,18950,169,23.244
2026-07-27T00:00:00Z,REG-DELTA,PROD-LB-400,21197,185,23.243
2026-07-27T00:00:00Z,REG-DELTA,PROD-DM-300,10165,77,23.244
2026-07-27T00:00:00Z,REG-DELTA,PROD-VD-500,4552,43,23.242
2026-07-27T00:00:00Z,REG-ISLAND,PROD-HS-100,24946,215,23.243
2026-07-27T00:00:00Z,REG-ISLAND,PROD-HS-110,10068,96,23.245
2026-07-27T00:00:00Z,REG-ISLAND,PROD-AS-200,13281,102,23.243
2026-07-27T00:00:00Z,REG-ISLAND,PROD-LB-400,14878,141,23.244
2026-07-27T00:00:00Z,REG-ISLAND,PROD-DM-300,7146,57,23.243
2026-07-27T00:00:00Z,REG-ISLAND,PROD-VD-500,3184,23,23.243
2026-07-27T00:00:00Z,REG-NORTH,PROD-HS-100,33831,313,23.244
2026-07-27T00:00:00Z,REG-NORTH,PROD-HS-110,13858,98,23.243
2026-07-27T00:00:00Z,REG-NORTH,PROD-AS-200,18316,163,23.243
2026-07-27T00:00:00Z,REG-NORTH,PROD-LB-400,20501,186,23.244
2026-07-27T00:00:00Z,REG-NORTH,PROD-DM-300,9860,98,23.243
2026-07-27T00:00:00Z,REG-NORTH,PROD-VD-500,4402,32,23.245
2026-07-27T00:00:00Z,REG-CENTRAL,PROD-HS-100,30636,303,23.244
2026-07-27T00:00:00Z,REG-CENTRAL,PROD-HS-110,12786,118,23.244
2026-07-27T00:00:00Z,REG-CENTRAL,PROD-AS-200,16849,137,23.243
2026-07-27T00:00:00Z,REG-CENTRAL,PROD-LB-400,18851,140,23.243
2026-07-27T00:00:00Z,REG-CENTRAL,PROD-DM-300,9058,63,23.243
2026-07-27T00:00:00Z,REG-CENTRAL,PROD-VD-500,4060,39,23.243
2026-07-28T00:00:00Z,REG-COASTAL,PROD-HS-100,50826,374,22.985
2026-07-28T00:00:00Z,REG-COASTAL,PROD-HS-110,19392,177,22.984
2026-07-28T00:00:00Z,REG-COASTAL,PROD-AS-200,25632,257,22.985
2026-07-28T00:00:00Z,REG-COASTAL,PROD-LB-400,28637,228,22.985
2026-07-28T00:00:00Z,REG-COASTAL,PROD-DM-300,13774,121,22.985
2026-07-28T00:00:00Z,REG-COASTAL,PROD-VD-500,6138,47,22.985
2026-07-28T00:00:00Z,REG-SOUTH,PROD-HS-100,41281,299,22.985
2026-07-28T00:00:00Z,REG-SOUTH,PROD-HS-110,16048,142,22.986
2026-07-28T00:00:00Z,REG-SOUTH,PROD-AS-200,21185,177,22.985
2026-07-28T00:00:00Z,REG-SOUTH,PROD-LB-400,23683,169,22.985
2026-07-28T00:00:00Z,REG-SOUTH,PROD-DM-300,11391,105,22.986
2026-07-28T00:00:00Z,REG-SOUTH,PROD-VD-500,5102,45,22.986
2026-07-28T00:00:00Z,REG-DELTA,PROD-HS-100,35736,270,22.985
2026-07-28T00:00:00Z,REG-DELTA,PROD-HS-110,14138,117,22.985
2026-07-28T00:00:00Z,REG-DELTA,PROD-AS-200,18679,176,22.985
2026-07-28T00:00:00Z,REG-DELTA,PROD-LB-400,20889,180,22.984
2026-07-28T00:00:00Z,REG-DELTA,PROD-DM-300,10029,77,22.984
2026-07-28T00:00:00Z,REG-DELTA,PROD-VD-500,4505,46,22.985
2026-07-28T00:00:00Z,REG-ISLAND,PROD-HS-100,24641,208,22.985
2026-07-28T00:00:00Z,REG-ISLAND,PROD-HS-110,9932,94,22.986
2026-07-28T00:00:00Z,REG-ISLAND,PROD-AS-200,13104,118,22.984
2026-07-28T00:00:00Z,REG-ISLAND,PROD-LB-400,14674,148,22.984
2026-07-28T00:00:00Z,REG-ISLAND,PROD-DM-300,7047,60,22.984
2026-07-28T00:00:00Z,REG-ISLAND,PROD-VD-500,3149,23,22.985
2026-07-28T00:00:00Z,REG-NORTH,PROD-HS-100,33420,322,22.985
2026-07-28T00:00:00Z,REG-NORTH,PROD-HS-110,13664,103,22.985
2026-07-28T00:00:00Z,REG-NORTH,PROD-AS-200,18042,137,22.985
2026-07-28T00:00:00Z,REG-NORTH,PROD-LB-400,20206,163,22.985
2026-07-28T00:00:00Z,REG-NORTH,PROD-DM-300,9719,88,22.986
2026-07-28T00:00:00Z,REG-NORTH,PROD-VD-500,4340,42,22.984
2026-07-28T00:00:00Z,REG-CENTRAL,PROD-HS-100,30245,296,22.985
2026-07-28T00:00:00Z,REG-CENTRAL,PROD-HS-110,12611,130,22.985
2026-07-28T00:00:00Z,REG-CENTRAL,PROD-AS-200,16598,118,22.985
2026-07-28T00:00:00Z,REG-CENTRAL,PROD-LB-400,18604,147,22.985
2026-07-28T00:00:00Z,REG-CENTRAL,PROD-DM-300,8926,77,22.984
2026-07-28T00:00:00Z,REG-CENTRAL,PROD-VD-500,3986,33,22.983
2026-07-29T00:00:00Z,REG-COASTAL,PROD-HS-100,50334,464,22.751
2026-07-29T00:00:00Z,REG-COASTAL,PROD-HS-110,19165,191,22.751
2026-07-29T00:00:00Z,REG-COASTAL,PROD-AS-200,25253,204,22.751
2026-07-29T00:00:00Z,REG-COASTAL,PROD-LB-400,28242,213,22.751
2026-07-29T00:00:00Z,REG-COASTAL,PROD-DM-300,13578,109,22.752
2026-07-29T00:00:00Z,REG-COASTAL,PROD-VD-500,6081,52,22.751
2026-07-29T00:00:00Z,REG-SOUTH,PROD-HS-100,40818,299,22.751
2026-07-29T00:00:00Z,REG-SOUTH,PROD-HS-110,15809,111,22.751
2026-07-29T00:00:00Z,REG-SOUTH,PROD-AS-200,20916,190,22.751
2026-07-29T00:00:00Z,REG-SOUTH,PROD-LB-400,23395,189,22.751
2026-07-29T00:00:00Z,REG-SOUTH,PROD-DM-300,11244,96,22.751
2026-07-29T00:00:00Z,REG-SOUTH,PROD-VD-500,5028,46,22.749
2026-07-29T00:00:00Z,REG-DELTA,PROD-HS-100,35363,304,22.751
2026-07-29T00:00:00Z,REG-DELTA,PROD-HS-110,13932,99,22.752
2026-07-29T00:00:00Z,REG-DELTA,PROD-AS-200,18406,137,22.751
2026-07-29T00:00:00Z,REG-DELTA,PROD-LB-400,20607,154,22.751
2026-07-29T00:00:00Z,REG-DELTA,PROD-DM-300,9911,83,22.75
2026-07-29T00:00:00Z,REG-DELTA,PROD-VD-500,4423,32,22.751
2026-07-29T00:00:00Z,REG-ISLAND,PROD-HS-100,24385,224,22.75
2026-07-29T00:00:00Z,REG-ISLAND,PROD-HS-110,9795,80,22.752
2026-07-29T00:00:00Z,REG-ISLAND,PROD-AS-200,12919,110,22.751
2026-07-29T00:00:00Z,REG-ISLAND,PROD-LB-400,14442,109,22.751
2026-07-29T00:00:00Z,REG-ISLAND,PROD-DM-300,6953,59,22.752
2026-07-29T00:00:00Z,REG-ISLAND,PROD-VD-500,3099,28,22.748
2026-07-29T00:00:00Z,REG-NORTH,PROD-HS-100,33056,317,22.751
2026-07-29T00:00:00Z,REG-NORTH,PROD-HS-110,13492,114,22.752
2026-07-29T00:00:00Z,REG-NORTH,PROD-AS-200,17820,165,22.751
2026-07-29T00:00:00Z,REG-NORTH,PROD-LB-400,19978,207,22.751
2026-07-29T00:00:00Z,REG-NORTH,PROD-DM-300,9574,87,22.751
2026-07-29T00:00:00Z,REG-NORTH,PROD-VD-500,4289,35,22.749
2026-07-29T00:00:00Z,REG-CENTRAL,PROD-HS-100,29871,249,22.751
2026-07-29T00:00:00Z,REG-CENTRAL,PROD-HS-110,12437,129,22.75
2026-07-29T00:00:00Z,REG-CENTRAL,PROD-AS-200,16386,119,22.751
2026-07-29T00:00:00Z,REG-CENTRAL,PROD-LB-400,18386,185,22.751
2026-07-29T00:00:00Z,REG-CENTRAL,PROD-DM-300,8799,63,22.75
2026-07-29T00:00:00Z,REG-CENTRAL,PROD-VD-500,3947,34,22.75
2026-07-30T00:00:00Z,REG-COASTAL,PROD-HS-100,49760,410,22.545
2026-07-30T00:00:00Z,REG-COASTAL,PROD-HS-110,18904,169,22.545
2026-07-30T00:00:00Z,REG-COASTAL,PROD-AS-200,24965,234,22.544
2026-07-30T00:00:00Z,REG-COASTAL,PROD-LB-400,27899,214,22.545
2026-07-30T00:00:00Z,REG-COASTAL,PROD-DM-300,13416,115,22.544
2026-07-30T00:00:00Z,REG-COASTAL,PROD-VD-500,6000,48,22.545
2026-07-30T00:00:00Z,REG-SOUTH,PROD-HS-100,40483,376,22.545
2026-07-30T00:00:00Z,REG-SOUTH,PROD-HS-110,15652,141,22.545
2026-07-30T00:00:00Z,REG-SOUTH,PROD-AS-200,20689,218,22.545
2026-07-30T00:00:00Z,REG-SOUTH,PROD-LB-400,23133,205,22.545
2026-07-30T00:00:00Z,REG-SOUTH,PROD-DM-300,11116,114,22.545
2026-07-30T00:00:00Z,REG-SOUTH,PROD-VD-500,4965,50,22.546
2026-07-30T00:00:00Z,REG-DELTA,PROD-HS-100,34954,258,22.545
2026-07-30T00:00:00Z,REG-DELTA,PROD-HS-110,13780,118,22.545
2026-07-30T00:00:00Z,REG-DELTA,PROD-AS-200,18208,172,22.545
2026-07-30T00:00:00Z,REG-DELTA,PROD-LB-400,20395,195,22.545
2026-07-30T00:00:00Z,REG-DELTA,PROD-DM-300,9771,77,22.544
2026-07-30T00:00:00Z,REG-DELTA,PROD-VD-500,4374,45,22.547
2026-07-30T00:00:00Z,REG-ISLAND,PROD-HS-100,24123,226,22.544
2026-07-30T00:00:00Z,REG-ISLAND,PROD-HS-110,9654,73,22.544
2026-07-30T00:00:00Z,REG-ISLAND,PROD-AS-200,12749,101,22.545
2026-07-30T00:00:00Z,REG-ISLAND,PROD-LB-400,14264,106,22.545
2026-07-30T00:00:00Z,REG-ISLAND,PROD-DM-300,6866,58,22.543
2026-07-30T00:00:00Z,REG-ISLAND,PROD-VD-500,3069,25,22.548
2026-07-30T00:00:00Z,REG-NORTH,PROD-HS-100,32722,325,22.545
2026-07-30T00:00:00Z,REG-NORTH,PROD-HS-110,13325,114,22.544
2026-07-30T00:00:00Z,REG-NORTH,PROD-AS-200,17600,150,22.545
2026-07-30T00:00:00Z,REG-NORTH,PROD-LB-400,19696,172,22.545
2026-07-30T00:00:00Z,REG-NORTH,PROD-DM-300,9453,74,22.546
2026-07-30T00:00:00Z,REG-NORTH,PROD-VD-500,4226,33,22.543
2026-07-30T00:00:00Z,REG-CENTRAL,PROD-HS-100,29583,275,22.545
2026-07-30T00:00:00Z,REG-CENTRAL,PROD-HS-110,12287,113,22.544
2026-07-30T00:00:00Z,REG-CENTRAL,PROD-AS-200,16220,146,22.544
2026-07-30T00:00:00Z,REG-CENTRAL,PROD-LB-400,18162,171,22.545
2026-07-30T00:00:00Z,REG-CENTRAL,PROD-DM-300,8719,84,22.546
2026-07-30T00:00:00Z,REG-CENTRAL,PROD-VD-500,3885,30,22.544
2026-07-31T00:00:00Z,REG-COASTAL,PROD-HS-100,49322,424,22.369
2026-07-31T00:00:00Z,REG-COASTAL,PROD-HS-110,18721,177,22.369
2026-07-31T00:00:00Z,REG-COASTAL,PROD-AS-200,24723,252,22.368
2026-07-31T00:00:00Z,REG-COASTAL,PROD-LB-400,27612,233,22.368
2026-07-31T00:00:00Z,REG-COASTAL,PROD-DM-300,13254,101,22.369
2026-07-31T00:00:00Z,REG-COASTAL,PROD-VD-500,5936,53,22.369
2026-07-31T00:00:00Z,REG-SOUTH,PROD-HS-100,40076,327,22.369
2026-07-31T00:00:00Z,REG-SOUTH,PROD-HS-110,15489,144,22.369
2026-07-31T00:00:00Z,REG-SOUTH,PROD-AS-200,20447,203,22.369
2026-07-31T00:00:00Z,REG-SOUTH,PROD-LB-400,22857,198,22.368
2026-07-31T00:00:00Z,REG-SOUTH,PROD-DM-300,10992,98,22.37
2026-07-31T00:00:00Z,REG-SOUTH,PROD-VD-500,4912,36,22.367
2026-07-31T00:00:00Z,REG-DELTA,PROD-HS-100,34735,354,22.369
2026-07-31T00:00:00Z,REG-DELTA,PROD-HS-110,13628,117,22.369
2026-07-31T00:00:00Z,REG-DELTA,PROD-AS-200,17984,134,22.368
2026-07-31T00:00:00Z,REG-DELTA,PROD-LB-400,20157,182,22.368
2026-07-31T00:00:00Z,REG-DELTA,PROD-DM-300,9679,83,22.368
2026-07-31T00:00:00Z,REG-DELTA,PROD-VD-500,4328,33,22.37
2026-07-31T00:00:00Z,REG-ISLAND,PROD-HS-100,23920,232,22.368
2026-07-31T00:00:00Z,REG-ISLAND,PROD-HS-110,9576,92,22.368
2026-07-31T00:00:00Z,REG-ISLAND,PROD-AS-200,12616,90,22.368
2026-07-31T00:00:00Z,REG-ISLAND,PROD-LB-400,14150,147,22.369
2026-07-31T00:00:00Z,REG-ISLAND,PROD-DM-300,6792,59,22.369
2026-07-31T00:00:00Z,REG-ISLAND,PROD-VD-500,3044,24,22.37
2026-07-31T00:00:00Z,REG-NORTH,PROD-HS-100,32442,343,22.369
2026-07-31T00:00:00Z,REG-NORTH,PROD-HS-110,13163,100,22.368
2026-07-31T00:00:00Z,REG-NORTH,PROD-AS-200,17411,142,22.369
2026-07-31T00:00:00Z,REG-NORTH,PROD-LB-400,19491,164,22.369
2026-07-31T00:00:00Z,REG-NORTH,PROD-DM-300,9365,82,22.369
2026-07-31T00:00:00Z,REG-NORTH,PROD-VD-500,4200,39,22.371
2026-07-31T00:00:00Z,REG-CENTRAL,PROD-HS-100,29260,225,22.369
2026-07-31T00:00:00Z,REG-CENTRAL,PROD-HS-110,12144,110,22.368
2026-07-31T00:00:00Z,REG-CENTRAL,PROD-AS-200,16031,149,22.369
2026-07-31T00:00:00Z,REG-CENTRAL,PROD-LB-400,17952,169,22.369
2026-07-31T00:00:00Z,REG-CENTRAL,PROD-DM-300,8630,85,22.369
2026-07-31T00:00:00Z,REG-CENTRAL,PROD-VD-500,3864,39,22.368
2026-08-01T00:00:00Z,REG-COASTAL,PROD-HS-100,49059,519,22.225
2026-08-01T00:00:00Z,REG-COASTAL,PROD-HS-110,18529,171,22.225
2026-08-01T00:00:00Z,REG-COASTAL,PROD-AS-200,24482,257,22.225
2026-08-01T00:00:00Z,REG-COASTAL,PROD-LB-400,27353,216,22.225
2026-08-01T00:00:00Z,REG-COASTAL,PROD-DM-300,13165,141,22.225
2026-08-01T00:00:00Z,REG-COASTAL,PROD-VD-500,5879,56,22.225
2026-08-01T00:00:00Z,REG-SOUTH,PROD-HS-100,39825,398,22.225
2026-08-01T00:00:00Z,REG-SOUTH,PROD-HS-110,15318,116,22.225
2026-08-01T00:00:00Z,REG-SOUTH,PROD-AS-200,20236,167,22.225
2026-08-01T00:00:00Z,REG-SOUTH,PROD-LB-400,22628,181,22.225
2026-08-01T00:00:00Z,REG-SOUTH,PROD-DM-300,10886,107,22.225
2026-08-01T00:00:00Z,REG-SOUTH,PROD-VD-500,4863,40,22.226
2026-08-01T00:00:00Z,REG-DELTA,PROD-HS-100,34382,266,22.225
2026-08-01T00:00:00Z,REG-DELTA,PROD-HS-110,13488,108,22.226
2026-08-01T00:00:00Z,REG-DELTA,PROD-AS-200,17833,164,22.225
2026-08-01T00:00:00Z,REG-DELTA,PROD-LB-400,19950,170,22.225
2026-08-01T00:00:00Z,REG-DELTA,PROD-DM-300,9593,81,22.224
2026-08-01T00:00:00Z,REG-DELTA,PROD-VD-500,4276,31,22.225
2026-08-01T00:00:00Z,REG-ISLAND,PROD-HS-100,23698,184,22.225
2026-08-01T00:00:00Z,REG-ISLAND,PROD-HS-110,9492,91,22.225
2026-08-01T00:00:00Z,REG-ISLAND,PROD-AS-200,12494,92,22.226
2026-08-01T00:00:00Z,REG-ISLAND,PROD-LB-400,13999,131,22.224
2026-08-01T00:00:00Z,REG-ISLAND,PROD-DM-300,6726,58,22.227
2026-08-01T00:00:00Z,REG-ISLAND,PROD-VD-500,3007,29,22.224
2026-08-01T00:00:00Z,REG-NORTH,PROD-HS-100,32094,245,22.225
2026-08-01T00:00:00Z,REG-NORTH,PROD-HS-110,13078,121,22.225
2026-08-01T00:00:00Z,REG-NORTH,PROD-AS-200,17241,150,22.225
2026-08-01T00:00:00Z,REG-NORTH,PROD-LB-400,19331,195,22.225
2026-08-01T00:00:00Z,REG-NORTH,PROD-DM-300,9290,89,22.225
2026-08-01T00:00:00Z,REG-NORTH,PROD-VD-500,4155,43,22.227
2026-08-01T00:00:00Z,REG-CENTRAL,PROD-HS-100,29101,275,22.225
2026-08-01T00:00:00Z,REG-CENTRAL,PROD-HS-110,12041,128,22.226
2026-08-01T00:00:00Z,REG-CENTRAL,PROD-AS-200,15852,117,22.225
2026-08-01T00:00:00Z,REG-CENTRAL,PROD-LB-400,17805,180,22.226
2026-08-01T00:00:00Z,REG-CENTRAL,PROD-DM-300,8546,78,22.226
2026-08-01T00:00:00Z,REG-CENTRAL,PROD-VD-500,3808,30,22.224
2026-08-02T00:00:00Z,REG-COASTAL,PROD-HS-100,36553,372,22.116
2026-08-02T00:00:00Z,REG-COASTAL,PROD-HS-110,13775,130,22.115
2026-08-02T00:00:00Z,REG-COASTAL,PROD-AS-200,18199,175,22.115
2026-08-02T00:00:00Z,REG-COASTAL,PROD-LB-400,20384,214,22.116
2026-08-02T00:00:00Z,REG-COASTAL,PROD-DM-300,9761,74,22.116
2026-08-02T00:00:00Z,REG-COASTAL,PROD-VD-500,4373,38,22.117
2026-08-02T00:00:00Z,REG-SOUTH,PROD-HS-100,29622,230,22.116
2026-08-02T00:00:00Z,REG-SOUTH,PROD-HS-110,11395,94,22.115
2026-08-02T00:00:00Z,REG-SOUTH,PROD-AS-200,15066,138,22.116
2026-08-02T00:00:00Z,REG-SOUTH,PROD-LB-400,16826,129,22.115
2026-08-02T00:00:00Z,REG-SOUTH,PROD-DM-300,8107,79,22.116
2026-08-02T00:00:00Z,REG-SOUTH,PROD-VD-500,3611,28,22.117
2026-08-02T00:00:00Z,REG-DELTA,PROD-HS-100,25624,191,22.116
2026-08-02T00:00:00Z,REG-DELTA,PROD-HS-110,10051,99,22.116
2026-08-02T00:00:00Z,REG-DELTA,PROD-AS-200,13281,122,22.116
2026-08-02T00:00:00Z,REG-DELTA,PROD-LB-400,14844,115,22.116
2026-08-02T00:00:00Z,REG-DELTA,PROD-DM-300,7145,68,22.116
2026-08-02T00:00:00Z,REG-DELTA,PROD-VD-500,3187,24,22.119
2026-08-02T00:00:00Z,REG-ISLAND,PROD-HS-100,17648,132,22.116
2026-08-02T00:00:00Z,REG-ISLAND,PROD-HS-110,7051,62,22.117
2026-08-02T00:00:00Z,REG-ISLAND,PROD-AS-200,9293,71,22.115
2026-08-02T00:00:00Z,REG-ISLAND,PROD-LB-400,10407,79,22.116
2026-08-02T00:00:00Z,REG-ISLAND,PROD-DM-300,5000,46,22.116
2026-08-02T00:00:00Z,REG-ISLAND,PROD-VD-500,2231,19,22.12
2026-08-02T00:00:00Z,REG-NORTH,PROD-HS-100,23909,179,22.116
2026-08-02T00:00:00Z,REG-NORTH,PROD-HS-110,9746,104,22.115
2026-08-02T00:00:00Z,REG-NORTH,PROD-AS-200,12823,106,22.117
2026-08-02T00:00:00Z,REG-NORTH,PROD-LB-400,14349,106,22.116
2026-08-02T00:00:00Z,REG-NORTH,PROD-DM-300,6902,68,22.117
2026-08-02T00:00:00Z,REG-NORTH,PROD-VD-500,3075,23,22.116
2026-08-02T00:00:00Z,REG-CENTRAL,PROD-HS-100,21677,203,22.115
2026-08-02T00:00:00Z,REG-CENTRAL,PROD-HS-110,8963,95,22.115
2026-08-02T00:00:00Z,REG-CENTRAL,PROD-AS-200,11822,123,22.115
2026-08-02T00:00:00Z,REG-CENTRAL,PROD-LB-400,13256,141,22.116
2026-08-02T00:00:00Z,REG-CENTRAL,PROD-DM-300,6364,61,22.116
2026-08-02T00:00:00Z,REG-CENTRAL,PROD-VD-500,2831,22,22.118
2026-08-03T00:00:00Z,REG-COASTAL,PROD-HS-100,51229,378,22.042
2026-08-03T00:00:00Z,REG-COASTAL,PROD-HS-110,18282,185,22.043
2026-08-03T00:00:00Z,REG-COASTAL,PROD-AS-200,24110,238,22.042
2026-08-03T00:00:00Z,REG-COASTAL,PROD-LB-400,26988,251,22.042
2026-08-03T00:00:00Z,REG-COASTAL,PROD-DM-300,12952,124,22.041
2026-08-03T00:00:00Z,REG-COASTAL,PROD-VD-500,5797,44,22.042
2026-08-03T00:00:00Z,REG-SOUTH,PROD-HS-100,42482,404,22.042
2026-08-03T00:00:00Z,REG-SOUTH,PROD-HS-110,15121,154,22.043
2026-08-03T00:00:00Z,REG-SOUTH,PROD-AS-200,19934,162,22.042
2026-08-03T00:00:00Z,REG-SOUTH,PROD-LB-400,22335,205,22.042
2026-08-03T00:00:00Z,REG-SOUTH,PROD-DM-300,10726,102,22.041
2026-08-03T00:00:00Z,REG-SOUTH,PROD-VD-500,4800,39,22.042
2026-08-03T00:00:00Z,REG-DELTA,PROD-HS-100,37496,399,22.042
2026-08-03T00:00:00Z,REG-DELTA,PROD-HS-110,13336,133,22.042
2026-08-03T00:00:00Z,REG-DELTA,PROD-AS-200,17575,162,22.042
2026-08-03T00:00:00Z,REG-DELTA,PROD-LB-400,19685,178,22.042
2026-08-03T00:00:00Z,REG-DELTA,PROD-DM-300,9463,95,22.042
2026-08-03T00:00:00Z,REG-DELTA,PROD-VD-500,4219,31,22.042
2026-08-03T00:00:00Z,REG-ISLAND,PROD-HS-100,26238,228,22.042
2026-08-03T00:00:00Z,REG-ISLAND,PROD-HS-110,9333,75,22.043
2026-08-03T00:00:00Z,REG-ISLAND,PROD-AS-200,12333,122,22.042
2026-08-03T00:00:00Z,REG-ISLAND,PROD-LB-400,13787,121,22.042
2026-08-03T00:00:00Z,REG-ISLAND,PROD-DM-300,6617,48,22.044
2026-08-03T00:00:00Z,REG-ISLAND,PROD-VD-500,2955,23,22.045
2026-08-03T00:00:00Z,REG-NORTH,PROD-HS-100,36194,332,22.042
2026-08-03T00:00:00Z,REG-NORTH,PROD-HS-110,12885,123,22.041
2026-08-03T00:00:00Z,REG-NORTH,PROD-AS-200,17016,176,22.042
2026-08-03T00:00:00Z,REG-NORTH,PROD-LB-400,19068,200,22.042
2026-08-03T00:00:00Z,REG-NORTH,PROD-DM-300,9157,98,22.041
2026-08-03T00:00:00Z,REG-NORTH,PROD-VD-500,4088,32,22.043
2026-08-03T00:00:00Z,REG-CENTRAL,PROD-HS-100,33377,358,22.042
2026-08-03T00:00:00Z,REG-CENTRAL,PROD-HS-110,11842,94,22.041
2026-08-03T00:00:00Z,REG-CENTRAL,PROD-AS-200,15660,142,22.043
2026-08-03T00:00:00Z,REG-CENTRAL,PROD-LB-400,17497,128,22.042
2026-08-03T00:00:00Z,REG-CENTRAL,PROD-DM-300,8399,67,22.042
2026-08-03T00:00:00Z,REG-CENTRAL,PROD-VD-500,3763,38,22.041
