timestamp,regionId,stationId,temperatureC,feelsLikeC,uvIndex,humidityPct,precipitationMm,cloudCoverPct,windSpeedKph,pressureHpa,provenance
2026-06-22T00:00:00Z,REG-COASTAL,WXS-COASTAL-01,23.61,23.84,0,71.82,0,32.4,16.17,1012.38,external
2026-06-22T01:00:00Z,REG-COASTAL,WXS-COASTAL-01,23.05,23.34,0,72.87,0,26.61,15.37,1012.52,external
2026-06-22T02:00:00Z,REG-COASTAL,WXS-COASTAL-01,22.47,22.76,0,73.93,0,28.49,16.06,1012.66,external
2026-06-22T03:00:00Z,REG-COASTAL,WXS-COASTAL-01,22.51,22.88,0,73.85,0,29.51,14.37,1012.77,external
2026-06-22T04:00:00Z,REG-COASTAL,WXS-COASTAL-01,22.7,22.98,0,73.51,0,27.3,15.96,1012.86,external
2026-06-22T05:00:00Z,REG-COASTAL,WXS-COASTAL-01,23.11,23.41,0,72.74,0,29.09,15.27,1012.91,external
2026-06-22T06:00:00Z,REG-COASTAL,WXS-COASTAL-01,23.55,23.81,0,71.94,0,31.11,15.55,1012.93,external
2026-06-22T07:00:00Z,REG-COASTAL,WXS-COASTAL-01,24.42,24.62,2.17,70.32,0,28.03,16.05,1012.91,external
2026-06-22T08:00:00Z,REG-COASTAL,WXS-COASTAL-01,25.36,25.52,4.213,68.59,0,28.11,15.96,1012.86,external
2026-06-22T09:00:00Z,REG-COASTAL,WXS-COASTAL-01,26.34,26.65,6.012,66.78,0,25.94,13.05,1012.77,external
2026-06-22T10:00:00Z,REG-COASTAL,WXS-COASTAL-01,27.3,27.71,7.461,64.99,0,25.39,15.21,1012.66,external
2026-06-22T11:00:00Z,REG-COASTAL,WXS-COASTAL-01,28.43,28.96,8.477,62.9,0,27.64,14.97,1012.52,external
2026-06-22T12:00:00Z,REG-COASTAL,WXS-COASTAL-01,29.2,29.79,9,61.48,0,22.75,14.67,1012.38,external
2026-06-22T13:00:00Z,REG-COASTAL,WXS-COASTAL-01,29.87,30.39,9,60.25,0,20.71,15.39,1012.24,external
2026-06-22T14:00:00Z,REG-COASTAL,WXS-COASTAL-01,30.26,30.69,8.477,59.51,0,20.63,15.32,1012.11,external
2026-06-22T15:00:00Z,REG-COASTAL,WXS-COASTAL-01,30.3,30.56,7.461,59.44,0,21.08,15.4,1011.99,external
2026-06-22T16:00:00Z,REG-COASTAL,WXS-COASTAL-01,30.2,30.29,6.012,59.63,0,26.83,14.08,1011.9,external
2026-06-22T17:00:00Z,REG-COASTAL,WXS-COASTAL-01,29.8,29.81,4.213,60.37,0,27.22,14.84,1011.85,external
2026-06-22T18:00:00Z,REG-COASTAL,WXS-COASTAL-01,29.14,29.12,2.17,61.6,0,28.14,16.07,1011.83,external
2026-06-22T19:00:00Z,REG-COASTAL,WXS-COASTAL-01,28.31,28.35,0,63.13,0,30.84,15.55,1011.85,external
2026-06-22T20:00:00Z,REG-COASTAL,WXS-COASTAL-01,27.44,27.55,0,64.74,0,33.11,15,1011.9,external
2026-06-22T21:00:00Z,REG-COASTAL,WXS-COASTAL-01,26.35,26.53,0,66.75,0,27.01,14.6,1011.99,external
2026-06-22T22:00:00Z,REG-COASTAL,WXS-COASTAL-01,25.48,25.67,0,68.36,0,29.25,15.16,1012.11,external
2026-06-22T23:00:00Z,REG-COASTAL,WXS-COASTAL-01,24.42,24.61,0,70.33,0,33.51,16.18,1012.24,external
2026-06-22T00:00:00Z,REG-SOUTH,WXS-SOUTH-01,24.4,24.53,0,67.3,0,22.11,15.86,1011.28,external
2026-06-22T01:00:00Z,REG-SOUTH,WXS-SOUTH-01,23.68,23.85,0,68.62,0,17.58,15.8,1011.34,external
2026-06-22T02:00:00Z,REG-SOUTH,WXS-SOUTH-01,23.31,23.44,0,69.32,0,16.76,17.03,1011.37,external
2026-06-22T03:00:00Z,REG-SOUTH,WXS-SOUTH-01,23.12,23.33,0,69.65,0,15.54,15.59,1011.36,external
2026-06-22T04:00:00Z,REG-SOUTH,WXS-SOUTH-01,23.24,23.46,0,69.43,0,14.8,15.24,1011.31,external
2026-06-22T05:00:00Z,REG-SOUTH,WXS-SOUTH-01,23.75,23.91,0,68.49,0,18.9,15.93,1011.23,external
2026-06-22T06:00:00Z,REG-SOUTH,WXS-SOUTH-01,24.25,24.39,0,67.57,0,17.34,15.89,1011.12,external
2026-06-22T07:00:00Z,REG-SOUTH,WXS-SOUTH-01,25.37,25.42,2.266,65.5,0,15.69,16.59,1010.99,external
2026-06-22T08:00:00Z,REG-SOUTH,WXS-SOUTH-01,26.47,26.54,4.4,63.45,0,13.14,15.29,1010.85,external
2026-06-22T09:00:00Z,REG-SOUTH,WXS-SOUTH-01,27.63,27.89,6.278,61.31,0,7.66,14.51,1010.7,external
2026-06-22T10:00:00Z,REG-SOUTH,WXS-SOUTH-01,28.67,29.11,7.791,59.39,0,18.06,15.38,1010.57,external
2026-06-22T11:00:00Z,REG-SOUTH,WXS-SOUTH-01,29.93,30.51,8.852,57.05,0,9.48,15.38,1010.45,external
2026-06-22T12:00:00Z,REG-SOUTH,WXS-SOUTH-01,30.72,31.31,9.398,55.59,0,7.59,16.38,1010.36,external
2026-06-22T13:00:00Z,REG-SOUTH,WXS-SOUTH-01,31.57,32.16,9.398,54.02,0,9.5,15.67,1010.3,external
2026-06-22T14:00:00Z,REG-SOUTH,WXS-SOUTH-01,31.82,32.22,8.852,53.56,0,8.1,17.33,1010.27,external
2026-06-22T15:00:00Z,REG-SOUTH,WXS-SOUTH-01,32.18,32.4,7.791,52.91,0,12.32,16.55,1010.28,external
2026-06-22T16:00:00Z,REG-SOUTH,WXS-SOUTH-01,31.91,31.96,6.278,53.4,0,14.5,14.75,1010.33,external
2026-06-22T17:00:00Z,REG-SOUTH,WXS-SOUTH-01,31.36,31.13,4.4,54.42,0,11.08,16.72,1010.41,external
2026-06-22T18:00:00Z,REG-SOUTH,WXS-SOUTH-01,30.76,30.6,2.266,55.53,0,15.23,15.79,1010.52,external
2026-06-22T19:00:00Z,REG-SOUTH,WXS-SOUTH-01,29.84,29.72,0,57.22,0,17.16,15.88,1010.65,external
2026-06-22T20:00:00Z,REG-SOUTH,WXS-SOUTH-01,28.76,28.68,0,59.23,0,14.45,16.13,1010.79,external
2026-06-22T21:00:00Z,REG-SOUTH,WXS-SOUTH-01,27.66,27.61,0,61.27,0,19.67,16.52,1010.94,external
2026-06-22T22:00:00Z,REG-SOUTH,WXS-SOUTH-01,26.37,26.44,0,63.64,0,19.28,15.33,1011.07,external
2026-06-22T23:00:00Z,REG-SOUTH,WXS-SOUTH-01,25.38,25.37,0,65.48,0,12.4,18.08,1011.19,external
2026-06-22T00:00:00Z,REG-DELTA,WXS-DELTA-01,26.24,26.58,0,82.52,0,37.02,19.62,1013.62,external
2026-06-22T01:00:00Z,REG-DELTA,WXS-DELTA-01,25.81,26.25,0,83.32,0,35.35,17.83,1013.54,external
2026-06-22T02:00:00Z,REG-DELTA,WXS-DELTA-01,25.33,25.78,0,84.21,0,37.97,18.21,1013.44,external
2026-06-22T03:00:00Z,REG-DELTA,WXS-DELTA-01,25.27,25.76,0,84.32,0,34.77,17.39,1013.31,external
2026-06-22T04:00:00Z,REG-DELTA,WXS-DELTA-01,25.45,25.95,0,83.99,0,32.59,16.94,1013.17,external
2026-06-22T05:00:00Z,REG-DELTA,WXS-DELTA-01,25.83,26.19,0,83.29,0,30.78,19.71,1013.03,external
2026-06-22T06:00:00Z,REG-DELTA,WXS-DELTA-01,26.39,26.81,0,82.24,0,35.24,17.82,1012.89,external
2026-06-22T07:00:00Z,REG-DELTA,WXS-DELTA-01,27.12,27.48,2.233,80.89,0,34.32,18.3,1012.77,external
2026-06-22T08:00:00Z,REG-DELTA,WXS-DELTA-01,27.89,28.21,4.335,79.47,0,31.11,18.45,1012.67,external
2026-06-22T09:00:00Z,REG-DELTA,WXS-DELTA-01,29.2,29.48,6.186,77.04,0,27.69,18.13,1012.6,external
2026-06-22T10:00:00Z,REG-DELTA,WXS-DELTA-01,30.16,30.54,7.678,75.27,0,28.15,19.03,1012.57,external
2026-06-22T11:00:00Z,REG-DELTA,WXS-DELTA-01,30.99,31.56,8.723,73.73,0,24.32,17.3,1012.58,external
2026-06-22T12:00:00Z,REG-DELTA,WXS-DELTA-01,31.88,32.43,9.261,72.08,0,24.1,18.65,1012.62,external
2026-06-22T13:00:00Z,REG-DELTA,WXS-DELTA-01,32.58,33.16,9.261,70.79,0,26.08,17.1,1012.7,external
2026-06-22T14:00:00Z,REG-DELTA,WXS-DELTA-01,32.79,33.21,8.723,70.4,0,28.95,18.7,1012.8,external
2026-06-22T15:00:00Z,REG-DELTA,WXS-DELTA-01,33.14,33.5,7.678,69.75,0,25.09,16.48,1012.93,external
2026-06-22T16:00:00Z,REG-DELTA,WXS-DELTA-01,32.98,33.04,6.186,70.05,0,29.54,19.08,1013.07,external
2026-06-22T17:00:00Z,REG-DELTA,WXS-DELTA-01,32.32,32.46,4.335,71.26,0,28.75,18.03,1013.21,external
2026-06-22T18:00:00Z,REG-DELTA,WXS-DELTA-01,31.87,32,2.233,72.1,0,31.53,18.57,1013.35,external
2026-06-22T19:00:00Z,REG-DELTA,WXS-DELTA-01,31.09,31.3,0,73.54,0,35.87,17.66,1013.47,external
2026-06-22T20:00:00Z,REG-DELTA,WXS-DELTA-01,30.02,30.2,0,75.53,0,33.39,19.43,1013.57,external
2026-06-22T21:00:00Z,REG-DELTA,WXS-DELTA-01,28.98,29.25,0,77.45,0,36.44,18.38,1013.64,external
2026-06-22T22:00:00Z,REG-DELTA,WXS-DELTA-01,28.16,28.46,0,78.97,0,36.36,18.67,1013.67,external
2026-06-22T23:00:00Z,REG-DELTA,WXS-DELTA-01,27.15,27.52,0,80.84,0,30.95,18.18,1013.66,external
2026-06-22T00:00:00Z,REG-ISLAND,WXS-ISLAND-01,24.41,24.69,0,79.57,0,65.7,19.26,1007.97,external
2026-06-22T01:00:00Z,REG-ISLAND,WXS-ISLAND-01,24.06,24.34,0,80.2,0,63.78,19.88,1007.82,external
2026-06-22T02:00:00Z,REG-ISLAND,WXS-ISLAND-01,23.7,23.99,0,80.87,0,67.9,19.96,1007.68,external
2026-06-22T03:00:00Z,REG-ISLAND,WXS-ISLAND-01,23.35,23.67,0,81.52,0,64.42,19.6,1007.56,external
2026-06-22T04:00:00Z,REG-ISLAND,WXS-ISLAND-01,23.56,23.91,0,81.14,0,67.51,18.78,1007.46,external
2026-06-22T05:00:00Z,REG-ISLAND,WXS-ISLAND-01,23.84,24.14,0,80.62,0,65.27,19.48,1007.38,external
2026-06-22T06:00:00Z,REG-ISLAND,WXS-ISLAND-01,24.46,24.79,0,79.47,0,66.52,18.34,1007.35,external
2026-06-22T07:00:00Z,REG-ISLAND,WXS-ISLAND-01,25.06,25.32,1.954,78.36,0,67.03,19.22,1007.34,external
2026-06-22T08:00:00Z,REG-ISLAND,WXS-ISLAND-01,25.74,25.95,3.794,77.09,0,63.15,19.66,1007.38,external
2026-06-22T09:00:00Z,REG-ISLAND,WXS-ISLAND-01,26.47,26.66,5.414,75.74,0,61.79,19.31,1007.45,external
2026-06-22T10:00:00Z,REG-ISLAND,WXS-ISLAND-01,27.23,27.41,6.719,74.33,0,60.3,18.87,1007.55,external
2026-06-22T11:00:00Z,REG-ISLAND,WXS-ISLAND-01,27.81,27.98,7.634,73.28,0,63.16,18.36,1007.67,external
2026-06-22T12:00:00Z,REG-ISLAND,WXS-ISLAND-01,28.51,28.62,8.105,75.97,2.693,72.67,21.29,1007.81,external
2026-06-22T13:00:00Z,REG-ISLAND,WXS-ISLAND-01,29.02,29.03,8.105,75.04,2.307,68.93,22.9,1007.96,external
2026-06-22T14:00:00Z,REG-ISLAND,WXS-ISLAND-01,29.37,29.47,7.634,70.39,0,59.89,18.25,1008.1,external
2026-06-22T15:00:00Z,REG-ISLAND,WXS-ISLAND-01,29.41,29.46,6.719,70.32,0,55.62,19.31,1008.22,external
2026-06-22T16:00:00Z,REG-ISLAND,WXS-ISLAND-01,29.29,29.39,5.414,70.54,0,65,18.27,1008.32,external
2026-06-22T17:00:00Z,REG-ISLAND,WXS-ISLAND-01,29.04,29.16,3.794,71,0,61.18,18.19,1008.4,external
2026-06-22T18:00:00Z,REG-ISLAND,WXS-ISLAND-01,28.35,28.47,1.954,72.27,0,61.57,19.06,1008.43,external
2026-06-22T19:00:00Z,REG-ISLAND,WXS-ISLAND-01,27.99,28.14,0,72.94,0,64.38,18.57,1008.44,external
2026-06-22T20:00:00Z,REG-ISLAND,WXS-ISLAND-01,27.34,27.49,0,74.14,0,65.96,19.23,1008.4,external
2026-06-22T21:00:00Z,REG-ISLAND,WXS-ISLAND-01,26.49,26.67,0,75.71,0,65.99,19.58,1008.33,external
2026-06-22T22:00:00Z,REG-ISLAND,WXS-ISLAND-01,25.79,25.95,0,77.01,0,65.58,20.71,1008.23,external
2026-06-22T23:00:00Z,REG-ISLAND,WXS-ISLAND-01,24.99,25.26,0,78.48,0,66.73,19.18,1008.11,external
2026-06-22T00:00:00Z,REG-NORTH,WXS-NORTH-01,13.44,13.73,0,76.6,0,48.24,17.6,1016.6,external
2026-06-22T01:00:00Z,REG-NORTH,WXS-NORTH-01,12.96,13.31,0,77.49,0,47,16.66,1016.52,external
2026-06-22T02:00:00Z,REG-NORTH,WXS-NORTH-01,12.63,12.95,0,78.09,0,47.47,17.73,1016.48,external
2026-06-22T03:00:00Z,REG-NORTH,WXS-NORTH-01,12.63,12.89,0,78.1,0,46.32,19.09,1016.47,external
2026-06-22T04:00:00Z,REG-NORTH,WXS-NORTH-01,12.45,12.77,0,78.44,0,54.23,17.86,1016.5,external
2026-06-22T05:00:00Z,REG-NORTH,WXS-NORTH-01,12.97,13.25,0,77.46,0,49.03,18.32,1016.57,external
2026-06-22T06:00:00Z,REG-NORTH,WXS-NORTH-01,13.43,13.81,0,76.61,0,45.79,15.7,1016.66,external
2026-06-22T07:00:00Z,REG-NORTH,WXS-NORTH-01,14.27,14.6,0.902,75.06,0,47.15,15.87,1016.78,external
2026-06-22T08:00:00Z,REG-NORTH,WXS-NORTH-01,14.97,15.16,1.751,73.77,0,40.67,18.26,1016.92,external
2026-06-22T09:00:00Z,REG-NORTH,WXS-NORTH-01,16.05,16.2,2.498,71.77,0,42.24,17.97,1017.06,external
2026-06-22T10:00:00Z,REG-NORTH,WXS-NORTH-01,16.57,16.78,3.101,70.81,0,42.66,15.98,1017.2,external
2026-06-22T11:00:00Z,REG-NORTH,WXS-NORTH-01,17.49,17.58,3.523,69.1,0,40.12,18.09,1017.33,external
2026-06-22T12:00:00Z,REG-NORTH,WXS-NORTH-01,18.06,18.28,3.74,68.05,0,40.39,15.92,1017.44,external
2026-06-22T13:00:00Z,REG-NORTH,WXS-NORTH-01,18.59,18.66,3.74,67.07,0,39.94,18.66,1017.52,external
2026-06-22T14:00:00Z,REG-NORTH,WXS-NORTH-01,18.82,18.87,3.523,66.65,0,42.63,17.63,1017.56,external
2026-06-22T15:00:00Z,REG-NORTH,WXS-NORTH-01,18.96,18.98,3.101,66.39,0,46.23,17.81,1017.57,external
2026-06-22T16:00:00Z,REG-NORTH,WXS-NORTH-01,18.9,18.93,2.498,66.49,0,42.76,17.78,1017.54,external
2026-06-22T17:00:00Z,REG-NORTH,WXS-NORTH-01,18.57,18.64,1.751,67.12,0,45.75,17.1,1017.47,external
2026-06-22T18:00:00Z,REG-NORTH,WXS-NORTH-01,18.14,18.2,0.902,67.91,0,46.5,17.81,1017.38,external
2026-06-22T19:00:00Z,REG-NORTH,WXS-NORTH-01,17.44,17.58,0,69.2,0,47.12,16.8,1017.26,external
2026-06-22T20:00:00Z,REG-NORTH,WXS-NORTH-01,16.53,16.66,0,70.89,0,50.29,17.78,1017.12,external
2026-06-22T21:00:00Z,REG-NORTH,WXS-NORTH-01,15.77,16.01,0,72.28,0,47.7,16.34,1016.98,external
2026-06-22T22:00:00Z,REG-NORTH,WXS-NORTH-01,14.9,15.04,0,73.89,0,47.96,19.43,1016.84,external
2026-06-22T23:00:00Z,REG-NORTH,WXS-NORTH-01,14.17,14.45,0,75.25,0,47.73,16.96,1016.71,external
2026-06-22T00:00:00Z,REG-CENTRAL,WXS-CENTRAL-01,16.47,16.37,0,70.61,0,65.29,22.9,1008.05,external
2026-06-22T01:00:00Z,REG-CENTRAL,WXS-CENTRAL-01,15.94,15.9,0,71.58,0,67.26,22.18,1008.11,external
2026-06-22T02:00:00Z,REG-CENTRAL,WXS-CENTRAL-01,15.66,15.6,0,72.11,0,64.4,22.87,1008.2,external
2026-06-22T03:00:00Z,REG-CENTRAL,WXS-CENTRAL-01,15.82,15.72,0,71.8,0,66.75,23.68,1008.32,external
2026-06-22T04:00:00Z,REG-CENTRAL,WXS-CENTRAL-01,15.7,15.67,0,72.02,0,65.2,22.17,1008.45,external
2026-06-22T05:00:00Z,REG-CENTRAL,WXS-CENTRAL-01,16,15.91,0,71.47,0,68.01,23.2,1008.59,external
2026-06-22T06:00:00Z,REG-CENTRAL,WXS-CENTRAL-01,16.4,16.34,0,70.74,0,67.19,22.04,1008.74,external
2026-06-22T07:00:00Z,REG-CENTRAL,WXS-CENTRAL-01,17.15,17.03,1.004,69.36,0,61.29,22.54,1008.87,external
2026-06-22T08:00:00Z,REG-CENTRAL,WXS-CENTRAL-01,17.78,17.57,1.949,68.18,0,62.57,24.03,1008.98,external
2026-06-22T09:00:00Z,REG-CENTRAL,WXS-CENTRAL-01,18.54,18.24,2.782,70.77,1.145,73.13,27.63,1009.06,external
2026-06-22T10:00:00Z,REG-CENTRAL,WXS-CENTRAL-01,19.24,18.98,3.452,69.49,0.959,70.33,25.77,1009.11,external
2026-06-22T11:00:00Z,REG-CENTRAL,WXS-CENTRAL-01,19.9,19.58,3.922,68.26,0.977,73.81,26.61,1009.13,external
2026-06-22T12:00:00Z,REG-CENTRAL,WXS-CENTRAL-01,20.47,20.16,4.164,63.2,0,60.84,23.41,1009.11,external
2026-06-22T13:00:00Z,REG-CENTRAL,WXS-CENTRAL-01,20.9,20.61,4.164,62.41,0,57.47,22.54,1009.05,external
2026-06-22T14:00:00Z,REG-CENTRAL,WXS-CENTRAL-01,21.32,20.94,3.922,61.63,0,58.22,24.07,1008.96,external
2026-06-22T15:00:00Z,REG-CENTRAL,WXS-CENTRAL-01,21.34,20.97,3.452,61.6,0,64.79,23.84,1008.84,external
2026-06-22T16:00:00Z,REG-CENTRAL,WXS-CENTRAL-01,21.34,20.95,2.782,61.61,0,63.7,24.25,1008.71,external
2026-06-22T17:00:00Z,REG-CENTRAL,WXS-CENTRAL-01,21.05,20.77,1.949,62.14,0,62.9,22.16,1008.57,external
2026-06-22T18:00:00Z,REG-CENTRAL,WXS-CENTRAL-01,20.52,20.2,1.004,63.12,0,67.07,23.65,1008.42,external
2026-06-22T19:00:00Z,REG-CENTRAL,WXS-CENTRAL-01,19.94,19.64,0,64.19,0,66.09,23.68,1008.29,external
2026-06-22T20:00:00Z,REG-CENTRAL,WXS-CENTRAL-01,19.26,18.98,0,65.45,0,65.31,24.06,1008.18,external
2026-06-22T21:00:00Z,REG-CENTRAL,WXS-CENTRAL-01,18.35,18.18,0,67.13,0,66.06,22.57,1008.1,external
2026-06-22T22:00:00Z,REG-CENTRAL,WXS-CENTRAL-01,17.75,17.56,0,68.24,0,65.73,23.53,1008.05,external
2026-06-22T23:00:00Z,REG-CENTRAL,WXS-CENTRAL-01,16.92,16.78,0,69.78,0,66.89,23.34,1008.03,external
2026-06-23T00:00:00Z,REG-COASTAL,WXS-COASTAL-01,23.83,24.18,0,73.69,0,23.07,14.57,1011.77,external
2026-06-23T01:00:00Z,REG-COASTAL,WXS-COASTAL-01,23.23,23.55,0,74.79,0,22.64,15.94,1011.91,external
2026-06-23T02:00:00Z,REG-COASTAL,WXS-COASTAL-01,22.72,23.12,0,75.74,0,26.78,14.74,1012.05,external
2026-06-23T03:00:00Z,REG-COASTAL,WXS-COASTAL-01,22.75,23.18,0,75.68,0,25.31,14.08,1012.16,external
2026-06-23T04:00:00Z,REG-COASTAL,WXS-COASTAL-01,22.74,23.08,0,75.71,0,20.7,15.93,1012.25,external
2026-06-23T05:00:00Z,REG-COASTAL,WXS-COASTAL-01,23.26,23.61,0,74.75,0,27.62,15.19,1012.3,external
2026-06-23T06:00:00Z,REG-COASTAL,WXS-COASTAL-01,23.93,24.22,0,73.51,0,23.39,15.83,1012.32,external
2026-06-23T07:00:00Z,REG-COASTAL,WXS-COASTAL-01,24.76,25,2.235,71.97,0,22.47,15.99,1012.3,external
2026-06-23T08:00:00Z,REG-COASTAL,WXS-COASTAL-01,25.63,25.94,4.34,70.36,0,16.28,13.68,1012.25,external
2026-06-23T09:00:00Z,REG-COASTAL,WXS-COASTAL-01,26.67,26.93,6.192,68.43,0,19.54,16.82,1012.16,external
2026-06-23T10:00:00Z,REG-COASTAL,WXS-COASTAL-01,27.69,28.18,7.685,66.54,0,17.5,16.35,1012.05,external
2026-06-23T11:00:00Z,REG-COASTAL,WXS-COASTAL-01,28.67,29.38,8.731,64.73,0,16.34,14.45,1011.91,external
2026-06-23T12:00:00Z,REG-COASTAL,WXS-COASTAL-01,29.63,30.34,9.27,62.95,0,17.36,15.44,1011.77,external
2026-06-23T13:00:00Z,REG-COASTAL,WXS-COASTAL-01,30.23,30.89,9.27,61.85,0,18.53,15.92,1011.63,external
2026-06-23T14:00:00Z,REG-COASTAL,WXS-COASTAL-01,30.56,31.17,8.731,61.24,0,18.53,14.68,1011.5,external
2026-06-23T15:00:00Z,REG-COASTAL,WXS-COASTAL-01,30.84,31.3,7.685,60.71,0,19.32,13.84,1011.38,external
2026-06-23T16:00:00Z,REG-COASTAL,WXS-COASTAL-01,30.74,30.9,6.192,60.9,0,23.92,14.98,1011.29,external
2026-06-23T17:00:00Z,REG-COASTAL,WXS-COASTAL-01,30.27,30.25,4.34,61.77,0,16.45,16.19,1011.24,external
2026-06-23T18:00:00Z,REG-COASTAL,WXS-COASTAL-01,29.57,29.65,2.235,63.06,0,20.85,14.77,1011.22,external
2026-06-23T19:00:00Z,REG-COASTAL,WXS-COASTAL-01,28.79,28.91,0,64.5,0,21.42,14.74,1011.24,external
2026-06-23T20:00:00Z,REG-COASTAL,WXS-COASTAL-01,27.63,27.82,0,66.67,0,21.39,14.22,1011.29,external
2026-06-23T21:00:00Z,REG-COASTAL,WXS-COASTAL-01,26.78,26.94,0,68.22,0,26.22,15.91,1011.38,external
2026-06-23T22:00:00Z,REG-COASTAL,WXS-COASTAL-01,25.58,25.74,0,70.45,0,20.04,17.05,1011.5,external
2026-06-23T23:00:00Z,REG-COASTAL,WXS-COASTAL-01,24.77,25.12,0,71.94,0,20.62,13.73,1011.63,external
2026-06-23T00:00:00Z,REG-SOUTH,WXS-SOUTH-01,24.63,24.78,0,64.51,0,26.35,13.85,1013.04,external
2026-06-23T01:00:00Z,REG-SOUTH,WXS-SOUTH-01,23.93,24.16,0,65.8,0,24.19,13.06,1013.1,external
2026-06-23T02:00:00Z,REG-SOUTH,WXS-SOUTH-01,23.54,23.8,0,66.52,0,27,12.73,1013.13,external
2026-06-23T03:00:00Z,REG-SOUTH,WXS-SOUTH-01,23.39,23.59,0,66.8,0,24.92,14.19,1013.12,external
2026-06-23T04:00:00Z,REG-SOUTH,WXS-SOUTH-01,23.45,23.66,0,66.68,0,24.4,13.87,1013.07,external
2026-06-23T05:00:00Z,REG-SOUTH,WXS-SOUTH-01,23.88,24.11,0,65.89,0,24.02,13.11,1012.99,external
2026-06-23T06:00:00Z,REG-SOUTH,WXS-SOUTH-01,24.6,24.74,0,64.57,0,26.69,14.11,1012.88,external
2026-06-23T07:00:00Z,REG-SOUTH,WXS-SOUTH-01,25.61,25.77,2.208,62.7,0,26.13,12.69,1012.75,external
2026-06-23T08:00:00Z,REG-SOUTH,WXS-SOUTH-01,26.74,26.71,4.287,60.61,0,29.12,15.75,1012.61,external
2026-06-23T09:00:00Z,REG-SOUTH,WXS-SOUTH-01,27.65,27.71,6.117,58.92,0,21.76,14.71,1012.46,external
2026-06-23T10:00:00Z,REG-SOUTH,WXS-SOUTH-01,28.91,29.21,7.592,56.58,0,22.5,13.48,1012.33,external
2026-06-23T11:00:00Z,REG-SOUTH,WXS-SOUTH-01,30.01,30.4,8.626,54.56,0,21.82,13.75,1012.21,external
2026-06-23T12:00:00Z,REG-SOUTH,WXS-SOUTH-01,30.78,31.22,9.158,53.13,0,19.68,13.83,1012.12,external
2026-06-23T13:00:00Z,REG-SOUTH,WXS-SOUTH-01,31.38,31.78,9.158,52.01,0,22.64,14.34,1012.06,external
2026-06-23T14:00:00Z,REG-SOUTH,WXS-SOUTH-01,31.94,32.23,8.626,50.98,0,22.82,14.23,1012.03,external
2026-06-23T15:00:00Z,REG-SOUTH,WXS-SOUTH-01,32.05,32.21,7.592,50.78,0,21.38,13.19,1012.04,external
2026-06-23T16:00:00Z,REG-SOUTH,WXS-SOUTH-01,31.83,31.74,6.117,51.19,0,21.76,13.64,1012.09,external
2026-06-23T17:00:00Z,REG-SOUTH,WXS-SOUTH-01,31.48,31.37,4.287,51.83,0,25.69,12.61,1012.17,external
2026-06-23T18:00:00Z,REG-SOUTH,WXS-SOUTH-01,30.75,30.67,2.208,53.18,0,26.99,12.97,1012.28,external
2026-06-23T19:00:00Z,REG-SOUTH,WXS-SOUTH-01,29.97,29.85,0,54.62,0,23.22,14.58,1012.41,external
2026-06-23T20:00:00Z,REG-SOUTH,WXS-SOUTH-01,28.8,28.8,0,56.79,0,25.32,13.01,1012.55,external
2026-06-23T21:00:00Z,REG-SOUTH,WXS-SOUTH-01,27.67,27.75,0,58.88,0,30.63,12.52,1012.7,external
2026-06-23T22:00:00Z,REG-SOUTH,WXS-SOUTH-01,26.41,26.52,0,61.21,0,28.01,13.06,1012.83,external
2026-06-23T23:00:00Z,REG-SOUTH,WXS-SOUTH-01,25.61,25.75,0,62.69,0,29.82,13.16,1012.95,external
2026-06-23T00:00:00Z,REG-DELTA,WXS-DELTA-01,26.93,27.36,0,85.56,0,67.97,19.24,1008.33,external
2026-06-23T01:00:00Z,REG-DELTA,WXS-DELTA-01,26.44,26.86,0,86.45,0,66.86,20.23,1008.25,external
2026-06-23T02:00:00Z,REG-DELTA,WXS-DELTA-01,26.31,26.8,0,86.7,0,74.26,18.71,1008.15,external
2026-06-23T03:00:00Z,REG-DELTA,WXS-DELTA-01,26.13,26.63,0,87.03,0,69.04,18.71,1008.02,external
2026-06-23T04:00:00Z,REG-DELTA,WXS-DELTA-01,26.24,26.73,0,86.83,0,69.93,18.77,1007.88,external
2026-06-23T05:00:00Z,REG-DELTA,WXS-DELTA-01,26.51,26.95,0,86.33,0,67,19.5,1007.74,external
2026-06-23T06:00:00Z,REG-DELTA,WXS-DELTA-01,26.83,27.29,0,85.73,0,70.64,18.93,1007.6,external
2026-06-23T07:00:00Z,REG-DELTA,WXS-DELTA-01,27.34,27.74,1.978,88.79,1.749,78.49,21.95,1007.48,external
2026-06-23T08:00:00Z,REG-DELTA,WXS-DELTA-01,28.04,28.37,3.841,87.5,1.748,82.98,22.6,1007.38,external
2026-06-23T09:00:00Z,REG-DELTA,WXS-DELTA-01,28.6,28.88,5.48,86.46,1.614,81.23,23.24,1007.31,external
2026-06-23T10:00:00Z,REG-DELTA,WXS-DELTA-01,29.39,29.72,6.801,80.99,0,67.71,19.23,1007.28,external
2026-06-23T11:00:00Z,REG-DELTA,WXS-DELTA-01,29.91,30.16,7.727,80.04,0,63.44,20.38,1007.29,external
2026-06-23T12:00:00Z,REG-DELTA,WXS-DELTA-01,30.46,30.71,8.204,79.01,0,62.79,19.82,1007.33,external
2026-06-23T13:00:00Z,REG-DELTA,WXS-DELTA-01,31.02,31.2,8.204,77.98,0,59.71,20.85,1007.41,external
2026-06-23T14:00:00Z,REG-DELTA,WXS-DELTA-01,31.15,31.35,7.727,77.74,0,61.55,20.22,1007.51,external
2026-06-23T15:00:00Z,REG-DELTA,WXS-DELTA-01,31.25,31.38,6.801,77.55,0,66.69,21.62,1007.64,external
2026-06-23T16:00:00Z,REG-DELTA,WXS-DELTA-01,31.15,31.42,5.48,77.74,0,64.02,18.64,1007.78,external
2026-06-23T17:00:00Z,REG-DELTA,WXS-DELTA-01,30.8,31.05,3.841,78.39,0,68,19.4,1007.92,external
2026-06-23T18:00:00Z,REG-DELTA,WXS-DELTA-01,30.33,30.58,1.978,79.26,0,68.08,19.94,1008.06,external
2026-06-23T19:00:00Z,REG-DELTA,WXS-DELTA-01,29.87,30.14,0,80.11,0,70.18,19.91,1008.18,external
2026-06-23T20:00:00Z,REG-DELTA,WXS-DELTA-01,29.3,29.6,0,81.17,0,73.99,19.83,1008.28,external
2026-06-23T21:00:00Z,REG-DELTA,WXS-DELTA-01,28.68,29.02,0,82.32,0,69.01,19.59,1008.35,external
2026-06-23T22:00:00Z,REG-DELTA,WXS-DELTA-01,28.04,28.37,0,83.5,0,73.42,20.33,1008.38,external
2026-06-23T23:00:00Z,REG-DELTA,WXS-DELTA-01,27.37,27.76,0,84.73,0,71.93,19.96,1008.37,external
2026-06-23T00:00:00Z,REG-ISLAND,WXS-ISLAND-01,24.07,24.62,0,77.13,0,27.61,11.13,1015.56,external
2026-06-23T01:00:00Z,REG-ISLAND,WXS-ISLAND-01,23.43,23.99,0,78.31,0,32.17,12.59,1015.41,external
2026-06-23T02:00:00Z,REG-ISLAND,WXS-ISLAND-01,22.93,23.46,0,79.24,0,27.55,13.58,1015.27,external
2026-06-23T03:00:00Z,REG-ISLAND,WXS-ISLAND-01,22.87,23.48,0,79.34,0,29.6,11.53,1015.15,external
2026-06-23T04:00:00Z,REG-ISLAND,WXS-ISLAND-01,22.92,23.41,0,79.25,0,32.71,14.73,1015.05,external
2026-06-23T05:00:00Z,REG-ISLAND,WXS-ISLAND-01,23.41,23.9,0,78.36,0,29.28,14.09,1014.97,external
2026-06-23T06:00:00Z,REG-ISLAND,WXS-ISLAND-01,24.05,24.55,0,77.16,0,29.27,13.33,1014.94,external
2026-06-23T07:00:00Z,REG-ISLAND,WXS-ISLAND-01,24.87,25.32,2.217,75.65,0,29.14,13.35,1014.93,external
2026-06-23T08:00:00Z,REG-ISLAND,WXS-ISLAND-01,25.89,26.29,4.305,73.76,0,28.61,13.47,1014.97,external
2026-06-23T09:00:00Z,REG-ISLAND,WXS-ISLAND-01,26.97,27.37,6.143,71.76,0,24.57,12.75,1015.04,external
2026-06-23T10:00:00Z,REG-ISLAND,WXS-ISLAND-01,27.99,28.49,7.624,69.87,0,27.83,14.53,1015.14,external
2026-06-23T11:00:00Z,REG-ISLAND,WXS-ISLAND-01,28.93,29.55,8.662,68.13,0,26.76,14.53,1015.26,external
2026-06-23T12:00:00Z,REG-ISLAND,WXS-ISLAND-01,29.69,30.36,9.196,66.74,0,22.3,14.15,1015.4,external
2026-06-23T13:00:00Z,REG-ISLAND,WXS-ISLAND-01,30.37,31.08,9.196,65.47,0,25.34,12.7,1015.55,external
2026-06-23T14:00:00Z,REG-ISLAND,WXS-ISLAND-01,30.69,31.24,8.662,64.87,0,25.28,14.1,1015.69,external
2026-06-23T15:00:00Z,REG-ISLAND,WXS-ISLAND-01,30.95,31.37,7.624,64.4,0,27.66,13.22,1015.81,external
2026-06-23T16:00:00Z,REG-ISLAND,WXS-ISLAND-01,30.68,30.86,6.143,64.9,0,26.16,13.77,1015.91,external
2026-06-23T17:00:00Z,REG-ISLAND,WXS-ISLAND-01,30.27,30.51,4.305,65.65,0,30.77,12.71,1015.99,external
2026-06-23T18:00:00Z,REG-ISLAND,WXS-ISLAND-01,29.75,30.01,2.217,66.62,0,31.82,12.73,1016.02,external
2026-06-23T19:00:00Z,REG-ISLAND,WXS-ISLAND-01,28.86,29.17,0,68.27,0,33.79,12.44,1016.03,external
2026-06-23T20:00:00Z,REG-ISLAND,WXS-ISLAND-01,28.09,28.37,0,69.7,0,34.89,13.78,1015.99,external
2026-06-23T21:00:00Z,REG-ISLAND,WXS-ISLAND-01,26.98,27.31,0,71.74,0,31.38,14.1,1015.92,external
2026-06-23T22:00:00Z,REG-ISLAND,WXS-ISLAND-01,25.8,26.19,0,73.92,0,30.8,13.85,1015.82,external
2026-06-23T23:00:00Z,REG-ISLAND,WXS-ISLAND-01,24.9,25.32,0,75.6,0,29.43,14.05,1015.7,external
2026-06-23T00:00:00Z,REG-NORTH,WXS-NORTH-01,13.46,13.74,0,77.41,0,49.24,18.19,1016.6,external
2026-06-23T01:00:00Z,REG-NORTH,WXS-NORTH-01,13.06,13.37,0,78.15,0,49.41,17.97,1016.52,external
2026-06-23T02:00:00Z,REG-NORTH,WXS-NORTH-01,12.71,13,0,78.8,0,46.13,18.82,1016.48,external
2026-06-23T03:00:00Z,REG-NORTH,WXS-NORTH-01,12.57,12.87,0,79.05,0,50.35,18.75,1016.47,external
2026-06-23T04:00:00Z,REG-NORTH,WXS-NORTH-01,12.96,13.17,0,78.34,0,49.99,20.15,1016.5,external
2026-06-23T05:00:00Z,REG-NORTH,WXS-NORTH-01,13.26,13.4,0,77.78,0,49.1,21.56,1016.57,external
2026-06-23T06:00:00Z,REG-NORTH,WXS-NORTH-01,13.7,13.99,0,76.97,0,48.19,17.7,1016.66,external
2026-06-23T07:00:00Z,REG-NORTH,WXS-NORTH-01,14.17,14.39,0.909,76.1,0,46.08,18.68,1016.78,external
2026-06-23T08:00:00Z,REG-NORTH,WXS-NORTH-01,14.94,15.15,1.765,74.67,0,44.22,18.24,1016.92,external
2026-06-23T09:00:00Z,REG-NORTH,WXS-NORTH-01,16.06,16.22,2.519,72.61,0,41.85,18.25,1017.06,external
2026-06-23T10:00:00Z,REG-NORTH,WXS-NORTH-01,16.56,16.71,3.126,71.67,0,41.99,17.98,1017.2,external
2026-06-23T11:00:00Z,REG-NORTH,WXS-NORTH-01,17.54,17.64,3.552,69.86,0,40.92,18.11,1017.33,external
2026-06-23T12:00:00Z,REG-NORTH,WXS-NORTH-01,18.2,18.33,3.771,68.65,0,42.82,17.63,1017.44,external
2026-06-23T13:00:00Z,REG-NORTH,WXS-NORTH-01,18.56,18.6,3.771,67.97,0,41.76,19.23,1017.52,external
2026-06-23T14:00:00Z,REG-NORTH,WXS-NORTH-01,18.99,19.01,3.552,67.17,0,43.39,18.45,1017.56,external
2026-06-23T15:00:00Z,REG-NORTH,WXS-NORTH-01,19.08,19.07,3.126,67.01,0,40.01,19,1017.57,external
2026-06-23T16:00:00Z,REG-NORTH,WXS-NORTH-01,19.02,18.95,2.519,67.12,0,42.9,20.39,1017.54,external
2026-06-23T17:00:00Z,REG-NORTH,WXS-NORTH-01,18.75,18.76,1.765,67.63,0,43.73,18.74,1017.47,external
2026-06-23T18:00:00Z,REG-NORTH,WXS-NORTH-01,18.17,18.14,0.909,68.7,0,46.51,20.15,1017.38,external
2026-06-23T19:00:00Z,REG-NORTH,WXS-NORTH-01,17.34,17.47,0,70.23,0,49.11,17.6,1017.26,external
2026-06-23T20:00:00Z,REG-NORTH,WXS-NORTH-01,16.48,16.54,0,71.83,0,50.61,19.94,1017.12,external
2026-06-23T21:00:00Z,REG-NORTH,WXS-NORTH-01,15.77,15.86,0,73.14,0,51.61,20.03,1016.98,external
2026-06-23T22:00:00Z,REG-NORTH,WXS-NORTH-01,14.99,15.16,0,74.57,0,46.74,19.09,1016.84,external
2026-06-23T23:00:00Z,REG-NORTH,WXS-NORTH-01,14.31,14.52,0,75.84,0,49.08,18.77,1016.71,external
2026-06-23T00:00:00Z,REG-CENTRAL,WXS-CENTRAL-01,16.32,16.44,0,65.41,0,35.3,15.07,1013.3,external
2026-06-23T01:00:00Z,REG-CENTRAL,WXS-CENTRAL-01,15.68,15.8,0,66.6,0,35.46,15.61,1013.36,external
2026-06-23T02:00:00Z,REG-CENTRAL,WXS-CENTRAL-01,15.39,15.6,0,67.14,0,32.22,13.88,1013.45,external
2026-06-23T03:00:00Z,REG-CENTRAL,WXS-CENTRAL-01,15.09,15.26,0,67.69,0,35.92,15.2,1013.57,external
2026-06-23T04:00:00Z,REG-CENTRAL,WXS-CENTRAL-01,15.47,15.67,0,66.99,0,36.78,14.19,1013.7,external
2026-06-23T05:00:00Z,REG-CENTRAL,WXS-CENTRAL-01,15.69,15.87,0,66.58,0,34.39,14.45,1013.84,external
2026-06-23T06:00:00Z,REG-CENTRAL,WXS-CENTRAL-01,16.49,16.57,0,65.09,0,31.81,15.85,1013.99,external
2026-06-23T07:00:00Z,REG-CENTRAL,WXS-CENTRAL-01,16.99,17.09,1.264,64.17,0,34.73,14.86,1014.12,external
2026-06-23T08:00:00Z,REG-CENTRAL,WXS-CENTRAL-01,18.12,18.2,2.454,62.08,0,31.02,14.22,1014.23,external
2026-06-23T09:00:00Z,REG-CENTRAL,WXS-CENTRAL-01,19.15,19.07,3.502,60.17,0,28.55,16.67,1014.31,external
2026-06-23T10:00:00Z,REG-CENTRAL,WXS-CENTRAL-01,20.14,20.15,4.346,58.35,0,29.44,15.29,1014.36,external
2026-06-23T11:00:00Z,REG-CENTRAL,WXS-CENTRAL-01,21,21.12,4.937,56.75,0,26.95,15.21,1014.38,external
2026-06-23T12:00:00Z,REG-CENTRAL,WXS-CENTRAL-01,21.79,21.94,5.242,55.29,0,29.08,15.3,1014.36,external
2026-06-23T13:00:00Z,REG-CENTRAL,WXS-CENTRAL-01,22.37,22.53,5.242,54.21,0,26.34,14.43,1014.3,external
2026-06-23T14:00:00Z,REG-CENTRAL,WXS-CENTRAL-01,22.81,22.78,4.937,53.41,0,27.97,16.54,1014.21,external
2026-06-23T15:00:00Z,REG-CENTRAL,WXS-CENTRAL-01,22.92,22.87,4.346,53.2,0,31.33,13.97,1014.09,external
2026-06-23T16:00:00Z,REG-CENTRAL,WXS-CENTRAL-01,22.76,22.59,3.502,53.5,0,31.99,14.99,1013.96,external
2026-06-23T17:00:00Z,REG-CENTRAL,WXS-CENTRAL-01,22.29,22.11,2.454,54.36,0,33.82,15.82,1013.82,external
2026-06-23T18:00:00Z,REG-CENTRAL,WXS-CENTRAL-01,21.77,21.7,1.264,55.33,0,33.73,13.73,1013.67,external
2026-06-23T19:00:00Z,REG-CENTRAL,WXS-CENTRAL-01,20.86,20.74,0,57.01,0,32.42,15.76,1013.54,external
2026-06-23T20:00:00Z,REG-CENTRAL,WXS-CENTRAL-01,19.92,19.9,0,58.76,0,33.17,14.54,1013.43,external
2026-06-23T21:00:00Z,REG-CENTRAL,WXS-CENTRAL-01,19.03,18.98,0,60.4,0,35.32,16.16,1013.35,external
2026-06-23T22:00:00Z,REG-CENTRAL,WXS-CENTRAL-01,18.02,18.06,0,62.26,0,34.93,15.07,1013.3,external
2026-06-23T23:00:00Z,REG-CENTRAL,WXS-CENTRAL-01,17.14,17.3,0,63.88,0,35.63,13.47,1013.28,external
2026-06-24T00:00:00Z,REG-COASTAL,WXS-COASTAL-01,24.25,24.51,0,73.28,0,38.54,16.27,1013.05,external
2026-06-24T01:00:00Z,REG-COASTAL,WXS-COASTAL-01,23.76,24.17,0,74.18,0,36.51,13.53,1013.19,external
2026-06-24T02:00:00Z,REG-COASTAL,WXS-COASTAL-01,23.37,23.74,0,74.92,0,34.97,14.73,1013.33,external
2026-06-24T03:00:00Z,REG-COASTAL,WXS-COASTAL-01,23.08,23.43,0,75.44,0,39.93,15.77,1013.44,external
2026-06-24T04:00:00Z,REG-COASTAL,WXS-COASTAL-01,23.38,23.79,0,74.89,0,37.96,13.95,1013.53,external
2026-06-24T05:00:00Z,REG-COASTAL,WXS-COASTAL-01,23.68,24.11,0,74.34,0,38.12,13,1013.58,external
2026-06-24T06:00:00Z,REG-COASTAL,WXS-COASTAL-01,24.16,24.46,0,73.44,0,38.21,15.64,1013.6,external
2026-06-24T07:00:00Z,REG-COASTAL,WXS-COASTAL-01,25.1,25.43,2.198,71.71,0,33.72,13.81,1013.58,external
2026-06-24T08:00:00Z,REG-COASTAL,WXS-COASTAL-01,26.07,26.34,4.268,69.91,0,39.65,14.4,1013.53,external
2026-06-24T09:00:00Z,REG-COASTAL,WXS-COASTAL-01,27,27.28,6.089,68.19,0,31.45,13.24,1013.44,external
2026-06-24T10:00:00Z,REG-COASTAL,WXS-COASTAL-01,27.86,28.2,7.557,66.59,0,33.2,14.94,1013.33,external
2026-06-24T11:00:00Z,REG-COASTAL,WXS-COASTAL-01,28.89,29.34,8.586,64.69,0,32.56,14.8,1013.19,external
2026-06-24T12:00:00Z,REG-COASTAL,WXS-COASTAL-01,29.68,30.17,9.116,63.24,0,33.17,14.55,1013.05,external
2026-06-24T13:00:00Z,REG-COASTAL,WXS-COASTAL-01,30.2,30.7,9.116,62.28,0,30.67,13.92,1012.91,external
2026-06-24T14:00:00Z,REG-COASTAL,WXS-COASTAL-01,30.69,31.08,8.586,61.37,0,33.78,14.23,1012.78,external
2026-06-24T15:00:00Z,REG-COASTAL,WXS-COASTAL-01,30.79,31.03,7.557,61.18,0,31.26,14.16,1012.66,external
2026-06-24T16:00:00Z,REG-COASTAL,WXS-COASTAL-01,30.62,30.68,6.089,61.5,0,31.69,14.33,1012.57,external
2026-06-24T17:00:00Z,REG-COASTAL,WXS-COASTAL-01,30.23,30.36,4.268,62.21,0,36.74,13.18,1012.52,external
2026-06-24T18:00:00Z,REG-COASTAL,WXS-COASTAL-01,29.72,29.81,2.198,63.15,0,36.37,14.73,1012.5,external
2026-06-24T19:00:00Z,REG-COASTAL,WXS-COASTAL-01,28.94,29.08,0,64.61,0,35.32,14.28,1012.52,external
2026-06-24T20:00:00Z,REG-COASTAL,WXS-COASTAL-01,27.84,27.96,0,66.64,0,37.63,15.69,1012.57,external
2026-06-24T21:00:00Z,REG-COASTAL,WXS-COASTAL-01,26.95,27.27,0,68.28,0,36.49,12.41,1012.66,external
2026-06-24T22:00:00Z,REG-COASTAL,WXS-COASTAL-01,26.08,26.33,0,69.89,0,34.91,14.68,1012.78,external
2026-06-24T23:00:00Z,REG-COASTAL,WXS-COASTAL-01,25.17,25.45,0,71.58,0,35.24,14.89,1012.91,external
2026-06-24T00:00:00Z,REG-SOUTH,WXS-SOUTH-01,24.76,25,0,68.9,0,23.42,14.27,1013.89,external
2026-06-24T01:00:00Z,REG-SOUTH,WXS-SOUTH-01,24.19,24.44,0,69.95,0,21.05,14.87,1013.95,external
2026-06-24T02:00:00Z,REG-SOUTH,WXS-SOUTH-01,23.58,23.93,0,71.08,0,21.25,13.21,1013.98,external
2026-06-24T03:00:00Z,REG-SOUTH,WXS-SOUTH-01,23.36,23.67,0,71.48,0,24.17,14.28,1013.97,external
2026-06-24T04:00:00Z,REG-SOUTH,WXS-SOUTH-01,23.63,23.94,0,70.99,0,19.53,13.87,1013.92,external
2026-06-24T05:00:00Z,REG-SOUTH,WXS-SOUTH-01,23.95,24.2,0,70.39,0,22.25,15.08,1013.84,external
2026-06-24T06:00:00Z,REG-SOUTH,WXS-SOUTH-01,24.75,25,0,68.92,0,20.38,13.97,1013.73,external
2026-06-24T07:00:00Z,REG-SOUTH,WXS-SOUTH-01,25.65,25.85,2.24,67.25,0,20.37,14.46,1013.6,external
2026-06-24T08:00:00Z,REG-SOUTH,WXS-SOUTH-01,26.62,26.78,4.35,65.46,0,16.21,14.1,1013.46,external
2026-06-24T09:00:00Z,REG-SOUTH,WXS-SOUTH-01,27.86,28.07,6.207,63.17,0,17.95,14.82,1013.31,external
2026-06-24T10:00:00Z,REG-SOUTH,WXS-SOUTH-01,29.01,29.41,7.703,61.03,0,15.88,15.27,1013.18,external
2026-06-24T11:00:00Z,REG-SOUTH,WXS-SOUTH-01,29.96,30.47,8.752,59.27,0,18.88,15.69,1013.06,external
2026-06-24T12:00:00Z,REG-SOUTH,WXS-SOUTH-01,30.84,31.41,9.292,57.65,0,13.35,15.32,1012.97,external
2026-06-24T13:00:00Z,REG-SOUTH,WXS-SOUTH-01,31.55,32.05,9.292,56.34,0,15.63,16.07,1012.91,external
2026-06-24T14:00:00Z,REG-SOUTH,WXS-SOUTH-01,31.93,32.38,8.752,55.64,0,17.29,14.83,1012.88,external
2026-06-24T15:00:00Z,REG-SOUTH,WXS-SOUTH-01,31.95,32.25,7.703,55.6,0,20.75,14.33,1012.89,external
2026-06-24T16:00:00Z,REG-SOUTH,WXS-SOUTH-01,31.91,31.94,6.207,55.66,0,22.21,14.74,1012.94,external
2026-06-24T17:00:00Z,REG-SOUTH,WXS-SOUTH-01,31.46,31.39,4.35,56.5,0,16.84,14.41,1013.02,external
2026-06-24T18:00:00Z,REG-SOUTH,WXS-SOUTH-01,30.95,30.97,2.24,57.44,0,22.22,13.05,1013.13,external
2026-06-24T19:00:00Z,REG-SOUTH,WXS-SOUTH-01,29.93,29.97,0,59.34,0,21.83,13.44,1013.26,external
2026-06-24T20:00:00Z,REG-SOUTH,WXS-SOUTH-01,28.82,28.84,0,61.38,0,20.45,15.11,1013.4,external
2026-06-24T21:00:00Z,REG-SOUTH,WXS-SOUTH-01,27.82,27.92,0,63.23,0,22.83,14.46,1013.55,external
2026-06-24T22:00:00Z,REG-SOUTH,WXS-SOUTH-01,26.69,26.84,0,65.33,0,24.47,14.4,1013.68,external
2026-06-24T23:00:00Z,REG-SOUTH,WXS-SOUTH-01,25.55,25.78,0,67.44,0,20.38,13.73,1013.8,external
2026-06-24T00:00:00Z,REG-DELTA,WXS-DELTA-01,26.17,26.63,0,82.45,0,32.92,17.06,1013.65,external
2026-06-24T01:00:00Z,REG-DELTA,WXS-DELTA-01,25.74,26.17,0,83.24,0,33.38,18.11,1013.57,external
2026-06-24T02:00:00Z,REG-DELTA,WXS-DELTA-01,25.22,25.77,0,84.21,0,31.17,15.85,1013.47,external
2026-06-24T03:00:00Z,REG-DELTA,WXS-DELTA-01,25.26,25.71,0,84.13,0,32.03,18.3,1013.34,external
2026-06-24T04:00:00Z,REG-DELTA,WXS-DELTA-01,25.33,25.93,0,84.01,0,35.01,14.78,1013.2,external
2026-06-24T05:00:00Z,REG-DELTA,WXS-DELTA-01,25.91,26.39,0,82.93,0,32.99,16.9,1013.06,external
2026-06-24T06:00:00Z,REG-DELTA,WXS-DELTA-01,26.36,26.87,0,82.09,0,32.59,15.84,1012.92,external
2026-06-24T07:00:00Z,REG-DELTA,WXS-DELTA-01,27.2,27.69,2.244,80.55,0,30.15,15.31,1012.8,external
2026-06-24T08:00:00Z,REG-DELTA,WXS-DELTA-01,27.92,28.31,4.357,79.21,0,27.71,16.79,1012.7,external
2026-06-24T09:00:00Z,REG-DELTA,WXS-DELTA-01,28.97,29.26,6.218,77.26,0,28.67,17.98,1012.63,external
2026-06-24T10:00:00Z,REG-DELTA,WXS-DELTA-01,29.95,30.47,7.717,75.46,0,25.75,16.25,1012.6,external
2026-06-24T11:00:00Z,REG-DELTA,WXS-DELTA-01,30.91,31.53,8.767,73.67,0,24.95,16.68,1012.61,external
2026-06-24T12:00:00Z,REG-DELTA,WXS-DELTA-01,31.76,32.46,9.308,72.1,0,25.74,15.67,1012.65,external
2026-06-24T13:00:00Z,REG-DELTA,WXS-DELTA-01,32.18,32.76,9.308,71.33,0,25.34,17.83,1012.73,external
2026-06-24T14:00:00Z,REG-DELTA,WXS-DELTA-01,32.63,33.21,8.767,70.5,0,27.2,15.5,1012.83,external
2026-06-24T15:00:00Z,REG-DELTA,WXS-DELTA-01,32.62,33.02,7.717,70.51,0,28.22,16.29,1012.96,external
2026-06-24T16:00:00Z,REG-DELTA,WXS-DELTA-01,32.81,32.99,6.218,70.16,0,32.41,16.62,1013.1,external
2026-06-24T17:00:00Z,REG-DELTA,WXS-DELTA-01,32.22,32.42,4.357,71.25,0,28.28,16.59,1013.24,external
2026-06-24T18:00:00Z,REG-DELTA,WXS-DELTA-01,31.67,31.89,2.244,72.27,0,36.11,16.81,1013.38,external
2026-06-24T19:00:00Z,REG-DELTA,WXS-DELTA-01,30.89,31.19,0,73.71,0,30.79,15.74,1013.5,external
2026-06-24T20:00:00Z,REG-DELTA,WXS-DELTA-01,30,30.36,0,75.37,0,28.3,15.23,1013.6,external
2026-06-24T21:00:00Z,REG-DELTA,WXS-DELTA-01,28.92,29.29,0,77.36,0,32.95,16.25,1013.67,external
2026-06-24T22:00:00Z,REG-DELTA,WXS-DELTA-01,27.91,28.27,0,79.22,0,31.59,17.4,1013.7,external
2026-06-24T23:00:00Z,REG-DELTA,WXS-DELTA-01,27.2,27.57,0,80.54,0,34.53,17.89,1013.69,external
2026-06-24T00:00:00Z,REG-ISLAND,WXS-ISLAND-01,24.09,24.65,0,79.54,0,38.93,13.31,1014.87,external
2026-06-24T01:00:00Z,REG-ISLAND,WXS-ISLAND-01,23.53,24.03,0,80.58,0,41.82,14.98,1014.72,external
2026-06-24T02:00:00Z,REG-ISLAND,WXS-ISLAND-01,23.06,23.7,0,81.46,0,39.39,12.46,1014.58,external
2026-06-24T03:00:00Z,REG-ISLAND,WXS-ISLAND-01,22.94,23.44,0,81.67,0,41.98,15.7,1014.46,external
2026-06-24T04:00:00Z,REG-ISLAND,WXS-ISLAND-01,23.11,23.64,0,81.36,0,40.17,14.84,1014.36,external
2026-06-24T05:00:00Z,REG-ISLAND,WXS-ISLAND-01,23.45,23.98,0,80.72,0,42.42,14.66,1014.28,external
2026-06-24T06:00:00Z,REG-ISLAND,WXS-ISLAND-01,24.03,24.57,0,79.65,0,38.74,13.67,1014.25,external
2026-06-24T07:00:00Z,REG-ISLAND,WXS-ISLAND-01,24.9,25.34,2.187,78.05,0,35.78,15,1014.24,external
2026-06-24T08:00:00Z,REG-ISLAND,WXS-ISLAND-01,25.87,26.36,4.247,76.25,0,35.99,12.91,1014.28,external
2026-06-24T09:00:00Z,REG-ISLAND,WXS-ISLAND-01,26.88,27.25,6.06,74.39,0,34.99,14.44,1014.35,external
2026-06-24T10:00:00Z,REG-ISLAND,WXS-ISLAND-01,27.94,28.34,7.521,72.42,0,31.76,15.45,1014.45,external
2026-06-24T11:00:00Z,REG-ISLAND,WXS-ISLAND-01,28.63,29.18,8.545,71.14,0,33.3,14.74,1014.57,external
2026-06-24T12:00:00Z,REG-ISLAND,WXS-ISLAND-01,29.54,30.22,9.072,69.46,0,32.79,12.36,1014.71,external
2026-06-24T13:00:00Z,REG-ISLAND,WXS-ISLAND-01,30.33,30.89,9.072,68.01,0,35.17,14.13,1014.86,external
2026-06-24T14:00:00Z,REG-ISLAND,WXS-ISLAND-01,30.58,31.05,8.545,67.54,0,34.43,14.23,1015,external
2026-06-24T15:00:00Z,REG-ISLAND,WXS-ISLAND-01,30.86,31.1,7.521,67.02,0,32.94,15.94,1015.12,external
2026-06-24T16:00:00Z,REG-ISLAND,WXS-ISLAND-01,30.63,30.8,6.06,67.44,0,37.83,15.18,1015.22,external
2026-06-24T17:00:00Z,REG-ISLAND,WXS-ISLAND-01,30.3,30.55,4.247,68.05,0,36.74,13.7,1015.3,external
2026-06-24T18:00:00Z,REG-ISLAND,WXS-ISLAND-01,29.86,30.08,2.187,68.87,0,36.35,14.89,1015.33,external
2026-06-24T19:00:00Z,REG-ISLAND,WXS-ISLAND-01,28.89,29.24,0,70.67,0,42.01,12.87,1015.34,external
2026-06-24T20:00:00Z,REG-ISLAND,WXS-ISLAND-01,27.89,28.25,0,72.51,0,41.48,13.73,1015.3,external
2026-06-24T21:00:00Z,REG-ISLAND,WXS-ISLAND-01,26.87,27.19,0,74.4,0,39.93,15.62,1015.23,external
2026-06-24T22:00:00Z,REG-ISLAND,WXS-ISLAND-01,25.8,26.27,0,76.38,0,37.1,13.44,1015.13,external
2026-06-24T23:00:00Z,REG-ISLAND,WXS-ISLAND-01,24.91,25.38,0,78.02,0,41.36,14.4,1015.01,external
2026-06-24T00:00:00Z,REG-NORTH,WXS-NORTH-01,13.64,14,0,75.88,0,44.97,15.45,1016.04,external
2026-06-24T01:00:00Z,REG-NORTH,WXS-NORTH-01,13,13.26,0,77.05,0,44.39,18.53,1015.96,external
2026-06-24T02:00:00Z,REG-NORTH,WXS-NORTH-01,12.57,12.88,0,77.85,0,48.41,17.87,1015.92,external
2026-06-24T03:00:00Z,REG-NORTH,WXS-NORTH-01,12.57,13.01,0,77.86,0,46.47,14.81,1015.91,external
2026-06-24T04:00:00Z,REG-NORTH,WXS-NORTH-01,12.76,13.01,0,77.5,0,47.1,18.95,1015.94,external
2026-06-24T05:00:00Z,REG-NORTH,WXS-NORTH-01,12.97,13.33,0,77.12,0,46.26,16.22,1016.01,external
2026-06-24T06:00:00Z,REG-NORTH,WXS-NORTH-01,13.52,13.82,0,76.1,0,45.09,16.92,1016.1,external
2026-06-24T07:00:00Z,REG-NORTH,WXS-NORTH-01,14.21,14.47,0.935,74.83,0,44.29,17.18,1016.22,external
2026-06-24T08:00:00Z,REG-NORTH,WXS-NORTH-01,15.02,15.27,1.816,73.31,0,41.55,16.78,1016.36,external
2026-06-24T09:00:00Z,REG-NORTH,WXS-NORTH-01,16.03,16.21,2.591,71.46,0,37.95,17.02,1016.5,external
2026-06-24T10:00:00Z,REG-NORTH,WXS-NORTH-01,16.79,16.97,3.216,70.05,0,36.99,16.36,1016.64,external
2026-06-24T11:00:00Z,REG-NORTH,WXS-NORTH-01,17.71,17.83,3.654,68.34,0,41.25,17.46,1016.77,external
2026-06-24T12:00:00Z,REG-NORTH,WXS-NORTH-01,18.58,18.73,3.879,66.74,0,38.69,17.08,1016.88,external
2026-06-24T13:00:00Z,REG-NORTH,WXS-NORTH-01,19.12,19.29,3.879,65.74,0,39.86,15.96,1016.96,external
2026-06-24T14:00:00Z,REG-NORTH,WXS-NORTH-01,19.41,19.49,3.654,65.19,0,40.2,16.55,1017,external
2026-06-24T15:00:00Z,REG-NORTH,WXS-NORTH-01,19.5,19.45,3.216,65.03,0,42.74,18.58,1017.01,external
2026-06-24T16:00:00Z,REG-NORTH,WXS-NORTH-01,19.4,19.48,2.591,65.21,0,45.56,15.91,1016.98,external
2026-06-24T17:00:00Z,REG-NORTH,WXS-NORTH-01,19.27,19.27,1.816,65.45,0,45.37,17.88,1016.91,external
2026-06-24T18:00:00Z,REG-NORTH,WXS-NORTH-01,18.5,18.52,0.935,66.88,0,41.45,18.1,1016.82,external
2026-06-24T19:00:00Z,REG-NORTH,WXS-NORTH-01,17.84,17.94,0,68.11,0,48.44,16.94,1016.7,external
2026-06-24T20:00:00Z,REG-NORTH,WXS-NORTH-01,17.02,17.11,0,69.61,0,45.38,18.12,1016.56,external
2026-06-24T21:00:00Z,REG-NORTH,WXS-NORTH-01,15.98,16.17,0,71.55,0,44.07,16.95,1016.42,external
2026-06-24T22:00:00Z,REG-NORTH,WXS-NORTH-01,15.16,15.42,0,73.05,0,46.23,16.3,1016.28,external
2026-06-24T23:00:00Z,REG-NORTH,WXS-NORTH-01,14.16,14.38,0,74.91,0,46.15,18.06,1016.15,external
2026-06-24T00:00:00Z,REG-CENTRAL,WXS-CENTRAL-01,16.79,16.8,0,64.89,0,36.38,17.18,1012.46,external
2026-06-24T01:00:00Z,REG-CENTRAL,WXS-CENTRAL-01,16.14,16.19,0,66.09,0,36.8,16.99,1012.52,external
2026-06-24T02:00:00Z,REG-CENTRAL,WXS-CENTRAL-01,15.75,15.84,0,66.8,0,35.92,16.67,1012.61,external
2026-06-24T03:00:00Z,REG-CENTRAL,WXS-CENTRAL-01,15.63,15.78,0,67.02,0,40.57,15.48,1012.73,external
2026-06-24T04:00:00Z,REG-CENTRAL,WXS-CENTRAL-01,15.73,15.89,0,66.83,0,34.39,15.17,1012.86,external
2026-06-24T05:00:00Z,REG-CENTRAL,WXS-CENTRAL-01,16.06,16.08,0,66.23,0,35.37,17.77,1013,external
2026-06-24T06:00:00Z,REG-CENTRAL,WXS-CENTRAL-01,16.55,16.62,0,65.32,0,35.34,16.33,1013.15,external
2026-06-24T07:00:00Z,REG-CENTRAL,WXS-CENTRAL-01,17.21,17.27,1.279,64.1,0,33.8,15.77,1013.28,external
2026-06-24T08:00:00Z,REG-CENTRAL,WXS-CENTRAL-01,18.17,18.14,2.484,62.32,0,34.33,16.75,1013.39,external
2026-06-24T09:00:00Z,REG-CENTRAL,WXS-CENTRAL-01,19.14,19.05,3.545,60.54,0,27.41,16.88,1013.47,external
2026-06-24T10:00:00Z,REG-CENTRAL,WXS-CENTRAL-01,19.97,19.87,4.4,59,0,32.79,17.87,1013.52,external
2026-06-24T11:00:00Z,REG-CENTRAL,WXS-CENTRAL-01,20.98,20.98,4.999,57.14,0,26.49,17.57,1013.54,external
2026-06-24T12:00:00Z,REG-CENTRAL,WXS-CENTRAL-01,21.68,21.73,5.307,55.83,0,26.21,17.38,1013.52,external
2026-06-24T13:00:00Z,REG-CENTRAL,WXS-CENTRAL-01,22.32,22.37,5.307,54.66,0,29.27,16.68,1013.46,external
2026-06-24T14:00:00Z,REG-CENTRAL,WXS-CENTRAL-01,22.65,22.62,4.999,54.04,0,24.5,16.61,1013.37,external
2026-06-24T15:00:00Z,REG-CENTRAL,WXS-CENTRAL-01,22.81,22.61,4.4,53.74,0,28.38,17.29,1013.25,external
2026-06-24T16:00:00Z,REG-CENTRAL,WXS-CENTRAL-01,22.76,22.5,3.545,53.84,0,33.1,17.08,1013.12,external
2026-06-24T17:00:00Z,REG-CENTRAL,WXS-CENTRAL-01,22.29,22.15,2.484,54.71,0,30.31,14.92,1012.98,external
2026-06-24T18:00:00Z,REG-CENTRAL,WXS-CENTRAL-01,21.7,21.6,1.279,55.8,0,31.46,14.7,1012.83,external
2026-06-24T19:00:00Z,REG-CENTRAL,WXS-CENTRAL-01,21.02,20.86,0,57.07,0,32.73,16.52,1012.7,external
2026-06-24T20:00:00Z,REG-CENTRAL,WXS-CENTRAL-01,20.05,19.95,0,58.84,0,38.62,16.37,1012.59,external
2026-06-24T21:00:00Z,REG-CENTRAL,WXS-CENTRAL-01,19.36,19.34,0,60.13,0,36.92,15.28,1012.51,external
2026-06-24T22:00:00Z,REG-CENTRAL,WXS-CENTRAL-01,18.14,18.13,0,62.38,0,38,16.43,1012.46,external
2026-06-24T23:00:00Z,REG-CENTRAL,WXS-CENTRAL-01,17.43,17.43,0,63.71,0,35.35,16.71,1012.44,external
2026-06-25T00:00:00Z,REG-COASTAL,WXS-COASTAL-01,24.28,24.64,0,72.49,0,29.47,13.71,1012.45,external
2026-06-25T01:00:00Z,REG-COASTAL,WXS-COASTAL-01,23.45,23.84,0,74.03,0,31.59,13.79,1012.59,external
2026-06-25T02:00:00Z,REG-COASTAL,WXS-COASTAL-01,22.98,23.48,0,74.9,0,28.37,11.92,1012.73,external
2026-06-25T03:00:00Z,REG-COASTAL,WXS-COASTAL-01,22.94,23.44,0,74.96,0,30.17,11.56,1012.84,external
2026-06-25T04:00:00Z,REG-COASTAL,WXS-COASTAL-01,23.08,23.49,0,74.72,0,30.96,13.8,1012.93,external
2026-06-25T05:00:00Z,REG-COASTAL,WXS-COASTAL-01,23.57,23.97,0,73.8,0,30.09,13.65,1012.98,external
2026-06-25T06:00:00Z,REG-COASTAL,WXS-COASTAL-01,24.2,24.56,0,72.63,0,31.75,13.85,1013,external
2026-06-25T07:00:00Z,REG-COASTAL,WXS-COASTAL-01,25.22,25.61,2.245,70.75,0,30.01,12.12,1012.98,external
2026-06-25T08:00:00Z,REG-COASTAL,WXS-COASTAL-01,26.3,26.57,4.359,68.74,0,26.76,13.68,1012.93,external
2026-06-25T09:00:00Z,REG-COASTAL,WXS-COASTAL-01,27.29,27.55,6.22,66.91,0,23.76,14.81,1012.84,external
2026-06-25T10:00:00Z,REG-COASTAL,WXS-COASTAL-01,28.52,29.07,7.72,64.65,0,24.18,12.23,1012.73,external
2026-06-25T11:00:00Z,REG-COASTAL,WXS-COASTAL-01,29.49,30.18,8.771,62.84,0,22.43,12.1,1012.59,external
2026-06-25T12:00:00Z,REG-COASTAL,WXS-COASTAL-01,30.35,31.03,9.312,61.26,0,20.63,12.99,1012.45,external
2026-06-25T13:00:00Z,REG-COASTAL,WXS-COASTAL-01,30.99,31.61,9.312,60.08,0,22.57,13.82,1012.31,external
2026-06-25T14:00:00Z,REG-COASTAL,WXS-COASTAL-01,31.59,32.02,8.771,58.96,0,18.63,15.47,1012.18,external
2026-06-25T15:00:00Z,REG-COASTAL,WXS-COASTAL-01,31.66,32.07,7.72,58.84,0,22.21,11.59,1012.06,external
2026-06-25T16:00:00Z,REG-COASTAL,WXS-COASTAL-01,31.58,31.66,6.22,58.98,0,24.1,14.38,1011.97,external
2026-06-25T17:00:00Z,REG-COASTAL,WXS-COASTAL-01,31,31.02,4.359,60.05,0,28.45,14.36,1011.92,external
2026-06-25T18:00:00Z,REG-COASTAL,WXS-COASTAL-01,30.42,30.52,2.245,61.12,0,22.49,13.28,1011.9,external
2026-06-25T19:00:00Z,REG-COASTAL,WXS-COASTAL-01,29.35,29.45,0,63.11,0,29.56,14.23,1011.92,external
2026-06-25T20:00:00Z,REG-COASTAL,WXS-COASTAL-01,28.31,28.51,0,65.02,0,29.16,13.33,1011.97,external
2026-06-25T21:00:00Z,REG-COASTAL,WXS-COASTAL-01,27.26,27.53,0,66.98,0,27.93,12.62,1012.06,external
2026-06-25T22:00:00Z,REG-COASTAL,WXS-COASTAL-01,26.19,26.42,0,68.95,0,28.72,14.57,1012.18,external
2026-06-25T23:00:00Z,REG-COASTAL,WXS-COASTAL-01,25.17,25.57,0,70.83,0,27.11,11.63,1012.31,external
2026-06-25T00:00:00Z,REG-SOUTH,WXS-SOUTH-01,24.82,25.06,0,64.39,0,17.96,8.87,1014.25,external
2026-06-25T01:00:00Z,REG-SOUTH,WXS-SOUTH-01,24.15,24.42,0,65.63,0,19.87,11.11,1014.31,external
2026-06-25T02:00:00Z,REG-SOUTH,WXS-SOUTH-01,23.81,24.09,0,66.27,0,26.57,9.74,1014.34,external
2026-06-25T03:00:00Z,REG-SOUTH,WXS-SOUTH-01,23.49,23.79,0,66.85,0,21.59,9.5,1014.33,external
2026-06-25T04:00:00Z,REG-SOUTH,WXS-SOUTH-01,23.77,24.05,0,66.35,0,20.84,9.63,1014.28,external
2026-06-25T05:00:00Z,REG-SOUTH,WXS-SOUTH-01,24.23,24.49,0,65.49,0,24.4,10.68,1014.2,external
2026-06-25T06:00:00Z,REG-SOUTH,WXS-SOUTH-01,24.86,25.09,0,64.33,0,23.43,9.42,1014.09,external
2026-06-25T07:00:00Z,REG-SOUTH,WXS-SOUTH-01,25.77,25.96,2.249,62.65,0,18.01,10.32,1013.96,external
2026-06-25T08:00:00Z,REG-SOUTH,WXS-SOUTH-01,26.75,26.89,4.368,60.83,0,18.65,10.35,1013.82,external
2026-06-25T09:00:00Z,REG-SOUTH,WXS-SOUTH-01,27.8,28.07,6.233,58.88,0,14.94,11.07,1013.67,external
2026-06-25T10:00:00Z,REG-SOUTH,WXS-SOUTH-01,28.96,29.43,7.736,56.74,0,12.65,8.85,1013.54,external
2026-06-25T11:00:00Z,REG-SOUTH,WXS-SOUTH-01,30.03,30.63,8.789,54.77,0,16.28,8.89,1013.42,external
2026-06-25T12:00:00Z,REG-SOUTH,WXS-SOUTH-01,30.9,31.55,9.331,53.16,0,16.61,11.31,1013.33,external
2026-06-25T13:00:00Z,REG-SOUTH,WXS-SOUTH-01,31.59,32.21,9.331,51.88,0,11.53,9.77,1013.27,external
2026-06-25T14:00:00Z,REG-SOUTH,WXS-SOUTH-01,32.07,32.58,8.789,50.99,0,13.85,9.46,1013.24,external
2026-06-25T15:00:00Z,REG-SOUTH,WXS-SOUTH-01,32.27,32.59,7.736,50.62,0,15.1,10.36,1013.25,external
2026-06-25T16:00:00Z,REG-SOUTH,WXS-SOUTH-01,32.09,32.16,6.233,50.94,0,15.26,9.29,1013.3,external
2026-06-25T17:00:00Z,REG-SOUTH,WXS-SOUTH-01,31.53,31.46,4.368,51.98,0,12.4,10.16,1013.38,external
2026-06-25T18:00:00Z,REG-SOUTH,WXS-SOUTH-01,31.03,30.97,2.249,52.92,0,18.8,8.83,1013.49,external
2026-06-25T19:00:00Z,REG-SOUTH,WXS-SOUTH-01,30.01,30,0,54.8,0,19.15,9.88,1013.62,external
2026-06-25T20:00:00Z,REG-SOUTH,WXS-SOUTH-01,29.09,29.13,0,56.5,0,17.13,8.71,1013.76,external
2026-06-25T21:00:00Z,REG-SOUTH,WXS-SOUTH-01,27.94,28.03,0,58.63,0,21.89,10.65,1013.91,external
2026-06-25T22:00:00Z,REG-SOUTH,WXS-SOUTH-01,26.71,26.86,0,60.9,0,17.17,9.26,1014.04,external
2026-06-25T23:00:00Z,REG-SOUTH,WXS-SOUTH-01,25.7,25.89,0,62.78,0,25.36,8.75,1014.16,external
2026-06-25T00:00:00Z,REG-DELTA,WXS-DELTA-01,27.31,27.69,0,86.52,0,74.78,21.04,1007.64,external
2026-06-25T01:00:00Z,REG-DELTA,WXS-DELTA-01,26.75,27.23,0,87.54,0,73.05,19.47,1007.56,external
2026-06-25T02:00:00Z,REG-DELTA,WXS-DELTA-01,26.77,27.24,0,87.51,0,77.23,19.73,1007.46,external
2026-06-25T03:00:00Z,REG-DELTA,WXS-DELTA-01,26.53,26.99,0,87.96,0,69.21,20.03,1007.33,external
2026-06-25T04:00:00Z,REG-DELTA,WXS-DELTA-01,26.77,27.21,0,87.51,0,72.11,20.34,1007.19,external
2026-06-25T05:00:00Z,REG-DELTA,WXS-DELTA-01,26.9,27.4,0,87.28,0,72.27,18.71,1007.05,external
2026-06-25T06:00:00Z,REG-DELTA,WXS-DELTA-01,27.38,27.78,0,86.39,0,71.01,20.61,1006.91,external
2026-06-25T07:00:00Z,REG-DELTA,WXS-DELTA-01,27.62,28.09,1.964,85.95,0,71.24,18.71,1006.79,external
2026-06-25T08:00:00Z,REG-DELTA,WXS-DELTA-01,28.21,28.71,3.813,84.86,0,73.28,17.32,1006.69,external
2026-06-25T09:00:00Z,REG-DELTA,WXS-DELTA-01,28.86,29.32,5.441,83.65,0,69.56,17.79,1006.62,external
2026-06-25T10:00:00Z,REG-DELTA,WXS-DELTA-01,29.48,29.74,6.753,82.51,0,69.32,21.5,1006.59,external
2026-06-25T11:00:00Z,REG-DELTA,WXS-DELTA-01,29.92,30.24,7.673,81.69,0,66.99,19.73,1006.6,external
2026-06-25T12:00:00Z,REG-DELTA,WXS-DELTA-01,30.48,30.72,8.146,84.66,3.802,78.87,23.15,1006.64,external
2026-06-25T13:00:00Z,REG-DELTA,WXS-DELTA-01,30.51,30.8,8.146,84.59,4.451,82.2,22.13,1006.72,external
2026-06-25T14:00:00Z,REG-DELTA,WXS-DELTA-01,30.89,31.18,7.673,83.89,2.962,79.33,21.69,1006.82,external
2026-06-25T15:00:00Z,REG-DELTA,WXS-DELTA-01,30.96,31.17,6.753,83.76,2.83,81.3,23.38,1006.95,external
2026-06-25T16:00:00Z,REG-DELTA,WXS-DELTA-01,30.98,31.22,5.441,83.73,3.501,84.98,22.51,1007.09,external
2026-06-25T17:00:00Z,REG-DELTA,WXS-DELTA-01,30.62,30.89,3.813,84.4,3.306,86.85,22.24,1007.23,external
2026-06-25T18:00:00Z,REG-DELTA,WXS-DELTA-01,30.34,30.55,1.964,84.91,3.837,84.95,24,1007.37,external
2026-06-25T19:00:00Z,REG-DELTA,WXS-DELTA-01,29.86,30.17,0,81.81,0,74.7,19.85,1007.49,external
2026-06-25T20:00:00Z,REG-DELTA,WXS-DELTA-01,29.36,29.69,0,82.72,0,74.23,20.04,1007.59,external
2026-06-25T21:00:00Z,REG-DELTA,WXS-DELTA-01,28.75,29.14,0,83.84,0,77.92,19.35,1007.66,external
2026-06-25T22:00:00Z,REG-DELTA,WXS-DELTA-01,28.33,28.66,0,84.63,0,75.05,21.2,1007.69,external
2026-06-25T23:00:00Z,REG-DELTA,WXS-DELTA-01,27.62,28.08,0,85.95,0,77.93,18.98,1007.68,external
2026-06-25T00:00:00Z,REG-ISLAND,WXS-ISLAND-01,24.15,24.54,0,75.31,0,31.09,14.65,1013.13,external
2026-06-25T01:00:00Z,REG-ISLAND,WXS-ISLAND-01,23.58,24.12,0,76.36,0,29.26,11.56,1012.98,external
2026-06-25T02:00:00Z,REG-ISLAND,WXS-ISLAND-01,23.19,23.65,0,77.08,0,34.2,14.17,1012.84,external
2026-06-25T03:00:00Z,REG-ISLAND,WXS-ISLAND-01,23.09,23.55,0,77.27,0,26.74,14.21,1012.72,external
2026-06-25T04:00:00Z,REG-ISLAND,WXS-ISLAND-01,23.25,23.64,0,76.98,0,32.73,15.57,1012.62,external
2026-06-25T05:00:00Z,REG-ISLAND,WXS-ISLAND-01,23.57,24.08,0,76.39,0,29.61,12.54,1012.54,external
2026-06-25T06:00:00Z,REG-ISLAND,WXS-ISLAND-01,24.09,24.6,0,75.42,0,25.84,12.01,1012.51,external
2026-06-25T07:00:00Z,REG-ISLAND,WXS-ISLAND-01,24.84,25.27,2.231,74.04,0,30.43,13.08,1012.5,external
2026-06-25T08:00:00Z,REG-ISLAND,WXS-ISLAND-01,25.96,26.29,4.332,71.96,0,27.01,14.26,1012.54,external
2026-06-25T09:00:00Z,REG-ISLAND,WXS-ISLAND-01,26.87,27.22,6.182,70.29,0,30.33,13.46,1012.61,external
2026-06-25T10:00:00Z,REG-ISLAND,WXS-ISLAND-01,27.71,28.23,7.672,68.73,0,25.36,14.06,1012.71,external
2026-06-25T11:00:00Z,REG-ISLAND,WXS-ISLAND-01,28.51,29.23,8.716,67.24,0,23.27,12.43,1012.83,external
2026-06-25T12:00:00Z,REG-ISLAND,WXS-ISLAND-01,29.64,30.32,9.254,65.16,0,16.86,13.78,1012.97,external
2026-06-25T13:00:00Z,REG-ISLAND,WXS-ISLAND-01,30.32,31.04,9.254,63.91,0,20.61,12.27,1013.12,external
2026-06-25T14:00:00Z,REG-ISLAND,WXS-ISLAND-01,30.46,31.03,8.716,63.63,0,24.62,13.66,1013.26,external
2026-06-25T15:00:00Z,REG-ISLAND,WXS-ISLAND-01,30.64,31.06,7.672,63.32,0,24.23,13.17,1013.38,external
2026-06-25T16:00:00Z,REG-ISLAND,WXS-ISLAND-01,30.7,30.94,6.182,63.2,0,26.11,11.82,1013.48,external
2026-06-25T17:00:00Z,REG-ISLAND,WXS-ISLAND-01,30.12,30.3,4.332,64.27,0,29.76,13.18,1013.56,external
2026-06-25T18:00:00Z,REG-ISLAND,WXS-ISLAND-01,29.59,29.74,2.231,65.25,0,27.78,14.32,1013.59,external
2026-06-25T19:00:00Z,REG-ISLAND,WXS-ISLAND-01,28.76,29.05,0,66.79,0,29.33,11.11,1013.6,external
2026-06-25T20:00:00Z,REG-ISLAND,WXS-ISLAND-01,27.75,27.93,0,68.66,0,34.4,15.51,1013.56,external
2026-06-25T21:00:00Z,REG-ISLAND,WXS-ISLAND-01,26.94,27.32,0,70.16,0,29.38,11.4,1013.49,external
2026-06-25T22:00:00Z,REG-ISLAND,WXS-ISLAND-01,25.81,26.12,0,72.25,0,25.58,14.69,1013.39,external
2026-06-25T23:00:00Z,REG-ISLAND,WXS-ISLAND-01,24.87,25.32,0,73.98,0,32.87,12.46,1013.27,external
2026-06-25T00:00:00Z,REG-NORTH,WXS-NORTH-01,13.51,13.92,0,77.45,0,37.83,15.32,1015.62,external
2026-06-25T01:00:00Z,REG-NORTH,WXS-NORTH-01,13.11,13.55,0,78.18,0,34.74,15.27,1015.54,external
2026-06-25T02:00:00Z,REG-NORTH,WXS-NORTH-01,12.67,13.1,0,78.99,0,37.31,15.88,1015.5,external
2026-06-25T03:00:00Z,REG-NORTH,WXS-NORTH-01,12.65,13.09,0,79.04,0,38.35,15.6,1015.49,external
2026-06-25T04:00:00Z,REG-NORTH,WXS-NORTH-01,12.87,13.34,0,78.64,0,35.84,14.51,1015.52,external
2026-06-25T05:00:00Z,REG-NORTH,WXS-NORTH-01,13.02,13.42,0,78.35,0,36.26,16.08,1015.59,external
2026-06-25T06:00:00Z,REG-NORTH,WXS-NORTH-01,13.79,14.24,0,76.92,0,41.35,14.29,1015.68,external
2026-06-25T07:00:00Z,REG-NORTH,WXS-NORTH-01,14.42,14.8,0.992,75.76,0,35.23,15.17,1015.8,external
2026-06-25T08:00:00Z,REG-NORTH,WXS-NORTH-01,15.33,15.6,1.926,74.08,0,35.34,16.54,1015.94,external
2026-06-25T09:00:00Z,REG-NORTH,WXS-NORTH-01,16.32,16.62,2.748,72.24,0,33.57,14.9,1016.08,external
2026-06-25T10:00:00Z,REG-NORTH,WXS-NORTH-01,16.98,17.31,3.411,71.02,0,31.88,14.82,1016.22,external
2026-06-25T11:00:00Z,REG-NORTH,WXS-NORTH-01,18.11,18.49,3.875,68.94,0,33.57,15.39,1016.35,external
2026-06-25T12:00:00Z,REG-NORTH,WXS-NORTH-01,18.81,19.27,4.114,67.64,0,30.76,14.66,1016.46,external
2026-06-25T13:00:00Z,REG-NORTH,WXS-NORTH-01,19.34,19.64,4.114,66.66,0,29.67,17.62,1016.54,external
2026-06-25T14:00:00Z,REG-NORTH,WXS-NORTH-01,19.72,19.99,3.875,65.96,0,30.08,16.2,1016.58,external
2026-06-25T15:00:00Z,REG-NORTH,WXS-NORTH-01,19.87,20,3.411,65.68,0,31.9,16.39,1016.59,external
2026-06-25T16:00:00Z,REG-NORTH,WXS-NORTH-01,19.72,19.85,2.748,65.96,0,31.05,15.11,1016.56,external
2026-06-25T17:00:00Z,REG-NORTH,WXS-NORTH-01,19.32,19.4,1.926,66.69,0,30.7,16.77,1016.49,external
2026-06-25T18:00:00Z,REG-NORTH,WXS-NORTH-01,18.61,18.8,0.992,68.02,0,35.58,14.86,1016.4,external
2026-06-25T19:00:00Z,REG-NORTH,WXS-NORTH-01,17.81,17.99,0,69.5,0,37.2,15.97,1016.28,external
2026-06-25T20:00:00Z,REG-NORTH,WXS-NORTH-01,17.2,17.46,0,70.62,0,33.44,14.9,1016.14,external
2026-06-25T21:00:00Z,REG-NORTH,WXS-NORTH-01,16.26,16.52,0,72.36,0,39.86,15.95,1016,external
2026-06-25T22:00:00Z,REG-NORTH,WXS-NORTH-01,15.3,15.65,0,74.13,0,36.35,14.96,1015.86,external
2026-06-25T23:00:00Z,REG-NORTH,WXS-NORTH-01,14.31,14.7,0,75.96,0,38.62,15.1,1015.73,external
2026-06-25T00:00:00Z,REG-CENTRAL,WXS-CENTRAL-01,16.67,16.69,0,66.29,0,35.53,17.78,1013.66,external
2026-06-25T01:00:00Z,REG-CENTRAL,WXS-CENTRAL-01,15.97,16.07,0,67.59,0,31.04,16.72,1013.72,external
2026-06-25T02:00:00Z,REG-CENTRAL,WXS-CENTRAL-01,15.6,15.74,0,68.28,0,33.99,16.22,1013.81,external
2026-06-25T03:00:00Z,REG-CENTRAL,WXS-CENTRAL-01,15.46,15.57,0,68.53,0,33.81,17.03,1013.93,external
2026-06-25T04:00:00Z,REG-CENTRAL,WXS-CENTRAL-01,15.58,15.7,0,68.31,0,33.02,16.73,1014.06,external
2026-06-25T05:00:00Z,REG-CENTRAL,WXS-CENTRAL-01,15.9,15.99,0,67.71,0,33.62,17.13,1014.2,external
2026-06-25T06:00:00Z,REG-CENTRAL,WXS-CENTRAL-01,16.59,16.65,0,66.44,0,34.07,16.97,1014.35,external
2026-06-25T07:00:00Z,REG-CENTRAL,WXS-CENTRAL-01,17.6,17.61,1.305,64.57,0,30.65,17.01,1014.48,external
2026-06-25T08:00:00Z,REG-CENTRAL,WXS-CENTRAL-01,18.59,18.52,2.534,62.73,0,34.4,17.87,1014.59,external
2026-06-25T09:00:00Z,REG-CENTRAL,WXS-CENTRAL-01,19.48,19.42,3.616,61.09,0,29.77,16.66,1014.67,external
2026-06-25T10:00:00Z,REG-CENTRAL,WXS-CENTRAL-01,20.58,20.56,4.488,59.05,0,31.78,16.73,1014.72,external
2026-06-25T11:00:00Z,REG-CENTRAL,WXS-CENTRAL-01,21.33,21.45,5.098,57.66,0,27.5,15.79,1014.74,external
2026-06-25T12:00:00Z,REG-CENTRAL,WXS-CENTRAL-01,22.32,22.46,5.413,55.83,0,29.45,16.02,1014.72,external
2026-06-25T13:00:00Z,REG-CENTRAL,WXS-CENTRAL-01,22.91,22.96,5.413,54.74,0,29.4,17.49,1014.66,external
2026-06-25T14:00:00Z,REG-CENTRAL,WXS-CENTRAL-01,23.33,23.25,5.098,53.97,0,28.64,18.17,1014.57,external
2026-06-25T15:00:00Z,REG-CENTRAL,WXS-CENTRAL-01,23.58,23.42,4.488,53.5,0,28.58,16.79,1014.45,external
2026-06-25T16:00:00Z,REG-CENTRAL,WXS-CENTRAL-01,23.46,23.27,3.616,53.73,0,29.16,15.38,1014.32,external
2026-06-25T17:00:00Z,REG-CENTRAL,WXS-CENTRAL-01,22.91,22.74,2.534,54.75,0,28.08,15.52,1014.18,external
2026-06-25T18:00:00Z,REG-CENTRAL,WXS-CENTRAL-01,22.34,22.19,1.305,55.8,0,29.53,15.85,1014.03,external
2026-06-25T19:00:00Z,REG-CENTRAL,WXS-CENTRAL-01,21.58,21.42,0,57.21,0,33.83,16.84,1013.9,external
2026-06-25T20:00:00Z,REG-CENTRAL,WXS-CENTRAL-01,20.48,20.36,0,59.25,0,33.01,16.86,1013.79,external
2026-06-25T21:00:00Z,REG-CENTRAL,WXS-CENTRAL-01,19.46,19.34,0,61.14,0,31.83,18.02,1013.71,external
2026-06-25T22:00:00Z,REG-CENTRAL,WXS-CENTRAL-01,18.42,18.39,0,63.05,0,34.42,17.16,1013.66,external
2026-06-25T23:00:00Z,REG-CENTRAL,WXS-CENTRAL-01,17.39,17.49,0,64.96,0,34.88,15.27,1013.64,external
2026-06-26T00:00:00Z,REG-COASTAL,WXS-COASTAL-01,23.84,24.36,0,75.86,0,27.24,11.58,1013.87,external
2026-06-26T01:00:00Z,REG-COASTAL,WXS-COASTAL-01,23.14,23.6,0,77.16,0,20.14,14.03,1014.01,external
2026-06-26T02:00:00Z,REG-COASTAL,WXS-COASTAL-01,22.8,23.36,0,77.77,0,19.79,12.35,1014.15,external
2026-06-26T03:00:00Z,REG-COASTAL,WXS-COASTAL-01,22.46,23.05,0,78.4,0,20.07,11.01,1014.26,external
2026-06-26T04:00:00Z,REG-COASTAL,WXS-COASTAL-01,22.89,23.42,0,77.62,0,24.84,12.77,1014.35,external
2026-06-26T05:00:00Z,REG-COASTAL,WXS-COASTAL-01,23.12,23.67,0,77.19,0,25.36,11.14,1014.4,external
2026-06-26T06:00:00Z,REG-COASTAL,WXS-COASTAL-01,23.81,24.27,0,75.92,0,23.77,13.32,1014.42,external
2026-06-26T07:00:00Z,REG-COASTAL,WXS-COASTAL-01,24.86,25.3,2.265,73.97,0,23.81,12.83,1014.4,external
2026-06-26T08:00:00Z,REG-COASTAL,WXS-COASTAL-01,25.81,26.21,4.399,72.21,0,22.21,12.66,1014.35,external
2026-06-26T09:00:00Z,REG-COASTAL,WXS-COASTAL-01,26.83,27.34,6.277,70.33,0,20.19,11.44,1014.26,external
2026-06-26T10:00:00Z,REG-COASTAL,WXS-COASTAL-01,28.01,28.72,7.79,68.14,0,23.18,12.1,1014.15,external
2026-06-26T11:00:00Z,REG-COASTAL,WXS-COASTAL-01,29.12,29.95,8.851,66.09,0,20.86,12.07,1014.01,external
2026-06-26T12:00:00Z,REG-COASTAL,WXS-COASTAL-01,30.15,31.03,9.397,64.18,0,17.98,10.87,1013.87,external
2026-06-26T13:00:00Z,REG-COASTAL,WXS-COASTAL-01,30.7,31.52,9.397,63.15,0,15.39,12.88,1013.73,external
2026-06-26T14:00:00Z,REG-COASTAL,WXS-COASTAL-01,31.05,31.79,8.851,62.52,0,17.54,10.26,1013.6,external
2026-06-26T15:00:00Z,REG-COASTAL,WXS-COASTAL-01,31.33,31.86,7.79,61.99,0,18.96,12.83,1013.48,external
2026-06-26T16:00:00Z,REG-COASTAL,WXS-COASTAL-01,31.12,31.44,6.277,62.38,0,20.43,11.57,1013.39,external
2026-06-26T17:00:00Z,REG-COASTAL,WXS-COASTAL-01,30.66,30.87,4.399,63.23,0,19.63,10.81,1013.34,external
2026-06-26T18:00:00Z,REG-COASTAL,WXS-COASTAL-01,30.18,30.41,2.265,64.13,0,19.76,11.49,1013.32,external
2026-06-26T19:00:00Z,REG-COASTAL,WXS-COASTAL-01,29.17,29.43,0,65.99,0,28.75,12.43,1013.34,external
2026-06-26T20:00:00Z,REG-COASTAL,WXS-COASTAL-01,27.93,28.26,0,68.29,0,24.15,10.89,1013.39,external
2026-06-26T21:00:00Z,REG-COASTAL,WXS-COASTAL-01,26.97,27.34,0,70.07,0,26.58,11.31,1013.48,external
2026-06-26T22:00:00Z,REG-COASTAL,WXS-COASTAL-01,25.98,26.4,0,71.89,0,20.41,11.54,1013.6,external
2026-06-26T23:00:00Z,REG-COASTAL,WXS-COASTAL-01,24.87,25.3,0,73.94,0,20.87,13.17,1013.73,external
2026-06-26T00:00:00Z,REG-SOUTH,WXS-SOUTH-01,24.82,24.93,0,66.96,0,23.07,16.11,1013.89,external
2026-06-26T01:00:00Z,REG-SOUTH,WXS-SOUTH-01,24.05,24.23,0,68.38,0,23.42,15.39,1013.95,external
2026-06-26T02:00:00Z,REG-SOUTH,WXS-SOUTH-01,23.64,23.82,0,69.13,0,24.8,15.94,1013.98,external
2026-06-26T03:00:00Z,REG-SOUTH,WXS-SOUTH-01,23.49,23.77,0,69.41,0,24.33,13.8,1013.97,external
2026-06-26T04:00:00Z,REG-SOUTH,WXS-SOUTH-01,23.64,23.87,0,69.14,0,25.53,14.62,1013.92,external
2026-06-26T05:00:00Z,REG-SOUTH,WXS-SOUTH-01,24.15,24.26,0,68.19,0,25.5,16.95,1013.84,external
2026-06-26T06:00:00Z,REG-SOUTH,WXS-SOUTH-01,24.83,24.97,0,66.93,0,27.14,15.51,1013.73,external
2026-06-26T07:00:00Z,REG-SOUTH,WXS-SOUTH-01,25.83,25.97,2.251,65.08,0,19.92,14.48,1013.6,external
2026-06-26T08:00:00Z,REG-SOUTH,WXS-SOUTH-01,26.72,26.83,4.372,63.43,0,21.01,14.35,1013.46,external
2026-06-26T09:00:00Z,REG-SOUTH,WXS-SOUTH-01,27.9,28.1,6.238,61.26,0,16.22,13.71,1013.31,external
2026-06-26T10:00:00Z,REG-SOUTH,WXS-SOUTH-01,29.03,29.36,7.742,59.16,0,19.08,15.37,1013.18,external
2026-06-26T11:00:00Z,REG-SOUTH,WXS-SOUTH-01,30.09,30.5,8.796,57.2,0,18.97,16.39,1013.06,external
2026-06-26T12:00:00Z,REG-SOUTH,WXS-SOUTH-01,30.82,31.31,9.339,55.85,0,17.01,15.84,1012.97,external
2026-06-26T13:00:00Z,REG-SOUTH,WXS-SOUTH-01,31.69,32.22,9.339,54.24,0,19.29,14.12,1012.91,external
2026-06-26T14:00:00Z,REG-SOUTH,WXS-SOUTH-01,32.1,32.45,8.796,53.48,0,13.61,15.47,1012.88,external
2026-06-26T15:00:00Z,REG-SOUTH,WXS-SOUTH-01,32.28,32.48,7.742,53.14,0,23,14.79,1012.89,external
2026-06-26T16:00:00Z,REG-SOUTH,WXS-SOUTH-01,31.97,31.88,6.238,53.72,0,20.39,16.13,1012.94,external
2026-06-26T17:00:00Z,REG-SOUTH,WXS-SOUTH-01,31.72,31.59,4.372,54.18,0,19.7,14.34,1013.02,external
2026-06-26T18:00:00Z,REG-SOUTH,WXS-SOUTH-01,31.02,30.89,2.251,55.48,0,24.72,15.13,1013.13,external
2026-06-26T19:00:00Z,REG-SOUTH,WXS-SOUTH-01,30.08,29.95,0,57.23,0,21.72,15.97,1013.26,external
2026-06-26T20:00:00Z,REG-SOUTH,WXS-SOUTH-01,29.01,29.02,0,59.19,0,26.76,14.11,1013.4,external
2026-06-26T21:00:00Z,REG-SOUTH,WXS-SOUTH-01,27.82,27.81,0,61.4,0,24.02,15.73,1013.55,external
2026-06-26T22:00:00Z,REG-SOUTH,WXS-SOUTH-01,27.01,27.07,0,62.9,0,21.5,14.93,1013.68,external
2026-06-26T23:00:00Z,REG-SOUTH,WXS-SOUTH-01,25.66,25.79,0,65.4,0,23.1,14.79,1013.8,external
2026-06-26T00:00:00Z,REG-DELTA,WXS-DELTA-01,26.1,26.67,0,81.09,0,32.92,13.74,1014.34,external
2026-06-26T01:00:00Z,REG-DELTA,WXS-DELTA-01,25.76,26.43,0,81.72,0,38.04,11.98,1014.26,external
2026-06-26T02:00:00Z,REG-DELTA,WXS-DELTA-01,25.38,26.06,0,82.42,0,40.78,12.22,1014.16,external
2026-06-26T03:00:00Z,REG-DELTA,WXS-DELTA-01,25.28,25.84,0,82.61,0,38.87,14.93,1014.03,external
2026-06-26T04:00:00Z,REG-DELTA,WXS-DELTA-01,25.24,25.93,0,82.69,0,33.94,11.28,1013.89,external
2026-06-26T05:00:00Z,REG-DELTA,WXS-DELTA-01,25.42,26.03,0,82.35,0,39.57,13.67,1013.75,external
2026-06-26T06:00:00Z,REG-DELTA,WXS-DELTA-01,26.08,26.68,0,81.13,0,41.02,13.17,1013.61,external
2026-06-26T07:00:00Z,REG-DELTA,WXS-DELTA-01,26.9,27.46,2.228,79.62,0,37.24,13.09,1013.49,external
2026-06-26T08:00:00Z,REG-DELTA,WXS-DELTA-01,27.62,28.05,4.327,78.27,0,34.11,15.38,1013.39,external
2026-06-26T09:00:00Z,REG-DELTA,WXS-DELTA-01,28.83,29.29,6.175,76.05,0,31.67,13.49,1013.32,external
2026-06-26T10:00:00Z,REG-DELTA,WXS-DELTA-01,29.77,30.33,7.664,74.3,0,31.73,13.2,1013.29,external
2026-06-26T11:00:00Z,REG-DELTA,WXS-DELTA-01,30.64,31.28,8.707,72.7,0,30.36,13.56,1013.3,external
2026-06-26T12:00:00Z,REG-DELTA,WXS-DELTA-01,31.36,31.98,9.244,71.37,0,32.22,14.66,1013.34,external
2026-06-26T13:00:00Z,REG-DELTA,WXS-DELTA-01,32.16,32.85,9.244,69.87,0,29.93,12.48,1013.42,external
2026-06-26T14:00:00Z,REG-DELTA,WXS-DELTA-01,32.36,32.97,8.707,69.51,0,30.17,12.45,1013.52,external
2026-06-26T15:00:00Z,REG-DELTA,WXS-DELTA-01,32.48,32.87,7.664,69.29,0,29.82,13.93,1013.65,external
2026-06-26T16:00:00Z,REG-DELTA,WXS-DELTA-01,32.37,32.71,6.175,69.5,0,33.93,12.46,1013.79,external
2026-06-26T17:00:00Z,REG-DELTA,WXS-DELTA-01,32.03,32.41,4.327,70.12,0,38.82,12.04,1013.93,external
2026-06-26T18:00:00Z,REG-DELTA,WXS-DELTA-01,31.44,31.75,2.228,71.21,0,38.04,14.32,1014.07,external
2026-06-26T19:00:00Z,REG-DELTA,WXS-DELTA-01,30.66,31.06,0,72.66,0,41.94,12.76,1014.19,external
2026-06-26T20:00:00Z,REG-DELTA,WXS-DELTA-01,29.8,30.25,0,74.25,0,42.81,12.59,1014.29,external
2026-06-26T21:00:00Z,REG-DELTA,WXS-DELTA-01,28.86,29.33,0,75.99,0,38.67,13.13,1014.36,external
2026-06-26T22:00:00Z,REG-DELTA,WXS-DELTA-01,27.93,28.49,0,77.71,0,35.39,11.89,1014.39,external
2026-06-26T23:00:00Z,REG-DELTA,WXS-DELTA-01,26.98,27.49,0,79.47,0,37.62,14.18,1014.38,external
2026-06-26T00:00:00Z,REG-ISLAND,WXS-ISLAND-01,24.63,24.81,0,79.25,0,63.58,21.32,1008.33,external
2026-06-26T01:00:00Z,REG-ISLAND,WXS-ISLAND-01,24.13,24.34,0,80.18,0,67.5,21.36,1008.18,external
2026-06-26T02:00:00Z,REG-ISLAND,WXS-ISLAND-01,23.86,24.05,0,80.67,0,69.84,22.03,1008.04,external
2026-06-26T03:00:00Z,REG-ISLAND,WXS-ISLAND-01,23.62,23.86,0,81.12,0,69.06,21.14,1007.92,external
2026-06-26T04:00:00Z,REG-ISLAND,WXS-ISLAND-01,23.9,24.23,0,80.6,0,71.2,18.84,1007.82,external
2026-06-26T05:00:00Z,REG-ISLAND,WXS-ISLAND-01,24.08,24.24,0,80.27,0,66.89,22.32,1007.74,external
2026-06-26T06:00:00Z,REG-ISLAND,WXS-ISLAND-01,24.59,24.77,0,79.32,0,65.24,21.64,1007.71,external
2026-06-26T07:00:00Z,REG-ISLAND,WXS-ISLAND-01,25.02,25.19,1.961,78.53,0,61.63,21.14,1007.7,external
2026-06-26T08:00:00Z,REG-ISLAND,WXS-ISLAND-01,25.85,25.93,3.808,76.99,0,65.03,22.37,1007.74,external
2026-06-26T09:00:00Z,REG-ISLAND,WXS-ISLAND-01,26.55,26.71,5.434,75.7,0,63.19,19.95,1007.81,external
2026-06-26T10:00:00Z,REG-ISLAND,WXS-ISLAND-01,27.21,27.23,6.744,74.47,0,57.61,22.25,1007.91,external
2026-06-26T11:00:00Z,REG-ISLAND,WXS-ISLAND-01,27.74,27.81,7.662,73.49,0,61.2,20.82,1008.03,external
2026-06-26T12:00:00Z,REG-ISLAND,WXS-ISLAND-01,28.31,28.3,8.135,72.45,0,59.55,21.8,1008.17,external
2026-06-26T13:00:00Z,REG-ISLAND,WXS-ISLAND-01,28.86,28.86,8.135,71.42,0,56.81,21.05,1008.32,external
2026-06-26T14:00:00Z,REG-ISLAND,WXS-ISLAND-01,29.08,29.06,7.662,71.01,0,63.67,21.35,1008.46,external
2026-06-26T15:00:00Z,REG-ISLAND,WXS-ISLAND-01,29.08,29.12,6.744,71.01,0,62.29,20.04,1008.58,external
2026-06-26T16:00:00Z,REG-ISLAND,WXS-ISLAND-01,29.15,28.99,5.434,74.89,2.054,76.98,26.42,1008.68,external
2026-06-26T17:00:00Z,REG-ISLAND,WXS-ISLAND-01,28.86,28.72,3.808,75.43,1.66,78.89,26.42,1008.76,external
2026-06-26T18:00:00Z,REG-ISLAND,WXS-ISLAND-01,28.4,28.3,1.961,76.27,2.637,81.12,26.02,1008.79,external
2026-06-26T19:00:00Z,REG-ISLAND,WXS-ISLAND-01,27.64,27.67,0,77.67,2.709,81.91,24.14,1008.8,external
2026-06-26T20:00:00Z,REG-ISLAND,WXS-ISLAND-01,27.19,27.2,0,74.51,0,67,22.72,1008.76,external
2026-06-26T21:00:00Z,REG-ISLAND,WXS-ISLAND-01,26.37,26.44,0,76.02,0,62.49,22.23,1008.69,external
2026-06-26T22:00:00Z,REG-ISLAND,WXS-ISLAND-01,25.79,25.91,0,77.09,0,67.62,21.61,1008.59,external
2026-06-26T23:00:00Z,REG-ISLAND,WXS-ISLAND-01,25.14,25.3,0,78.29,0,65.67,21.45,1008.47,external
2026-06-26T00:00:00Z,REG-NORTH,WXS-NORTH-01,13.47,13.69,0,74.9,0,34.61,18.25,1015.17,external
2026-06-26T01:00:00Z,REG-NORTH,WXS-NORTH-01,12.94,13.09,0,75.88,0,32.92,20.36,1015.09,external
2026-06-26T02:00:00Z,REG-NORTH,WXS-NORTH-01,12.36,12.62,0,76.96,0,27.5,18.29,1015.05,external
2026-06-26T03:00:00Z,REG-NORTH,WXS-NORTH-01,12.3,12.56,0,77.06,0,28.2,18.49,1015.04,external
2026-06-26T04:00:00Z,REG-NORTH,WXS-NORTH-01,12.57,12.83,0,76.56,0,26.41,18.23,1015.07,external
2026-06-26T05:00:00Z,REG-NORTH,WXS-NORTH-01,12.93,13.03,0,75.9,0,30.49,21.49,1015.14,external
2026-06-26T06:00:00Z,REG-NORTH,WXS-NORTH-01,13.52,13.68,0,74.82,0,27.51,19.33,1015.23,external
2026-06-26T07:00:00Z,REG-NORTH,WXS-NORTH-01,14.41,14.51,1.038,73.16,0,25.88,20.02,1015.35,external
2026-06-26T08:00:00Z,REG-NORTH,WXS-NORTH-01,15.44,15.58,2.016,71.25,0,23.6,17.93,1015.49,external
2026-06-26T09:00:00Z,REG-NORTH,WXS-NORTH-01,16.39,16.37,2.876,69.5,0,26.51,20.45,1015.63,external
2026-06-26T10:00:00Z,REG-NORTH,WXS-NORTH-01,17.43,17.58,3.57,67.57,0,25.19,19.48,1015.77,external
2026-06-26T11:00:00Z,REG-NORTH,WXS-NORTH-01,18.49,18.76,4.056,65.62,0,25.53,18.89,1015.9,external
2026-06-26T12:00:00Z,REG-NORTH,WXS-NORTH-01,19.34,19.6,4.306,64.05,0,24.5,19.88,1016.01,external
2026-06-26T13:00:00Z,REG-NORTH,WXS-NORTH-01,19.91,20.1,4.306,62.98,0,20.91,21.01,1016.09,external
2026-06-26T14:00:00Z,REG-NORTH,WXS-NORTH-01,20.29,20.45,4.056,62.28,0,26.86,19.62,1016.13,external
2026-06-26T15:00:00Z,REG-NORTH,WXS-NORTH-01,20.24,20.25,3.57,62.39,0,22.7,19.44,1016.14,external
2026-06-26T16:00:00Z,REG-NORTH,WXS-NORTH-01,20.09,20.05,2.876,62.65,0,23.42,17.33,1016.11,external
2026-06-26T17:00:00Z,REG-NORTH,WXS-NORTH-01,19.83,19.68,2.016,63.13,0,25.78,19.93,1016.04,external
2026-06-26T18:00:00Z,REG-NORTH,WXS-NORTH-01,19.27,19.19,1.038,64.18,0,27.94,18.71,1015.95,external
2026-06-26T19:00:00Z,REG-NORTH,WXS-NORTH-01,18.34,18.27,0,65.9,0,31.89,19.66,1015.83,external
2026-06-26T20:00:00Z,REG-NORTH,WXS-NORTH-01,17.35,17.29,0,67.72,0,29.95,20.56,1015.69,external
2026-06-26T21:00:00Z,REG-NORTH,WXS-NORTH-01,16.34,16.4,0,69.59,0,31.88,18.77,1015.55,external
2026-06-26T22:00:00Z,REG-NORTH,WXS-NORTH-01,15.36,15.44,0,71.41,0,33.09,19.25,1015.41,external
2026-06-26T23:00:00Z,REG-NORTH,WXS-NORTH-01,14.49,14.57,0,73.02,0,30.99,20.13,1015.28,external
2026-06-26T00:00:00Z,REG-CENTRAL,WXS-CENTRAL-01,17.2,17.05,0,69.65,0,63.95,23.5,1007.16,external
2026-06-26T01:00:00Z,REG-CENTRAL,WXS-CENTRAL-01,16.7,16.57,0,70.58,0,65.58,23.46,1007.22,external
2026-06-26T02:00:00Z,REG-CENTRAL,WXS-CENTRAL-01,16.43,16.41,0,71.09,0,64.32,21.39,1007.31,external
2026-06-26T03:00:00Z,REG-CENTRAL,WXS-CENTRAL-01,16.36,16.37,0,71.2,0,69.76,20.92,1007.43,external
2026-06-26T04:00:00Z,REG-CENTRAL,WXS-CENTRAL-01,16.61,16.54,0,70.75,0,64.33,22.34,1007.56,external
2026-06-26T05:00:00Z,REG-CENTRAL,WXS-CENTRAL-01,16.62,16.53,0,70.73,0,71.68,22.68,1007.7,external
2026-06-26T06:00:00Z,REG-CENTRAL,WXS-CENTRAL-01,17.11,16.99,0,69.82,0,66.32,23.05,1007.85,external
2026-06-26T07:00:00Z,REG-CENTRAL,WXS-CENTRAL-01,17.76,17.67,1.065,68.62,0,65.24,21.58,1007.98,external
2026-06-26T08:00:00Z,REG-CENTRAL,WXS-CENTRAL-01,18.27,18.12,2.068,71.68,2.586,73.03,24.51,1008.09,external
2026-06-26T09:00:00Z,REG-CENTRAL,WXS-CENTRAL-01,19.06,18.78,2.951,70.22,2.124,79.25,26.67,1008.17,external
2026-06-26T10:00:00Z,REG-CENTRAL,WXS-CENTRAL-01,19.79,19.56,3.663,64.87,0,60.59,22.54,1008.22,external
2026-06-26T11:00:00Z,REG-CENTRAL,WXS-CENTRAL-01,20.49,20.29,4.161,63.58,0,61.99,21.12,1008.24,external
2026-06-26T12:00:00Z,REG-CENTRAL,WXS-CENTRAL-01,21.1,20.88,4.418,62.45,0,66.82,21.03,1008.22,external
2026-06-26T13:00:00Z,REG-CENTRAL,WXS-CENTRAL-01,21.54,21.26,4.418,61.62,0,62.38,21.84,1008.16,external
2026-06-26T14:00:00Z,REG-CENTRAL,WXS-CENTRAL-01,21.73,21.41,4.161,61.28,0,61.91,22.59,1008.07,external
2026-06-26T15:00:00Z,REG-CENTRAL,WXS-CENTRAL-01,21.83,21.49,3.663,61.09,0,62.65,23,1007.95,external
2026-06-26T16:00:00Z,REG-CENTRAL,WXS-CENTRAL-01,21.75,21.42,2.951,61.23,0,63.95,22.78,1007.82,external
2026-06-26T17:00:00Z,REG-CENTRAL,WXS-CENTRAL-01,21.54,21.3,2.068,61.63,0,66.12,21.12,1007.68,external
2026-06-26T18:00:00Z,REG-CENTRAL,WXS-CENTRAL-01,21.07,20.74,1.065,62.49,0,71.02,23.66,1007.53,external
2026-06-26T19:00:00Z,REG-CENTRAL,WXS-CENTRAL-01,20.44,20.26,0,63.66,0,65.58,20.9,1007.4,external
2026-06-26T20:00:00Z,REG-CENTRAL,WXS-CENTRAL-01,19.75,19.56,0,64.94,0,69.72,21.58,1007.29,external
2026-06-26T21:00:00Z,REG-CENTRAL,WXS-CENTRAL-01,19.07,18.85,0,66.2,0,68.79,22.92,1007.21,external
2026-06-26T22:00:00Z,REG-CENTRAL,WXS-CENTRAL-01,18.49,18.35,0,67.27,0,73.51,21.85,1007.16,external
2026-06-26T23:00:00Z,REG-CENTRAL,WXS-CENTRAL-01,17.7,17.59,0,68.72,0,69.46,22.11,1007.14,external
2026-06-27T00:00:00Z,REG-COASTAL,WXS-COASTAL-01,24.35,24.81,0,75.95,0,28.77,13.5,1014.55,external
2026-06-27T01:00:00Z,REG-COASTAL,WXS-COASTAL-01,23.55,24.04,0,77.44,0,29.88,13.54,1014.69,external
2026-06-27T02:00:00Z,REG-COASTAL,WXS-COASTAL-01,23.34,23.81,0,77.82,0,29.3,14.27,1014.83,external
2026-06-27T03:00:00Z,REG-COASTAL,WXS-COASTAL-01,23.31,23.84,0,77.88,0,27.94,12.94,1014.94,external
2026-06-27T04:00:00Z,REG-COASTAL,WXS-COASTAL-01,23.36,23.83,0,77.79,0,25.09,14.2,1015.03,external
2026-06-27T05:00:00Z,REG-COASTAL,WXS-COASTAL-01,23.87,24.31,0,76.84,0,28.84,14.39,1015.08,external
2026-06-27T06:00:00Z,REG-COASTAL,WXS-COASTAL-01,24.28,24.7,0,76.09,0,24.31,14.31,1015.1,external
2026-06-27T07:00:00Z,REG-COASTAL,WXS-COASTAL-01,25.16,25.52,2.277,74.46,0,26.98,14.81,1015.08,external
2026-06-27T08:00:00Z,REG-COASTAL,WXS-COASTAL-01,26.07,26.46,4.422,72.77,0,23.72,13.32,1015.03,external
2026-06-27T09:00:00Z,REG-COASTAL,WXS-COASTAL-01,27.02,27.41,6.309,71.01,0,25.18,14.26,1014.94,external
2026-06-27T10:00:00Z,REG-COASTAL,WXS-COASTAL-01,28.23,28.81,7.83,68.77,0,24.83,14.02,1014.83,external
2026-06-27T11:00:00Z,REG-COASTAL,WXS-COASTAL-01,29.16,29.86,8.896,67.05,0,27.64,14.2,1014.69,external
2026-06-27T12:00:00Z,REG-COASTAL,WXS-COASTAL-01,30.04,30.81,9.445,65.42,0,18.96,13.64,1014.55,external
2026-06-27T13:00:00Z,REG-COASTAL,WXS-COASTAL-01,30.74,31.49,9.445,64.13,0,21.57,13.27,1014.41,external
2026-06-27T14:00:00Z,REG-COASTAL,WXS-COASTAL-01,31.17,31.78,8.896,63.33,0,22.06,14.1,1014.28,external
2026-06-27T15:00:00Z,REG-COASTAL,WXS-COASTAL-01,31.1,31.64,7.83,63.47,0,18.13,10.84,1014.16,external
2026-06-27T16:00:00Z,REG-COASTAL,WXS-COASTAL-01,31.08,31.31,6.309,63.5,0,23.86,13.55,1014.07,external
2026-06-27T17:00:00Z,REG-COASTAL,WXS-COASTAL-01,30.63,30.71,4.422,64.33,0,24.13,15.48,1014.02,external
2026-06-27T18:00:00Z,REG-COASTAL,WXS-COASTAL-01,30.09,30.29,2.277,65.33,0,27.75,13.45,1014,external
2026-06-27T19:00:00Z,REG-COASTAL,WXS-COASTAL-01,29.14,29.38,0,67.09,0,24.55,13.46,1014.02,external
2026-06-27T20:00:00Z,REG-COASTAL,WXS-COASTAL-01,28.24,28.53,0,68.76,0,27.85,13.12,1014.07,external
2026-06-27T21:00:00Z,REG-COASTAL,WXS-COASTAL-01,27.27,27.57,0,70.56,0,30.25,13.91,1014.16,external
2026-06-27T22:00:00Z,REG-COASTAL,WXS-COASTAL-01,26.14,26.54,0,72.64,0,30.35,12.83,1014.28,external
2026-06-27T23:00:00Z,REG-COASTAL,WXS-COASTAL-01,25.21,25.62,0,74.37,0,31.25,13.56,1014.41,external
2026-06-27T00:00:00Z,REG-SOUTH,WXS-SOUTH-01,25.14,25.27,0,64.88,0,34.41,14.44,1014.35,external
2026-06-27T01:00:00Z,REG-SOUTH,WXS-SOUTH-01,24.47,24.55,0,66.11,0,29.9,16.3,1014.41,external
2026-06-27T02:00:00Z,REG-SOUTH,WXS-SOUTH-01,24.19,24.27,0,66.63,0,30.45,16.53,1014.44,external
2026-06-27T03:00:00Z,REG-SOUTH,WXS-SOUTH-01,24.04,24.2,0,66.9,0,29.27,15.11,1014.43,external
2026-06-27T04:00:00Z,REG-SOUTH,WXS-SOUTH-01,24.19,24.3,0,66.63,0,33.43,15.99,1014.38,external
2026-06-27T05:00:00Z,REG-SOUTH,WXS-SOUTH-01,24.56,24.73,0,65.94,0,34.1,14.44,1014.3,external
2026-06-27T06:00:00Z,REG-SOUTH,WXS-SOUTH-01,25.28,25.38,0,64.6,0,26.96,15.15,1014.19,external
2026-06-27T07:00:00Z,REG-SOUTH,WXS-SOUTH-01,26.13,26.16,2.27,63.03,0,25.56,15.76,1014.06,external
2026-06-27T08:00:00Z,REG-SOUTH,WXS-SOUTH-01,27.02,27.03,4.409,61.38,0,31.53,15.38,1013.92,external
2026-06-27T09:00:00Z,REG-SOUTH,WXS-SOUTH-01,28.21,28.25,6.291,59.2,0,24.17,14.26,1013.77,external
2026-06-27T10:00:00Z,REG-SOUTH,WXS-SOUTH-01,29.38,29.55,7.808,57.03,0,27.46,15.46,1013.64,external
2026-06-27T11:00:00Z,REG-SOUTH,WXS-SOUTH-01,30.35,30.61,8.871,55.22,0,25.37,16.18,1013.52,external
2026-06-27T12:00:00Z,REG-SOUTH,WXS-SOUTH-01,31.16,31.53,9.418,53.72,0,23.27,14.66,1013.43,external
2026-06-27T13:00:00Z,REG-SOUTH,WXS-SOUTH-01,31.97,32.31,9.418,52.22,0,22.87,14.52,1013.37,external
2026-06-27T14:00:00Z,REG-SOUTH,WXS-SOUTH-01,32.39,32.53,8.871,51.46,0,27.93,16.57,1013.34,external
2026-06-27T15:00:00Z,REG-SOUTH,WXS-SOUTH-01,32.45,32.45,7.808,51.35,0,24.68,16.08,1013.35,external
2026-06-27T16:00:00Z,REG-SOUTH,WXS-SOUTH-01,32.25,32.08,6.291,51.71,0,26.65,15.11,1013.4,external
2026-06-27T17:00:00Z,REG-SOUTH,WXS-SOUTH-01,31.88,31.62,4.409,52.4,0,26.13,16.26,1013.48,external
2026-06-27T18:00:00Z,REG-SOUTH,WXS-SOUTH-01,31.17,30.98,2.27,53.71,0,28.88,15.57,1013.59,external
2026-06-27T19:00:00Z,REG-SOUTH,WXS-SOUTH-01,30.16,30.01,0,55.58,0,27.61,15.56,1013.72,external
2026-06-27T20:00:00Z,REG-SOUTH,WXS-SOUTH-01,29.39,29.24,0,57.01,0,27.18,16.4,1013.86,external
2026-06-27T21:00:00Z,REG-SOUTH,WXS-SOUTH-01,28.21,28.13,0,59.19,0,30.88,15.98,1014.01,external
2026-06-27T22:00:00Z,REG-SOUTH,WXS-SOUTH-01,27.19,27.09,0,61.07,0,27.38,17.59,1014.14,external
2026-06-27T23:00:00Z,REG-SOUTH,WXS-SOUTH-01,26.1,26.19,0,63.09,0,34.66,14.61,1014.26,external
2026-06-27T00:00:00Z,REG-DELTA,WXS-DELTA-01,26.39,26.96,0,82.27,0,30.47,14.37,1013.68,external
2026-06-27T01:00:00Z,REG-DELTA,WXS-DELTA-01,25.69,26.31,0,83.56,0,35.46,14.22,1013.6,external
2026-06-27T02:00:00Z,REG-DELTA,WXS-DELTA-01,25.4,26.07,0,84.1,0,32.37,13.37,1013.5,external
2026-06-27T03:00:00Z,REG-DELTA,WXS-DELTA-01,25.25,25.93,0,84.37,0,33.66,13.29,1013.37,external
2026-06-27T04:00:00Z,REG-DELTA,WXS-DELTA-01,25.3,25.9,0,84.28,0,31.97,14.97,1013.23,external
2026-06-27T05:00:00Z,REG-DELTA,WXS-DELTA-01,25.59,26.15,0,83.74,0,29.19,15.63,1013.09,external
2026-06-27T06:00:00Z,REG-DELTA,WXS-DELTA-01,26.29,26.83,0,82.46,0,33.06,15.14,1012.95,external
2026-06-27T07:00:00Z,REG-DELTA,WXS-DELTA-01,27.09,27.58,2.267,80.97,0,27.47,15.62,1012.83,external
2026-06-27T08:00:00Z,REG-DELTA,WXS-DELTA-01,28.02,28.45,4.402,79.25,0,30.15,15.88,1012.73,external
2026-06-27T09:00:00Z,REG-DELTA,WXS-DELTA-01,28.91,29.27,6.281,77.61,0,32.49,16.49,1012.66,external
2026-06-27T10:00:00Z,REG-DELTA,WXS-DELTA-01,29.92,30.57,7.795,75.73,0,28.43,14.01,1012.63,external
2026-06-27T11:00:00Z,REG-DELTA,WXS-DELTA-01,30.69,31.52,8.857,74.32,0,24.11,12.61,1012.64,external
2026-06-27T12:00:00Z,REG-DELTA,WXS-DELTA-01,31.55,32.37,9.403,72.72,0,27.85,13.63,1012.68,external
2026-06-27T13:00:00Z,REG-DELTA,WXS-DELTA-01,32.11,32.93,9.403,71.68,0,24.24,13.22,1012.76,external
2026-06-27T14:00:00Z,REG-DELTA,WXS-DELTA-01,32.52,33.15,8.857,70.93,0,23.94,15.11,1012.86,external
2026-06-27T15:00:00Z,REG-DELTA,WXS-DELTA-01,32.71,33.16,7.795,70.57,0,25.29,15.6,1012.99,external
2026-06-27T16:00:00Z,REG-DELTA,WXS-DELTA-01,32.56,32.78,6.281,70.86,0,26.34,15.98,1013.13,external
2026-06-27T17:00:00Z,REG-DELTA,WXS-DELTA-01,32.16,32.51,4.402,71.6,0,32.02,13.31,1013.27,external
2026-06-27T18:00:00Z,REG-DELTA,WXS-DELTA-01,31.42,31.74,2.267,72.97,0,26.33,14.79,1013.41,external
2026-06-27T19:00:00Z,REG-DELTA,WXS-DELTA-01,30.74,31.11,0,74.22,0,34.45,14.5,1013.53,external
2026-06-27T20:00:00Z,REG-DELTA,WXS-DELTA-01,29.89,30.35,0,75.79,0,28.34,13.45,1013.63,external
2026-06-27T21:00:00Z,REG-DELTA,WXS-DELTA-01,28.86,29.29,0,77.7,0,32.73,15.07,1013.7,external
2026-06-27T22:00:00Z,REG-DELTA,WXS-DELTA-01,27.97,28.54,0,79.34,0,32.24,12.86,1013.73,external
2026-06-27T23:00:00Z,REG-DELTA,WXS-DELTA-01,27.03,27.62,0,81.09,0,28.96,13.3,1013.72,external
2026-06-27T00:00:00Z,REG-ISLAND,WXS-ISLAND-01,24.01,24.48,0,73.69,0,30.88,11.29,1012.17,external
2026-06-27T01:00:00Z,REG-ISLAND,WXS-ISLAND-01,23.36,23.82,0,74.91,0,32.33,12.7,1012.02,external
2026-06-27T02:00:00Z,REG-ISLAND,WXS-ISLAND-01,22.98,23.5,0,75.6,0,34.41,11.81,1011.88,external
2026-06-27T03:00:00Z,REG-ISLAND,WXS-ISLAND-01,22.94,23.44,0,75.67,0,35.41,12.37,1011.76,external
2026-06-27T04:00:00Z,REG-ISLAND,WXS-ISLAND-01,22.99,23.46,0,75.59,0,33.51,12.86,1011.66,external
2026-06-27T05:00:00Z,REG-ISLAND,WXS-ISLAND-01,23.48,23.88,0,74.68,0,35.15,13.94,1011.58,external
2026-06-27T06:00:00Z,REG-ISLAND,WXS-ISLAND-01,24.05,24.48,0,73.62,0,35.98,12.7,1011.55,external
2026-06-27T07:00:00Z,REG-ISLAND,WXS-ISLAND-01,24.86,25.23,2.253,72.12,0,34.59,13.3,1011.54,external
2026-06-27T08:00:00Z,REG-ISLAND,WXS-ISLAND-01,25.88,26.24,4.374,70.24,0,28.38,12.48,1011.58,external
2026-06-27T09:00:00Z,REG-ISLAND,WXS-ISLAND-01,26.88,27.18,6.242,68.38,0,28.85,12.85,1011.65,external
2026-06-27T10:00:00Z,REG-ISLAND,WXS-ISLAND-01,28.11,28.57,7.746,66.11,0,32.02,12.87,1011.75,external
2026-06-27T11:00:00Z,REG-ISLAND,WXS-ISLAND-01,29.02,29.57,8.801,64.43,0,25.34,13.37,1011.87,external
2026-06-27T12:00:00Z,REG-ISLAND,WXS-ISLAND-01,29.82,30.46,9.344,62.95,0,24.02,12.34,1012.01,external
2026-06-27T13:00:00Z,REG-ISLAND,WXS-ISLAND-01,30.32,30.92,9.344,62.03,0,25.72,12.71,1012.16,external
2026-06-27T14:00:00Z,REG-ISLAND,WXS-ISLAND-01,30.81,31.31,8.801,61.11,0,22.71,12.74,1012.3,external
2026-06-27T15:00:00Z,REG-ISLAND,WXS-ISLAND-01,30.88,31.26,7.746,60.98,0,30.03,11.02,1012.42,external
2026-06-27T16:00:00Z,REG-ISLAND,WXS-ISLAND-01,30.74,30.91,6.242,61.24,0,26.39,11.35,1012.52,external
2026-06-27T17:00:00Z,REG-ISLAND,WXS-ISLAND-01,30.28,30.44,4.374,62.09,0,28.33,12.53,1012.6,external
2026-06-27T18:00:00Z,REG-ISLAND,WXS-ISLAND-01,29.91,30.11,2.253,62.77,0,32.51,11.78,1012.63,external
2026-06-27T19:00:00Z,REG-ISLAND,WXS-ISLAND-01,28.94,29.16,0,64.57,0,30.53,12.51,1012.64,external
2026-06-27T20:00:00Z,REG-ISLAND,WXS-ISLAND-01,27.91,28.2,0,66.47,0,31.24,11.96,1012.6,external
2026-06-27T21:00:00Z,REG-ISLAND,WXS-ISLAND-01,26.94,27.23,0,68.27,0,33.64,12.95,1012.53,external
2026-06-27T22:00:00Z,REG-ISLAND,WXS-ISLAND-01,25.76,26.1,0,70.45,0,34.11,13.08,1012.43,external
2026-06-27T23:00:00Z,REG-ISLAND,WXS-ISLAND-01,24.95,25.34,0,71.96,0,36.3,12.7,1012.31,external
2026-06-27T00:00:00Z,REG-NORTH,WXS-NORTH-01,13.74,14.16,0,76.42,0,45.82,14.48,1014.61,external
2026-06-27T01:00:00Z,REG-NORTH,WXS-NORTH-01,13.22,13.61,0,77.37,0,44.6,15.8,1014.53,external
2026-06-27T02:00:00Z,REG-NORTH,WXS-NORTH-01,13.01,13.48,0,77.77,0,49.81,13.99,1014.49,external
2026-06-27T03:00:00Z,REG-NORTH,WXS-NORTH-01,12.56,12.95,0,78.6,0,42.26,16.33,1014.48,external
2026-06-27T04:00:00Z,REG-NORTH,WXS-NORTH-01,12.85,13.3,0,78.06,0,47.81,14.83,1014.51,external
2026-06-27T05:00:00Z,REG-NORTH,WXS-NORTH-01,13.14,13.6,0,77.52,0,43.31,14.38,1014.58,external
2026-06-27T06:00:00Z,REG-NORTH,WXS-NORTH-01,13.75,14.22,0,76.39,0,47,13.55,1014.67,external
2026-06-27T07:00:00Z,REG-NORTH,WXS-NORTH-01,14.37,14.75,0.988,75.26,0,43.97,14.66,1014.79,external
2026-06-27T08:00:00Z,REG-NORTH,WXS-NORTH-01,15.45,15.82,1.918,73.24,0,42.97,14.08,1014.93,external
2026-06-27T09:00:00Z,REG-NORTH,WXS-NORTH-01,16.42,16.66,2.737,71.46,0,36.5,15.78,1015.07,external
2026-06-27T10:00:00Z,REG-NORTH,WXS-NORTH-01,17.41,17.58,3.397,69.63,0,40.58,16.38,1015.21,external
2026-06-27T11:00:00Z,REG-NORTH,WXS-NORTH-01,18.39,18.58,3.859,67.8,0,43.33,15.87,1015.34,external
2026-06-27T12:00:00Z,REG-NORTH,WXS-NORTH-01,19.22,19.5,4.097,66.28,0,35.92,14.22,1015.45,external
2026-06-27T13:00:00Z,REG-NORTH,WXS-NORTH-01,19.84,20.09,4.097,65.12,0,39.94,14.55,1015.53,external
2026-06-27T14:00:00Z,REG-NORTH,WXS-NORTH-01,20.12,20.28,3.859,64.6,0,38.47,14.78,1015.57,external
2026-06-27T15:00:00Z,REG-NORTH,WXS-NORTH-01,20.17,20.32,3.397,64.51,0,38.47,13.97,1015.58,external
2026-06-27T16:00:00Z,REG-NORTH,WXS-NORTH-01,20.07,20.23,2.737,64.7,0,39.24,13.99,1015.55,external
2026-06-27T17:00:00Z,REG-NORTH,WXS-NORTH-01,19.79,19.97,1.918,65.23,0,43.33,13.48,1015.48,external
2026-06-27T18:00:00Z,REG-NORTH,WXS-NORTH-01,19.21,19.4,0.988,66.29,0,44.12,14.24,1015.39,external
2026-06-27T19:00:00Z,REG-NORTH,WXS-NORTH-01,18.35,18.56,0,67.89,0,39.22,14.33,1015.27,external
2026-06-27T20:00:00Z,REG-NORTH,WXS-NORTH-01,17.32,17.54,0,69.79,0,44.95,15.31,1015.13,external
2026-06-27T21:00:00Z,REG-NORTH,WXS-NORTH-01,16.37,16.72,0,71.54,0,43.43,13.41,1014.99,external
2026-06-27T22:00:00Z,REG-NORTH,WXS-NORTH-01,15.53,15.9,0,73.1,0,44.69,13.91,1014.85,external
2026-06-27T23:00:00Z,REG-NORTH,WXS-NORTH-01,14.5,14.87,0,75,0,46.84,14.96,1014.72,external
2026-06-27T00:00:00Z,REG-CENTRAL,WXS-CENTRAL-01,17.08,17.38,0,66.81,0,36.76,11.97,1012.72,external
2026-06-27T01:00:00Z,REG-CENTRAL,WXS-CENTRAL-01,16.44,16.76,0,68,0,37.88,11.91,1012.78,external
2026-06-27T02:00:00Z,REG-CENTRAL,WXS-CENTRAL-01,15.94,16.28,0,68.93,0,35.88,10.95,1012.87,external
2026-06-27T03:00:00Z,REG-CENTRAL,WXS-CENTRAL-01,15.75,16.11,0,69.27,0,35.89,11.69,1012.99,external
2026-06-27T04:00:00Z,REG-CENTRAL,WXS-CENTRAL-01,16.08,16.42,0,68.66,0,38.74,9.93,1013.12,external
2026-06-27T05:00:00Z,REG-CENTRAL,WXS-CENTRAL-01,16.36,16.69,0,68.14,0,38.47,10.79,1013.26,external
2026-06-27T06:00:00Z,REG-CENTRAL,WXS-CENTRAL-01,17.07,17.37,0,66.83,0,34.49,10.2,1013.41,external
2026-06-27T07:00:00Z,REG-CENTRAL,WXS-CENTRAL-01,17.86,18.12,1.333,65.38,0,34.36,11.03,1013.54,external
2026-06-27T08:00:00Z,REG-CENTRAL,WXS-CENTRAL-01,18.92,19.13,2.589,63.41,0,33.53,11.7,1013.65,external
2026-06-27T09:00:00Z,REG-CENTRAL,WXS-CENTRAL-01,19.69,19.87,3.695,61.98,0,32.86,10.08,1013.73,external
2026-06-27T10:00:00Z,REG-CENTRAL,WXS-CENTRAL-01,20.82,20.98,4.585,59.89,0,33.21,12.54,1013.78,external
2026-06-27T11:00:00Z,REG-CENTRAL,WXS-CENTRAL-01,21.76,22.03,5.21,58.15,0,33.83,10.65,1013.8,external
2026-06-27T12:00:00Z,REG-CENTRAL,WXS-CENTRAL-01,22.58,22.88,5.531,56.64,0,29.59,11.74,1013.78,external
2026-06-27T13:00:00Z,REG-CENTRAL,WXS-CENTRAL-01,23.34,23.6,5.531,55.23,0,31.92,10.83,1013.72,external
2026-06-27T14:00:00Z,REG-CENTRAL,WXS-CENTRAL-01,23.44,23.63,5.21,55.05,0,34.08,9.55,1013.63,external
2026-06-27T15:00:00Z,REG-CENTRAL,WXS-CENTRAL-01,23.79,23.83,4.585,54.4,0,30.08,10.93,1013.51,external
2026-06-27T16:00:00Z,REG-CENTRAL,WXS-CENTRAL-01,23.68,23.67,3.695,54.6,0,33.22,10.2,1013.38,external
2026-06-27T17:00:00Z,REG-CENTRAL,WXS-CENTRAL-01,23.26,23.27,2.589,55.38,0,33.7,11.62,1013.24,external
2026-06-27T18:00:00Z,REG-CENTRAL,WXS-CENTRAL-01,22.47,22.51,1.333,56.85,0,32.67,10.14,1013.09,external
2026-06-27T19:00:00Z,REG-CENTRAL,WXS-CENTRAL-01,21.77,21.85,0,58.14,0,33.07,10.91,1012.96,external
2026-06-27T20:00:00Z,REG-CENTRAL,WXS-CENTRAL-01,20.82,20.94,0,59.89,0,36.53,10.62,1012.85,external
2026-06-27T21:00:00Z,REG-CENTRAL,WXS-CENTRAL-01,19.7,19.88,0,61.96,0,36.19,10.61,1012.77,external
2026-06-27T22:00:00Z,REG-CENTRAL,WXS-CENTRAL-01,18.77,18.99,0,63.69,0,31.15,11.61,1012.72,external
2026-06-27T23:00:00Z,REG-CENTRAL,WXS-CENTRAL-01,17.8,18.07,0,65.47,0,35.79,11.89,1012.7,external
2026-06-28T00:00:00Z,REG-COASTAL,WXS-COASTAL-01,24.32,24.64,0,71.67,0,25.33,14.18,1014.25,external
2026-06-28T01:00:00Z,REG-COASTAL,WXS-COASTAL-01,23.65,24.05,0,72.91,0,18.87,13.01,1014.39,external
2026-06-28T02:00:00Z,REG-COASTAL,WXS-COASTAL-01,23.18,23.57,0,73.77,0,23.47,13.89,1014.53,external
2026-06-28T03:00:00Z,REG-COASTAL,WXS-COASTAL-01,22.92,23.39,0,74.27,0,25.97,12.26,1014.64,external
2026-06-28T04:00:00Z,REG-COASTAL,WXS-COASTAL-01,23.22,23.62,0,73.71,0,27.33,13.58,1014.73,external
2026-06-28T05:00:00Z,REG-COASTAL,WXS-COASTAL-01,23.58,23.99,0,73.04,0,25.62,13.02,1014.78,external
2026-06-28T06:00:00Z,REG-COASTAL,WXS-COASTAL-01,24.23,24.53,0,71.84,0,28.53,14.74,1014.8,external
2026-06-28T07:00:00Z,REG-COASTAL,WXS-COASTAL-01,25.16,25.51,2.31,70.11,0,20.69,12.71,1014.78,external
2026-06-28T08:00:00Z,REG-COASTAL,WXS-COASTAL-01,26.27,26.46,4.486,68.06,0,23.11,14.99,1014.73,external
2026-06-28T09:00:00Z,REG-COASTAL,WXS-COASTAL-01,27.32,27.69,6.401,66.11,0,21.77,12.92,1014.64,external
2026-06-28T10:00:00Z,REG-COASTAL,WXS-COASTAL-01,28.47,29.01,7.945,63.99,0,21.14,13.56,1014.53,external
2026-06-28T11:00:00Z,REG-COASTAL,WXS-COASTAL-01,29.5,30.12,9.026,62.09,0,20.36,14.57,1014.39,external
2026-06-28T12:00:00Z,REG-COASTAL,WXS-COASTAL-01,30.31,31.02,9.583,60.59,0,13.77,13.81,1014.25,external
2026-06-28T13:00:00Z,REG-COASTAL,WXS-COASTAL-01,31.01,31.68,9.583,59.29,0,17.93,14.02,1014.11,external
2026-06-28T14:00:00Z,REG-COASTAL,WXS-COASTAL-01,31.52,32.04,9.026,58.36,0,16.8,14.7,1013.98,external
2026-06-28T15:00:00Z,REG-COASTAL,WXS-COASTAL-01,31.58,32.01,7.945,58.23,0,16.94,12.88,1013.86,external
2026-06-28T16:00:00Z,REG-COASTAL,WXS-COASTAL-01,31.57,31.71,6.401,58.26,0,16.65,13.6,1013.77,external
2026-06-28T17:00:00Z,REG-COASTAL,WXS-COASTAL-01,31.04,31.06,4.486,59.24,0,21.99,13.94,1013.72,external
2026-06-28T18:00:00Z,REG-COASTAL,WXS-COASTAL-01,30.37,30.39,2.31,60.47,0,21.98,14.73,1013.7,external
2026-06-28T19:00:00Z,REG-COASTAL,WXS-COASTAL-01,29.49,29.62,0,62.1,0,26.26,13.13,1013.72,external
2026-06-28T20:00:00Z,REG-COASTAL,WXS-COASTAL-01,28.43,28.59,0,64.07,0,24.96,13.48,1013.77,external
2026-06-28T21:00:00Z,REG-COASTAL,WXS-COASTAL-01,27.28,27.47,0,66.19,0,23.63,13.98,1013.86,external
2026-06-28T22:00:00Z,REG-COASTAL,WXS-COASTAL-01,26.15,26.4,0,68.28,0,25.69,13.98,1013.98,external
2026-06-28T23:00:00Z,REG-COASTAL,WXS-COASTAL-01,25.11,25.4,0,70.22,0,25.27,13.81,1014.11,external
2026-06-28T00:00:00Z,REG-SOUTH,WXS-SOUTH-01,24.82,24.94,0,64.33,0,27.32,14.45,1015.56,external
2026-06-28T01:00:00Z,REG-SOUTH,WXS-SOUTH-01,24.21,24.33,0,65.46,0,29.61,15.2,1015.62,external
2026-06-28T02:00:00Z,REG-SOUTH,WXS-SOUTH-01,23.89,24.03,0,66.05,0,30.88,15.03,1015.65,external
2026-06-28T03:00:00Z,REG-SOUTH,WXS-SOUTH-01,23.49,23.64,0,66.8,0,29.42,15.17,1015.64,external
2026-06-28T04:00:00Z,REG-SOUTH,WXS-SOUTH-01,23.73,23.8,0,66.34,0,27.12,16.86,1015.59,external
2026-06-28T05:00:00Z,REG-SOUTH,WXS-SOUTH-01,24.33,24.44,0,65.25,0,32.4,15.11,1015.51,external
2026-06-28T06:00:00Z,REG-SOUTH,WXS-SOUTH-01,24.95,25.11,0,64.09,0,28.77,13.5,1015.4,external
2026-06-28T07:00:00Z,REG-SOUTH,WXS-SOUTH-01,25.92,25.92,2.259,62.29,0,27.52,16.06,1015.27,external
2026-06-28T08:00:00Z,REG-SOUTH,WXS-SOUTH-01,27,27.01,4.387,60.31,0,24.49,14.71,1015.13,external
2026-06-28T09:00:00Z,REG-SOUTH,WXS-SOUTH-01,28.15,28.13,6.26,58.17,0,28.97,15.57,1014.98,external
2026-06-28T10:00:00Z,REG-SOUTH,WXS-SOUTH-01,29.15,29.29,7.769,56.33,0,24.11,16.07,1014.85,external
2026-06-28T11:00:00Z,REG-SOUTH,WXS-SOUTH-01,30.26,30.5,8.826,54.26,0,18.27,16.55,1014.73,external
2026-06-28T12:00:00Z,REG-SOUTH,WXS-SOUTH-01,31.3,31.66,9.371,52.35,0,19.86,14.51,1014.64,external
2026-06-28T13:00:00Z,REG-SOUTH,WXS-SOUTH-01,31.94,32.25,9.371,51.17,0,19.8,14.91,1014.58,external
2026-06-28T14:00:00Z,REG-SOUTH,WXS-SOUTH-01,32.48,32.68,8.826,50.17,0,20.01,14.92,1014.55,external
2026-06-28T15:00:00Z,REG-SOUTH,WXS-SOUTH-01,32.39,32.34,7.769,50.33,0,23.65,16.99,1014.56,external
2026-06-28T16:00:00Z,REG-SOUTH,WXS-SOUTH-01,32.4,32.15,6.26,50.3,0,23.09,16.43,1014.61,external
2026-06-28T17:00:00Z,REG-SOUTH,WXS-SOUTH-01,31.89,31.65,4.387,51.26,0,31.24,15.27,1014.69,external
2026-06-28T18:00:00Z,REG-SOUTH,WXS-SOUTH-01,31.25,30.97,2.259,52.44,0,26.2,16.79,1014.8,external
2026-06-28T19:00:00Z,REG-SOUTH,WXS-SOUTH-01,30.24,30.11,0,54.31,0,31.16,14.38,1014.93,external
2026-06-28T20:00:00Z,REG-SOUTH,WXS-SOUTH-01,29.13,28.93,0,56.36,0,28.8,17.14,1015.07,external
2026-06-28T21:00:00Z,REG-SOUTH,WXS-SOUTH-01,28.06,27.96,0,58.34,0,30.14,16.09,1015.22,external
2026-06-28T22:00:00Z,REG-SOUTH,WXS-SOUTH-01,26.9,26.86,0,60.49,0,30.18,15.81,1015.35,external
2026-06-28T23:00:00Z,REG-SOUTH,WXS-SOUTH-01,25.82,25.9,0,62.49,0,26.84,14.28,1015.47,external
2026-06-28T00:00:00Z,REG-DELTA,WXS-DELTA-01,26.93,27.25,0,85.9,0,75.59,22.02,1009.35,external
2026-06-28T01:00:00Z,REG-DELTA,WXS-DELTA-01,26.4,26.77,0,86.87,0,76.78,21.44,1009.27,external
2026-06-28T02:00:00Z,REG-DELTA,WXS-DELTA-01,26.17,26.58,0,87.29,0,79.97,20.81,1009.17,external
2026-06-28T03:00:00Z,REG-DELTA,WXS-DELTA-01,26.2,26.47,0,87.24,0,74.4,23.99,1009.04,external
2026-06-28T04:00:00Z,REG-DELTA,WXS-DELTA-01,26.13,26.51,0,87.37,0,77.82,21.63,1008.9,external
2026-06-28T05:00:00Z,REG-DELTA,WXS-DELTA-01,26.51,26.89,0,86.67,0,78.75,21.17,1008.76,external
2026-06-28T06:00:00Z,REG-DELTA,WXS-DELTA-01,26.89,27.26,0,85.96,0,74.22,20.97,1008.62,external
2026-06-28T07:00:00Z,REG-DELTA,WXS-DELTA-01,27.45,27.77,1.952,84.93,0,74.24,21.41,1008.5,external
2026-06-28T08:00:00Z,REG-DELTA,WXS-DELTA-01,27.96,28.24,3.79,83.99,0,75.15,21.91,1008.4,external
2026-06-28T09:00:00Z,REG-DELTA,WXS-DELTA-01,28.76,28.9,5.408,86.51,3.097,82.89,26.35,1008.33,external
2026-06-28T10:00:00Z,REG-DELTA,WXS-DELTA-01,29.17,29.29,6.712,85.74,3.001,82.95,26.45,1008.3,external
2026-06-28T11:00:00Z,REG-DELTA,WXS-DELTA-01,29.86,30.03,7.625,84.46,1.918,83.59,24.59,1008.31,external
2026-06-28T12:00:00Z,REG-DELTA,WXS-DELTA-01,30.3,30.38,8.096,83.66,2.152,84.52,26.08,1008.35,external
2026-06-28T13:00:00Z,REG-DELTA,WXS-DELTA-01,30.59,30.74,8.096,83.12,3.07,81.05,24.37,1008.43,external
2026-06-28T14:00:00Z,REG-DELTA,WXS-DELTA-01,31.01,31.03,7.625,82.34,2.679,87.47,26.66,1008.53,external
2026-06-28T15:00:00Z,REG-DELTA,WXS-DELTA-01,31.06,31.17,6.712,82.24,2.784,86.44,24.74,1008.66,external
2026-06-28T16:00:00Z,REG-DELTA,WXS-DELTA-01,30.88,31,5.408,78.58,0,70.9,22.57,1008.8,external
2026-06-28T17:00:00Z,REG-DELTA,WXS-DELTA-01,30.67,30.81,3.79,78.97,0,77.77,22.35,1008.94,external
2026-06-28T18:00:00Z,REG-DELTA,WXS-DELTA-01,30.25,30.48,1.952,79.75,0,73.64,20.61,1009.08,external
2026-06-28T19:00:00Z,REG-DELTA,WXS-DELTA-01,29.77,29.92,0,80.64,0,77.64,22.95,1009.2,external
2026-06-28T20:00:00Z,REG-DELTA,WXS-DELTA-01,29.14,29.32,0,81.8,0,76.83,23.02,1009.3,external
2026-06-28T21:00:00Z,REG-DELTA,WXS-DELTA-01,28.41,28.71,0,83.15,0,76.87,20.99,1009.37,external
2026-06-28T22:00:00Z,REG-DELTA,WXS-DELTA-01,28.02,28.24,0,83.87,0,77.9,23.26,1009.4,external
2026-06-28T23:00:00Z,REG-DELTA,WXS-DELTA-01,27.35,27.7,0,85.12,0,71.21,20.94,1009.39,external
2026-06-28T00:00:00Z,REG-ISLAND,WXS-ISLAND-01,24.32,24.64,0,76.03,0,37.77,16.51,1012.49,external
2026-06-28T01:00:00Z,REG-ISLAND,WXS-ISLAND-01,23.89,24.31,0,76.83,0,38.71,14.75,1012.34,external
2026-06-28T02:00:00Z,REG-ISLAND,WXS-ISLAND-01,23.36,23.74,0,77.8,0,38.61,16.29,1012.2,external
2026-06-28T03:00:00Z,REG-ISLAND,WXS-ISLAND-01,23.21,23.65,0,78.08,0,41.15,15.13,1012.08,external
2026-06-28T04:00:00Z,REG-ISLAND,WXS-ISLAND-01,23.36,23.79,0,77.81,0,40.73,15.14,1011.98,external
2026-06-28T05:00:00Z,REG-ISLAND,WXS-ISLAND-01,23.75,24.15,0,77.07,0,39.61,15.42,1011.9,external
2026-06-28T06:00:00Z,REG-ISLAND,WXS-ISLAND-01,24.33,24.62,0,76.01,0,36.59,17.24,1011.87,external
2026-06-28T07:00:00Z,REG-ISLAND,WXS-ISLAND-01,24.97,25.23,2.235,74.82,0,37.76,17.2,1011.86,external
2026-06-28T08:00:00Z,REG-ISLAND,WXS-ISLAND-01,25.9,26.17,4.34,73.1,0,32.85,16.01,1011.9,external
2026-06-28T09:00:00Z,REG-ISLAND,WXS-ISLAND-01,26.77,26.94,6.192,71.49,0,33.71,17.3,1011.97,external
2026-06-28T10:00:00Z,REG-ISLAND,WXS-ISLAND-01,27.93,28.2,7.685,69.35,0,34.4,17.01,1012.07,external
2026-06-28T11:00:00Z,REG-ISLAND,WXS-ISLAND-01,28.84,29.31,8.731,67.67,0,33.99,14.72,1012.19,external
2026-06-28T12:00:00Z,REG-ISLAND,WXS-ISLAND-01,29.44,29.84,9.27,66.55,0,27.79,17.27,1012.33,external
2026-06-28T13:00:00Z,REG-ISLAND,WXS-ISLAND-01,30.21,30.68,9.27,65.13,0,33.92,14.99,1012.48,external
2026-06-28T14:00:00Z,REG-ISLAND,WXS-ISLAND-01,30.48,30.81,8.731,64.63,0,29.05,16.11,1012.62,external
2026-06-28T15:00:00Z,REG-ISLAND,WXS-ISLAND-01,30.77,30.89,7.685,64.1,0,33.57,17.33,1012.74,external
2026-06-28T16:00:00Z,REG-ISLAND,WXS-ISLAND-01,30.5,30.57,6.192,64.6,0,31.02,15.6,1012.84,external
2026-06-28T17:00:00Z,REG-ISLAND,WXS-ISLAND-01,30.33,30.46,4.34,64.9,0,36.69,14.67,1012.92,external
2026-06-28T18:00:00Z,REG-ISLAND,WXS-ISLAND-01,29.51,29.63,2.235,66.43,0,37.52,15.6,1012.95,external
2026-06-28T19:00:00Z,REG-ISLAND,WXS-ISLAND-01,28.81,28.92,0,67.72,0,38.68,16.62,1012.96,external
2026-06-28T20:00:00Z,REG-ISLAND,WXS-ISLAND-01,27.91,28.01,0,69.38,0,38.83,17.73,1012.92,external
2026-06-28T21:00:00Z,REG-ISLAND,WXS-ISLAND-01,26.86,27.1,0,71.33,0,41.04,15.8,1012.85,external
2026-06-28T22:00:00Z,REG-ISLAND,WXS-ISLAND-01,26.03,26.35,0,72.86,0,39.35,14.91,1012.75,external
2026-06-28T23:00:00Z,REG-ISLAND,WXS-ISLAND-01,25.07,25.42,0,74.64,0,41.59,15.19,1012.63,external
2026-06-28T00:00:00Z,REG-NORTH,WXS-NORTH-01,14.22,14.53,0,75.67,0,43.8,16.75,1015.38,external
2026-06-28T01:00:00Z,REG-NORTH,WXS-NORTH-01,13.64,14.05,0,76.75,0,37.98,14.99,1015.3,external
2026-06-28T02:00:00Z,REG-NORTH,WXS-NORTH-01,13.24,13.65,0,77.49,0,40.06,15.47,1015.26,external
2026-06-28T03:00:00Z,REG-NORTH,WXS-NORTH-01,13.02,13.51,0,77.9,0,44.82,13.69,1015.25,external
2026-06-28T04:00:00Z,REG-NORTH,WXS-NORTH-01,13.16,13.62,0,77.65,0,43.03,14.25,1015.28,external
2026-06-28T05:00:00Z,REG-NORTH,WXS-NORTH-01,13.57,14.01,0,76.89,0,41.56,14.28,1015.35,external
2026-06-28T06:00:00Z,REG-NORTH,WXS-NORTH-01,14.14,14.57,0,75.83,0,41.98,14.02,1015.44,external
2026-06-28T07:00:00Z,REG-NORTH,WXS-NORTH-01,15,15.33,1.024,74.23,0,36.33,15.33,1015.56,external
2026-06-28T08:00:00Z,REG-NORTH,WXS-NORTH-01,15.75,16.09,1.989,72.84,0,35.96,14.41,1015.7,external
2026-06-28T09:00:00Z,REG-NORTH,WXS-NORTH-01,16.56,16.84,2.838,71.35,0,33.59,14.98,1015.84,external
2026-06-28T10:00:00Z,REG-NORTH,WXS-NORTH-01,17.63,17.92,3.523,69.37,0,35.51,13.59,1015.98,external
2026-06-28T11:00:00Z,REG-NORTH,WXS-NORTH-01,18.5,18.81,4.002,67.77,0,34.6,14.93,1016.11,external
2026-06-28T12:00:00Z,REG-NORTH,WXS-NORTH-01,19.38,19.69,4.249,66.13,0,31.75,15.7,1016.22,external
2026-06-28T13:00:00Z,REG-NORTH,WXS-NORTH-01,19.77,20.08,4.249,65.41,0,35.1,15.1,1016.3,external
2026-06-28T14:00:00Z,REG-NORTH,WXS-NORTH-01,20.26,20.47,4.002,64.5,0,35.2,15.51,1016.34,external
2026-06-28T15:00:00Z,REG-NORTH,WXS-NORTH-01,20.38,20.57,3.523,64.28,0,34.11,13.13,1016.35,external
2026-06-28T16:00:00Z,REG-NORTH,WXS-NORTH-01,20.09,20.28,2.838,64.81,0,36.9,13.23,1016.32,external
2026-06-28T17:00:00Z,REG-NORTH,WXS-NORTH-01,19.98,20.06,1.989,65.03,0,34.48,15.82,1016.25,external
2026-06-28T18:00:00Z,REG-NORTH,WXS-NORTH-01,19.28,19.48,1.024,66.32,0,38.6,13.74,1016.16,external
2026-06-28T19:00:00Z,REG-NORTH,WXS-NORTH-01,18.46,18.67,0,67.83,0,37.86,14.47,1016.04,external
2026-06-28T20:00:00Z,REG-NORTH,WXS-NORTH-01,17.66,17.93,0,69.32,0,37.74,13.88,1015.9,external
2026-06-28T21:00:00Z,REG-NORTH,WXS-NORTH-01,16.61,16.95,0,71.26,0,40.98,13.3,1015.76,external
2026-06-28T22:00:00Z,REG-NORTH,WXS-NORTH-01,15.68,16.05,0,72.98,0,42.7,13.89,1015.62,external
2026-06-28T23:00:00Z,REG-NORTH,WXS-NORTH-01,14.83,15.19,0,74.55,0,43.71,14.85,1015.49,external
2026-06-28T00:00:00Z,REG-CENTRAL,WXS-CENTRAL-01,17.65,17.79,0,68.39,0,44.05,16.18,1012.11,external
2026-06-28T01:00:00Z,REG-CENTRAL,WXS-CENTRAL-01,17.09,17.27,0,69.41,0,46.26,16.14,1012.17,external
2026-06-28T02:00:00Z,REG-CENTRAL,WXS-CENTRAL-01,16.61,16.88,0,70.3,0,41.37,14.53,1012.26,external
2026-06-28T03:00:00Z,REG-CENTRAL,WXS-CENTRAL-01,16.58,16.9,0,70.36,0,45.36,13.55,1012.38,external
2026-06-28T04:00:00Z,REG-CENTRAL,WXS-CENTRAL-01,16.66,16.9,0,70.21,0,46.57,15.2,1012.51,external
2026-06-28T05:00:00Z,REG-CENTRAL,WXS-CENTRAL-01,17.13,17.31,0,69.35,0,42.37,15.9,1012.65,external
2026-06-28T06:00:00Z,REG-CENTRAL,WXS-CENTRAL-01,17.66,17.8,0,68.36,0,42.72,16.43,1012.8,external
2026-06-28T07:00:00Z,REG-CENTRAL,WXS-CENTRAL-01,18.25,18.45,1.321,67.28,0,43.47,14.37,1012.93,external
2026-06-28T08:00:00Z,REG-CENTRAL,WXS-CENTRAL-01,19.4,19.5,2.564,65.14,0,41.83,15.32,1013.04,external
2026-06-28T09:00:00Z,REG-CENTRAL,WXS-CENTRAL-01,20.26,20.37,3.659,63.55,0,39.03,14.31,1013.12,external
2026-06-28T10:00:00Z,REG-CENTRAL,WXS-CENTRAL-01,21.31,21.28,4.541,61.62,0,36.45,16.14,1013.17,external
2026-06-28T11:00:00Z,REG-CENTRAL,WXS-CENTRAL-01,21.99,22.07,5.16,60.35,0,35.8,14.62,1013.19,external
2026-06-28T12:00:00Z,REG-CENTRAL,WXS-CENTRAL-01,22.94,22.94,5.478,58.59,0,32.49,16.73,1013.17,external
2026-06-28T13:00:00Z,REG-CENTRAL,WXS-CENTRAL-01,23.58,23.55,5.478,57.42,0,36.32,16.58,1013.11,external
2026-06-28T14:00:00Z,REG-CENTRAL,WXS-CENTRAL-01,23.87,23.76,5.16,56.88,0,36.35,16.78,1013.02,external
2026-06-28T15:00:00Z,REG-CENTRAL,WXS-CENTRAL-01,23.96,23.83,4.541,56.72,0,37.22,15.85,1012.9,external
2026-06-28T16:00:00Z,REG-CENTRAL,WXS-CENTRAL-01,23.92,23.82,3.659,56.79,0,39.87,15.16,1012.77,external
2026-06-28T17:00:00Z,REG-CENTRAL,WXS-CENTRAL-01,23.56,23.52,2.564,57.45,0,39.57,14.26,1012.63,external
2026-06-28T18:00:00Z,REG-CENTRAL,WXS-CENTRAL-01,22.86,22.81,1.321,58.75,0,39.97,15.13,1012.48,external
2026-06-28T19:00:00Z,REG-CENTRAL,WXS-CENTRAL-01,22.26,22.26,0,59.85,0,41.42,14.84,1012.35,external
2026-06-28T20:00:00Z,REG-CENTRAL,WXS-CENTRAL-01,21.26,21.33,0,61.7,0,43.23,14.28,1012.24,external
2026-06-28T21:00:00Z,REG-CENTRAL,WXS-CENTRAL-01,20.5,20.47,0,63.11,0,41.87,17.13,1012.16,external
2026-06-28T22:00:00Z,REG-CENTRAL,WXS-CENTRAL-01,19.41,19.55,0,65.14,0,46.22,14.52,1012.11,external
2026-06-28T23:00:00Z,REG-CENTRAL,WXS-CENTRAL-01,18.49,18.63,0,66.84,0,45.88,15.39,1012.09,external
2026-06-29T00:00:00Z,REG-COASTAL,WXS-COASTAL-01,24.41,24.84,0,73.85,0,26.44,12.8,1015.07,external
2026-06-29T01:00:00Z,REG-COASTAL,WXS-COASTAL-01,23.84,24.28,0,74.91,0,28.13,13.22,1015.21,external
2026-06-29T02:00:00Z,REG-COASTAL,WXS-COASTAL-01,23.5,23.95,0,75.53,0,25.83,13.45,1015.35,external
2026-06-29T03:00:00Z,REG-COASTAL,WXS-COASTAL-01,23.27,23.75,0,75.95,0,22.17,13.12,1015.46,external
2026-06-29T04:00:00Z,REG-COASTAL,WXS-COASTAL-01,23.46,23.92,0,75.6,0,29.61,13.31,1015.55,external
2026-06-29T05:00:00Z,REG-COASTAL,WXS-COASTAL-01,23.91,24.34,0,74.78,0,26.56,13.37,1015.6,external
2026-06-29T06:00:00Z,REG-COASTAL,WXS-COASTAL-01,24.59,25,0,73.5,0,25.04,13.25,1015.62,external
2026-06-29T07:00:00Z,REG-COASTAL,WXS-COASTAL-01,25.36,25.73,2.31,72.08,0,23.19,13.27,1015.6,external
2026-06-29T08:00:00Z,REG-COASTAL,WXS-COASTAL-01,26.43,26.76,4.486,70.11,0,23.84,13.01,1015.55,external
2026-06-29T09:00:00Z,REG-COASTAL,WXS-COASTAL-01,27.34,27.68,6.401,68.42,0,21.3,14.17,1015.46,external
2026-06-29T10:00:00Z,REG-COASTAL,WXS-COASTAL-01,28.33,28.86,7.944,66.59,0,20.22,14.49,1015.35,external
2026-06-29T11:00:00Z,REG-COASTAL,WXS-COASTAL-01,29.49,30.2,9.025,64.45,0,21.5,13.06,1015.21,external
2026-06-29T12:00:00Z,REG-COASTAL,WXS-COASTAL-01,30.18,30.96,9.582,63.16,0,18.52,12.74,1015.07,external
2026-06-29T13:00:00Z,REG-COASTAL,WXS-COASTAL-01,30.93,31.61,9.582,61.79,0,21.42,14.11,1014.93,external
2026-06-29T14:00:00Z,REG-COASTAL,WXS-COASTAL-01,31.37,31.95,9.025,60.97,0,21.37,14.05,1014.8,external
2026-06-29T15:00:00Z,REG-COASTAL,WXS-COASTAL-01,31.41,31.8,7.944,60.89,0,19.15,14.42,1014.68,external
2026-06-29T16:00:00Z,REG-COASTAL,WXS-COASTAL-01,31.28,31.47,6.401,61.14,0,22.77,13.57,1014.59,external
2026-06-29T17:00:00Z,REG-COASTAL,WXS-COASTAL-01,30.91,31,4.486,61.82,0,21.48,13.75,1014.54,external
2026-06-29T18:00:00Z,REG-COASTAL,WXS-COASTAL-01,30.26,30.46,2.31,63.01,0,24.23,12.1,1014.52,external
2026-06-29T19:00:00Z,REG-COASTAL,WXS-COASTAL-01,29.56,29.77,0,64.31,0,26.82,12.6,1014.54,external
2026-06-29T20:00:00Z,REG-COASTAL,WXS-COASTAL-01,28.43,28.6,0,66.41,0,31.59,14.52,1014.59,external
2026-06-29T21:00:00Z,REG-COASTAL,WXS-COASTAL-01,27.4,27.68,0,68.31,0,29.09,13.08,1014.68,external
2026-06-29T22:00:00Z,REG-COASTAL,WXS-COASTAL-01,26.35,26.73,0,70.26,0,28.13,12.02,1014.8,external
2026-06-29T23:00:00Z,REG-COASTAL,WXS-COASTAL-01,25.36,25.72,0,72.08,0,25.73,13.58,1014.93,external
2026-06-29T00:00:00Z,REG-SOUTH,WXS-SOUTH-01,24.73,24.92,0,62.72,0,15.67,11.54,1015.89,external
2026-06-29T01:00:00Z,REG-SOUTH,WXS-SOUTH-01,24.04,24.26,0,63.99,0,15.95,12.28,1015.95,external
2026-06-29T02:00:00Z,REG-SOUTH,WXS-SOUTH-01,23.5,23.75,0,64.99,0,7.71,10.88,1015.98,external
2026-06-29T03:00:00Z,REG-SOUTH,WXS-SOUTH-01,23.48,23.73,0,65.03,0,15.68,9.71,1015.97,external
2026-06-29T04:00:00Z,REG-SOUTH,WXS-SOUTH-01,23.63,23.87,0,64.76,0,14.59,10.83,1015.92,external
2026-06-29T05:00:00Z,REG-SOUTH,WXS-SOUTH-01,23.94,24.17,0,64.18,0,14.74,10.91,1015.84,external
2026-06-29T06:00:00Z,REG-SOUTH,WXS-SOUTH-01,24.78,24.97,0,62.63,0,14.48,11.08,1015.73,external
2026-06-29T07:00:00Z,REG-SOUTH,WXS-SOUTH-01,25.82,25.96,2.34,60.7,0,13.44,11.65,1015.6,external
2026-06-29T08:00:00Z,REG-SOUTH,WXS-SOUTH-01,26.73,26.81,4.543,59.02,0,13.68,12.29,1015.46,external
2026-06-29T09:00:00Z,REG-SOUTH,WXS-SOUTH-01,27.96,28.26,6.483,56.73,0,10.79,10.84,1015.31,external
2026-06-29T10:00:00Z,REG-SOUTH,WXS-SOUTH-01,29.25,29.76,8.046,54.36,0,7.02,11.09,1015.18,external
2026-06-29T11:00:00Z,REG-SOUTH,WXS-SOUTH-01,30.29,30.95,9.141,52.44,0,6.65,9.09,1015.06,external
2026-06-29T12:00:00Z,REG-SOUTH,WXS-SOUTH-01,31.24,31.94,9.705,50.67,0,7.3,12.39,1014.97,external
2026-06-29T13:00:00Z,REG-SOUTH,WXS-SOUTH-01,31.91,32.6,9.705,49.43,0,13.1,10.97,1014.91,external
2026-06-29T14:00:00Z,REG-SOUTH,WXS-SOUTH-01,32.42,32.99,9.141,48.48,0,8.24,9.64,1014.88,external
2026-06-29T15:00:00Z,REG-SOUTH,WXS-SOUTH-01,32.62,32.97,8.046,48.13,0,8.15,9.68,1014.89,external
2026-06-29T16:00:00Z,REG-SOUTH,WXS-SOUTH-01,32.49,32.58,6.483,48.35,0,9.26,10.96,1014.94,external
2026-06-29T17:00:00Z,REG-SOUTH,WXS-SOUTH-01,32.02,31.88,4.543,49.23,0,9.74,11.76,1015.02,external
2026-06-29T18:00:00Z,REG-SOUTH,WXS-SOUTH-01,31.33,31.22,2.34,50.5,0,10.69,11.62,1015.13,external
2026-06-29T19:00:00Z,REG-SOUTH,WXS-SOUTH-01,30.36,30.29,0,52.31,0,14.79,12.06,1015.26,external
2026-06-29T20:00:00Z,REG-SOUTH,WXS-SOUTH-01,29.23,29.21,0,54.4,0,10.88,10.43,1015.4,external
2026-06-29T21:00:00Z,REG-SOUTH,WXS-SOUTH-01,28.07,28.11,0,56.53,0,13.48,10.52,1015.55,external
2026-06-29T22:00:00Z,REG-SOUTH,WXS-SOUTH-01,26.91,27,0,58.69,0,18.96,11.67,1015.68,external
2026-06-29T23:00:00Z,REG-SOUTH,WXS-SOUTH-01,25.73,25.88,0,60.86,0,14.22,11.44,1015.8,external
2026-06-29T00:00:00Z,REG-DELTA,WXS-DELTA-01,26.6,27.33,0,84.76,0,35.47,12.24,1014.23,external
2026-06-29T01:00:00Z,REG-DELTA,WXS-DELTA-01,25.93,26.59,0,86,0,37.07,14.52,1014.15,external
2026-06-29T02:00:00Z,REG-DELTA,WXS-DELTA-01,25.34,26.13,0,87.09,0,35.9,12.18,1014.05,external
2026-06-29T03:00:00Z,REG-DELTA,WXS-DELTA-01,25.31,26.07,0,87.15,0,36.79,12.92,1013.92,external
2026-06-29T04:00:00Z,REG-DELTA,WXS-DELTA-01,25.36,26.14,0,87.06,0,34.83,12.41,1013.78,external
2026-06-29T05:00:00Z,REG-DELTA,WXS-DELTA-01,25.76,26.53,0,86.31,0,36.62,12.35,1013.64,external
2026-06-29T06:00:00Z,REG-DELTA,WXS-DELTA-01,26.39,27.12,0,85.14,0,33.78,12.57,1013.5,external
2026-06-29T07:00:00Z,REG-DELTA,WXS-DELTA-01,27.13,27.85,2.258,83.77,0,32.09,11.7,1013.38,external
2026-06-29T08:00:00Z,REG-DELTA,WXS-DELTA-01,28.24,28.84,4.386,81.73,0,35.53,13.55,1013.28,external
2026-06-29T09:00:00Z,REG-DELTA,WXS-DELTA-01,29.12,29.7,6.258,80.1,0,31.29,12.94,1013.21,external
2026-06-29T10:00:00Z,REG-DELTA,WXS-DELTA-01,30.21,30.87,7.766,78.07,0,31.23,13.74,1013.18,external
2026-06-29T11:00:00Z,REG-DELTA,WXS-DELTA-01,31.12,31.87,8.824,76.4,0,28.07,13.87,1013.19,external
2026-06-29T12:00:00Z,REG-DELTA,WXS-DELTA-01,31.98,32.85,9.368,74.81,0,28.87,11.9,1013.23,external
2026-06-29T13:00:00Z,REG-DELTA,WXS-DELTA-01,32.62,33.45,9.368,73.63,0,26.74,11.97,1013.31,external
2026-06-29T14:00:00Z,REG-DELTA,WXS-DELTA-01,32.71,33.38,8.824,73.46,0,26.15,13.83,1013.41,external
2026-06-29T15:00:00Z,REG-DELTA,WXS-DELTA-01,33.01,33.61,7.766,72.9,0,33.72,11.26,1013.54,external
2026-06-29T16:00:00Z,REG-DELTA,WXS-DELTA-01,32.73,33.16,6.258,73.43,0,31.23,12.67,1013.68,external
2026-06-29T17:00:00Z,REG-DELTA,WXS-DELTA-01,32.43,32.91,4.386,73.96,0,33.24,10.27,1013.82,external
2026-06-29T18:00:00Z,REG-DELTA,WXS-DELTA-01,31.82,32.27,2.258,75.1,0,37.65,13.21,1013.96,external
2026-06-29T19:00:00Z,REG-DELTA,WXS-DELTA-01,30.99,31.45,0,76.63,0,36.85,13.8,1014.08,external
2026-06-29T20:00:00Z,REG-DELTA,WXS-DELTA-01,30.28,30.77,0,77.95,0,36.29,13.76,1014.18,external
2026-06-29T21:00:00Z,REG-DELTA,WXS-DELTA-01,29.11,29.69,0,80.11,0,33.93,13.06,1014.25,external
2026-06-29T22:00:00Z,REG-DELTA,WXS-DELTA-01,28.16,28.78,0,81.86,0,36.69,13.21,1014.28,external
2026-06-29T23:00:00Z,REG-DELTA,WXS-DELTA-01,27.27,27.88,0,83.52,0,38.26,14.19,1014.27,external
2026-06-29T00:00:00Z,REG-ISLAND,WXS-ISLAND-01,24.26,24.58,0,79.73,0,31.56,18.63,1011.38,external
2026-06-29T01:00:00Z,REG-ISLAND,WXS-ISLAND-01,23.66,24,0,80.83,0,33.65,18.84,1011.23,external
2026-06-29T02:00:00Z,REG-ISLAND,WXS-ISLAND-01,23.23,23.62,0,81.64,0,32.68,17.95,1011.09,external
2026-06-29T03:00:00Z,REG-ISLAND,WXS-ISLAND-01,23.19,23.55,0,81.71,0,28.9,18.78,1010.97,external
2026-06-29T04:00:00Z,REG-ISLAND,WXS-ISLAND-01,23.42,23.78,0,81.28,0,38.26,18.49,1010.87,external
2026-06-29T05:00:00Z,REG-ISLAND,WXS-ISLAND-01,23.75,24.21,0,80.66,0,31.23,16.22,1010.79,external
2026-06-29T06:00:00Z,REG-ISLAND,WXS-ISLAND-01,24.37,24.75,0,79.53,0,31.72,17.06,1010.76,external
2026-06-29T07:00:00Z,REG-ISLAND,WXS-ISLAND-01,25.23,25.56,2.27,77.93,0,31.1,17.46,1010.75,external
2026-06-29T08:00:00Z,REG-ISLAND,WXS-ISLAND-01,26.21,26.47,4.408,76.12,0,31.9,17.91,1010.79,external
2026-06-29T09:00:00Z,REG-ISLAND,WXS-ISLAND-01,27.08,27.29,6.29,74.51,0,28.79,18.49,1010.86,external
2026-06-29T10:00:00Z,REG-ISLAND,WXS-ISLAND-01,28.13,28.56,7.807,72.57,0,23.38,17.46,1010.96,external
2026-06-29T11:00:00Z,REG-ISLAND,WXS-ISLAND-01,29.05,29.5,8.87,70.86,0,22.59,19.63,1011.08,external
2026-06-29T12:00:00Z,REG-ISLAND,WXS-ISLAND-01,29.98,30.51,9.417,69.15,0,25.29,18.59,1011.22,external
2026-06-29T13:00:00Z,REG-ISLAND,WXS-ISLAND-01,30.37,30.86,9.417,68.43,0,26.61,19.12,1011.37,external
2026-06-29T14:00:00Z,REG-ISLAND,WXS-ISLAND-01,30.87,31.25,8.87,67.5,0,23.31,19.17,1011.51,external
2026-06-29T15:00:00Z,REG-ISLAND,WXS-ISLAND-01,30.93,31.18,7.807,67.39,0,20.39,18.54,1011.63,external
2026-06-29T16:00:00Z,REG-ISLAND,WXS-ISLAND-01,30.92,31,6.29,67.41,0,25.65,17.49,1011.73,external
2026-06-29T17:00:00Z,REG-ISLAND,WXS-ISLAND-01,30.45,30.55,4.408,68.28,0,23.95,17.1,1011.81,external
2026-06-29T18:00:00Z,REG-ISLAND,WXS-ISLAND-01,29.81,29.97,2.27,69.45,0,26.78,16.67,1011.84,external
2026-06-29T19:00:00Z,REG-ISLAND,WXS-ISLAND-01,28.97,29.18,0,71.02,0,29.35,16.23,1011.85,external
2026-06-29T20:00:00Z,REG-ISLAND,WXS-ISLAND-01,27.94,28.09,0,72.92,0,33.74,18.58,1011.81,external
2026-06-29T21:00:00Z,REG-ISLAND,WXS-ISLAND-01,27.09,27.34,0,74.49,0,30.94,17.31,1011.74,external
2026-06-29T22:00:00Z,REG-ISLAND,WXS-ISLAND-01,26.12,26.32,0,76.29,0,30.54,19.42,1011.64,external
2026-06-29T23:00:00Z,REG-ISLAND,WXS-ISLAND-01,25.15,25.48,0,78.07,0,30.35,17.44,1011.52,external
2026-06-29T00:00:00Z,REG-NORTH,WXS-NORTH-01,14.49,14.85,0,79.24,0,47.6,17.37,1015.94,external
2026-06-29T01:00:00Z,REG-NORTH,WXS-NORTH-01,13.79,14.2,0,80.53,0,46.67,17.17,1015.86,external
2026-06-29T02:00:00Z,REG-NORTH,WXS-NORTH-01,13.56,14.02,0,80.95,0,44.17,16.24,1015.82,external
2026-06-29T03:00:00Z,REG-NORTH,WXS-NORTH-01,13.4,13.86,0,81.25,0,43.58,16.49,1015.81,external
2026-06-29T04:00:00Z,REG-NORTH,WXS-NORTH-01,13.52,13.98,0,81.04,0,47.68,16.23,1015.84,external
2026-06-29T05:00:00Z,REG-NORTH,WXS-NORTH-01,13.84,14.26,0,80.44,0,44.42,16.85,1015.91,external
2026-06-29T06:00:00Z,REG-NORTH,WXS-NORTH-01,14.49,14.96,0,79.25,0,41.92,15,1016,external
2026-06-29T07:00:00Z,REG-NORTH,WXS-NORTH-01,15.2,15.61,1.026,77.92,0,44.95,15.73,1016.12,external
2026-06-29T08:00:00Z,REG-NORTH,WXS-NORTH-01,16.01,16.29,1.992,76.42,0,40.9,17.71,1016.26,external
2026-06-29T09:00:00Z,REG-NORTH,WXS-NORTH-01,16.91,17.27,2.842,74.76,0,41.26,15.13,1016.4,external
2026-06-29T10:00:00Z,REG-NORTH,WXS-NORTH-01,17.7,17.96,3.528,73.31,0,37.95,16.25,1016.54,external
2026-06-29T11:00:00Z,REG-NORTH,WXS-NORTH-01,18.46,18.86,4.008,71.89,0,39.57,14.01,1016.67,external
2026-06-29T12:00:00Z,REG-NORTH,WXS-NORTH-01,19.28,19.61,4.255,70.38,0,35.49,15.87,1016.78,external
2026-06-29T13:00:00Z,REG-NORTH,WXS-NORTH-01,19.86,20.16,4.255,69.31,0,37.69,15.82,1016.86,external
2026-06-29T14:00:00Z,REG-NORTH,WXS-NORTH-01,20.2,20.33,4.008,68.68,0,34.55,18.08,1016.9,external
2026-06-29T15:00:00Z,REG-NORTH,WXS-NORTH-01,20.18,20.33,3.528,68.72,0,37.25,16.21,1016.91,external
2026-06-29T16:00:00Z,REG-NORTH,WXS-NORTH-01,20.22,20.43,2.842,68.64,0,41.02,14.81,1016.88,external
2026-06-29T17:00:00Z,REG-NORTH,WXS-NORTH-01,19.85,20.05,1.992,69.33,0,37.78,15.36,1016.81,external
2026-06-29T18:00:00Z,REG-NORTH,WXS-NORTH-01,19.28,19.55,1.026,70.37,0,38.98,14.68,1016.72,external
2026-06-29T19:00:00Z,REG-NORTH,WXS-NORTH-01,18.62,18.86,0,71.6,0,43.6,15.95,1016.6,external
2026-06-29T20:00:00Z,REG-NORTH,WXS-NORTH-01,17.6,17.87,0,73.49,0,41.65,16.24,1016.46,external
2026-06-29T21:00:00Z,REG-NORTH,WXS-NORTH-01,16.69,16.96,0,75.18,0,42.33,17.11,1016.32,external
2026-06-29T22:00:00Z,REG-NORTH,WXS-NORTH-01,15.84,16.22,0,76.74,0,46.14,15.6,1016.18,external
2026-06-29T23:00:00Z,REG-NORTH,WXS-NORTH-01,15.2,15.51,0,77.93,0,44.83,17.79,1016.05,external
2026-06-29T00:00:00Z,REG-CENTRAL,WXS-CENTRAL-01,17.55,17.61,0,66.84,0,34.89,17.29,1011.47,external
2026-06-29T01:00:00Z,REG-CENTRAL,WXS-CENTRAL-01,16.94,17.03,0,67.97,0,35.88,17.22,1011.53,external
2026-06-29T02:00:00Z,REG-CENTRAL,WXS-CENTRAL-01,16.46,16.61,0,68.86,0,37.44,16.27,1011.62,external
2026-06-29T03:00:00Z,REG-CENTRAL,WXS-CENTRAL-01,16.51,16.66,0,68.77,0,34.12,16.18,1011.74,external
2026-06-29T04:00:00Z,REG-CENTRAL,WXS-CENTRAL-01,16.54,16.66,0,68.7,0,36.48,17.06,1011.87,external
2026-06-29T05:00:00Z,REG-CENTRAL,WXS-CENTRAL-01,16.91,16.98,0,68.03,0,31.42,17.55,1012.01,external
2026-06-29T06:00:00Z,REG-CENTRAL,WXS-CENTRAL-01,17.57,17.62,0,66.81,0,35.74,17.36,1012.16,external
2026-06-29T07:00:00Z,REG-CENTRAL,WXS-CENTRAL-01,18.52,18.54,1.38,65.05,0,33.93,17.06,1012.29,external
2026-06-29T08:00:00Z,REG-CENTRAL,WXS-CENTRAL-01,19.37,19.31,2.679,63.47,0,29.3,18.19,1012.4,external
2026-06-29T09:00:00Z,REG-CENTRAL,WXS-CENTRAL-01,20.3,20.21,3.823,61.75,0,34.27,17.7,1012.48,external
2026-06-29T10:00:00Z,REG-CENTRAL,WXS-CENTRAL-01,21.22,21.22,4.745,60.06,0,29.73,16.73,1012.53,external
2026-06-29T11:00:00Z,REG-CENTRAL,WXS-CENTRAL-01,22.19,22.25,5.39,58.26,0,27.85,17.42,1012.55,external
2026-06-29T12:00:00Z,REG-CENTRAL,WXS-CENTRAL-01,23.03,23.12,5.723,56.71,0,28.67,17.36,1012.53,external
2026-06-29T13:00:00Z,REG-CENTRAL,WXS-CENTRAL-01,23.52,23.62,5.723,55.8,0,27.24,16.75,1012.47,external
2026-06-29T14:00:00Z,REG-CENTRAL,WXS-CENTRAL-01,23.95,23.88,5.39,55.01,0,25.49,18.53,1012.38,external
2026-06-29T15:00:00Z,REG-CENTRAL,WXS-CENTRAL-01,24.19,24.01,4.745,54.56,0,26.56,17.65,1012.26,external
2026-06-29T16:00:00Z,REG-CENTRAL,WXS-CENTRAL-01,24.02,23.78,3.823,54.86,0,31.12,17.44,1012.13,external
2026-06-29T17:00:00Z,REG-CENTRAL,WXS-CENTRAL-01,23.6,23.43,2.679,55.65,0,32.3,16.17,1011.99,external
2026-06-29T18:00:00Z,REG-CENTRAL,WXS-CENTRAL-01,22.93,22.73,1.38,56.88,0,30.2,17.54,1011.84,external
2026-06-29T19:00:00Z,REG-CENTRAL,WXS-CENTRAL-01,22.34,22.22,0,57.97,0,33.35,16.46,1011.71,external
2026-06-29T20:00:00Z,REG-CENTRAL,WXS-CENTRAL-01,21.16,21.08,0,60.16,0,32.36,16.58,1011.6,external
2026-06-29T21:00:00Z,REG-CENTRAL,WXS-CENTRAL-01,20.32,20.23,0,61.71,0,31.75,17.85,1011.52,external
2026-06-29T22:00:00Z,REG-CENTRAL,WXS-CENTRAL-01,19.27,19.3,0,63.65,0,33.4,16.3,1011.47,external
2026-06-29T23:00:00Z,REG-CENTRAL,WXS-CENTRAL-01,18.31,18.33,0,65.44,0,35.02,17.29,1011.45,external
2026-06-30T00:00:00Z,REG-COASTAL,WXS-COASTAL-01,25.07,25.38,0,76.1,0,56.41,16.94,1010.43,external
2026-06-30T01:00:00Z,REG-COASTAL,WXS-COASTAL-01,24.68,24.95,0,76.82,0,61.81,18.23,1010.57,external
2026-06-30T02:00:00Z,REG-COASTAL,WXS-COASTAL-01,24.13,24.49,0,77.84,0,59.75,16.62,1010.71,external
2026-06-30T03:00:00Z,REG-COASTAL,WXS-COASTAL-01,24.2,24.56,0,77.71,0,60.92,16.8,1010.82,external
2026-06-30T04:00:00Z,REG-COASTAL,WXS-COASTAL-01,24.31,24.61,0,77.51,0,59.94,17.69,1010.91,external
2026-06-30T05:00:00Z,REG-COASTAL,WXS-COASTAL-01,24.6,24.9,0,76.97,0,60.29,17.51,1010.96,external
2026-06-30T06:00:00Z,REG-COASTAL,WXS-COASTAL-01,24.97,25.23,0,76.29,0,59.16,17.92,1010.98,external
2026-06-30T07:00:00Z,REG-COASTAL,WXS-COASTAL-01,25.6,25.85,2.088,75.12,0,59.4,17.63,1010.96,external
2026-06-30T08:00:00Z,REG-COASTAL,WXS-COASTAL-01,26.43,26.67,4.055,73.59,0,57.14,16.86,1010.91,external
2026-06-30T09:00:00Z,REG-COASTAL,WXS-COASTAL-01,27.1,27.24,5.787,72.35,0,53.74,18.54,1010.82,external
2026-06-30T10:00:00Z,REG-COASTAL,WXS-COASTAL-01,27.9,28.03,7.182,70.87,0,53.45,17.88,1010.71,external
2026-06-30T11:00:00Z,REG-COASTAL,WXS-COASTAL-01,28.61,28.72,8.16,69.55,0,50.46,17.7,1010.57,external
2026-06-30T12:00:00Z,REG-COASTAL,WXS-COASTAL-01,29.29,29.3,8.663,72.29,3.672,66.91,21.52,1010.43,external
2026-06-30T13:00:00Z,REG-COASTAL,WXS-COASTAL-01,29.62,29.66,8.663,71.68,4.101,68.82,20.52,1010.29,external
2026-06-30T14:00:00Z,REG-COASTAL,WXS-COASTAL-01,30.19,30.17,8.16,70.63,3.315,63.28,21.18,1010.16,external
2026-06-30T15:00:00Z,REG-COASTAL,WXS-COASTAL-01,30.2,30.2,7.182,70.61,2.701,67.29,20.7,1010.04,external
2026-06-30T16:00:00Z,REG-COASTAL,WXS-COASTAL-01,30.07,30.12,5.787,66.86,0,52.57,17.32,1009.95,external
2026-06-30T17:00:00Z,REG-COASTAL,WXS-COASTAL-01,29.81,29.87,4.055,67.33,0,56.02,17.66,1009.9,external
2026-06-30T18:00:00Z,REG-COASTAL,WXS-COASTAL-01,29.46,29.54,2.088,67.99,0,59.38,17.49,1009.88,external
2026-06-30T19:00:00Z,REG-COASTAL,WXS-COASTAL-01,28.6,28.74,0,69.58,0,59.25,16.96,1009.9,external
2026-06-30T20:00:00Z,REG-COASTAL,WXS-COASTAL-01,27.97,28.12,0,70.74,0,57.32,17.38,1009.95,external
2026-06-30T21:00:00Z,REG-COASTAL,WXS-COASTAL-01,27.2,27.35,0,72.16,0,57.54,18.31,1010.04,external
2026-06-30T22:00:00Z,REG-COASTAL,WXS-COASTAL-01,26.29,26.49,0,73.85,0,62.45,17.96,1010.16,external
2026-06-30T23:00:00Z,REG-COASTAL,WXS-COASTAL-01,25.76,26.06,0,74.82,0,55.77,16.45,1010.29,external
2026-06-30T00:00:00Z,REG-SOUTH,WXS-SOUTH-01,25.18,25.14,0,70.24,0,52.81,21.42,1012.52,external
2026-06-30T01:00:00Z,REG-SOUTH,WXS-SOUTH-01,24.79,24.8,0,70.95,0,54.22,20.63,1012.58,external
2026-06-30T02:00:00Z,REG-SOUTH,WXS-SOUTH-01,24.33,24.31,0,71.81,0,54.04,21.82,1012.61,external
2026-06-30T03:00:00Z,REG-SOUTH,WXS-SOUTH-01,24.44,24.45,0,71.6,0,49.27,21.07,1012.6,external
2026-06-30T04:00:00Z,REG-SOUTH,WXS-SOUTH-01,24.54,24.42,0,71.42,0,57.08,23.62,1012.55,external
2026-06-30T05:00:00Z,REG-SOUTH,WXS-SOUTH-01,24.73,24.78,0,71.06,0,53.36,20,1012.47,external
2026-06-30T06:00:00Z,REG-SOUTH,WXS-SOUTH-01,25.34,25.35,0,69.94,0,57.17,20.03,1012.36,external
2026-06-30T07:00:00Z,REG-SOUTH,WXS-SOUTH-01,25.89,25.92,2.061,68.91,0,51.19,19.11,1012.23,external
2026-06-30T08:00:00Z,REG-SOUTH,WXS-SOUTH-01,26.7,26.63,4.002,67.43,0,48.71,20.29,1012.09,external
2026-06-30T09:00:00Z,REG-SOUTH,WXS-SOUTH-01,27.55,27.36,5.71,65.86,0,49.4,22.16,1011.94,external
2026-06-30T10:00:00Z,REG-SOUTH,WXS-SOUTH-01,28.46,28.32,7.087,64.16,0,47.15,20.15,1011.81,external
2026-06-30T11:00:00Z,REG-SOUTH,WXS-SOUTH-01,29.24,28.94,8.051,66.73,3.331,59,25.13,1011.69,external
2026-06-30T12:00:00Z,REG-SOUTH,WXS-SOUTH-01,29.95,29.57,8.548,65.4,2.499,57.86,26.33,1011.6,external
2026-06-30T13:00:00Z,REG-SOUTH,WXS-SOUTH-01,30.51,30.17,8.548,60.38,0,45.6,22.52,1011.54,external
2026-06-30T14:00:00Z,REG-SOUTH,WXS-SOUTH-01,30.81,30.49,8.051,59.82,0,46.32,21.79,1011.51,external
2026-06-30T15:00:00Z,REG-SOUTH,WXS-SOUTH-01,30.89,30.57,7.087,59.66,0,49.84,21.84,1011.52,external
2026-06-30T16:00:00Z,REG-SOUTH,WXS-SOUTH-01,30.88,30.61,5.71,59.69,0,48.41,20.53,1011.57,external
2026-06-30T17:00:00Z,REG-SOUTH,WXS-SOUTH-01,30.46,30.24,4.002,60.47,0,49.98,19.9,1011.65,external
2026-06-30T18:00:00Z,REG-SOUTH,WXS-SOUTH-01,29.97,29.69,2.061,61.37,0,54.59,21.7,1011.76,external
2026-06-30T19:00:00Z,REG-SOUTH,WXS-SOUTH-01,29.31,29.11,0,62.59,0,51.22,20.7,1011.89,external
2026-06-30T20:00:00Z,REG-SOUTH,WXS-SOUTH-01,28.46,28.28,0,64.16,0,56.57,21.01,1012.03,external
2026-06-30T21:00:00Z,REG-SOUTH,WXS-SOUTH-01,27.76,27.54,0,65.46,0,51.78,22.79,1012.18,external
2026-06-30T22:00:00Z,REG-SOUTH,WXS-SOUTH-01,26.82,26.67,0,67.2,0,53.95,22.09,1012.31,external
2026-06-30T23:00:00Z,REG-SOUTH,WXS-SOUTH-01,25.87,25.76,0,68.95,0,49.86,22.31,1012.43,external
2026-06-30T00:00:00Z,REG-DELTA,WXS-DELTA-01,27.01,27.29,0,84.86,0,72.91,22.39,1008.12,external
2026-06-30T01:00:00Z,REG-DELTA,WXS-DELTA-01,26.57,26.88,0,85.68,0,73.14,22.21,1008.04,external
2026-06-30T02:00:00Z,REG-DELTA,WXS-DELTA-01,26.14,26.44,0,86.48,0,71.66,22.72,1007.94,external
2026-06-30T03:00:00Z,REG-DELTA,WXS-DELTA-01,26.15,26.47,0,86.45,0,68.02,22.36,1007.81,external
2026-06-30T04:00:00Z,REG-DELTA,WXS-DELTA-01,26.28,26.65,0,86.21,0,76.63,21.18,1007.67,external
2026-06-30T05:00:00Z,REG-DELTA,WXS-DELTA-01,26.5,26.81,0,85.81,0,69.43,22.27,1007.53,external
2026-06-30T06:00:00Z,REG-DELTA,WXS-DELTA-01,26.98,27.28,0,84.93,0,66.36,21.9,1007.39,external
2026-06-30T07:00:00Z,REG-DELTA,WXS-DELTA-01,27.66,27.92,2.015,87.67,2.243,85.87,24.26,1007.27,external
2026-06-30T08:00:00Z,REG-DELTA,WXS-DELTA-01,28.11,28.34,3.913,86.83,1.736,78.01,24.58,1007.17,external
2026-06-30T09:00:00Z,REG-DELTA,WXS-DELTA-01,28.78,28.82,5.583,85.59,1.755,82.73,28.28,1007.1,external
2026-06-30T10:00:00Z,REG-DELTA,WXS-DELTA-01,29.54,29.7,6.929,84.19,2.512,80.02,24.67,1007.07,external
2026-06-30T11:00:00Z,REG-DELTA,WXS-DELTA-01,30.19,30.24,7.872,82.98,2.483,77.37,26.47,1007.08,external
2026-06-30T12:00:00Z,REG-DELTA,WXS-DELTA-01,30.72,30.81,8.358,77.99,0,64.01,22.95,1007.12,external
2026-06-30T13:00:00Z,REG-DELTA,WXS-DELTA-01,30.9,30.95,8.358,77.68,0,65.18,23.49,1007.2,external
2026-06-30T14:00:00Z,REG-DELTA,WXS-DELTA-01,31.41,31.44,7.872,76.72,0,66.77,23.5,1007.3,external
2026-06-30T15:00:00Z,REG-DELTA,WXS-DELTA-01,31.6,31.75,6.929,76.38,0,65.78,20.55,1007.43,external
2026-06-30T16:00:00Z,REG-DELTA,WXS-DELTA-01,31.31,31.32,5.583,76.91,0,70.89,23.83,1007.57,external
2026-06-30T17:00:00Z,REG-DELTA,WXS-DELTA-01,31.03,31.15,3.913,77.43,0,65.95,21.76,1007.71,external
2026-06-30T18:00:00Z,REG-DELTA,WXS-DELTA-01,30.72,30.85,2.015,78.01,0,68.43,21.8,1007.85,external
2026-06-30T19:00:00Z,REG-DELTA,WXS-DELTA-01,30.16,30.33,0,79.03,0,71.65,21.7,1007.97,external
2026-06-30T20:00:00Z,REG-DELTA,WXS-DELTA-01,29.58,29.73,0,80.11,0,71.07,22.56,1008.07,external
2026-06-30T21:00:00Z,REG-DELTA,WXS-DELTA-01,28.82,29,0,81.52,0,66.64,22.83,1008.14,external
2026-06-30T22:00:00Z,REG-DELTA,WXS-DELTA-01,28.15,28.44,0,82.76,0,72.88,21.07,1008.17,external
2026-06-30T23:00:00Z,REG-DELTA,WXS-DELTA-01,27.59,27.89,0,83.79,0,70.95,21.41,1008.16,external
2026-06-30T00:00:00Z,REG-ISLAND,WXS-ISLAND-01,24.18,24.65,0,75.82,0,32.78,13.12,1012.57,external
2026-06-30T01:00:00Z,REG-ISLAND,WXS-ISLAND-01,23.55,24.06,0,77,0,33.55,12.71,1012.42,external
2026-06-30T02:00:00Z,REG-ISLAND,WXS-ISLAND-01,23.12,23.55,0,77.78,0,36.04,15.17,1012.28,external
2026-06-30T03:00:00Z,REG-ISLAND,WXS-ISLAND-01,22.93,23.39,0,78.14,0,30.63,14.64,1012.16,external
2026-06-30T04:00:00Z,REG-ISLAND,WXS-ISLAND-01,23.02,23.54,0,77.97,0,30.96,13.17,1012.06,external
2026-06-30T05:00:00Z,REG-ISLAND,WXS-ISLAND-01,23.41,23.89,0,77.25,0,30.1,13.64,1011.98,external
2026-06-30T06:00:00Z,REG-ISLAND,WXS-ISLAND-01,24.2,24.64,0,75.79,0,29.18,13.68,1011.95,external
2026-06-30T07:00:00Z,REG-ISLAND,WXS-ISLAND-01,24.95,25.39,2.268,74.4,0,31.69,12.94,1011.94,external
2026-06-30T08:00:00Z,REG-ISLAND,WXS-ISLAND-01,25.8,26.18,4.403,72.83,0,27.73,13.32,1011.98,external
2026-06-30T09:00:00Z,REG-ISLAND,WXS-ISLAND-01,26.83,27.2,6.283,70.91,0,27.13,13.16,1012.05,external
2026-06-30T10:00:00Z,REG-ISLAND,WXS-ISLAND-01,27.82,28.39,7.798,69.09,0,26.18,12.47,1012.15,external
2026-06-30T11:00:00Z,REG-ISLAND,WXS-ISLAND-01,28.71,29.33,8.859,67.45,0,26.7,13.77,1012.27,external
2026-06-30T12:00:00Z,REG-ISLAND,WXS-ISLAND-01,29.48,30.16,9.406,66.02,0,23.61,13.65,1012.41,external
2026-06-30T13:00:00Z,REG-ISLAND,WXS-ISLAND-01,30.15,30.76,9.406,64.77,0,22.26,14.63,1012.56,external
2026-06-30T14:00:00Z,REG-ISLAND,WXS-ISLAND-01,30.42,30.89,8.859,64.28,0,24.5,15.56,1012.7,external
2026-06-30T15:00:00Z,REG-ISLAND,WXS-ISLAND-01,30.74,31.11,7.798,63.69,0,25.67,13.91,1012.82,external
2026-06-30T16:00:00Z,REG-ISLAND,WXS-ISLAND-01,30.63,30.83,6.283,63.89,0,28.85,12.88,1012.92,external
2026-06-30T17:00:00Z,REG-ISLAND,WXS-ISLAND-01,30.27,30.49,4.403,64.56,0,27.82,12.48,1013,external
2026-06-30T18:00:00Z,REG-ISLAND,WXS-ISLAND-01,29.52,29.78,2.268,65.95,0,30.15,12.15,1013.03,external
2026-06-30T19:00:00Z,REG-ISLAND,WXS-ISLAND-01,28.87,29.14,0,67.14,0,31.14,12.69,1013.04,external
2026-06-30T20:00:00Z,REG-ISLAND,WXS-ISLAND-01,27.66,27.97,0,69.39,0,32.39,13.03,1013,external
2026-06-30T21:00:00Z,REG-ISLAND,WXS-ISLAND-01,26.93,27.24,0,70.74,0,29.42,13.75,1012.93,external
2026-06-30T22:00:00Z,REG-ISLAND,WXS-ISLAND-01,25.77,26.15,0,72.88,0,28.55,13.58,1012.83,external
2026-06-30T23:00:00Z,REG-ISLAND,WXS-ISLAND-01,24.98,25.32,0,74.34,0,32.4,15.17,1012.71,external
2026-06-30T00:00:00Z,REG-NORTH,WXS-NORTH-01,14.44,14.59,0,74.47,0,37.04,19.36,1013.51,external
2026-06-30T01:00:00Z,REG-NORTH,WXS-NORTH-01,13.91,14.14,0,75.45,0,34.99,18.25,1013.43,external
2026-06-30T02:00:00Z,REG-NORTH,WXS-NORTH-01,13.51,13.73,0,76.2,0,35.71,18.86,1013.39,external
2026-06-30T03:00:00Z,REG-NORTH,WXS-NORTH-01,13.33,13.56,0,76.51,0,40.13,18.91,1013.38,external
2026-06-30T04:00:00Z,REG-NORTH,WXS-NORTH-01,13.34,13.57,0,76.5,0,38.93,18.81,1013.41,external
2026-06-30T05:00:00Z,REG-NORTH,WXS-NORTH-01,13.85,14.05,0,75.56,0,37.34,18.97,1013.48,external
2026-06-30T06:00:00Z,REG-NORTH,WXS-NORTH-01,14.51,14.69,0,74.33,0,39.97,18.83,1013.57,external
2026-06-30T07:00:00Z,REG-NORTH,WXS-NORTH-01,15.2,15.27,1.073,73.06,0,32.62,20.44,1013.69,external
2026-06-30T08:00:00Z,REG-NORTH,WXS-NORTH-01,15.97,16.11,2.084,71.63,0,38.73,18.13,1013.83,external
2026-06-30T09:00:00Z,REG-NORTH,WXS-NORTH-01,17.1,17.09,2.974,69.55,0,33.19,20.21,1013.97,external
2026-06-30T10:00:00Z,REG-NORTH,WXS-NORTH-01,17.87,17.85,3.691,68.12,0,31.78,20.78,1014.11,external
2026-06-30T11:00:00Z,REG-NORTH,WXS-NORTH-01,18.75,18.93,4.193,66.49,0,35.86,18.35,1014.24,external
2026-06-30T12:00:00Z,REG-NORTH,WXS-NORTH-01,19.51,19.66,4.452,65.08,0,29.06,19.87,1014.35,external
2026-06-30T13:00:00Z,REG-NORTH,WXS-NORTH-01,20.08,20.23,4.452,64.03,0,28.53,19.16,1014.43,external
2026-06-30T14:00:00Z,REG-NORTH,WXS-NORTH-01,20.49,20.66,4.193,63.28,0,28.76,16.78,1014.47,external
2026-06-30T15:00:00Z,REG-NORTH,WXS-NORTH-01,20.61,20.5,3.691,63.05,0,37.14,20.07,1014.48,external
2026-06-30T16:00:00Z,REG-NORTH,WXS-NORTH-01,20.52,20.43,2.974,63.23,0,31.53,18.47,1014.45,external
2026-06-30T17:00:00Z,REG-NORTH,WXS-NORTH-01,20.24,20.2,2.084,63.74,0,34.15,17.73,1014.38,external
2026-06-30T18:00:00Z,REG-NORTH,WXS-NORTH-01,19.65,19.6,1.073,64.83,0,36.42,18.64,1014.29,external
2026-06-30T19:00:00Z,REG-NORTH,WXS-NORTH-01,18.8,18.74,0,66.41,0,32.27,19.56,1014.17,external
2026-06-30T20:00:00Z,REG-NORTH,WXS-NORTH-01,18.03,18.11,0,67.82,0,40.06,17.42,1014.03,external
2026-06-30T21:00:00Z,REG-NORTH,WXS-NORTH-01,16.92,17.05,0,69.87,0,42.23,17.5,1013.89,external
2026-06-30T22:00:00Z,REG-NORTH,WXS-NORTH-01,15.94,16.05,0,71.69,0,36.17,18.74,1013.75,external
2026-06-30T23:00:00Z,REG-NORTH,WXS-NORTH-01,15.19,15.4,0,73.09,0,32.2,17.28,1013.62,external
2026-06-30T00:00:00Z,REG-CENTRAL,WXS-CENTRAL-01,17.91,18.03,0,67.35,0,42.32,16.17,1012.26,external
2026-06-30T01:00:00Z,REG-CENTRAL,WXS-CENTRAL-01,17.29,17.44,0,68.51,0,38.29,16.1,1012.32,external
2026-06-30T02:00:00Z,REG-CENTRAL,WXS-CENTRAL-01,16.96,17.19,0,69.11,0,40.41,14.8,1012.41,external
2026-06-30T03:00:00Z,REG-CENTRAL,WXS-CENTRAL-01,16.86,17.02,0,69.29,0,44.61,16.4,1012.53,external
2026-06-30T04:00:00Z,REG-CENTRAL,WXS-CENTRAL-01,16.88,16.98,0,69.26,0,43.91,17.61,1012.66,external
2026-06-30T05:00:00Z,REG-CENTRAL,WXS-CENTRAL-01,17.35,17.51,0,68.39,0,39.16,15.96,1012.8,external
2026-06-30T06:00:00Z,REG-CENTRAL,WXS-CENTRAL-01,18.01,18.07,0,67.17,0,44.74,17.37,1012.95,external
2026-06-30T07:00:00Z,REG-CENTRAL,WXS-CENTRAL-01,18.51,18.6,1.365,66.25,0,41.38,16.29,1013.08,external
2026-06-30T08:00:00Z,REG-CENTRAL,WXS-CENTRAL-01,19.68,19.66,2.651,64.09,0,37.69,17.52,1013.19,external
2026-06-30T09:00:00Z,REG-CENTRAL,WXS-CENTRAL-01,20.47,20.54,3.782,62.63,0,40.59,14.62,1013.27,external
2026-06-30T10:00:00Z,REG-CENTRAL,WXS-CENTRAL-01,21.64,21.57,4.694,60.45,0,33.95,16.56,1013.32,external
2026-06-30T11:00:00Z,REG-CENTRAL,WXS-CENTRAL-01,22.35,22.47,5.333,59.14,0,35.43,13.71,1013.34,external
2026-06-30T12:00:00Z,REG-CENTRAL,WXS-CENTRAL-01,23.2,23.19,5.662,57.57,0,35.32,17.09,1013.32,external
2026-06-30T13:00:00Z,REG-CENTRAL,WXS-CENTRAL-01,23.83,23.86,5.662,56.4,0,35.74,15.44,1013.26,external
2026-06-30T14:00:00Z,REG-CENTRAL,WXS-CENTRAL-01,24.08,24,5.333,55.95,0,39.16,16.15,1013.17,external
2026-06-30T15:00:00Z,REG-CENTRAL,WXS-CENTRAL-01,24.14,23.98,4.694,55.83,0,35.34,16,1013.05,external
2026-06-30T16:00:00Z,REG-CENTRAL,WXS-CENTRAL-01,24.07,23.95,3.782,55.95,0,37.66,15.37,1012.92,external
2026-06-30T17:00:00Z,REG-CENTRAL,WXS-CENTRAL-01,23.73,23.59,2.651,56.58,0,36.96,15.98,1012.78,external
2026-06-30T18:00:00Z,REG-CENTRAL,WXS-CENTRAL-01,23.08,22.92,1.365,57.8,0,44.27,16.99,1012.63,external
2026-06-30T19:00:00Z,REG-CENTRAL,WXS-CENTRAL-01,22.46,22.44,0,58.94,0,40.91,14.56,1012.5,external
2026-06-30T20:00:00Z,REG-CENTRAL,WXS-CENTRAL-01,21.47,21.38,0,60.78,0,42.41,17.25,1012.39,external
2026-06-30T21:00:00Z,REG-CENTRAL,WXS-CENTRAL-01,20.56,20.61,0,62.46,0,42.64,15.04,1012.31,external
2026-06-30T22:00:00Z,REG-CENTRAL,WXS-CENTRAL-01,19.56,19.63,0,64.31,0,40,15.65,1012.26,external
2026-06-30T23:00:00Z,REG-CENTRAL,WXS-CENTRAL-01,18.63,18.71,0,66.02,0,44.65,16.3,1012.24,external
2026-07-01T00:00:00Z,REG-COASTAL,WXS-COASTAL-01,24.57,25.05,0,74.17,0,27.27,11.44,1014.45,external
2026-07-01T01:00:00Z,REG-COASTAL,WXS-COASTAL-01,23.83,24.3,0,75.55,0,33,12.91,1014.59,external
2026-07-01T02:00:00Z,REG-COASTAL,WXS-COASTAL-01,23.51,24.02,0,76.13,0,27.06,12.36,1014.73,external
2026-07-01T03:00:00Z,REG-COASTAL,WXS-COASTAL-01,23.23,23.78,0,76.65,0,26.94,10.13,1014.84,external
2026-07-01T04:00:00Z,REG-COASTAL,WXS-COASTAL-01,23.45,23.98,0,76.24,0,22.92,11.3,1014.93,external
2026-07-01T05:00:00Z,REG-COASTAL,WXS-COASTAL-01,23.71,24.23,0,75.76,0,31.83,11.53,1014.98,external
2026-07-01T06:00:00Z,REG-COASTAL,WXS-COASTAL-01,24.46,24.94,0,74.38,0,25.72,10.79,1015,external
2026-07-01T07:00:00Z,REG-COASTAL,WXS-COASTAL-01,25.23,25.68,2.345,72.95,0,29.61,11.13,1014.98,external
2026-07-01T08:00:00Z,REG-COASTAL,WXS-COASTAL-01,26.2,26.6,4.554,71.16,0,25.02,11.18,1014.93,external
2026-07-01T09:00:00Z,REG-COASTAL,WXS-COASTAL-01,27.45,27.87,6.499,68.85,0,23.58,10.21,1014.84,external
2026-07-01T10:00:00Z,REG-COASTAL,WXS-COASTAL-01,28.22,28.84,8.066,67.43,0,23.9,11.6,1014.73,external
2026-07-01T11:00:00Z,REG-COASTAL,WXS-COASTAL-01,29.43,30.12,9.164,65.19,0,22,12.96,1014.59,external
2026-07-01T12:00:00Z,REG-COASTAL,WXS-COASTAL-01,30.18,30.96,9.729,63.8,0,22.59,12.16,1014.45,external
2026-07-01T13:00:00Z,REG-COASTAL,WXS-COASTAL-01,30.85,31.61,9.729,62.56,0,23.56,11.45,1014.31,external
2026-07-01T14:00:00Z,REG-COASTAL,WXS-COASTAL-01,31.32,31.97,9.164,61.69,0,23.63,10.42,1014.18,external
2026-07-01T15:00:00Z,REG-COASTAL,WXS-COASTAL-01,31.48,31.91,8.066,61.39,0,21.33,12.95,1014.06,external
2026-07-01T16:00:00Z,REG-COASTAL,WXS-COASTAL-01,31.35,31.6,6.499,61.63,0,25.76,11.13,1013.97,external
2026-07-01T17:00:00Z,REG-COASTAL,WXS-COASTAL-01,30.85,31.04,4.554,62.55,0,28.77,10.68,1013.92,external
2026-07-01T18:00:00Z,REG-COASTAL,WXS-COASTAL-01,30.31,30.52,2.345,63.56,0,27.71,10.73,1013.9,external
2026-07-01T19:00:00Z,REG-COASTAL,WXS-COASTAL-01,29.27,29.53,0,65.48,0,24.73,11.71,1013.92,external
2026-07-01T20:00:00Z,REG-COASTAL,WXS-COASTAL-01,28.37,28.66,0,67.14,0,32.27,12.34,1013.97,external
2026-07-01T21:00:00Z,REG-COASTAL,WXS-COASTAL-01,27.4,27.69,0,68.95,0,27.42,13.29,1014.06,external
2026-07-01T22:00:00Z,REG-COASTAL,WXS-COASTAL-01,26.13,26.51,0,71.29,0,28.87,12.52,1014.18,external
2026-07-01T23:00:00Z,REG-COASTAL,WXS-COASTAL-01,25.36,25.8,0,72.71,0,28.79,9.53,1014.31,external
2026-07-01T00:00:00Z,REG-SOUTH,WXS-SOUTH-01,25.15,25.39,0,64.92,0,20.33,12.06,1017.79,external
2026-07-01T01:00:00Z,REG-SOUTH,WXS-SOUTH-01,24.5,24.66,0,66.11,0,23.15,14.78,1017.85,external
2026-07-01T02:00:00Z,REG-SOUTH,WXS-SOUTH-01,24.21,24.45,0,66.64,0,25.35,13.31,1017.88,external
2026-07-01T03:00:00Z,REG-SOUTH,WXS-SOUTH-01,24.07,24.24,0,66.92,0,21.2,14.85,1017.87,external
2026-07-01T04:00:00Z,REG-SOUTH,WXS-SOUTH-01,24.1,24.38,0,66.86,0,22.16,12.24,1017.82,external
2026-07-01T05:00:00Z,REG-SOUTH,WXS-SOUTH-01,24.63,24.87,0,65.87,0,25.34,12.66,1017.74,external
2026-07-01T06:00:00Z,REG-SOUTH,WXS-SOUTH-01,25.25,25.45,0,64.74,0,27.76,12.95,1017.63,external
2026-07-01T07:00:00Z,REG-SOUTH,WXS-SOUTH-01,25.94,26.03,2.3,63.46,0,20.86,14.71,1017.5,external
2026-07-01T08:00:00Z,REG-SOUTH,WXS-SOUTH-01,27.09,27.2,4.466,61.33,0,18.66,12.99,1017.36,external
2026-07-01T09:00:00Z,REG-SOUTH,WXS-SOUTH-01,28.14,28.36,6.373,59.39,0,18.79,12.33,1017.21,external
2026-07-01T10:00:00Z,REG-SOUTH,WXS-SOUTH-01,29.13,29.57,7.91,57.56,0,18.31,11.58,1017.08,external
2026-07-01T11:00:00Z,REG-SOUTH,WXS-SOUTH-01,30.22,30.79,8.987,55.53,0,15.83,11.96,1016.96,external
2026-07-01T12:00:00Z,REG-SOUTH,WXS-SOUTH-01,31.11,31.67,9.541,53.89,0,15.18,13.44,1016.87,external
2026-07-01T13:00:00Z,REG-SOUTH,WXS-SOUTH-01,31.69,32.23,9.541,52.81,0,16.05,13.32,1016.81,external
2026-07-01T14:00:00Z,REG-SOUTH,WXS-SOUTH-01,32.11,32.54,8.987,52.03,0,16.5,13.31,1016.78,external
2026-07-01T15:00:00Z,REG-SOUTH,WXS-SOUTH-01,32.23,32.51,7.91,51.82,0,20.06,12.58,1016.79,external
2026-07-01T16:00:00Z,REG-SOUTH,WXS-SOUTH-01,32.09,32.04,6.373,52.08,0,16.18,14.32,1016.84,external
2026-07-01T17:00:00Z,REG-SOUTH,WXS-SOUTH-01,31.75,31.63,4.466,52.7,0,26.14,13.5,1016.92,external
2026-07-01T18:00:00Z,REG-SOUTH,WXS-SOUTH-01,31.04,30.98,2.3,54.01,0,25.02,12.88,1017.03,external
2026-07-01T19:00:00Z,REG-SOUTH,WXS-SOUTH-01,30.22,30.18,0,55.54,0,20.63,13.14,1017.16,external
2026-07-01T20:00:00Z,REG-SOUTH,WXS-SOUTH-01,29.13,29.14,0,57.56,0,26.33,13.11,1017.3,external
2026-07-01T21:00:00Z,REG-SOUTH,WXS-SOUTH-01,28.02,28.07,0,59.6,0,22.9,13.57,1017.45,external
2026-07-01T22:00:00Z,REG-SOUTH,WXS-SOUTH-01,26.94,27.04,0,61.61,0,25.91,13.37,1017.58,external
2026-07-01T23:00:00Z,REG-SOUTH,WXS-SOUTH-01,26.12,26.23,0,63.11,0,25.09,14.09,1017.7,external
2026-07-01T00:00:00Z,REG-DELTA,WXS-DELTA-01,26.52,26.97,0,79.85,0,35.43,15.76,1013.46,external
2026-07-01T01:00:00Z,REG-DELTA,WXS-DELTA-01,26.03,26.49,0,80.76,0,35.57,16.1,1013.38,external
2026-07-01T02:00:00Z,REG-DELTA,WXS-DELTA-01,25.72,26.25,0,81.33,0,40.8,14.75,1013.28,external
2026-07-01T03:00:00Z,REG-DELTA,WXS-DELTA-01,25.49,26.04,0,81.75,0,37.71,14.63,1013.15,external
2026-07-01T04:00:00Z,REG-DELTA,WXS-DELTA-01,25.66,26.15,0,81.44,0,39.35,15.79,1013.01,external
2026-07-01T05:00:00Z,REG-DELTA,WXS-DELTA-01,26,26.47,0,80.81,0,39.96,15.88,1012.87,external
2026-07-01T06:00:00Z,REG-DELTA,WXS-DELTA-01,26.51,27.01,0,79.86,0,39.1,14.61,1012.73,external
2026-07-01T07:00:00Z,REG-DELTA,WXS-DELTA-01,27.27,27.76,2.263,78.46,0,39.3,14.11,1012.61,external
2026-07-01T08:00:00Z,REG-DELTA,WXS-DELTA-01,28.1,28.54,4.395,76.92,0,39.15,14.42,1012.51,external
2026-07-01T09:00:00Z,REG-DELTA,WXS-DELTA-01,29.21,29.59,6.271,74.86,0,38.5,14.71,1012.44,external
2026-07-01T10:00:00Z,REG-DELTA,WXS-DELTA-01,29.99,30.42,7.783,73.43,0,35.37,15.07,1012.41,external
2026-07-01T11:00:00Z,REG-DELTA,WXS-DELTA-01,30.94,31.49,8.842,71.66,0,30.49,14.59,1012.42,external
2026-07-01T12:00:00Z,REG-DELTA,WXS-DELTA-01,31.75,32.3,9.388,70.17,0,32.87,15.07,1012.46,external
2026-07-01T13:00:00Z,REG-DELTA,WXS-DELTA-01,32.5,33.03,9.388,68.77,0,31.02,14.98,1012.54,external
2026-07-01T14:00:00Z,REG-DELTA,WXS-DELTA-01,32.81,33.24,8.842,68.21,0,35.52,15.07,1012.64,external
2026-07-01T15:00:00Z,REG-DELTA,WXS-DELTA-01,32.8,33.18,7.783,68.23,0,36.86,13.23,1012.77,external
2026-07-01T16:00:00Z,REG-DELTA,WXS-DELTA-01,32.81,33.02,6.271,68.2,0,32.04,14.76,1012.91,external
2026-07-01T17:00:00Z,REG-DELTA,WXS-DELTA-01,32.25,32.46,4.395,69.24,0,32.69,15.27,1013.05,external
2026-07-01T18:00:00Z,REG-DELTA,WXS-DELTA-01,31.71,31.99,2.263,70.24,0,34.75,14.23,1013.19,external
2026-07-01T19:00:00Z,REG-DELTA,WXS-DELTA-01,31.17,31.5,0,71.24,0,37.88,13.77,1013.31,external
2026-07-01T20:00:00Z,REG-DELTA,WXS-DELTA-01,30.1,30.41,0,73.22,0,41.3,15.34,1013.41,external
2026-07-01T21:00:00Z,REG-DELTA,WXS-DELTA-01,29.13,29.54,0,75.02,0,39.42,14.06,1013.48,external
2026-07-01T22:00:00Z,REG-DELTA,WXS-DELTA-01,28.18,28.63,0,76.77,0,41.49,14.19,1013.51,external
2026-07-01T23:00:00Z,REG-DELTA,WXS-DELTA-01,27.19,27.67,0,78.61,0,39,14.34,1013.5,external
2026-07-01T00:00:00Z,REG-ISLAND,WXS-ISLAND-01,24.15,24.66,0,77.11,0,24.61,12.81,1011.04,external
2026-07-01T01:00:00Z,REG-ISLAND,WXS-ISLAND-01,23.52,24.1,0,78.26,0,26.51,10.78,1010.89,external
2026-07-01T02:00:00Z,REG-ISLAND,WXS-ISLAND-01,23.02,23.58,0,79.18,0,24.87,13.08,1010.75,external
2026-07-01T03:00:00Z,REG-ISLAND,WXS-ISLAND-01,22.98,23.52,0,79.27,0,25.73,13.42,1010.63,external
2026-07-01T04:00:00Z,REG-ISLAND,WXS-ISLAND-01,23.08,23.61,0,79.08,0,25.27,13.57,1010.53,external
2026-07-01T05:00:00Z,REG-ISLAND,WXS-ISLAND-01,23.4,23.93,0,78.48,0,31.88,13.46,1010.45,external
2026-07-01T06:00:00Z,REG-ISLAND,WXS-ISLAND-01,24.19,24.72,0,77.02,0,22.47,12.43,1010.42,external
2026-07-01T07:00:00Z,REG-ISLAND,WXS-ISLAND-01,25,25.51,2.305,75.53,0,20.33,11.88,1010.41,external
2026-07-01T08:00:00Z,REG-ISLAND,WXS-ISLAND-01,26.04,26.4,4.475,73.61,0,25.16,14.29,1010.45,external
2026-07-01T09:00:00Z,REG-ISLAND,WXS-ISLAND-01,26.93,27.44,6.386,71.95,0,22.15,10.55,1010.52,external
2026-07-01T10:00:00Z,REG-ISLAND,WXS-ISLAND-01,27.88,28.58,7.926,70.19,0,20.83,11.83,1010.62,external
2026-07-01T11:00:00Z,REG-ISLAND,WXS-ISLAND-01,28.94,29.67,9.004,68.24,0,18.59,13.92,1010.74,external
2026-07-01T12:00:00Z,REG-ISLAND,WXS-ISLAND-01,29.66,30.47,9.56,66.9,0,18.36,13.45,1010.88,external
2026-07-01T13:00:00Z,REG-ISLAND,WXS-ISLAND-01,30.35,31.15,9.56,65.63,0,19.47,12.79,1011.03,external
2026-07-01T14:00:00Z,REG-ISLAND,WXS-ISLAND-01,30.82,31.56,9.004,64.75,0,19.79,11.71,1011.17,external
2026-07-01T15:00:00Z,REG-ISLAND,WXS-ISLAND-01,30.93,31.43,7.926,64.55,0,19.61,13.25,1011.29,external
2026-07-01T16:00:00Z,REG-ISLAND,WXS-ISLAND-01,30.6,30.92,6.386,65.16,0,22.91,12.46,1011.39,external
2026-07-01T17:00:00Z,REG-ISLAND,WXS-ISLAND-01,30.26,30.51,4.475,65.79,0,26.03,12.48,1011.47,external
2026-07-01T18:00:00Z,REG-ISLAND,WXS-ISLAND-01,29.48,29.75,2.305,67.23,0,27.46,12.73,1011.5,external
2026-07-01T19:00:00Z,REG-ISLAND,WXS-ISLAND-01,28.77,29.06,0,68.56,0,29.42,13.04,1011.51,external
2026-07-01T20:00:00Z,REG-ISLAND,WXS-ISLAND-01,27.83,28.16,0,70.28,0,22.82,13.22,1011.47,external
2026-07-01T21:00:00Z,REG-ISLAND,WXS-ISLAND-01,26.99,27.33,0,71.85,0,29.2,13.75,1011.4,external
2026-07-01T22:00:00Z,REG-ISLAND,WXS-ISLAND-01,25.87,26.35,0,73.91,0,24.18,11.63,1011.3,external
2026-07-01T23:00:00Z,REG-ISLAND,WXS-ISLAND-01,24.9,25.36,0,75.71,0,29,13.29,1011.18,external
2026-07-01T00:00:00Z,REG-NORTH,WXS-NORTH-01,14.95,15.33,0,76.18,0,44.96,15.34,1013.1,external
2026-07-01T01:00:00Z,REG-NORTH,WXS-NORTH-01,14.3,14.7,0,77.39,0,45.32,15.58,1013.02,external
2026-07-01T02:00:00Z,REG-NORTH,WXS-NORTH-01,13.9,14.28,0,78.14,0,43.29,16.34,1012.98,external
2026-07-01T03:00:00Z,REG-NORTH,WXS-NORTH-01,13.75,14.11,0,78.42,0,45.82,16.84,1012.97,external
2026-07-01T04:00:00Z,REG-NORTH,WXS-NORTH-01,13.99,14.4,0,77.97,0,44.69,15.66,1013,external
2026-07-01T05:00:00Z,REG-NORTH,WXS-NORTH-01,14.35,14.69,0,77.3,0,39.59,16.73,1013.07,external
2026-07-01T06:00:00Z,REG-NORTH,WXS-NORTH-01,14.79,15.08,0,76.48,0,43.34,17.54,1013.16,external
2026-07-01T07:00:00Z,REG-NORTH,WXS-NORTH-01,15.6,15.93,1.065,74.99,0,43.07,15.75,1013.28,external
2026-07-01T08:00:00Z,REG-NORTH,WXS-NORTH-01,16.16,16.48,2.067,73.95,0,43.45,15.52,1013.42,external
2026-07-01T09:00:00Z,REG-NORTH,WXS-NORTH-01,17.24,17.49,2.95,71.95,0,39.72,15.98,1013.56,external
2026-07-01T10:00:00Z,REG-NORTH,WXS-NORTH-01,18.24,18.49,3.661,70.11,0,36.33,14.74,1013.7,external
2026-07-01T11:00:00Z,REG-NORTH,WXS-NORTH-01,18.95,19.26,4.159,68.79,0,35.12,14.42,1013.83,external
2026-07-01T12:00:00Z,REG-NORTH,WXS-NORTH-01,19.7,19.95,4.416,67.41,0,32.85,16.24,1013.94,external
2026-07-01T13:00:00Z,REG-NORTH,WXS-NORTH-01,20.18,20.42,4.416,66.52,0,34.8,16.03,1014.02,external
2026-07-01T14:00:00Z,REG-NORTH,WXS-NORTH-01,20.64,20.81,4.159,65.67,0,35.89,15.88,1014.06,external
2026-07-01T15:00:00Z,REG-NORTH,WXS-NORTH-01,20.54,20.68,3.661,65.85,0,36.99,14.96,1014.07,external
2026-07-01T16:00:00Z,REG-NORTH,WXS-NORTH-01,20.59,20.69,2.95,65.76,0,40.01,15.69,1014.04,external
2026-07-01T17:00:00Z,REG-NORTH,WXS-NORTH-01,20.32,20.49,2.067,66.26,0,41.14,14.32,1013.97,external
2026-07-01T18:00:00Z,REG-NORTH,WXS-NORTH-01,19.64,19.83,1.065,67.51,0,41.57,14.88,1013.88,external
2026-07-01T19:00:00Z,REG-NORTH,WXS-NORTH-01,19.04,19.18,0,68.63,0,47.01,16.46,1013.76,external
2026-07-01T20:00:00Z,REG-NORTH,WXS-NORTH-01,18.22,18.43,0,70.15,0,46.95,15.79,1013.62,external
2026-07-01T21:00:00Z,REG-NORTH,WXS-NORTH-01,17.43,17.64,0,71.61,0,39.5,16.51,1013.48,external
2026-07-01T22:00:00Z,REG-NORTH,WXS-NORTH-01,16.29,16.6,0,73.71,0,42.91,15.57,1013.34,external
2026-07-01T23:00:00Z,REG-NORTH,WXS-NORTH-01,15.67,15.96,0,74.86,0,42.68,16.6,1013.21,external
2026-07-01T00:00:00Z,REG-CENTRAL,WXS-CENTRAL-01,17.96,17.8,0,69.79,0,31.99,23.77,1013.03,external
2026-07-01T01:00:00Z,REG-CENTRAL,WXS-CENTRAL-01,17.45,17.35,0,70.74,0,34.58,22.99,1013.09,external
2026-07-01T02:00:00Z,REG-CENTRAL,WXS-CENTRAL-01,16.98,16.93,0,71.61,0,35.77,22.43,1013.18,external
2026-07-01T03:00:00Z,REG-CENTRAL,WXS-CENTRAL-01,16.77,16.77,0,72,0,35.24,21.4,1013.3,external
2026-07-01T04:00:00Z,REG-CENTRAL,WXS-CENTRAL-01,16.99,16.93,0,71.59,0,30.57,22.57,1013.43,external
2026-07-01T05:00:00Z,REG-CENTRAL,WXS-CENTRAL-01,17.44,17.44,0,70.76,0,34.23,20.65,1013.57,external
2026-07-01T06:00:00Z,REG-CENTRAL,WXS-CENTRAL-01,17.9,17.79,0,69.91,0,31.69,22.69,1013.72,external
2026-07-01T07:00:00Z,REG-CENTRAL,WXS-CENTRAL-01,18.68,18.46,1.419,68.48,0,31.7,24.39,1013.85,external
2026-07-01T08:00:00Z,REG-CENTRAL,WXS-CENTRAL-01,19.61,19.39,2.756,66.76,0,25.77,23.25,1013.96,external
2026-07-01T09:00:00Z,REG-CENTRAL,WXS-CENTRAL-01,20.68,20.49,3.932,64.78,0,27.36,21.64,1014.04,external
2026-07-01T10:00:00Z,REG-CENTRAL,WXS-CENTRAL-01,21.52,21.39,4.88,63.22,0,23.81,21.56,1014.09,external
2026-07-01T11:00:00Z,REG-CENTRAL,WXS-CENTRAL-01,22.52,22.44,5.545,61.37,0,29.97,22.58,1014.11,external
2026-07-01T12:00:00Z,REG-CENTRAL,WXS-CENTRAL-01,23.26,23.29,5.887,59.99,0,19.99,21.05,1014.09,external
2026-07-01T13:00:00Z,REG-CENTRAL,WXS-CENTRAL-01,23.95,23.86,5.887,58.72,0,27.24,23.03,1014.03,external
2026-07-01T14:00:00Z,REG-CENTRAL,WXS-CENTRAL-01,24.24,24.11,5.545,58.19,0,29.65,21.8,1013.94,external
2026-07-01T15:00:00Z,REG-CENTRAL,WXS-CENTRAL-01,24.59,24.27,4.88,57.53,0,26.21,22.74,1013.82,external
2026-07-01T16:00:00Z,REG-CENTRAL,WXS-CENTRAL-01,24.2,23.84,3.932,58.26,0,28.06,21.81,1013.69,external
2026-07-01T17:00:00Z,REG-CENTRAL,WXS-CENTRAL-01,23.93,23.62,2.756,58.76,0,33.84,20.95,1013.55,external
2026-07-01T18:00:00Z,REG-CENTRAL,WXS-CENTRAL-01,23.37,23.05,1.419,59.79,0,30.76,21.74,1013.4,external
2026-07-01T19:00:00Z,REG-CENTRAL,WXS-CENTRAL-01,22.51,22.2,0,61.37,0,33.24,22.57,1013.27,external
2026-07-01T20:00:00Z,REG-CENTRAL,WXS-CENTRAL-01,21.61,21.28,0,63.05,0,30.09,23.79,1013.16,external
2026-07-01T21:00:00Z,REG-CENTRAL,WXS-CENTRAL-01,20.62,20.38,0,64.87,0,34.55,22.99,1013.08,external
2026-07-01T22:00:00Z,REG-CENTRAL,WXS-CENTRAL-01,19.62,19.41,0,66.73,0,30.95,23.29,1013.03,external
2026-07-01T23:00:00Z,REG-CENTRAL,WXS-CENTRAL-01,18.72,18.58,0,68.4,0,36,22.5,1013.01,external
2026-07-02T00:00:00Z,REG-COASTAL,WXS-COASTAL-01,24.5,24.8,0,71.53,0,22.28,14.4,1014.55,external
2026-07-02T01:00:00Z,REG-COASTAL,WXS-COASTAL-01,23.96,24.29,0,72.52,0,25.63,14.43,1014.69,external
2026-07-02T02:00:00Z,REG-COASTAL,WXS-COASTAL-01,23.62,23.98,0,73.14,0,22.62,14.11,1014.83,external
2026-07-02T03:00:00Z,REG-COASTAL,WXS-COASTAL-01,23.47,23.86,0,73.43,0,26.03,13.46,1014.94,external
2026-07-02T04:00:00Z,REG-COASTAL,WXS-COASTAL-01,23.36,23.76,0,73.62,0,19.85,13.62,1015.03,external
2026-07-02T05:00:00Z,REG-COASTAL,WXS-COASTAL-01,23.88,24.21,0,72.66,0,24.52,14.41,1015.08,external
2026-07-02T06:00:00Z,REG-COASTAL,WXS-COASTAL-01,24.66,24.99,0,71.22,0,23.94,13.84,1015.1,external
2026-07-02T07:00:00Z,REG-COASTAL,WXS-COASTAL-01,25.48,25.67,2.371,69.71,0,24.36,16,1015.08,external
2026-07-02T08:00:00Z,REG-COASTAL,WXS-COASTAL-01,26.5,26.77,4.605,67.82,0,17.9,13.16,1015.03,external
2026-07-02T09:00:00Z,REG-COASTAL,WXS-COASTAL-01,27.53,27.87,6.57,65.92,0,18.64,13.79,1014.94,external
2026-07-02T10:00:00Z,REG-COASTAL,WXS-COASTAL-01,28.79,29.35,8.154,63.58,0,14.82,13.54,1014.83,external
2026-07-02T11:00:00Z,REG-COASTAL,WXS-COASTAL-01,29.74,30.38,9.264,61.82,0,20.28,14.77,1014.69,external
2026-07-02T12:00:00Z,REG-COASTAL,WXS-COASTAL-01,30.54,31.29,9.836,60.35,0,15.55,13.46,1014.55,external
2026-07-02T13:00:00Z,REG-COASTAL,WXS-COASTAL-01,31.18,31.88,9.836,59.16,0,14.7,14,1014.41,external
2026-07-02T14:00:00Z,REG-COASTAL,WXS-COASTAL-01,31.6,32.1,9.264,58.39,0,13.89,15.87,1014.28,external
2026-07-02T15:00:00Z,REG-COASTAL,WXS-COASTAL-01,31.69,32.06,8.154,58.21,0,18.24,14.82,1014.16,external
2026-07-02T16:00:00Z,REG-COASTAL,WXS-COASTAL-01,31.72,31.8,6.57,58.15,0,16.43,15.43,1014.07,external
2026-07-02T17:00:00Z,REG-COASTAL,WXS-COASTAL-01,31.3,31.24,4.605,58.94,0,17.14,15.62,1014.02,external
2026-07-02T18:00:00Z,REG-COASTAL,WXS-COASTAL-01,30.61,30.67,2.371,60.22,0,23.65,13.51,1014,external
2026-07-02T19:00:00Z,REG-COASTAL,WXS-COASTAL-01,29.68,29.69,0,61.93,0,19.46,15.78,1014.02,external
2026-07-02T20:00:00Z,REG-COASTAL,WXS-COASTAL-01,28.74,28.89,0,63.67,0,21.93,13.6,1014.07,external
2026-07-02T21:00:00Z,REG-COASTAL,WXS-COASTAL-01,27.44,27.62,0,66.07,0,21.28,14.18,1014.16,external
2026-07-02T22:00:00Z,REG-COASTAL,WXS-COASTAL-01,26.38,26.53,0,68.04,0,21.59,15.89,1014.28,external
2026-07-02T23:00:00Z,REG-COASTAL,WXS-COASTAL-01,25.55,25.87,0,69.57,0,20.06,13,1014.41,external
2026-07-02T00:00:00Z,REG-SOUTH,WXS-SOUTH-01,25.15,25.2,0,64.97,0,21.55,16.43,1016.02,external
2026-07-02T01:00:00Z,REG-SOUTH,WXS-SOUTH-01,24.47,24.54,0,66.24,0,21.47,16.59,1016.08,external
2026-07-02T02:00:00Z,REG-SOUTH,WXS-SOUTH-01,24.03,24.14,0,67.05,0,23.3,16.31,1016.11,external
2026-07-02T03:00:00Z,REG-SOUTH,WXS-SOUTH-01,23.87,23.94,0,67.34,0,25.48,17.31,1016.1,external
2026-07-02T04:00:00Z,REG-SOUTH,WXS-SOUTH-01,24.13,24.15,0,66.86,0,19.8,18.25,1016.05,external
2026-07-02T05:00:00Z,REG-SOUTH,WXS-SOUTH-01,24.52,24.58,0,66.14,0,22.64,16.84,1015.97,external
2026-07-02T06:00:00Z,REG-SOUTH,WXS-SOUTH-01,25.13,25.17,0,65.03,0,23.19,16.55,1015.86,external
2026-07-02T07:00:00Z,REG-SOUTH,WXS-SOUTH-01,25.96,26.01,2.322,63.48,0,23.07,15.56,1015.73,external
2026-07-02T08:00:00Z,REG-SOUTH,WXS-SOUTH-01,27.08,27.14,4.51,61.4,0,23.34,14.32,1015.59,external
2026-07-02T09:00:00Z,REG-SOUTH,WXS-SOUTH-01,28.36,28.36,6.435,59.04,0,23.62,17.11,1015.44,external
2026-07-02T10:00:00Z,REG-SOUTH,WXS-SOUTH-01,29.12,29.24,7.986,57.64,0,18.86,18.94,1015.31,external
2026-07-02T11:00:00Z,REG-SOUTH,WXS-SOUTH-01,30.29,30.65,9.073,55.46,0,18,16.48,1015.19,external
2026-07-02T12:00:00Z,REG-SOUTH,WXS-SOUTH-01,31.1,31.47,9.633,53.97,0,16.89,17.39,1015.1,external
2026-07-02T13:00:00Z,REG-SOUTH,WXS-SOUTH-01,31.79,32.18,9.633,52.7,0,16.88,16.03,1015.04,external
2026-07-02T14:00:00Z,REG-SOUTH,WXS-SOUTH-01,32.24,32.48,9.073,51.87,0,17.82,16.88,1015.01,external
2026-07-02T15:00:00Z,REG-SOUTH,WXS-SOUTH-01,32.4,32.51,7.986,51.57,0,15.37,15.85,1015.02,external
2026-07-02T16:00:00Z,REG-SOUTH,WXS-SOUTH-01,32.21,32.04,6.435,51.92,0,16.97,16.73,1015.07,external
2026-07-02T17:00:00Z,REG-SOUTH,WXS-SOUTH-01,31.72,31.52,4.51,52.82,0,25.38,15.28,1015.15,external
2026-07-02T18:00:00Z,REG-SOUTH,WXS-SOUTH-01,31.14,30.87,2.322,53.9,0,19.56,17.49,1015.26,external
2026-07-02T19:00:00Z,REG-SOUTH,WXS-SOUTH-01,30.26,30.08,0,55.52,0,24.26,16.4,1015.39,external
2026-07-02T20:00:00Z,REG-SOUTH,WXS-SOUTH-01,29.22,29.05,0,57.46,0,21.01,17.12,1015.53,external
2026-07-02T21:00:00Z,REG-SOUTH,WXS-SOUTH-01,28.26,28.17,0,59.22,0,27.02,16.31,1015.68,external
2026-07-02T22:00:00Z,REG-SOUTH,WXS-SOUTH-01,27.02,26.98,0,61.53,0,23.73,16.36,1015.81,external
2026-07-02T23:00:00Z,REG-SOUTH,WXS-SOUTH-01,25.87,25.87,0,63.65,0,24.8,16.8,1015.93,external
2026-07-02T00:00:00Z,REG-DELTA,WXS-DELTA-01,26.46,27.03,0,86.02,0,71.17,16.67,1008.7,external
2026-07-02T01:00:00Z,REG-DELTA,WXS-DELTA-01,26.21,26.76,0,86.49,0,71.36,17.32,1008.62,external
2026-07-02T02:00:00Z,REG-DELTA,WXS-DELTA-01,25.95,26.56,0,86.96,0,72.75,16.33,1008.52,external
2026-07-02T03:00:00Z,REG-DELTA,WXS-DELTA-01,25.82,26.42,0,87.2,0,70.85,16.71,1008.39,external
2026-07-02T04:00:00Z,REG-DELTA,WXS-DELTA-01,25.99,26.57,0,86.89,0,65.54,16.78,1008.25,external
2026-07-02T05:00:00Z,REG-DELTA,WXS-DELTA-01,26.12,26.65,0,86.65,0,71.15,17.83,1008.11,external
2026-07-02T06:00:00Z,REG-DELTA,WXS-DELTA-01,26.58,27.1,0,85.8,0,69.37,17.6,1007.97,external
2026-07-02T07:00:00Z,REG-DELTA,WXS-DELTA-01,27.11,27.57,2.013,84.82,0,68.5,18.44,1007.85,external
2026-07-02T08:00:00Z,REG-DELTA,WXS-DELTA-01,28.02,28.41,3.909,83.13,0,66.79,18.97,1007.75,external
2026-07-02T09:00:00Z,REG-DELTA,WXS-DELTA-01,28.51,29.01,5.578,82.23,0,66.91,16.07,1007.68,external
2026-07-02T10:00:00Z,REG-DELTA,WXS-DELTA-01,29.27,29.61,6.922,80.83,0,60.32,18.81,1007.65,external
2026-07-02T11:00:00Z,REG-DELTA,WXS-DELTA-01,29.64,29.94,7.865,80.14,0,62.72,19.26,1007.66,external
2026-07-02T12:00:00Z,REG-DELTA,WXS-DELTA-01,30.36,30.71,8.35,78.8,0,61.98,17.51,1007.7,external
2026-07-02T13:00:00Z,REG-DELTA,WXS-DELTA-01,30.76,31.1,8.35,78.06,0,64.92,17.34,1007.78,external
2026-07-02T14:00:00Z,REG-DELTA,WXS-DELTA-01,31.17,31.53,7.865,77.31,0,63.2,16.48,1007.88,external
2026-07-02T15:00:00Z,REG-DELTA,WXS-DELTA-01,31.24,31.55,6.922,77.17,0,64.85,17.59,1008.01,external
2026-07-02T16:00:00Z,REG-DELTA,WXS-DELTA-01,30.98,31.27,5.578,77.65,0,66.8,18.25,1008.15,external
2026-07-02T17:00:00Z,REG-DELTA,WXS-DELTA-01,30.75,31.06,3.909,82.09,3.927,78.28,20.17,1008.29,external
2026-07-02T18:00:00Z,REG-DELTA,WXS-DELTA-01,30.47,30.79,2.013,82.61,3.636,80.27,20.19,1008.43,external
2026-07-02T19:00:00Z,REG-DELTA,WXS-DELTA-01,29.83,30.15,0,83.8,3.285,82.74,20.83,1008.55,external
2026-07-02T20:00:00Z,REG-DELTA,WXS-DELTA-01,29.22,29.57,0,84.92,3.239,87.03,20.9,1008.65,external
2026-07-02T21:00:00Z,REG-DELTA,WXS-DELTA-01,28.43,28.83,0,86.37,2.405,86.77,20.74,1008.72,external
2026-07-02T22:00:00Z,REG-DELTA,WXS-DELTA-01,27.9,28.27,0,87.37,4.119,84.4,21.71,1008.75,external
2026-07-02T23:00:00Z,REG-DELTA,WXS-DELTA-01,27.19,27.61,0,88.68,2.519,86.56,21.21,1008.74,external
2026-07-02T00:00:00Z,REG-ISLAND,WXS-ISLAND-01,24.58,24.97,0,81.79,0,58.24,18.23,1006.79,external
2026-07-02T01:00:00Z,REG-ISLAND,WXS-ISLAND-01,24.1,24.49,0,82.67,0,59.21,18.8,1006.64,external
2026-07-02T02:00:00Z,REG-ISLAND,WXS-ISLAND-01,23.67,24.11,0,83.46,0,57.39,18.21,1006.5,external
2026-07-02T03:00:00Z,REG-ISLAND,WXS-ISLAND-01,23.85,24.22,0,83.14,0,57.07,19.43,1006.38,external
2026-07-02T04:00:00Z,REG-ISLAND,WXS-ISLAND-01,23.63,24.05,0,83.54,0,63.97,18.51,1006.28,external
2026-07-02T05:00:00Z,REG-ISLAND,WXS-ISLAND-01,24.09,24.43,0,82.7,0,58.07,19.7,1006.2,external
2026-07-02T06:00:00Z,REG-ISLAND,WXS-ISLAND-01,24.65,24.99,0,81.67,0,61.12,19.05,1006.17,external
2026-07-02T07:00:00Z,REG-ISLAND,WXS-ISLAND-01,25.13,25.46,2.058,80.76,0,59.55,19.13,1006.16,external
2026-07-02T08:00:00Z,REG-ISLAND,WXS-ISLAND-01,25.86,26.14,3.996,79.42,0,59.51,19.38,1006.2,external
2026-07-02T09:00:00Z,REG-ISLAND,WXS-ISLAND-01,26.85,27.14,5.701,77.58,0,58.16,18.26,1006.27,external
2026-07-02T10:00:00Z,REG-ISLAND,WXS-ISLAND-01,27.65,27.92,7.076,76.1,0,54.26,17.65,1006.37,external
2026-07-02T11:00:00Z,REG-ISLAND,WXS-ISLAND-01,28.17,28.36,8.039,75.15,0,53.99,18.9,1006.49,external
2026-07-02T12:00:00Z,REG-ISLAND,WXS-ISLAND-01,28.69,28.9,8.535,74.18,0,60.98,18.04,1006.63,external
2026-07-02T13:00:00Z,REG-ISLAND,WXS-ISLAND-01,29.26,29.4,8.535,73.13,0,49.11,18.94,1006.78,external
2026-07-02T14:00:00Z,REG-ISLAND,WXS-ISLAND-01,29.56,29.67,8.039,76.57,2.779,67.74,21.5,1006.92,external
2026-07-02T15:00:00Z,REG-ISLAND,WXS-ISLAND-01,29.71,29.7,7.076,76.3,2.06,71.88,23.92,1007.04,external
2026-07-02T16:00:00Z,REG-ISLAND,WXS-ISLAND-01,29.46,29.47,5.701,76.76,2.823,70.41,23.84,1007.14,external
2026-07-02T17:00:00Z,REG-ISLAND,WXS-ISLAND-01,29.19,29.32,3.996,77.27,2.78,76.29,21.44,1007.22,external
2026-07-02T18:00:00Z,REG-ISLAND,WXS-ISLAND-01,28.76,28.83,2.058,78.06,2.127,76.14,23.15,1007.25,external
2026-07-02T19:00:00Z,REG-ISLAND,WXS-ISLAND-01,28.25,28.32,0,78.99,2.911,69.85,23.79,1007.26,external
2026-07-02T20:00:00Z,REG-ISLAND,WXS-ISLAND-01,27.39,27.66,0,76.58,0,60.38,18.15,1007.22,external
2026-07-02T21:00:00Z,REG-ISLAND,WXS-ISLAND-01,26.52,26.82,0,78.19,0,62.25,18.24,1007.15,external
2026-07-02T22:00:00Z,REG-ISLAND,WXS-ISLAND-01,25.96,26.19,0,79.24,0,60.65,20.18,1007.05,external
2026-07-02T23:00:00Z,REG-ISLAND,WXS-ISLAND-01,25.1,25.45,0,80.82,0,64.76,18.5,1006.93,external
2026-07-02T00:00:00Z,REG-NORTH,WXS-NORTH-01,15.26,15.54,0,79.75,0,73.22,19.64,1009.2,external
2026-07-02T01:00:00Z,REG-NORTH,WXS-NORTH-01,14.74,14.97,0,80.7,0,71.69,21.32,1009.12,external
2026-07-02T02:00:00Z,REG-NORTH,WXS-NORTH-01,14.48,14.77,0,81.19,0,62.52,20.14,1009.08,external
2026-07-02T03:00:00Z,REG-NORTH,WXS-NORTH-01,14.42,14.69,0,81.3,0,67.63,20.56,1009.07,external
2026-07-02T04:00:00Z,REG-NORTH,WXS-NORTH-01,14.52,14.81,0,81.12,0,68.67,20.11,1009.1,external
2026-07-02T05:00:00Z,REG-NORTH,WXS-NORTH-01,14.87,15.13,0,80.47,0,69.63,20.36,1009.17,external
2026-07-02T06:00:00Z,REG-NORTH,WXS-NORTH-01,15.15,15.38,0,79.96,0,66.9,20.66,1009.26,external
2026-07-02T07:00:00Z,REG-NORTH,WXS-NORTH-01,15.78,16.05,0.866,78.79,0,67.79,19.22,1009.38,external
2026-07-02T08:00:00Z,REG-NORTH,WXS-NORTH-01,16.27,16.43,1.682,77.87,0,66.12,21.29,1009.52,external
2026-07-02T09:00:00Z,REG-NORTH,WXS-NORTH-01,16.93,17.09,2.4,76.66,0,62.79,20.46,1009.66,external
2026-07-02T10:00:00Z,REG-NORTH,WXS-NORTH-01,17.68,17.83,2.979,75.26,0,65.01,19.94,1009.8,external
2026-07-02T11:00:00Z,REG-NORTH,WXS-NORTH-01,18.16,18.24,3.384,74.38,0,62.85,21.13,1009.93,external
2026-07-02T12:00:00Z,REG-NORTH,WXS-NORTH-01,18.67,18.72,3.593,73.44,0,64.73,21.07,1010.04,external
2026-07-02T13:00:00Z,REG-NORTH,WXS-NORTH-01,19.06,19.09,3.593,72.71,0,58.65,21.28,1010.12,external
2026-07-02T14:00:00Z,REG-NORTH,WXS-NORTH-01,19.32,19.36,3.384,72.23,0,58.08,20.79,1010.16,external
2026-07-02T15:00:00Z,REG-NORTH,WXS-NORTH-01,19.36,19.36,2.979,72.17,0,58.82,21.34,1010.17,external
2026-07-02T16:00:00Z,REG-NORTH,WXS-NORTH-01,19.27,19.27,2.4,76.33,0.885,78.82,23.98,1010.14,external
2026-07-02T17:00:00Z,REG-NORTH,WXS-NORTH-01,19.15,19.19,1.682,76.55,1.018,74.63,23.06,1010.07,external
2026-07-02T18:00:00Z,REG-NORTH,WXS-NORTH-01,18.76,18.77,0.866,77.27,0.872,81.6,24.22,1009.98,external
2026-07-02T19:00:00Z,REG-NORTH,WXS-NORTH-01,18.15,18.24,0,78.4,1.045,82.6,22.97,1009.86,external
2026-07-02T20:00:00Z,REG-NORTH,WXS-NORTH-01,17.5,17.58,0,75.6,0,65.68,21.7,1009.72,external
2026-07-02T21:00:00Z,REG-NORTH,WXS-NORTH-01,16.89,17.08,0,76.74,0,66.55,19.66,1009.58,external
2026-07-02T22:00:00Z,REG-NORTH,WXS-NORTH-01,16.23,16.5,0,77.95,0,71.05,18.67,1009.44,external
2026-07-02T23:00:00Z,REG-NORTH,WXS-NORTH-01,15.93,16.19,0,78.51,0,71.41,19.22,1009.31,external
2026-07-02T00:00:00Z,REG-CENTRAL,WXS-CENTRAL-01,18.37,18.37,0,65.33,0,44.69,17.63,1012.37,external
2026-07-02T01:00:00Z,REG-CENTRAL,WXS-CENTRAL-01,17.75,17.86,0,66.47,0,42.55,15.88,1012.43,external
2026-07-02T02:00:00Z,REG-CENTRAL,WXS-CENTRAL-01,17.52,17.62,0,66.91,0,43.07,16.19,1012.52,external
2026-07-02T03:00:00Z,REG-CENTRAL,WXS-CENTRAL-01,17.19,17.27,0,67.51,0,45.36,17.14,1012.64,external
2026-07-02T04:00:00Z,REG-CENTRAL,WXS-CENTRAL-01,17.45,17.61,0,67.02,0,42.21,15.19,1012.77,external
2026-07-02T05:00:00Z,REG-CENTRAL,WXS-CENTRAL-01,17.78,17.94,0,66.41,0,47.1,14.8,1012.91,external
2026-07-02T06:00:00Z,REG-CENTRAL,WXS-CENTRAL-01,18.48,18.55,0,65.12,0,41.29,16.22,1013.06,external
2026-07-02T07:00:00Z,REG-CENTRAL,WXS-CENTRAL-01,19.15,19.17,1.389,63.88,0,42.46,16.54,1013.19,external
2026-07-02T08:00:00Z,REG-CENTRAL,WXS-CENTRAL-01,20.05,20.03,2.697,62.22,0,41.9,16.37,1013.3,external
2026-07-02T09:00:00Z,REG-CENTRAL,WXS-CENTRAL-01,20.92,20.86,3.849,60.61,0,40.66,16.55,1013.38,external
2026-07-02T10:00:00Z,REG-CENTRAL,WXS-CENTRAL-01,21.85,21.74,4.777,58.89,0,38.97,16.62,1013.43,external
2026-07-02T11:00:00Z,REG-CENTRAL,WXS-CENTRAL-01,22.53,22.45,5.427,57.63,0,36.12,16.36,1013.45,external
2026-07-02T12:00:00Z,REG-CENTRAL,WXS-CENTRAL-01,23.5,23.45,5.762,55.83,0,39.14,16.06,1013.43,external
2026-07-02T13:00:00Z,REG-CENTRAL,WXS-CENTRAL-01,24.03,23.95,5.762,54.86,0,38.75,16.1,1013.37,external
2026-07-02T14:00:00Z,REG-CENTRAL,WXS-CENTRAL-01,24.46,24.29,5.427,54.06,0,36.99,16.39,1013.28,external
2026-07-02T15:00:00Z,REG-CENTRAL,WXS-CENTRAL-01,24.43,24.24,4.777,54.11,0,38.45,15.78,1013.16,external
2026-07-02T16:00:00Z,REG-CENTRAL,WXS-CENTRAL-01,24.34,24.12,3.849,54.28,0,42.06,16.64,1013.03,external
2026-07-02T17:00:00Z,REG-CENTRAL,WXS-CENTRAL-01,23.87,23.68,2.697,55.15,0,41.82,16.27,1012.89,external
2026-07-02T18:00:00Z,REG-CENTRAL,WXS-CENTRAL-01,23.58,23.33,1.389,55.7,0,44.4,17.96,1012.74,external
2026-07-02T19:00:00Z,REG-CENTRAL,WXS-CENTRAL-01,22.75,22.65,0,57.23,0,45.68,15.47,1012.61,external
2026-07-02T20:00:00Z,REG-CENTRAL,WXS-CENTRAL-01,21.97,21.91,0,58.67,0,42.13,15.4,1012.5,external
2026-07-02T21:00:00Z,REG-CENTRAL,WXS-CENTRAL-01,20.88,20.79,0,60.69,0,47.77,17.15,1012.42,external
2026-07-02T22:00:00Z,REG-CENTRAL,WXS-CENTRAL-01,20.03,20.08,0,62.26,0,44.97,14.9,1012.37,external
2026-07-02T23:00:00Z,REG-CENTRAL,WXS-CENTRAL-01,19.19,19.21,0,63.82,0,46.85,16.27,1012.35,external
2026-07-03T00:00:00Z,REG-COASTAL,WXS-COASTAL-01,24.61,24.87,0,73.49,0,32.21,16.45,1014.79,external
2026-07-03T01:00:00Z,REG-COASTAL,WXS-COASTAL-01,24.03,24.24,0,74.56,0,33.17,18.23,1014.93,external
2026-07-03T02:00:00Z,REG-COASTAL,WXS-COASTAL-01,23.69,23.95,0,75.19,0,30.52,17.45,1015.07,external
2026-07-03T03:00:00Z,REG-COASTAL,WXS-COASTAL-01,23.56,23.84,0,75.43,0,34.29,17.14,1015.18,external
2026-07-03T04:00:00Z,REG-COASTAL,WXS-COASTAL-01,23.58,23.86,0,75.39,0,33.19,17.17,1015.27,external
2026-07-03T05:00:00Z,REG-COASTAL,WXS-COASTAL-01,23.87,24.15,0,74.86,0,31.81,16.74,1015.32,external
2026-07-03T06:00:00Z,REG-COASTAL,WXS-COASTAL-01,24.69,24.94,0,73.34,0,34.22,16.58,1015.34,external
2026-07-03T07:00:00Z,REG-COASTAL,WXS-COASTAL-01,25.58,25.75,2.337,71.69,0,30.95,17.62,1015.32,external
2026-07-03T08:00:00Z,REG-COASTAL,WXS-COASTAL-01,26.58,26.74,4.539,69.85,0,30.43,16.66,1015.27,external
2026-07-03T09:00:00Z,REG-COASTAL,WXS-COASTAL-01,27.59,27.63,6.477,67.96,0,29.81,19.23,1015.18,external
2026-07-03T10:00:00Z,REG-COASTAL,WXS-COASTAL-01,28.58,28.89,8.038,66.14,0,26.28,17.07,1015.07,external
2026-07-03T11:00:00Z,REG-COASTAL,WXS-COASTAL-01,29.65,30.06,9.133,64.17,0,28.2,17.29,1014.93,external
2026-07-03T12:00:00Z,REG-COASTAL,WXS-COASTAL-01,30.35,30.83,9.696,62.86,0,25.31,16.92,1014.79,external
2026-07-03T13:00:00Z,REG-COASTAL,WXS-COASTAL-01,31.23,31.65,9.696,61.24,0,23.85,17.3,1014.65,external
2026-07-03T14:00:00Z,REG-COASTAL,WXS-COASTAL-01,31.51,31.82,9.133,60.72,0,26.23,17.66,1014.52,external
2026-07-03T15:00:00Z,REG-COASTAL,WXS-COASTAL-01,31.66,31.87,8.038,60.45,0,30.4,16.2,1014.4,external
2026-07-03T16:00:00Z,REG-COASTAL,WXS-COASTAL-01,31.46,31.47,6.477,60.81,0,20.93,15.79,1014.31,external
2026-07-03T17:00:00Z,REG-COASTAL,WXS-COASTAL-01,31.18,31.18,4.539,61.33,0,28,15.51,1014.26,external
2026-07-03T18:00:00Z,REG-COASTAL,WXS-COASTAL-01,30.47,30.49,2.337,62.65,0,30.51,15.75,1014.24,external
2026-07-03T19:00:00Z,REG-COASTAL,WXS-COASTAL-01,29.7,29.76,0,64.07,0,35.27,15.67,1014.26,external
2026-07-03T20:00:00Z,REG-COASTAL,WXS-COASTAL-01,28.65,28.73,0,66.01,0,28.68,16.38,1014.31,external
2026-07-03T21:00:00Z,REG-COASTAL,WXS-COASTAL-01,27.6,27.81,0,67.95,0,35.79,14.57,1014.4,external
2026-07-03T22:00:00Z,REG-COASTAL,WXS-COASTAL-01,26.44,26.63,0,70.1,0,31.51,16.27,1014.52,external
2026-07-03T23:00:00Z,REG-COASTAL,WXS-COASTAL-01,25.42,25.61,0,71.98,0,30.69,17.24,1014.65,external
2026-07-03T00:00:00Z,REG-SOUTH,WXS-SOUTH-01,25.18,25.21,0,66.08,0,22.63,17.48,1016.06,external
2026-07-03T01:00:00Z,REG-SOUTH,WXS-SOUTH-01,24.69,24.77,0,66.99,0,27.43,16.99,1016.12,external
2026-07-03T02:00:00Z,REG-SOUTH,WXS-SOUTH-01,24.08,24.21,0,68.13,0,22.97,16.33,1016.15,external
2026-07-03T03:00:00Z,REG-SOUTH,WXS-SOUTH-01,23.98,24.11,0,68.32,0,24.84,16.34,1016.14,external
2026-07-03T04:00:00Z,REG-SOUTH,WXS-SOUTH-01,24.19,24.31,0,67.93,0,22.22,16.43,1016.09,external
2026-07-03T05:00:00Z,REG-SOUTH,WXS-SOUTH-01,24.41,24.54,0,67.51,0,23.79,16.06,1016.01,external
2026-07-03T06:00:00Z,REG-SOUTH,WXS-SOUTH-01,25.04,25.21,0,66.35,0,24.47,14.54,1015.9,external
2026-07-03T07:00:00Z,REG-SOUTH,WXS-SOUTH-01,26.05,26.12,2.309,64.49,0,23.1,15.52,1015.77,external
2026-07-03T08:00:00Z,REG-SOUTH,WXS-SOUTH-01,26.89,26.92,4.483,62.93,0,20.92,15.72,1015.63,external
2026-07-03T09:00:00Z,REG-SOUTH,WXS-SOUTH-01,28.06,28.18,6.397,60.75,0,19.94,15.21,1015.48,external
2026-07-03T10:00:00Z,REG-SOUTH,WXS-SOUTH-01,28.91,29.16,7.94,59.19,0,19.85,16.77,1015.35,external
2026-07-03T11:00:00Z,REG-SOUTH,WXS-SOUTH-01,29.94,30.34,9.02,57.29,0,18.56,16.23,1015.23,external
2026-07-03T12:00:00Z,REG-SOUTH,WXS-SOUTH-01,30.78,31.25,9.577,55.73,0,18.99,15.9,1015.14,external
2026-07-03T13:00:00Z,REG-SOUTH,WXS-SOUTH-01,31.54,31.95,9.577,54.33,0,16.28,16.33,1015.08,external
2026-07-03T14:00:00Z,REG-SOUTH,WXS-SOUTH-01,31.89,32.2,9.02,53.68,0,19.18,16.25,1015.05,external
2026-07-03T15:00:00Z,REG-SOUTH,WXS-SOUTH-01,31.94,32.11,7.94,53.58,0,16.47,15.61,1015.06,external
2026-07-03T16:00:00Z,REG-SOUTH,WXS-SOUTH-01,31.81,31.69,6.397,53.82,0,21.74,16.64,1015.11,external
2026-07-03T17:00:00Z,REG-SOUTH,WXS-SOUTH-01,31.41,31.18,4.483,54.57,0,21.21,16.75,1015.19,external
2026-07-03T18:00:00Z,REG-SOUTH,WXS-SOUTH-01,30.87,30.65,2.309,55.56,0,26.19,17.12,1015.3,external
2026-07-03T19:00:00Z,REG-SOUTH,WXS-SOUTH-01,30.1,30.01,0,56.98,0,25.07,15.14,1015.43,external
2026-07-03T20:00:00Z,REG-SOUTH,WXS-SOUTH-01,28.99,28.98,0,59.04,0,23.25,14.35,1015.57,external
2026-07-03T21:00:00Z,REG-SOUTH,WXS-SOUTH-01,28.13,28.1,0,60.62,0,21.2,15.8,1015.72,external
2026-07-03T22:00:00Z,REG-SOUTH,WXS-SOUTH-01,26.9,26.96,0,62.9,0,23.39,15.12,1015.85,external
2026-07-03T23:00:00Z,REG-SOUTH,WXS-SOUTH-01,25.99,26.13,0,64.59,0,24.42,14.31,1015.97,external
2026-07-03T00:00:00Z,REG-DELTA,WXS-DELTA-01,26.51,26.86,0,81.42,0,44.7,18.92,1013.69,external
2026-07-03T01:00:00Z,REG-DELTA,WXS-DELTA-01,26.03,26.48,0,82.31,0,39.46,17.22,1013.61,external
2026-07-03T02:00:00Z,REG-DELTA,WXS-DELTA-01,25.69,26.04,0,82.95,0,41.64,19.74,1013.51,external
2026-07-03T03:00:00Z,REG-DELTA,WXS-DELTA-01,25.58,25.95,0,83.15,0,43.15,19.37,1013.38,external
2026-07-03T04:00:00Z,REG-DELTA,WXS-DELTA-01,25.52,25.95,0,83.26,0,45.06,18.18,1013.24,external
2026-07-03T05:00:00Z,REG-DELTA,WXS-DELTA-01,25.79,26.16,0,82.76,0,44.71,19.3,1013.1,external
2026-07-03T06:00:00Z,REG-DELTA,WXS-DELTA-01,26.63,26.98,0,81.21,0,43.96,18.78,1012.96,external
2026-07-03T07:00:00Z,REG-DELTA,WXS-DELTA-01,27.31,27.72,2.272,79.95,0,41.11,16.67,1012.84,external
2026-07-03T08:00:00Z,REG-DELTA,WXS-DELTA-01,28.09,28.35,4.412,78.5,0,41.89,19.34,1012.74,external
2026-07-03T09:00:00Z,REG-DELTA,WXS-DELTA-01,28.95,29.14,6.296,76.92,0,34.94,19.89,1012.67,external
2026-07-03T10:00:00Z,REG-DELTA,WXS-DELTA-01,29.81,30.05,7.814,75.32,0,34.18,19.18,1012.64,external
2026-07-03T11:00:00Z,REG-DELTA,WXS-DELTA-01,30.72,31.11,8.877,73.64,0,35.54,17.87,1012.65,external
2026-07-03T12:00:00Z,REG-DELTA,WXS-DELTA-01,31.6,32.01,9.425,72.02,0,35.27,17.91,1012.69,external
2026-07-03T13:00:00Z,REG-DELTA,WXS-DELTA-01,32.03,32.45,9.425,71.22,0,35.71,17.17,1012.77,external
2026-07-03T14:00:00Z,REG-DELTA,WXS-DELTA-01,32.26,32.6,8.877,70.78,0,35.94,17.37,1012.87,external
2026-07-03T15:00:00Z,REG-DELTA,WXS-DELTA-01,32.42,32.54,7.814,70.5,0,34.4,19.17,1013,external
2026-07-03T16:00:00Z,REG-DELTA,WXS-DELTA-01,32.27,32.34,6.296,70.76,0,37.94,19.19,1013.14,external
2026-07-03T17:00:00Z,REG-DELTA,WXS-DELTA-01,32.02,32.1,4.412,71.23,0,43.07,19.25,1013.28,external
2026-07-03T18:00:00Z,REG-DELTA,WXS-DELTA-01,31.38,31.63,2.272,72.41,0,42.45,16.21,1013.42,external
2026-07-03T19:00:00Z,REG-DELTA,WXS-DELTA-01,30.63,30.8,0,73.81,0,39.66,18.6,1013.54,external
2026-07-03T20:00:00Z,REG-DELTA,WXS-DELTA-01,30.13,30.37,0,74.73,0,42.93,17.56,1013.64,external
2026-07-03T21:00:00Z,REG-DELTA,WXS-DELTA-01,29.06,29.33,0,76.7,0,42.25,18.08,1013.71,external
2026-07-03T22:00:00Z,REG-DELTA,WXS-DELTA-01,28.17,28.49,0,78.36,0,36.64,17.89,1013.74,external
2026-07-03T23:00:00Z,REG-DELTA,WXS-DELTA-01,27.41,27.77,0,79.76,0,42.64,17.72,1013.73,external
2026-07-03T00:00:00Z,REG-ISLAND,WXS-ISLAND-01,24.55,24.85,0,77.43,0,35.92,17.85,1011.9,external
2026-07-03T01:00:00Z,REG-ISLAND,WXS-ISLAND-01,23.85,24.24,0,78.72,0,37.5,16.68,1011.75,external
2026-07-03T02:00:00Z,REG-ISLAND,WXS-ISLAND-01,23.54,23.93,0,79.29,0,34.1,17.03,1011.61,external
2026-07-03T03:00:00Z,REG-ISLAND,WXS-ISLAND-01,23.53,23.89,0,79.32,0,34.86,17.56,1011.49,external
2026-07-03T04:00:00Z,REG-ISLAND,WXS-ISLAND-01,23.61,23.96,0,79.17,0,37.22,17.66,1011.39,external
2026-07-03T05:00:00Z,REG-ISLAND,WXS-ISLAND-01,24.01,24.45,0,78.43,0,34.87,15.28,1011.31,external
2026-07-03T06:00:00Z,REG-ISLAND,WXS-ISLAND-01,24.31,24.63,0,77.87,0,37.67,17.66,1011.28,external
2026-07-03T07:00:00Z,REG-ISLAND,WXS-ISLAND-01,25.18,25.54,2.302,76.26,0,33.58,15.89,1011.27,external
2026-07-03T08:00:00Z,REG-ISLAND,WXS-ISLAND-01,26.15,26.39,4.47,74.47,0,31.65,17.44,1011.31,external
2026-07-03T09:00:00Z,REG-ISLAND,WXS-ISLAND-01,27.12,27.34,6.378,72.67,0,31.1,16.95,1011.38,external
2026-07-03T10:00:00Z,REG-ISLAND,WXS-ISLAND-01,28.16,28.55,7.916,70.74,0,30.34,16.11,1011.48,external
2026-07-03T11:00:00Z,REG-ISLAND,WXS-ISLAND-01,28.91,29.38,8.993,69.37,0,28,16.88,1011.6,external
2026-07-03T12:00:00Z,REG-ISLAND,WXS-ISLAND-01,29.69,30.21,9.548,67.93,0,25.91,16.62,1011.74,external
2026-07-03T13:00:00Z,REG-ISLAND,WXS-ISLAND-01,30.23,30.75,9.548,66.92,0,27.85,16.06,1011.89,external
2026-07-03T14:00:00Z,REG-ISLAND,WXS-ISLAND-01,30.68,31.12,8.993,66.09,0,32.13,15.79,1012.03,external
2026-07-03T15:00:00Z,REG-ISLAND,WXS-ISLAND-01,30.76,30.97,7.916,65.94,0,28.93,17.44,1012.15,external
2026-07-03T16:00:00Z,REG-ISLAND,WXS-ISLAND-01,30.6,30.56,6.378,66.24,0,32.32,18.99,1012.25,external
2026-07-03T17:00:00Z,REG-ISLAND,WXS-ISLAND-01,30.24,30.33,4.47,66.9,0,34.35,16.58,1012.33,external
2026-07-03T18:00:00Z,REG-ISLAND,WXS-ISLAND-01,29.67,29.81,2.302,67.95,0,31.83,16.14,1012.36,external
2026-07-03T19:00:00Z,REG-ISLAND,WXS-ISLAND-01,28.96,29.1,0,69.27,0,38.14,16.76,1012.37,external
2026-07-03T20:00:00Z,REG-ISLAND,WXS-ISLAND-01,28.18,28.38,0,70.71,0,32.6,16.31,1012.33,external
2026-07-03T21:00:00Z,REG-ISLAND,WXS-ISLAND-01,27.11,27.39,0,72.7,0,37.39,15.58,1012.26,external
2026-07-03T22:00:00Z,REG-ISLAND,WXS-ISLAND-01,26.05,26.32,0,74.66,0,39.23,16.8,1012.16,external
2026-07-03T23:00:00Z,REG-ISLAND,WXS-ISLAND-01,25.3,25.64,0,76.03,0,41.44,16.32,1012.04,external
2026-07-03T00:00:00Z,REG-NORTH,WXS-NORTH-01,14.87,15.2,0,74.11,0,40.65,15.19,1013.66,external
2026-07-03T01:00:00Z,REG-NORTH,WXS-NORTH-01,14.34,14.75,0,75.08,0,43.49,14.13,1013.58,external
2026-07-03T02:00:00Z,REG-NORTH,WXS-NORTH-01,13.83,14.27,0,76.03,0,38.09,13.94,1013.54,external
2026-07-03T03:00:00Z,REG-NORTH,WXS-NORTH-01,13.6,13.96,0,76.46,0,38.93,15.8,1013.53,external
2026-07-03T04:00:00Z,REG-NORTH,WXS-NORTH-01,13.81,14.16,0,76.07,0,39.44,15.93,1013.56,external
2026-07-03T05:00:00Z,REG-NORTH,WXS-NORTH-01,14.12,14.49,0,75.49,0,43.52,15.14,1013.63,external
2026-07-03T06:00:00Z,REG-NORTH,WXS-NORTH-01,14.75,15.15,0,74.34,0,43.73,13.84,1013.72,external
2026-07-03T07:00:00Z,REG-NORTH,WXS-NORTH-01,15.67,15.94,1.114,72.62,0,33.29,15.85,1013.84,external
2026-07-03T08:00:00Z,REG-NORTH,WXS-NORTH-01,16.45,16.73,2.163,71.19,0,35.57,14.63,1013.98,external
2026-07-03T09:00:00Z,REG-NORTH,WXS-NORTH-01,17.6,17.76,3.086,69.06,0,37.94,16.19,1014.12,external
2026-07-03T10:00:00Z,REG-NORTH,WXS-NORTH-01,18.77,18.93,3.83,66.89,0,34.62,15.14,1014.26,external
2026-07-03T11:00:00Z,REG-NORTH,WXS-NORTH-01,19.57,19.82,4.352,65.41,0,29.68,15.08,1014.39,external
2026-07-03T12:00:00Z,REG-NORTH,WXS-NORTH-01,20.31,20.6,4.62,64.04,0,30.1,14.9,1014.5,external
2026-07-03T13:00:00Z,REG-NORTH,WXS-NORTH-01,21.18,21.37,4.62,62.44,0,34.98,15.98,1014.58,external
2026-07-03T14:00:00Z,REG-NORTH,WXS-NORTH-01,21.41,21.5,4.352,62.01,0,32.21,16.6,1014.62,external
2026-07-03T15:00:00Z,REG-NORTH,WXS-NORTH-01,21.48,21.59,3.83,61.87,0,35.91,13.57,1014.63,external
2026-07-03T16:00:00Z,REG-NORTH,WXS-NORTH-01,21.51,21.53,3.086,61.83,0,37.72,15.32,1014.6,external
2026-07-03T17:00:00Z,REG-NORTH,WXS-NORTH-01,21.14,21.24,2.163,62.52,0,34.13,13.83,1014.53,external
2026-07-03T18:00:00Z,REG-NORTH,WXS-NORTH-01,20.34,20.44,1.114,63.98,0,41.34,14.86,1014.44,external
2026-07-03T19:00:00Z,REG-NORTH,WXS-NORTH-01,19.71,19.83,0,65.15,0,42.2,14.92,1014.32,external
2026-07-03T20:00:00Z,REG-NORTH,WXS-NORTH-01,18.68,18.83,0,67.06,0,43.59,15.39,1014.18,external
2026-07-03T21:00:00Z,REG-NORTH,WXS-NORTH-01,17.7,17.95,0,68.88,0,43.22,14.11,1014.04,external
2026-07-03T22:00:00Z,REG-NORTH,WXS-NORTH-01,16.57,16.8,0,70.96,0,41.95,15.82,1013.9,external
2026-07-03T23:00:00Z,REG-NORTH,WXS-NORTH-01,15.48,15.85,0,72.98,0,43.33,13.74,1013.77,external
2026-07-03T00:00:00Z,REG-CENTRAL,WXS-CENTRAL-01,18.36,18.27,0,64.69,0,35.15,19.48,1012.46,external
2026-07-03T01:00:00Z,REG-CENTRAL,WXS-CENTRAL-01,17.67,17.62,0,65.97,0,40.77,19.18,1012.52,external
2026-07-03T02:00:00Z,REG-CENTRAL,WXS-CENTRAL-01,17.54,17.4,0,66.21,0,40.4,21.31,1012.61,external
2026-07-03T03:00:00Z,REG-CENTRAL,WXS-CENTRAL-01,17.23,17.2,0,66.79,0,39.2,19.16,1012.73,external
2026-07-03T04:00:00Z,REG-CENTRAL,WXS-CENTRAL-01,17.4,17.34,0,66.48,0,38.26,19.77,1012.86,external
2026-07-03T05:00:00Z,REG-CENTRAL,WXS-CENTRAL-01,17.81,17.73,0,65.71,0,39.41,19.82,1013,external
2026-07-03T06:00:00Z,REG-CENTRAL,WXS-CENTRAL-01,18.17,18.07,0,65.04,0,38.27,19.94,1013.15,external
2026-07-03T07:00:00Z,REG-CENTRAL,WXS-CENTRAL-01,19.02,18.92,1.43,63.47,0,34.51,19.01,1013.28,external
2026-07-03T08:00:00Z,REG-CENTRAL,WXS-CENTRAL-01,20.17,19.96,2.777,61.35,0,35.67,20.28,1013.39,external
2026-07-03T09:00:00Z,REG-CENTRAL,WXS-CENTRAL-01,21.01,20.8,3.963,59.8,0,36.07,19.21,1013.47,external
2026-07-03T10:00:00Z,REG-CENTRAL,WXS-CENTRAL-01,22.09,21.85,4.918,57.8,0,34.3,19.39,1013.52,external
2026-07-03T11:00:00Z,REG-CENTRAL,WXS-CENTRAL-01,23.08,22.85,5.587,55.97,0,30.62,21.01,1013.54,external
2026-07-03T12:00:00Z,REG-CENTRAL,WXS-CENTRAL-01,23.98,23.82,5.932,54.3,0,25.1,19.92,1013.52,external
2026-07-03T13:00:00Z,REG-CENTRAL,WXS-CENTRAL-01,24.56,24.31,5.932,53.24,0,33.8,21.16,1013.46,external
2026-07-03T14:00:00Z,REG-CENTRAL,WXS-CENTRAL-01,24.82,24.6,5.587,52.75,0,33.27,18.82,1013.37,external
2026-07-03T15:00:00Z,REG-CENTRAL,WXS-CENTRAL-01,24.88,24.48,4.918,52.64,0,40.34,20.01,1013.25,external
2026-07-03T16:00:00Z,REG-CENTRAL,WXS-CENTRAL-01,24.85,24.44,3.963,52.7,0,31.45,19.82,1013.12,external
2026-07-03T17:00:00Z,REG-CENTRAL,WXS-CENTRAL-01,24.54,24.18,2.777,53.27,0,36.48,19.03,1012.98,external
2026-07-03T18:00:00Z,REG-CENTRAL,WXS-CENTRAL-01,23.7,23.4,1.43,54.82,0,34.09,18.66,1012.83,external
2026-07-03T19:00:00Z,REG-CENTRAL,WXS-CENTRAL-01,22.99,22.69,0,56.13,0,40.41,19.41,1012.7,external
2026-07-03T20:00:00Z,REG-CENTRAL,WXS-CENTRAL-01,22.06,21.78,0,57.85,0,41.51,19.93,1012.59,external
2026-07-03T21:00:00Z,REG-CENTRAL,WXS-CENTRAL-01,21.11,20.85,0,59.62,0,39.51,20.19,1012.51,external
2026-07-03T22:00:00Z,REG-CENTRAL,WXS-CENTRAL-01,20.11,19.93,0,61.46,0,39.79,19.6,1012.46,external
2026-07-03T23:00:00Z,REG-CENTRAL,WXS-CENTRAL-01,19.25,19.05,0,63.06,0,36.54,20.88,1012.44,external
2026-07-04T00:00:00Z,REG-COASTAL,WXS-COASTAL-01,24.98,25.2,0,75.58,0,65.04,18.42,1011.52,external
2026-07-04T01:00:00Z,REG-COASTAL,WXS-COASTAL-01,24.64,24.8,0,76.2,0,58.73,20.2,1011.66,external
2026-07-04T02:00:00Z,REG-COASTAL,WXS-COASTAL-01,24.4,24.64,0,76.64,0,61.81,18.83,1011.8,external
2026-07-04T03:00:00Z,REG-COASTAL,WXS-COASTAL-01,24.18,24.42,0,77.05,0,67.19,19.03,1011.91,external
2026-07-04T04:00:00Z,REG-COASTAL,WXS-COASTAL-01,24.2,24.39,0,77.02,0,61.69,19.87,1012,external
2026-07-04T05:00:00Z,REG-COASTAL,WXS-COASTAL-01,24.44,24.69,0,76.57,0,61.3,18.46,1012.05,external
2026-07-04T06:00:00Z,REG-COASTAL,WXS-COASTAL-01,25,25.11,0,75.54,0,64.94,20.84,1012.07,external
2026-07-04T07:00:00Z,REG-COASTAL,WXS-COASTAL-01,25.71,25.86,2.103,74.22,0,61.95,19.29,1012.05,external
2026-07-04T08:00:00Z,REG-COASTAL,WXS-COASTAL-01,26.28,26.36,4.084,73.16,0,57.11,20.3,1012,external
2026-07-04T09:00:00Z,REG-COASTAL,WXS-COASTAL-01,26.9,26.95,5.828,72.01,0,58.43,20.49,1011.91,external
2026-07-04T10:00:00Z,REG-COASTAL,WXS-COASTAL-01,27.7,27.74,7.232,70.54,0,58.99,19.81,1011.8,external
2026-07-04T11:00:00Z,REG-COASTAL,WXS-COASTAL-01,28.59,28.6,8.217,68.9,0,59.8,19.53,1011.66,external
2026-07-04T12:00:00Z,REG-COASTAL,WXS-COASTAL-01,29.03,29.01,8.724,68.07,0,56.35,19.72,1011.52,external
2026-07-04T13:00:00Z,REG-COASTAL,WXS-COASTAL-01,29.49,29.45,8.724,67.23,0,54.14,19.59,1011.38,external
2026-07-04T14:00:00Z,REG-COASTAL,WXS-COASTAL-01,29.88,29.8,8.217,66.52,0,54.85,19.99,1011.25,external
2026-07-04T15:00:00Z,REG-COASTAL,WXS-COASTAL-01,29.78,29.73,7.232,66.7,0,58.1,19.61,1011.13,external
2026-07-04T16:00:00Z,REG-COASTAL,WXS-COASTAL-01,29.79,29.76,5.828,66.68,0,58.15,19.04,1011.04,external
2026-07-04T17:00:00Z,REG-COASTAL,WXS-COASTAL-01,29.32,29.2,4.084,67.54,0,56.17,21.68,1010.99,external
2026-07-04T18:00:00Z,REG-COASTAL,WXS-COASTAL-01,29.12,28.99,2.103,67.91,0,57.57,22.15,1010.97,external
2026-07-04T19:00:00Z,REG-COASTAL,WXS-COASTAL-01,28.33,28.28,0,73.38,1.72,78.79,23.35,1010.99,external
2026-07-04T20:00:00Z,REG-COASTAL,WXS-COASTAL-01,27.83,27.84,0,74.3,1.656,74.94,22.57,1011.04,external
2026-07-04T21:00:00Z,REG-COASTAL,WXS-COASTAL-01,27.01,27,0,75.81,1.697,76.25,23.76,1011.13,external
2026-07-04T22:00:00Z,REG-COASTAL,WXS-COASTAL-01,26.28,26.34,0,77.17,1.668,75.4,22.97,1011.25,external
2026-07-04T23:00:00Z,REG-COASTAL,WXS-COASTAL-01,25.6,25.72,0,74.42,0,60.8,20.11,1011.38,external
2026-07-04T00:00:00Z,REG-SOUTH,WXS-SOUTH-01,25.17,25.2,0,67.02,0,29.85,17.86,1017.52,external
2026-07-04T01:00:00Z,REG-SOUTH,WXS-SOUTH-01,24.32,24.45,0,68.58,0,31.9,16.82,1017.58,external
2026-07-04T02:00:00Z,REG-SOUTH,WXS-SOUTH-01,24.05,24.25,0,69.09,0,26.96,15.42,1017.61,external
2026-07-04T03:00:00Z,REG-SOUTH,WXS-SOUTH-01,23.76,23.85,0,69.63,0,28.25,17.97,1017.6,external
2026-07-04T04:00:00Z,REG-SOUTH,WXS-SOUTH-01,23.91,24.02,0,69.34,0,27,17.7,1017.55,external
2026-07-04T05:00:00Z,REG-SOUTH,WXS-SOUTH-01,24.28,24.36,0,68.65,0,28.92,17.98,1017.47,external
2026-07-04T06:00:00Z,REG-SOUTH,WXS-SOUTH-01,24.97,25.01,0,67.38,0,31.77,17.95,1017.36,external
2026-07-04T07:00:00Z,REG-SOUTH,WXS-SOUTH-01,25.9,25.96,2.303,65.67,0,30.28,16.6,1017.23,external
2026-07-04T08:00:00Z,REG-SOUTH,WXS-SOUTH-01,26.94,26.87,4.472,63.73,0,29.13,18.56,1017.09,external
2026-07-04T09:00:00Z,REG-SOUTH,WXS-SOUTH-01,28.15,28.12,6.381,61.5,0,24.88,17.37,1016.94,external
2026-07-04T10:00:00Z,REG-SOUTH,WXS-SOUTH-01,28.97,29.11,7.92,59.98,0,21.95,18,1016.81,external
2026-07-04T11:00:00Z,REG-SOUTH,WXS-SOUTH-01,30.25,30.47,8.998,57.62,0,23.71,18.41,1016.69,external
2026-07-04T12:00:00Z,REG-SOUTH,WXS-SOUTH-01,30.82,31.11,9.553,56.56,0,22.27,18.27,1016.6,external
2026-07-04T13:00:00Z,REG-SOUTH,WXS-SOUTH-01,31.87,32.14,9.553,54.62,0,22.66,17.58,1016.54,external
2026-07-04T14:00:00Z,REG-SOUTH,WXS-SOUTH-01,32.22,32.42,8.998,53.97,0,22.17,17,1016.51,external
2026-07-04T15:00:00Z,REG-SOUTH,WXS-SOUTH-01,32.22,32.3,7.92,53.97,0,23.12,16.02,1016.52,external
2026-07-04T16:00:00Z,REG-SOUTH,WXS-SOUTH-01,32.05,31.89,6.381,54.28,0,27.05,16.4,1016.57,external
2026-07-04T17:00:00Z,REG-SOUTH,WXS-SOUTH-01,31.79,31.58,4.472,54.77,0,28.93,16.35,1016.65,external
2026-07-04T18:00:00Z,REG-SOUTH,WXS-SOUTH-01,30.92,30.75,2.303,56.38,0,28.78,16.52,1016.76,external
2026-07-04T19:00:00Z,REG-SOUTH,WXS-SOUTH-01,30.11,30,0,57.87,0,33.78,16.14,1016.89,external
2026-07-04T20:00:00Z,REG-SOUTH,WXS-SOUTH-01,29.07,28.94,0,59.8,0,28.87,17.46,1017.03,external
2026-07-04T21:00:00Z,REG-SOUTH,WXS-SOUTH-01,27.95,27.91,0,61.87,0,31.37,16.6,1017.18,external
2026-07-04T22:00:00Z,REG-SOUTH,WXS-SOUTH-01,26.96,26.87,0,63.7,0,23.92,18.73,1017.31,external
2026-07-04T23:00:00Z,REG-SOUTH,WXS-SOUTH-01,25.83,25.79,0,65.79,0,29.84,18.8,1017.43,external
2026-07-04T00:00:00Z,REG-DELTA,WXS-DELTA-01,26.49,26.95,0,80.77,0,46.26,16.09,1011.62,external
2026-07-04T01:00:00Z,REG-DELTA,WXS-DELTA-01,26.03,26.56,0,81.62,0,45.52,15.1,1011.54,external
2026-07-04T02:00:00Z,REG-DELTA,WXS-DELTA-01,25.78,26.25,0,82.08,0,44.32,16.65,1011.44,external
2026-07-04T03:00:00Z,REG-DELTA,WXS-DELTA-01,25.63,26.18,0,82.37,0,45.68,15.05,1011.31,external
2026-07-04T04:00:00Z,REG-DELTA,WXS-DELTA-01,25.54,26.08,0,82.54,0,42.83,15.33,1011.17,external
2026-07-04T05:00:00Z,REG-DELTA,WXS-DELTA-01,25.91,26.39,0,81.86,0,41.9,16.25,1011.03,external
2026-07-04T06:00:00Z,REG-DELTA,WXS-DELTA-01,26.54,26.95,0,80.67,0,45.31,17.21,1010.89,external
2026-07-04T07:00:00Z,REG-DELTA,WXS-DELTA-01,27.15,27.6,2.247,79.55,0,44.08,15.77,1010.77,external
2026-07-04T08:00:00Z,REG-DELTA,WXS-DELTA-01,28.18,28.6,4.363,77.65,0,40.69,15.22,1010.67,external
2026-07-04T09:00:00Z,REG-DELTA,WXS-DELTA-01,29.06,29.39,6.226,76.02,0,41.93,16.43,1010.6,external
2026-07-04T10:00:00Z,REG-DELTA,WXS-DELTA-01,29.93,30.25,7.727,74.42,0,43.04,15.87,1010.57,external
2026-07-04T11:00:00Z,REG-DELTA,WXS-DELTA-01,30.8,31.17,8.778,72.8,0,35.21,16.55,1010.58,external
2026-07-04T12:00:00Z,REG-DELTA,WXS-DELTA-01,31.76,32.16,9.32,71.03,0,37.63,16.24,1010.62,external
2026-07-04T13:00:00Z,REG-DELTA,WXS-DELTA-01,32.08,32.52,9.32,70.44,0,39.45,15.09,1010.7,external
2026-07-04T14:00:00Z,REG-DELTA,WXS-DELTA-01,32.63,32.93,8.778,69.41,0,37.73,16.38,1010.8,external
2026-07-04T15:00:00Z,REG-DELTA,WXS-DELTA-01,32.49,32.64,7.727,69.67,0,39.14,16.9,1010.93,external
2026-07-04T16:00:00Z,REG-DELTA,WXS-DELTA-01,32.4,32.65,6.226,69.84,0,42.4,14.68,1011.07,external
2026-07-04T17:00:00Z,REG-DELTA,WXS-DELTA-01,32.15,32.35,4.363,70.3,0,39.81,16.14,1011.21,external
2026-07-04T18:00:00Z,REG-DELTA,WXS-DELTA-01,31.48,31.71,2.247,71.54,0,45.97,16.19,1011.35,external
2026-07-04T19:00:00Z,REG-DELTA,WXS-DELTA-01,30.74,31.03,0,72.92,0,43.34,15.4,1011.47,external
2026-07-04T20:00:00Z,REG-DELTA,WXS-DELTA-01,30.05,30.37,0,74.18,0,48.25,15.72,1011.57,external
2026-07-04T21:00:00Z,REG-DELTA,WXS-DELTA-01,29.07,29.44,0,76,0,51.14,15.57,1011.64,external
2026-07-04T22:00:00Z,REG-DELTA,WXS-DELTA-01,28.18,28.62,0,77.65,0,42.55,14.88,1011.67,external
2026-07-04T23:00:00Z,REG-DELTA,WXS-DELTA-01,27.36,27.86,0,79.17,0,46.89,14.35,1011.66,external
2026-07-04T00:00:00Z,REG-ISLAND,WXS-ISLAND-01,24.65,24.99,0,77.4,0,35.78,16.87,1011.77,external
2026-07-04T01:00:00Z,REG-ISLAND,WXS-ISLAND-01,23.89,24.35,0,78.81,0,36.23,15.07,1011.62,external
2026-07-04T02:00:00Z,REG-ISLAND,WXS-ISLAND-01,23.62,24.09,0,79.31,0,40.4,14.94,1011.48,external
2026-07-04T03:00:00Z,REG-ISLAND,WXS-ISLAND-01,23.49,23.92,0,79.55,0,35.2,15.98,1011.36,external
2026-07-04T04:00:00Z,REG-ISLAND,WXS-ISLAND-01,23.67,24.24,0,79.21,0,33.85,12.98,1011.26,external
2026-07-04T05:00:00Z,REG-ISLAND,WXS-ISLAND-01,23.85,24.28,0,78.88,0,32.94,15.78,1011.18,external
2026-07-04T06:00:00Z,REG-ISLAND,WXS-ISLAND-01,24.55,24.97,0,77.59,0,34.15,15.21,1011.15,external
2026-07-04T07:00:00Z,REG-ISLAND,WXS-ISLAND-01,25.42,25.77,2.299,75.98,0,33.59,15.72,1011.14,external
2026-07-04T08:00:00Z,REG-ISLAND,WXS-ISLAND-01,26.2,26.54,4.465,74.53,0,34.36,15.49,1011.18,external
2026-07-04T09:00:00Z,REG-ISLAND,WXS-ISLAND-01,27.16,27.41,6.371,72.75,0,28.83,16.43,1011.25,external
2026-07-04T10:00:00Z,REG-ISLAND,WXS-ISLAND-01,28.32,28.73,7.907,70.61,0,32.18,15.78,1011.35,external
2026-07-04T11:00:00Z,REG-ISLAND,WXS-ISLAND-01,29.02,29.51,8.984,69.31,0,28.15,16.69,1011.47,external
2026-07-04T12:00:00Z,REG-ISLAND,WXS-ISLAND-01,29.79,30.38,9.538,67.89,0,25.95,15.33,1011.61,external
2026-07-04T13:00:00Z,REG-ISLAND,WXS-ISLAND-01,30.24,30.8,9.538,67.06,0,28.83,15.52,1011.76,external
2026-07-04T14:00:00Z,REG-ISLAND,WXS-ISLAND-01,30.77,31.26,8.984,66.07,0,29.98,14.85,1011.9,external
2026-07-04T15:00:00Z,REG-ISLAND,WXS-ISLAND-01,30.79,31.1,7.907,66.05,0,25.9,15.3,1012.02,external
2026-07-04T16:00:00Z,REG-ISLAND,WXS-ISLAND-01,30.74,30.86,6.371,66.14,0,31.95,15.48,1012.12,external
2026-07-04T17:00:00Z,REG-ISLAND,WXS-ISLAND-01,30.56,30.7,4.465,66.47,0,30.03,15.3,1012.2,external
2026-07-04T18:00:00Z,REG-ISLAND,WXS-ISLAND-01,29.72,29.84,2.299,68.02,0,29.98,16.65,1012.23,external
2026-07-04T19:00:00Z,REG-ISLAND,WXS-ISLAND-01,28.94,29.13,0,69.46,0,31.74,15.84,1012.24,external
2026-07-04T20:00:00Z,REG-ISLAND,WXS-ISLAND-01,28.01,28.2,0,71.19,0,34.01,16.71,1012.2,external
2026-07-04T21:00:00Z,REG-ISLAND,WXS-ISLAND-01,27.12,27.36,0,72.82,0,35,16.61,1012.13,external
2026-07-04T22:00:00Z,REG-ISLAND,WXS-ISLAND-01,26.15,26.48,0,74.62,0,33.65,15.58,1012.03,external
2026-07-04T23:00:00Z,REG-ISLAND,WXS-ISLAND-01,25.39,25.77,0,76.03,0,33.91,15.17,1011.91,external
2026-07-04T00:00:00Z,REG-NORTH,WXS-NORTH-01,15.38,15.9,0,77.56,0,39.57,13.01,1012.84,external
2026-07-04T01:00:00Z,REG-NORTH,WXS-NORTH-01,14.69,15.13,0,78.85,0,40.71,15.44,1012.76,external
2026-07-04T02:00:00Z,REG-NORTH,WXS-NORTH-01,14.41,14.98,0,79.36,0,40.6,12.8,1012.72,external
2026-07-04T03:00:00Z,REG-NORTH,WXS-NORTH-01,14.2,14.71,0,79.75,0,37.51,14.43,1012.71,external
2026-07-04T04:00:00Z,REG-NORTH,WXS-NORTH-01,14.44,14.99,0,79.3,0,38.61,13.29,1012.74,external
2026-07-04T05:00:00Z,REG-NORTH,WXS-NORTH-01,14.77,15.32,0,78.69,0,37.62,13.03,1012.81,external
2026-07-04T06:00:00Z,REG-NORTH,WXS-NORTH-01,15.33,15.76,0,77.65,0,40.06,15.13,1012.9,external
2026-07-04T07:00:00Z,REG-NORTH,WXS-NORTH-01,16.12,16.51,1.133,76.2,0,36.09,15.02,1013.02,external
2026-07-04T08:00:00Z,REG-NORTH,WXS-NORTH-01,17.02,17.36,2.2,74.53,0,35.71,15.41,1013.16,external
2026-07-04T09:00:00Z,REG-NORTH,WXS-NORTH-01,18.05,18.38,3.139,72.62,0,36.13,14.57,1013.3,external
2026-07-04T10:00:00Z,REG-NORTH,WXS-NORTH-01,18.94,19.33,3.896,70.98,0,38.62,12.48,1013.44,external
2026-07-04T11:00:00Z,REG-NORTH,WXS-NORTH-01,19.86,20.28,4.426,69.27,0,33.2,13.54,1013.57,external
2026-07-04T12:00:00Z,REG-NORTH,WXS-NORTH-01,20.61,20.99,4.699,67.89,0,33.71,15.15,1013.68,external
2026-07-04T13:00:00Z,REG-NORTH,WXS-NORTH-01,21.26,21.71,4.699,66.69,0,35.16,12.79,1013.76,external
2026-07-04T14:00:00Z,REG-NORTH,WXS-NORTH-01,21.56,21.8,4.426,66.12,0,33.07,15.85,1013.8,external
2026-07-04T15:00:00Z,REG-NORTH,WXS-NORTH-01,21.73,21.92,3.896,65.81,0,36.01,14.18,1013.81,external
2026-07-04T16:00:00Z,REG-NORTH,WXS-NORTH-01,21.41,21.58,3.139,66.4,0,37.15,14.64,1013.78,external
2026-07-04T17:00:00Z,REG-NORTH,WXS-NORTH-01,21.27,21.54,2.2,66.67,0,36.85,12.44,1013.71,external
2026-07-04T18:00:00Z,REG-NORTH,WXS-NORTH-01,20.61,20.91,1.133,67.89,0,38.73,12.47,1013.62,external
2026-07-04T19:00:00Z,REG-NORTH,WXS-NORTH-01,19.79,20.12,0,69.41,0,37.47,12.63,1013.5,external
2026-07-04T20:00:00Z,REG-NORTH,WXS-NORTH-01,18.78,19.12,0,71.27,0,41.11,13.5,1013.36,external
2026-07-04T21:00:00Z,REG-NORTH,WXS-NORTH-01,17.89,18.26,0,72.93,0,42.21,13.76,1013.22,external
2026-07-04T22:00:00Z,REG-NORTH,WXS-NORTH-01,16.85,17.26,0,74.83,0,40.78,13.98,1013.08,external
2026-07-04T23:00:00Z,REG-NORTH,WXS-NORTH-01,16.06,16.53,0,76.3,0,41.36,13.58,1012.95,external
2026-07-04T00:00:00Z,REG-CENTRAL,WXS-CENTRAL-01,18.59,18.6,0,67.77,0,41.87,18.77,1013.06,external
2026-07-04T01:00:00Z,REG-CENTRAL,WXS-CENTRAL-01,17.93,17.86,0,68.99,0,36.82,21.17,1013.12,external
2026-07-04T02:00:00Z,REG-CENTRAL,WXS-CENTRAL-01,17.55,17.58,0,69.69,0,40.48,19.49,1013.21,external
2026-07-04T03:00:00Z,REG-CENTRAL,WXS-CENTRAL-01,17.46,17.4,0,69.85,0,42.47,21.76,1013.33,external
2026-07-04T04:00:00Z,REG-CENTRAL,WXS-CENTRAL-01,17.47,17.42,0,69.83,0,35.47,21.4,1013.46,external
2026-07-04T05:00:00Z,REG-CENTRAL,WXS-CENTRAL-01,17.85,17.85,0,69.13,0,38.56,19.81,1013.6,external
2026-07-04T06:00:00Z,REG-CENTRAL,WXS-CENTRAL-01,18.68,18.63,0,67.6,0,36.05,20.06,1013.75,external
2026-07-04T07:00:00Z,REG-CENTRAL,WXS-CENTRAL-01,19.37,19.25,1.442,66.33,0,42.75,20.98,1013.88,external
2026-07-04T08:00:00Z,REG-CENTRAL,WXS-CENTRAL-01,20.46,20.25,2.801,64.31,0,37.98,21.91,1013.99,external
2026-07-04T09:00:00Z,REG-CENTRAL,WXS-CENTRAL-01,21.38,21.18,3.997,62.61,0,32.81,20.56,1014.07,external
2026-07-04T10:00:00Z,REG-CENTRAL,WXS-CENTRAL-01,22.42,22.21,4.96,60.67,0,32.98,19.99,1014.12,external
2026-07-04T11:00:00Z,REG-CENTRAL,WXS-CENTRAL-01,23.24,23.17,5.635,59.17,0,35.16,18.78,1014.14,external
2026-07-04T12:00:00Z,REG-CENTRAL,WXS-CENTRAL-01,24.06,23.99,5.983,57.65,0,32.22,19.44,1014.12,external
2026-07-04T13:00:00Z,REG-CENTRAL,WXS-CENTRAL-01,24.74,24.59,5.983,56.39,0,36.79,20.52,1014.06,external
2026-07-04T14:00:00Z,REG-CENTRAL,WXS-CENTRAL-01,25.11,24.89,5.635,55.71,0,33.26,20.32,1013.97,external
2026-07-04T15:00:00Z,REG-CENTRAL,WXS-CENTRAL-01,25.29,24.84,4.96,55.37,0,30.93,22.44,1013.85,external
2026-07-04T16:00:00Z,REG-CENTRAL,WXS-CENTRAL-01,25.19,24.78,3.997,55.56,0,32.72,21.45,1013.72,external
2026-07-04T17:00:00Z,REG-CENTRAL,WXS-CENTRAL-01,24.81,24.53,2.801,56.25,0,36.86,18.98,1013.58,external
2026-07-04T18:00:00Z,REG-CENTRAL,WXS-CENTRAL-01,24.05,23.65,1.442,57.66,0,36.42,22.37,1013.43,external
2026-07-04T19:00:00Z,REG-CENTRAL,WXS-CENTRAL-01,23.25,22.96,0,59.15,0,42.74,20.64,1013.3,external
2026-07-04T20:00:00Z,REG-CENTRAL,WXS-CENTRAL-01,22.36,22.07,0,60.78,0,39.41,21.75,1013.19,external
2026-07-04T21:00:00Z,REG-CENTRAL,WXS-CENTRAL-01,21.49,21.29,0,62.41,0,33.51,20.39,1013.11,external
2026-07-04T22:00:00Z,REG-CENTRAL,WXS-CENTRAL-01,20.26,20.16,0,64.68,0,42.32,19.6,1013.06,external
2026-07-04T23:00:00Z,REG-CENTRAL,WXS-CENTRAL-01,19.39,19.24,0,66.28,0,36.23,21.6,1013.04,external
2026-07-05T00:00:00Z,REG-COASTAL,WXS-COASTAL-01,24.82,25.29,0,73.65,0,22.79,9.5,1016.51,external
2026-07-05T01:00:00Z,REG-COASTAL,WXS-COASTAL-01,23.95,24.46,0,75.26,0,24.37,10.05,1016.65,external
2026-07-05T02:00:00Z,REG-COASTAL,WXS-COASTAL-01,23.82,24.33,0,75.51,0,29.66,6.94,1016.79,external
2026-07-05T03:00:00Z,REG-COASTAL,WXS-COASTAL-01,23.54,24.07,0,76.02,0,21.19,9.79,1016.9,external
2026-07-05T04:00:00Z,REG-COASTAL,WXS-COASTAL-01,23.56,24.09,0,75.98,0,29.16,10.03,1016.99,external
2026-07-05T05:00:00Z,REG-COASTAL,WXS-COASTAL-01,23.98,24.48,0,75.22,0,25.9,8.3,1017.04,external
2026-07-05T06:00:00Z,REG-COASTAL,WXS-COASTAL-01,24.8,25.27,0,73.69,0,24.87,8.53,1017.06,external
2026-07-05T07:00:00Z,REG-COASTAL,WXS-COASTAL-01,25.74,26.16,2.39,71.95,0,26.17,9.73,1017.04,external
2026-07-05T08:00:00Z,REG-COASTAL,WXS-COASTAL-01,26.57,26.95,4.642,70.42,0,26.08,8.73,1016.99,external
2026-07-05T09:00:00Z,REG-COASTAL,WXS-COASTAL-01,27.84,28.29,6.623,68.06,0,19.16,7.39,1016.9,external
2026-07-05T10:00:00Z,REG-COASTAL,WXS-COASTAL-01,28.7,29.36,8.22,66.47,0,21.62,9.5,1016.79,external
2026-07-05T11:00:00Z,REG-COASTAL,WXS-COASTAL-01,29.82,30.6,9.339,64.41,0,18.93,9.57,1016.65,external
2026-07-05T12:00:00Z,REG-COASTAL,WXS-COASTAL-01,30.59,31.43,9.915,62.98,0,21.8,8.38,1016.51,external
2026-07-05T13:00:00Z,REG-COASTAL,WXS-COASTAL-01,31.46,32.25,9.915,61.38,0,16.43,7.98,1016.37,external
2026-07-05T14:00:00Z,REG-COASTAL,WXS-COASTAL-01,31.64,32.34,9.339,61.03,0,18.97,8.66,1016.24,external
2026-07-05T15:00:00Z,REG-COASTAL,WXS-COASTAL-01,31.99,32.49,8.22,60.39,0,21.1,9.24,1016.12,external
2026-07-05T16:00:00Z,REG-COASTAL,WXS-COASTAL-01,31.86,32.12,6.623,60.63,0,21.55,9.32,1016.03,external
2026-07-05T17:00:00Z,REG-COASTAL,WXS-COASTAL-01,31.47,31.63,4.642,61.36,0,18.24,9.57,1015.98,external
2026-07-05T18:00:00Z,REG-COASTAL,WXS-COASTAL-01,30.66,30.85,2.39,62.86,0,23.89,9.84,1015.96,external
2026-07-05T19:00:00Z,REG-COASTAL,WXS-COASTAL-01,29.62,29.86,0,64.78,0,22.91,10.88,1015.98,external
2026-07-05T20:00:00Z,REG-COASTAL,WXS-COASTAL-01,28.8,29.08,0,66.29,0,24.98,9.75,1016.03,external
2026-07-05T21:00:00Z,REG-COASTAL,WXS-COASTAL-01,27.67,28,0,68.39,0,24.85,9.68,1016.12,external
2026-07-05T22:00:00Z,REG-COASTAL,WXS-COASTAL-01,26.71,27.09,0,70.17,0,28.59,9.66,1016.24,external
2026-07-05T23:00:00Z,REG-COASTAL,WXS-COASTAL-01,25.68,26.11,0,72.07,0,25.23,10.11,1016.37,external
2026-07-05T00:00:00Z,REG-SOUTH,WXS-SOUTH-01,24.78,24.77,0,65.95,0,29.84,18.3,1015.04,external
2026-07-05T01:00:00Z,REG-SOUTH,WXS-SOUTH-01,24.13,24.11,0,67.16,0,25.43,19.14,1015.1,external
2026-07-05T02:00:00Z,REG-SOUTH,WXS-SOUTH-01,23.74,23.88,0,67.88,0,29.14,15.98,1015.13,external
2026-07-05T03:00:00Z,REG-SOUTH,WXS-SOUTH-01,23.66,23.77,0,68.03,0,24.69,16.86,1015.12,external
2026-07-05T04:00:00Z,REG-SOUTH,WXS-SOUTH-01,23.61,23.64,0,68.12,0,26.82,18.72,1015.07,external
2026-07-05T05:00:00Z,REG-SOUTH,WXS-SOUTH-01,24.15,24.17,0,67.12,0,24.54,18.31,1014.99,external
2026-07-05T06:00:00Z,REG-SOUTH,WXS-SOUTH-01,24.83,24.88,0,65.86,0,28.78,16.94,1014.88,external
2026-07-05T07:00:00Z,REG-SOUTH,WXS-SOUTH-01,25.69,25.6,2.313,64.26,0,26.57,19.16,1014.75,external
2026-07-05T08:00:00Z,REG-SOUTH,WXS-SOUTH-01,26.64,26.52,4.491,62.5,0,20.28,18.98,1014.61,external
2026-07-05T09:00:00Z,REG-SOUTH,WXS-SOUTH-01,27.66,27.61,6.408,60.63,0,24.58,17.85,1014.46,external
2026-07-05T10:00:00Z,REG-SOUTH,WXS-SOUTH-01,28.8,28.93,7.953,58.51,0,21.97,18.18,1014.33,external
2026-07-05T11:00:00Z,REG-SOUTH,WXS-SOUTH-01,29.86,30.12,9.035,56.56,0,24.93,17.7,1014.21,external
2026-07-05T12:00:00Z,REG-SOUTH,WXS-SOUTH-01,30.58,30.89,9.593,55.22,0,21.56,17.84,1014.12,external
2026-07-05T13:00:00Z,REG-SOUTH,WXS-SOUTH-01,31.42,31.66,9.593,53.66,0,18.37,18.53,1014.06,external
2026-07-05T14:00:00Z,REG-SOUTH,WXS-SOUTH-01,31.72,31.83,9.035,53.11,0,23.49,19.37,1014.03,external
2026-07-05T15:00:00Z,REG-SOUTH,WXS-SOUTH-01,31.96,31.92,7.953,52.67,0,22.64,18.61,1014.04,external
2026-07-05T16:00:00Z,REG-SOUTH,WXS-SOUTH-01,31.74,31.5,6.408,53.08,0,24.01,18.06,1014.09,external
2026-07-05T17:00:00Z,REG-SOUTH,WXS-SOUTH-01,31.33,31.08,4.491,53.84,0,24.07,16.85,1014.17,external
2026-07-05T18:00:00Z,REG-SOUTH,WXS-SOUTH-01,30.78,30.5,2.313,54.85,0,26.16,18.05,1014.28,external
2026-07-05T19:00:00Z,REG-SOUTH,WXS-SOUTH-01,29.9,29.65,0,56.48,0,30.06,18.45,1014.41,external
2026-07-05T20:00:00Z,REG-SOUTH,WXS-SOUTH-01,28.89,28.72,0,58.35,0,24.36,17.69,1014.55,external
2026-07-05T21:00:00Z,REG-SOUTH,WXS-SOUTH-01,27.87,27.75,0,60.23,0,25.9,17.62,1014.7,external
2026-07-05T22:00:00Z,REG-SOUTH,WXS-SOUTH-01,26.66,26.6,0,62.48,0,26.52,17.49,1014.83,external
2026-07-05T23:00:00Z,REG-SOUTH,WXS-SOUTH-01,25.82,25.83,0,64.03,0,30.33,16.74,1014.95,external
2026-07-05T00:00:00Z,REG-DELTA,WXS-DELTA-01,26.4,27.01,0,83.15,0,35.49,14.07,1011.96,external
2026-07-05T01:00:00Z,REG-DELTA,WXS-DELTA-01,25.75,26.27,0,84.35,0,40.38,16.59,1011.88,external
2026-07-05T02:00:00Z,REG-DELTA,WXS-DELTA-01,25.53,26.19,0,84.76,0,36.11,13.72,1011.78,external
2026-07-05T03:00:00Z,REG-DELTA,WXS-DELTA-01,25.39,25.95,0,85.01,0,33.06,16.28,1011.65,external
2026-07-05T04:00:00Z,REG-DELTA,WXS-DELTA-01,25.64,26.23,0,84.55,0,39.94,15.22,1011.51,external
2026-07-05T05:00:00Z,REG-DELTA,WXS-DELTA-01,25.93,26.53,0,84.01,0,38.35,14.79,1011.37,external
2026-07-05T06:00:00Z,REG-DELTA,WXS-DELTA-01,26.51,26.98,0,82.93,0,29.01,17.11,1011.23,external
2026-07-05T07:00:00Z,REG-DELTA,WXS-DELTA-01,27.06,27.61,2.314,81.92,0,34.65,14.8,1011.11,external
2026-07-05T08:00:00Z,REG-DELTA,WXS-DELTA-01,27.97,28.42,4.494,80.24,0,33.62,15.95,1011.01,external
2026-07-05T09:00:00Z,REG-DELTA,WXS-DELTA-01,28.99,29.47,6.412,78.34,0,31.73,14.41,1010.94,external
2026-07-05T10:00:00Z,REG-DELTA,WXS-DELTA-01,29.76,30.35,7.958,76.93,0,32.4,14.38,1010.91,external
2026-07-05T11:00:00Z,REG-DELTA,WXS-DELTA-01,30.63,31.24,9.041,75.33,0,28.38,16.31,1010.92,external
2026-07-05T12:00:00Z,REG-DELTA,WXS-DELTA-01,31.36,32.09,9.599,73.98,0,27.31,14.51,1010.96,external
2026-07-05T13:00:00Z,REG-DELTA,WXS-DELTA-01,31.95,32.65,9.599,72.87,0,24.75,14.76,1011.04,external
2026-07-05T14:00:00Z,REG-DELTA,WXS-DELTA-01,32.37,32.93,9.041,72.09,0,26.65,15.63,1011.14,external
2026-07-05T15:00:00Z,REG-DELTA,WXS-DELTA-01,32.35,32.71,7.958,72.14,0,33.57,16.81,1011.27,external
2026-07-05T16:00:00Z,REG-DELTA,WXS-DELTA-01,32.24,32.59,6.412,72.34,0,31.29,13.87,1011.41,external
2026-07-05T17:00:00Z,REG-DELTA,WXS-DELTA-01,31.84,32.28,4.494,73.08,0,31.42,12.27,1011.55,external
2026-07-05T18:00:00Z,REG-DELTA,WXS-DELTA-01,31.35,31.68,2.314,73.99,0,38.19,15.13,1011.69,external
2026-07-05T19:00:00Z,REG-DELTA,WXS-DELTA-01,30.69,31,0,75.21,0,35.51,16.21,1011.81,external
2026-07-05T20:00:00Z,REG-DELTA,WXS-DELTA-01,29.94,30.35,0,76.6,0,33.74,14.9,1011.91,external
2026-07-05T21:00:00Z,REG-DELTA,WXS-DELTA-01,29,29.43,0,78.33,0,36.27,15.48,1011.98,external
2026-07-05T22:00:00Z,REG-DELTA,WXS-DELTA-01,28.07,28.54,0,80.06,0,38.53,15.37,1012.01,external
2026-07-05T23:00:00Z,REG-DELTA,WXS-DELTA-01,27.12,27.7,0,81.81,0,41.26,14.16,1012,external
2026-07-05T00:00:00Z,REG-ISLAND,WXS-ISLAND-01,24.59,24.95,0,76.95,0,32.41,16.33,1009.98,external
2026-07-05T01:00:00Z,REG-ISLAND,WXS-ISLAND-01,23.97,24.33,0,78.1,0,31.54,16.97,1009.83,external
2026-07-05T02:00:00Z,REG-ISLAND,WXS-ISLAND-01,23.48,24,0,79.01,0,35.08,13.69,1009.69,external
2026-07-05T03:00:00Z,REG-ISLAND,WXS-ISLAND-01,23.49,23.9,0,78.99,0,32.15,16.2,1009.57,external
2026-07-05T04:00:00Z,REG-ISLAND,WXS-ISLAND-01,23.59,24.01,0,78.81,0,33.59,15.81,1009.47,external
2026-07-05T05:00:00Z,REG-ISLAND,WXS-ISLAND-01,24.01,24.48,0,78.03,0,34.88,14.3,1009.39,external
2026-07-05T06:00:00Z,REG-ISLAND,WXS-ISLAND-01,24.53,24.83,0,77.08,0,32.5,17.45,1009.36,external
2026-07-05T07:00:00Z,REG-ISLAND,WXS-ISLAND-01,25.3,25.66,2.329,75.64,0,33.29,15.57,1009.35,external
2026-07-05T08:00:00Z,REG-ISLAND,WXS-ISLAND-01,26.26,26.57,4.524,73.87,0,30.39,15.51,1009.39,external
2026-07-05T09:00:00Z,REG-ISLAND,WXS-ISLAND-01,27.46,27.7,6.455,71.65,0,26.5,15.88,1009.46,external
2026-07-05T10:00:00Z,REG-ISLAND,WXS-ISLAND-01,28.46,28.85,8.011,69.8,0,25.56,16.25,1009.56,external
2026-07-05T11:00:00Z,REG-ISLAND,WXS-ISLAND-01,29.4,29.95,9.101,68.05,0,31.03,15.28,1009.68,external
2026-07-05T12:00:00Z,REG-ISLAND,WXS-ISLAND-01,30.27,30.81,9.663,66.44,0,26.08,16.41,1009.82,external
2026-07-05T13:00:00Z,REG-ISLAND,WXS-ISLAND-01,30.86,31.4,9.663,65.36,0,26.85,15.72,1009.97,external
2026-07-05T14:00:00Z,REG-ISLAND,WXS-ISLAND-01,31.35,31.86,9.101,64.45,0,29.97,14,1010.11,external
2026-07-05T15:00:00Z,REG-ISLAND,WXS-ISLAND-01,31.33,31.65,8.011,64.48,0,27.04,15.07,1010.23,external
2026-07-05T16:00:00Z,REG-ISLAND,WXS-ISLAND-01,31.31,31.39,6.455,64.52,0,27.49,15.62,1010.33,external
2026-07-05T17:00:00Z,REG-ISLAND,WXS-ISLAND-01,30.82,30.85,4.524,65.43,0,30.37,17.19,1010.41,external
2026-07-05T18:00:00Z,REG-ISLAND,WXS-ISLAND-01,30.18,30.32,2.329,66.62,0,33.75,15.41,1010.44,external
2026-07-05T19:00:00Z,REG-ISLAND,WXS-ISLAND-01,29.45,29.67,0,67.96,0,34.76,14.33,1010.45,external
2026-07-05T20:00:00Z,REG-ISLAND,WXS-ISLAND-01,28.51,28.62,0,69.71,0,31.16,17.78,1010.41,external
2026-07-05T21:00:00Z,REG-ISLAND,WXS-ISLAND-01,27.32,27.62,0,71.91,0,31.57,14.76,1010.34,external
2026-07-05T22:00:00Z,REG-ISLAND,WXS-ISLAND-01,26.33,26.59,0,73.74,0,30.93,16.66,1010.24,external
2026-07-05T23:00:00Z,REG-ISLAND,WXS-ISLAND-01,25.57,25.89,0,75.14,0,31.46,16.01,1010.12,external
2026-07-05T00:00:00Z,REG-NORTH,WXS-NORTH-01,15.55,15.93,0,75.99,0,46.74,15.32,1015,external
2026-07-05T01:00:00Z,REG-NORTH,WXS-NORTH-01,14.96,15.37,0,77.09,0,47.16,15.11,1014.92,external
2026-07-05T02:00:00Z,REG-NORTH,WXS-NORTH-01,14.6,15.05,0,77.75,0,44.77,14.54,1014.88,external
2026-07-05T03:00:00Z,REG-NORTH,WXS-NORTH-01,14.49,14.93,0,77.95,0,49.84,15.03,1014.87,external
2026-07-05T04:00:00Z,REG-NORTH,WXS-NORTH-01,14.56,15.04,0,77.82,0,46.41,14.02,1014.9,external
2026-07-05T05:00:00Z,REG-NORTH,WXS-NORTH-01,14.91,15.42,0,77.17,0,45.86,13.1,1014.97,external
2026-07-05T06:00:00Z,REG-NORTH,WXS-NORTH-01,15.46,15.95,0,76.16,0,47.76,13.01,1015.06,external
2026-07-05T07:00:00Z,REG-NORTH,WXS-NORTH-01,16.14,16.48,1.12,74.91,0,46.72,15.46,1015.18,external
2026-07-05T08:00:00Z,REG-NORTH,WXS-NORTH-01,17.2,17.48,2.174,72.95,0,44.52,15.55,1015.32,external
2026-07-05T09:00:00Z,REG-NORTH,WXS-NORTH-01,18.09,18.36,3.103,71.29,0,41.73,15.15,1015.46,external
2026-07-05T10:00:00Z,REG-NORTH,WXS-NORTH-01,19.02,19.28,3.851,69.58,0,42.04,14.31,1015.6,external
2026-07-05T11:00:00Z,REG-NORTH,WXS-NORTH-01,19.93,20.26,4.375,67.88,0,39.32,12.14,1015.73,external
2026-07-05T12:00:00Z,REG-NORTH,WXS-NORTH-01,20.58,20.84,4.645,66.69,0,44.85,14.18,1015.84,external
2026-07-05T13:00:00Z,REG-NORTH,WXS-NORTH-01,21.16,21.33,4.645,65.61,0,43.88,15.62,1015.92,external
2026-07-05T14:00:00Z,REG-NORTH,WXS-NORTH-01,21.53,21.66,4.375,64.93,0,40.56,14.88,1015.96,external
2026-07-05T15:00:00Z,REG-NORTH,WXS-NORTH-01,21.69,21.85,3.851,64.64,0,41.89,13.84,1015.97,external
2026-07-05T16:00:00Z,REG-NORTH,WXS-NORTH-01,21.49,21.57,3.103,65,0,43.9,15.78,1015.94,external
2026-07-05T17:00:00Z,REG-NORTH,WXS-NORTH-01,21.19,21.42,2.174,65.56,0,41.75,12.7,1015.87,external
2026-07-05T18:00:00Z,REG-NORTH,WXS-NORTH-01,20.61,20.82,1.12,66.63,0,44.93,13.8,1015.78,external
2026-07-05T19:00:00Z,REG-NORTH,WXS-NORTH-01,19.87,20.12,0,67.99,0,45.8,13.8,1015.66,external
2026-07-05T20:00:00Z,REG-NORTH,WXS-NORTH-01,18.98,19.2,0,69.64,0,50.05,15.36,1015.52,external
2026-07-05T21:00:00Z,REG-NORTH,WXS-NORTH-01,18,18.33,0,71.46,0,46.72,13.88,1015.38,external
2026-07-05T22:00:00Z,REG-NORTH,WXS-NORTH-01,17.24,17.62,0,72.86,0,45.8,13.5,1015.24,external
2026-07-05T23:00:00Z,REG-NORTH,WXS-NORTH-01,16.16,16.52,0,74.86,0,41.17,15.08,1015.11,external
2026-07-05T00:00:00Z,REG-CENTRAL,WXS-CENTRAL-01,19.23,19.29,0,68.81,0,41.54,18.26,1014.7,external
2026-07-05T01:00:00Z,REG-CENTRAL,WXS-CENTRAL-01,18.65,18.81,0,69.89,0,41.15,16.54,1014.76,external
2026-07-05T02:00:00Z,REG-CENTRAL,WXS-CENTRAL-01,18.08,18.26,0,70.93,0,41.56,16.92,1014.85,external
2026-07-05T03:00:00Z,REG-CENTRAL,WXS-CENTRAL-01,18.17,18.25,0,70.77,0,40.42,18.86,1014.97,external
2026-07-05T04:00:00Z,REG-CENTRAL,WXS-CENTRAL-01,18.28,18.54,0,70.57,0,39.98,14.72,1015.1,external
2026-07-05T05:00:00Z,REG-CENTRAL,WXS-CENTRAL-01,18.49,18.66,0,70.18,0,40.33,16.61,1015.24,external
2026-07-05T06:00:00Z,REG-CENTRAL,WXS-CENTRAL-01,19.16,19.19,0,68.94,0,41.99,19.19,1015.39,external
2026-07-05T07:00:00Z,REG-CENTRAL,WXS-CENTRAL-01,19.91,20.02,1.448,67.55,0,42.15,16.51,1015.52,external
2026-07-05T08:00:00Z,REG-CENTRAL,WXS-CENTRAL-01,20.8,20.81,2.812,65.91,0,36.4,17.88,1015.63,external
2026-07-05T09:00:00Z,REG-CENTRAL,WXS-CENTRAL-01,21.71,21.7,4.012,64.22,0,36.03,17.35,1015.71,external
2026-07-05T10:00:00Z,REG-CENTRAL,WXS-CENTRAL-01,22.5,22.39,4.979,62.77,0,35.77,18.75,1015.76,external
2026-07-05T11:00:00Z,REG-CENTRAL,WXS-CENTRAL-01,23.4,23.39,5.657,61.09,0,32.32,17.94,1015.78,external
2026-07-05T12:00:00Z,REG-CENTRAL,WXS-CENTRAL-01,24.43,24.44,6.006,59.2,0,34.98,17.63,1015.76,external
2026-07-05T13:00:00Z,REG-CENTRAL,WXS-CENTRAL-01,24.8,24.84,6.006,58.5,0,32.6,16.74,1015.7,external
2026-07-05T14:00:00Z,REG-CENTRAL,WXS-CENTRAL-01,25.2,25.15,5.657,57.76,0,34.12,16.81,1015.61,external
2026-07-05T15:00:00Z,REG-CENTRAL,WXS-CENTRAL-01,25.31,25.07,4.979,57.56,0,34.1,18.8,1015.49,external
2026-07-05T16:00:00Z,REG-CENTRAL,WXS-CENTRAL-01,25.2,24.98,4.012,57.76,0,39.81,18.32,1015.36,external
2026-07-05T17:00:00Z,REG-CENTRAL,WXS-CENTRAL-01,24.82,24.71,2.812,58.46,0,37.65,16.5,1015.22,external
2026-07-05T18:00:00Z,REG-CENTRAL,WXS-CENTRAL-01,24.15,24.04,1.448,59.7,0,37.05,17.23,1015.07,external
2026-07-05T19:00:00Z,REG-CENTRAL,WXS-CENTRAL-01,23.42,23.36,0,61.06,0,42.18,16.64,1014.94,external
2026-07-05T20:00:00Z,REG-CENTRAL,WXS-CENTRAL-01,22.7,22.66,0,62.39,0,37.32,16.97,1014.83,external
2026-07-05T21:00:00Z,REG-CENTRAL,WXS-CENTRAL-01,21.72,21.62,0,64.19,0,44.01,19.39,1014.75,external
2026-07-05T22:00:00Z,REG-CENTRAL,WXS-CENTRAL-01,20.66,20.73,0,66.17,0,42.71,16.54,1014.7,external
2026-07-05T23:00:00Z,REG-CENTRAL,WXS-CENTRAL-01,20.01,20.04,0,67.37,0,39.57,18.08,1014.68,external
2026-07-06T00:00:00Z,REG-COASTAL,WXS-COASTAL-01,24.57,24.94,0,75.16,0,28.57,14.88,1017.27,external
2026-07-06T01:00:00Z,REG-COASTAL,WXS-COASTAL-01,24.04,24.43,0,76.14,0,30.86,15.04,1017.41,external
2026-07-06T02:00:00Z,REG-COASTAL,WXS-COASTAL-01,23.56,23.95,0,77.03,0,32.51,15.68,1017.55,external
2026-07-06T03:00:00Z,REG-COASTAL,WXS-COASTAL-01,23.37,23.76,0,77.38,0,28.78,15.87,1017.66,external
2026-07-06T04:00:00Z,REG-COASTAL,WXS-COASTAL-01,23.54,23.98,0,77.07,0,31.48,14.44,1017.75,external
2026-07-06T05:00:00Z,REG-COASTAL,WXS-COASTAL-01,24.03,24.41,0,76.15,0,31.11,15.38,1017.8,external
2026-07-06T06:00:00Z,REG-COASTAL,WXS-COASTAL-01,24.61,24.89,0,75.09,0,27.99,16.94,1017.82,external
2026-07-06T07:00:00Z,REG-COASTAL,WXS-COASTAL-01,25.44,25.77,2.376,73.55,0,25.04,14.99,1017.8,external
2026-07-06T08:00:00Z,REG-COASTAL,WXS-COASTAL-01,26.45,26.73,4.613,71.69,0,26.09,14.9,1017.75,external
2026-07-06T09:00:00Z,REG-COASTAL,WXS-COASTAL-01,27.52,27.79,6.582,69.7,0,25.13,15.53,1017.66,external
2026-07-06T10:00:00Z,REG-COASTAL,WXS-COASTAL-01,28.43,28.96,8.169,68.02,0,26.44,13.91,1017.55,external
2026-07-06T11:00:00Z,REG-COASTAL,WXS-COASTAL-01,29.44,30.05,9.281,66.16,0,25.61,14.6,1017.41,external
2026-07-06T12:00:00Z,REG-COASTAL,WXS-COASTAL-01,30.3,30.93,9.854,64.56,0,22.58,15.33,1017.27,external
2026-07-06T13:00:00Z,REG-COASTAL,WXS-COASTAL-01,30.83,31.4,9.854,63.58,0,25.31,16.12,1017.13,external
2026-07-06T14:00:00Z,REG-COASTAL,WXS-COASTAL-01,31.22,31.77,9.281,62.86,0,26.25,14.41,1017,external
2026-07-06T15:00:00Z,REG-COASTAL,WXS-COASTAL-01,31.55,31.92,8.169,62.25,0,27.94,14.37,1016.88,external
2026-07-06T16:00:00Z,REG-COASTAL,WXS-COASTAL-01,31.32,31.49,6.582,62.66,0,28.49,13.97,1016.79,external
2026-07-06T17:00:00Z,REG-COASTAL,WXS-COASTAL-01,30.89,31.01,4.613,63.47,0,26.13,13.95,1016.74,external
2026-07-06T18:00:00Z,REG-COASTAL,WXS-COASTAL-01,30.18,30.28,2.376,64.78,0,26.53,15.25,1016.72,external
2026-07-06T19:00:00Z,REG-COASTAL,WXS-COASTAL-01,29.41,29.59,0,66.2,0,30.54,14.22,1016.74,external
2026-07-06T20:00:00Z,REG-COASTAL,WXS-COASTAL-01,28.43,28.7,0,68.02,0,27.65,13.29,1016.79,external
2026-07-06T21:00:00Z,REG-COASTAL,WXS-COASTAL-01,27.45,27.67,0,69.84,0,30.11,15.4,1016.88,external
2026-07-06T22:00:00Z,REG-COASTAL,WXS-COASTAL-01,26.32,26.66,0,71.92,0,29.83,13.95,1017,external
2026-07-06T23:00:00Z,REG-COASTAL,WXS-COASTAL-01,25.41,25.81,0,73.61,0,26.36,13.36,1017.13,external
2026-07-06T00:00:00Z,REG-SOUTH,WXS-SOUTH-01,24.59,24.75,0,66.61,0,26.12,14.78,1015.97,external
2026-07-06T01:00:00Z,REG-SOUTH,WXS-SOUTH-01,23.83,23.95,0,68,0,29.96,16.57,1016.03,external
2026-07-06T02:00:00Z,REG-SOUTH,WXS-SOUTH-01,23.55,23.77,0,68.53,0,27.48,14.58,1016.06,external
2026-07-06T03:00:00Z,REG-SOUTH,WXS-SOUTH-01,23.2,23.39,0,69.18,0,27.54,15.62,1016.05,external
2026-07-06T04:00:00Z,REG-SOUTH,WXS-SOUTH-01,23.58,23.73,0,68.47,0,28.62,15.98,1016,external
2026-07-06T05:00:00Z,REG-SOUTH,WXS-SOUTH-01,23.88,24.11,0,67.92,0,28.61,13.9,1015.92,external
2026-07-06T06:00:00Z,REG-SOUTH,WXS-SOUTH-01,24.36,24.54,0,67.03,0,24.43,14.68,1015.81,external
2026-07-06T07:00:00Z,REG-SOUTH,WXS-SOUTH-01,25.46,25.57,2.317,64.99,0,24.83,15.17,1015.68,external
2026-07-06T08:00:00Z,REG-SOUTH,WXS-SOUTH-01,26.62,26.69,4.5,62.85,0,28.85,14.67,1015.54,external
2026-07-06T09:00:00Z,REG-SOUTH,WXS-SOUTH-01,27.75,27.87,6.421,60.75,0,26.12,14.19,1015.39,external
2026-07-06T10:00:00Z,REG-SOUTH,WXS-SOUTH-01,28.72,29.03,7.969,58.96,0,21.21,14.36,1015.26,external
2026-07-06T11:00:00Z,REG-SOUTH,WXS-SOUTH-01,29.81,30.18,9.053,56.94,0,19.14,15.52,1015.14,external
2026-07-06T12:00:00Z,REG-SOUTH,WXS-SOUTH-01,30.69,31.1,9.612,55.31,0,17.14,15.63,1015.05,external
2026-07-06T13:00:00Z,REG-SOUTH,WXS-SOUTH-01,31.36,31.74,9.612,54.08,0,21.2,15.65,1014.99,external
2026-07-06T14:00:00Z,REG-SOUTH,WXS-SOUTH-01,31.82,32.05,9.053,53.22,0,20.08,16.58,1014.96,external
2026-07-06T15:00:00Z,REG-SOUTH,WXS-SOUTH-01,31.99,32.14,7.969,52.91,0,19.52,14.48,1014.97,external
2026-07-06T16:00:00Z,REG-SOUTH,WXS-SOUTH-01,31.88,31.81,6.421,53.11,0,23.66,14.28,1015.02,external
2026-07-06T17:00:00Z,REG-SOUTH,WXS-SOUTH-01,31.61,31.42,4.5,53.62,0,25.95,15.3,1015.1,external
2026-07-06T18:00:00Z,REG-SOUTH,WXS-SOUTH-01,30.8,30.65,2.317,55.12,0,26.54,15.33,1015.21,external
2026-07-06T19:00:00Z,REG-SOUTH,WXS-SOUTH-01,30.04,29.95,0,56.52,0,21.59,14.91,1015.34,external
2026-07-06T20:00:00Z,REG-SOUTH,WXS-SOUTH-01,28.72,28.68,0,58.96,0,31.24,15.07,1015.48,external
2026-07-06T21:00:00Z,REG-SOUTH,WXS-SOUTH-01,27.66,27.68,0,60.91,0,26.77,15.03,1015.63,external
2026-07-06T22:00:00Z,REG-SOUTH,WXS-SOUTH-01,26.59,26.67,0,62.9,0,30.59,14.58,1015.76,external
2026-07-06T23:00:00Z,REG-SOUTH,WXS-SOUTH-01,25.6,25.71,0,64.74,0,29.65,14.87,1015.88,external
2026-07-06T00:00:00Z,REG-DELTA,WXS-DELTA-01,26.82,27.05,0,83.69,0,70.7,22.78,1007.86,external
2026-07-06T01:00:00Z,REG-DELTA,WXS-DELTA-01,26.52,26.81,0,84.24,0,71.48,21.85,1007.78,external
2026-07-06T02:00:00Z,REG-DELTA,WXS-DELTA-01,26.21,26.5,0,84.82,0,71.47,22.1,1007.68,external
2026-07-06T03:00:00Z,REG-DELTA,WXS-DELTA-01,26.14,26.5,0,84.95,0,69.59,20.51,1007.55,external
2026-07-06T04:00:00Z,REG-DELTA,WXS-DELTA-01,26.09,26.39,0,85.04,0,72.41,22,1007.41,external
2026-07-06T05:00:00Z,REG-DELTA,WXS-DELTA-01,26.43,26.69,0,84.41,0,66.54,22.58,1007.27,external
2026-07-06T06:00:00Z,REG-DELTA,WXS-DELTA-01,26.71,26.97,0,83.89,0,71.67,22.25,1007.13,external
2026-07-06T07:00:00Z,REG-DELTA,WXS-DELTA-01,27.36,27.59,2.063,82.69,0,67.16,22.28,1007.01,external
2026-07-06T08:00:00Z,REG-DELTA,WXS-DELTA-01,28.08,28.31,4.007,81.35,0,67.17,21.59,1006.91,external
2026-07-06T09:00:00Z,REG-DELTA,WXS-DELTA-01,28.77,28.97,5.717,80.07,0,62.88,21.65,1006.84,external
2026-07-06T10:00:00Z,REG-DELTA,WXS-DELTA-01,29.44,29.62,7.096,78.83,0,63.23,21.37,1006.81,external
2026-07-06T11:00:00Z,REG-DELTA,WXS-DELTA-01,30.14,30.21,8.062,77.55,0,59.93,22.87,1006.82,external
2026-07-06T12:00:00Z,REG-DELTA,WXS-DELTA-01,30.71,30.78,8.559,76.5,0,59.29,22.26,1006.86,external
2026-07-06T13:00:00Z,REG-DELTA,WXS-DELTA-01,31.21,31.26,8.559,75.56,0,62.88,22.27,1006.94,external
2026-07-06T14:00:00Z,REG-DELTA,WXS-DELTA-01,31.39,31.44,8.062,75.24,0,61.61,22.16,1007.04,external
2026-07-06T15:00:00Z,REG-DELTA,WXS-DELTA-01,31.57,31.6,7.096,78.89,2.046,83.21,24.64,1007.17,external
2026-07-06T16:00:00Z,REG-DELTA,WXS-DELTA-01,31.4,31.34,5.717,79.21,1.561,83.16,26.82,1007.31,external
2026-07-06T17:00:00Z,REG-DELTA,WXS-DELTA-01,31.04,31.07,4.007,79.88,1.981,78.72,25.16,1007.45,external
2026-07-06T18:00:00Z,REG-DELTA,WXS-DELTA-01,30.69,30.75,2.063,80.52,1.719,82.93,24.88,1007.59,external
2026-07-06T19:00:00Z,REG-DELTA,WXS-DELTA-01,30.07,30.15,0,81.67,2.354,84.34,25.17,1007.71,external
2026-07-06T20:00:00Z,REG-DELTA,WXS-DELTA-01,29.5,29.65,0,78.73,0,74.87,21.96,1007.81,external
2026-07-06T21:00:00Z,REG-DELTA,WXS-DELTA-01,28.75,28.98,0,80.11,0,73.2,21.04,1007.88,external
2026-07-06T22:00:00Z,REG-DELTA,WXS-DELTA-01,28.1,28.32,0,81.31,0,66.19,21.9,1007.91,external
2026-07-06T23:00:00Z,REG-DELTA,WXS-DELTA-01,27.56,27.82,0,82.31,0,70.63,21.52,1007.9,external
2026-07-06T00:00:00Z,REG-ISLAND,WXS-ISLAND-01,25.26,25.57,0,82.29,0,79.62,20.13,1003.38,external
2026-07-06T01:00:00Z,REG-ISLAND,WXS-ISLAND-01,24.84,25.14,0,83.07,0,76.58,20.83,1003.23,external
2026-07-06T02:00:00Z,REG-ISLAND,WXS-ISLAND-01,24.5,24.86,0,83.69,0,75.85,19.93,1003.09,external
2026-07-06T03:00:00Z,REG-ISLAND,WXS-ISLAND-01,24.44,24.75,0,83.81,0,78.02,21.01,1002.97,external
2026-07-06T04:00:00Z,REG-ISLAND,WXS-ISLAND-01,24.53,24.88,0,83.65,0,80.13,20.07,1002.87,external
2026-07-06T05:00:00Z,REG-ISLAND,WXS-ISLAND-01,24.84,25.2,0,83.06,0,72.36,19.7,1002.79,external
2026-07-06T06:00:00Z,REG-ISLAND,WXS-ISLAND-01,25.27,25.63,0,82.28,0,80.98,19,1002.76,external
2026-07-06T07:00:00Z,REG-ISLAND,WXS-ISLAND-01,25.77,25.95,2.033,81.36,0,78.38,22.61,1002.75,external
2026-07-06T08:00:00Z,REG-ISLAND,WXS-ISLAND-01,26.26,26.57,3.948,80.44,0,73.78,19.4,1002.79,external
2026-07-06T09:00:00Z,REG-ISLAND,WXS-ISLAND-01,27.05,27.26,5.633,78.98,0,70.95,20.71,1002.86,external
2026-07-06T10:00:00Z,REG-ISLAND,WXS-ISLAND-01,27.5,27.71,6.991,78.15,0,73.01,20.19,1002.96,external
2026-07-06T11:00:00Z,REG-ISLAND,WXS-ISLAND-01,28.31,28.4,7.943,76.65,0,73.1,22.04,1003.08,external
2026-07-06T12:00:00Z,REG-ISLAND,WXS-ISLAND-01,28.89,29.09,8.433,75.57,0,71.92,19.06,1003.22,external
2026-07-06T13:00:00Z,REG-ISLAND,WXS-ISLAND-01,29.47,29.59,8.433,74.5,0,69.92,20.2,1003.37,external
2026-07-06T14:00:00Z,REG-ISLAND,WXS-ISLAND-01,29.71,29.78,7.943,74.06,0,73.29,21.04,1003.51,external
2026-07-06T15:00:00Z,REG-ISLAND,WXS-ISLAND-01,29.59,29.66,6.991,78.28,1.682,82.48,23.52,1003.63,external
2026-07-06T16:00:00Z,REG-ISLAND,WXS-ISLAND-01,29.58,29.65,5.633,78.31,1.563,87.72,23.31,1003.73,external
2026-07-06T17:00:00Z,REG-ISLAND,WXS-ISLAND-01,29.34,29.44,3.948,78.74,1.839,84.72,23.03,1003.81,external
2026-07-06T18:00:00Z,REG-ISLAND,WXS-ISLAND-01,28.77,28.78,2.033,79.79,1.266,83.35,25.52,1003.84,external
2026-07-06T19:00:00Z,REG-ISLAND,WXS-ISLAND-01,28.45,28.6,0,80.4,1.541,88.92,22.72,1003.85,external
2026-07-06T20:00:00Z,REG-ISLAND,WXS-ISLAND-01,27.68,27.96,0,77.82,0,79.85,18.33,1003.81,external
2026-07-06T21:00:00Z,REG-ISLAND,WXS-ISLAND-01,27,27.21,0,79.07,0,77.03,20.72,1003.74,external
2026-07-06T22:00:00Z,REG-ISLAND,WXS-ISLAND-01,26.34,26.54,0,80.29,0,80.59,21.5,1003.64,external
2026-07-06T23:00:00Z,REG-ISLAND,WXS-ISLAND-01,25.82,26.04,0,81.26,0,75.36,21.63,1003.52,external
2026-07-06T00:00:00Z,REG-NORTH,WXS-NORTH-01,16.15,16.37,0,79.43,0,78.56,20.6,1008.51,external
2026-07-06T01:00:00Z,REG-NORTH,WXS-NORTH-01,15.83,16.02,0,80.02,0,79,21.79,1008.43,external
2026-07-06T02:00:00Z,REG-NORTH,WXS-NORTH-01,15.55,15.78,0,80.54,0,73.02,21.18,1008.39,external
2026-07-06T03:00:00Z,REG-NORTH,WXS-NORTH-01,15.48,15.76,0,80.66,0,76.95,20.01,1008.38,external
2026-07-06T04:00:00Z,REG-NORTH,WXS-NORTH-01,15.65,15.88,0,80.36,0,77.46,20.87,1008.41,external
2026-07-06T05:00:00Z,REG-NORTH,WXS-NORTH-01,15.71,16.06,0,80.24,0,81,18.29,1008.48,external
2026-07-06T06:00:00Z,REG-NORTH,WXS-NORTH-01,16.15,16.4,0,79.42,0,76.12,20.11,1008.57,external
2026-07-06T07:00:00Z,REG-NORTH,WXS-NORTH-01,16.63,16.79,0.895,78.55,0,76.98,21.48,1008.69,external
2026-07-06T08:00:00Z,REG-NORTH,WXS-NORTH-01,17.28,17.48,1.738,77.33,0,76.17,20.04,1008.83,external
2026-07-06T09:00:00Z,REG-NORTH,WXS-NORTH-01,17.88,17.97,2.48,76.23,0,73.17,21.68,1008.97,external
2026-07-06T10:00:00Z,REG-NORTH,WXS-NORTH-01,18.49,18.53,3.078,79.1,2.071,82.95,24.5,1009.11,external
2026-07-06T11:00:00Z,REG-NORTH,WXS-NORTH-01,19.17,19.12,3.497,77.84,1.839,84.79,25.91,1009.24,external
2026-07-06T12:00:00Z,REG-NORTH,WXS-NORTH-01,19.52,19.61,3.713,73.2,0,71.5,20.13,1009.35,external
2026-07-06T13:00:00Z,REG-NORTH,WXS-NORTH-01,19.98,20.03,3.713,72.34,0,68.99,20.62,1009.43,external
2026-07-06T14:00:00Z,REG-NORTH,WXS-NORTH-01,20.37,20.41,3.497,71.62,0,70.28,20.35,1009.47,external
2026-07-06T15:00:00Z,REG-NORTH,WXS-NORTH-01,20.19,20.14,3.078,71.95,0,70.77,22.55,1009.48,external
2026-07-06T16:00:00Z,REG-NORTH,WXS-NORTH-01,20.29,20.38,2.48,71.77,0,74.2,19.23,1009.45,external
2026-07-06T17:00:00Z,REG-NORTH,WXS-NORTH-01,19.9,19.98,1.738,72.49,0,76.19,19.97,1009.38,external
2026-07-06T18:00:00Z,REG-NORTH,WXS-NORTH-01,19.7,19.74,0.895,72.85,0,76.54,21.03,1009.29,external
2026-07-06T19:00:00Z,REG-NORTH,WXS-NORTH-01,19.29,19.42,0,73.61,0,82.44,19.56,1009.17,external
2026-07-06T20:00:00Z,REG-NORTH,WXS-NORTH-01,18.5,18.64,0,75.08,0,78.43,19.95,1009.03,external
2026-07-06T21:00:00Z,REG-NORTH,WXS-NORTH-01,17.87,18.01,0,76.25,0,78.17,20.55,1008.89,external
2026-07-06T22:00:00Z,REG-NORTH,WXS-NORTH-01,17.19,17.36,0,77.5,0,76.19,20.74,1008.75,external
2026-07-06T23:00:00Z,REG-NORTH,WXS-NORTH-01,16.82,17.01,0,78.18,0,79.19,20.68,1008.62,external
2026-07-06T00:00:00Z,REG-CENTRAL,WXS-CENTRAL-01,19.35,19.52,0,69.56,0,32.9,16.25,1014.01,external
2026-07-06T01:00:00Z,REG-CENTRAL,WXS-CENTRAL-01,18.6,18.83,0,70.96,0,31.21,15.68,1014.07,external
2026-07-06T02:00:00Z,REG-CENTRAL,WXS-CENTRAL-01,18.33,18.49,0,71.44,0,35.42,17.59,1014.16,external
2026-07-06T03:00:00Z,REG-CENTRAL,WXS-CENTRAL-01,18.22,18.46,0,71.65,0,35.86,15.92,1014.28,external
2026-07-06T04:00:00Z,REG-CENTRAL,WXS-CENTRAL-01,18.37,18.67,0,71.38,0,35.74,14.28,1014.41,external
2026-07-06T05:00:00Z,REG-CENTRAL,WXS-CENTRAL-01,18.66,18.86,0,70.84,0,36.36,16.3,1014.55,external
2026-07-06T06:00:00Z,REG-CENTRAL,WXS-CENTRAL-01,19.35,19.58,0,69.56,0,39.11,14.96,1014.7,external
2026-07-06T07:00:00Z,REG-CENTRAL,WXS-CENTRAL-01,19.94,20.09,1.487,68.47,0,36.51,16.12,1014.83,external
2026-07-06T08:00:00Z,REG-CENTRAL,WXS-CENTRAL-01,20.94,21.09,2.888,66.63,0,31.07,15.11,1014.94,external
2026-07-06T09:00:00Z,REG-CENTRAL,WXS-CENTRAL-01,21.82,21.91,4.121,64.99,0,33.27,15.49,1015.02,external
2026-07-06T10:00:00Z,REG-CENTRAL,WXS-CENTRAL-01,22.91,22.99,5.114,62.98,0,33.08,15.96,1015.07,external
2026-07-06T11:00:00Z,REG-CENTRAL,WXS-CENTRAL-01,23.62,23.84,5.81,61.67,0,32.75,15.07,1015.09,external
2026-07-06T12:00:00Z,REG-CENTRAL,WXS-CENTRAL-01,24.5,24.65,6.169,60.04,0,32.48,17.22,1015.07,external
2026-07-06T13:00:00Z,REG-CENTRAL,WXS-CENTRAL-01,25.17,25.32,6.169,58.8,0,29.18,16.52,1015.01,external
2026-07-06T14:00:00Z,REG-CENTRAL,WXS-CENTRAL-01,25.43,25.59,5.81,58.31,0,34.01,14.62,1014.92,external
2026-07-06T15:00:00Z,REG-CENTRAL,WXS-CENTRAL-01,25.57,25.48,5.114,58.06,0,30.47,17,1014.8,external
2026-07-06T16:00:00Z,REG-CENTRAL,WXS-CENTRAL-01,25.48,25.41,4.121,58.23,0,28.21,15.25,1014.67,external
2026-07-06T17:00:00Z,REG-CENTRAL,WXS-CENTRAL-01,25.02,24.98,2.888,59.08,0,31.67,15.2,1014.53,external
2026-07-06T18:00:00Z,REG-CENTRAL,WXS-CENTRAL-01,24.46,24.49,1.487,60.11,0,36.58,14.22,1014.38,external
2026-07-06T19:00:00Z,REG-CENTRAL,WXS-CENTRAL-01,23.85,23.83,0,61.24,0,36.8,15.93,1014.25,external
2026-07-06T20:00:00Z,REG-CENTRAL,WXS-CENTRAL-01,22.74,22.81,0,63.29,0,35.01,15.13,1014.14,external
2026-07-06T21:00:00Z,REG-CENTRAL,WXS-CENTRAL-01,21.89,22,0,64.85,0,38.08,15.2,1014.06,external
2026-07-06T22:00:00Z,REG-CENTRAL,WXS-CENTRAL-01,20.81,20.88,0,66.85,0,34.13,17.15,1014.01,external
2026-07-06T23:00:00Z,REG-CENTRAL,WXS-CENTRAL-01,19.87,20.04,0,68.6,0,36.95,15.87,1013.99,external
2026-07-07T00:00:00Z,REG-COASTAL,WXS-COASTAL-01,24.19,24.5,0,72.5,0,20.96,14.73,1015.26,external
2026-07-07T01:00:00Z,REG-COASTAL,WXS-COASTAL-01,23.56,23.87,0,73.66,0,22.58,15.44,1015.4,external
2026-07-07T02:00:00Z,REG-COASTAL,WXS-COASTAL-01,23.16,23.55,0,74.4,0,21.7,14.05,1015.54,external
2026-07-07T03:00:00Z,REG-COASTAL,WXS-COASTAL-01,22.96,23.24,0,74.77,0,24.23,16.67,1015.65,external
2026-07-07T04:00:00Z,REG-COASTAL,WXS-COASTAL-01,23.03,23.46,0,74.63,0,19.67,13.42,1015.74,external
2026-07-07T05:00:00Z,REG-COASTAL,WXS-COASTAL-01,23.53,23.85,0,73.71,0,16.39,15.12,1015.79,external
2026-07-07T06:00:00Z,REG-COASTAL,WXS-COASTAL-01,24.29,24.6,0,72.31,0,23.39,14.7,1015.81,external
2026-07-07T07:00:00Z,REG-COASTAL,WXS-COASTAL-01,25.21,25.49,2.422,70.6,0,19,14.42,1015.79,external
2026-07-07T08:00:00Z,REG-COASTAL,WXS-COASTAL-01,26.34,26.58,4.702,68.51,0,15.46,14.15,1015.74,external
2026-07-07T09:00:00Z,REG-COASTAL,WXS-COASTAL-01,27.55,27.86,6.71,66.27,0,16.38,15.25,1015.65,external
2026-07-07T10:00:00Z,REG-COASTAL,WXS-COASTAL-01,28.58,29.08,8.328,64.37,0,16.28,15.52,1015.54,external
2026-07-07T11:00:00Z,REG-COASTAL,WXS-COASTAL-01,29.72,30.39,9.461,62.26,0,12.66,14.78,1015.4,external
2026-07-07T12:00:00Z,REG-COASTAL,WXS-COASTAL-01,30.81,31.49,10.045,60.24,0,11.34,15.52,1015.26,external
2026-07-07T13:00:00Z,REG-COASTAL,WXS-COASTAL-01,31.47,32.21,10.045,59.01,0,13.14,13.59,1015.12,external
2026-07-07T14:00:00Z,REG-COASTAL,WXS-COASTAL-01,31.75,32.34,9.461,58.51,0,11.81,14.33,1014.99,external
2026-07-07T15:00:00Z,REG-COASTAL,WXS-COASTAL-01,31.92,32.26,8.328,58.19,0,16.81,15.86,1014.87,external
2026-07-07T16:00:00Z,REG-COASTAL,WXS-COASTAL-01,31.83,31.88,6.71,58.36,0,17.95,16.54,1014.78,external
2026-07-07T17:00:00Z,REG-COASTAL,WXS-COASTAL-01,31.28,31.19,4.702,59.38,0,19.85,16.24,1014.73,external
2026-07-07T18:00:00Z,REG-COASTAL,WXS-COASTAL-01,30.75,30.78,2.422,60.36,0,14.64,14.26,1014.71,external
2026-07-07T19:00:00Z,REG-COASTAL,WXS-COASTAL-01,29.75,29.83,0,62.2,0,25.05,14.18,1014.73,external
2026-07-07T20:00:00Z,REG-COASTAL,WXS-COASTAL-01,28.64,28.83,0,64.25,0,23.2,12.93,1014.78,external
2026-07-07T21:00:00Z,REG-COASTAL,WXS-COASTAL-01,27.39,27.56,0,66.56,0,23.69,14.76,1014.87,external
2026-07-07T22:00:00Z,REG-COASTAL,WXS-COASTAL-01,26.45,26.67,0,68.31,0,20.05,14.46,1014.99,external
2026-07-07T23:00:00Z,REG-COASTAL,WXS-COASTAL-01,25.15,25.4,0,70.72,0,21.99,15.09,1015.12,external
2026-07-07T00:00:00Z,REG-SOUTH,WXS-SOUTH-01,25.11,25.37,0,66.66,0,22.76,12.73,1016.44,external
2026-07-07T01:00:00Z,REG-SOUTH,WXS-SOUTH-01,24.4,24.63,0,67.98,0,22.84,14.11,1016.5,external
2026-07-07T02:00:00Z,REG-SOUTH,WXS-SOUTH-01,23.92,24.18,0,68.87,0,26.31,13.94,1016.53,external
2026-07-07T03:00:00Z,REG-SOUTH,WXS-SOUTH-01,23.87,24.17,0,68.95,0,21.32,13.28,1016.52,external
2026-07-07T04:00:00Z,REG-SOUTH,WXS-SOUTH-01,23.99,24.27,0,68.74,0,20.84,13.23,1016.47,external
2026-07-07T05:00:00Z,REG-SOUTH,WXS-SOUTH-01,24.23,24.47,0,68.28,0,17.84,14.2,1016.39,external
2026-07-07T06:00:00Z,REG-SOUTH,WXS-SOUTH-01,25.1,25.32,0,66.69,0,20.65,13.65,1016.28,external
2026-07-07T07:00:00Z,REG-SOUTH,WXS-SOUTH-01,25.85,26.01,2.362,65.29,0,22.67,14.29,1016.15,external
2026-07-07T08:00:00Z,REG-SOUTH,WXS-SOUTH-01,27.07,27.09,4.587,63.04,0,16.52,15.88,1016.01,external
2026-07-07T09:00:00Z,REG-SOUTH,WXS-SOUTH-01,27.96,28.17,6.545,61.38,0,18.81,14.62,1015.86,external
2026-07-07T10:00:00Z,REG-SOUTH,WXS-SOUTH-01,29.22,29.65,8.123,59.06,0,15.83,13.94,1015.73,external
2026-07-07T11:00:00Z,REG-SOUTH,WXS-SOUTH-01,30.35,30.89,9.229,56.97,0,11.6,14.5,1015.61,external
2026-07-07T12:00:00Z,REG-SOUTH,WXS-SOUTH-01,31.2,31.86,9.798,55.39,0,14.6,12.92,1015.52,external
2026-07-07T13:00:00Z,REG-SOUTH,WXS-SOUTH-01,31.91,32.5,9.798,54.09,0,14.32,13.68,1015.46,external
2026-07-07T14:00:00Z,REG-SOUTH,WXS-SOUTH-01,32.33,32.81,9.229,53.31,0,12.33,13.57,1015.43,external
2026-07-07T15:00:00Z,REG-SOUTH,WXS-SOUTH-01,32.45,32.77,8.123,53.09,0,14.2,13.23,1015.44,external
2026-07-07T16:00:00Z,REG-SOUTH,WXS-SOUTH-01,32.19,32.26,6.545,53.57,0,17.47,13.18,1015.49,external
2026-07-07T17:00:00Z,REG-SOUTH,WXS-SOUTH-01,31.9,31.78,4.587,54.11,0,20.79,13.98,1015.57,external
2026-07-07T18:00:00Z,REG-SOUTH,WXS-SOUTH-01,30.97,30.9,2.362,55.83,0,19.25,14.07,1015.68,external
2026-07-07T19:00:00Z,REG-SOUTH,WXS-SOUTH-01,30.19,30.14,0,57.26,0,22.1,14.5,1015.81,external
2026-07-07T20:00:00Z,REG-SOUTH,WXS-SOUTH-01,29.15,29.26,0,59.18,0,19.73,11.11,1015.95,external
2026-07-07T21:00:00Z,REG-SOUTH,WXS-SOUTH-01,27.99,28.07,0,61.33,0,22.44,13.85,1016.1,external
2026-07-07T22:00:00Z,REG-SOUTH,WXS-SOUTH-01,26.94,27.07,0,63.27,0,19.89,13.74,1016.23,external
2026-07-07T23:00:00Z,REG-SOUTH,WXS-SOUTH-01,25.87,26.06,0,65.26,0,21.21,13.38,1016.35,external
2026-07-07T00:00:00Z,REG-DELTA,WXS-DELTA-01,26.41,26.86,0,81.32,0,32.36,16.64,1010.56,external
2026-07-07T01:00:00Z,REG-DELTA,WXS-DELTA-01,25.92,26.35,0,82.23,0,36.42,17.61,1010.48,external
2026-07-07T02:00:00Z,REG-DELTA,WXS-DELTA-01,25.36,25.94,0,83.26,0,39.37,14.9,1010.38,external
2026-07-07T03:00:00Z,REG-DELTA,WXS-DELTA-01,25.25,25.71,0,83.46,0,37.05,17.53,1010.25,external
2026-07-07T04:00:00Z,REG-DELTA,WXS-DELTA-01,25.35,25.95,0,83.28,0,33.1,14.28,1010.11,external
2026-07-07T05:00:00Z,REG-DELTA,WXS-DELTA-01,25.82,26.32,0,82.41,0,32.95,16.04,1009.97,external
2026-07-07T06:00:00Z,REG-DELTA,WXS-DELTA-01,26.33,26.84,0,81.46,0,36.18,15.49,1009.83,external
2026-07-07T07:00:00Z,REG-DELTA,WXS-DELTA-01,27.11,27.53,2.337,80.03,0,33.5,16.58,1009.71,external
2026-07-07T08:00:00Z,REG-DELTA,WXS-DELTA-01,28.09,28.47,4.539,78.21,0,32.82,16.53,1009.61,external
2026-07-07T09:00:00Z,REG-DELTA,WXS-DELTA-01,28.98,29.34,6.477,76.56,0,30.28,16.08,1009.54,external
2026-07-07T10:00:00Z,REG-DELTA,WXS-DELTA-01,30.26,30.65,8.038,74.19,0,23.98,17.52,1009.51,external
2026-07-07T11:00:00Z,REG-DELTA,WXS-DELTA-01,31.26,31.84,9.133,72.34,0,28,15.55,1009.52,external
2026-07-07T12:00:00Z,REG-DELTA,WXS-DELTA-01,32.11,32.8,9.696,70.77,0,32.11,13.92,1009.56,external
2026-07-07T13:00:00Z,REG-DELTA,WXS-DELTA-01,32.57,33.18,9.696,69.92,0,25.83,15.24,1009.64,external
2026-07-07T14:00:00Z,REG-DELTA,WXS-DELTA-01,33.07,33.61,9.133,69,0,24.68,14.5,1009.74,external
2026-07-07T15:00:00Z,REG-DELTA,WXS-DELTA-01,33.15,33.44,8.038,68.85,0,29.83,16.81,1009.87,external
2026-07-07T16:00:00Z,REG-DELTA,WXS-DELTA-01,32.93,33.11,6.477,69.25,0,28.44,15.86,1010.01,external
2026-07-07T17:00:00Z,REG-DELTA,WXS-DELTA-01,32.47,32.7,4.539,70.1,0,30.83,15.3,1010.15,external
2026-07-07T18:00:00Z,REG-DELTA,WXS-DELTA-01,31.81,32.1,2.337,71.33,0,30.07,14.61,1010.29,external
2026-07-07T19:00:00Z,REG-DELTA,WXS-DELTA-01,31.2,31.45,0,72.45,0,39.69,16.23,1010.41,external
2026-07-07T20:00:00Z,REG-DELTA,WXS-DELTA-01,30.14,30.46,0,74.42,0,33.15,15.62,1010.51,external
2026-07-07T21:00:00Z,REG-DELTA,WXS-DELTA-01,29.11,29.46,0,76.32,0,38.64,16.11,1010.58,external
2026-07-07T22:00:00Z,REG-DELTA,WXS-DELTA-01,28.04,28.43,0,78.3,0,38.6,16.18,1010.61,external
2026-07-07T23:00:00Z,REG-DELTA,WXS-DELTA-01,27.09,27.52,0,80.07,0,35.68,16.24,1010.6,external
2026-07-07T00:00:00Z,REG-ISLAND,WXS-ISLAND-01,24.53,25.04,0,76.74,0,24.07,12.92,1009.91,external
2026-07-07T01:00:00Z,REG-ISLAND,WXS-ISLAND-01,23.73,24.22,0,78.23,0,29.58,14.1,1009.76,external
2026-07-07T02:00:00Z,REG-ISLAND,WXS-ISLAND-01,23.53,24.1,0,78.6,0,34.39,12.41,1009.62,external
2026-07-07T03:00:00Z,REG-ISLAND,WXS-ISLAND-01,23.42,23.95,0,78.8,0,32.54,13.51,1009.5,external
2026-07-07T04:00:00Z,REG-ISLAND,WXS-ISLAND-01,23.44,23.97,0,78.77,0,25.96,13.31,1009.4,external
2026-07-07T05:00:00Z,REG-ISLAND,WXS-ISLAND-01,23.91,24.41,0,77.89,0,30.36,13.55,1009.32,external
2026-07-07T06:00:00Z,REG-ISLAND,WXS-ISLAND-01,24.49,24.99,0,76.82,0,29.58,13.08,1009.29,external
2026-07-07T07:00:00Z,REG-ISLAND,WXS-ISLAND-01,25.34,25.81,2.363,75.24,0,30.51,12.82,1009.28,external
2026-07-07T08:00:00Z,REG-ISLAND,WXS-ISLAND-01,26.32,26.69,4.588,73.44,0,21.25,13.88,1009.32,external
2026-07-07T09:00:00Z,REG-ISLAND,WXS-ISLAND-01,27.57,27.99,6.547,71.12,0,22.45,12.61,1009.39,external
2026-07-07T10:00:00Z,REG-ISLAND,WXS-ISLAND-01,28.5,29.07,8.125,69.41,0,23.78,13.19,1009.49,external
2026-07-07T11:00:00Z,REG-ISLAND,WXS-ISLAND-01,29.48,30.13,9.231,67.6,0,23.57,14.03,1009.61,external
2026-07-07T12:00:00Z,REG-ISLAND,WXS-ISLAND-01,30.35,31.07,9.801,65.98,0,21.08,13.57,1009.75,external
2026-07-07T13:00:00Z,REG-ISLAND,WXS-ISLAND-01,30.79,31.54,9.801,65.16,0,23.1,12.46,1009.9,external
2026-07-07T14:00:00Z,REG-ISLAND,WXS-ISLAND-01,31.44,32.02,9.231,63.96,0,20.84,13.54,1010.04,external
2026-07-07T15:00:00Z,REG-ISLAND,WXS-ISLAND-01,31.43,31.88,8.125,63.98,0,24.27,12.91,1010.16,external
2026-07-07T16:00:00Z,REG-ISLAND,WXS-ISLAND-01,31.4,31.64,6.547,64.03,0,26.38,12.64,1010.26,external
2026-07-07T17:00:00Z,REG-ISLAND,WXS-ISLAND-01,31.09,31.28,4.588,64.6,0,22.64,13.12,1010.34,external
2026-07-07T18:00:00Z,REG-ISLAND,WXS-ISLAND-01,30.37,30.54,2.363,65.94,0,25.25,14.37,1010.37,external
2026-07-07T19:00:00Z,REG-ISLAND,WXS-ISLAND-01,29.63,29.86,0,67.31,0,30.85,13.81,1010.38,external
2026-07-07T20:00:00Z,REG-ISLAND,WXS-ISLAND-01,28.4,28.7,0,69.59,0,31.36,13.32,1010.34,external
2026-07-07T21:00:00Z,REG-ISLAND,WXS-ISLAND-01,27.41,27.76,0,71.42,0,30.75,13.36,1010.27,external
2026-07-07T22:00:00Z,REG-ISLAND,WXS-ISLAND-01,26.37,26.78,0,73.35,0,29.57,13.07,1010.17,external
2026-07-07T23:00:00Z,REG-ISLAND,WXS-ISLAND-01,25.38,25.88,0,75.17,0,29.39,12.14,1010.05,external
2026-07-07T00:00:00Z,REG-NORTH,WXS-NORTH-01,15.95,16.36,0,74.89,0,36.58,13.93,1012.8,external
2026-07-07T01:00:00Z,REG-NORTH,WXS-NORTH-01,15.29,15.63,0,76.11,0,29.84,16.14,1012.72,external
2026-07-07T02:00:00Z,REG-NORTH,WXS-NORTH-01,14.86,15.29,0,76.9,0,34.76,14.51,1012.68,external
2026-07-07T03:00:00Z,REG-NORTH,WXS-NORTH-01,14.82,15.3,0,76.97,0,36.47,13.55,1012.67,external
2026-07-07T04:00:00Z,REG-NORTH,WXS-NORTH-01,14.82,15.24,0,76.97,0,35.31,14.94,1012.7,external
2026-07-07T05:00:00Z,REG-NORTH,WXS-NORTH-01,15.26,15.61,0,76.16,0,34.54,15.95,1012.77,external
2026-07-07T06:00:00Z,REG-NORTH,WXS-NORTH-01,15.88,16.24,0,75.01,0,38.13,15,1012.86,external
2026-07-07T07:00:00Z,REG-NORTH,WXS-NORTH-01,16.63,16.98,1.207,73.62,0,29.93,14.74,1012.98,external
2026-07-07T08:00:00Z,REG-NORTH,WXS-NORTH-01,17.65,17.96,2.343,71.74,0,31.17,14.37,1013.12,external
2026-07-07T09:00:00Z,REG-NORTH,WXS-NORTH-01,18.47,18.72,3.344,70.22,0,29.42,14.96,1013.26,external
2026-07-07T10:00:00Z,REG-NORTH,WXS-NORTH-01,19.56,19.75,4.15,68.19,0,32.11,17.02,1013.4,external
2026-07-07T11:00:00Z,REG-NORTH,WXS-NORTH-01,20.52,20.91,4.715,66.43,0,28.53,14.46,1013.53,external
2026-07-07T12:00:00Z,REG-NORTH,WXS-NORTH-01,21.22,21.67,5.006,65.14,0,28.91,13.96,1013.64,external
2026-07-07T13:00:00Z,REG-NORTH,WXS-NORTH-01,21.82,22.19,5.006,64.02,0,25,15.23,1013.72,external
2026-07-07T14:00:00Z,REG-NORTH,WXS-NORTH-01,22.01,22.24,4.715,63.67,0,25.41,16.34,1013.76,external
2026-07-07T15:00:00Z,REG-NORTH,WXS-NORTH-01,22.36,22.55,4.15,63.02,0,30.06,14.06,1013.77,external
2026-07-07T16:00:00Z,REG-NORTH,WXS-NORTH-01,22.23,22.28,3.344,63.27,0,30.73,15.51,1013.74,external
2026-07-07T17:00:00Z,REG-NORTH,WXS-NORTH-01,21.85,21.94,2.343,63.96,0,36.2,15.11,1013.67,external
2026-07-07T18:00:00Z,REG-NORTH,WXS-NORTH-01,21.06,21.2,1.207,65.42,0,36.9,14.79,1013.58,external
2026-07-07T19:00:00Z,REG-NORTH,WXS-NORTH-01,20.44,20.63,0,66.57,0,38.94,14.36,1013.46,external
2026-07-07T20:00:00Z,REG-NORTH,WXS-NORTH-01,19.39,19.65,0,68.51,0,31.95,13.79,1013.32,external
2026-07-07T21:00:00Z,REG-NORTH,WXS-NORTH-01,18.51,18.75,0,70.14,0,31.66,15.08,1013.18,external
2026-07-07T22:00:00Z,REG-NORTH,WXS-NORTH-01,17.62,17.98,0,71.79,0,33.24,13.39,1013.04,external
2026-07-07T23:00:00Z,REG-NORTH,WXS-NORTH-01,16.73,17.1,0,73.44,0,33.58,14.14,1012.91,external
2026-07-07T00:00:00Z,REG-CENTRAL,WXS-CENTRAL-01,19.5,19.62,0,71.12,0,38.5,18.1,1014.18,external
2026-07-07T01:00:00Z,REG-CENTRAL,WXS-CENTRAL-01,18.88,19.01,0,72.26,0,37.63,18.88,1014.24,external
2026-07-07T02:00:00Z,REG-CENTRAL,WXS-CENTRAL-01,18.4,18.56,0,73.15,0,36.81,18.4,1014.33,external
2026-07-07T03:00:00Z,REG-CENTRAL,WXS-CENTRAL-01,18.3,18.53,0,73.34,0,38.82,17.03,1014.45,external
2026-07-07T04:00:00Z,REG-CENTRAL,WXS-CENTRAL-01,18.61,18.77,0,72.75,0,39.04,18.47,1014.58,external
2026-07-07T05:00:00Z,REG-CENTRAL,WXS-CENTRAL-01,18.79,18.89,0,72.42,0,39.76,19.55,1014.72,external
2026-07-07T06:00:00Z,REG-CENTRAL,WXS-CENTRAL-01,19.6,19.79,0,70.93,0,39.36,16.59,1014.87,external
2026-07-07T07:00:00Z,REG-CENTRAL,WXS-CENTRAL-01,20.19,20.28,1.496,69.84,0,38.23,18.23,1015,external
2026-07-07T08:00:00Z,REG-CENTRAL,WXS-CENTRAL-01,21.11,21.16,2.904,68.14,0,35.48,18.06,1015.11,external
2026-07-07T09:00:00Z,REG-CENTRAL,WXS-CENTRAL-01,22.02,22.03,4.144,66.46,0,36.07,18,1015.19,external
2026-07-07T10:00:00Z,REG-CENTRAL,WXS-CENTRAL-01,22.99,23.11,5.143,64.67,0,31.77,15.74,1015.24,external
2026-07-07T11:00:00Z,REG-CENTRAL,WXS-CENTRAL-01,23.94,23.96,5.843,62.89,0,30.63,20.05,1015.26,external
2026-07-07T12:00:00Z,REG-CENTRAL,WXS-CENTRAL-01,24.68,24.82,6.204,61.53,0,28.61,17.94,1015.24,external
2026-07-07T13:00:00Z,REG-CENTRAL,WXS-CENTRAL-01,25.29,25.38,6.204,60.4,0,34.44,18.49,1015.18,external
2026-07-07T14:00:00Z,REG-CENTRAL,WXS-CENTRAL-01,25.55,25.54,5.843,59.92,0,27.1,18.96,1015.09,external
2026-07-07T15:00:00Z,REG-CENTRAL,WXS-CENTRAL-01,25.82,25.7,5.143,59.43,0,26.92,18.06,1014.97,external
2026-07-07T16:00:00Z,REG-CENTRAL,WXS-CENTRAL-01,25.59,25.44,4.144,59.85,0,29.17,17.97,1014.84,external
2026-07-07T17:00:00Z,REG-CENTRAL,WXS-CENTRAL-01,25.27,25.14,2.904,60.45,0,35.07,17.7,1014.7,external
2026-07-07T18:00:00Z,REG-CENTRAL,WXS-CENTRAL-01,24.61,24.39,1.496,61.67,0,33.33,20.57,1014.55,external
2026-07-07T19:00:00Z,REG-CENTRAL,WXS-CENTRAL-01,23.89,23.78,0,63,0,42.57,18.84,1014.42,external
2026-07-07T20:00:00Z,REG-CENTRAL,WXS-CENTRAL-01,23.05,22.94,0,64.54,0,32.28,19.71,1014.31,external
2026-07-07T21:00:00Z,REG-CENTRAL,WXS-CENTRAL-01,22.17,22.13,0,66.17,0,35.94,19.09,1014.23,external
2026-07-07T22:00:00Z,REG-CENTRAL,WXS-CENTRAL-01,21.17,21.22,0,68.02,0,34.32,18.28,1014.18,external
2026-07-07T23:00:00Z,REG-CENTRAL,WXS-CENTRAL-01,20.27,20.35,0,69.69,0,38.3,18.26,1014.16,external
2026-07-08T00:00:00Z,REG-COASTAL,WXS-COASTAL-01,24.74,25.23,0,74.81,0,32.26,10.08,1016.94,external
2026-07-08T01:00:00Z,REG-COASTAL,WXS-COASTAL-01,24.1,24.62,0,75.99,0,26.91,11.96,1017.08,external
2026-07-08T02:00:00Z,REG-COASTAL,WXS-COASTAL-01,23.77,24.27,0,76.6,0,29.41,12.88,1017.22,external
2026-07-08T03:00:00Z,REG-COASTAL,WXS-COASTAL-01,23.61,24.16,0,76.89,0,28.25,11.93,1017.33,external
2026-07-08T04:00:00Z,REG-COASTAL,WXS-COASTAL-01,23.92,24.45,0,76.32,0,33.44,11.23,1017.42,external
2026-07-08T05:00:00Z,REG-COASTAL,WXS-COASTAL-01,24.32,24.83,0,75.59,0,33.18,11.48,1017.47,external
2026-07-08T06:00:00Z,REG-COASTAL,WXS-COASTAL-01,24.68,25.15,0,74.91,0,26.23,12.53,1017.49,external
2026-07-08T07:00:00Z,REG-COASTAL,WXS-COASTAL-01,25.46,25.92,2.394,73.48,0,24.49,11.24,1017.47,external
2026-07-08T08:00:00Z,REG-COASTAL,WXS-COASTAL-01,26.33,26.75,4.65,71.86,0,22.91,10.9,1017.42,external
2026-07-08T09:00:00Z,REG-COASTAL,WXS-COASTAL-01,27.56,28,6.635,69.59,0,22.21,10.64,1017.33,external
2026-07-08T10:00:00Z,REG-COASTAL,WXS-COASTAL-01,28.5,29.14,8.234,67.84,0,21.8,11.14,1017.22,external
2026-07-08T11:00:00Z,REG-COASTAL,WXS-COASTAL-01,29.35,30.12,9.355,66.27,0,25.29,11.59,1017.08,external
2026-07-08T12:00:00Z,REG-COASTAL,WXS-COASTAL-01,30.24,31.04,9.932,64.63,0,20.5,11.13,1016.94,external
2026-07-08T13:00:00Z,REG-COASTAL,WXS-COASTAL-01,30.7,31.48,9.932,63.78,0,22.35,11.03,1016.8,external
2026-07-08T14:00:00Z,REG-COASTAL,WXS-COASTAL-01,31.2,31.86,9.355,62.86,0,20.27,12.25,1016.67,external
2026-07-08T15:00:00Z,REG-COASTAL,WXS-COASTAL-01,31.27,31.77,8.234,62.73,0,22.62,11.29,1016.55,external
2026-07-08T16:00:00Z,REG-COASTAL,WXS-COASTAL-01,31.07,31.35,6.635,63.09,0,26.43,10.4,1016.46,external
2026-07-08T17:00:00Z,REG-COASTAL,WXS-COASTAL-01,30.73,30.95,4.65,63.72,0,24.73,10.38,1016.41,external
2026-07-08T18:00:00Z,REG-COASTAL,WXS-COASTAL-01,30.13,30.37,2.394,64.83,0,29.16,10.97,1016.39,external
2026-07-08T19:00:00Z,REG-COASTAL,WXS-COASTAL-01,29.29,29.55,0,66.39,0,26.58,12.47,1016.41,external
2026-07-08T20:00:00Z,REG-COASTAL,WXS-COASTAL-01,28.48,28.8,0,67.89,0,27.99,11.03,1016.46,external
2026-07-08T21:00:00Z,REG-COASTAL,WXS-COASTAL-01,27.36,27.73,0,69.96,0,30.83,11.11,1016.55,external
2026-07-08T22:00:00Z,REG-COASTAL,WXS-COASTAL-01,26.54,26.95,0,71.47,0,27.39,11.36,1016.67,external
2026-07-08T23:00:00Z,REG-COASTAL,WXS-COASTAL-01,25.47,25.93,0,73.46,0,29.45,11.54,1016.8,external
2026-07-08T00:00:00Z,REG-SOUTH,WXS-SOUTH-01,24.81,25.11,0,67.16,0,22.84,11.27,1014.78,external
2026-07-08T01:00:00Z,REG-SOUTH,WXS-SOUTH-01,24.11,24.44,0,68.45,0,19.59,11.97,1014.84,external
2026-07-08T02:00:00Z,REG-SOUTH,WXS-SOUTH-01,23.76,24.04,0,69.09,0,22.88,13.71,1014.87,external
2026-07-08T03:00:00Z,REG-SOUTH,WXS-SOUTH-01,23.57,23.87,0,69.45,0,20.69,13.36,1014.86,external
2026-07-08T04:00:00Z,REG-SOUTH,WXS-SOUTH-01,23.7,23.99,0,69.21,0,22.08,13.41,1014.81,external
2026-07-08T05:00:00Z,REG-SOUTH,WXS-SOUTH-01,24.15,24.44,0,68.37,0,21.16,13.07,1014.73,external
2026-07-08T06:00:00Z,REG-SOUTH,WXS-SOUTH-01,24.79,25.09,0,67.2,0,21.15,11.49,1014.62,external
2026-07-08T07:00:00Z,REG-SOUTH,WXS-SOUTH-01,25.71,25.94,2.357,65.48,0,20.67,12.71,1014.49,external
2026-07-08T08:00:00Z,REG-SOUTH,WXS-SOUTH-01,26.9,27.11,4.578,63.28,0,14.11,11.39,1014.35,external
2026-07-08T09:00:00Z,REG-SOUTH,WXS-SOUTH-01,27.97,28.23,6.532,61.31,0,15.57,13.06,1014.2,external
2026-07-08T10:00:00Z,REG-SOUTH,WXS-SOUTH-01,28.9,29.4,8.107,59.59,0,14.42,12.49,1014.07,external
2026-07-08T11:00:00Z,REG-SOUTH,WXS-SOUTH-01,30.04,30.67,9.211,57.47,0,12.46,12.62,1013.95,external
2026-07-08T12:00:00Z,REG-SOUTH,WXS-SOUTH-01,30.83,31.48,9.779,56.01,0,19.07,13.38,1013.86,external
2026-07-08T13:00:00Z,REG-SOUTH,WXS-SOUTH-01,31.45,32.14,9.779,54.86,0,18.35,11.87,1013.8,external
2026-07-08T14:00:00Z,REG-SOUTH,WXS-SOUTH-01,32.02,32.53,9.211,53.81,0,12.46,13.35,1013.77,external
2026-07-08T15:00:00Z,REG-SOUTH,WXS-SOUTH-01,31.99,32.36,8.107,53.86,0,16.08,12.5,1013.78,external
2026-07-08T16:00:00Z,REG-SOUTH,WXS-SOUTH-01,31.89,31.97,6.532,54.06,0,16.67,13.08,1013.83,external
2026-07-08T17:00:00Z,REG-SOUTH,WXS-SOUTH-01,31.56,31.5,4.578,54.67,0,16.9,13.02,1013.91,external
2026-07-08T18:00:00Z,REG-SOUTH,WXS-SOUTH-01,30.83,30.79,2.357,56.02,0,19.52,13.44,1014.02,external
2026-07-08T19:00:00Z,REG-SOUTH,WXS-SOUTH-01,30.09,30.15,0,57.38,0,21.57,11.99,1014.15,external
2026-07-08T20:00:00Z,REG-SOUTH,WXS-SOUTH-01,29.06,29.12,0,59.28,0,23,13.21,1014.29,external
2026-07-08T21:00:00Z,REG-SOUTH,WXS-SOUTH-01,27.92,28.03,0,61.4,0,21.06,13.02,1014.44,external
2026-07-08T22:00:00Z,REG-SOUTH,WXS-SOUTH-01,26.87,27.07,0,63.35,0,20.88,11.51,1014.57,external
2026-07-08T23:00:00Z,REG-SOUTH,WXS-SOUTH-01,25.72,25.98,0,65.47,0,21.34,11.69,1014.69,external
2026-07-08T00:00:00Z,REG-DELTA,WXS-DELTA-01,26.64,27.02,0,79.6,0,38.99,17.19,1010.47,external
2026-07-08T01:00:00Z,REG-DELTA,WXS-DELTA-01,26.2,26.52,0,80.42,0,38.15,19.1,1010.39,external
2026-07-08T02:00:00Z,REG-DELTA,WXS-DELTA-01,25.61,25.99,0,81.51,0,35.43,18.26,1010.29,external
2026-07-08T03:00:00Z,REG-DELTA,WXS-DELTA-01,25.59,26.02,0,81.56,0,40.59,17.11,1010.16,external
2026-07-08T04:00:00Z,REG-DELTA,WXS-DELTA-01,25.71,26.05,0,81.33,0,39.33,19,1010.02,external
2026-07-08T05:00:00Z,REG-DELTA,WXS-DELTA-01,26.06,26.43,0,80.69,0,35.51,17.92,1009.88,external
2026-07-08T06:00:00Z,REG-DELTA,WXS-DELTA-01,26.69,27.08,0,79.52,0,34.56,16.99,1009.74,external
2026-07-08T07:00:00Z,REG-DELTA,WXS-DELTA-01,27.53,27.82,2.324,77.97,0,35.57,18.24,1009.62,external
2026-07-08T08:00:00Z,REG-DELTA,WXS-DELTA-01,28.34,28.66,4.514,76.46,0,32.86,16.85,1009.52,external
2026-07-08T09:00:00Z,REG-DELTA,WXS-DELTA-01,29.47,29.67,6.441,74.38,0,31.83,18.16,1009.45,external
2026-07-08T10:00:00Z,REG-DELTA,WXS-DELTA-01,30.32,30.65,7.993,72.81,0,34.02,17.64,1009.42,external
2026-07-08T11:00:00Z,REG-DELTA,WXS-DELTA-01,31.34,31.78,9.082,70.91,0,30.52,17.3,1009.43,external
2026-07-08T12:00:00Z,REG-DELTA,WXS-DELTA-01,32.1,32.58,9.642,69.51,0,29.56,17.33,1009.47,external
2026-07-08T13:00:00Z,REG-DELTA,WXS-DELTA-01,32.61,33.05,9.642,68.57,0,30.24,17.54,1009.55,external
2026-07-08T14:00:00Z,REG-DELTA,WXS-DELTA-01,33.11,33.53,9.082,67.64,0,28.54,15.89,1009.65,external
2026-07-08T15:00:00Z,REG-DELTA,WXS-DELTA-01,33.04,33.19,7.993,67.77,0,31.14,18.9,1009.78,external
2026-07-08T16:00:00Z,REG-DELTA,WXS-DELTA-01,33.05,33.06,6.441,67.75,0,30.48,18.95,1009.92,external
2026-07-08T17:00:00Z,REG-DELTA,WXS-DELTA-01,32.57,32.64,4.514,68.63,0,39.17,18.07,1010.06,external
2026-07-08T18:00:00Z,REG-DELTA,WXS-DELTA-01,32.03,32.09,2.324,69.65,0,33.1,18.61,1010.2,external
2026-07-08T19:00:00Z,REG-DELTA,WXS-DELTA-01,31.4,31.56,0,70.81,0,37.59,17.2,1010.32,external
2026-07-08T20:00:00Z,REG-DELTA,WXS-DELTA-01,30.33,30.45,0,72.79,0,41.76,19.09,1010.42,external
2026-07-08T21:00:00Z,REG-DELTA,WXS-DELTA-01,29.41,29.6,0,74.49,0,38.45,18.6,1010.49,external
2026-07-08T22:00:00Z,REG-DELTA,WXS-DELTA-01,28.41,28.61,0,76.33,0,38.04,19.53,1010.52,external
2026-07-08T23:00:00Z,REG-DELTA,WXS-DELTA-01,27.33,27.62,0,78.33,0,34.33,18.56,1010.51,external
2026-07-08T00:00:00Z,REG-ISLAND,WXS-ISLAND-01,24.85,25.15,0,79.33,0,31.4,19,1009.43,external
2026-07-08T01:00:00Z,REG-ISLAND,WXS-ISLAND-01,24.28,24.59,0,80.4,0,29.96,19.23,1009.28,external
2026-07-08T02:00:00Z,REG-ISLAND,WXS-ISLAND-01,23.97,24.37,0,80.98,0,28.89,17.38,1009.14,external
2026-07-08T03:00:00Z,REG-ISLAND,WXS-ISLAND-01,23.86,24.25,0,81.18,0,31.31,17.88,1009.02,external
2026-07-08T04:00:00Z,REG-ISLAND,WXS-ISLAND-01,23.77,24.16,0,81.34,0,25.09,17.87,1008.92,external
2026-07-08T05:00:00Z,REG-ISLAND,WXS-ISLAND-01,24.38,24.71,0,80.21,0,34.81,18.71,1008.84,external
2026-07-08T06:00:00Z,REG-ISLAND,WXS-ISLAND-01,25,25.28,0,79.07,0,27.95,19.15,1008.81,external
2026-07-08T07:00:00Z,REG-ISLAND,WXS-ISLAND-01,25.89,26.16,2.384,77.41,0,28.49,18.5,1008.8,external
2026-07-08T08:00:00Z,REG-ISLAND,WXS-ISLAND-01,26.74,27.04,4.63,75.84,0,26.49,16.93,1008.84,external
2026-07-08T09:00:00Z,REG-ISLAND,WXS-ISLAND-01,27.55,27.82,6.606,74.34,0,24.38,17.57,1008.91,external
2026-07-08T10:00:00Z,REG-ISLAND,WXS-ISLAND-01,28.57,29,8.199,72.45,0,23.92,17.79,1009.01,external
2026-07-08T11:00:00Z,REG-ISLAND,WXS-ISLAND-01,29.42,29.98,9.315,70.89,0,20.23,17.57,1009.13,external
2026-07-08T12:00:00Z,REG-ISLAND,WXS-ISLAND-01,30.18,30.75,9.89,69.48,0,21.41,18.49,1009.27,external
2026-07-08T13:00:00Z,REG-ISLAND,WXS-ISLAND-01,30.76,31.34,9.89,68.42,0,24.3,17.5,1009.42,external
2026-07-08T14:00:00Z,REG-ISLAND,WXS-ISLAND-01,31.08,31.5,9.315,67.8,0,23.19,19.24,1009.56,external
2026-07-08T15:00:00Z,REG-ISLAND,WXS-ISLAND-01,31.23,31.51,8.199,67.53,0,24.59,18.39,1009.68,external
2026-07-08T16:00:00Z,REG-ISLAND,WXS-ISLAND-01,30.98,31,6.606,68,0,26.11,19.3,1009.78,external
2026-07-08T17:00:00Z,REG-ISLAND,WXS-ISLAND-01,30.69,30.72,4.63,68.54,0,26.59,18.84,1009.86,external
2026-07-08T18:00:00Z,REG-ISLAND,WXS-ISLAND-01,30.04,30.11,2.384,69.74,0,25.94,18.62,1009.89,external
2026-07-08T19:00:00Z,REG-ISLAND,WXS-ISLAND-01,29.35,29.53,0,71.01,0,28,16.88,1009.9,external
2026-07-08T20:00:00Z,REG-ISLAND,WXS-ISLAND-01,28.36,28.57,0,72.85,0,33.12,17.19,1009.86,external
2026-07-08T21:00:00Z,REG-ISLAND,WXS-ISLAND-01,27.46,27.58,0,74.51,0,28.32,20.15,1009.79,external
2026-07-08T22:00:00Z,REG-ISLAND,WXS-ISLAND-01,26.49,26.72,0,76.31,0,31.83,18.65,1009.69,external
2026-07-08T23:00:00Z,REG-ISLAND,WXS-ISLAND-01,25.59,25.81,0,77.97,0,28.38,19.98,1009.57,external
2026-07-08T00:00:00Z,REG-NORTH,WXS-NORTH-01,16.28,16.75,0,76.63,0,40.38,13.58,1014.51,external
2026-07-08T01:00:00Z,REG-NORTH,WXS-NORTH-01,15.83,16.32,0,77.46,0,39.81,13.61,1014.43,external
2026-07-08T02:00:00Z,REG-NORTH,WXS-NORTH-01,15.45,15.95,0,78.16,0,40.81,13.84,1014.39,external
2026-07-08T03:00:00Z,REG-NORTH,WXS-NORTH-01,15.41,15.9,0,78.23,0,42.33,14.11,1014.38,external
2026-07-08T04:00:00Z,REG-NORTH,WXS-NORTH-01,15.52,15.99,0,78.04,0,38.09,14.18,1014.41,external
2026-07-08T05:00:00Z,REG-NORTH,WXS-NORTH-01,15.85,16.34,0,77.41,0,42.14,13.7,1014.48,external
2026-07-08T06:00:00Z,REG-NORTH,WXS-NORTH-01,16.44,16.92,0,76.33,0,39.12,13.17,1014.57,external
2026-07-08T07:00:00Z,REG-NORTH,WXS-NORTH-01,17.16,17.6,1.207,75,0,38.62,13.25,1014.69,external
2026-07-08T08:00:00Z,REG-NORTH,WXS-NORTH-01,17.95,18.32,2.343,73.53,0,37.22,14.24,1014.83,external
2026-07-08T09:00:00Z,REG-NORTH,WXS-NORTH-01,18.83,19.2,3.344,71.9,0,33.77,13.15,1014.97,external
2026-07-08T10:00:00Z,REG-NORTH,WXS-NORTH-01,19.79,20.15,4.15,70.13,0,34.23,12.83,1015.11,external
2026-07-08T11:00:00Z,REG-NORTH,WXS-NORTH-01,20.76,21.18,4.715,68.34,0,31.48,13.35,1015.24,external
2026-07-08T12:00:00Z,REG-NORTH,WXS-NORTH-01,21.5,22.01,5.006,66.96,0,31.25,12.11,1015.35,external
2026-07-08T13:00:00Z,REG-NORTH,WXS-NORTH-01,22.05,22.43,5.006,65.95,0,32.83,14.43,1015.43,external
2026-07-08T14:00:00Z,REG-NORTH,WXS-NORTH-01,22.36,22.68,4.715,65.38,0,31.57,14.01,1015.47,external
2026-07-08T15:00:00Z,REG-NORTH,WXS-NORTH-01,22.43,22.55,4.15,65.24,0,32.77,15.57,1015.48,external
2026-07-08T16:00:00Z,REG-NORTH,WXS-NORTH-01,22.33,22.47,3.344,65.43,0,34.66,14.59,1015.45,external
2026-07-08T17:00:00Z,REG-NORTH,WXS-NORTH-01,22.06,22.2,2.343,65.93,0,35.08,14.95,1015.38,external
2026-07-08T18:00:00Z,REG-NORTH,WXS-NORTH-01,21.51,21.73,1.207,66.95,0,38.52,13.64,1015.29,external
2026-07-08T19:00:00Z,REG-NORTH,WXS-NORTH-01,20.63,20.94,0,68.57,0,38.79,12.8,1015.17,external
2026-07-08T20:00:00Z,REG-NORTH,WXS-NORTH-01,19.77,20.09,0,70.17,0,40.04,13.25,1015.03,external
2026-07-08T21:00:00Z,REG-NORTH,WXS-NORTH-01,18.8,19.15,0,71.97,0,38.77,13.71,1014.89,external
2026-07-08T22:00:00Z,REG-NORTH,WXS-NORTH-01,18.11,18.48,0,73.25,0,41.13,13.81,1014.75,external
2026-07-08T23:00:00Z,REG-NORTH,WXS-NORTH-01,17.27,17.69,0,74.8,0,34.74,13.62,1014.62,external
2026-07-08T00:00:00Z,REG-CENTRAL,WXS-CENTRAL-01,19.93,19.86,0,68.97,0,70.52,21.5,1010.1,external
2026-07-08T01:00:00Z,REG-CENTRAL,WXS-CENTRAL-01,19.41,19.28,0,69.94,0,69.95,23.22,1010.16,external
2026-07-08T02:00:00Z,REG-CENTRAL,WXS-CENTRAL-01,19.24,19.2,0,70.25,0,70.69,21.34,1010.25,external
2026-07-08T03:00:00Z,REG-CENTRAL,WXS-CENTRAL-01,18.98,18.9,0,70.73,0,68.54,22.69,1010.37,external
2026-07-08T04:00:00Z,REG-CENTRAL,WXS-CENTRAL-01,19.24,19.15,0,70.26,0,68.26,22.5,1010.5,external
2026-07-08T05:00:00Z,REG-CENTRAL,WXS-CENTRAL-01,19.41,19.35,0,69.93,0,67.83,21.62,1010.64,external
2026-07-08T06:00:00Z,REG-CENTRAL,WXS-CENTRAL-01,19.94,19.93,0,68.97,0,68.86,19.8,1010.79,external
2026-07-08T07:00:00Z,REG-CENTRAL,WXS-CENTRAL-01,20.4,20.27,1.255,68.11,0,67.08,22.08,1010.92,external
2026-07-08T08:00:00Z,REG-CENTRAL,WXS-CENTRAL-01,21.13,21.01,2.436,66.75,0,65.22,21.2,1011.03,external
2026-07-08T09:00:00Z,REG-CENTRAL,WXS-CENTRAL-01,21.99,21.76,3.476,65.17,0,63.54,22.84,1011.11,external
2026-07-08T10:00:00Z,REG-CENTRAL,WXS-CENTRAL-01,22.6,22.38,4.314,64.04,0,63.26,21.84,1011.16,external
2026-07-08T11:00:00Z,REG-CENTRAL,WXS-CENTRAL-01,23.07,22.82,4.902,67.17,2.508,74.65,24.26,1011.18,external
2026-07-08T12:00:00Z,REG-CENTRAL,WXS-CENTRAL-01,23.82,23.5,5.204,65.78,1.604,75.08,25.04,1011.16,external
2026-07-08T13:00:00Z,REG-CENTRAL,WXS-CENTRAL-01,24.2,23.77,5.204,65.08,2.468,77.38,27.06,1011.1,external
2026-07-08T14:00:00Z,REG-CENTRAL,WXS-CENTRAL-01,24.48,24.16,4.902,60.56,0,63.34,22.21,1011.01,external
2026-07-08T15:00:00Z,REG-CENTRAL,WXS-CENTRAL-01,24.32,24.02,4.314,60.85,0,61.12,21.87,1010.89,external
2026-07-08T16:00:00Z,REG-CENTRAL,WXS-CENTRAL-01,24.45,24.19,3.476,60.62,0,63.91,20.92,1010.76,external
2026-07-08T17:00:00Z,REG-CENTRAL,WXS-CENTRAL-01,24.1,23.83,2.436,61.26,0,63.97,21.56,1010.62,external
2026-07-08T18:00:00Z,REG-CENTRAL,WXS-CENTRAL-01,23.77,23.49,1.255,61.86,0,66.89,22.09,1010.47,external
2026-07-08T19:00:00Z,REG-CENTRAL,WXS-CENTRAL-01,23.22,22.99,0,62.89,0,66.65,21.5,1010.34,external
2026-07-08T20:00:00Z,REG-CENTRAL,WXS-CENTRAL-01,22.37,22.22,0,64.46,0,71,20.59,1010.23,external
2026-07-08T21:00:00Z,REG-CENTRAL,WXS-CENTRAL-01,21.89,21.66,0,65.35,0,69.14,22.84,1010.15,external
2026-07-08T22:00:00Z,REG-CENTRAL,WXS-CENTRAL-01,21.23,21.04,0,66.58,0,67.95,22.55,1010.1,external
2026-07-08T23:00:00Z,REG-CENTRAL,WXS-CENTRAL-01,20.49,20.37,0,67.94,0,69.38,21.89,1010.08,external
2026-07-09T00:00:00Z,REG-COASTAL,WXS-COASTAL-01,24.64,25.05,0,73.91,0,30.61,13.34,1017.13,external
2026-07-09T01:00:00Z,REG-COASTAL,WXS-COASTAL-01,24.04,24.4,0,75.01,0,30.66,15.18,1017.27,external
2026-07-09T02:00:00Z,REG-COASTAL,WXS-COASTAL-01,23.55,23.92,0,75.92,0,35.65,15.22,1017.41,external
2026-07-09T03:00:00Z,REG-COASTAL,WXS-COASTAL-01,23.48,23.92,0,76.04,0,34.25,14.03,1017.52,external
2026-07-09T04:00:00Z,REG-COASTAL,WXS-COASTAL-01,23.71,24.15,0,75.62,0,33.81,13.6,1017.61,external
2026-07-09T05:00:00Z,REG-COASTAL,WXS-COASTAL-01,23.96,24.42,0,75.15,0,29.84,13.11,1017.66,external
2026-07-09T06:00:00Z,REG-COASTAL,WXS-COASTAL-01,24.51,24.8,0,74.13,0,31.14,16.33,1017.68,external
2026-07-09T07:00:00Z,REG-COASTAL,WXS-COASTAL-01,25.45,25.75,2.402,72.41,0,31.38,14.9,1017.66,external
2026-07-09T08:00:00Z,REG-COASTAL,WXS-COASTAL-01,26.35,26.58,4.665,70.74,0,29.4,15.62,1017.61,external
2026-07-09T09:00:00Z,REG-COASTAL,WXS-COASTAL-01,27.53,27.85,6.656,68.55,0,27.51,13.43,1017.52,external
2026-07-09T10:00:00Z,REG-COASTAL,WXS-COASTAL-01,28.56,28.93,8.26,66.66,0,21.67,16.04,1017.41,external
2026-07-09T11:00:00Z,REG-COASTAL,WXS-COASTAL-01,29.59,30.14,9.385,64.74,0,26.9,14.67,1017.27,external
2026-07-09T12:00:00Z,REG-COASTAL,WXS-COASTAL-01,30.23,30.8,9.964,63.56,0,26.81,15.36,1017.13,external
2026-07-09T13:00:00Z,REG-COASTAL,WXS-COASTAL-01,30.91,31.37,9.964,62.3,0,23.54,17.11,1016.99,external
2026-07-09T14:00:00Z,REG-COASTAL,WXS-COASTAL-01,31.41,31.92,9.385,61.37,0,23.77,13.87,1016.86,external
2026-07-09T15:00:00Z,REG-COASTAL,WXS-COASTAL-01,31.52,31.78,8.26,61.16,0,28.34,15.8,1016.74,external
2026-07-09T16:00:00Z,REG-COASTAL,WXS-COASTAL-01,31.45,31.54,6.656,61.3,0,26.18,14.44,1016.65,external
2026-07-09T17:00:00Z,REG-COASTAL,WXS-COASTAL-01,31,31.12,4.665,62.13,0,29.39,13.44,1016.6,external
2026-07-09T18:00:00Z,REG-COASTAL,WXS-COASTAL-01,30.38,30.5,2.402,63.28,0,34.24,13.88,1016.58,external
2026-07-09T19:00:00Z,REG-COASTAL,WXS-COASTAL-01,29.48,29.55,0,64.95,0,27.92,15.83,1016.6,external
2026-07-09T20:00:00Z,REG-COASTAL,WXS-COASTAL-01,28.54,28.7,0,66.69,0,30.93,14.93,1016.65,external
2026-07-09T21:00:00Z,REG-COASTAL,WXS-COASTAL-01,27.58,27.74,0,68.46,0,26.68,15.98,1016.74,external
2026-07-09T22:00:00Z,REG-COASTAL,WXS-COASTAL-01,26.57,26.73,0,70.33,0,34.29,16.87,1016.86,external
2026-07-09T23:00:00Z,REG-COASTAL,WXS-COASTAL-01,25.55,25.75,0,72.22,0,29.28,17.08,1016.99,external
2026-07-09T00:00:00Z,REG-SOUTH,WXS-SOUTH-01,25.41,25.5,0,71.65,0,64.24,19.22,1012.18,external
2026-07-09T01:00:00Z,REG-SOUTH,WXS-SOUTH-01,25.06,25.26,0,72.29,0,64.36,17.22,1012.24,external
2026-07-09T02:00:00Z,REG-SOUTH,WXS-SOUTH-01,24.78,25.01,0,72.82,0,61.27,16.66,1012.27,external
2026-07-09T03:00:00Z,REG-SOUTH,WXS-SOUTH-01,24.7,24.87,0,72.95,0,61.9,18.25,1012.26,external
2026-07-09T04:00:00Z,REG-SOUTH,WXS-SOUTH-01,24.67,24.87,0,73.02,0,67.96,17.43,1012.21,external
2026-07-09T05:00:00Z,REG-SOUTH,WXS-SOUTH-01,25.03,25.18,0,72.35,0,63.71,18.34,1012.13,external
2026-07-09T06:00:00Z,REG-SOUTH,WXS-SOUTH-01,25.5,25.66,0,71.48,0,67.01,17.49,1012.02,external
2026-07-09T07:00:00Z,REG-SOUTH,WXS-SOUTH-01,26.27,26.36,2.064,70.05,0,64.62,18.43,1011.89,external
2026-07-09T08:00:00Z,REG-SOUTH,WXS-SOUTH-01,26.8,26.94,4.009,69.07,0,61.17,16.89,1011.75,external
2026-07-09T09:00:00Z,REG-SOUTH,WXS-SOUTH-01,27.79,27.86,5.72,67.23,0,63.27,17.43,1011.6,external
2026-07-09T10:00:00Z,REG-SOUTH,WXS-SOUTH-01,28.44,28.49,7.099,66.04,0,61.34,17.15,1011.47,external
2026-07-09T11:00:00Z,REG-SOUTH,WXS-SOUTH-01,29.19,29.17,8.065,64.64,0,62.09,17.88,1011.35,external
2026-07-09T12:00:00Z,REG-SOUTH,WXS-SOUTH-01,29.9,29.83,8.563,67.34,2.447,74.25,20.44,1011.26,external
2026-07-09T13:00:00Z,REG-SOUTH,WXS-SOUTH-01,30.48,30.37,8.563,66.27,2.833,74.03,20.7,1011.2,external
2026-07-09T14:00:00Z,REG-SOUTH,WXS-SOUTH-01,30.82,30.69,8.065,61.63,0,57.44,18.54,1011.17,external
2026-07-09T15:00:00Z,REG-SOUTH,WXS-SOUTH-01,30.88,30.75,7.099,61.52,0,64.22,18.51,1011.18,external
2026-07-09T16:00:00Z,REG-SOUTH,WXS-SOUTH-01,30.69,30.57,5.72,61.88,0,62.46,18.41,1011.23,external
2026-07-09T17:00:00Z,REG-SOUTH,WXS-SOUTH-01,30.36,30.31,4.009,62.49,0,61.22,17.22,1011.31,external
2026-07-09T18:00:00Z,REG-SOUTH,WXS-SOUTH-01,29.83,29.76,2.064,63.47,0,67.73,18.3,1011.42,external
2026-07-09T19:00:00Z,REG-SOUTH,WXS-SOUTH-01,29.32,29.27,0,64.4,0,66.26,18.45,1011.55,external
2026-07-09T20:00:00Z,REG-SOUTH,WXS-SOUTH-01,28.5,28.48,0,65.93,0,68.41,18.43,1011.69,external
2026-07-09T21:00:00Z,REG-SOUTH,WXS-SOUTH-01,27.7,27.75,0,67.41,0,64.94,17.82,1011.84,external
2026-07-09T22:00:00Z,REG-SOUTH,WXS-SOUTH-01,26.9,26.98,0,68.89,0,65.49,17.8,1011.97,external
2026-07-09T23:00:00Z,REG-SOUTH,WXS-SOUTH-01,26.26,26.33,0,70.07,0,65.47,18.85,1012.09,external
2026-07-09T00:00:00Z,REG-DELTA,WXS-DELTA-01,27.2,27.58,0,84.75,0,75.67,20.02,1005.54,external
2026-07-09T01:00:00Z,REG-DELTA,WXS-DELTA-01,26.99,27.42,0,85.13,0,69.67,19.32,1005.46,external
2026-07-09T02:00:00Z,REG-DELTA,WXS-DELTA-01,26.72,27.2,0,85.64,0,73.25,18.25,1005.36,external
2026-07-09T03:00:00Z,REG-DELTA,WXS-DELTA-01,26.7,27.03,0,85.68,0,79.63,21.59,1005.23,external
2026-07-09T04:00:00Z,REG-DELTA,WXS-DELTA-01,26.75,27.19,0,85.58,0,75.76,19.4,1005.09,external
2026-07-09T05:00:00Z,REG-DELTA,WXS-DELTA-01,26.91,27.22,0,85.3,0,71.86,21.8,1004.95,external
2026-07-09T06:00:00Z,REG-DELTA,WXS-DELTA-01,27.35,27.66,0,84.48,0,73.6,21.35,1004.81,external
2026-07-09T07:00:00Z,REG-DELTA,WXS-DELTA-01,27.88,28.14,2.071,83.49,0,73.76,22.18,1004.69,external
2026-07-09T08:00:00Z,REG-DELTA,WXS-DELTA-01,28.39,28.7,4.022,82.56,0,72.32,20.4,1004.59,external
2026-07-09T09:00:00Z,REG-DELTA,WXS-DELTA-01,29.08,29.36,5.739,81.27,0,67.94,20.45,1004.52,external
2026-07-09T10:00:00Z,REG-DELTA,WXS-DELTA-01,29.76,30.09,7.122,80.02,0,65.8,18.62,1004.49,external
2026-07-09T11:00:00Z,REG-DELTA,WXS-DELTA-01,30.14,30.42,8.092,79.31,0,66.02,19.41,1004.5,external
2026-07-09T12:00:00Z,REG-DELTA,WXS-DELTA-01,30.83,31.09,8.591,82.04,1.443,83.38,21.26,1004.54,external
2026-07-09T13:00:00Z,REG-DELTA,WXS-DELTA-01,31.2,31.38,8.591,81.35,1.505,79.62,22.63,1004.62,external
2026-07-09T14:00:00Z,REG-DELTA,WXS-DELTA-01,31.39,31.51,8.092,81.01,2.262,82.13,23.65,1004.72,external
2026-07-09T15:00:00Z,REG-DELTA,WXS-DELTA-01,31.4,31.65,7.122,76.97,0,66.84,18.67,1004.85,external
2026-07-09T16:00:00Z,REG-DELTA,WXS-DELTA-01,31.33,31.55,5.739,77.11,0,69.89,19.32,1004.99,external
2026-07-09T17:00:00Z,REG-DELTA,WXS-DELTA-01,31.25,31.4,4.022,77.26,0,74.48,21.04,1005.13,external
2026-07-09T18:00:00Z,REG-DELTA,WXS-DELTA-01,30.69,30.96,2.071,78.3,0,74.31,18.94,1005.27,external
2026-07-09T19:00:00Z,REG-DELTA,WXS-DELTA-01,30.33,30.54,0,78.96,0,76.81,20.71,1005.39,external
2026-07-09T20:00:00Z,REG-DELTA,WXS-DELTA-01,29.73,29.97,0,80.07,0,76.94,20.55,1005.49,external
2026-07-09T21:00:00Z,REG-DELTA,WXS-DELTA-01,29.06,29.31,0,81.31,0,78.91,21.16,1005.56,external
2026-07-09T22:00:00Z,REG-DELTA,WXS-DELTA-01,28.32,28.64,0,82.67,0,76.74,20.47,1005.59,external
2026-07-09T23:00:00Z,REG-DELTA,WXS-DELTA-01,27.79,28.11,0,83.65,0,71.83,20.96,1005.58,external
2026-07-09T00:00:00Z,REG-ISLAND,WXS-ISLAND-01,24.87,25.27,0,77.36,0,37.12,15.46,1010.79,external
2026-07-09T01:00:00Z,REG-ISLAND,WXS-ISLAND-01,24.16,24.55,0,78.67,0,36.61,16.37,1010.64,external
2026-07-09T02:00:00Z,REG-ISLAND,WXS-ISLAND-01,23.77,24.25,0,79.38,0,35.65,15.03,1010.5,external
2026-07-09T03:00:00Z,REG-ISLAND,WXS-ISLAND-01,23.81,24.25,0,79.31,0,36.73,15.81,1010.38,external
2026-07-09T04:00:00Z,REG-ISLAND,WXS-ISLAND-01,23.94,24.38,0,79.08,0,37.21,15.48,1010.28,external
2026-07-09T05:00:00Z,REG-ISLAND,WXS-ISLAND-01,24.36,24.77,0,78.3,0,36.49,15.65,1010.2,external
2026-07-09T06:00:00Z,REG-ISLAND,WXS-ISLAND-01,24.84,25.26,0,77.41,0,33.93,15.26,1010.17,external
2026-07-09T07:00:00Z,REG-ISLAND,WXS-ISLAND-01,25.72,26.11,2.371,75.78,0,35.54,15.06,1010.16,external
2026-07-09T08:00:00Z,REG-ISLAND,WXS-ISLAND-01,26.57,26.89,4.604,74.21,0,33.82,15.64,1010.2,external
2026-07-09T09:00:00Z,REG-ISLAND,WXS-ISLAND-01,27.75,28.04,6.569,72.03,0,30.97,15.11,1010.27,external
2026-07-09T10:00:00Z,REG-ISLAND,WXS-ISLAND-01,28.76,29.16,8.153,70.16,0,32.6,15.25,1010.37,external
2026-07-09T11:00:00Z,REG-ISLAND,WXS-ISLAND-01,29.64,30.15,9.262,68.53,0,30.85,15.25,1010.49,external
2026-07-09T12:00:00Z,REG-ISLAND,WXS-ISLAND-01,30.58,31.14,9.834,66.79,0,32.91,14.92,1010.63,external
2026-07-09T13:00:00Z,REG-ISLAND,WXS-ISLAND-01,31.2,31.65,9.834,65.63,0,25.82,16.59,1010.78,external
2026-07-09T14:00:00Z,REG-ISLAND,WXS-ISLAND-01,31.64,32.03,9.262,64.83,0,33.47,15.67,1010.92,external
2026-07-09T15:00:00Z,REG-ISLAND,WXS-ISLAND-01,31.71,31.94,8.153,64.7,0,35.59,16.02,1011.04,external
2026-07-09T16:00:00Z,REG-ISLAND,WXS-ISLAND-01,31.58,31.57,6.569,64.94,0,30.81,17.78,1011.14,external
2026-07-09T17:00:00Z,REG-ISLAND,WXS-ISLAND-01,31.35,31.47,4.604,65.37,0,29.76,15.03,1011.22,external
2026-07-09T18:00:00Z,REG-ISLAND,WXS-ISLAND-01,30.53,30.6,2.371,66.89,0,32.45,17.05,1011.25,external
2026-07-09T19:00:00Z,REG-ISLAND,WXS-ISLAND-01,29.64,29.82,0,68.53,0,34.71,15.43,1011.26,external
2026-07-09T20:00:00Z,REG-ISLAND,WXS-ISLAND-01,28.88,29.08,0,69.93,0,35.94,15.8,1011.22,external
2026-07-09T21:00:00Z,REG-ISLAND,WXS-ISLAND-01,27.62,27.87,0,72.27,0,39.71,16.06,1011.15,external
2026-07-09T22:00:00Z,REG-ISLAND,WXS-ISLAND-01,26.48,26.8,0,74.37,0,35.19,15.63,1011.05,external
2026-07-09T23:00:00Z,REG-ISLAND,WXS-ISLAND-01,25.63,25.95,0,75.95,0,35.95,16.51,1010.93,external
2026-07-09T00:00:00Z,REG-NORTH,WXS-NORTH-01,16.85,17.38,0,76.34,0,45.57,11.16,1013.21,external
2026-07-09T01:00:00Z,REG-NORTH,WXS-NORTH-01,16.47,16.98,0,77.04,0,49.92,12.94,1013.13,external
2026-07-09T02:00:00Z,REG-NORTH,WXS-NORTH-01,15.95,16.45,0,78.01,0,47.03,13.69,1013.09,external
2026-07-09T03:00:00Z,REG-NORTH,WXS-NORTH-01,15.87,16.45,0,78.15,0,47.47,11.36,1013.08,external
2026-07-09T04:00:00Z,REG-NORTH,WXS-NORTH-01,15.87,16.45,0,78.16,0,47.01,10.24,1013.11,external
2026-07-09T05:00:00Z,REG-NORTH,WXS-NORTH-01,16.39,16.94,0,77.19,0,51.51,12.11,1013.18,external
2026-07-09T06:00:00Z,REG-NORTH,WXS-NORTH-01,16.83,17.36,0,76.39,0,47.74,11.88,1013.27,external
2026-07-09T07:00:00Z,REG-NORTH,WXS-NORTH-01,17.43,17.94,1.193,75.27,0,44.86,11.5,1013.39,external
2026-07-09T08:00:00Z,REG-NORTH,WXS-NORTH-01,18.25,18.72,2.317,73.75,0,45.11,11.64,1013.53,external
2026-07-09T09:00:00Z,REG-NORTH,WXS-NORTH-01,19.14,19.56,3.306,72.11,0,38.83,12.09,1013.67,external
2026-07-09T10:00:00Z,REG-NORTH,WXS-NORTH-01,20.11,20.47,4.103,70.31,0,39.18,12.61,1013.81,external
2026-07-09T11:00:00Z,REG-NORTH,WXS-NORTH-01,20.96,21.29,4.661,68.74,0,35.16,12.9,1013.94,external
2026-07-09T12:00:00Z,REG-NORTH,WXS-NORTH-01,21.53,21.86,4.949,67.69,0,38.33,13.58,1014.05,external
2026-07-09T13:00:00Z,REG-NORTH,WXS-NORTH-01,22.14,22.49,4.949,66.56,0,36.83,12.5,1014.13,external
2026-07-09T14:00:00Z,REG-NORTH,WXS-NORTH-01,22.55,22.71,4.661,65.81,0,41.98,14.91,1014.17,external
2026-07-09T15:00:00Z,REG-NORTH,WXS-NORTH-01,22.6,22.78,4.103,65.71,0,36.28,13.92,1014.18,external
2026-07-09T16:00:00Z,REG-NORTH,WXS-NORTH-01,22.64,22.9,3.306,65.63,0,40.81,11.67,1014.15,external
2026-07-09T17:00:00Z,REG-NORTH,WXS-NORTH-01,22.13,22.33,2.317,66.57,0,43.56,14.02,1014.08,external
2026-07-09T18:00:00Z,REG-NORTH,WXS-NORTH-01,21.7,22.01,1.193,67.38,0,46.78,11.27,1013.99,external
2026-07-09T19:00:00Z,REG-NORTH,WXS-NORTH-01,20.76,21.11,0,69.11,0,45.62,11,1013.87,external
2026-07-09T20:00:00Z,REG-NORTH,WXS-NORTH-01,20.03,20.39,0,70.46,0,44.91,12.67,1013.73,external
2026-07-09T21:00:00Z,REG-NORTH,WXS-NORTH-01,19.18,19.6,0,72.03,0,47.69,12.2,1013.59,external
2026-07-09T22:00:00Z,REG-NORTH,WXS-NORTH-01,18.49,18.94,0,73.32,0,44.34,10.67,1013.45,external
2026-07-09T23:00:00Z,REG-NORTH,WXS-NORTH-01,17.66,18.16,0,74.84,0,45.11,11.93,1013.32,external
2026-07-09T00:00:00Z,REG-CENTRAL,WXS-CENTRAL-01,20.12,20.05,0,70.9,0,74.89,22.39,1010.44,external
2026-07-09T01:00:00Z,REG-CENTRAL,WXS-CENTRAL-01,19.68,19.63,0,71.71,0,73.55,22.45,1010.5,external
2026-07-09T02:00:00Z,REG-CENTRAL,WXS-CENTRAL-01,19.44,19.44,0,72.15,0,75.3,21.61,1010.59,external
2026-07-09T03:00:00Z,REG-CENTRAL,WXS-CENTRAL-01,19.48,19.42,0,72.09,0,77.27,22.63,1010.71,external
2026-07-09T04:00:00Z,REG-CENTRAL,WXS-CENTRAL-01,19.45,19.37,0,72.14,0,72.41,23.24,1010.84,external
2026-07-09T05:00:00Z,REG-CENTRAL,WXS-CENTRAL-01,19.78,19.66,0,71.52,0,72.9,23.94,1010.98,external
2026-07-09T06:00:00Z,REG-CENTRAL,WXS-CENTRAL-01,20.08,20.01,0,70.98,0,72.3,22.46,1011.13,external
2026-07-09T07:00:00Z,REG-CENTRAL,WXS-CENTRAL-01,20.64,20.51,1.246,69.94,0,75.45,23.22,1011.26,external
2026-07-09T08:00:00Z,REG-CENTRAL,WXS-CENTRAL-01,21.37,21.24,2.42,68.59,0,69.79,22.3,1011.37,external
2026-07-09T09:00:00Z,REG-CENTRAL,WXS-CENTRAL-01,21.97,21.77,3.453,67.47,0,71.57,23.35,1011.45,external
2026-07-09T10:00:00Z,REG-CENTRAL,WXS-CENTRAL-01,22.57,22.32,4.285,70.36,2.21,81.49,26.04,1011.5,external
2026-07-09T11:00:00Z,REG-CENTRAL,WXS-CENTRAL-01,23.33,23.07,4.869,68.96,1.768,82.85,25.58,1011.52,external
2026-07-09T12:00:00Z,REG-CENTRAL,WXS-CENTRAL-01,23.78,23.45,5.169,68.12,2.094,83.25,26.64,1011.5,external
2026-07-09T13:00:00Z,REG-CENTRAL,WXS-CENTRAL-01,24.46,24.06,5.169,66.88,1.628,80.86,27.5,1011.44,external
2026-07-09T14:00:00Z,REG-CENTRAL,WXS-CENTRAL-01,24.52,24.18,4.869,62.76,0,67.1,23.78,1011.35,external
2026-07-09T15:00:00Z,REG-CENTRAL,WXS-CENTRAL-01,24.46,24.1,4.285,62.87,0,71.89,24.3,1011.23,external
2026-07-09T16:00:00Z,REG-CENTRAL,WXS-CENTRAL-01,24.57,24.24,3.453,62.67,0,70.26,23.53,1011.1,external
2026-07-09T17:00:00Z,REG-CENTRAL,WXS-CENTRAL-01,24.32,23.96,2.42,63.14,0,71.89,24.35,1010.96,external
2026-07-09T18:00:00Z,REG-CENTRAL,WXS-CENTRAL-01,23.86,23.54,1.246,63.98,0,76.52,24.06,1010.81,external
2026-07-09T19:00:00Z,REG-CENTRAL,WXS-CENTRAL-01,23.24,23.13,0,65.13,0,73.06,20.08,1010.68,external
2026-07-09T20:00:00Z,REG-CENTRAL,WXS-CENTRAL-01,22.71,22.52,0,66.12,0,76.11,22.38,1010.57,external
2026-07-09T21:00:00Z,REG-CENTRAL,WXS-CENTRAL-01,22.01,21.82,0,67.41,0,70.86,22.97,1010.49,external
2026-07-09T22:00:00Z,REG-CENTRAL,WXS-CENTRAL-01,21.29,21.15,0,68.74,0,71.49,22.66,1010.44,external
2026-07-09T23:00:00Z,REG-CENTRAL,WXS-CENTRAL-01,20.66,20.53,0,69.91,0,76.65,23.07,1010.42,external
2026-07-10T00:00:00Z,REG-COASTAL,WXS-COASTAL-01,24.6,25.03,0,73.31,0,27.67,12.51,1016.17,external
2026-07-10T01:00:00Z,REG-COASTAL,WXS-COASTAL-01,24.1,24.55,0,74.23,0,31.86,12.7,1016.31,external
2026-07-10T02:00:00Z,REG-COASTAL,WXS-COASTAL-01,23.6,24.07,0,75.15,0,28.39,12.71,1016.45,external
2026-07-10T03:00:00Z,REG-COASTAL,WXS-COASTAL-01,23.5,23.93,0,75.34,0,32.15,13.56,1016.56,external
2026-07-10T04:00:00Z,REG-COASTAL,WXS-COASTAL-01,23.65,24.02,0,75.05,0,27.4,15.01,1016.65,external
2026-07-10T05:00:00Z,REG-COASTAL,WXS-COASTAL-01,23.99,24.46,0,74.43,0,28.07,12.25,1016.7,external
2026-07-10T06:00:00Z,REG-COASTAL,WXS-COASTAL-01,24.68,25.02,0,73.15,0,31.1,14.44,1016.72,external
2026-07-10T07:00:00Z,REG-COASTAL,WXS-COASTAL-01,25.45,25.85,2.402,71.72,0,30.38,12.46,1016.7,external
2026-07-10T08:00:00Z,REG-COASTAL,WXS-COASTAL-01,26.3,26.56,4.665,70.15,0,26.52,14.81,1016.65,external
2026-07-10T09:00:00Z,REG-COASTAL,WXS-COASTAL-01,27.48,27.87,6.657,67.98,0,26.41,11.45,1016.56,external
2026-07-10T10:00:00Z,REG-COASTAL,WXS-COASTAL-01,28.29,28.88,8.261,66.47,0,22.01,12.15,1016.45,external
2026-07-10T11:00:00Z,REG-COASTAL,WXS-COASTAL-01,29.35,30,9.386,64.5,0,22.39,13.36,1016.31,external
2026-07-10T12:00:00Z,REG-COASTAL,WXS-COASTAL-01,30.29,30.87,9.965,62.78,0,20.73,15.57,1016.17,external
2026-07-10T13:00:00Z,REG-COASTAL,WXS-COASTAL-01,30.79,31.46,9.965,61.85,0,19.06,13.13,1016.03,external
2026-07-10T14:00:00Z,REG-COASTAL,WXS-COASTAL-01,31.33,31.89,9.386,60.85,0,20.8,13.18,1015.9,external
2026-07-10T15:00:00Z,REG-COASTAL,WXS-COASTAL-01,31.28,31.61,8.261,60.95,0,22.67,14.7,1015.78,external
2026-07-10T16:00:00Z,REG-COASTAL,WXS-COASTAL-01,31.16,31.31,6.657,61.17,0,27.78,13.59,1015.69,external
2026-07-10T17:00:00Z,REG-COASTAL,WXS-COASTAL-01,30.78,30.93,4.665,61.87,0,28.67,12.56,1015.64,external
2026-07-10T18:00:00Z,REG-COASTAL,WXS-COASTAL-01,30.18,30.29,2.402,62.98,0,29.86,13.96,1015.62,external
2026-07-10T19:00:00Z,REG-COASTAL,WXS-COASTAL-01,29.34,29.47,0,64.52,0,29.32,14.57,1015.64,external
2026-07-10T20:00:00Z,REG-COASTAL,WXS-COASTAL-01,28.29,28.45,0,66.48,0,26.66,14.67,1015.69,external
2026-07-10T21:00:00Z,REG-COASTAL,WXS-COASTAL-01,27.41,27.71,0,68.1,0,27.34,12.53,1015.78,external
2026-07-10T22:00:00Z,REG-COASTAL,WXS-COASTAL-01,26.41,26.66,0,69.94,0,29.9,14.87,1015.9,external
2026-07-10T23:00:00Z,REG-COASTAL,WXS-COASTAL-01,25.61,25.92,0,71.43,0,27.58,14.29,1016.03,external
2026-07-10T00:00:00Z,REG-SOUTH,WXS-SOUTH-01,25.08,25.4,0,67.73,0,24.08,10.01,1014.56,external
2026-07-10T01:00:00Z,REG-SOUTH,WXS-SOUTH-01,24.58,24.92,0,68.66,0,27.44,10.66,1014.62,external
2026-07-10T02:00:00Z,REG-SOUTH,WXS-SOUTH-01,24.35,24.7,0,69.09,0,27.86,11.51,1014.65,external
2026-07-10T03:00:00Z,REG-SOUTH,WXS-SOUTH-01,24.11,24.47,0,69.53,0,28.35,9.27,1014.64,external
2026-07-10T04:00:00Z,REG-SOUTH,WXS-SOUTH-01,24.14,24.51,0,69.47,0,29.97,10.2,1014.59,external
2026-07-10T05:00:00Z,REG-SOUTH,WXS-SOUTH-01,24.62,24.96,0,68.59,0,27.49,10.56,1014.51,external
2026-07-10T06:00:00Z,REG-SOUTH,WXS-SOUTH-01,25.25,25.56,0,67.42,0,25.93,10.34,1014.4,external
2026-07-10T07:00:00Z,REG-SOUTH,WXS-SOUTH-01,26.05,26.32,2.333,65.94,0,24.45,11.02,1014.27,external
2026-07-10T08:00:00Z,REG-SOUTH,WXS-SOUTH-01,26.97,27.2,4.53,64.24,0,24.29,9.28,1014.13,external
2026-07-10T09:00:00Z,REG-SOUTH,WXS-SOUTH-01,27.92,28.18,6.464,62.48,0,26.65,11.05,1013.98,external
2026-07-10T10:00:00Z,REG-SOUTH,WXS-SOUTH-01,29.11,29.55,8.022,60.28,0,20.72,10.67,1013.85,external
2026-07-10T11:00:00Z,REG-SOUTH,WXS-SOUTH-01,30.15,30.71,9.114,58.36,0,21.98,10.32,1013.73,external
2026-07-10T12:00:00Z,REG-SOUTH,WXS-SOUTH-01,30.95,31.56,9.676,56.88,0,20.23,11.9,1013.64,external
2026-07-10T13:00:00Z,REG-SOUTH,WXS-SOUTH-01,31.78,32.35,9.676,55.34,0,22.76,10.73,1013.58,external
2026-07-10T14:00:00Z,REG-SOUTH,WXS-SOUTH-01,32.11,32.57,9.114,54.74,0,20,10.67,1013.55,external
2026-07-10T15:00:00Z,REG-SOUTH,WXS-SOUTH-01,32.21,32.51,8.022,54.54,0,20.02,11.33,1013.56,external
2026-07-10T16:00:00Z,REG-SOUTH,WXS-SOUTH-01,32.19,32.22,6.464,54.58,0,21.53,12.59,1013.61,external
2026-07-10T17:00:00Z,REG-SOUTH,WXS-SOUTH-01,31.77,31.76,4.53,55.36,0,26.42,12.53,1013.69,external
2026-07-10T18:00:00Z,REG-SOUTH,WXS-SOUTH-01,31.12,31.16,2.333,56.56,0,25.47,10.06,1013.8,external
2026-07-10T19:00:00Z,REG-SOUTH,WXS-SOUTH-01,30.08,30.17,0,58.48,0,28.65,10.88,1013.93,external
2026-07-10T20:00:00Z,REG-SOUTH,WXS-SOUTH-01,29.25,29.38,0,60.01,0,28.92,9.4,1014.07,external
2026-07-10T21:00:00Z,REG-SOUTH,WXS-SOUTH-01,28.03,28.22,0,62.27,0,27.49,10.95,1014.22,external
2026-07-10T22:00:00Z,REG-SOUTH,WXS-SOUTH-01,26.97,27.2,0,64.24,0,30.33,9.34,1014.35,external
2026-07-10T23:00:00Z,REG-SOUTH,WXS-SOUTH-01,26.09,26.36,0,65.86,0,26.64,10.54,1014.47,external
2026-07-10T00:00:00Z,REG-DELTA,WXS-DELTA-01,26.89,27.6,0,83.57,0,32.27,9.56,1009.99,external
2026-07-10T01:00:00Z,REG-DELTA,WXS-DELTA-01,26.18,26.93,0,84.88,0,32.23,10.53,1009.91,external
2026-07-10T02:00:00Z,REG-DELTA,WXS-DELTA-01,26.01,26.76,0,85.21,0,38.97,9.39,1009.81,external
2026-07-10T03:00:00Z,REG-DELTA,WXS-DELTA-01,25.85,26.62,0,85.49,0,36.09,11.2,1009.68,external
2026-07-10T04:00:00Z,REG-DELTA,WXS-DELTA-01,26.02,26.77,0,85.19,0,37.04,10.06,1009.54,external
2026-07-10T05:00:00Z,REG-DELTA,WXS-DELTA-01,26.43,27.16,0,84.43,0,38.11,10.22,1009.4,external
2026-07-10T06:00:00Z,REG-DELTA,WXS-DELTA-01,26.83,27.55,0,83.68,0,36.06,9.65,1009.26,external
2026-07-10T07:00:00Z,REG-DELTA,WXS-DELTA-01,27.65,28.33,2.369,82.17,0,34.92,9.21,1009.14,external
2026-07-10T08:00:00Z,REG-DELTA,WXS-DELTA-01,28.72,29.35,4.6,80.18,0,31.97,9.21,1009.04,external
2026-07-10T09:00:00Z,REG-DELTA,WXS-DELTA-01,29.57,30.16,6.564,78.61,0,36.46,10.38,1008.97,external
2026-07-10T10:00:00Z,REG-DELTA,WXS-DELTA-01,30.57,31.28,8.147,76.76,0,29.42,10.13,1008.94,external
2026-07-10T11:00:00Z,REG-DELTA,WXS-DELTA-01,31.46,32.28,9.256,75.12,0,25.69,10.18,1008.95,external
2026-07-10T12:00:00Z,REG-DELTA,WXS-DELTA-01,32.18,33.04,9.827,73.79,0,29.49,9.05,1008.99,external
2026-07-10T13:00:00Z,REG-DELTA,WXS-DELTA-01,32.83,33.66,9.827,72.59,0,24.56,9.93,1009.07,external
2026-07-10T14:00:00Z,REG-DELTA,WXS-DELTA-01,33.16,33.89,9.256,71.98,0,28.55,9.03,1009.17,external
2026-07-10T15:00:00Z,REG-DELTA,WXS-DELTA-01,33.53,34.11,8.147,71.28,0,28.29,9.98,1009.3,external
2026-07-10T16:00:00Z,REG-DELTA,WXS-DELTA-01,33.2,33.62,6.564,71.91,0,25.47,9.14,1009.44,external
2026-07-10T17:00:00Z,REG-DELTA,WXS-DELTA-01,32.8,33.24,4.6,72.64,0,31.61,10.98,1009.58,external
2026-07-10T18:00:00Z,REG-DELTA,WXS-DELTA-01,32.25,32.7,2.369,73.65,0,31.09,12.45,1009.72,external
2026-07-10T19:00:00Z,REG-DELTA,WXS-DELTA-01,31.44,31.95,0,75.15,0,35.96,11.09,1009.84,external
2026-07-10T20:00:00Z,REG-DELTA,WXS-DELTA-01,30.61,31.15,0,76.7,0,34.31,9.47,1009.94,external
2026-07-10T21:00:00Z,REG-DELTA,WXS-DELTA-01,29.5,30.09,0,78.75,0,33.64,9.61,1010.01,external
2026-07-10T22:00:00Z,REG-DELTA,WXS-DELTA-01,28.76,29.39,0,80.11,0,35.03,9.42,1010.04,external
2026-07-10T23:00:00Z,REG-DELTA,WXS-DELTA-01,27.71,28.39,0,82.05,0,31.91,8.24,1010.03,external
2026-07-10T00:00:00Z,REG-ISLAND,WXS-ISLAND-01,25.29,25.73,0,76.29,0,31.05,14.08,1010.12,external
2026-07-10T01:00:00Z,REG-ISLAND,WXS-ISLAND-01,24.69,25.16,0,77.41,0,31.85,13.84,1009.97,external
2026-07-10T02:00:00Z,REG-ISLAND,WXS-ISLAND-01,24.17,24.57,0,78.37,0,32.08,16,1009.83,external
2026-07-10T03:00:00Z,REG-ISLAND,WXS-ISLAND-01,24.08,24.58,0,78.54,0,29.8,13.83,1009.71,external
2026-07-10T04:00:00Z,REG-ISLAND,WXS-ISLAND-01,24.1,24.61,0,78.5,0,29.48,13.62,1009.61,external
2026-07-10T05:00:00Z,REG-ISLAND,WXS-ISLAND-01,24.62,25.13,0,77.53,0,30.96,13.16,1009.53,external
2026-07-10T06:00:00Z,REG-ISLAND,WXS-ISLAND-01,25.2,25.65,0,76.46,0,32.89,13.93,1009.5,external
2026-07-10T07:00:00Z,REG-ISLAND,WXS-ISLAND-01,25.96,26.37,2.404,75.05,0,32.92,14.04,1009.49,external
2026-07-10T08:00:00Z,REG-ISLAND,WXS-ISLAND-01,26.9,27.32,4.668,73.31,0,30.34,12.93,1009.53,external
2026-07-10T09:00:00Z,REG-ISLAND,WXS-ISLAND-01,28.09,28.39,6.661,71.12,0,26.78,14.1,1009.6,external
2026-07-10T10:00:00Z,REG-ISLAND,WXS-ISLAND-01,28.88,29.41,8.266,69.65,0,26.3,13.24,1009.7,external
2026-07-10T11:00:00Z,REG-ISLAND,WXS-ISLAND-01,29.91,30.5,9.392,67.75,0,21.84,14.11,1009.82,external
2026-07-10T12:00:00Z,REG-ISLAND,WXS-ISLAND-01,30.83,31.52,9.971,66.05,0,27.67,12.68,1009.96,external
2026-07-10T13:00:00Z,REG-ISLAND,WXS-ISLAND-01,31.31,31.91,9.971,65.16,0,22.57,14.35,1010.11,external
2026-07-10T14:00:00Z,REG-ISLAND,WXS-ISLAND-01,31.81,32.37,9.392,64.23,0,26.09,12.83,1010.25,external
2026-07-10T15:00:00Z,REG-ISLAND,WXS-ISLAND-01,31.97,32.4,8.266,63.94,0,24.04,12.22,1010.37,external
2026-07-10T16:00:00Z,REG-ISLAND,WXS-ISLAND-01,31.76,31.92,6.661,64.33,0,31.71,13.52,1010.47,external
2026-07-10T17:00:00Z,REG-ISLAND,WXS-ISLAND-01,31.44,31.52,4.668,64.92,0,28.37,15.79,1010.55,external
2026-07-10T18:00:00Z,REG-ISLAND,WXS-ISLAND-01,30.72,30.95,2.404,66.25,0,28.79,13.12,1010.58,external
2026-07-10T19:00:00Z,REG-ISLAND,WXS-ISLAND-01,30.13,30.35,0,67.33,0,32.08,14.12,1010.59,external
2026-07-10T20:00:00Z,REG-ISLAND,WXS-ISLAND-01,29.1,29.44,0,69.24,0,32.09,12.35,1010.55,external
2026-07-10T21:00:00Z,REG-ISLAND,WXS-ISLAND-01,28.05,28.42,0,71.19,0,34.12,12.82,1010.48,external
2026-07-10T22:00:00Z,REG-ISLAND,WXS-ISLAND-01,26.97,27.3,0,73.19,0,29.95,14.62,1010.38,external
2026-07-10T23:00:00Z,REG-ISLAND,WXS-ISLAND-01,26.05,26.4,0,74.89,0,33.02,15.13,1010.26,external
2026-07-10T00:00:00Z,REG-NORTH,WXS-NORTH-01,16.95,17.14,0,75.43,0,53.62,19.11,1013.32,external
2026-07-10T01:00:00Z,REG-NORTH,WXS-NORTH-01,16.64,16.8,0,76,0,45.9,20.05,1013.24,external
2026-07-10T02:00:00Z,REG-NORTH,WXS-NORTH-01,16.29,16.51,0,76.64,0,46.45,19.19,1013.2,external
2026-07-10T03:00:00Z,REG-NORTH,WXS-NORTH-01,16.22,16.5,0,76.78,0,47.58,17.83,1013.19,external
2026-07-10T04:00:00Z,REG-NORTH,WXS-NORTH-01,16.18,16.42,0,76.84,0,49.83,18.9,1013.22,external
2026-07-10T05:00:00Z,REG-NORTH,WXS-NORTH-01,16.5,16.72,0,76.26,0,46.07,18.77,1013.29,external
2026-07-10T06:00:00Z,REG-NORTH,WXS-NORTH-01,17.17,17.33,0,75.02,0,45.25,19.5,1013.38,external
2026-07-10T07:00:00Z,REG-NORTH,WXS-NORTH-01,17.84,17.96,1.204,73.79,0,42.49,19.56,1013.5,external
2026-07-10T08:00:00Z,REG-NORTH,WXS-NORTH-01,18.52,18.65,2.338,72.53,0,43.02,18.72,1013.64,external
2026-07-10T09:00:00Z,REG-NORTH,WXS-NORTH-01,19.36,19.48,3.336,70.97,0,46.76,18.11,1013.78,external
2026-07-10T10:00:00Z,REG-NORTH,WXS-NORTH-01,20.11,20.1,4.14,69.57,0,39.77,20.4,1013.92,external
2026-07-10T11:00:00Z,REG-NORTH,WXS-NORTH-01,20.89,20.88,4.704,68.13,0,42.27,19.73,1014.05,external
2026-07-10T12:00:00Z,REG-NORTH,WXS-NORTH-01,21.67,21.75,4.994,66.69,0,41.85,18.12,1014.16,external
2026-07-10T13:00:00Z,REG-NORTH,WXS-NORTH-01,22.08,22.1,4.994,65.94,0,39.42,18.96,1014.24,external
2026-07-10T14:00:00Z,REG-NORTH,WXS-NORTH-01,22.39,22.37,4.704,65.36,0,37.7,18.36,1014.28,external
2026-07-10T15:00:00Z,REG-NORTH,WXS-NORTH-01,22.58,22.55,4.14,65.01,0,39.2,18.17,1014.29,external
2026-07-10T16:00:00Z,REG-NORTH,WXS-NORTH-01,22.28,22.25,3.336,65.57,0,45.81,18.46,1014.26,external
2026-07-10T17:00:00Z,REG-NORTH,WXS-NORTH-01,22.12,22.04,2.338,65.86,0,43.3,19.91,1014.19,external
2026-07-10T18:00:00Z,REG-NORTH,WXS-NORTH-01,21.45,21.35,1.204,67.11,0,43.91,20.81,1014.1,external
2026-07-10T19:00:00Z,REG-NORTH,WXS-NORTH-01,21,20.96,0,67.93,0,46.21,20.15,1013.98,external
2026-07-10T20:00:00Z,REG-NORTH,WXS-NORTH-01,20.06,20.11,0,69.67,0,48.08,19.01,1013.84,external
2026-07-10T21:00:00Z,REG-NORTH,WXS-NORTH-01,19.28,19.44,0,71.12,0,42.26,17.37,1013.7,external
2026-07-10T22:00:00Z,REG-NORTH,WXS-NORTH-01,18.48,18.61,0,72.6,0,43.76,18.72,1013.56,external
2026-07-10T23:00:00Z,REG-NORTH,WXS-NORTH-01,17.64,17.72,0,74.15,0,43.52,20.8,1013.43,external
2026-07-10T00:00:00Z,REG-CENTRAL,WXS-CENTRAL-01,19.84,19.92,0,68.27,0,34.11,17.63,1014.94,external
2026-07-10T01:00:00Z,REG-CENTRAL,WXS-CENTRAL-01,19.02,19.22,0,69.81,0,36.68,15.64,1015,external
2026-07-10T02:00:00Z,REG-CENTRAL,WXS-CENTRAL-01,18.68,18.86,0,70.43,0,37.46,16.57,1015.09,external
2026-07-10T03:00:00Z,REG-CENTRAL,WXS-CENTRAL-01,18.36,18.54,0,71.02,0,38.66,16.9,1015.21,external
2026-07-10T04:00:00Z,REG-CENTRAL,WXS-CENTRAL-01,18.63,18.8,0,70.53,0,34.64,16.85,1015.34,external
2026-07-10T05:00:00Z,REG-CENTRAL,WXS-CENTRAL-01,19.11,19.25,0,69.63,0,38.1,17.1,1015.48,external
2026-07-10T06:00:00Z,REG-CENTRAL,WXS-CENTRAL-01,19.64,19.74,0,68.64,0,33.21,17.36,1015.63,external
2026-07-10T07:00:00Z,REG-CENTRAL,WXS-CENTRAL-01,20.67,20.75,1.539,66.75,0,35.33,16.58,1015.76,external
2026-07-10T08:00:00Z,REG-CENTRAL,WXS-CENTRAL-01,21.56,21.53,2.988,65.1,0,28.66,18.24,1015.87,external
2026-07-10T09:00:00Z,REG-CENTRAL,WXS-CENTRAL-01,22.6,22.49,4.263,63.17,0,31.72,18.91,1015.95,external
2026-07-10T10:00:00Z,REG-CENTRAL,WXS-CENTRAL-01,23.64,23.67,5.291,61.26,0,32.39,16.15,1016,external
2026-07-10T11:00:00Z,REG-CENTRAL,WXS-CENTRAL-01,24.57,24.64,6.011,59.53,0,30.75,17.29,1016.02,external
2026-07-10T12:00:00Z,REG-CENTRAL,WXS-CENTRAL-01,25.56,25.69,6.382,57.69,0,31.77,16.61,1016,external
2026-07-10T13:00:00Z,REG-CENTRAL,WXS-CENTRAL-01,26.1,26.14,6.382,56.7,0,27.04,17.88,1015.94,external
2026-07-10T14:00:00Z,REG-CENTRAL,WXS-CENTRAL-01,26.56,26.46,6.011,55.84,0,31.47,19.18,1015.85,external
2026-07-10T15:00:00Z,REG-CENTRAL,WXS-CENTRAL-01,26.82,26.65,5.291,55.37,0,32.51,17.47,1015.73,external
2026-07-10T16:00:00Z,REG-CENTRAL,WXS-CENTRAL-01,26.52,26.28,4.263,55.92,0,27.99,17.8,1015.6,external
2026-07-10T17:00:00Z,REG-CENTRAL,WXS-CENTRAL-01,26.21,25.97,2.988,56.51,0,33.6,18.05,1015.46,external
2026-07-10T18:00:00Z,REG-CENTRAL,WXS-CENTRAL-01,25.55,25.34,1.539,57.73,0,34.92,18.07,1015.31,external
2026-07-10T19:00:00Z,REG-CENTRAL,WXS-CENTRAL-01,24.75,24.61,0,59.21,0,34.7,17.33,1015.18,external
2026-07-10T20:00:00Z,REG-CENTRAL,WXS-CENTRAL-01,23.69,23.6,0,61.16,0,34.07,17.49,1015.07,external
2026-07-10T21:00:00Z,REG-CENTRAL,WXS-CENTRAL-01,22.7,22.59,0,62.99,0,36.38,18.95,1014.99,external
2026-07-10T22:00:00Z,REG-CENTRAL,WXS-CENTRAL-01,21.66,21.66,0,64.92,0,39.28,17.45,1014.94,external
2026-07-10T23:00:00Z,REG-CENTRAL,WXS-CENTRAL-01,20.7,20.67,0,66.7,0,39.93,19.02,1014.92,external
2026-07-11T00:00:00Z,REG-COASTAL,WXS-COASTAL-01,24.57,25.04,0,73.62,0,30.67,8.59,1017,external
2026-07-11T01:00:00Z,REG-COASTAL,WXS-COASTAL-01,23.92,24.42,0,74.82,0,30.33,7.58,1017.14,external
2026-07-11T02:00:00Z,REG-COASTAL,WXS-COASTAL-01,23.55,24.06,0,75.51,0,28.36,8.51,1017.28,external
2026-07-11T03:00:00Z,REG-COASTAL,WXS-COASTAL-01,23.42,23.94,0,75.74,0,31.6,8.83,1017.39,external
2026-07-11T04:00:00Z,REG-COASTAL,WXS-COASTAL-01,23.53,24.04,0,75.54,0,28.79,6.66,1017.48,external
2026-07-11T05:00:00Z,REG-COASTAL,WXS-COASTAL-01,23.96,24.45,0,74.75,0,29.45,7.02,1017.53,external
2026-07-11T06:00:00Z,REG-COASTAL,WXS-COASTAL-01,24.65,25.11,0,73.48,0,29.28,8.3,1017.55,external
2026-07-11T07:00:00Z,REG-COASTAL,WXS-COASTAL-01,25.32,25.75,2.403,72.23,0,25.09,9.63,1017.53,external
2026-07-11T08:00:00Z,REG-COASTAL,WXS-COASTAL-01,26.56,26.93,4.667,69.94,0,24.69,7.69,1017.48,external
2026-07-11T09:00:00Z,REG-COASTAL,WXS-COASTAL-01,27.44,27.85,6.659,68.3,0,23.36,9.8,1017.39,external
2026-07-11T10:00:00Z,REG-COASTAL,WXS-COASTAL-01,28.47,29.07,8.265,66.41,0,23.1,7.94,1017.28,external
2026-07-11T11:00:00Z,REG-COASTAL,WXS-COASTAL-01,29.38,30.11,9.39,64.72,0,16.99,8.66,1017.14,external
2026-07-11T12:00:00Z,REG-COASTAL,WXS-COASTAL-01,30.35,31.12,9.969,62.92,0,23,6.48,1017,external
2026-07-11T13:00:00Z,REG-COASTAL,WXS-COASTAL-01,31.04,31.78,9.969,61.65,0,21.72,7.28,1016.86,external
2026-07-11T14:00:00Z,REG-COASTAL,WXS-COASTAL-01,31.28,31.92,9.39,61.2,0,23.15,8.72,1016.73,external
2026-07-11T15:00:00Z,REG-COASTAL,WXS-COASTAL-01,31.45,31.91,8.265,60.9,0,20.41,9.49,1016.61,external
2026-07-11T16:00:00Z,REG-COASTAL,WXS-COASTAL-01,31.23,31.47,6.659,61.3,0,21.81,8.66,1016.52,external
2026-07-11T17:00:00Z,REG-COASTAL,WXS-COASTAL-01,30.83,31,4.667,62.05,0,25.25,7.94,1016.47,external
2026-07-11T18:00:00Z,REG-COASTAL,WXS-COASTAL-01,30.23,30.44,2.403,63.15,0,25.45,8.25,1016.45,external
2026-07-11T19:00:00Z,REG-COASTAL,WXS-COASTAL-01,29.38,29.63,0,64.71,0,27.87,7.54,1016.47,external
2026-07-11T20:00:00Z,REG-COASTAL,WXS-COASTAL-01,28.52,28.8,0,66.32,0,25.12,7.85,1016.52,external
2026-07-11T21:00:00Z,REG-COASTAL,WXS-COASTAL-01,27.46,27.79,0,68.28,0,26.47,8.92,1016.61,external
2026-07-11T22:00:00Z,REG-COASTAL,WXS-COASTAL-01,26.34,26.72,0,70.35,0,32.13,7.14,1016.73,external
2026-07-11T23:00:00Z,REG-COASTAL,WXS-COASTAL-01,25.43,25.86,0,72.03,0,28.09,9.08,1016.86,external
2026-07-11T00:00:00Z,REG-SOUTH,WXS-SOUTH-01,25.15,25.44,0,66.38,0,27.18,11.61,1015.11,external
2026-07-11T01:00:00Z,REG-SOUTH,WXS-SOUTH-01,24.74,25.02,0,67.14,0,27.79,12.5,1015.17,external
2026-07-11T02:00:00Z,REG-SOUTH,WXS-SOUTH-01,24.18,24.47,0,68.17,0,28.51,12.93,1015.2,external
2026-07-11T03:00:00Z,REG-SOUTH,WXS-SOUTH-01,24.13,24.41,0,68.27,0,29.23,13,1015.19,external
2026-07-11T04:00:00Z,REG-SOUTH,WXS-SOUTH-01,24.28,24.58,0,67.99,0,29.15,12.49,1015.14,external
2026-07-11T05:00:00Z,REG-SOUTH,WXS-SOUTH-01,24.7,25.01,0,67.21,0,27.87,11.81,1015.06,external
2026-07-11T06:00:00Z,REG-SOUTH,WXS-SOUTH-01,25.23,25.49,0,66.23,0,27.23,12.64,1014.95,external
2026-07-11T07:00:00Z,REG-SOUTH,WXS-SOUTH-01,26.3,26.53,2.368,64.26,0,24.87,11.67,1014.82,external
2026-07-11T08:00:00Z,REG-SOUTH,WXS-SOUTH-01,27.3,27.48,4.598,62.4,0,24.55,12.18,1014.68,external
2026-07-11T09:00:00Z,REG-SOUTH,WXS-SOUTH-01,28.28,28.43,6.56,60.59,0,23.14,13.27,1014.53,external
2026-07-11T10:00:00Z,REG-SOUTH,WXS-SOUTH-01,29.24,29.62,8.142,58.82,0,21.98,12.25,1014.4,external
2026-07-11T11:00:00Z,REG-SOUTH,WXS-SOUTH-01,30.4,30.88,9.25,56.66,0,23.66,12.63,1014.28,external
2026-07-11T12:00:00Z,REG-SOUTH,WXS-SOUTH-01,31.22,31.72,9.821,55.15,0,23.81,13.15,1014.19,external
2026-07-11T13:00:00Z,REG-SOUTH,WXS-SOUTH-01,31.99,32.46,9.821,53.74,0,21.97,12.95,1014.13,external
2026-07-11T14:00:00Z,REG-SOUTH,WXS-SOUTH-01,32.09,32.51,9.25,53.55,0,17.87,11.74,1014.1,external
2026-07-11T15:00:00Z,REG-SOUTH,WXS-SOUTH-01,32.51,32.68,8.142,52.77,0,22.24,13.49,1014.11,external
2026-07-11T16:00:00Z,REG-SOUTH,WXS-SOUTH-01,32.17,32.14,6.56,53.4,0,22.5,13.04,1014.16,external
2026-07-11T17:00:00Z,REG-SOUTH,WXS-SOUTH-01,31.97,31.92,4.598,53.76,0,22.86,12.51,1014.24,external
2026-07-11T18:00:00Z,REG-SOUTH,WXS-SOUTH-01,31.08,31.09,2.368,55.4,0,29.63,12.13,1014.35,external
2026-07-11T19:00:00Z,REG-SOUTH,WXS-SOUTH-01,30.48,30.47,0,56.52,0,30.22,12.96,1014.48,external
2026-07-11T20:00:00Z,REG-SOUTH,WXS-SOUTH-01,29.35,29.41,0,58.6,0,29.76,12.72,1014.62,external
2026-07-11T21:00:00Z,REG-SOUTH,WXS-SOUTH-01,28.4,28.49,0,60.38,0,30.94,12.8,1014.77,external
2026-07-11T22:00:00Z,REG-SOUTH,WXS-SOUTH-01,27.33,27.51,0,62.34,0,30.26,12.23,1014.9,external
2026-07-11T23:00:00Z,REG-SOUTH,WXS-SOUTH-01,26.2,26.42,0,64.44,0,30.31,12.28,1015.02,external
2026-07-11T00:00:00Z,REG-DELTA,WXS-DELTA-01,27.21,27.78,0,82.16,0,42.92,14.41,1010.14,external
2026-07-11T01:00:00Z,REG-DELTA,WXS-DELTA-01,26.41,26.96,0,83.63,0,34.69,15.67,1010.06,external
2026-07-11T02:00:00Z,REG-DELTA,WXS-DELTA-01,26.11,26.77,0,84.19,0,35.8,13.62,1009.96,external
2026-07-11T03:00:00Z,REG-DELTA,WXS-DELTA-01,25.94,26.59,0,84.51,0,36.83,13.96,1009.83,external
2026-07-11T04:00:00Z,REG-DELTA,WXS-DELTA-01,26.18,26.85,0,84.06,0,40.15,13.39,1009.69,external
2026-07-11T05:00:00Z,REG-DELTA,WXS-DELTA-01,26.45,27,0,83.57,0,39.94,15.54,1009.55,external
2026-07-11T06:00:00Z,REG-DELTA,WXS-DELTA-01,26.93,27.48,0,82.67,0,39.47,15.11,1009.41,external
2026-07-11T07:00:00Z,REG-DELTA,WXS-DELTA-01,27.95,28.44,2.374,80.8,0,39.13,15.26,1009.29,external
2026-07-11T08:00:00Z,REG-DELTA,WXS-DELTA-01,28.66,29.15,4.609,79.48,0,33.48,14.57,1009.19,external
2026-07-11T09:00:00Z,REG-DELTA,WXS-DELTA-01,29.79,30.28,6.577,77.38,0,32.76,13.58,1009.12,external
2026-07-11T10:00:00Z,REG-DELTA,WXS-DELTA-01,30.89,31.46,8.163,75.36,0,32.34,13.07,1009.09,external
2026-07-11T11:00:00Z,REG-DELTA,WXS-DELTA-01,31.69,32.34,9.274,73.87,0,29.75,13.66,1009.1,external
2026-07-11T12:00:00Z,REG-DELTA,WXS-DELTA-01,32.49,33.23,9.846,72.39,0,33.33,12.47,1009.14,external
2026-07-11T13:00:00Z,REG-DELTA,WXS-DELTA-01,33.13,33.81,9.846,71.21,0,32.83,13.14,1009.22,external
2026-07-11T14:00:00Z,REG-DELTA,WXS-DELTA-01,33.45,34.06,9.274,70.62,0,33.84,12.65,1009.32,external
2026-07-11T15:00:00Z,REG-DELTA,WXS-DELTA-01,33.73,34.11,8.163,70.09,0,29.22,14.59,1009.45,external
2026-07-11T16:00:00Z,REG-DELTA,WXS-DELTA-01,33.48,33.7,6.577,70.56,0,32.54,15.76,1009.59,external
2026-07-11T17:00:00Z,REG-DELTA,WXS-DELTA-01,33.29,33.64,4.609,70.91,0,35.24,13.13,1009.73,external
2026-07-11T18:00:00Z,REG-DELTA,WXS-DELTA-01,32.47,32.81,2.374,72.43,0,35.58,14.17,1009.87,external
2026-07-11T19:00:00Z,REG-DELTA,WXS-DELTA-01,31.84,32.22,0,73.58,0,38.09,13.92,1009.99,external
2026-07-11T20:00:00Z,REG-DELTA,WXS-DELTA-01,30.81,31.24,0,75.51,0,41.17,13.71,1010.09,external
2026-07-11T21:00:00Z,REG-DELTA,WXS-DELTA-01,29.97,30.43,0,77.06,0,34.84,14.03,1010.16,external
2026-07-11T22:00:00Z,REG-DELTA,WXS-DELTA-01,28.9,29.39,0,79.03,0,39.86,14.63,1010.19,external
2026-07-11T23:00:00Z,REG-DELTA,WXS-DELTA-01,27.93,28.42,0,80.83,0,36.6,15.39,1010.18,external
2026-07-11T00:00:00Z,REG-ISLAND,WXS-ISLAND-01,25.16,25.73,0,78.27,0,24.22,12.26,1011.01,external
2026-07-11T01:00:00Z,REG-ISLAND,WXS-ISLAND-01,24.66,25.17,0,79.2,0,22.2,14.08,1010.86,external
2026-07-11T02:00:00Z,REG-ISLAND,WXS-ISLAND-01,24.34,24.86,0,79.79,0,27.37,14.05,1010.72,external
2026-07-11T03:00:00Z,REG-ISLAND,WXS-ISLAND-01,24.16,24.75,0,80.13,0,23.51,12.66,1010.6,external
2026-07-11T04:00:00Z,REG-ISLAND,WXS-ISLAND-01,24.11,24.74,0,80.22,0,25.38,11.53,1010.5,external
2026-07-11T05:00:00Z,REG-ISLAND,WXS-ISLAND-01,24.61,25.2,0,79.29,0,25.42,12.46,1010.42,external
2026-07-11T06:00:00Z,REG-ISLAND,WXS-ISLAND-01,25.17,25.75,0,78.26,0,31.01,12.02,1010.39,external
2026-07-11T07:00:00Z,REG-ISLAND,WXS-ISLAND-01,26.08,26.58,2.446,76.57,0,26.7,12.91,1010.38,external
2026-07-11T08:00:00Z,REG-ISLAND,WXS-ISLAND-01,27.04,27.53,4.751,74.8,0,18.52,12.14,1010.42,external
2026-07-11T09:00:00Z,REG-ISLAND,WXS-ISLAND-01,28.07,28.47,6.779,72.89,0,23.52,14.76,1010.49,external
2026-07-11T10:00:00Z,REG-ISLAND,WXS-ISLAND-01,29.18,29.87,8.413,70.84,0,20.02,12.49,1010.59,external
2026-07-11T11:00:00Z,REG-ISLAND,WXS-ISLAND-01,29.91,30.71,9.558,69.48,0,19.49,13.06,1010.71,external
2026-07-11T12:00:00Z,REG-ISLAND,WXS-ISLAND-01,31.03,31.84,10.148,67.41,0,16.88,13.51,1010.85,external
2026-07-11T13:00:00Z,REG-ISLAND,WXS-ISLAND-01,31.59,32.42,10.148,66.39,0,20.64,12.45,1011,external
2026-07-11T14:00:00Z,REG-ISLAND,WXS-ISLAND-01,31.97,32.66,9.558,65.67,0,23.3,13.33,1011.14,external
2026-07-11T15:00:00Z,REG-ISLAND,WXS-ISLAND-01,32.13,32.64,8.413,65.38,0,21.2,13.41,1011.26,external
2026-07-11T16:00:00Z,REG-ISLAND,WXS-ISLAND-01,31.99,32.2,6.779,65.64,0,17.05,14.89,1011.36,external
2026-07-11T17:00:00Z,REG-ISLAND,WXS-ISLAND-01,31.63,31.86,4.751,66.3,0,27.13,13.15,1011.44,external
2026-07-11T18:00:00Z,REG-ISLAND,WXS-ISLAND-01,30.91,31.17,2.446,67.63,0,26.47,13.29,1011.47,external
2026-07-11T19:00:00Z,REG-ISLAND,WXS-ISLAND-01,30.02,30.36,0,69.28,0,24.12,12.43,1011.48,external
2026-07-11T20:00:00Z,REG-ISLAND,WXS-ISLAND-01,29.02,29.32,0,71.14,0,25.58,14.27,1011.44,external
2026-07-11T21:00:00Z,REG-ISLAND,WXS-ISLAND-01,27.98,28.43,0,73.06,0,25.26,11.03,1011.37,external
2026-07-11T22:00:00Z,REG-ISLAND,WXS-ISLAND-01,27.07,27.49,0,74.74,0,30.22,13.61,1011.27,external
2026-07-11T23:00:00Z,REG-ISLAND,WXS-ISLAND-01,26.11,26.6,0,76.51,0,27.41,13.18,1011.15,external
2026-07-11T00:00:00Z,REG-NORTH,WXS-NORTH-01,16.94,17.48,0,77.84,0,40.81,12.76,1014.63,external
2026-07-11T01:00:00Z,REG-NORTH,WXS-NORTH-01,16.32,16.87,0,79.01,0,37.75,12.94,1014.55,external
2026-07-11T02:00:00Z,REG-NORTH,WXS-NORTH-01,15.82,16.44,0,79.92,0,39.7,12.17,1014.51,external
2026-07-11T03:00:00Z,REG-NORTH,WXS-NORTH-01,15.77,16.31,0,80.02,0,38.99,13.75,1014.5,external
2026-07-11T04:00:00Z,REG-NORTH,WXS-NORTH-01,15.84,16.36,0,79.9,0,43.96,14.13,1014.53,external
2026-07-11T05:00:00Z,REG-NORTH,WXS-NORTH-01,16.37,16.89,0,78.9,0,39.06,13.88,1014.6,external
2026-07-11T06:00:00Z,REG-NORTH,WXS-NORTH-01,16.93,17.38,0,77.88,0,34.37,14.69,1014.69,external
2026-07-11T07:00:00Z,REG-NORTH,WXS-NORTH-01,17.67,18.11,1.25,76.49,0,42.61,14.15,1014.81,external
2026-07-11T08:00:00Z,REG-NORTH,WXS-NORTH-01,18.51,18.84,2.427,74.95,0,33.93,15.62,1014.95,external
2026-07-11T09:00:00Z,REG-NORTH,WXS-NORTH-01,19.52,19.89,3.464,73.09,0,35.91,13.63,1015.09,external
2026-07-11T10:00:00Z,REG-NORTH,WXS-NORTH-01,20.45,20.83,4.299,71.35,0,34.88,12.69,1015.23,external
2026-07-11T11:00:00Z,REG-NORTH,WXS-NORTH-01,21.18,21.62,4.884,70,0,31.04,13.39,1015.36,external
2026-07-11T12:00:00Z,REG-NORTH,WXS-NORTH-01,21.9,22.39,5.185,68.67,0,36.16,13.06,1015.47,external
2026-07-11T13:00:00Z,REG-NORTH,WXS-NORTH-01,22.61,23.03,5.185,67.36,0,33.89,13.89,1015.55,external
2026-07-11T14:00:00Z,REG-NORTH,WXS-NORTH-01,23.02,23.33,4.884,66.59,0,36.41,14.49,1015.59,external
2026-07-11T15:00:00Z,REG-NORTH,WXS-NORTH-01,23.2,23.48,4.299,66.28,0,30.85,11.35,1015.6,external
2026-07-11T16:00:00Z,REG-NORTH,WXS-NORTH-01,22.97,23.2,3.464,66.69,0,35.82,13.39,1015.57,external
2026-07-11T17:00:00Z,REG-NORTH,WXS-NORTH-01,22.67,22.85,2.427,67.26,0,40.06,14.75,1015.5,external
2026-07-11T18:00:00Z,REG-NORTH,WXS-NORTH-01,22.04,22.2,1.25,68.41,0,41.68,15.93,1015.41,external
2026-07-11T19:00:00Z,REG-NORTH,WXS-NORTH-01,21.22,21.55,0,69.94,0,38.88,13,1015.29,external
2026-07-11T20:00:00Z,REG-NORTH,WXS-NORTH-01,20.58,20.84,0,71.13,0,41.04,15.17,1015.15,external
2026-07-11T21:00:00Z,REG-NORTH,WXS-NORTH-01,19.52,19.92,0,73.08,0,40.16,13.07,1015.01,external
2026-07-11T22:00:00Z,REG-NORTH,WXS-NORTH-01,18.41,18.76,0,75.14,0,42.09,15.28,1014.87,external
2026-07-11T23:00:00Z,REG-NORTH,WXS-NORTH-01,17.59,18.08,0,76.66,0,40,13.09,1014.74,external
2026-07-11T00:00:00Z,REG-CENTRAL,WXS-CENTRAL-01,20.27,20.41,0,66.93,0,37.22,15.42,1015.6,external
2026-07-11T01:00:00Z,REG-CENTRAL,WXS-CENTRAL-01,19.55,19.69,0,68.27,0,32.72,16.22,1015.66,external
2026-07-11T02:00:00Z,REG-CENTRAL,WXS-CENTRAL-01,19.25,19.46,0,68.81,0,30.17,15.12,1015.75,external
2026-07-11T03:00:00Z,REG-CENTRAL,WXS-CENTRAL-01,18.99,19.23,0,69.31,0,33.7,14.46,1015.87,external
2026-07-11T04:00:00Z,REG-CENTRAL,WXS-CENTRAL-01,19.18,19.34,0,68.96,0,33.67,16.2,1016,external
2026-07-11T05:00:00Z,REG-CENTRAL,WXS-CENTRAL-01,19.59,19.76,0,68.18,0,34.19,15.75,1016.14,external
2026-07-11T06:00:00Z,REG-CENTRAL,WXS-CENTRAL-01,20.25,20.33,0,66.97,0,33.21,16.94,1016.29,external
2026-07-11T07:00:00Z,REG-CENTRAL,WXS-CENTRAL-01,20.98,21.05,1.556,65.61,0,29.7,16.43,1016.42,external
2026-07-11T08:00:00Z,REG-CENTRAL,WXS-CENTRAL-01,21.88,21.91,3.022,63.95,0,27.44,16.29,1016.53,external
2026-07-11T09:00:00Z,REG-CENTRAL,WXS-CENTRAL-01,22.74,22.85,4.313,62.36,0,31.06,13.74,1016.61,external
2026-07-11T10:00:00Z,REG-CENTRAL,WXS-CENTRAL-01,23.85,23.88,5.352,60.32,0,30.53,16.12,1016.66,external
2026-07-11T11:00:00Z,REG-CENTRAL,WXS-CENTRAL-01,24.82,24.95,6.081,58.51,0,29.96,16.12,1016.68,external
2026-07-11T12:00:00Z,REG-CENTRAL,WXS-CENTRAL-01,25.5,25.64,6.456,57.26,0,24.78,16.71,1016.66,external
2026-07-11T13:00:00Z,REG-CENTRAL,WXS-CENTRAL-01,26.16,26.31,6.456,56.05,0,29.01,15.73,1016.6,external
2026-07-11T14:00:00Z,REG-CENTRAL,WXS-CENTRAL-01,26.38,26.49,6.081,55.63,0,28.45,14.86,1016.51,external
2026-07-11T15:00:00Z,REG-CENTRAL,WXS-CENTRAL-01,26.6,26.53,5.352,55.23,0,28.53,15.5,1016.39,external
2026-07-11T16:00:00Z,REG-CENTRAL,WXS-CENTRAL-01,26.48,26.29,4.313,55.45,0,30.97,16.53,1016.26,external
2026-07-11T17:00:00Z,REG-CENTRAL,WXS-CENTRAL-01,26.1,25.99,3.022,56.14,0,26.58,15.28,1016.12,external
2026-07-11T18:00:00Z,REG-CENTRAL,WXS-CENTRAL-01,25.49,25.38,1.556,57.28,0,28.45,15.72,1015.97,external
2026-07-11T19:00:00Z,REG-CENTRAL,WXS-CENTRAL-01,24.8,24.69,0,58.56,0,36.93,16.35,1015.84,external
2026-07-11T20:00:00Z,REG-CENTRAL,WXS-CENTRAL-01,23.93,23.91,0,60.17,0,34.09,15.37,1015.73,external
2026-07-11T21:00:00Z,REG-CENTRAL,WXS-CENTRAL-01,22.81,22.83,0,62.24,0,32.93,15.63,1015.65,external
2026-07-11T22:00:00Z,REG-CENTRAL,WXS-CENTRAL-01,21.83,21.89,0,64.05,0,35.13,15.57,1015.6,external
2026-07-11T23:00:00Z,REG-CENTRAL,WXS-CENTRAL-01,20.98,21.08,0,65.63,0,33.15,15.67,1015.58,external
2026-07-12T00:00:00Z,REG-COASTAL,WXS-COASTAL-01,24.96,25.33,0,77.63,0,64.64,16.47,1011.92,external
2026-07-12T01:00:00Z,REG-COASTAL,WXS-COASTAL-01,24.54,24.93,0,78.41,0,60.1,16.27,1012.06,external
2026-07-12T02:00:00Z,REG-COASTAL,WXS-COASTAL-01,24.28,24.63,0,78.88,0,63.92,17.52,1012.2,external
2026-07-12T03:00:00Z,REG-COASTAL,WXS-COASTAL-01,24.23,24.57,0,78.98,0,61.39,17.85,1012.31,external
2026-07-12T04:00:00Z,REG-COASTAL,WXS-COASTAL-01,24.08,24.53,0,79.26,0,61.39,15.53,1012.4,external
2026-07-12T05:00:00Z,REG-COASTAL,WXS-COASTAL-01,24.53,24.89,0,78.42,0,65.14,17.22,1012.45,external
2026-07-12T06:00:00Z,REG-COASTAL,WXS-COASTAL-01,24.95,25.25,0,77.65,0,61.84,18.01,1012.47,external
2026-07-12T07:00:00Z,REG-COASTAL,WXS-COASTAL-01,25.59,25.96,2.158,76.47,0,66.83,15.67,1012.45,external
2026-07-12T08:00:00Z,REG-COASTAL,WXS-COASTAL-01,26.31,26.58,4.19,75.13,0,61.64,17.29,1012.4,external
2026-07-12T09:00:00Z,REG-COASTAL,WXS-COASTAL-01,27.02,27.26,5.979,73.82,0,59.69,17.2,1012.31,external
2026-07-12T10:00:00Z,REG-COASTAL,WXS-COASTAL-01,27.88,28.03,7.421,72.23,0,59.59,18.22,1012.2,external
2026-07-12T11:00:00Z,REG-COASTAL,WXS-COASTAL-01,28.71,28.76,8.431,70.69,0,57.61,19.6,1012.06,external
2026-07-12T12:00:00Z,REG-COASTAL,WXS-COASTAL-01,29.13,29.24,8.951,69.92,0,56.19,17.76,1011.92,external
2026-07-12T13:00:00Z,REG-COASTAL,WXS-COASTAL-01,29.48,29.63,8.951,69.28,0,57.37,16.43,1011.78,external
2026-07-12T14:00:00Z,REG-COASTAL,WXS-COASTAL-01,29.61,29.69,8.431,73.02,1.865,75.28,20.42,1011.65,external
2026-07-12T15:00:00Z,REG-COASTAL,WXS-COASTAL-01,29.72,29.74,7.421,72.82,1.558,67.27,21.47,1011.53,external
2026-07-12T16:00:00Z,REG-COASTAL,WXS-COASTAL-01,29.69,29.7,5.979,72.88,1.704,73.3,21.76,1011.44,external
2026-07-12T17:00:00Z,REG-COASTAL,WXS-COASTAL-01,29.62,29.73,4.19,73,1.532,76.97,19.5,1011.39,external
2026-07-12T18:00:00Z,REG-COASTAL,WXS-COASTAL-01,29.03,29.08,2.158,74.1,1.231,77.13,21.4,1011.37,external
2026-07-12T19:00:00Z,REG-COASTAL,WXS-COASTAL-01,28.6,28.75,0,70.89,0,63.15,17.51,1011.39,external
2026-07-12T20:00:00Z,REG-COASTAL,WXS-COASTAL-01,27.68,27.83,0,72.59,0,63.22,18.59,1011.44,external
2026-07-12T21:00:00Z,REG-COASTAL,WXS-COASTAL-01,27.07,27.31,0,73.72,0,67.43,17.07,1011.53,external
2026-07-12T22:00:00Z,REG-COASTAL,WXS-COASTAL-01,26.34,26.66,0,75.08,0,63.38,15.93,1011.65,external
2026-07-12T23:00:00Z,REG-COASTAL,WXS-COASTAL-01,25.65,25.96,0,76.35,0,62.08,16.96,1011.78,external
2026-07-12T00:00:00Z,REG-SOUTH,WXS-SOUTH-01,24.98,25.16,0,64.52,0,21.48,13.28,1013.81,external
2026-07-12T01:00:00Z,REG-SOUTH,WXS-SOUTH-01,24.38,24.6,0,65.64,0,20.17,12.87,1013.87,external
2026-07-12T02:00:00Z,REG-SOUTH,WXS-SOUTH-01,24.04,24.16,0,66.25,0,18.46,15.66,1013.9,external
2026-07-12T03:00:00Z,REG-SOUTH,WXS-SOUTH-01,23.83,24.02,0,66.64,0,24.3,14.28,1013.89,external
2026-07-12T04:00:00Z,REG-SOUTH,WXS-SOUTH-01,24,24.24,0,66.33,0,21.6,12.92,1013.84,external
2026-07-12T05:00:00Z,REG-SOUTH,WXS-SOUTH-01,24.49,24.69,0,65.42,0,21.36,13.43,1013.76,external
2026-07-12T06:00:00Z,REG-SOUTH,WXS-SOUTH-01,25.18,25.34,0,64.15,0,23.42,13.53,1013.65,external
2026-07-12T07:00:00Z,REG-SOUTH,WXS-SOUTH-01,26.16,26.26,2.406,62.34,0,23.2,13.92,1013.52,external
2026-07-12T08:00:00Z,REG-SOUTH,WXS-SOUTH-01,27.08,27.1,4.672,60.63,0,19.05,14.83,1013.38,external
2026-07-12T09:00:00Z,REG-SOUTH,WXS-SOUTH-01,28.25,28.37,6.667,58.47,0,18.16,14.12,1013.23,external
2026-07-12T10:00:00Z,REG-SOUTH,WXS-SOUTH-01,29.62,29.95,8.274,55.94,0,16.46,13.79,1013.1,external
2026-07-12T11:00:00Z,REG-SOUTH,WXS-SOUTH-01,30.56,31.06,9.4,54.2,0,18.68,12.75,1012.98,external
2026-07-12T12:00:00Z,REG-SOUTH,WXS-SOUTH-01,31.55,32.05,9.98,52.36,0,14.76,13.91,1012.89,external
2026-07-12T13:00:00Z,REG-SOUTH,WXS-SOUTH-01,32.27,32.8,9.98,51.03,0,19.34,12.45,1012.83,external
2026-07-12T14:00:00Z,REG-SOUTH,WXS-SOUTH-01,32.69,33.02,9.4,50.25,0,14.1,14.61,1012.8,external
2026-07-12T15:00:00Z,REG-SOUTH,WXS-SOUTH-01,32.74,32.87,8.274,50.16,0,16.14,14.9,1012.81,external
2026-07-12T16:00:00Z,REG-SOUTH,WXS-SOUTH-01,32.78,32.67,6.667,50.08,0,20.86,14.67,1012.86,external
2026-07-12T17:00:00Z,REG-SOUTH,WXS-SOUTH-01,32.2,32.04,4.672,51.16,0,22.31,13.37,1012.94,external
2026-07-12T18:00:00Z,REG-SOUTH,WXS-SOUTH-01,31.5,31.42,2.406,52.45,0,18.98,12.39,1013.05,external
2026-07-12T19:00:00Z,REG-SOUTH,WXS-SOUTH-01,30.53,30.41,0,54.24,0,24.42,14.37,1013.18,external
2026-07-12T20:00:00Z,REG-SOUTH,WXS-SOUTH-01,29.37,29.34,0,56.39,0,18.62,13.5,1013.32,external
2026-07-12T21:00:00Z,REG-SOUTH,WXS-SOUTH-01,28.26,28.22,0,58.45,0,19.05,14.87,1013.47,external
2026-07-12T22:00:00Z,REG-SOUTH,WXS-SOUTH-01,27.11,27.16,0,60.58,0,23.29,14,1013.6,external
2026-07-12T23:00:00Z,REG-SOUTH,WXS-SOUTH-01,26.09,26.26,0,62.47,0,25.72,12.34,1013.72,external
2026-07-12T00:00:00Z,REG-DELTA,WXS-DELTA-01,27.21,27.38,0,83.74,0,67.72,24.19,1005.32,external
2026-07-12T01:00:00Z,REG-DELTA,WXS-DELTA-01,26.9,27.13,0,84.32,0,63.77,23.27,1005.24,external
2026-07-12T02:00:00Z,REG-DELTA,WXS-DELTA-01,26.54,26.79,0,84.99,0,66.42,23.24,1005.14,external
2026-07-12T03:00:00Z,REG-DELTA,WXS-DELTA-01,26.53,26.8,0,85,0,70.52,22.69,1005.01,external
2026-07-12T04:00:00Z,REG-DELTA,WXS-DELTA-01,26.7,26.91,0,84.7,0,72.54,23.88,1004.87,external
2026-07-12T05:00:00Z,REG-DELTA,WXS-DELTA-01,26.96,27.07,0,84.22,0,67.57,25.83,1004.73,external
2026-07-12T06:00:00Z,REG-DELTA,WXS-DELTA-01,27.48,27.67,0,83.26,0,70.36,23.52,1004.59,external
2026-07-12T07:00:00Z,REG-DELTA,WXS-DELTA-01,27.9,28,2.129,82.48,0,69.3,25.08,1004.47,external
2026-07-12T08:00:00Z,REG-DELTA,WXS-DELTA-01,28.65,28.81,4.135,81.08,0,71.17,22.91,1004.37,external
2026-07-12T09:00:00Z,REG-DELTA,WXS-DELTA-01,29.17,29.29,5.9,84.13,3.046,78.51,25.58,1004.3,external
2026-07-12T10:00:00Z,REG-DELTA,WXS-DELTA-01,30.1,30.19,7.322,82.4,2.07,78.06,25.4,1004.27,external
2026-07-12T11:00:00Z,REG-DELTA,WXS-DELTA-01,30.86,30.82,8.319,81,2.531,79.55,27.38,1004.28,external
2026-07-12T12:00:00Z,REG-DELTA,WXS-DELTA-01,31.36,31.32,8.832,80.08,1.895,74.66,26.82,1004.32,external
2026-07-12T13:00:00Z,REG-DELTA,WXS-DELTA-01,31.56,31.48,8.832,79.7,2.848,76.31,27.61,1004.4,external
2026-07-12T14:00:00Z,REG-DELTA,WXS-DELTA-01,32.07,32.02,8.319,78.76,1.942,77.56,26.29,1004.5,external
2026-07-12T15:00:00Z,REG-DELTA,WXS-DELTA-01,32.23,32.1,7.322,78.47,2.438,75.85,27.9,1004.63,external
2026-07-12T16:00:00Z,REG-DELTA,WXS-DELTA-01,32.19,32.25,5.9,74.53,0,68.86,21.7,1004.77,external
2026-07-12T17:00:00Z,REG-DELTA,WXS-DELTA-01,31.65,31.6,4.135,75.55,0,65.32,24.32,1004.91,external
2026-07-12T18:00:00Z,REG-DELTA,WXS-DELTA-01,31.23,31.25,2.129,76.32,0,68.54,23.34,1005.05,external
2026-07-12T19:00:00Z,REG-DELTA,WXS-DELTA-01,30.65,30.74,0,77.39,0,65.49,22.36,1005.17,external
2026-07-12T20:00:00Z,REG-DELTA,WXS-DELTA-01,29.96,30.05,0,78.67,0,68.99,23.04,1005.27,external
2026-07-12T21:00:00Z,REG-DELTA,WXS-DELTA-01,29.27,29.33,0,79.94,0,67.55,24.52,1005.34,external
2026-07-12T22:00:00Z,REG-DELTA,WXS-DELTA-01,28.6,28.74,0,81.19,0,73.69,23.42,1005.37,external
2026-07-12T23:00:00Z,REG-DELTA,WXS-DELTA-01,27.91,28.08,0,82.47,0,67.91,23.48,1005.36,external
2026-07-12T00:00:00Z,REG-ISLAND,WXS-ISLAND-01,25.7,26.19,0,80.34,0,39.01,15.11,1008.19,external
2026-07-12T01:00:00Z,REG-ISLAND,WXS-ISLAND-01,25.19,25.65,0,81.29,0,36.56,16.28,1008.04,external
2026-07-12T02:00:00Z,REG-ISLAND,WXS-ISLAND-01,24.61,25.16,0,82.36,0,37.3,14.86,1007.9,external
2026-07-12T03:00:00Z,REG-ISLAND,WXS-ISLAND-01,24.59,25.15,0,82.39,0,35.38,14.75,1007.78,external
2026-07-12T04:00:00Z,REG-ISLAND,WXS-ISLAND-01,24.77,25.24,0,82.06,0,43.07,16.59,1007.68,external
2026-07-12T05:00:00Z,REG-ISLAND,WXS-ISLAND-01,25.02,25.54,0,81.6,0,34.83,15.1,1007.6,external
2026-07-12T06:00:00Z,REG-ISLAND,WXS-ISLAND-01,25.85,26.25,0,80.07,0,37.72,16.95,1007.57,external
2026-07-12T07:00:00Z,REG-ISLAND,WXS-ISLAND-01,26.41,26.82,2.395,79.03,0,38.51,16.23,1007.56,external
2026-07-12T08:00:00Z,REG-ISLAND,WXS-ISLAND-01,27.35,27.72,4.65,77.29,0,33.22,16.13,1007.6,external
2026-07-12T09:00:00Z,REG-ISLAND,WXS-ISLAND-01,28.13,28.52,6.636,75.85,0,28.62,14.82,1007.67,external
2026-07-12T10:00:00Z,REG-ISLAND,WXS-ISLAND-01,29.35,29.74,8.236,73.58,0,31.08,16.77,1007.77,external
2026-07-12T11:00:00Z,REG-ISLAND,WXS-ISLAND-01,30.1,30.71,9.357,72.19,0,30.51,14.26,1007.89,external
2026-07-12T12:00:00Z,REG-ISLAND,WXS-ISLAND-01,30.87,31.44,9.934,70.78,0,29.47,15.73,1008.03,external
2026-07-12T13:00:00Z,REG-ISLAND,WXS-ISLAND-01,31.46,32.05,9.934,69.68,0,29.37,14.79,1008.18,external
2026-07-12T14:00:00Z,REG-ISLAND,WXS-ISLAND-01,31.84,32.32,9.357,68.98,0,33.31,15.27,1008.32,external
2026-07-12T15:00:00Z,REG-ISLAND,WXS-ISLAND-01,31.94,32.26,8.236,68.8,0,29.58,15.5,1008.44,external
2026-07-12T16:00:00Z,REG-ISLAND,WXS-ISLAND-01,31.97,32.18,6.636,68.74,0,31.64,14.97,1008.54,external
2026-07-12T17:00:00Z,REG-ISLAND,WXS-ISLAND-01,31.61,31.84,4.65,69.4,0,35.45,14.93,1008.62,external
2026-07-12T18:00:00Z,REG-ISLAND,WXS-ISLAND-01,30.91,31.11,2.395,70.71,0,34.15,16.29,1008.65,external
2026-07-12T19:00:00Z,REG-ISLAND,WXS-ISLAND-01,30.06,30.36,0,72.28,0,36.48,14.79,1008.66,external
2026-07-12T20:00:00Z,REG-ISLAND,WXS-ISLAND-01,29.08,29.41,0,74.09,0,38.21,15.29,1008.62,external
2026-07-12T21:00:00Z,REG-ISLAND,WXS-ISLAND-01,28.28,28.64,0,75.56,0,38.15,15.48,1008.55,external
2026-07-12T22:00:00Z,REG-ISLAND,WXS-ISLAND-01,27.31,27.69,0,77.36,0,33.64,15.95,1008.45,external
2026-07-12T23:00:00Z,REG-ISLAND,WXS-ISLAND-01,26.57,27.01,0,78.73,0,41.1,15.53,1008.33,external
2026-07-12T00:00:00Z,REG-NORTH,WXS-NORTH-01,17.23,17.51,0,76.95,0,38.73,17.97,1013.23,external
2026-07-12T01:00:00Z,REG-NORTH,WXS-NORTH-01,16.7,17.01,0,77.92,0,31.57,17.91,1013.15,external
2026-07-12T02:00:00Z,REG-NORTH,WXS-NORTH-01,16.27,16.54,0,78.71,0,37.92,19.17,1013.11,external
2026-07-12T03:00:00Z,REG-NORTH,WXS-NORTH-01,16.27,16.62,0,78.72,0,40.6,17.32,1013.1,external
2026-07-12T04:00:00Z,REG-NORTH,WXS-NORTH-01,16.35,16.67,0,78.57,0,42.84,18.01,1013.13,external
2026-07-12T05:00:00Z,REG-NORTH,WXS-NORTH-01,16.78,17.04,0,77.77,0,32.39,19.06,1013.2,external
2026-07-12T06:00:00Z,REG-NORTH,WXS-NORTH-01,17.42,17.59,0,76.59,0,37.9,20.29,1013.29,external
2026-07-12T07:00:00Z,REG-NORTH,WXS-NORTH-01,18.04,18.26,1.281,75.45,0,32.33,18.34,1013.41,external
2026-07-12T08:00:00Z,REG-NORTH,WXS-NORTH-01,18.92,19.1,2.487,73.82,0,34.9,18.45,1013.55,external
2026-07-12T09:00:00Z,REG-NORTH,WXS-NORTH-01,19.78,19.89,3.549,72.23,0,31.95,19.13,1013.69,external
2026-07-12T10:00:00Z,REG-NORTH,WXS-NORTH-01,20.84,20.96,4.405,70.27,0,32.94,19.02,1013.83,external
2026-07-12T11:00:00Z,REG-NORTH,WXS-NORTH-01,21.64,21.87,5.004,68.79,0,31.58,18.58,1013.96,external
2026-07-12T12:00:00Z,REG-NORTH,WXS-NORTH-01,22.31,22.56,5.313,67.55,0,30.95,19.19,1014.07,external
2026-07-12T13:00:00Z,REG-NORTH,WXS-NORTH-01,22.93,23.21,5.313,66.39,0,31.49,17.94,1014.15,external
2026-07-12T14:00:00Z,REG-NORTH,WXS-NORTH-01,23.29,23.41,5.004,65.72,0,31.8,19.56,1014.19,external
2026-07-12T15:00:00Z,REG-NORTH,WXS-NORTH-01,23.41,23.42,4.405,65.52,0,33.21,18.82,1014.2,external
2026-07-12T16:00:00Z,REG-NORTH,WXS-NORTH-01,23.25,23.19,3.549,65.8,0,29.18,19.49,1014.17,external
2026-07-12T17:00:00Z,REG-NORTH,WXS-NORTH-01,22.85,22.75,2.487,66.55,0,33.31,20.43,1014.1,external
2026-07-12T18:00:00Z,REG-NORTH,WXS-NORTH-01,22.32,22.3,1.281,67.53,0,30.03,19.41,1014.01,external
2026-07-12T19:00:00Z,REG-NORTH,WXS-NORTH-01,21.68,21.69,0,68.71,0,37.52,19.5,1013.89,external
2026-07-12T20:00:00Z,REG-NORTH,WXS-NORTH-01,20.71,20.77,0,70.5,0,35.69,19.27,1013.75,external
2026-07-12T21:00:00Z,REG-NORTH,WXS-NORTH-01,19.87,20,0,72.06,0,41.11,18.56,1013.61,external
2026-07-12T22:00:00Z,REG-NORTH,WXS-NORTH-01,18.86,19.02,0,73.93,0,36.37,18.92,1013.47,external
2026-07-12T23:00:00Z,REG-NORTH,WXS-NORTH-01,17.97,18.19,0,75.57,0,38.45,18.59,1013.34,external
2026-07-12T00:00:00Z,REG-CENTRAL,WXS-CENTRAL-01,20.7,20.68,0,69.52,0,41.41,20.51,1014.89,external
2026-07-12T01:00:00Z,REG-CENTRAL,WXS-CENTRAL-01,20.05,20.04,0,70.72,0,42.44,21.04,1014.95,external
2026-07-12T02:00:00Z,REG-CENTRAL,WXS-CENTRAL-01,19.6,19.58,0,71.56,0,38.82,21.66,1015.04,external
2026-07-12T03:00:00Z,REG-CENTRAL,WXS-CENTRAL-01,19.74,19.73,0,71.3,0,41.25,21.22,1015.16,external
2026-07-12T04:00:00Z,REG-CENTRAL,WXS-CENTRAL-01,19.77,19.78,0,71.25,0,41.38,20.64,1015.29,external
2026-07-12T05:00:00Z,REG-CENTRAL,WXS-CENTRAL-01,20.14,20.16,0,70.56,0,37.52,20.24,1015.43,external
2026-07-12T06:00:00Z,REG-CENTRAL,WXS-CENTRAL-01,20.6,20.59,0,69.71,0,34.62,20.27,1015.58,external
2026-07-12T07:00:00Z,REG-CENTRAL,WXS-CENTRAL-01,21.32,21.24,1.54,68.38,0,36.22,21.18,1015.71,external
2026-07-12T08:00:00Z,REG-CENTRAL,WXS-CENTRAL-01,22.52,22.38,2.991,66.16,0,38.4,21.22,1015.82,external
2026-07-12T09:00:00Z,REG-CENTRAL,WXS-CENTRAL-01,23.23,23,4.268,64.84,0,34.5,22.61,1015.9,external
2026-07-12T10:00:00Z,REG-CENTRAL,WXS-CENTRAL-01,24.17,24.04,5.297,63.1,0,31.78,19.36,1015.95,external
2026-07-12T11:00:00Z,REG-CENTRAL,WXS-CENTRAL-01,25.24,25.13,6.019,61.12,0,32.63,20.66,1015.97,external
2026-07-12T12:00:00Z,REG-CENTRAL,WXS-CENTRAL-01,25.87,25.83,6.39,59.96,0,34.72,19.9,1015.95,external
2026-07-12T13:00:00Z,REG-CENTRAL,WXS-CENTRAL-01,26.47,26.38,6.39,58.84,0,32.18,20.47,1015.89,external
2026-07-12T14:00:00Z,REG-CENTRAL,WXS-CENTRAL-01,26.77,26.62,6.019,58.3,0,33.35,19.86,1015.8,external
2026-07-12T15:00:00Z,REG-CENTRAL,WXS-CENTRAL-01,26.91,26.61,5.297,58.03,0,33.27,20.36,1015.68,external
2026-07-12T16:00:00Z,REG-CENTRAL,WXS-CENTRAL-01,26.9,26.56,4.268,58.06,0,33.13,21.17,1015.55,external
2026-07-12T17:00:00Z,REG-CENTRAL,WXS-CENTRAL-01,26.52,26.22,2.991,58.76,0,36.07,20.61,1015.41,external
2026-07-12T18:00:00Z,REG-CENTRAL,WXS-CENTRAL-01,25.96,25.7,1.54,59.8,0,37.68,20.3,1015.26,external
2026-07-12T19:00:00Z,REG-CENTRAL,WXS-CENTRAL-01,25.13,24.95,0,61.33,0,38.98,19.42,1015.13,external
2026-07-12T20:00:00Z,REG-CENTRAL,WXS-CENTRAL-01,24.22,24.05,0,63.01,0,41.01,20.22,1015.02,external
2026-07-12T21:00:00Z,REG-CENTRAL,WXS-CENTRAL-01,23.28,23.17,0,64.76,0,36.12,19.82,1014.94,external
2026-07-12T22:00:00Z,REG-CENTRAL,WXS-CENTRAL-01,22.39,22.3,0,66.4,0,35.62,20.27,1014.89,external
2026-07-12T23:00:00Z,REG-CENTRAL,WXS-CENTRAL-01,21.49,21.36,0,68.06,0,40.08,22.1,1014.87,external
2026-07-13T00:00:00Z,REG-COASTAL,WXS-COASTAL-01,24.65,25.07,0,73.22,0,27.95,12.83,1016.65,external
2026-07-13T01:00:00Z,REG-COASTAL,WXS-COASTAL-01,23.91,24.27,0,74.6,0,26.4,14.9,1016.79,external
2026-07-13T02:00:00Z,REG-COASTAL,WXS-COASTAL-01,23.5,23.99,0,75.36,0,25.97,12.41,1016.93,external
2026-07-13T03:00:00Z,REG-COASTAL,WXS-COASTAL-01,23.36,23.83,0,75.62,0,21.12,12.88,1017.04,external
2026-07-13T04:00:00Z,REG-COASTAL,WXS-COASTAL-01,23.64,24.07,0,75.11,0,23.66,13.63,1017.13,external
2026-07-13T05:00:00Z,REG-COASTAL,WXS-COASTAL-01,23.88,24.35,0,74.66,0,23.1,12.51,1017.18,external
2026-07-13T06:00:00Z,REG-COASTAL,WXS-COASTAL-01,24.72,25.12,0,73.09,0,25.89,13.16,1017.2,external
2026-07-13T07:00:00Z,REG-COASTAL,WXS-COASTAL-01,25.35,25.77,2.442,71.94,0,19.38,11.29,1017.18,external
2026-07-13T08:00:00Z,REG-COASTAL,WXS-COASTAL-01,26.55,26.92,4.742,69.72,0,23.53,12.02,1017.13,external
2026-07-13T09:00:00Z,REG-COASTAL,WXS-COASTAL-01,27.58,27.95,6.767,67.81,0,20.23,13.49,1017.04,external
2026-07-13T10:00:00Z,REG-COASTAL,WXS-COASTAL-01,28.78,29.36,8.398,65.58,0,20.75,13.31,1016.93,external
2026-07-13T11:00:00Z,REG-COASTAL,WXS-COASTAL-01,29.66,30.38,9.541,63.95,0,20.07,13.2,1016.79,external
2026-07-13T12:00:00Z,REG-COASTAL,WXS-COASTAL-01,30.51,31.24,10.13,62.38,0,19.43,14.03,1016.65,external
2026-07-13T13:00:00Z,REG-COASTAL,WXS-COASTAL-01,31.13,31.78,10.13,61.25,0,15.13,15.07,1016.51,external
2026-07-13T14:00:00Z,REG-COASTAL,WXS-COASTAL-01,31.55,32.23,9.541,60.46,0,18.3,11.73,1016.38,external
2026-07-13T15:00:00Z,REG-COASTAL,WXS-COASTAL-01,31.75,32.16,8.398,60.09,0,20.41,13.89,1016.26,external
2026-07-13T16:00:00Z,REG-COASTAL,WXS-COASTAL-01,31.65,31.8,6.767,60.28,0,22.37,14.31,1016.17,external
2026-07-13T17:00:00Z,REG-COASTAL,WXS-COASTAL-01,31.21,31.33,4.742,61.09,0,21.76,12.77,1016.12,external
2026-07-13T18:00:00Z,REG-COASTAL,WXS-COASTAL-01,30.54,30.62,2.442,62.34,0,22.7,14.18,1016.1,external
2026-07-13T19:00:00Z,REG-COASTAL,WXS-COASTAL-01,29.77,29.89,0,63.75,0,25.2,14.27,1016.12,external
2026-07-13T20:00:00Z,REG-COASTAL,WXS-COASTAL-01,28.78,29.01,0,65.59,0,24.87,12.82,1016.17,external
2026-07-13T21:00:00Z,REG-COASTAL,WXS-COASTAL-01,27.53,27.86,0,67.89,0,22.05,11.92,1016.26,external
2026-07-13T22:00:00Z,REG-COASTAL,WXS-COASTAL-01,26.59,26.9,0,69.65,0,23.3,13.06,1016.38,external
2026-07-13T23:00:00Z,REG-COASTAL,WXS-COASTAL-01,25.57,25.9,0,71.53,0,29.56,13.84,1016.51,external
2026-07-13T00:00:00Z,REG-SOUTH,WXS-SOUTH-01,25.41,25.57,0,66.32,0,23.7,14.66,1013.31,external
2026-07-13T01:00:00Z,REG-SOUTH,WXS-SOUTH-01,24.77,24.9,0,67.51,0,22.54,16.01,1013.37,external
2026-07-13T02:00:00Z,REG-SOUTH,WXS-SOUTH-01,24.37,24.54,0,68.25,0,24.76,15.38,1013.4,external
2026-07-13T03:00:00Z,REG-SOUTH,WXS-SOUTH-01,24.26,24.45,0,68.45,0,20.97,15.26,1013.39,external
2026-07-13T04:00:00Z,REG-SOUTH,WXS-SOUTH-01,24.3,24.51,0,68.38,0,22.59,14.81,1013.34,external
2026-07-13T05:00:00Z,REG-SOUTH,WXS-SOUTH-01,24.9,25.08,0,67.26,0,26.15,14.95,1013.26,external
2026-07-13T06:00:00Z,REG-SOUTH,WXS-SOUTH-01,25.49,25.6,0,66.18,0,25.91,15.72,1013.15,external
2026-07-13T07:00:00Z,REG-SOUTH,WXS-SOUTH-01,26.36,26.38,2.413,64.56,0,22.57,16.77,1013.02,external
2026-07-13T08:00:00Z,REG-SOUTH,WXS-SOUTH-01,27.31,27.35,4.687,62.81,0,18.59,15.43,1012.88,external
2026-07-13T09:00:00Z,REG-SOUTH,WXS-SOUTH-01,28.29,28.43,6.687,61,0,21.87,14.91,1012.73,external
2026-07-13T10:00:00Z,REG-SOUTH,WXS-SOUTH-01,29.41,29.73,8.299,58.93,0,17.77,15.2,1012.6,external
2026-07-13T11:00:00Z,REG-SOUTH,WXS-SOUTH-01,30.45,30.87,9.429,57,0,18.08,15.9,1012.48,external
2026-07-13T12:00:00Z,REG-SOUTH,WXS-SOUTH-01,31.45,31.99,10.011,55.14,0,17.16,14.3,1012.39,external
2026-07-13T13:00:00Z,REG-SOUTH,WXS-SOUTH-01,32.02,32.5,10.011,54.1,0,14.39,14.97,1012.33,external
2026-07-13T14:00:00Z,REG-SOUTH,WXS-SOUTH-01,32.48,32.75,9.429,53.24,0,14.8,17.25,1012.3,external
2026-07-13T15:00:00Z,REG-SOUTH,WXS-SOUTH-01,32.54,32.72,8.299,53.13,0,18.42,15.32,1012.31,external
2026-07-13T16:00:00Z,REG-SOUTH,WXS-SOUTH-01,32.47,32.43,6.687,53.26,0,17.71,14.74,1012.36,external
2026-07-13T17:00:00Z,REG-SOUTH,WXS-SOUTH-01,32.09,31.9,4.687,53.96,0,17.69,15.78,1012.44,external
2026-07-13T18:00:00Z,REG-SOUTH,WXS-SOUTH-01,31.39,31.25,2.413,55.26,0,21.98,15.3,1012.55,external
2026-07-13T19:00:00Z,REG-SOUTH,WXS-SOUTH-01,30.37,30.32,0,57.14,0,22.25,14.31,1012.68,external
2026-07-13T20:00:00Z,REG-SOUTH,WXS-SOUTH-01,29.51,29.38,0,58.74,0,25.88,16.91,1012.82,external
2026-07-13T21:00:00Z,REG-SOUTH,WXS-SOUTH-01,28.33,28.31,0,60.92,0,22.67,15.81,1012.97,external
2026-07-13T22:00:00Z,REG-SOUTH,WXS-SOUTH-01,27.34,27.29,0,62.75,0,27.16,17.51,1013.1,external
2026-07-13T23:00:00Z,REG-SOUTH,WXS-SOUTH-01,26.3,26.43,0,64.68,0,21.22,14.38,1013.22,external
2026-07-13T00:00:00Z,REG-DELTA,WXS-DELTA-01,27.14,27.62,0,83.89,0,32.02,17.5,1008.6,external
2026-07-13T01:00:00Z,REG-DELTA,WXS-DELTA-01,26.46,26.98,0,85.15,0,39.06,17.27,1008.52,external
2026-07-13T02:00:00Z,REG-DELTA,WXS-DELTA-01,26.18,26.7,0,85.66,0,35.13,17.51,1008.42,external
2026-07-13T03:00:00Z,REG-DELTA,WXS-DELTA-01,25.89,26.42,0,86.22,0,33.66,17.43,1008.29,external
2026-07-13T04:00:00Z,REG-DELTA,WXS-DELTA-01,25.97,26.52,0,86.07,0,36.49,16.85,1008.15,external
2026-07-13T05:00:00Z,REG-DELTA,WXS-DELTA-01,26.52,27.01,0,85.04,0,34.89,17.87,1008.01,external
2026-07-13T06:00:00Z,REG-DELTA,WXS-DELTA-01,27.15,27.69,0,83.88,0,35.19,15.95,1007.87,external
2026-07-13T07:00:00Z,REG-DELTA,WXS-DELTA-01,27.99,28.4,2.389,82.32,0,35.95,18.06,1007.75,external
2026-07-13T08:00:00Z,REG-DELTA,WXS-DELTA-01,28.87,29.23,4.638,80.7,0,29.81,18.25,1007.65,external
2026-07-13T09:00:00Z,REG-DELTA,WXS-DELTA-01,29.67,29.98,6.618,79.21,0,30.27,18.61,1007.58,external
2026-07-13T10:00:00Z,REG-DELTA,WXS-DELTA-01,30.96,31.46,8.214,76.84,0,31.22,16.47,1007.55,external
2026-07-13T11:00:00Z,REG-DELTA,WXS-DELTA-01,31.74,32.28,9.332,75.39,0,28.75,17.99,1007.56,external
2026-07-13T12:00:00Z,REG-DELTA,WXS-DELTA-01,32.56,33.15,9.908,73.87,0,23.44,17.84,1007.6,external
2026-07-13T13:00:00Z,REG-DELTA,WXS-DELTA-01,33.06,33.61,9.908,72.94,0,29.18,18.11,1007.68,external
2026-07-13T14:00:00Z,REG-DELTA,WXS-DELTA-01,33.39,33.93,9.332,72.33,0,26.81,16.35,1007.78,external
2026-07-13T15:00:00Z,REG-DELTA,WXS-DELTA-01,33.68,34.02,8.214,71.8,0,29.13,17.06,1007.91,external
2026-07-13T16:00:00Z,REG-DELTA,WXS-DELTA-01,33.56,33.75,6.618,72.02,0,29.61,17.32,1008.05,external
2026-07-13T17:00:00Z,REG-DELTA,WXS-DELTA-01,33.28,33.5,4.638,72.55,0,35.43,16.71,1008.19,external
2026-07-13T18:00:00Z,REG-DELTA,WXS-DELTA-01,32.56,32.76,2.389,73.86,0,34.53,18.17,1008.33,external
2026-07-13T19:00:00Z,REG-DELTA,WXS-DELTA-01,31.87,32.15,0,75.14,0,37.9,17.02,1008.45,external
2026-07-13T20:00:00Z,REG-DELTA,WXS-DELTA-01,30.7,30.98,0,77.32,0,31.46,18.12,1008.55,external
2026-07-13T21:00:00Z,REG-DELTA,WXS-DELTA-01,29.73,30.13,0,79.11,0,37.56,16.56,1008.62,external
2026-07-13T22:00:00Z,REG-DELTA,WXS-DELTA-01,28.88,29.29,0,80.68,0,34.02,17.09,1008.65,external
2026-07-13T23:00:00Z,REG-DELTA,WXS-DELTA-01,27.86,28.32,0,82.56,0,37.5,17.23,1008.64,external
2026-07-13T00:00:00Z,REG-ISLAND,WXS-ISLAND-01,25.56,26.1,0,79.95,0,35.08,13.74,1008.62,external
2026-07-13T01:00:00Z,REG-ISLAND,WXS-ISLAND-01,25.07,25.61,0,80.84,0,35.09,14.42,1008.47,external
2026-07-13T02:00:00Z,REG-ISLAND,WXS-ISLAND-01,24.54,25.16,0,81.82,0,37.1,13.18,1008.33,external
2026-07-13T03:00:00Z,REG-ISLAND,WXS-ISLAND-01,24.46,24.97,0,81.97,0,37.06,15.57,1008.21,external
2026-07-13T04:00:00Z,REG-ISLAND,WXS-ISLAND-01,24.54,25.04,0,81.83,0,37.12,15.8,1008.11,external
2026-07-13T05:00:00Z,REG-ISLAND,WXS-ISLAND-01,25,25.54,0,80.98,0,34.67,14.38,1008.03,external
2026-07-13T06:00:00Z,REG-ISLAND,WXS-ISLAND-01,25.53,26.03,0,80,0,37.69,14.7,1008,external
2026-07-13T07:00:00Z,REG-ISLAND,WXS-ISLAND-01,26.39,26.94,2.411,78.41,0,32.42,12.78,1007.99,external
2026-07-13T08:00:00Z,REG-ISLAND,WXS-ISLAND-01,27.13,27.55,4.681,77.03,0,30.42,14.85,1008.03,external
2026-07-13T09:00:00Z,REG-ISLAND,WXS-ISLAND-01,27.96,28.34,6.68,75.5,0,29.11,14.91,1008.1,external
2026-07-13T10:00:00Z,REG-ISLAND,WXS-ISLAND-01,29.05,29.58,8.29,73.49,0,32.7,14.1,1008.2,external
2026-07-13T11:00:00Z,REG-ISLAND,WXS-ISLAND-01,29.88,30.5,9.419,71.94,0,26.36,14.58,1008.32,external
2026-07-13T12:00:00Z,REG-ISLAND,WXS-ISLAND-01,30.67,31.34,10,70.48,0,31.84,14.33,1008.46,external
2026-07-13T13:00:00Z,REG-ISLAND,WXS-ISLAND-01,31.33,31.96,10,69.27,0,27.66,14.38,1008.61,external
2026-07-13T14:00:00Z,REG-ISLAND,WXS-ISLAND-01,31.65,32.17,9.419,68.68,0,28.55,14.84,1008.75,external
2026-07-13T15:00:00Z,REG-ISLAND,WXS-ISLAND-01,31.77,32.18,8.29,68.45,0,33.09,13.91,1008.87,external
2026-07-13T16:00:00Z,REG-ISLAND,WXS-ISLAND-01,31.51,31.75,6.68,68.94,0,29.59,14.48,1008.97,external
2026-07-13T17:00:00Z,REG-ISLAND,WXS-ISLAND-01,31.22,31.45,4.681,69.48,0,34.42,14.82,1009.05,external
2026-07-13T18:00:00Z,REG-ISLAND,WXS-ISLAND-01,30.62,30.94,2.411,70.57,0,36.31,13.57,1009.08,external
2026-07-13T19:00:00Z,REG-ISLAND,WXS-ISLAND-01,29.75,30.12,0,72.18,0,38.32,13.35,1009.09,external
2026-07-13T20:00:00Z,REG-ISLAND,WXS-ISLAND-01,29.11,29.51,0,73.37,0,34.04,13.45,1009.05,external
2026-07-13T21:00:00Z,REG-ISLAND,WXS-ISLAND-01,28.06,28.47,0,75.32,0,36.74,14.16,1008.98,external
2026-07-13T22:00:00Z,REG-ISLAND,WXS-ISLAND-01,27.08,27.44,0,77.14,0,37.97,16.1,1008.88,external
2026-07-13T23:00:00Z,REG-ISLAND,WXS-ISLAND-01,26.29,26.78,0,78.59,0,32.52,14.31,1008.76,external
2026-07-13T00:00:00Z,REG-NORTH,WXS-NORTH-01,17.74,17.92,0,80.35,0,84.62,22.09,1010.81,external
2026-07-13T01:00:00Z,REG-NORTH,WXS-NORTH-01,17.41,17.59,0,80.98,0,83.9,22.44,1010.73,external
2026-07-13T02:00:00Z,REG-NORTH,WXS-NORTH-01,17.19,17.39,0,81.38,0,90.54,22.17,1010.69,external
2026-07-13T03:00:00Z,REG-NORTH,WXS-NORTH-01,17.22,17.41,0,81.33,0,83.14,22.3,1010.68,external
2026-07-13T04:00:00Z,REG-NORTH,WXS-NORTH-01,17.3,17.52,0,81.17,0,85.22,21.77,1010.71,external
2026-07-13T05:00:00Z,REG-NORTH,WXS-NORTH-01,17.33,17.47,0,81.12,0,86.5,23.49,1010.78,external
2026-07-13T06:00:00Z,REG-NORTH,WXS-NORTH-01,17.84,18.08,0,80.17,0,84.41,20.69,1010.87,external
2026-07-13T07:00:00Z,REG-NORTH,WXS-NORTH-01,18.32,18.5,0.974,83.29,1.66,94.39,23.69,1010.99,external
2026-07-13T08:00:00Z,REG-NORTH,WXS-NORTH-01,18.79,18.9,1.891,82.41,1.869,94.65,24.8,1011.13,external
2026-07-13T09:00:00Z,REG-NORTH,WXS-NORTH-01,19.31,19.44,2.699,81.45,1.75,93.75,23.93,1011.27,external
2026-07-13T10:00:00Z,REG-NORTH,WXS-NORTH-01,19.96,20.02,3.349,80.25,2.211,94.5,24.75,1011.41,external
2026-07-13T11:00:00Z,REG-NORTH,WXS-NORTH-01,20.62,20.64,3.805,75.03,0,80.25,22.69,1011.54,external
2026-07-13T12:00:00Z,REG-NORTH,WXS-NORTH-01,21.15,21.13,4.04,74.06,0,81.59,22.97,1011.65,external
2026-07-13T13:00:00Z,REG-NORTH,WXS-NORTH-01,21.52,21.55,4.04,73.37,0,78.92,21.41,1011.73,external
2026-07-13T14:00:00Z,REG-NORTH,WXS-NORTH-01,21.76,21.78,3.805,72.93,0,80.49,21.45,1011.77,external
2026-07-13T15:00:00Z,REG-NORTH,WXS-NORTH-01,21.79,21.78,3.349,72.88,0,81.5,22.08,1011.78,external
2026-07-13T16:00:00Z,REG-NORTH,WXS-NORTH-01,21.79,21.77,2.699,72.87,0,79.43,22.45,1011.75,external
2026-07-13T17:00:00Z,REG-NORTH,WXS-NORTH-01,21.45,21.44,1.891,73.51,0,82.98,22.3,1011.68,external
2026-07-13T18:00:00Z,REG-NORTH,WXS-NORTH-01,21.24,21.22,0.974,73.89,0,88.77,22.93,1011.59,external
2026-07-13T19:00:00Z,REG-NORTH,WXS-NORTH-01,20.6,20.73,0,75.07,0,85.47,20.14,1011.47,external
2026-07-13T20:00:00Z,REG-NORTH,WXS-NORTH-01,20.17,20.21,0,75.87,0,81.45,22.73,1011.33,external
2026-07-13T21:00:00Z,REG-NORTH,WXS-NORTH-01,19.51,19.61,0,77.08,0,83.67,22.17,1011.19,external
2026-07-13T22:00:00Z,REG-NORTH,WXS-NORTH-01,18.97,19.2,0,78.08,0,89.08,19.83,1011.05,external
2026-07-13T23:00:00Z,REG-NORTH,WXS-NORTH-01,18.31,18.46,0,79.3,0,82.92,22.11,1010.92,external
2026-07-13T00:00:00Z,REG-CENTRAL,WXS-CENTRAL-01,20.41,20.44,0,64.85,0,45.21,16.76,1016.57,external
2026-07-13T01:00:00Z,REG-CENTRAL,WXS-CENTRAL-01,19.89,19.9,0,65.82,0,40.89,17.88,1016.63,external
2026-07-13T02:00:00Z,REG-CENTRAL,WXS-CENTRAL-01,19.68,19.72,0,66.2,0,42.51,17.45,1016.72,external
2026-07-13T03:00:00Z,REG-CENTRAL,WXS-CENTRAL-01,19.62,19.71,0,66.32,0,44.81,16.11,1016.84,external
2026-07-13T04:00:00Z,REG-CENTRAL,WXS-CENTRAL-01,19.79,19.84,0,66.01,0,46.82,17,1016.97,external
2026-07-13T05:00:00Z,REG-CENTRAL,WXS-CENTRAL-01,19.95,19.96,0,65.71,0,44.29,17.7,1017.11,external
2026-07-13T06:00:00Z,REG-CENTRAL,WXS-CENTRAL-01,20.5,20.5,0,64.69,0,41.33,17.41,1017.26,external
2026-07-13T07:00:00Z,REG-CENTRAL,WXS-CENTRAL-01,21.21,21.12,1.534,63.38,0,43.75,18.46,1017.39,external
2026-07-13T08:00:00Z,REG-CENTRAL,WXS-CENTRAL-01,21.99,21.97,2.98,61.94,0,37.7,16.3,1017.5,external
2026-07-13T09:00:00Z,REG-CENTRAL,WXS-CENTRAL-01,22.91,22.81,4.252,60.24,0,38.78,17.03,1017.58,external
2026-07-13T10:00:00Z,REG-CENTRAL,WXS-CENTRAL-01,23.72,23.65,5.277,58.73,0,36.49,15.74,1017.63,external
2026-07-13T11:00:00Z,REG-CENTRAL,WXS-CENTRAL-01,24.72,24.54,5.995,56.89,0,36.18,18.34,1017.65,external
2026-07-13T12:00:00Z,REG-CENTRAL,WXS-CENTRAL-01,25.4,25.33,6.365,55.62,0,36.64,16.67,1017.63,external
2026-07-13T13:00:00Z,REG-CENTRAL,WXS-CENTRAL-01,26.01,25.9,6.365,54.49,0,38.29,16.94,1017.57,external
2026-07-13T14:00:00Z,REG-CENTRAL,WXS-CENTRAL-01,26.22,26.04,5.995,54.11,0,37.26,16.9,1017.48,external
2026-07-13T15:00:00Z,REG-CENTRAL,WXS-CENTRAL-01,26.46,26.18,5.277,53.65,0,37.39,17.5,1017.36,external
2026-07-13T16:00:00Z,REG-CENTRAL,WXS-CENTRAL-01,26.53,26.3,4.252,53.53,0,34.78,16.36,1017.23,external
2026-07-13T17:00:00Z,REG-CENTRAL,WXS-CENTRAL-01,25.88,25.62,2.98,54.73,0,40.2,17.66,1017.09,external
2026-07-13T18:00:00Z,REG-CENTRAL,WXS-CENTRAL-01,25.33,25.09,1.534,55.75,0,39.86,17.82,1016.94,external
2026-07-13T19:00:00Z,REG-CENTRAL,WXS-CENTRAL-01,24.67,24.49,0,56.98,0,45.85,17.16,1016.81,external
2026-07-13T20:00:00Z,REG-CENTRAL,WXS-CENTRAL-01,23.78,23.65,0,58.62,0,41.19,16.97,1016.7,external
2026-07-13T21:00:00Z,REG-CENTRAL,WXS-CENTRAL-01,23.04,22.96,0,60,0,46.98,16.47,1016.62,external
2026-07-13T22:00:00Z,REG-CENTRAL,WXS-CENTRAL-01,22.25,22.22,0,61.45,0,44.31,16.18,1016.57,external
2026-07-13T23:00:00Z,REG-CENTRAL,WXS-CENTRAL-01,21.32,21.26,0,63.17,0,40.29,17.83,1016.55,external
2026-07-14T00:00:00Z,REG-COASTAL,WXS-COASTAL-01,24.72,25.02,0,72.38,0,25,15.02,1017.65,external
2026-07-14T01:00:00Z,REG-COASTAL,WXS-COASTAL-01,24.09,24.52,0,73.54,0,29.45,12.74,1017.79,external
2026-07-14T02:00:00Z,REG-COASTAL,WXS-COASTAL-01,23.81,24.23,0,74.05,0,29.03,13.24,1017.93,external
2026-07-14T03:00:00Z,REG-COASTAL,WXS-COASTAL-01,23.66,24.04,0,74.33,0,29.1,14.29,1018.04,external
2026-07-14T04:00:00Z,REG-COASTAL,WXS-COASTAL-01,23.75,24.09,0,74.16,0,30.39,15.25,1018.13,external
2026-07-14T05:00:00Z,REG-COASTAL,WXS-COASTAL-01,24.04,24.44,0,73.63,0,28.5,13.59,1018.18,external
2026-07-14T06:00:00Z,REG-COASTAL,WXS-COASTAL-01,24.87,25.17,0,72.09,0,25.04,14.92,1018.2,external
2026-07-14T07:00:00Z,REG-COASTAL,WXS-COASTAL-01,25.71,26.01,2.429,70.54,0,27.5,14.04,1018.18,external
2026-07-14T08:00:00Z,REG-COASTAL,WXS-COASTAL-01,26.71,26.93,4.716,68.69,0,21.36,14.66,1018.13,external
2026-07-14T09:00:00Z,REG-COASTAL,WXS-COASTAL-01,27.74,28.04,6.729,66.78,0,25.56,13.69,1018.04,external
2026-07-14T10:00:00Z,REG-COASTAL,WXS-COASTAL-01,28.77,29.21,8.352,64.88,0,23.17,14.83,1017.93,external
2026-07-14T11:00:00Z,REG-COASTAL,WXS-COASTAL-01,29.81,30.46,9.489,62.95,0,22.36,12.9,1017.79,external
2026-07-14T12:00:00Z,REG-COASTAL,WXS-COASTAL-01,30.66,31.31,10.074,61.39,0,17.31,13.85,1017.65,external
2026-07-14T13:00:00Z,REG-COASTAL,WXS-COASTAL-01,31.29,31.92,10.074,60.22,0,24.47,13.53,1017.51,external
2026-07-14T14:00:00Z,REG-COASTAL,WXS-COASTAL-01,31.6,32.11,9.489,59.65,0,22.61,13.95,1017.38,external
2026-07-14T15:00:00Z,REG-COASTAL,WXS-COASTAL-01,31.62,31.95,8.352,59.6,0,22.21,14.48,1017.26,external
2026-07-14T16:00:00Z,REG-COASTAL,WXS-COASTAL-01,31.59,31.74,6.729,59.67,0,23.22,13.01,1017.17,external
2026-07-14T17:00:00Z,REG-COASTAL,WXS-COASTAL-01,31.18,31.21,4.716,60.42,0,22.08,14.41,1017.12,external
2026-07-14T18:00:00Z,REG-COASTAL,WXS-COASTAL-01,30.62,30.72,2.429,61.46,0,26.68,13.36,1017.1,external
2026-07-14T19:00:00Z,REG-COASTAL,WXS-COASTAL-01,29.74,29.84,0,63.09,0,28.61,14.34,1017.12,external
2026-07-14T20:00:00Z,REG-COASTAL,WXS-COASTAL-01,28.78,28.98,0,64.86,0,27.23,13.08,1017.17,external
2026-07-14T21:00:00Z,REG-COASTAL,WXS-COASTAL-01,27.55,27.77,0,67.13,0,28.89,13.87,1017.26,external
2026-07-14T22:00:00Z,REG-COASTAL,WXS-COASTAL-01,26.83,27.12,0,68.47,0,23.43,13.03,1017.38,external
2026-07-14T23:00:00Z,REG-COASTAL,WXS-COASTAL-01,25.64,26.01,0,70.66,0,26.51,12.52,1017.51,external
2026-07-14T00:00:00Z,REG-SOUTH,WXS-SOUTH-01,25.56,25.8,0,69.14,0,27.05,14.49,1012.62,external
2026-07-14T01:00:00Z,REG-SOUTH,WXS-SOUTH-01,25,25.26,0,70.17,0,32.76,14.59,1012.68,external
2026-07-14T02:00:00Z,REG-SOUTH,WXS-SOUTH-01,24.64,24.87,0,70.84,0,27.63,15.51,1012.71,external
2026-07-14T03:00:00Z,REG-SOUTH,WXS-SOUTH-01,24.41,24.75,0,71.27,0,25.15,13.46,1012.7,external
2026-07-14T04:00:00Z,REG-SOUTH,WXS-SOUTH-01,24.77,25.02,0,70.59,0,30.7,15.28,1012.65,external
2026-07-14T05:00:00Z,REG-SOUTH,WXS-SOUTH-01,25.05,25.32,0,70.08,0,26.12,14.28,1012.57,external
2026-07-14T06:00:00Z,REG-SOUTH,WXS-SOUTH-01,25.83,26.08,0,68.63,0,27.84,14.03,1012.46,external
2026-07-14T07:00:00Z,REG-SOUTH,WXS-SOUTH-01,26.61,26.79,2.409,67.2,0,27.3,14.82,1012.33,external
2026-07-14T08:00:00Z,REG-SOUTH,WXS-SOUTH-01,27.48,27.64,4.677,65.58,0,25.99,14.33,1012.19,external
2026-07-14T09:00:00Z,REG-SOUTH,WXS-SOUTH-01,28.54,28.72,6.674,63.61,0,21.94,14.44,1012.04,external
2026-07-14T10:00:00Z,REG-SOUTH,WXS-SOUTH-01,29.72,30.08,8.283,61.44,0,22.47,14.37,1011.91,external
2026-07-14T11:00:00Z,REG-SOUTH,WXS-SOUTH-01,30.81,31.27,9.41,59.42,0,22.26,14.67,1011.79,external
2026-07-14T12:00:00Z,REG-SOUTH,WXS-SOUTH-01,31.59,32.14,9.991,57.97,0,20.82,13.82,1011.7,external
2026-07-14T13:00:00Z,REG-SOUTH,WXS-SOUTH-01,32.12,32.71,9.991,57,0,21.21,12.46,1011.64,external
2026-07-14T14:00:00Z,REG-SOUTH,WXS-SOUTH-01,32.66,33.01,9.41,56,0,22.55,15.28,1011.61,external
2026-07-14T15:00:00Z,REG-SOUTH,WXS-SOUTH-01,32.65,32.87,8.283,56.02,0,21.11,14.45,1011.62,external
2026-07-14T16:00:00Z,REG-SOUTH,WXS-SOUTH-01,32.6,32.56,6.674,56.11,0,23.86,14.94,1011.67,external
2026-07-14T17:00:00Z,REG-SOUTH,WXS-SOUTH-01,32.09,32.07,4.677,57.06,0,24.14,13.48,1011.75,external
2026-07-14T18:00:00Z,REG-SOUTH,WXS-SOUTH-01,31.37,31.35,2.409,58.39,0,27.31,14.36,1011.86,external
2026-07-14T19:00:00Z,REG-SOUTH,WXS-SOUTH-01,30.67,30.6,0,59.68,0,29.73,16.02,1011.99,external
2026-07-14T20:00:00Z,REG-SOUTH,WXS-SOUTH-01,29.62,29.58,0,61.63,0,26.51,16.42,1012.13,external
2026-07-14T21:00:00Z,REG-SOUTH,WXS-SOUTH-01,28.53,28.56,0,63.65,0,27.27,15.99,1012.28,external
2026-07-14T22:00:00Z,REG-SOUTH,WXS-SOUTH-01,27.56,27.66,0,65.44,0,27.15,15.45,1012.41,external
2026-07-14T23:00:00Z,REG-SOUTH,WXS-SOUTH-01,26.54,26.7,0,67.32,0,30.55,15.22,1012.53,external
2026-07-14T00:00:00Z,REG-DELTA,WXS-DELTA-01,27.45,27.87,0,80.82,0,37.86,17.21,1008.92,external
2026-07-14T01:00:00Z,REG-DELTA,WXS-DELTA-01,27.07,27.65,0,81.53,0,35.36,14.02,1008.84,external
2026-07-14T02:00:00Z,REG-DELTA,WXS-DELTA-01,26.79,27.24,0,82.04,0,33.4,17.12,1008.74,external
2026-07-14T03:00:00Z,REG-DELTA,WXS-DELTA-01,26.64,27.16,0,82.32,0,37.24,15.71,1008.61,external
2026-07-14T04:00:00Z,REG-DELTA,WXS-DELTA-01,26.7,27.19,0,82.22,0,38.39,16.15,1008.47,external
2026-07-14T05:00:00Z,REG-DELTA,WXS-DELTA-01,27.11,27.53,0,81.47,0,36.99,17.33,1008.33,external
2026-07-14T06:00:00Z,REG-DELTA,WXS-DELTA-01,27.52,27.99,0,80.69,0,36.79,15.88,1008.19,external
2026-07-14T07:00:00Z,REG-DELTA,WXS-DELTA-01,28.42,28.78,2.415,79.04,0,33.89,17.25,1008.07,external
2026-07-14T08:00:00Z,REG-DELTA,WXS-DELTA-01,29.18,29.63,4.69,77.62,0,31.02,14.63,1007.97,external
2026-07-14T09:00:00Z,REG-DELTA,WXS-DELTA-01,30.21,30.47,6.692,75.73,0,30.66,17.64,1007.9,external
2026-07-14T10:00:00Z,REG-DELTA,WXS-DELTA-01,30.91,31.35,8.305,74.43,0,32.11,16.29,1007.87,external
2026-07-14T11:00:00Z,REG-DELTA,WXS-DELTA-01,31.63,32.16,9.436,73.09,0,33.56,16.72,1007.88,external
2026-07-14T12:00:00Z,REG-DELTA,WXS-DELTA-01,32.39,32.99,10.018,71.7,0,27,15.97,1007.92,external
2026-07-14T13:00:00Z,REG-DELTA,WXS-DELTA-01,33.05,33.63,10.018,70.48,0,26.85,15.71,1008,external
2026-07-14T14:00:00Z,REG-DELTA,WXS-DELTA-01,33.28,33.79,9.436,70.05,0,24.64,15.51,1008.1,external
2026-07-14T15:00:00Z,REG-DELTA,WXS-DELTA-01,33.48,33.8,8.305,69.68,0,27.82,16.18,1008.23,external
2026-07-14T16:00:00Z,REG-DELTA,WXS-DELTA-01,33.5,33.71,6.692,69.64,0,27.9,15.35,1008.37,external
2026-07-14T17:00:00Z,REG-DELTA,WXS-DELTA-01,33,33.22,4.69,70.56,0,31.4,15.8,1008.51,external
2026-07-14T18:00:00Z,REG-DELTA,WXS-DELTA-01,32.57,32.79,2.415,71.35,0,36.22,16.31,1008.65,external
2026-07-14T19:00:00Z,REG-DELTA,WXS-DELTA-01,31.73,31.99,0,72.9,0,39.66,16.38,1008.77,external
2026-07-14T20:00:00Z,REG-DELTA,WXS-DELTA-01,31.06,31.42,0,74.15,0,36.98,14.71,1008.87,external
2026-07-14T21:00:00Z,REG-DELTA,WXS-DELTA-01,29.95,30.32,0,76.21,0,35.59,15.56,1008.94,external
2026-07-14T22:00:00Z,REG-DELTA,WXS-DELTA-01,29.17,29.58,0,77.65,0,40.19,15.43,1008.97,external
2026-07-14T23:00:00Z,REG-DELTA,WXS-DELTA-01,28.39,28.76,0,79.1,0,36.6,17.09,1008.96,external
2026-07-14T00:00:00Z,REG-ISLAND,WXS-ISLAND-01,25.78,26.01,0,78.89,0,39.52,20.16,1009.67,external
2026-07-14T01:00:00Z,REG-ISLAND,WXS-ISLAND-01,25.27,25.59,0,79.84,0,36.26,18.55,1009.52,external
2026-07-14T02:00:00Z,REG-ISLAND,WXS-ISLAND-01,24.75,25.12,0,80.8,0,44.43,18.18,1009.38,external
2026-07-14T03:00:00Z,REG-ISLAND,WXS-ISLAND-01,24.72,25.1,0,80.86,0,38.95,17.76,1009.26,external
2026-07-14T04:00:00Z,REG-ISLAND,WXS-ISLAND-01,24.96,25.33,0,80.4,0,40.87,17.95,1009.16,external
2026-07-14T05:00:00Z,REG-ISLAND,WXS-ISLAND-01,25.13,25.46,0,80.1,0,42.09,18.52,1009.08,external
2026-07-14T06:00:00Z,REG-ISLAND,WXS-ISLAND-01,25.86,26.06,0,78.75,0,36.16,20.59,1009.05,external
2026-07-14T07:00:00Z,REG-ISLAND,WXS-ISLAND-01,26.66,26.91,2.426,77.27,0,37.05,18.88,1009.04,external
2026-07-14T08:00:00Z,REG-ISLAND,WXS-ISLAND-01,27.41,27.63,4.711,75.88,0,38.08,18.75,1009.08,external
2026-07-14T09:00:00Z,REG-ISLAND,WXS-ISLAND-01,28.42,28.56,6.722,74.01,0,36.66,19.36,1009.15,external
2026-07-14T10:00:00Z,REG-ISLAND,WXS-ISLAND-01,29.38,29.52,8.343,72.23,0,32.82,20.58,1009.25,external
2026-07-14T11:00:00Z,REG-ISLAND,WXS-ISLAND-01,30.23,30.47,9.478,70.67,0,33.91,20.17,1009.37,external
2026-07-14T12:00:00Z,REG-ISLAND,WXS-ISLAND-01,31.09,31.41,10.063,69.08,0,35.42,19.07,1009.51,external
2026-07-14T13:00:00Z,REG-ISLAND,WXS-ISLAND-01,31.66,31.99,10.063,68.02,0,31.93,18.52,1009.66,external
2026-07-14T14:00:00Z,REG-ISLAND,WXS-ISLAND-01,32.05,32.28,9.478,67.3,0,30.82,18.69,1009.8,external
2026-07-14T15:00:00Z,REG-ISLAND,WXS-ISLAND-01,32.04,32.08,8.343,67.3,0,38.67,20,1009.92,external
2026-07-14T16:00:00Z,REG-ISLAND,WXS-ISLAND-01,32.06,32,6.722,67.27,0,34.83,20.08,1010.02,external
2026-07-14T17:00:00Z,REG-ISLAND,WXS-ISLAND-01,31.57,31.6,4.711,68.18,0,40.32,18.78,1010.1,external
2026-07-14T18:00:00Z,REG-ISLAND,WXS-ISLAND-01,31.09,31.05,2.426,69.06,0,43.04,20.78,1010.13,external
2026-07-14T19:00:00Z,REG-ISLAND,WXS-ISLAND-01,30.36,30.4,0,70.41,0,38.04,19.7,1010.14,external
2026-07-14T20:00:00Z,REG-ISLAND,WXS-ISLAND-01,29.41,29.58,0,72.17,0,38.37,17.72,1010.1,external
2026-07-14T21:00:00Z,REG-ISLAND,WXS-ISLAND-01,28.53,28.7,0,73.81,0,39.91,18.76,1010.03,external
2026-07-14T22:00:00Z,REG-ISLAND,WXS-ISLAND-01,27.41,27.59,0,75.89,0,39.29,19.52,1009.93,external
2026-07-14T23:00:00Z,REG-ISLAND,WXS-ISLAND-01,26.49,26.72,0,77.58,0,40.6,19.35,1009.81,external
2026-07-14T00:00:00Z,REG-NORTH,WXS-NORTH-01,17.42,17.81,0,76.85,0,34.14,15.38,1013.89,external
2026-07-14T01:00:00Z,REG-NORTH,WXS-NORTH-01,16.69,17.17,0,78.2,0,33.1,14.1,1013.81,external
2026-07-14T02:00:00Z,REG-NORTH,WXS-NORTH-01,16.19,16.68,0,79.12,0,35.97,14.58,1013.77,external
2026-07-14T03:00:00Z,REG-NORTH,WXS-NORTH-01,16.12,16.6,0,79.25,0,37.78,14.89,1013.76,external
2026-07-14T04:00:00Z,REG-NORTH,WXS-NORTH-01,16.2,16.64,0,79.11,0,38.62,15.56,1013.79,external
2026-07-14T05:00:00Z,REG-NORTH,WXS-NORTH-01,16.77,17.19,0,78.04,0,33.47,15.6,1013.86,external
2026-07-14T06:00:00Z,REG-NORTH,WXS-NORTH-01,17.4,17.78,0,76.88,0,34.27,15.66,1013.95,external
2026-07-14T07:00:00Z,REG-NORTH,WXS-NORTH-01,18.17,18.58,1.315,75.45,0,32.53,14.35,1014.07,external
2026-07-14T08:00:00Z,REG-NORTH,WXS-NORTH-01,19.08,19.47,2.554,73.77,0,29.98,13.82,1014.21,external
2026-07-14T09:00:00Z,REG-NORTH,WXS-NORTH-01,20.2,20.53,3.645,71.7,0,31.93,14.06,1014.35,external
2026-07-14T10:00:00Z,REG-NORTH,WXS-NORTH-01,21.3,21.56,4.523,69.67,0,28.66,16.2,1014.49,external
2026-07-14T11:00:00Z,REG-NORTH,WXS-NORTH-01,22.3,22.73,5.139,67.81,0,26.49,14.45,1014.62,external
2026-07-14T12:00:00Z,REG-NORTH,WXS-NORTH-01,23.09,23.49,5.456,66.36,0,27.89,15.78,1014.73,external
2026-07-14T13:00:00Z,REG-NORTH,WXS-NORTH-01,23.72,24.13,5.456,65.19,0,29.24,15.04,1014.81,external
2026-07-14T14:00:00Z,REG-NORTH,WXS-NORTH-01,24.02,24.3,5.139,64.63,0,24.66,15.92,1014.85,external
2026-07-14T15:00:00Z,REG-NORTH,WXS-NORTH-01,24.22,24.4,4.523,64.26,0,27.2,15.1,1014.86,external
2026-07-14T16:00:00Z,REG-NORTH,WXS-NORTH-01,24.03,24.02,3.645,64.61,0,29.8,17.66,1014.83,external
2026-07-14T17:00:00Z,REG-NORTH,WXS-NORTH-01,23.65,23.77,2.554,65.31,0,32.65,15.03,1014.76,external
2026-07-14T18:00:00Z,REG-NORTH,WXS-NORTH-01,22.98,23.14,1.315,66.56,0,32.91,14.87,1014.67,external
2026-07-14T19:00:00Z,REG-NORTH,WXS-NORTH-01,22.1,22.4,0,68.18,0,38.54,12.66,1014.55,external
2026-07-14T20:00:00Z,REG-NORTH,WXS-NORTH-01,21.16,21.4,0,69.93,0,35.89,14.83,1014.41,external
2026-07-14T21:00:00Z,REG-NORTH,WXS-NORTH-01,20.17,20.49,0,71.76,0,33.57,14.27,1014.27,external
2026-07-14T22:00:00Z,REG-NORTH,WXS-NORTH-01,19.11,19.49,0,73.71,0,36.55,14.07,1014.13,external
2026-07-14T23:00:00Z,REG-NORTH,WXS-NORTH-01,18.2,18.55,0,75.39,0,36.26,15.57,1014,external
2026-07-14T00:00:00Z,REG-CENTRAL,WXS-CENTRAL-01,20.77,20.93,0,68.98,0,42.65,16.33,1016.16,external
2026-07-14T01:00:00Z,REG-CENTRAL,WXS-CENTRAL-01,20.09,20.27,0,70.24,0,41.28,16.56,1016.22,external
2026-07-14T02:00:00Z,REG-CENTRAL,WXS-CENTRAL-01,19.75,19.97,0,70.88,0,41.42,15.92,1016.31,external
2026-07-14T03:00:00Z,REG-CENTRAL,WXS-CENTRAL-01,19.78,20.01,0,70.81,0,37.65,15.78,1016.43,external
2026-07-14T04:00:00Z,REG-CENTRAL,WXS-CENTRAL-01,19.79,19.97,0,70.81,0,40.96,16.64,1016.56,external
2026-07-14T05:00:00Z,REG-CENTRAL,WXS-CENTRAL-01,20.12,20.3,0,70.19,0,46.61,16.4,1016.7,external
2026-07-14T06:00:00Z,REG-CENTRAL,WXS-CENTRAL-01,20.76,20.99,0,69,0,40.87,14.76,1016.85,external
2026-07-14T07:00:00Z,REG-CENTRAL,WXS-CENTRAL-01,21.46,21.62,1.544,67.72,0,41.21,15.47,1016.98,external
2026-07-14T08:00:00Z,REG-CENTRAL,WXS-CENTRAL-01,22.18,22.3,2.998,66.37,0,39.54,15.66,1017.09,external
2026-07-14T09:00:00Z,REG-CENTRAL,WXS-CENTRAL-01,23.21,23.24,4.278,64.47,0,38.39,16.7,1017.17,external
2026-07-14T10:00:00Z,REG-CENTRAL,WXS-CENTRAL-01,24.25,24.25,5.31,62.55,0,31.23,16.07,1017.22,external
2026-07-14T11:00:00Z,REG-CENTRAL,WXS-CENTRAL-01,24.98,25,6.033,61.19,0,35.44,16.5,1017.24,external
2026-07-14T12:00:00Z,REG-CENTRAL,WXS-CENTRAL-01,25.83,25.91,6.405,59.63,0,33.48,15.61,1017.22,external
2026-07-14T13:00:00Z,REG-CENTRAL,WXS-CENTRAL-01,26.3,26.27,6.405,58.76,0,36.63,17.34,1017.16,external
2026-07-14T14:00:00Z,REG-CENTRAL,WXS-CENTRAL-01,26.68,26.64,6.033,58.05,0,31.1,16.03,1017.07,external
2026-07-14T15:00:00Z,REG-CENTRAL,WXS-CENTRAL-01,26.88,26.87,5.31,57.68,0,37.04,13.81,1016.95,external
2026-07-14T16:00:00Z,REG-CENTRAL,WXS-CENTRAL-01,26.8,26.66,4.278,57.83,0,39.54,16.66,1016.82,external
2026-07-14T17:00:00Z,REG-CENTRAL,WXS-CENTRAL-01,26.45,26.32,2.998,58.48,0,37.43,16.73,1016.68,external
2026-07-14T18:00:00Z,REG-CENTRAL,WXS-CENTRAL-01,25.82,25.81,1.544,59.64,0,43.84,14.81,1016.53,external
2026-07-14T19:00:00Z,REG-CENTRAL,WXS-CENTRAL-01,25.07,25.04,0,61.03,0,45.01,16.03,1016.4,external
2026-07-14T20:00:00Z,REG-CENTRAL,WXS-CENTRAL-01,24.14,24.1,0,62.76,0,45.86,17.13,1016.29,external
2026-07-14T21:00:00Z,REG-CENTRAL,WXS-CENTRAL-01,23.25,23.37,0,64.4,0,42.62,14.58,1016.21,external
2026-07-14T22:00:00Z,REG-CENTRAL,WXS-CENTRAL-01,22.29,22.39,0,66.17,0,42.74,16.1,1016.16,external
2026-07-14T23:00:00Z,REG-CENTRAL,WXS-CENTRAL-01,21.58,21.78,0,67.49,0,44.58,14.41,1016.14,external
2026-07-15T00:00:00Z,REG-COASTAL,WXS-COASTAL-01,25.01,25.44,0,73.21,0,13.83,12.66,1015.93,external
2026-07-15T01:00:00Z,REG-COASTAL,WXS-COASTAL-01,24.18,24.67,0,74.76,0,10.74,10.82,1016.07,external
2026-07-15T02:00:00Z,REG-COASTAL,WXS-COASTAL-01,23.85,24.36,0,75.36,0,10.02,12.12,1016.21,external
2026-07-15T03:00:00Z,REG-COASTAL,WXS-COASTAL-01,23.67,24.19,0,75.7,0,11.14,11.92,1016.32,external
2026-07-15T04:00:00Z,REG-COASTAL,WXS-COASTAL-01,23.76,24.28,0,75.53,0,16.29,11.27,1016.41,external
2026-07-15T05:00:00Z,REG-COASTAL,WXS-COASTAL-01,24.09,24.54,0,74.93,0,9.73,13.03,1016.46,external
2026-07-15T06:00:00Z,REG-COASTAL,WXS-COASTAL-01,24.85,25.31,0,73.52,0,13.67,11.84,1016.48,external
2026-07-15T07:00:00Z,REG-COASTAL,WXS-COASTAL-01,25.6,26.03,2.524,72.13,0,10.39,11.6,1016.46,external
2026-07-15T08:00:00Z,REG-COASTAL,WXS-COASTAL-01,26.66,27.04,4.902,70.17,0,13.45,11.27,1016.41,external
2026-07-15T09:00:00Z,REG-COASTAL,WXS-COASTAL-01,27.96,28.52,6.995,67.77,0,9.78,12.48,1016.32,external
2026-07-15T10:00:00Z,REG-COASTAL,WXS-COASTAL-01,28.97,29.8,8.681,65.9,0,5.24,11.67,1016.21,external
2026-07-15T11:00:00Z,REG-COASTAL,WXS-COASTAL-01,30.06,31.03,9.862,63.88,0,8.97,11.29,1016.07,external
2026-07-15T12:00:00Z,REG-COASTAL,WXS-COASTAL-01,30.77,31.78,10.471,62.57,0,5.38,12.73,1015.93,external
2026-07-15T13:00:00Z,REG-COASTAL,WXS-COASTAL-01,31.47,32.48,10.471,61.27,0,5.89,11.45,1015.79,external
2026-07-15T14:00:00Z,REG-COASTAL,WXS-COASTAL-01,31.91,32.81,9.862,60.45,0,3.34,10.77,1015.66,external
2026-07-15T15:00:00Z,REG-COASTAL,WXS-COASTAL-01,32.07,32.73,8.681,60.17,0,5.39,12.52,1015.54,external
2026-07-15T16:00:00Z,REG-COASTAL,WXS-COASTAL-01,32.07,32.47,6.995,60.17,0,8.89,11.91,1015.45,external
2026-07-15T17:00:00Z,REG-COASTAL,WXS-COASTAL-01,31.7,31.84,4.902,60.85,0,10.35,11.83,1015.4,external
2026-07-15T18:00:00Z,REG-COASTAL,WXS-COASTAL-01,30.97,31.15,2.524,62.2,0,7.9,11.08,1015.38,external
2026-07-15T19:00:00Z,REG-COASTAL,WXS-COASTAL-01,29.93,30.16,0,64.11,0,12.39,11.34,1015.4,external
2026-07-15T20:00:00Z,REG-COASTAL,WXS-COASTAL-01,29.1,29.33,0,65.66,0,11.39,12.65,1015.45,external
2026-07-15T21:00:00Z,REG-COASTAL,WXS-COASTAL-01,27.9,28.22,0,67.87,0,11.99,11.16,1015.54,external
2026-07-15T22:00:00Z,REG-COASTAL,WXS-COASTAL-01,26.81,27.17,0,69.9,0,10.11,12.11,1015.66,external
2026-07-15T23:00:00Z,REG-COASTAL,WXS-COASTAL-01,25.8,26.22,0,71.77,0,15.86,11.82,1015.79,external
2026-07-15T00:00:00Z,REG-SOUTH,WXS-SOUTH-01,25.77,26.01,0,65.37,0,28.31,12.56,1012.69,external
2026-07-15T01:00:00Z,REG-SOUTH,WXS-SOUTH-01,25.21,25.45,0,66.42,0,27.63,12.94,1012.75,external
2026-07-15T02:00:00Z,REG-SOUTH,WXS-SOUTH-01,24.75,25.06,0,67.26,0,26.78,11.32,1012.78,external
2026-07-15T03:00:00Z,REG-SOUTH,WXS-SOUTH-01,24.66,24.97,0,67.44,0,31.18,11.97,1012.77,external
2026-07-15T04:00:00Z,REG-SOUTH,WXS-SOUTH-01,24.82,25.12,0,67.14,0,30.8,11.75,1012.72,external
2026-07-15T05:00:00Z,REG-SOUTH,WXS-SOUTH-01,25.31,25.56,0,66.23,0,28.21,12.72,1012.64,external
2026-07-15T06:00:00Z,REG-SOUTH,WXS-SOUTH-01,25.79,25.99,0,65.35,0,31.8,13.27,1012.53,external
2026-07-15T07:00:00Z,REG-SOUTH,WXS-SOUTH-01,26.67,26.89,2.394,63.72,0,31.09,11.89,1012.4,external
2026-07-15T08:00:00Z,REG-SOUTH,WXS-SOUTH-01,27.64,27.79,4.649,61.92,0,31.19,12.43,1012.26,external
2026-07-15T09:00:00Z,REG-SOUTH,WXS-SOUTH-01,28.66,28.83,6.633,60.02,0,25.27,11.93,1012.11,external
2026-07-15T10:00:00Z,REG-SOUTH,WXS-SOUTH-01,29.73,30.04,8.232,58.06,0,29.16,12.73,1011.98,external
2026-07-15T11:00:00Z,REG-SOUTH,WXS-SOUTH-01,30.69,31.09,9.353,56.27,0,21.69,13.51,1011.86,external
2026-07-15T12:00:00Z,REG-SOUTH,WXS-SOUTH-01,31.74,32.23,9.93,54.33,0,22.86,12.17,1011.77,external
2026-07-15T13:00:00Z,REG-SOUTH,WXS-SOUTH-01,32.11,32.53,9.93,53.65,0,21.01,13.43,1011.71,external
2026-07-15T14:00:00Z,REG-SOUTH,WXS-SOUTH-01,32.69,32.96,9.353,52.58,0,27.11,14.15,1011.68,external
2026-07-15T15:00:00Z,REG-SOUTH,WXS-SOUTH-01,32.66,32.87,8.232,52.63,0,24.56,11.29,1011.69,external
2026-07-15T16:00:00Z,REG-SOUTH,WXS-SOUTH-01,32.65,32.52,6.633,52.65,0,24.61,14.53,1011.74,external
2026-07-15T17:00:00Z,REG-SOUTH,WXS-SOUTH-01,32.27,32.14,4.649,53.36,0,24.63,13.93,1011.82,external
2026-07-15T18:00:00Z,REG-SOUTH,WXS-SOUTH-01,31.51,31.43,2.394,54.76,0,30.22,13.63,1011.93,external
2026-07-15T19:00:00Z,REG-SOUTH,WXS-SOUTH-01,30.81,30.79,0,56.06,0,25.16,12.99,1012.06,external
2026-07-15T20:00:00Z,REG-SOUTH,WXS-SOUTH-01,29.75,29.81,0,58.01,0,27.52,12.48,1012.2,external
2026-07-15T21:00:00Z,REG-SOUTH,WXS-SOUTH-01,28.77,28.83,0,59.84,0,32.2,13.27,1012.35,external
2026-07-15T22:00:00Z,REG-SOUTH,WXS-SOUTH-01,27.64,27.8,0,61.92,0,32.14,12.29,1012.48,external
2026-07-15T23:00:00Z,REG-SOUTH,WXS-SOUTH-01,26.74,26.95,0,63.59,0,29.49,11.46,1012.6,external
2026-07-15T00:00:00Z,REG-DELTA,WXS-DELTA-01,27.6,28.26,0,81.29,0,37.66,10.33,1010.87,external
2026-07-15T01:00:00Z,REG-DELTA,WXS-DELTA-01,26.9,27.59,0,82.58,0,36.1,11.49,1010.79,external
2026-07-15T02:00:00Z,REG-DELTA,WXS-DELTA-01,26.63,27.34,0,83.07,0,34.99,11.48,1010.69,external
2026-07-15T03:00:00Z,REG-DELTA,WXS-DELTA-01,26.52,27.22,0,83.29,0,35.04,9.26,1010.56,external
2026-07-15T04:00:00Z,REG-DELTA,WXS-DELTA-01,26.57,27.28,0,83.19,0,35.94,10.51,1010.42,external
2026-07-15T05:00:00Z,REG-DELTA,WXS-DELTA-01,26.92,27.61,0,82.54,0,32.76,10.84,1010.28,external
2026-07-15T06:00:00Z,REG-DELTA,WXS-DELTA-01,27.54,28.2,0,81.4,0,38.46,9.71,1010.14,external
2026-07-15T07:00:00Z,REG-DELTA,WXS-DELTA-01,28.27,28.9,2.426,80.04,0,32.56,9.66,1010.02,external
2026-07-15T08:00:00Z,REG-DELTA,WXS-DELTA-01,29.39,29.96,4.711,77.97,0,34.35,10.19,1009.92,external
2026-07-15T09:00:00Z,REG-DELTA,WXS-DELTA-01,30.23,30.76,6.722,76.42,0,29.78,10.12,1009.85,external
2026-07-15T10:00:00Z,REG-DELTA,WXS-DELTA-01,31.28,31.91,8.343,74.49,0,26.75,9.3,1009.82,external
2026-07-15T11:00:00Z,REG-DELTA,WXS-DELTA-01,32.15,32.89,9.478,72.88,0,27.73,8.49,1009.83,external
2026-07-15T12:00:00Z,REG-DELTA,WXS-DELTA-01,32.97,33.75,10.063,71.34,0,26.17,11.7,1009.87,external
2026-07-15T13:00:00Z,REG-DELTA,WXS-DELTA-01,33.73,34.47,10.063,69.94,0,30.34,9.23,1009.95,external
2026-07-15T14:00:00Z,REG-DELTA,WXS-DELTA-01,33.94,34.6,9.478,69.55,0,29.64,9.68,1010.05,external
2026-07-15T15:00:00Z,REG-DELTA,WXS-DELTA-01,34.18,34.68,8.343,69.11,0,29.91,9.27,1010.18,external
2026-07-15T16:00:00Z,REG-DELTA,WXS-DELTA-01,33.93,34.26,6.722,69.57,0,28.2,12.78,1010.32,external
2026-07-15T17:00:00Z,REG-DELTA,WXS-DELTA-01,33.73,34.1,4.711,69.95,0,34.18,9.75,1010.46,external
2026-07-15T18:00:00Z,REG-DELTA,WXS-DELTA-01,32.97,33.38,2.426,71.35,0,35.23,8.91,1010.6,external
2026-07-15T19:00:00Z,REG-DELTA,WXS-DELTA-01,32.18,32.62,0,72.82,0,38.43,11,1010.72,external
2026-07-15T20:00:00Z,REG-DELTA,WXS-DELTA-01,31.31,31.8,0,74.42,0,38.21,11.01,1010.82,external
2026-07-15T21:00:00Z,REG-DELTA,WXS-DELTA-01,30.33,30.86,0,76.24,0,34.66,10.25,1010.89,external
2026-07-15T22:00:00Z,REG-DELTA,WXS-DELTA-01,29.38,29.96,0,77.99,0,37.99,11.45,1010.92,external
2026-07-15T23:00:00Z,REG-DELTA,WXS-DELTA-01,28.29,28.92,0,80,0,37.18,10.36,1010.91,external
2026-07-15T00:00:00Z,REG-ISLAND,WXS-ISLAND-01,25.55,26.02,0,77.69,0,36.57,14.15,1009.89,external
2026-07-15T01:00:00Z,REG-ISLAND,WXS-ISLAND-01,25.06,25.47,0,78.6,0,32.98,15.92,1009.74,external
2026-07-15T02:00:00Z,REG-ISLAND,WXS-ISLAND-01,24.63,25.04,0,79.39,0,38.2,16.49,1009.6,external
2026-07-15T03:00:00Z,REG-ISLAND,WXS-ISLAND-01,24.65,25.08,0,79.35,0,35.19,15.91,1009.48,external
2026-07-15T04:00:00Z,REG-ISLAND,WXS-ISLAND-01,24.61,25.04,0,79.42,0,33.33,16.17,1009.38,external
2026-07-15T05:00:00Z,REG-ISLAND,WXS-ISLAND-01,25.13,25.56,0,78.46,0,35.98,15.62,1009.3,external
2026-07-15T06:00:00Z,REG-ISLAND,WXS-ISLAND-01,25.66,26.05,0,77.48,0,34.61,15.79,1009.27,external
2026-07-15T07:00:00Z,REG-ISLAND,WXS-ISLAND-01,26.58,26.9,2.457,75.77,0,31.49,16.56,1009.26,external
2026-07-15T08:00:00Z,REG-ISLAND,WXS-ISLAND-01,27.32,27.62,4.771,74.41,0,33.54,16.22,1009.3,external
2026-07-15T09:00:00Z,REG-ISLAND,WXS-ISLAND-01,28.55,28.85,6.808,72.13,0,34.64,14.93,1009.37,external
2026-07-15T10:00:00Z,REG-ISLAND,WXS-ISLAND-01,29.35,29.74,8.449,70.66,0,30.06,15.65,1009.47,external
2026-07-15T11:00:00Z,REG-ISLAND,WXS-ISLAND-01,30.32,30.72,9.6,68.85,0,28.89,17.93,1009.59,external
2026-07-15T12:00:00Z,REG-ISLAND,WXS-ISLAND-01,30.98,31.5,10.192,67.64,0,25.76,16.2,1009.73,external
2026-07-15T13:00:00Z,REG-ISLAND,WXS-ISLAND-01,31.74,32.28,10.192,66.24,0,28.03,14.94,1009.88,external
2026-07-15T14:00:00Z,REG-ISLAND,WXS-ISLAND-01,31.95,32.27,9.6,65.84,0,29.32,17.84,1010.02,external
2026-07-15T15:00:00Z,REG-ISLAND,WXS-ISLAND-01,32.27,32.45,8.449,65.25,0,28.91,17.32,1010.14,external
2026-07-15T16:00:00Z,REG-ISLAND,WXS-ISLAND-01,32.19,32.34,6.808,65.41,0,29.2,14.34,1010.24,external
2026-07-15T17:00:00Z,REG-ISLAND,WXS-ISLAND-01,31.72,31.89,4.771,66.27,0,31.16,14.6,1010.32,external
2026-07-15T18:00:00Z,REG-ISLAND,WXS-ISLAND-01,30.99,31.08,2.457,67.62,0,34.6,17.1,1010.35,external
2026-07-15T19:00:00Z,REG-ISLAND,WXS-ISLAND-01,30.35,30.54,0,68.81,0,35.55,15.48,1010.36,external
2026-07-15T20:00:00Z,REG-ISLAND,WXS-ISLAND-01,29.35,29.54,0,70.65,0,38.24,16.44,1010.32,external
2026-07-15T21:00:00Z,REG-ISLAND,WXS-ISLAND-01,28.22,28.54,0,72.75,0,36.66,14.8,1010.25,external
2026-07-15T22:00:00Z,REG-ISLAND,WXS-ISLAND-01,27.3,27.53,0,74.44,0,30.21,17.76,1010.15,external
2026-07-15T23:00:00Z,REG-ISLAND,WXS-ISLAND-01,26.39,26.69,0,76.14,0,33.22,17.07,1010.03,external
2026-07-15T00:00:00Z,REG-NORTH,WXS-NORTH-01,17.99,18.11,0,76.09,0,44.44,21.15,1017.62,external
2026-07-15T01:00:00Z,REG-NORTH,WXS-NORTH-01,17.38,17.54,0,77.21,0,43.5,20.83,1017.54,external
2026-07-15T02:00:00Z,REG-NORTH,WXS-NORTH-01,17.03,17.25,0,77.86,0,40.72,19.86,1017.5,external
2026-07-15T03:00:00Z,REG-NORTH,WXS-NORTH-01,16.95,17.09,0,78.01,0,47.75,21.66,1017.49,external
2026-07-15T04:00:00Z,REG-NORTH,WXS-NORTH-01,17.03,17.21,0,77.86,0,44.43,20.74,1017.52,external
2026-07-15T05:00:00Z,REG-NORTH,WXS-NORTH-01,17.38,17.57,0,77.22,0,45.53,20.12,1017.59,external
2026-07-15T06:00:00Z,REG-NORTH,WXS-NORTH-01,18.15,18.22,0,75.8,0,46.59,21.92,1017.68,external
2026-07-15T07:00:00Z,REG-NORTH,WXS-NORTH-01,18.76,18.82,1.284,74.68,0,42.34,21.4,1017.8,external
2026-07-15T08:00:00Z,REG-NORTH,WXS-NORTH-01,19.47,19.53,2.493,73.35,0,44.75,20.86,1017.94,external
2026-07-15T09:00:00Z,REG-NORTH,WXS-NORTH-01,20.37,20.39,3.557,71.69,0,41.1,20.79,1018.08,external
2026-07-15T10:00:00Z,REG-NORTH,WXS-NORTH-01,21.4,21.43,4.415,69.79,0,36.72,19.5,1018.22,external
2026-07-15T11:00:00Z,REG-NORTH,WXS-NORTH-01,22.27,22.24,5.016,68.17,0,36.97,20.9,1018.35,external
2026-07-15T12:00:00Z,REG-NORTH,WXS-NORTH-01,22.97,22.97,5.325,66.88,0,40.05,20.77,1018.46,external
2026-07-15T13:00:00Z,REG-NORTH,WXS-NORTH-01,23.47,23.47,5.325,65.96,0,37.99,20.23,1018.54,external
2026-07-15T14:00:00Z,REG-NORTH,WXS-NORTH-01,23.74,23.64,5.016,65.46,0,34.1,20.85,1018.58,external
2026-07-15T15:00:00Z,REG-NORTH,WXS-NORTH-01,23.92,23.83,4.415,65.13,0,41.01,19.52,1018.59,external
2026-07-15T16:00:00Z,REG-NORTH,WXS-NORTH-01,23.8,23.66,3.557,65.35,0,39.17,20.82,1018.56,external
2026-07-15T17:00:00Z,REG-NORTH,WXS-NORTH-01,23.45,23.39,2.493,66,0,40.14,19.27,1018.49,external
2026-07-15T18:00:00Z,REG-NORTH,WXS-NORTH-01,22.94,22.94,1.284,66.94,0,44.07,18.68,1018.4,external
2026-07-15T19:00:00Z,REG-NORTH,WXS-NORTH-01,22.07,22.05,0,68.55,0,45.34,20,1018.28,external
2026-07-15T20:00:00Z,REG-NORTH,WXS-NORTH-01,21.34,21.29,0,69.9,0,46.35,21.35,1018.14,external
2026-07-15T21:00:00Z,REG-NORTH,WXS-NORTH-01,20.44,20.43,0,71.57,0,45.55,21.37,1018,external
2026-07-15T22:00:00Z,REG-NORTH,WXS-NORTH-01,19.54,19.62,0,73.22,0,46.06,20.38,1017.86,external
2026-07-15T23:00:00Z,REG-NORTH,WXS-NORTH-01,18.72,18.83,0,74.75,0,43.64,20.49,1017.73,external
2026-07-15T00:00:00Z,REG-CENTRAL,WXS-CENTRAL-01,20.78,20.71,0,66.03,0,35.5,19.69,1015.78,external
2026-07-15T01:00:00Z,REG-CENTRAL,WXS-CENTRAL-01,20.03,20.07,0,67.43,0,41.33,17.88,1015.84,external
2026-07-15T02:00:00Z,REG-CENTRAL,WXS-CENTRAL-01,19.7,19.7,0,68.04,0,34.83,19.28,1015.93,external
2026-07-15T03:00:00Z,REG-CENTRAL,WXS-CENTRAL-01,19.51,19.52,0,68.39,0,37.33,19.11,1016.05,external
2026-07-15T04:00:00Z,REG-CENTRAL,WXS-CENTRAL-01,19.78,19.79,0,67.89,0,39.38,18.74,1016.18,external
2026-07-15T05:00:00Z,REG-CENTRAL,WXS-CENTRAL-01,20.17,20.12,0,67.17,0,35.75,19.84,1016.32,external
2026-07-15T06:00:00Z,REG-CENTRAL,WXS-CENTRAL-01,20.45,20.4,0,66.64,0,41.32,19.56,1016.47,external
2026-07-15T07:00:00Z,REG-CENTRAL,WXS-CENTRAL-01,21.48,21.43,1.574,64.75,0,36.19,18.51,1016.6,external
2026-07-15T08:00:00Z,REG-CENTRAL,WXS-CENTRAL-01,22.3,22.16,3.057,63.22,0,31.92,19.71,1016.71,external
2026-07-15T09:00:00Z,REG-CENTRAL,WXS-CENTRAL-01,23.22,23.13,4.363,61.51,0,34.36,17.74,1016.79,external
2026-07-15T10:00:00Z,REG-CENTRAL,WXS-CENTRAL-01,24.08,23.9,5.414,59.94,0,28.63,19.41,1016.84,external
2026-07-15T11:00:00Z,REG-CENTRAL,WXS-CENTRAL-01,24.9,24.81,6.151,58.41,0,34.1,19.54,1016.86,external
2026-07-15T12:00:00Z,REG-CENTRAL,WXS-CENTRAL-01,25.55,25.45,6.531,57.21,0,32.29,20.5,1016.84,external
2026-07-15T13:00:00Z,REG-CENTRAL,WXS-CENTRAL-01,26.17,26.11,6.531,56.08,0,27.36,18.74,1016.78,external
2026-07-15T14:00:00Z,REG-CENTRAL,WXS-CENTRAL-01,26.46,26.31,6.151,55.53,0,32.57,19.15,1016.69,external
2026-07-15T15:00:00Z,REG-CENTRAL,WXS-CENTRAL-01,26.67,26.41,5.414,55.13,0,32.77,18.64,1016.57,external
2026-07-15T16:00:00Z,REG-CENTRAL,WXS-CENTRAL-01,26.48,26.13,4.363,55.49,0,33.46,20.1,1016.44,external
2026-07-15T17:00:00Z,REG-CENTRAL,WXS-CENTRAL-01,26.07,25.77,3.057,56.26,0,39.4,19.33,1016.3,external
2026-07-15T18:00:00Z,REG-CENTRAL,WXS-CENTRAL-01,25.59,25.31,1.574,57.14,0,33.76,19.44,1016.15,external
2026-07-15T19:00:00Z,REG-CENTRAL,WXS-CENTRAL-01,24.82,24.53,0,58.57,0,33.21,20.23,1016.02,external
2026-07-15T20:00:00Z,REG-CENTRAL,WXS-CENTRAL-01,24.21,24,0,59.7,0,38.11,19.29,1015.91,external
2026-07-15T21:00:00Z,REG-CENTRAL,WXS-CENTRAL-01,23.15,22.96,0,61.65,0,38.76,19.93,1015.83,external
2026-07-15T22:00:00Z,REG-CENTRAL,WXS-CENTRAL-01,22.1,22,0,63.6,0,38.74,19.08,1015.78,external
2026-07-15T23:00:00Z,REG-CENTRAL,WXS-CENTRAL-01,21.46,21.35,0,64.78,0,39.99,19.95,1015.76,external
2026-07-16T00:00:00Z,REG-COASTAL,WXS-COASTAL-01,25.2,25.61,0,72.92,0,39.1,12.82,1015.53,external
2026-07-16T01:00:00Z,REG-COASTAL,WXS-COASTAL-01,24.67,25.08,0,73.89,0,37.57,13.37,1015.67,external
2026-07-16T02:00:00Z,REG-COASTAL,WXS-COASTAL-01,24.27,24.72,0,74.64,0,31.96,12.95,1015.81,external
2026-07-16T03:00:00Z,REG-COASTAL,WXS-COASTAL-01,24.12,24.56,0,74.91,0,35.03,13.41,1015.92,external
2026-07-16T04:00:00Z,REG-COASTAL,WXS-COASTAL-01,24.41,24.89,0,74.38,0,37.77,12.05,1016.01,external
2026-07-16T05:00:00Z,REG-COASTAL,WXS-COASTAL-01,24.64,25.05,0,73.95,0,32.22,13.49,1016.06,external
2026-07-16T06:00:00Z,REG-COASTAL,WXS-COASTAL-01,25.31,25.69,0,72.71,0,34.65,13.45,1016.08,external
2026-07-16T07:00:00Z,REG-COASTAL,WXS-COASTAL-01,26.06,26.47,2.392,71.32,0,36.72,11.76,1016.06,external
2026-07-16T08:00:00Z,REG-COASTAL,WXS-COASTAL-01,26.84,27.11,4.644,69.88,0,30.29,14.19,1016.01,external
2026-07-16T09:00:00Z,REG-COASTAL,WXS-COASTAL-01,27.95,28.24,6.627,67.83,0,30.87,12.72,1015.92,external
2026-07-16T10:00:00Z,REG-COASTAL,WXS-COASTAL-01,28.83,29.33,8.225,66.2,0,30.26,11.32,1015.81,external
2026-07-16T11:00:00Z,REG-COASTAL,WXS-COASTAL-01,29.81,30.32,9.344,64.39,0,30.59,13.99,1015.67,external
2026-07-16T12:00:00Z,REG-COASTAL,WXS-COASTAL-01,30.59,31.21,9.921,62.94,0,27.38,12.47,1015.53,external
2026-07-16T13:00:00Z,REG-COASTAL,WXS-COASTAL-01,31.13,31.7,9.921,61.94,0,29.51,13.16,1015.39,external
2026-07-16T14:00:00Z,REG-COASTAL,WXS-COASTAL-01,31.58,31.97,9.344,61.12,0,31.98,14.88,1015.26,external
2026-07-16T15:00:00Z,REG-COASTAL,WXS-COASTAL-01,31.54,31.9,8.225,61.18,0,25.51,12.32,1015.14,external
2026-07-16T16:00:00Z,REG-COASTAL,WXS-COASTAL-01,31.34,31.42,6.627,61.56,0,31.47,13.82,1015.05,external
2026-07-16T17:00:00Z,REG-COASTAL,WXS-COASTAL-01,31.08,31.15,4.644,62.04,0,31.26,14.29,1015,external
2026-07-16T18:00:00Z,REG-COASTAL,WXS-COASTAL-01,30.61,30.74,2.392,62.91,0,34.84,13.44,1014.98,external
2026-07-16T19:00:00Z,REG-COASTAL,WXS-COASTAL-01,29.74,29.98,0,64.51,0,37.07,11.27,1015,external
2026-07-16T20:00:00Z,REG-COASTAL,WXS-COASTAL-01,28.82,29.08,0,66.22,0,33.14,12.52,1015.05,external
2026-07-16T21:00:00Z,REG-COASTAL,WXS-COASTAL-01,28.02,28.25,0,67.7,0,32.17,13.98,1015.14,external
2026-07-16T22:00:00Z,REG-COASTAL,WXS-COASTAL-01,27.02,27.38,0,69.55,0,34.04,11.16,1015.26,external
2026-07-16T23:00:00Z,REG-COASTAL,WXS-COASTAL-01,26.03,26.4,0,71.37,0,34.06,12.94,1015.39,external
2026-07-16T00:00:00Z,REG-SOUTH,WXS-SOUTH-01,25.92,26.18,0,65.34,0,23.65,11.83,1011.98,external
2026-07-16T01:00:00Z,REG-SOUTH,WXS-SOUTH-01,25.21,25.5,0,66.66,0,28.42,10.83,1012.04,external
2026-07-16T02:00:00Z,REG-SOUTH,WXS-SOUTH-01,24.77,25.09,0,67.46,0,24.39,11.52,1012.07,external
2026-07-16T03:00:00Z,REG-SOUTH,WXS-SOUTH-01,24.57,24.89,0,67.85,0,27.6,11.25,1012.06,external
2026-07-16T04:00:00Z,REG-SOUTH,WXS-SOUTH-01,24.69,25,0,67.63,0,27.07,10.26,1012.01,external
2026-07-16T05:00:00Z,REG-SOUTH,WXS-SOUTH-01,25.14,25.43,0,66.8,0,27.3,11.56,1011.93,external
2026-07-16T06:00:00Z,REG-SOUTH,WXS-SOUTH-01,25.73,26,0,65.69,0,22.31,9.8,1011.82,external
2026-07-16T07:00:00Z,REG-SOUTH,WXS-SOUTH-01,26.76,26.98,2.409,63.78,0,24.84,11.13,1011.69,external
2026-07-16T08:00:00Z,REG-SOUTH,WXS-SOUTH-01,27.59,27.77,4.678,62.25,0,19.06,10.83,1011.55,external
2026-07-16T09:00:00Z,REG-SOUTH,WXS-SOUTH-01,28.71,28.92,6.675,60.19,0,17.73,11.3,1011.4,external
2026-07-16T10:00:00Z,REG-SOUTH,WXS-SOUTH-01,29.79,30.2,8.284,58.19,0,18.37,9.43,1011.27,external
2026-07-16T11:00:00Z,REG-SOUTH,WXS-SOUTH-01,30.8,31.33,9.411,56.32,0,13.53,11.19,1011.15,external
2026-07-16T12:00:00Z,REG-SOUTH,WXS-SOUTH-01,31.64,32.22,9.992,54.77,0,20.8,10.29,1011.06,external
2026-07-16T13:00:00Z,REG-SOUTH,WXS-SOUTH-01,32.22,32.77,9.992,53.69,0,13.81,11.93,1011,external
2026-07-16T14:00:00Z,REG-SOUTH,WXS-SOUTH-01,32.59,33.03,9.411,53.01,0,18.49,10.02,1010.97,external
2026-07-16T15:00:00Z,REG-SOUTH,WXS-SOUTH-01,32.71,32.98,8.284,52.79,0,18.44,9.57,1010.98,external
2026-07-16T16:00:00Z,REG-SOUTH,WXS-SOUTH-01,32.67,32.71,6.675,52.85,0,23.51,10.86,1011.03,external
2026-07-16T17:00:00Z,REG-SOUTH,WXS-SOUTH-01,32.08,32.05,4.678,53.95,0,21.94,9.76,1011.11,external
2026-07-16T18:00:00Z,REG-SOUTH,WXS-SOUTH-01,31.51,31.51,2.409,55.01,0,24.64,11.39,1011.22,external
2026-07-16T19:00:00Z,REG-SOUTH,WXS-SOUTH-01,30.61,30.65,0,56.67,0,28.24,10.34,1011.35,external
2026-07-16T20:00:00Z,REG-SOUTH,WXS-SOUTH-01,29.78,29.86,0,58.21,0,26.8,11.67,1011.49,external
2026-07-16T21:00:00Z,REG-SOUTH,WXS-SOUTH-01,28.73,28.86,0,60.15,0,25.6,9.57,1011.64,external
2026-07-16T22:00:00Z,REG-SOUTH,WXS-SOUTH-01,27.77,27.94,0,61.92,0,22.16,9.52,1011.77,external
2026-07-16T23:00:00Z,REG-SOUTH,WXS-SOUTH-01,26.58,26.81,0,64.12,0,25.14,10.78,1011.89,external
2026-07-16T00:00:00Z,REG-DELTA,WXS-DELTA-01,28.2,28.66,0,80.47,0,39.43,15.83,1008.48,external
2026-07-16T01:00:00Z,REG-DELTA,WXS-DELTA-01,27.71,28.17,0,81.37,0,46.04,16.38,1008.4,external
2026-07-16T02:00:00Z,REG-DELTA,WXS-DELTA-01,27.19,27.71,0,82.33,0,42.05,15.68,1008.3,external
2026-07-16T03:00:00Z,REG-DELTA,WXS-DELTA-01,27.03,27.55,0,82.65,0,39.83,15.82,1008.17,external
2026-07-16T04:00:00Z,REG-DELTA,WXS-DELTA-01,27.31,27.89,0,82.13,0,41.61,14.18,1008.03,external
2026-07-16T05:00:00Z,REG-DELTA,WXS-DELTA-01,27.5,28.07,0,81.76,0,44.46,14.32,1007.89,external
2026-07-16T06:00:00Z,REG-DELTA,WXS-DELTA-01,28.23,28.74,0,80.42,0,43.36,14.69,1007.75,external
2026-07-16T07:00:00Z,REG-DELTA,WXS-DELTA-01,28.85,29.3,2.418,79.27,0,40.63,15.46,1007.63,external
2026-07-16T08:00:00Z,REG-DELTA,WXS-DELTA-01,29.59,29.98,4.695,77.9,0,38.97,16.06,1007.53,external
2026-07-16T09:00:00Z,REG-DELTA,WXS-DELTA-01,30.46,30.83,6.7,76.3,0,33.62,15.62,1007.46,external
2026-07-16T10:00:00Z,REG-DELTA,WXS-DELTA-01,31.27,31.62,8.315,74.79,0,36.76,16.37,1007.43,external
2026-07-16T11:00:00Z,REG-DELTA,WXS-DELTA-01,32.13,32.56,9.447,73.2,0,37.78,16.7,1007.44,external
2026-07-16T12:00:00Z,REG-DELTA,WXS-DELTA-01,32.78,33.35,10.03,71.99,0,33.81,14.55,1007.48,external
2026-07-16T13:00:00Z,REG-DELTA,WXS-DELTA-01,33.36,33.89,10.03,70.93,0,33.3,14.68,1007.56,external
2026-07-16T14:00:00Z,REG-DELTA,WXS-DELTA-01,33.53,33.94,9.447,70.61,0,35.17,15.71,1007.66,external
2026-07-16T15:00:00Z,REG-DELTA,WXS-DELTA-01,33.87,34.09,8.315,69.98,0,35.93,16.58,1007.79,external
2026-07-16T16:00:00Z,REG-DELTA,WXS-DELTA-01,33.62,33.88,6.7,70.44,0,38.31,14.88,1007.93,external
2026-07-16T17:00:00Z,REG-DELTA,WXS-DELTA-01,33.18,33.43,4.695,71.27,0,39.39,15.47,1008.07,external
2026-07-16T18:00:00Z,REG-DELTA,WXS-DELTA-01,32.81,32.99,2.418,71.94,0,35.15,17.36,1008.21,external
2026-07-16T19:00:00Z,REG-DELTA,WXS-DELTA-01,32.16,32.43,0,73.15,0,45.12,15.92,1008.33,external
2026-07-16T20:00:00Z,REG-DELTA,WXS-DELTA-01,31.37,31.68,0,74.61,0,39.08,15.84,1008.43,external
2026-07-16T21:00:00Z,REG-DELTA,WXS-DELTA-01,30.52,30.92,0,76.17,0,41.45,15.05,1008.5,external
2026-07-16T22:00:00Z,REG-DELTA,WXS-DELTA-01,29.48,29.86,0,78.1,0,44.85,16.38,1008.53,external
2026-07-16T23:00:00Z,REG-DELTA,WXS-DELTA-01,28.65,29.08,0,79.65,0,40.83,16.02,1008.52,external
2026-07-16T00:00:00Z,REG-ISLAND,WXS-ISLAND-01,25.96,26.24,0,76.39,0,34.43,17.63,1009.89,external
2026-07-16T01:00:00Z,REG-ISLAND,WXS-ISLAND-01,25.17,25.39,0,77.83,0,36.42,19.92,1009.74,external
2026-07-16T02:00:00Z,REG-ISLAND,WXS-ISLAND-01,24.99,25.26,0,78.17,0,32.9,18.9,1009.6,external
2026-07-16T03:00:00Z,REG-ISLAND,WXS-ISLAND-01,24.71,25.04,0,78.69,0,33.41,17.86,1009.48,external
2026-07-16T04:00:00Z,REG-ISLAND,WXS-ISLAND-01,24.92,25.14,0,78.3,0,35.99,19.95,1009.38,external
2026-07-16T05:00:00Z,REG-ISLAND,WXS-ISLAND-01,25.36,25.56,0,77.5,0,36.83,19.99,1009.3,external
2026-07-16T06:00:00Z,REG-ISLAND,WXS-ISLAND-01,25.89,26.14,0,76.51,0,33.6,18.38,1009.27,external
2026-07-16T07:00:00Z,REG-ISLAND,WXS-ISLAND-01,26.77,27.06,2.464,74.88,0,31.99,16.64,1009.26,external
2026-07-16T08:00:00Z,REG-ISLAND,WXS-ISLAND-01,27.53,27.7,4.784,73.47,0,32.04,18.39,1009.3,external
2026-07-16T09:00:00Z,REG-ISLAND,WXS-ISLAND-01,28.79,28.89,6.827,71.14,0,30.02,18.87,1009.37,external
2026-07-16T10:00:00Z,REG-ISLAND,WXS-ISLAND-01,29.68,29.94,8.473,69.49,0,31.62,18.16,1009.47,external
2026-07-16T11:00:00Z,REG-ISLAND,WXS-ISLAND-01,30.72,31.1,9.626,67.57,0,26.53,17.93,1009.59,external
2026-07-16T12:00:00Z,REG-ISLAND,WXS-ISLAND-01,31.52,31.91,10.22,66.09,0,26.6,18.55,1009.73,external
2026-07-16T13:00:00Z,REG-ISLAND,WXS-ISLAND-01,32.16,32.58,10.22,64.91,0,24.99,17.18,1009.88,external
2026-07-16T14:00:00Z,REG-ISLAND,WXS-ISLAND-01,32.47,32.76,9.626,64.33,0,26.85,17.98,1010.02,external
2026-07-16T15:00:00Z,REG-ISLAND,WXS-ISLAND-01,32.67,32.8,8.473,63.97,0,33.22,18.05,1010.14,external
2026-07-16T16:00:00Z,REG-ISLAND,WXS-ISLAND-01,32.54,32.5,6.827,64.2,0,32.75,18.12,1010.24,external
2026-07-16T17:00:00Z,REG-ISLAND,WXS-ISLAND-01,32.16,32.1,4.784,64.91,0,27,18.92,1010.32,external
2026-07-16T18:00:00Z,REG-ISLAND,WXS-ISLAND-01,31.29,31.28,2.464,66.51,0,28.67,18.75,1010.35,external
2026-07-16T19:00:00Z,REG-ISLAND,WXS-ISLAND-01,30.68,30.75,0,67.65,0,33.6,17.46,1010.36,external
2026-07-16T20:00:00Z,REG-ISLAND,WXS-ISLAND-01,29.69,29.82,0,69.47,0,34.66,17.21,1010.32,external
2026-07-16T21:00:00Z,REG-ISLAND,WXS-ISLAND-01,28.61,28.77,0,71.48,0,31.62,17.65,1010.25,external
2026-07-16T22:00:00Z,REG-ISLAND,WXS-ISLAND-01,27.67,27.79,0,73.21,0,33.83,19.53,1010.15,external
2026-07-16T23:00:00Z,REG-ISLAND,WXS-ISLAND-01,26.83,27.06,0,74.77,0,34.44,17.84,1010.03,external
2026-07-16T00:00:00Z,REG-NORTH,WXS-NORTH-01,17.97,18.44,0,80.33,0,42.36,15.6,1015.4,external
2026-07-16T01:00:00Z,REG-NORTH,WXS-NORTH-01,17.23,17.72,0,81.69,0,43.66,15.94,1015.32,external
2026-07-16T02:00:00Z,REG-NORTH,WXS-NORTH-01,16.8,17.39,0,82.49,0,40.94,14.26,1015.28,external
2026-07-16T03:00:00Z,REG-NORTH,WXS-NORTH-01,16.83,17.45,0,82.43,0,42.1,13.62,1015.27,external
2026-07-16T04:00:00Z,REG-NORTH,WXS-NORTH-01,16.92,17.42,0,82.28,0,40.58,15.84,1015.3,external
2026-07-16T05:00:00Z,REG-NORTH,WXS-NORTH-01,17.24,17.78,0,81.67,0,38.43,14.84,1015.37,external
2026-07-16T06:00:00Z,REG-NORTH,WXS-NORTH-01,17.94,18.42,0,80.38,0,41.07,15.38,1015.46,external
2026-07-16T07:00:00Z,REG-NORTH,WXS-NORTH-01,18.58,19.05,1.31,79.19,0,41.17,15.09,1015.58,external
2026-07-16T08:00:00Z,REG-NORTH,WXS-NORTH-01,19.41,19.87,2.543,77.66,0,37.48,14.37,1015.72,external
2026-07-16T09:00:00Z,REG-NORTH,WXS-NORTH-01,20.35,20.73,3.629,75.92,0,35.91,15.1,1015.86,external
2026-07-16T10:00:00Z,REG-NORTH,WXS-NORTH-01,21.31,21.66,4.504,74.14,0,30.87,14.89,1016,external
2026-07-16T11:00:00Z,REG-NORTH,WXS-NORTH-01,22.16,22.52,5.117,72.58,0,31.3,15.92,1016.13,external
2026-07-16T12:00:00Z,REG-NORTH,WXS-NORTH-01,22.81,23.17,5.433,71.37,0,33.77,16.58,1016.24,external
2026-07-16T13:00:00Z,REG-NORTH,WXS-NORTH-01,23.47,23.9,5.433,70.15,0,35.08,14.38,1016.32,external
2026-07-16T14:00:00Z,REG-NORTH,WXS-NORTH-01,23.65,23.96,5.117,69.82,0,34.2,15.34,1016.36,external
2026-07-16T15:00:00Z,REG-NORTH,WXS-NORTH-01,23.93,24.16,4.504,69.3,0,39.48,14.82,1016.37,external
2026-07-16T16:00:00Z,REG-NORTH,WXS-NORTH-01,23.73,23.97,3.629,69.67,0,36.87,14.87,1016.34,external
2026-07-16T17:00:00Z,REG-NORTH,WXS-NORTH-01,23.41,23.64,2.543,70.26,0,40.05,15.36,1016.27,external
2026-07-16T18:00:00Z,REG-NORTH,WXS-NORTH-01,22.93,23.24,1.31,71.15,0,37.76,14.11,1016.18,external
2026-07-16T19:00:00Z,REG-NORTH,WXS-NORTH-01,21.91,22.2,0,73.03,0,40.42,15.58,1016.06,external
2026-07-16T20:00:00Z,REG-NORTH,WXS-NORTH-01,21.27,21.65,0,74.21,0,43.32,14.27,1015.92,external
2026-07-16T21:00:00Z,REG-NORTH,WXS-NORTH-01,20.42,20.86,0,75.79,0,42.23,13.83,1015.78,external
2026-07-16T22:00:00Z,REG-NORTH,WXS-NORTH-01,19.45,19.87,0,77.59,0,42.93,15.17,1015.64,external
2026-07-16T23:00:00Z,REG-NORTH,WXS-NORTH-01,18.44,18.98,0,79.45,0,40.77,13.69,1015.51,external
2026-07-16T00:00:00Z,REG-CENTRAL,WXS-CENTRAL-01,20.43,20.4,0,67.28,0,35.85,19.59,1017.03,external
2026-07-16T01:00:00Z,REG-CENTRAL,WXS-CENTRAL-01,19.87,20.03,0,68.32,0,35.83,15.76,1017.09,external
2026-07-16T02:00:00Z,REG-CENTRAL,WXS-CENTRAL-01,19.37,19.49,0,69.25,0,34.04,17.15,1017.18,external
2026-07-16T03:00:00Z,REG-CENTRAL,WXS-CENTRAL-01,19.44,19.58,0,69.12,0,33.17,16.77,1017.3,external
2026-07-16T04:00:00Z,REG-CENTRAL,WXS-CENTRAL-01,19.39,19.55,0,69.2,0,39.46,16.37,1017.43,external
2026-07-16T05:00:00Z,REG-CENTRAL,WXS-CENTRAL-01,19.86,19.98,0,68.35,0,34.18,16.78,1017.57,external
2026-07-16T06:00:00Z,REG-CENTRAL,WXS-CENTRAL-01,20.46,20.56,0,67.24,0,33.89,16.55,1017.72,external
2026-07-16T07:00:00Z,REG-CENTRAL,WXS-CENTRAL-01,21.47,21.5,1.593,65.37,0,30.23,16.97,1017.85,external
2026-07-16T08:00:00Z,REG-CENTRAL,WXS-CENTRAL-01,22.14,22.22,3.093,64.12,0,34.43,15.22,1017.96,external
2026-07-16T09:00:00Z,REG-CENTRAL,WXS-CENTRAL-01,23.33,23.3,4.414,61.92,0,32.76,16.49,1018.04,external
2026-07-16T10:00:00Z,REG-CENTRAL,WXS-CENTRAL-01,24.38,24.33,5.478,59.98,0,29.01,17.41,1018.09,external
2026-07-16T11:00:00Z,REG-CENTRAL,WXS-CENTRAL-01,25.37,25.43,6.224,58.15,0,29.1,16.93,1018.11,external
2026-07-16T12:00:00Z,REG-CENTRAL,WXS-CENTRAL-01,26.18,26.29,6.608,56.65,0,31.02,16.44,1018.09,external
2026-07-16T13:00:00Z,REG-CENTRAL,WXS-CENTRAL-01,26.71,26.86,6.608,55.67,0,30.57,14.87,1018.03,external
2026-07-16T14:00:00Z,REG-CENTRAL,WXS-CENTRAL-01,27,26.91,6.224,55.14,0,28.66,18.51,1017.94,external
2026-07-16T15:00:00Z,REG-CENTRAL,WXS-CENTRAL-01,27.36,27.22,5.478,54.46,0,33.59,16.4,1017.82,external
2026-07-16T16:00:00Z,REG-CENTRAL,WXS-CENTRAL-01,27.27,27.03,4.414,54.63,0,29.42,17.15,1017.69,external
2026-07-16T17:00:00Z,REG-CENTRAL,WXS-CENTRAL-01,26.69,26.49,3.093,55.71,0,30.69,16.85,1017.55,external
2026-07-16T18:00:00Z,REG-CENTRAL,WXS-CENTRAL-01,26.17,26,1.593,56.67,0,31.9,16.68,1017.4,external
2026-07-16T19:00:00Z,REG-CENTRAL,WXS-CENTRAL-01,25.27,25.12,0,58.33,0,35.93,17.18,1017.27,external
2026-07-16T20:00:00Z,REG-CENTRAL,WXS-CENTRAL-01,24.26,24.13,0,60.21,0,33.13,17.6,1017.16,external
2026-07-16T21:00:00Z,REG-CENTRAL,WXS-CENTRAL-01,23.21,23.17,0,62.14,0,36.86,16.78,1017.08,external
2026-07-16T22:00:00Z,REG-CENTRAL,WXS-CENTRAL-01,22.21,22.21,0,63.99,0,33.62,17.2,1017.03,external
2026-07-16T23:00:00Z,REG-CENTRAL,WXS-CENTRAL-01,21.34,21.36,0,65.61,0,35.68,17.33,1017.01,external
2026-07-17T00:00:00Z,REG-COASTAL,WXS-COASTAL-01,25.11,25.44,0,71.98,0,24.63,14.13,1014.3,external
2026-07-17T01:00:00Z,REG-COASTAL,WXS-COASTAL-01,24.72,25.12,0,72.71,0,25.25,12.86,1014.44,external
2026-07-17T02:00:00Z,REG-COASTAL,WXS-COASTAL-01,24.16,24.59,0,73.74,0,27.09,12.76,1014.58,external
2026-07-17T03:00:00Z,REG-COASTAL,WXS-COASTAL-01,23.98,24.42,0,74.08,0,27.27,12.71,1014.69,external
2026-07-17T04:00:00Z,REG-COASTAL,WXS-COASTAL-01,24.22,24.69,0,73.62,0,25.79,12.06,1014.78,external
2026-07-17T05:00:00Z,REG-COASTAL,WXS-COASTAL-01,24.49,24.91,0,73.13,0,26.39,12.86,1014.83,external
2026-07-17T06:00:00Z,REG-COASTAL,WXS-COASTAL-01,25.16,25.55,0,71.89,0,29.57,12.81,1014.85,external
2026-07-17T07:00:00Z,REG-COASTAL,WXS-COASTAL-01,25.99,26.32,2.46,70.35,0,23.92,13.33,1014.83,external
2026-07-17T08:00:00Z,REG-COASTAL,WXS-COASTAL-01,26.91,27.22,4.777,68.65,0,19.13,12.66,1014.78,external
2026-07-17T09:00:00Z,REG-COASTAL,WXS-COASTAL-01,28,28.29,6.817,66.63,0,25.78,14.17,1014.69,external
2026-07-17T10:00:00Z,REG-COASTAL,WXS-COASTAL-01,29.07,29.63,8.46,64.66,0,22.28,12.38,1014.58,external
2026-07-17T11:00:00Z,REG-COASTAL,WXS-COASTAL-01,29.99,30.58,9.612,62.95,0,20.55,14.52,1014.44,external
2026-07-17T12:00:00Z,REG-COASTAL,WXS-COASTAL-01,30.74,31.42,10.205,61.58,0,17.96,13.62,1014.3,external
2026-07-17T13:00:00Z,REG-COASTAL,WXS-COASTAL-01,31.32,31.96,10.205,60.5,0,17.58,13.98,1014.16,external
2026-07-17T14:00:00Z,REG-COASTAL,WXS-COASTAL-01,31.79,32.32,9.612,59.63,0,19.56,14.16,1014.03,external
2026-07-17T15:00:00Z,REG-COASTAL,WXS-COASTAL-01,31.9,32.29,8.46,59.43,0,22.57,13.26,1013.91,external
2026-07-17T16:00:00Z,REG-COASTAL,WXS-COASTAL-01,31.49,31.66,6.817,60.18,0,21.07,13.15,1013.82,external
2026-07-17T17:00:00Z,REG-COASTAL,WXS-COASTAL-01,31.25,31.39,4.777,60.62,0,24.25,12.08,1013.77,external
2026-07-17T18:00:00Z,REG-COASTAL,WXS-COASTAL-01,30.73,30.84,2.46,61.6,0,22.28,13.18,1013.75,external
2026-07-17T19:00:00Z,REG-COASTAL,WXS-COASTAL-01,29.96,30.07,0,63.01,0,26.66,13.94,1013.77,external
2026-07-17T20:00:00Z,REG-COASTAL,WXS-COASTAL-01,29.05,29.25,0,64.69,0,27.82,13.03,1013.82,external
2026-07-17T21:00:00Z,REG-COASTAL,WXS-COASTAL-01,27.85,28.11,0,66.92,0,30.91,12.75,1013.91,external
2026-07-17T22:00:00Z,REG-COASTAL,WXS-COASTAL-01,26.98,27.25,0,68.52,0,23.59,13.5,1014.03,external
2026-07-17T23:00:00Z,REG-COASTAL,WXS-COASTAL-01,25.95,26.22,0,70.42,0,27.43,14.77,1014.16,external
2026-07-17T00:00:00Z,REG-SOUTH,WXS-SOUTH-01,26.12,26.07,0,66.07,0,34.54,19.27,1012.76,external
2026-07-17T01:00:00Z,REG-SOUTH,WXS-SOUTH-01,25.65,25.63,0,66.95,0,36.93,19.09,1012.82,external
2026-07-17T02:00:00Z,REG-SOUTH,WXS-SOUTH-01,25.04,25.05,0,68.08,0,34.31,18.9,1012.85,external
2026-07-17T03:00:00Z,REG-SOUTH,WXS-SOUTH-01,25.06,25.12,0,68.03,0,37.67,17.94,1012.84,external
2026-07-17T04:00:00Z,REG-SOUTH,WXS-SOUTH-01,25.25,25.33,0,67.68,0,35.79,17.18,1012.79,external
2026-07-17T05:00:00Z,REG-SOUTH,WXS-SOUTH-01,25.59,25.59,0,67.06,0,39.79,18.71,1012.71,external
2026-07-17T06:00:00Z,REG-SOUTH,WXS-SOUTH-01,26.01,25.95,0,66.29,0,32.68,19.47,1012.6,external
2026-07-17T07:00:00Z,REG-SOUTH,WXS-SOUTH-01,26.9,26.83,2.399,64.64,0,32.52,18.9,1012.47,external
2026-07-17T08:00:00Z,REG-SOUTH,WXS-SOUTH-01,27.89,27.77,4.658,62.8,0,30.64,18.99,1012.33,external
2026-07-17T09:00:00Z,REG-SOUTH,WXS-SOUTH-01,28.94,28.79,6.647,60.86,0,28.57,18.62,1012.18,external
2026-07-17T10:00:00Z,REG-SOUTH,WXS-SOUTH-01,29.87,29.83,8.25,59.14,0,29.72,19.34,1012.05,external
2026-07-17T11:00:00Z,REG-SOUTH,WXS-SOUTH-01,30.95,31,9.373,57.14,0,26.27,19.59,1011.93,external
2026-07-17T12:00:00Z,REG-SOUTH,WXS-SOUTH-01,31.77,31.86,9.951,55.63,0,28.92,19.49,1011.84,external
2026-07-17T13:00:00Z,REG-SOUTH,WXS-SOUTH-01,32.25,32.34,9.951,54.73,0,30.74,19.11,1011.78,external
2026-07-17T14:00:00Z,REG-SOUTH,WXS-SOUTH-01,32.74,32.71,9.373,53.83,0,25.94,19.27,1011.75,external
2026-07-17T15:00:00Z,REG-SOUTH,WXS-SOUTH-01,32.86,32.7,8.25,53.6,0,29.46,18.81,1011.76,external
2026-07-17T16:00:00Z,REG-SOUTH,WXS-SOUTH-01,32.77,32.4,6.647,53.78,0,31.28,19.47,1011.81,external
2026-07-17T17:00:00Z,REG-SOUTH,WXS-SOUTH-01,32.5,32.14,4.658,54.27,0,38.11,19.61,1011.89,external
2026-07-17T18:00:00Z,REG-SOUTH,WXS-SOUTH-01,31.68,31.44,2.399,55.79,0,30.99,17.69,1012,external
2026-07-17T19:00:00Z,REG-SOUTH,WXS-SOUTH-01,30.93,30.73,0,57.18,0,34.78,17.61,1012.13,external
2026-07-17T20:00:00Z,REG-SOUTH,WXS-SOUTH-01,30,29.81,0,58.89,0,39.42,18.38,1012.27,external
2026-07-17T21:00:00Z,REG-SOUTH,WXS-SOUTH-01,29.06,28.82,0,60.64,0,34.65,20.4,1012.42,external
2026-07-17T22:00:00Z,REG-SOUTH,WXS-SOUTH-01,27.97,27.76,0,62.65,0,33.9,20.93,1012.55,external
2026-07-17T23:00:00Z,REG-SOUTH,WXS-SOUTH-01,27.02,26.89,0,64.42,0,33.95,19.99,1012.67,external
2026-07-17T00:00:00Z,REG-DELTA,WXS-DELTA-01,28.28,28.62,0,85.35,0,67.35,21.26,1003.86,external
2026-07-17T01:00:00Z,REG-DELTA,WXS-DELTA-01,27.89,28.1,0,86.05,0,68.2,24.71,1003.78,external
2026-07-17T02:00:00Z,REG-DELTA,WXS-DELTA-01,27.71,28.05,0,86.4,0,65.76,21.74,1003.68,external
2026-07-17T03:00:00Z,REG-DELTA,WXS-DELTA-01,27.57,27.9,0,86.66,0,66.54,22.16,1003.55,external
2026-07-17T04:00:00Z,REG-DELTA,WXS-DELTA-01,27.69,28.17,0,86.43,0,63.73,18.85,1003.41,external
2026-07-17T05:00:00Z,REG-DELTA,WXS-DELTA-01,27.86,28.19,0,86.11,0,64.85,22.05,1003.27,external
2026-07-17T06:00:00Z,REG-DELTA,WXS-DELTA-01,28.22,28.49,0,85.46,0,63.2,22.83,1003.13,external
2026-07-17T07:00:00Z,REG-DELTA,WXS-DELTA-01,28.96,29.26,2.205,84.07,0,64.91,21.61,1003.01,external
2026-07-17T08:00:00Z,REG-DELTA,WXS-DELTA-01,29.28,29.53,4.283,83.48,0,65.03,22.36,1002.91,external
2026-07-17T09:00:00Z,REG-DELTA,WXS-DELTA-01,30.11,30.4,6.111,81.96,0,61.16,20.42,1002.84,external
2026-07-17T10:00:00Z,REG-DELTA,WXS-DELTA-01,30.52,30.75,7.584,81.2,0,62.73,21.32,1002.81,external
2026-07-17T11:00:00Z,REG-DELTA,WXS-DELTA-01,30.98,31.07,8.616,84.35,2.272,74.31,26.14,1002.82,external
2026-07-17T12:00:00Z,REG-DELTA,WXS-DELTA-01,31.56,31.59,9.148,83.28,2.233,70.37,26.91,1002.86,external
2026-07-17T13:00:00Z,REG-DELTA,WXS-DELTA-01,31.94,31.99,9.148,82.57,1.893,73.78,26.27,1002.94,external
2026-07-17T14:00:00Z,REG-DELTA,WXS-DELTA-01,32.18,32.3,8.616,82.13,1.682,74.11,24.35,1003.04,external
2026-07-17T15:00:00Z,REG-DELTA,WXS-DELTA-01,32.38,32.44,7.584,77.75,0,64.21,23.31,1003.17,external
2026-07-17T16:00:00Z,REG-DELTA,WXS-DELTA-01,32.22,32.36,6.111,78.05,0,61.43,21.63,1003.31,external
2026-07-17T17:00:00Z,REG-DELTA,WXS-DELTA-01,31.96,32.1,4.283,78.54,0,62.39,21.84,1003.45,external
2026-07-17T18:00:00Z,REG-DELTA,WXS-DELTA-01,31.72,31.8,2.205,78.98,0,64.29,23.54,1003.59,external
2026-07-17T19:00:00Z,REG-DELTA,WXS-DELTA-01,31.19,31.38,0,79.96,0,63.73,21.7,1003.71,external
2026-07-17T20:00:00Z,REG-DELTA,WXS-DELTA-01,30.56,30.75,0,81.12,0,70.25,22.25,1003.81,external
2026-07-17T21:00:00Z,REG-DELTA,WXS-DELTA-01,29.95,30.23,0,82.25,0,68.75,20.88,1003.88,external
2026-07-17T22:00:00Z,REG-DELTA,WXS-DELTA-01,29.34,29.55,0,83.39,0,65.68,22.96,1003.91,external
2026-07-17T23:00:00Z,REG-DELTA,WXS-DELTA-01,28.76,28.98,0,84.46,0,64.06,23.37,1003.9,external
2026-07-17T00:00:00Z,REG-ISLAND,WXS-ISLAND-01,25.79,26.09,0,76.2,0,32.08,17.19,1011.12,external
2026-07-17T01:00:00Z,REG-ISLAND,WXS-ISLAND-01,25.12,25.45,0,77.43,0,32.8,17.23,1010.97,external
2026-07-17T02:00:00Z,REG-ISLAND,WXS-ISLAND-01,24.83,25.19,0,77.96,0,26.91,16.83,1010.83,external
2026-07-17T03:00:00Z,REG-ISLAND,WXS-ISLAND-01,24.77,25.15,0,78.07,0,29.21,16.37,1010.71,external
2026-07-17T04:00:00Z,REG-ISLAND,WXS-ISLAND-01,24.8,25.17,0,78.03,0,29.31,16.39,1010.61,external
2026-07-17T05:00:00Z,REG-ISLAND,WXS-ISLAND-01,25.2,25.61,0,77.29,0,32.23,15.25,1010.53,external
2026-07-17T06:00:00Z,REG-ISLAND,WXS-ISLAND-01,25.77,26.13,0,76.24,0,30.64,15.71,1010.5,external
2026-07-17T07:00:00Z,REG-ISLAND,WXS-ISLAND-01,26.51,26.75,2.502,74.87,0,27.47,17.74,1010.49,external
2026-07-17T08:00:00Z,REG-ISLAND,WXS-ISLAND-01,27.53,27.77,4.859,72.97,0,28.84,16.83,1010.53,external
2026-07-17T09:00:00Z,REG-ISLAND,WXS-ISLAND-01,28.64,28.85,6.933,70.93,0,28.47,16.11,1010.6,external
2026-07-17T10:00:00Z,REG-ISLAND,WXS-ISLAND-01,29.65,30,8.604,69.06,0,28.66,16.66,1010.7,external
2026-07-17T11:00:00Z,REG-ISLAND,WXS-ISLAND-01,30.79,31.2,9.776,66.95,0,22.98,17.55,1010.82,external
2026-07-17T12:00:00Z,REG-ISLAND,WXS-ISLAND-01,31.61,32.1,10.379,65.42,0,27.53,16.79,1010.96,external
2026-07-17T13:00:00Z,REG-ISLAND,WXS-ISLAND-01,32.24,32.7,10.379,64.27,0,21.77,16.74,1011.11,external
2026-07-17T14:00:00Z,REG-ISLAND,WXS-ISLAND-01,32.61,33.04,9.776,63.59,0,23.68,15.14,1011.25,external
2026-07-17T15:00:00Z,REG-ISLAND,WXS-ISLAND-01,32.81,33.05,8.604,63.21,0,27.22,16.05,1011.37,external
2026-07-17T16:00:00Z,REG-ISLAND,WXS-ISLAND-01,32.74,32.71,6.933,63.33,0,24.11,17.39,1011.47,external
2026-07-17T17:00:00Z,REG-ISLAND,WXS-ISLAND-01,32.14,32.18,4.859,64.45,0,26.86,16.27,1011.55,external
2026-07-17T18:00:00Z,REG-ISLAND,WXS-ISLAND-01,31.57,31.69,2.502,65.49,0,27.23,15.35,1011.58,external
2026-07-17T19:00:00Z,REG-ISLAND,WXS-ISLAND-01,30.59,30.73,0,67.31,0,32.7,15.72,1011.59,external
2026-07-17T20:00:00Z,REG-ISLAND,WXS-ISLAND-01,29.81,30.02,0,68.75,0,31.43,15.08,1011.55,external
2026-07-17T21:00:00Z,REG-ISLAND,WXS-ISLAND-01,28.67,28.94,0,70.86,0,30.3,14.88,1011.48,external
2026-07-17T22:00:00Z,REG-ISLAND,WXS-ISLAND-01,27.74,27.99,0,72.59,0,36.12,16.16,1011.38,external
2026-07-17T23:00:00Z,REG-ISLAND,WXS-ISLAND-01,26.62,26.9,0,74.65,0,31.88,16.82,1011.26,external
2026-07-17T00:00:00Z,REG-NORTH,WXS-NORTH-01,18,18.42,0,79.57,0,45.16,16.34,1016.86,external
2026-07-17T01:00:00Z,REG-NORTH,WXS-NORTH-01,17.52,17.97,0,80.45,0,41.97,16.02,1016.78,external
2026-07-17T02:00:00Z,REG-NORTH,WXS-NORTH-01,17.14,17.64,0,81.15,0,38.12,15.34,1016.74,external
2026-07-17T03:00:00Z,REG-NORTH,WXS-NORTH-01,17.01,17.52,0,81.4,0,41.07,15.31,1016.73,external
2026-07-17T04:00:00Z,REG-NORTH,WXS-NORTH-01,17.07,17.46,0,81.28,0,42.16,17.85,1016.76,external
2026-07-17T05:00:00Z,REG-NORTH,WXS-NORTH-01,17.39,17.9,0,80.69,0,37.91,15.04,1016.83,external
2026-07-17T06:00:00Z,REG-NORTH,WXS-NORTH-01,18.04,18.52,0,79.48,0,40.4,14.89,1016.92,external
2026-07-17T07:00:00Z,REG-NORTH,WXS-NORTH-01,18.61,19.07,1.32,78.43,0,38.47,14.83,1017.04,external
2026-07-17T08:00:00Z,REG-NORTH,WXS-NORTH-01,19.72,20.11,2.563,76.37,0,39.91,15.21,1017.18,external
2026-07-17T09:00:00Z,REG-NORTH,WXS-NORTH-01,20.64,20.97,3.657,74.68,0,38.32,15.6,1017.32,external
2026-07-17T10:00:00Z,REG-NORTH,WXS-NORTH-01,21.57,21.75,4.538,72.96,0,39.28,17.84,1017.46,external
2026-07-17T11:00:00Z,REG-NORTH,WXS-NORTH-01,22.47,22.82,5.156,71.29,0,34.51,15.4,1017.59,external
2026-07-17T12:00:00Z,REG-NORTH,WXS-NORTH-01,23.12,23.5,5.474,70.09,0,34.56,15.37,1017.7,external
2026-07-17T13:00:00Z,REG-NORTH,WXS-NORTH-01,23.77,24.09,5.474,68.89,0,32.75,15.96,1017.78,external
2026-07-17T14:00:00Z,REG-NORTH,WXS-NORTH-01,24.23,24.5,5.156,68.03,0,35.32,15.36,1017.82,external
2026-07-17T15:00:00Z,REG-NORTH,WXS-NORTH-01,24.16,24.32,4.538,68.16,0,39.19,15.89,1017.83,external
2026-07-17T16:00:00Z,REG-NORTH,WXS-NORTH-01,24.09,24.23,3.657,68.29,0,35.46,16.42,1017.8,external
2026-07-17T17:00:00Z,REG-NORTH,WXS-NORTH-01,23.76,23.99,2.563,68.91,0,36.95,14.55,1017.73,external
2026-07-17T18:00:00Z,REG-NORTH,WXS-NORTH-01,23.13,23.31,1.32,70.08,0,43.4,16.32,1017.64,external
2026-07-17T19:00:00Z,REG-NORTH,WXS-NORTH-01,22.25,22.5,0,71.7,0,41.65,15.73,1017.52,external
2026-07-17T20:00:00Z,REG-NORTH,WXS-NORTH-01,21.58,21.83,0,72.94,0,42.18,16.31,1017.38,external
2026-07-17T21:00:00Z,REG-NORTH,WXS-NORTH-01,20.63,20.91,0,74.69,0,44.01,16.81,1017.24,external
2026-07-17T22:00:00Z,REG-NORTH,WXS-NORTH-01,19.58,19.95,0,76.64,0,34.77,15.93,1017.1,external
2026-07-17T23:00:00Z,REG-NORTH,WXS-NORTH-01,18.68,19.06,0,78.3,0,41.08,16.51,1016.97,external
2026-07-17T00:00:00Z,REG-CENTRAL,WXS-CENTRAL-01,21.06,21.06,0,68.05,0,44.87,19.19,1017.13,external
2026-07-17T01:00:00Z,REG-CENTRAL,WXS-CENTRAL-01,20.55,20.55,0,68.99,0,43.57,19.87,1017.19,external
2026-07-17T02:00:00Z,REG-CENTRAL,WXS-CENTRAL-01,20.23,20.27,0,69.59,0,46.12,19.27,1017.28,external
2026-07-17T03:00:00Z,REG-CENTRAL,WXS-CENTRAL-01,20.21,20.24,0,69.63,0,44.1,19.39,1017.4,external
2026-07-17T04:00:00Z,REG-CENTRAL,WXS-CENTRAL-01,20.04,20.13,0,69.93,0,40.58,18.3,1017.53,external
2026-07-17T05:00:00Z,REG-CENTRAL,WXS-CENTRAL-01,20.52,20.57,0,69.04,0,40.44,18.8,1017.67,external
2026-07-17T06:00:00Z,REG-CENTRAL,WXS-CENTRAL-01,21.19,21.16,0,67.81,0,44.89,19.78,1017.82,external
2026-07-17T07:00:00Z,REG-CENTRAL,WXS-CENTRAL-01,21.77,21.76,1.559,66.74,0,42.4,18.75,1017.95,external
2026-07-17T08:00:00Z,REG-CENTRAL,WXS-CENTRAL-01,22.62,22.58,3.028,65.17,0,46.91,18.46,1018.06,external
2026-07-17T09:00:00Z,REG-CENTRAL,WXS-CENTRAL-01,23.49,23.38,4.321,63.56,0,39.78,19.28,1018.14,external
2026-07-17T10:00:00Z,REG-CENTRAL,WXS-CENTRAL-01,24.27,24.03,5.362,62.11,0,41.2,21.28,1018.19,external
2026-07-17T11:00:00Z,REG-CENTRAL,WXS-CENTRAL-01,25.22,25.1,6.092,60.35,0,44.13,18.48,1018.21,external
2026-07-17T12:00:00Z,REG-CENTRAL,WXS-CENTRAL-01,25.96,25.86,6.468,58.99,0,36.12,18.4,1018.19,external
2026-07-17T13:00:00Z,REG-CENTRAL,WXS-CENTRAL-01,26.51,26.3,6.468,57.96,0,40.39,20.43,1018.13,external
2026-07-17T14:00:00Z,REG-CENTRAL,WXS-CENTRAL-01,26.99,26.85,6.092,57.08,0,35.99,17.13,1018.04,external
2026-07-17T15:00:00Z,REG-CENTRAL,WXS-CENTRAL-01,26.95,26.71,5.362,57.15,0,40.32,18.56,1017.92,external
2026-07-17T16:00:00Z,REG-CENTRAL,WXS-CENTRAL-01,26.81,26.59,4.321,57.41,0,35.02,18.3,1017.79,external
2026-07-17T17:00:00Z,REG-CENTRAL,WXS-CENTRAL-01,26.29,26.04,3.028,58.38,0,39.96,19.4,1017.65,external
2026-07-17T18:00:00Z,REG-CENTRAL,WXS-CENTRAL-01,25.94,25.71,1.559,59.03,0,44.12,19.25,1017.5,external
2026-07-17T19:00:00Z,REG-CENTRAL,WXS-CENTRAL-01,25.23,25.04,0,60.34,0,44.91,19.12,1017.37,external
2026-07-17T20:00:00Z,REG-CENTRAL,WXS-CENTRAL-01,24.36,24.17,0,61.94,0,44.07,20.03,1017.26,external
2026-07-17T21:00:00Z,REG-CENTRAL,WXS-CENTRAL-01,23.51,23.39,0,63.52,0,46.25,19.4,1017.18,external
2026-07-17T22:00:00Z,REG-CENTRAL,WXS-CENTRAL-01,22.63,22.58,0,65.16,0,46.74,18.55,1017.13,external
2026-07-17T23:00:00Z,REG-CENTRAL,WXS-CENTRAL-01,21.88,21.85,0,66.53,0,46.43,19.15,1017.11,external
2026-07-18T00:00:00Z,REG-COASTAL,WXS-COASTAL-01,25,25.47,0,73.74,0,16.61,9.09,1014.72,external
2026-07-18T01:00:00Z,REG-COASTAL,WXS-COASTAL-01,24.18,24.69,0,75.25,0,19.81,9.25,1014.86,external
2026-07-18T02:00:00Z,REG-COASTAL,WXS-COASTAL-01,23.7,24.23,0,76.14,0,16.13,10.59,1015,external
2026-07-18T03:00:00Z,REG-COASTAL,WXS-COASTAL-01,23.46,24,0,76.59,0,17.54,9.99,1015.11,external
2026-07-18T04:00:00Z,REG-COASTAL,WXS-COASTAL-01,23.74,24.27,0,76.07,0,21.99,9.76,1015.2,external
2026-07-18T05:00:00Z,REG-COASTAL,WXS-COASTAL-01,24.22,24.73,0,75.18,0,19.94,9.9,1015.25,external
2026-07-18T06:00:00Z,REG-COASTAL,WXS-COASTAL-01,24.98,25.45,0,73.78,0,17.94,9.96,1015.27,external
2026-07-18T07:00:00Z,REG-COASTAL,WXS-COASTAL-01,26,26.42,2.502,71.89,0,16.37,10.24,1015.25,external
2026-07-18T08:00:00Z,REG-COASTAL,WXS-COASTAL-01,27.1,27.47,4.858,69.86,0,14.68,9.57,1015.2,external
2026-07-18T09:00:00Z,REG-COASTAL,WXS-COASTAL-01,28.37,28.84,6.932,67.5,0,13.02,12.77,1015.11,external
2026-07-18T10:00:00Z,REG-COASTAL,WXS-COASTAL-01,29.4,30.12,8.604,65.61,0,12.7,8.9,1015,external
2026-07-18T11:00:00Z,REG-COASTAL,WXS-COASTAL-01,30.58,31.44,9.775,63.41,0,13.31,9.77,1014.86,external
2026-07-18T12:00:00Z,REG-COASTAL,WXS-COASTAL-01,31.43,32.34,10.378,61.85,0,10.87,8.23,1014.72,external
2026-07-18T13:00:00Z,REG-COASTAL,WXS-COASTAL-01,32.28,33.15,10.378,60.27,0,13.78,9.83,1014.58,external
2026-07-18T14:00:00Z,REG-COASTAL,WXS-COASTAL-01,32.77,33.52,9.775,59.37,0,10.97,9.39,1014.45,external
2026-07-18T15:00:00Z,REG-COASTAL,WXS-COASTAL-01,32.85,33.42,8.604,59.21,0,13.87,9.61,1014.33,external
2026-07-18T16:00:00Z,REG-COASTAL,WXS-COASTAL-01,33,33.29,6.932,58.95,0,14.12,8.86,1014.24,external
2026-07-18T17:00:00Z,REG-COASTAL,WXS-COASTAL-01,32.49,32.61,4.858,59.89,0,16.32,9.18,1014.19,external
2026-07-18T18:00:00Z,REG-COASTAL,WXS-COASTAL-01,31.64,31.81,2.502,61.45,0,22.81,10.02,1014.17,external
2026-07-18T19:00:00Z,REG-COASTAL,WXS-COASTAL-01,30.64,30.85,0,63.31,0,21.06,10.99,1014.19,external
2026-07-18T20:00:00Z,REG-COASTAL,WXS-COASTAL-01,29.54,29.79,0,65.35,0,20.2,11.11,1014.24,external
2026-07-18T21:00:00Z,REG-COASTAL,WXS-COASTAL-01,28.13,28.45,0,67.96,0,19.46,10.01,1014.33,external
2026-07-18T22:00:00Z,REG-COASTAL,WXS-COASTAL-01,27.08,27.45,0,69.89,0,16.94,10.2,1014.45,external
2026-07-18T23:00:00Z,REG-COASTAL,WXS-COASTAL-01,25.92,26.35,0,72.04,0,21.26,9.72,1014.58,external
2026-07-18T00:00:00Z,REG-SOUTH,WXS-SOUTH-01,25.73,25.98,0,67.92,0,24.95,13.69,1012.54,external
2026-07-18T01:00:00Z,REG-SOUTH,WXS-SOUTH-01,25.2,25.44,0,68.9,0,26.63,14.31,1012.6,external
2026-07-18T02:00:00Z,REG-SOUTH,WXS-SOUTH-01,24.64,24.92,0,69.94,0,28.27,13.99,1012.63,external
2026-07-18T03:00:00Z,REG-SOUTH,WXS-SOUTH-01,24.58,24.85,0,70.06,0,24.16,14.22,1012.62,external
2026-07-18T04:00:00Z,REG-SOUTH,WXS-SOUTH-01,24.57,24.77,0,70.06,0,27.26,16.04,1012.57,external
2026-07-18T05:00:00Z,REG-SOUTH,WXS-SOUTH-01,25.15,25.41,0,68.99,0,28.66,13.98,1012.49,external
2026-07-18T06:00:00Z,REG-SOUTH,WXS-SOUTH-01,25.74,25.96,0,67.9,0,28.74,14.23,1012.38,external
2026-07-18T07:00:00Z,REG-SOUTH,WXS-SOUTH-01,26.68,26.79,2.442,66.17,0,22.68,15.6,1012.25,external
2026-07-18T08:00:00Z,REG-SOUTH,WXS-SOUTH-01,27.7,27.76,4.741,64.27,0,25.14,15.95,1012.11,external
2026-07-18T09:00:00Z,REG-SOUTH,WXS-SOUTH-01,28.92,29.07,6.765,62.02,0,25.42,14.16,1011.96,external
2026-07-18T10:00:00Z,REG-SOUTH,WXS-SOUTH-01,30.17,30.45,8.396,59.7,0,24.73,15.22,1011.83,external
2026-07-18T11:00:00Z,REG-SOUTH,WXS-SOUTH-01,31.26,31.65,9.539,57.69,0,19.58,15.29,1011.71,external
2026-07-18T12:00:00Z,REG-SOUTH,WXS-SOUTH-01,32.31,32.75,10.128,55.74,0,19.45,15.16,1011.62,external
2026-07-18T13:00:00Z,REG-SOUTH,WXS-SOUTH-01,32.8,33.22,10.128,54.85,0,20.8,14.84,1011.56,external
2026-07-18T14:00:00Z,REG-SOUTH,WXS-SOUTH-01,33.36,33.66,9.539,53.81,0,19.94,15.14,1011.53,external
2026-07-18T15:00:00Z,REG-SOUTH,WXS-SOUTH-01,33.41,33.54,8.396,53.71,0,15.73,15.32,1011.54,external
2026-07-18T16:00:00Z,REG-SOUTH,WXS-SOUTH-01,33.46,33.32,6.765,53.62,0,22.48,16.01,1011.59,external
2026-07-18T17:00:00Z,REG-SOUTH,WXS-SOUTH-01,32.94,32.78,4.741,54.58,0,21.52,15.46,1011.67,external
2026-07-18T18:00:00Z,REG-SOUTH,WXS-SOUTH-01,32.28,32.18,2.442,55.8,0,28.52,14.71,1011.78,external
2026-07-18T19:00:00Z,REG-SOUTH,WXS-SOUTH-01,31.24,31.19,0,57.72,0,30.4,14.73,1011.91,external
2026-07-18T20:00:00Z,REG-SOUTH,WXS-SOUTH-01,30.25,30.21,0,59.55,0,23.34,15.47,1012.05,external
2026-07-18T21:00:00Z,REG-SOUTH,WXS-SOUTH-01,29.14,29.09,0,61.62,0,25.65,16.72,1012.2,external
2026-07-18T22:00:00Z,REG-SOUTH,WXS-SOUTH-01,27.8,27.85,0,64.08,0,26.64,16.05,1012.33,external
2026-07-18T23:00:00Z,REG-SOUTH,WXS-SOUTH-01,26.67,26.82,0,66.18,0,26.26,14.87,1012.45,external
2026-07-18T00:00:00Z,REG-DELTA,WXS-DELTA-01,28.17,28.66,0,79.19,0,38.12,14.65,1008.75,external
2026-07-18T01:00:00Z,REG-DELTA,WXS-DELTA-01,27.68,28.2,0,80.1,0,38.15,14.34,1008.67,external
2026-07-18T02:00:00Z,REG-DELTA,WXS-DELTA-01,27.26,27.75,0,80.87,0,40.55,15.54,1008.57,external
2026-07-18T03:00:00Z,REG-DELTA,WXS-DELTA-01,27.1,27.66,0,81.17,0,38.93,14.26,1008.44,external
2026-07-18T04:00:00Z,REG-DELTA,WXS-DELTA-01,27.33,27.83,0,80.75,0,44.27,15.12,1008.3,external
2026-07-18T05:00:00Z,REG-DELTA,WXS-DELTA-01,27.42,27.87,0,80.58,0,37.03,16.22,1008.16,external
2026-07-18T06:00:00Z,REG-DELTA,WXS-DELTA-01,28.02,28.49,0,79.48,0,39.46,15.04,1008.02,external
2026-07-18T07:00:00Z,REG-DELTA,WXS-DELTA-01,28.72,29.14,2.468,78.17,0,39.17,15.53,1007.9,external
2026-07-18T08:00:00Z,REG-DELTA,WXS-DELTA-01,29.64,30.03,4.792,76.48,0,34.69,15.1,1007.8,external
2026-07-18T09:00:00Z,REG-DELTA,WXS-DELTA-01,30.7,31.06,6.838,74.52,0,31.06,14.79,1007.73,external
2026-07-18T10:00:00Z,REG-DELTA,WXS-DELTA-01,31.67,32.08,8.487,72.72,0,35.42,14.86,1007.7,external
2026-07-18T11:00:00Z,REG-DELTA,WXS-DELTA-01,32.46,33,9.642,71.26,0,33.35,14.13,1007.71,external
2026-07-18T12:00:00Z,REG-DELTA,WXS-DELTA-01,33.22,33.76,10.237,69.85,0,31.06,15.12,1007.75,external
2026-07-18T13:00:00Z,REG-DELTA,WXS-DELTA-01,33.75,34.32,10.237,68.86,0,34.94,13.97,1007.83,external
2026-07-18T14:00:00Z,REG-DELTA,WXS-DELTA-01,34.22,34.71,9.642,68,0,31.64,13.63,1007.93,external
2026-07-18T15:00:00Z,REG-DELTA,WXS-DELTA-01,34.25,34.65,8.487,67.94,0,34,12.43,1008.06,external
2026-07-18T16:00:00Z,REG-DELTA,WXS-DELTA-01,34.31,34.51,6.838,67.84,0,33.95,14.55,1008.2,external
2026-07-18T17:00:00Z,REG-DELTA,WXS-DELTA-01,33.82,34.06,4.792,68.74,0,37.75,14.37,1008.34,external
2026-07-18T18:00:00Z,REG-DELTA,WXS-DELTA-01,33.28,33.53,2.468,69.73,0,33.71,14.67,1008.48,external
2026-07-18T19:00:00Z,REG-DELTA,WXS-DELTA-01,32.46,32.79,0,71.26,0,37.1,13.76,1008.6,external
2026-07-18T20:00:00Z,REG-DELTA,WXS-DELTA-01,31.53,31.87,0,72.97,0,40.17,14.39,1008.7,external
2026-07-18T21:00:00Z,REG-DELTA,WXS-DELTA-01,30.69,31.06,0,74.54,0,40.12,14.59,1008.77,external
2026-07-18T22:00:00Z,REG-DELTA,WXS-DELTA-01,29.73,30.25,0,76.31,0,37.7,12.24,1008.8,external
2026-07-18T23:00:00Z,REG-DELTA,WXS-DELTA-01,28.89,29.32,0,77.87,0,38.18,14.99,1008.79,external
2026-07-18T00:00:00Z,REG-ISLAND,WXS-ISLAND-01,26.1,26.43,0,78.69,0,42.07,17.7,1011.5,external
2026-07-18T01:00:00Z,REG-ISLAND,WXS-ISLAND-01,25.67,26.16,0,79.47,0,42.43,14.83,1011.35,external
2026-07-18T02:00:00Z,REG-ISLAND,WXS-ISLAND-01,25.26,25.74,0,80.23,0,44.95,15.32,1011.21,external
2026-07-18T03:00:00Z,REG-ISLAND,WXS-ISLAND-01,25.13,25.61,0,80.48,0,42.58,15.44,1011.09,external
2026-07-18T04:00:00Z,REG-ISLAND,WXS-ISLAND-01,25.25,25.71,0,80.25,0,42.7,15.87,1010.99,external
2026-07-18T05:00:00Z,REG-ISLAND,WXS-ISLAND-01,25.64,26.06,0,79.52,0,43.09,16.32,1010.91,external
2026-07-18T06:00:00Z,REG-ISLAND,WXS-ISLAND-01,26.25,26.62,0,78.41,0,43.38,16.72,1010.88,external
2026-07-18T07:00:00Z,REG-ISLAND,WXS-ISLAND-01,27.01,27.29,2.48,77,0,36.3,17.84,1010.87,external
2026-07-18T08:00:00Z,REG-ISLAND,WXS-ISLAND-01,27.98,28.29,4.816,75.21,0,31.42,16.14,1010.91,external
2026-07-18T09:00:00Z,REG-ISLAND,WXS-ISLAND-01,28.8,29.07,6.872,73.68,0,36.65,16.47,1010.98,external
2026-07-18T10:00:00Z,REG-ISLAND,WXS-ISLAND-01,29.71,30.05,8.529,72,0,36.52,15.77,1011.08,external
2026-07-18T11:00:00Z,REG-ISLAND,WXS-ISLAND-01,30.78,31.13,9.69,70.03,0,33.61,17.24,1011.2,external
2026-07-18T12:00:00Z,REG-ISLAND,WXS-ISLAND-01,31.52,32.01,10.288,68.66,0,30.2,14.83,1011.34,external
2026-07-18T13:00:00Z,REG-ISLAND,WXS-ISLAND-01,32.24,32.69,10.288,67.31,0,28.64,15.3,1011.49,external
2026-07-18T14:00:00Z,REG-ISLAND,WXS-ISLAND-01,32.53,32.81,9.69,66.79,0,33.55,17.16,1011.63,external
2026-07-18T15:00:00Z,REG-ISLAND,WXS-ISLAND-01,32.69,32.87,8.529,66.49,0,37.12,16.14,1011.75,external
2026-07-18T16:00:00Z,REG-ISLAND,WXS-ISLAND-01,32.43,32.52,6.872,66.97,0,37.09,16.66,1011.85,external
2026-07-18T17:00:00Z,REG-ISLAND,WXS-ISLAND-01,32.16,32.36,4.816,67.47,0,40.42,14.42,1011.93,external
2026-07-18T18:00:00Z,REG-ISLAND,WXS-ISLAND-01,31.5,31.72,2.48,68.69,0,38.96,14.59,1011.96,external
2026-07-18T19:00:00Z,REG-ISLAND,WXS-ISLAND-01,30.77,31.01,0,70.04,0,41.25,15.06,1011.97,external
2026-07-18T20:00:00Z,REG-ISLAND,WXS-ISLAND-01,29.91,30.17,0,71.64,0,41.08,15.36,1011.93,external
2026-07-18T21:00:00Z,REG-ISLAND,WXS-ISLAND-01,29.04,29.3,0,73.23,0,41.38,16.45,1011.86,external
2026-07-18T22:00:00Z,REG-ISLAND,WXS-ISLAND-01,28.06,28.37,0,75.06,0,42.29,16.3,1011.76,external
2026-07-18T23:00:00Z,REG-ISLAND,WXS-ISLAND-01,26.93,27.29,0,77.14,0,41.2,16.32,1011.64,external
2026-07-18T00:00:00Z,REG-NORTH,WXS-NORTH-01,17.98,18.22,0,76.92,0,32.27,18.88,1015.65,external
2026-07-18T01:00:00Z,REG-NORTH,WXS-NORTH-01,17.44,17.72,0,77.92,0,35.47,18.58,1015.57,external
2026-07-18T02:00:00Z,REG-NORTH,WXS-NORTH-01,17.04,17.38,0,78.65,0,31.48,17.59,1015.53,external
2026-07-18T03:00:00Z,REG-NORTH,WXS-NORTH-01,16.9,17.26,0,78.91,0,32.15,17.39,1015.52,external
2026-07-18T04:00:00Z,REG-NORTH,WXS-NORTH-01,16.88,17.19,0,78.96,0,30.13,18.33,1015.55,external
2026-07-18T05:00:00Z,REG-NORTH,WXS-NORTH-01,17.44,17.76,0,77.93,0,37.35,17.58,1015.62,external
2026-07-18T06:00:00Z,REG-NORTH,WXS-NORTH-01,17.94,18.19,0,77,0,34,18.57,1015.71,external
2026-07-18T07:00:00Z,REG-NORTH,WXS-NORTH-01,18.6,18.82,1.363,75.76,0,32.65,18.77,1015.83,external
2026-07-18T08:00:00Z,REG-NORTH,WXS-NORTH-01,19.68,19.89,2.646,73.77,0,27.2,17.79,1015.97,external
2026-07-18T09:00:00Z,REG-NORTH,WXS-NORTH-01,20.6,20.77,3.775,72.08,0,30.72,17.57,1016.11,external
2026-07-18T10:00:00Z,REG-NORTH,WXS-NORTH-01,21.62,21.83,4.686,70.18,0,25.41,17.78,1016.25,external
2026-07-18T11:00:00Z,REG-NORTH,WXS-NORTH-01,22.47,22.79,5.324,68.6,0,27.93,17.48,1016.38,external
2026-07-18T12:00:00Z,REG-NORTH,WXS-NORTH-01,23.17,23.48,5.652,67.32,0,30.39,18.47,1016.49,external
2026-07-18T13:00:00Z,REG-NORTH,WXS-NORTH-01,23.78,24.13,5.652,66.18,0,28.59,16.96,1016.57,external
2026-07-18T14:00:00Z,REG-NORTH,WXS-NORTH-01,24.13,24.34,5.324,65.55,0,28.3,18.06,1016.61,external
2026-07-18T15:00:00Z,REG-NORTH,WXS-NORTH-01,24.24,24.38,4.686,65.33,0,27.05,16.49,1016.62,external
2026-07-18T16:00:00Z,REG-NORTH,WXS-NORTH-01,24.24,24.22,3.775,65.34,0,26.44,18.24,1016.59,external
2026-07-18T17:00:00Z,REG-NORTH,WXS-NORTH-01,23.88,23.85,2.646,66.01,0,31.41,18.71,1016.52,external
2026-07-18T18:00:00Z,REG-NORTH,WXS-NORTH-01,23.23,23.25,1.363,67.2,0,33.09,18.29,1016.43,external
2026-07-18T19:00:00Z,REG-NORTH,WXS-NORTH-01,22.4,22.45,0,68.74,0,33.66,18.65,1016.31,external
2026-07-18T20:00:00Z,REG-NORTH,WXS-NORTH-01,21.58,21.64,0,70.26,0,35.74,19.02,1016.17,external
2026-07-18T21:00:00Z,REG-NORTH,WXS-NORTH-01,20.56,20.75,0,72.15,0,33.04,17.1,1016.03,external
2026-07-18T22:00:00Z,REG-NORTH,WXS-NORTH-01,19.61,19.81,0,73.9,0,33.98,18,1015.89,external
2026-07-18T23:00:00Z,REG-NORTH,WXS-NORTH-01,18.75,18.93,0,75.49,0,36.21,19.39,1015.76,external
2026-07-18T00:00:00Z,REG-CENTRAL,WXS-CENTRAL-01,20.83,20.83,0,63.91,0,43.47,16.93,1017.14,external
2026-07-18T01:00:00Z,REG-CENTRAL,WXS-CENTRAL-01,20.18,20.23,0,65.11,0,48.69,16.7,1017.2,external
2026-07-18T02:00:00Z,REG-CENTRAL,WXS-CENTRAL-01,19.81,19.88,0,65.8,0,45.51,16.59,1017.29,external
2026-07-18T03:00:00Z,REG-CENTRAL,WXS-CENTRAL-01,19.65,19.72,0,66.09,0,45.1,16.7,1017.41,external
2026-07-18T04:00:00Z,REG-CENTRAL,WXS-CENTRAL-01,19.77,19.86,0,65.88,0,46.06,15.87,1017.54,external
2026-07-18T05:00:00Z,REG-CENTRAL,WXS-CENTRAL-01,20.25,20.23,0,64.99,0,45.47,17.94,1017.68,external
2026-07-18T06:00:00Z,REG-CENTRAL,WXS-CENTRAL-01,20.82,20.82,0,63.93,0,49.32,16.96,1017.83,external
2026-07-18T07:00:00Z,REG-CENTRAL,WXS-CENTRAL-01,21.6,21.5,1.557,62.49,0,47.56,18.35,1017.96,external
2026-07-18T08:00:00Z,REG-CENTRAL,WXS-CENTRAL-01,22.38,22.33,3.024,61.04,0,43.4,16.45,1018.07,external
2026-07-18T09:00:00Z,REG-CENTRAL,WXS-CENTRAL-01,23.15,23.03,4.315,59.63,0,39.8,17.3,1018.15,external
2026-07-18T10:00:00Z,REG-CENTRAL,WXS-CENTRAL-01,24.3,24.16,5.356,57.49,0,42.34,16.49,1018.2,external
2026-07-18T11:00:00Z,REG-CENTRAL,WXS-CENTRAL-01,25.24,25.03,6.085,55.76,0,38.87,17.09,1018.22,external
2026-07-18T12:00:00Z,REG-CENTRAL,WXS-CENTRAL-01,25.89,25.67,6.46,54.56,0,36.22,17.89,1018.2,external
2026-07-18T13:00:00Z,REG-CENTRAL,WXS-CENTRAL-01,26.55,26.33,6.46,53.33,0,39.38,17.37,1018.14,external
2026-07-18T14:00:00Z,REG-CENTRAL,WXS-CENTRAL-01,26.84,26.47,6.085,52.8,0,41.16,19.01,1018.05,external
2026-07-18T15:00:00Z,REG-CENTRAL,WXS-CENTRAL-01,27.01,26.68,5.356,52.49,0,39.74,17.75,1017.93,external
2026-07-18T16:00:00Z,REG-CENTRAL,WXS-CENTRAL-01,26.82,26.46,4.315,52.83,0,40.38,18.97,1017.8,external
2026-07-18T17:00:00Z,REG-CENTRAL,WXS-CENTRAL-01,26.59,26.35,3.024,53.25,0,44.94,16.41,1017.66,external
2026-07-18T18:00:00Z,REG-CENTRAL,WXS-CENTRAL-01,25.79,25.48,1.557,54.74,0,43.87,18.74,1017.51,external
2026-07-18T19:00:00Z,REG-CENTRAL,WXS-CENTRAL-01,25.15,24.88,0,55.92,0,49.1,18.44,1017.38,external
2026-07-18T20:00:00Z,REG-CENTRAL,WXS-CENTRAL-01,24.25,24.15,0,57.58,0,46.45,15.75,1017.27,external
2026-07-18T21:00:00Z,REG-CENTRAL,WXS-CENTRAL-01,23.14,22.94,0,59.63,0,48.13,19,1017.19,external
2026-07-18T22:00:00Z,REG-CENTRAL,WXS-CENTRAL-01,22.39,22.35,0,61.02,0,47.29,16.35,1017.14,external
2026-07-18T23:00:00Z,REG-CENTRAL,WXS-CENTRAL-01,21.5,21.42,0,62.67,0,43.66,18.04,1017.12,external
2026-07-19T00:00:00Z,REG-COASTAL,WXS-COASTAL-01,25.36,25.8,0,72.6,0,28.59,11.72,1015.25,external
2026-07-19T01:00:00Z,REG-COASTAL,WXS-COASTAL-01,24.75,25.22,0,73.73,0,25.79,11.72,1015.39,external
2026-07-19T02:00:00Z,REG-COASTAL,WXS-COASTAL-01,24.14,24.57,0,74.84,0,23.55,13.5,1015.53,external
2026-07-19T03:00:00Z,REG-COASTAL,WXS-COASTAL-01,24.17,24.61,0,74.8,0,28.47,13.14,1015.64,external
2026-07-19T04:00:00Z,REG-COASTAL,WXS-COASTAL-01,24.19,24.68,0,74.76,0,25.59,11.38,1015.73,external
2026-07-19T05:00:00Z,REG-COASTAL,WXS-COASTAL-01,24.46,24.93,0,74.27,0,21.72,12.1,1015.78,external
2026-07-19T06:00:00Z,REG-COASTAL,WXS-COASTAL-01,25.1,25.55,0,73.08,0,21.31,12.12,1015.8,external
2026-07-19T07:00:00Z,REG-COASTAL,WXS-COASTAL-01,26.25,26.63,2.468,70.95,0,25.48,12.31,1015.78,external
2026-07-19T08:00:00Z,REG-COASTAL,WXS-COASTAL-01,27.01,27.37,4.793,69.54,0,22.99,12.05,1015.73,external
2026-07-19T09:00:00Z,REG-COASTAL,WXS-COASTAL-01,28.3,28.68,6.84,67.15,0,20.8,12.56,1015.64,external
2026-07-19T10:00:00Z,REG-COASTAL,WXS-COASTAL-01,29.25,29.85,8.488,65.4,0,19.77,11.96,1015.53,external
2026-07-19T11:00:00Z,REG-COASTAL,WXS-COASTAL-01,30.31,30.91,9.644,63.44,0,20.38,14.66,1015.39,external
2026-07-19T12:00:00Z,REG-COASTAL,WXS-COASTAL-01,31.15,31.9,10.239,61.89,0,18.53,12.4,1015.25,external
2026-07-19T13:00:00Z,REG-COASTAL,WXS-COASTAL-01,31.92,32.6,10.239,60.47,0,19.13,13.14,1015.11,external
2026-07-19T14:00:00Z,REG-COASTAL,WXS-COASTAL-01,32.18,32.76,9.644,59.99,0,25.22,13.23,1014.98,external
2026-07-19T15:00:00Z,REG-COASTAL,WXS-COASTAL-01,32.27,32.73,8.488,59.81,0,19.25,12.14,1014.86,external
2026-07-19T16:00:00Z,REG-COASTAL,WXS-COASTAL-01,32.25,32.44,6.84,59.85,0,19.16,12.67,1014.77,external
2026-07-19T17:00:00Z,REG-COASTAL,WXS-COASTAL-01,31.81,31.94,4.793,60.67,0,20.86,12.2,1014.72,external
2026-07-19T18:00:00Z,REG-COASTAL,WXS-COASTAL-01,31.07,31.17,2.468,62.03,0,30.85,13.85,1014.7,external
2026-07-19T19:00:00Z,REG-COASTAL,WXS-COASTAL-01,30.14,30.28,0,63.75,0,28.64,13.68,1014.72,external
2026-07-19T20:00:00Z,REG-COASTAL,WXS-COASTAL-01,29.14,29.31,0,65.61,0,24.5,14.07,1014.77,external
2026-07-19T21:00:00Z,REG-COASTAL,WXS-COASTAL-01,28.13,28.36,0,67.47,0,23.07,13.79,1014.86,external
2026-07-19T22:00:00Z,REG-COASTAL,WXS-COASTAL-01,27.2,27.51,0,69.19,0,29.18,12.99,1014.98,external
2026-07-19T23:00:00Z,REG-COASTAL,WXS-COASTAL-01,26.02,26.37,0,71.37,0,29.09,13.33,1015.11,external
2026-07-19T00:00:00Z,REG-SOUTH,WXS-SOUTH-01,26.44,26.61,0,67.96,0,22.48,15.51,1011.09,external
2026-07-19T01:00:00Z,REG-SOUTH,WXS-SOUTH-01,25.6,25.87,0,69.52,0,23.23,14.03,1011.15,external
2026-07-19T02:00:00Z,REG-SOUTH,WXS-SOUTH-01,25.3,25.52,0,70.08,0,21.46,15.45,1011.18,external
2026-07-19T03:00:00Z,REG-SOUTH,WXS-SOUTH-01,25.24,25.47,0,70.19,0,24.15,15.28,1011.17,external
2026-07-19T04:00:00Z,REG-SOUTH,WXS-SOUTH-01,25.29,25.55,0,70.09,0,24.47,14.57,1011.12,external
2026-07-19T05:00:00Z,REG-SOUTH,WXS-SOUTH-01,25.81,26.02,0,69.13,0,24.28,15.09,1011.04,external
2026-07-19T06:00:00Z,REG-SOUTH,WXS-SOUTH-01,26.45,26.64,0,67.95,0,23.12,14.84,1010.93,external
2026-07-19T07:00:00Z,REG-SOUTH,WXS-SOUTH-01,27.19,27.38,2.458,66.57,0,27.22,14.3,1010.8,external
2026-07-19T08:00:00Z,REG-SOUTH,WXS-SOUTH-01,28.42,28.49,4.773,64.3,0,23.55,15.73,1010.66,external
2026-07-19T09:00:00Z,REG-SOUTH,WXS-SOUTH-01,29.36,29.54,6.81,62.56,0,21.08,14.38,1010.51,external
2026-07-19T10:00:00Z,REG-SOUTH,WXS-SOUTH-01,30.48,30.8,8.452,60.48,0,17.33,15.58,1010.38,external
2026-07-19T11:00:00Z,REG-SOUTH,WXS-SOUTH-01,31.57,32.11,9.603,58.47,0,18.03,13.27,1010.26,external
2026-07-19T12:00:00Z,REG-SOUTH,WXS-SOUTH-01,32.31,32.94,10.195,57.1,0,15.73,12.71,1010.17,external
2026-07-19T13:00:00Z,REG-SOUTH,WXS-SOUTH-01,32.95,33.4,10.195,55.92,0,14.84,15.8,1010.11,external
2026-07-19T14:00:00Z,REG-SOUTH,WXS-SOUTH-01,33.57,34.01,9.603,54.77,0,17.48,13.58,1010.08,external
2026-07-19T15:00:00Z,REG-SOUTH,WXS-SOUTH-01,33.67,33.77,8.452,54.58,0,20.07,17.28,1010.09,external
2026-07-19T16:00:00Z,REG-SOUTH,WXS-SOUTH-01,33.45,33.37,6.81,55,0,20.15,15.82,1010.14,external
2026-07-19T17:00:00Z,REG-SOUTH,WXS-SOUTH-01,33.1,32.94,4.773,55.64,0,21.97,15.81,1010.22,external
2026-07-19T18:00:00Z,REG-SOUTH,WXS-SOUTH-01,32.41,32.37,2.458,56.92,0,20.53,13.9,1010.33,external
2026-07-19T19:00:00Z,REG-SOUTH,WXS-SOUTH-01,31.67,31.63,0,58.28,0,24.97,14.86,1010.46,external
2026-07-19T20:00:00Z,REG-SOUTH,WXS-SOUTH-01,30.55,30.49,0,60.36,0,20.33,16.16,1010.6,external
2026-07-19T21:00:00Z,REG-SOUTH,WXS-SOUTH-01,29.53,29.56,0,62.26,0,23.95,15.3,1010.75,external
2026-07-19T22:00:00Z,REG-SOUTH,WXS-SOUTH-01,28.37,28.41,0,64.4,0,22.4,16.18,1010.88,external
2026-07-19T23:00:00Z,REG-SOUTH,WXS-SOUTH-01,27.36,27.51,0,66.27,0,28.8,14.94,1011,external
2026-07-19T00:00:00Z,REG-DELTA,WXS-DELTA-01,28.03,28.64,0,79.56,0,33.25,10.31,1009.24,external
2026-07-19T01:00:00Z,REG-DELTA,WXS-DELTA-01,27.16,27.82,0,81.15,0,32.7,10,1009.16,external
2026-07-19T02:00:00Z,REG-DELTA,WXS-DELTA-01,26.79,27.46,0,81.85,0,27.83,9.72,1009.06,external
2026-07-19T03:00:00Z,REG-DELTA,WXS-DELTA-01,26.77,27.45,0,81.88,0,34.92,9.11,1008.93,external
2026-07-19T04:00:00Z,REG-DELTA,WXS-DELTA-01,26.94,27.6,0,81.57,0,29.45,8.9,1008.79,external
2026-07-19T05:00:00Z,REG-DELTA,WXS-DELTA-01,27.18,27.84,0,81.12,0,28.07,10.21,1008.65,external
2026-07-19T06:00:00Z,REG-DELTA,WXS-DELTA-01,27.95,28.57,0,79.69,0,28,9.64,1008.51,external
2026-07-19T07:00:00Z,REG-DELTA,WXS-DELTA-01,28.81,29.39,2.503,78.1,0,30.3,10.25,1008.39,external
2026-07-19T08:00:00Z,REG-DELTA,WXS-DELTA-01,29.65,30.19,4.86,76.55,0,27.44,8.36,1008.29,external
2026-07-19T09:00:00Z,REG-DELTA,WXS-DELTA-01,30.6,31.1,6.934,74.79,0,25.51,10.23,1008.22,external
2026-07-19T10:00:00Z,REG-DELTA,WXS-DELTA-01,31.7,32.36,8.606,72.76,0,22.51,8.6,1008.19,external
2026-07-19T11:00:00Z,REG-DELTA,WXS-DELTA-01,32.46,33.24,9.778,71.36,0,23.03,9.65,1008.2,external
2026-07-19T12:00:00Z,REG-DELTA,WXS-DELTA-01,33.34,34.15,10.381,69.73,0,23.61,8.91,1008.24,external
2026-07-19T13:00:00Z,REG-DELTA,WXS-DELTA-01,33.86,34.65,10.381,68.76,0,22.95,9.33,1008.32,external
2026-07-19T14:00:00Z,REG-DELTA,WXS-DELTA-01,34.42,35.11,9.778,67.73,0,20.37,10.33,1008.42,external
2026-07-19T15:00:00Z,REG-DELTA,WXS-DELTA-01,34.42,34.95,8.606,67.73,0,22.79,10.57,1008.55,external
2026-07-19T16:00:00Z,REG-DELTA,WXS-DELTA-01,34.34,34.66,6.934,67.88,0,31.95,9.45,1008.69,external
2026-07-19T17:00:00Z,REG-DELTA,WXS-DELTA-01,33.92,34.26,4.86,68.66,0,31.42,10.92,1008.83,external
2026-07-19T18:00:00Z,REG-DELTA,WXS-DELTA-01,33.36,33.73,2.503,69.69,0,29.19,10.07,1008.97,external
2026-07-19T19:00:00Z,REG-DELTA,WXS-DELTA-01,32.64,33.04,0,71.03,0,27.68,10.46,1009.09,external
2026-07-19T20:00:00Z,REG-DELTA,WXS-DELTA-01,31.6,32.05,0,72.94,0,36.55,10.34,1009.19,external
2026-07-19T21:00:00Z,REG-DELTA,WXS-DELTA-01,30.48,30.98,0,75.03,0,30.4,10.71,1009.26,external
2026-07-19T22:00:00Z,REG-DELTA,WXS-DELTA-01,29.68,30.22,0,76.5,0,30.46,9.48,1009.29,external
2026-07-19T23:00:00Z,REG-DELTA,WXS-DELTA-01,28.52,29.11,0,78.64,0,26.61,8.22,1009.28,external
2026-07-19T00:00:00Z,REG-ISLAND,WXS-ISLAND-01,26.74,27.01,0,81.77,0,65.86,20.83,1006.75,external
2026-07-19T01:00:00Z,REG-ISLAND,WXS-ISLAND-01,26.46,26.79,0,82.29,0,68.52,19.76,1006.6,external
2026-07-19T02:00:00Z,REG-ISLAND,WXS-ISLAND-01,26.12,26.42,0,82.93,0,66.03,20.67,1006.46,external
2026-07-19T03:00:00Z,REG-ISLAND,WXS-ISLAND-01,26.04,26.4,0,83.07,0,64.48,19.49,1006.34,external
2026-07-19T04:00:00Z,REG-ISLAND,WXS-ISLAND-01,26.15,26.5,0,82.86,0,67.28,19.83,1006.24,external
2026-07-19T05:00:00Z,REG-ISLAND,WXS-ISLAND-01,26.37,26.75,0,82.46,0,63.24,18.79,1006.16,external
2026-07-19T06:00:00Z,REG-ISLAND,WXS-ISLAND-01,26.85,27.2,0,81.58,0,67.64,18.81,1006.13,external
2026-07-19T07:00:00Z,REG-ISLAND,WXS-ISLAND-01,27.33,27.53,2.285,80.69,0,62.45,21.78,1006.12,external
2026-07-19T08:00:00Z,REG-ISLAND,WXS-ISLAND-01,27.97,28.18,4.437,83.5,3.538,75.21,23.11,1006.16,external
2026-07-19T09:00:00Z,REG-ISLAND,WXS-ISLAND-01,28.63,28.77,6.331,82.27,3.325,74.03,24.12,1006.23,external
2026-07-19T10:00:00Z,REG-ISLAND,WXS-ISLAND-01,29.32,29.43,7.857,80.99,2.811,74.37,24.01,1006.33,external
2026-07-19T11:00:00Z,REG-ISLAND,WXS-ISLAND-01,29.85,29.97,8.926,80.02,2.324,70.84,23.27,1006.45,external
2026-07-19T12:00:00Z,REG-ISLAND,WXS-ISLAND-01,30.34,30.43,9.477,79.12,2.582,71.01,23.4,1006.59,external
2026-07-19T13:00:00Z,REG-ISLAND,WXS-ISLAND-01,30.87,30.96,9.477,74.13,0,59.05,20.65,1006.74,external
2026-07-19T14:00:00Z,REG-ISLAND,WXS-ISLAND-01,30.95,31.11,8.926,73.99,0,62.13,19.02,1006.88,external
2026-07-19T15:00:00Z,REG-ISLAND,WXS-ISLAND-01,31,31.14,7.857,73.89,0,64.17,19.3,1007,external
2026-07-19T16:00:00Z,REG-ISLAND,WXS-ISLAND-01,30.98,31.09,6.331,73.93,0,61.99,20.03,1007.1,external
2026-07-19T17:00:00Z,REG-ISLAND,WXS-ISLAND-01,30.88,30.9,4.437,74.1,0,63.48,22.35,1007.18,external
2026-07-19T18:00:00Z,REG-ISLAND,WXS-ISLAND-01,30.54,30.72,2.285,74.74,0,61.28,19.05,1007.21,external
2026-07-19T19:00:00Z,REG-ISLAND,WXS-ISLAND-01,29.8,29.94,0,76.11,0,64.08,20.67,1007.22,external
2026-07-19T20:00:00Z,REG-ISLAND,WXS-ISLAND-01,29.25,29.44,0,77.14,0,71.84,19.99,1007.18,external
2026-07-19T21:00:00Z,REG-ISLAND,WXS-ISLAND-01,28.67,28.86,0,78.2,0,62.98,20.64,1007.11,external
2026-07-19T22:00:00Z,REG-ISLAND,WXS-ISLAND-01,27.91,28.14,0,79.62,0,65.6,20.4,1007.01,external
2026-07-19T23:00:00Z,REG-ISLAND,WXS-ISLAND-01,27.42,27.66,0,80.52,0,63.75,20.68,1006.89,external
2026-07-19T00:00:00Z,REG-NORTH,WXS-NORTH-01,17.91,18.36,0,76.19,0,38.05,13.75,1017.09,external
2026-07-19T01:00:00Z,REG-NORTH,WXS-NORTH-01,17.37,17.88,0,77.19,0,38.5,12.94,1017.01,external
2026-07-19T02:00:00Z,REG-NORTH,WXS-NORTH-01,16.91,17.43,0,78.04,0,39.86,13.19,1016.97,external
2026-07-19T03:00:00Z,REG-NORTH,WXS-NORTH-01,16.68,17.15,0,78.46,0,37.56,14.5,1016.96,external
2026-07-19T04:00:00Z,REG-NORTH,WXS-NORTH-01,16.86,17.43,0,78.13,0,38.7,12.08,1016.99,external
2026-07-19T05:00:00Z,REG-NORTH,WXS-NORTH-01,17.23,17.74,0,77.45,0,40.55,13,1017.06,external
2026-07-19T06:00:00Z,REG-NORTH,WXS-NORTH-01,18.01,18.46,0,76,0,40.64,13.64,1017.15,external
2026-07-19T07:00:00Z,REG-NORTH,WXS-NORTH-01,18.78,19.27,1.353,74.57,0,35.84,12.15,1017.27,external
2026-07-19T08:00:00Z,REG-NORTH,WXS-NORTH-01,19.74,20.05,2.628,72.79,0,37.68,14.97,1017.41,external
2026-07-19T09:00:00Z,REG-NORTH,WXS-NORTH-01,20.76,21.14,3.75,70.9,0,33.89,12.38,1017.55,external
2026-07-19T10:00:00Z,REG-NORTH,WXS-NORTH-01,21.75,22.03,4.654,69.08,0,32.52,13.92,1017.69,external
2026-07-19T11:00:00Z,REG-NORTH,WXS-NORTH-01,22.54,22.91,5.288,67.61,0,31.63,14.05,1017.82,external
2026-07-19T12:00:00Z,REG-NORTH,WXS-NORTH-01,23.28,23.67,5.614,66.25,0,31.26,14.17,1017.93,external
2026-07-19T13:00:00Z,REG-NORTH,WXS-NORTH-01,24.17,24.58,5.614,64.6,0,32.16,12.85,1018.01,external
2026-07-19T14:00:00Z,REG-NORTH,WXS-NORTH-01,24.61,24.82,5.288,63.79,0,32.08,15.45,1018.05,external
2026-07-19T15:00:00Z,REG-NORTH,WXS-NORTH-01,24.57,24.69,4.654,63.87,0,31.02,14.46,1018.06,external
2026-07-19T16:00:00Z,REG-NORTH,WXS-NORTH-01,24.47,24.6,3.75,64.05,0,30.75,14.17,1018.03,external
2026-07-19T17:00:00Z,REG-NORTH,WXS-NORTH-01,23.97,24.1,2.628,64.97,0,34.47,14.76,1017.96,external
2026-07-19T18:00:00Z,REG-NORTH,WXS-NORTH-01,23.58,23.77,1.353,65.69,0,36.92,13.77,1017.87,external
2026-07-19T19:00:00Z,REG-NORTH,WXS-NORTH-01,22.66,22.88,0,67.4,0,34.03,13.94,1017.75,external
2026-07-19T20:00:00Z,REG-NORTH,WXS-NORTH-01,21.74,22.02,0,69.1,0,41.15,13.5,1017.61,external
2026-07-19T21:00:00Z,REG-NORTH,WXS-NORTH-01,20.67,20.98,0,71.07,0,37.48,14.1,1017.47,external
2026-07-19T22:00:00Z,REG-NORTH,WXS-NORTH-01,19.64,20.04,0,72.99,0,41.47,13.12,1017.33,external
2026-07-19T23:00:00Z,REG-NORTH,WXS-NORTH-01,18.68,19.02,0,74.76,0,35.46,15.33,1017.2,external
2026-07-19T00:00:00Z,REG-CENTRAL,WXS-CENTRAL-01,20.5,20.52,0,66.97,0,37.58,18.21,1016.7,external
2026-07-19T01:00:00Z,REG-CENTRAL,WXS-CENTRAL-01,19.88,19.91,0,68.11,0,36.82,18.62,1016.76,external
2026-07-19T02:00:00Z,REG-CENTRAL,WXS-CENTRAL-01,19.55,19.56,0,68.71,0,41.07,19.5,1016.85,external
2026-07-19T03:00:00Z,REG-CENTRAL,WXS-CENTRAL-01,19.38,19.39,0,69.04,0,39.38,19.5,1016.97,external
2026-07-19T04:00:00Z,REG-CENTRAL,WXS-CENTRAL-01,19.69,19.77,0,68.46,0,36.86,17.79,1017.1,external
2026-07-19T05:00:00Z,REG-CENTRAL,WXS-CENTRAL-01,19.97,20.02,0,67.94,0,35.02,18.04,1017.24,external
2026-07-19T06:00:00Z,REG-CENTRAL,WXS-CENTRAL-01,20.46,20.4,0,67.03,0,39.5,19.97,1017.39,external
2026-07-19T07:00:00Z,REG-CENTRAL,WXS-CENTRAL-01,21.41,21.28,1.603,65.27,0,35.94,20.69,1017.52,external
2026-07-19T08:00:00Z,REG-CENTRAL,WXS-CENTRAL-01,22.33,22.33,3.113,63.57,0,37.12,16.84,1017.63,external
2026-07-19T09:00:00Z,REG-CENTRAL,WXS-CENTRAL-01,23.36,23.14,4.442,61.68,0,37.18,20.51,1017.71,external
2026-07-19T10:00:00Z,REG-CENTRAL,WXS-CENTRAL-01,24.21,23.99,5.513,60.09,0,29.67,20.46,1017.76,external
2026-07-19T11:00:00Z,REG-CENTRAL,WXS-CENTRAL-01,25.35,25.23,6.264,57.98,0,30.64,20.04,1017.78,external
2026-07-19T12:00:00Z,REG-CENTRAL,WXS-CENTRAL-01,26.21,26.07,6.65,56.39,0,30.91,20.99,1017.76,external
2026-07-19T13:00:00Z,REG-CENTRAL,WXS-CENTRAL-01,26.8,26.71,6.65,55.31,0,28.28,19.04,1017.7,external
2026-07-19T14:00:00Z,REG-CENTRAL,WXS-CENTRAL-01,27.25,27.07,6.264,54.48,0,25.87,19.14,1017.61,external
2026-07-19T15:00:00Z,REG-CENTRAL,WXS-CENTRAL-01,27.36,27.06,5.513,54.27,0,31.8,19.09,1017.49,external
2026-07-19T16:00:00Z,REG-CENTRAL,WXS-CENTRAL-01,27.09,26.69,4.442,54.77,0,30.09,20.65,1017.36,external
2026-07-19T17:00:00Z,REG-CENTRAL,WXS-CENTRAL-01,26.72,26.43,3.113,55.45,0,37.71,18.68,1017.22,external
2026-07-19T18:00:00Z,REG-CENTRAL,WXS-CENTRAL-01,26.09,25.86,1.603,56.62,0,33.69,18.1,1017.07,external
2026-07-19T19:00:00Z,REG-CENTRAL,WXS-CENTRAL-01,25.37,25.08,0,57.96,0,38.19,20.06,1016.94,external
2026-07-19T20:00:00Z,REG-CENTRAL,WXS-CENTRAL-01,24.41,24.22,0,59.72,0,37.26,18.95,1016.83,external
2026-07-19T21:00:00Z,REG-CENTRAL,WXS-CENTRAL-01,23.35,23.25,0,61.7,0,36.07,17.87,1016.75,external
2026-07-19T22:00:00Z,REG-CENTRAL,WXS-CENTRAL-01,22.44,22.34,0,63.36,0,40.27,18.97,1016.7,external
2026-07-19T23:00:00Z,REG-CENTRAL,WXS-CENTRAL-01,21.45,21.36,0,65.2,0,34.82,19.76,1016.68,external
2026-07-20T00:00:00Z,REG-COASTAL,WXS-COASTAL-01,25.48,25.9,0,72.18,0,21.63,11.39,1014.73,external
2026-07-20T01:00:00Z,REG-COASTAL,WXS-COASTAL-01,24.74,25.2,0,73.55,0,24.88,8.59,1014.87,external
2026-07-20T02:00:00Z,REG-COASTAL,WXS-COASTAL-01,24.48,24.96,0,74.02,0,22.42,11,1015.01,external
2026-07-20T03:00:00Z,REG-COASTAL,WXS-COASTAL-01,24.31,24.79,0,74.34,0,25.03,10.43,1015.12,external
2026-07-20T04:00:00Z,REG-COASTAL,WXS-COASTAL-01,24.47,24.94,0,74.04,0,21.91,11.92,1015.21,external
2026-07-20T05:00:00Z,REG-COASTAL,WXS-COASTAL-01,24.9,25.36,0,73.24,0,26.58,11.74,1015.26,external
2026-07-20T06:00:00Z,REG-COASTAL,WXS-COASTAL-01,25.55,25.98,0,72.03,0,23.35,11.6,1015.28,external
2026-07-20T07:00:00Z,REG-COASTAL,WXS-COASTAL-01,26.36,26.7,2.49,70.54,0,19.34,12.99,1015.26,external
2026-07-20T08:00:00Z,REG-COASTAL,WXS-COASTAL-01,27.28,27.63,4.836,68.83,0,19.02,11.08,1015.21,external
2026-07-20T09:00:00Z,REG-COASTAL,WXS-COASTAL-01,28.43,28.86,6.9,66.7,0,18.03,11.35,1015.12,external
2026-07-20T10:00:00Z,REG-COASTAL,WXS-COASTAL-01,29.44,30.07,8.564,64.84,0,14.3,10.36,1015.01,external
2026-07-20T11:00:00Z,REG-COASTAL,WXS-COASTAL-01,30.38,31.14,9.73,63.1,0,17,10.88,1014.87,external
2026-07-20T12:00:00Z,REG-COASTAL,WXS-COASTAL-01,31.52,32.32,10.33,61,0,15.81,11.35,1014.73,external
2026-07-20T13:00:00Z,REG-COASTAL,WXS-COASTAL-01,32.02,32.79,10.33,60.07,0,17.2,10.58,1014.59,external
2026-07-20T14:00:00Z,REG-COASTAL,WXS-COASTAL-01,32.47,33.13,9.73,59.23,0,14.53,10.33,1014.46,external
2026-07-20T15:00:00Z,REG-COASTAL,WXS-COASTAL-01,32.55,33.03,8.564,59.09,0,18.25,11.19,1014.34,external
2026-07-20T16:00:00Z,REG-COASTAL,WXS-COASTAL-01,32.47,32.7,6.9,59.24,0,16.46,9.21,1014.25,external
2026-07-20T17:00:00Z,REG-COASTAL,WXS-COASTAL-01,31.96,32.09,4.836,60.19,0,18.11,11.48,1014.2,external
2026-07-20T18:00:00Z,REG-COASTAL,WXS-COASTAL-01,31.29,31.45,2.49,61.41,0,17.98,10.57,1014.18,external
2026-07-20T19:00:00Z,REG-COASTAL,WXS-COASTAL-01,30.61,30.81,0,62.67,0,24.72,10.49,1014.2,external
2026-07-20T20:00:00Z,REG-COASTAL,WXS-COASTAL-01,29.38,29.61,0,64.95,0,27.43,12.4,1014.25,external
2026-07-20T21:00:00Z,REG-COASTAL,WXS-COASTAL-01,28.47,28.76,0,66.63,0,22.95,9.34,1014.34,external
2026-07-20T22:00:00Z,REG-COASTAL,WXS-COASTAL-01,27.44,27.72,0,68.54,0,22.32,13.31,1014.46,external
2026-07-20T23:00:00Z,REG-COASTAL,WXS-COASTAL-01,26.31,26.7,0,70.62,0,19.37,11.26,1014.59,external
2026-07-20T00:00:00Z,REG-SOUTH,WXS-SOUTH-01,26.4,26.52,0,66.74,0,24.76,15.9,1009.76,external
2026-07-20T01:00:00Z,REG-SOUTH,WXS-SOUTH-01,25.79,25.98,0,67.87,0,22.37,14.99,1009.82,external
2026-07-20T02:00:00Z,REG-SOUTH,WXS-SOUTH-01,25.42,25.47,0,68.57,0,19.38,18.32,1009.85,external
2026-07-20T03:00:00Z,REG-SOUTH,WXS-SOUTH-01,25.14,25.34,0,69.09,0,25.87,15.23,1009.84,external
2026-07-20T04:00:00Z,REG-SOUTH,WXS-SOUTH-01,25.33,25.45,0,68.72,0,26.08,17.04,1009.79,external
2026-07-20T05:00:00Z,REG-SOUTH,WXS-SOUTH-01,25.66,25.77,0,68.12,0,23.71,16.83,1009.71,external
2026-07-20T06:00:00Z,REG-SOUTH,WXS-SOUTH-01,26.52,26.64,0,66.53,0,21.33,15.61,1009.6,external
2026-07-20T07:00:00Z,REG-SOUTH,WXS-SOUTH-01,27.21,27.24,2.486,65.26,0,22.55,16.99,1009.47,external
2026-07-20T08:00:00Z,REG-SOUTH,WXS-SOUTH-01,28.4,28.37,4.828,63.05,0,18.42,17.05,1009.33,external
2026-07-20T09:00:00Z,REG-SOUTH,WXS-SOUTH-01,29.28,29.29,6.89,61.42,0,17.34,17.66,1009.18,external
2026-07-20T10:00:00Z,REG-SOUTH,WXS-SOUTH-01,30.3,30.62,8.551,59.52,0,20.06,15.3,1009.05,external
2026-07-20T11:00:00Z,REG-SOUTH,WXS-SOUTH-01,31.36,31.77,9.715,57.56,0,12.37,16.03,1008.93,external
2026-07-20T12:00:00Z,REG-SOUTH,WXS-SOUTH-01,32.29,32.72,10.314,55.85,0,12.7,16.52,1008.84,external
2026-07-20T13:00:00Z,REG-SOUTH,WXS-SOUTH-01,32.96,33.42,10.314,54.6,0,12.94,15.38,1008.78,external
2026-07-20T14:00:00Z,REG-SOUTH,WXS-SOUTH-01,33.35,33.62,9.715,53.9,0,18.79,17.01,1008.75,external
2026-07-20T15:00:00Z,REG-SOUTH,WXS-SOUTH-01,33.63,33.81,8.551,53.36,0,15.83,15.09,1008.76,external
2026-07-20T16:00:00Z,REG-SOUTH,WXS-SOUTH-01,33.39,33.27,6.89,53.82,0,20.8,16.42,1008.81,external
2026-07-20T17:00:00Z,REG-SOUTH,WXS-SOUTH-01,33.05,32.85,4.828,54.45,0,17.67,16.14,1008.89,external
2026-07-20T18:00:00Z,REG-SOUTH,WXS-SOUTH-01,32.41,32.26,2.486,55.63,0,20.07,15.78,1009,external
2026-07-20T19:00:00Z,REG-SOUTH,WXS-SOUTH-01,31.46,31.34,0,57.38,0,22.22,16.06,1009.13,external
2026-07-20T20:00:00Z,REG-SOUTH,WXS-SOUTH-01,30.34,30.25,0,59.46,0,24.53,16.37,1009.27,external
2026-07-20T21:00:00Z,REG-SOUTH,WXS-SOUTH-01,29.49,29.49,0,61.04,0,22.82,15.26,1009.42,external
2026-07-20T22:00:00Z,REG-SOUTH,WXS-SOUTH-01,28.29,28.32,0,63.24,0,25.75,16.12,1009.55,external
2026-07-20T23:00:00Z,REG-SOUTH,WXS-SOUTH-01,27.19,27.23,0,65.29,0,24.17,16.66,1009.67,external
2026-07-20T00:00:00Z,REG-DELTA,WXS-DELTA-01,28.44,29.13,0,84.38,0,29.63,13.09,1009.03,external
2026-07-20T01:00:00Z,REG-DELTA,WXS-DELTA-01,27.82,28.47,0,85.52,0,32.35,14.52,1008.95,external
2026-07-20T02:00:00Z,REG-DELTA,WXS-DELTA-01,27.42,28.1,0,86.28,0,28.86,14.09,1008.85,external
2026-07-20T03:00:00Z,REG-DELTA,WXS-DELTA-01,27.39,28.11,0,86.34,0,32.25,13.27,1008.72,external
2026-07-20T04:00:00Z,REG-DELTA,WXS-DELTA-01,27.5,28.23,0,86.12,0,33.63,13.05,1008.58,external
2026-07-20T05:00:00Z,REG-DELTA,WXS-DELTA-01,27.95,28.62,0,85.3,0,36.9,13.89,1008.44,external
2026-07-20T06:00:00Z,REG-DELTA,WXS-DELTA-01,28.32,29.02,0,84.61,0,31.91,12.97,1008.3,external
2026-07-20T07:00:00Z,REG-DELTA,WXS-DELTA-01,29.11,29.71,2.507,83.14,0,30.6,14.46,1008.18,external
2026-07-20T08:00:00Z,REG-DELTA,WXS-DELTA-01,30.12,30.69,4.869,81.28,0,30.16,13.93,1008.08,external
2026-07-20T09:00:00Z,REG-DELTA,WXS-DELTA-01,30.91,31.46,6.947,79.82,0,23.3,13.56,1008.01,external
2026-07-20T10:00:00Z,REG-DELTA,WXS-DELTA-01,31.85,32.54,8.622,78.08,0,26.16,13.82,1007.98,external
2026-07-20T11:00:00Z,REG-DELTA,WXS-DELTA-01,32.81,33.64,9.796,76.29,0,25.94,13.37,1007.99,external
2026-07-20T12:00:00Z,REG-DELTA,WXS-DELTA-01,33.55,34.36,10.4,74.94,0,21.74,14.47,1008.03,external
2026-07-20T13:00:00Z,REG-DELTA,WXS-DELTA-01,33.94,34.78,10.4,74.22,0,25.19,13.56,1008.11,external
2026-07-20T14:00:00Z,REG-DELTA,WXS-DELTA-01,34.31,35.09,9.796,73.53,0,29.44,12.67,1008.21,external
2026-07-20T15:00:00Z,REG-DELTA,WXS-DELTA-01,34.62,35.23,8.622,72.95,0,24.01,12.92,1008.34,external
2026-07-20T16:00:00Z,REG-DELTA,WXS-DELTA-01,34.59,35.02,6.947,73,0,26.72,12.59,1008.48,external
2026-07-20T17:00:00Z,REG-DELTA,WXS-DELTA-01,34.17,34.64,4.869,73.79,0,32.18,10.61,1008.62,external
2026-07-20T18:00:00Z,REG-DELTA,WXS-DELTA-01,33.41,33.85,2.507,75.19,0,31.72,13.42,1008.76,external
2026-07-20T19:00:00Z,REG-DELTA,WXS-DELTA-01,32.71,33.21,0,76.49,0,31.2,12.75,1008.88,external
2026-07-20T20:00:00Z,REG-DELTA,WXS-DELTA-01,31.93,32.45,0,77.92,0,29.8,13.32,1008.98,external
2026-07-20T21:00:00Z,REG-DELTA,WXS-DELTA-01,30.79,31.34,0,80.04,0,32.08,13.66,1009.05,external
2026-07-20T22:00:00Z,REG-DELTA,WXS-DELTA-01,29.86,30.53,0,81.75,0,33.96,11.65,1009.08,external
2026-07-20T23:00:00Z,REG-DELTA,WXS-DELTA-01,29.06,29.76,0,83.25,0,34.65,11.39,1009.07,external
2026-07-20T00:00:00Z,REG-ISLAND,WXS-ISLAND-01,26.5,26.8,0,80.72,0,62.04,19.71,1007.62,external
2026-07-20T01:00:00Z,REG-ISLAND,WXS-ISLAND-01,25.9,26.19,0,81.84,0,66.56,20.53,1007.47,external
2026-07-20T02:00:00Z,REG-ISLAND,WXS-ISLAND-01,25.65,26.01,0,82.3,0,63.25,19.12,1007.33,external
2026-07-20T03:00:00Z,REG-ISLAND,WXS-ISLAND-01,25.65,26.02,0,82.31,0,61.18,18.99,1007.21,external
2026-07-20T04:00:00Z,REG-ISLAND,WXS-ISLAND-01,25.72,26.08,0,82.18,0,65.68,18.9,1007.11,external
2026-07-20T05:00:00Z,REG-ISLAND,WXS-ISLAND-01,26.1,26.42,0,81.46,0,63.35,19.62,1007.03,external
2026-07-20T06:00:00Z,REG-ISLAND,WXS-ISLAND-01,26.39,26.76,0,80.93,0,65.1,18.3,1007,external
2026-07-20T07:00:00Z,REG-ISLAND,WXS-ISLAND-01,27.03,27.35,2.299,79.76,0,66.27,18.58,1006.99,external
2026-07-20T08:00:00Z,REG-ISLAND,WXS-ISLAND-01,27.92,28.24,4.465,78.11,0,61.22,17.74,1007.03,external
2026-07-20T09:00:00Z,REG-ISLAND,WXS-ISLAND-01,28.54,28.79,6.371,76.95,0,57.38,18.75,1007.1,external
2026-07-20T10:00:00Z,REG-ISLAND,WXS-ISLAND-01,29,29.22,7.907,76.11,0,55.18,18.79,1007.2,external
2026-07-20T11:00:00Z,REG-ISLAND,WXS-ISLAND-01,29.84,30.04,8.984,74.55,0,59.82,18.4,1007.32,external
2026-07-20T12:00:00Z,REG-ISLAND,WXS-ISLAND-01,30.5,30.61,9.538,73.33,0,58.3,19.8,1007.46,external
2026-07-20T13:00:00Z,REG-ISLAND,WXS-ISLAND-01,30.93,31.02,9.538,72.54,0,59.91,19.82,1007.61,external
2026-07-20T14:00:00Z,REG-ISLAND,WXS-ISLAND-01,30.98,31.11,8.984,72.44,0,58.39,18.71,1007.75,external
2026-07-20T15:00:00Z,REG-ISLAND,WXS-ISLAND-01,31.28,31.3,7.907,71.89,0,55.06,20.77,1007.87,external
2026-07-20T16:00:00Z,REG-ISLAND,WXS-ISLAND-01,30.97,31.05,6.371,76.46,2.936,73.37,22.13,1007.97,external
2026-07-20T17:00:00Z,REG-ISLAND,WXS-ISLAND-01,31.01,31.03,4.465,76.38,2.894,75.27,23.61,1008.05,external
2026-07-20T18:00:00Z,REG-ISLAND,WXS-ISLAND-01,30.36,30.4,2.299,77.58,3.241,73.81,23.84,1008.08,external
2026-07-20T19:00:00Z,REG-ISLAND,WXS-ISLAND-01,29.94,30.14,0,74.37,0,59.13,18.36,1008.09,external
2026-07-20T20:00:00Z,REG-ISLAND,WXS-ISLAND-01,29.08,29.3,0,75.96,0,64.7,18.76,1008.05,external
2026-07-20T21:00:00Z,REG-ISLAND,WXS-ISLAND-01,28.41,28.75,0,77.2,0,65.76,16.85,1007.98,external
2026-07-20T22:00:00Z,REG-ISLAND,WXS-ISLAND-01,27.63,27.85,0,78.64,0,67.37,20.12,1007.88,external
2026-07-20T23:00:00Z,REG-ISLAND,WXS-ISLAND-01,26.99,27.27,0,79.83,0,61.71,19.47,1007.76,external
2026-07-20T00:00:00Z,REG-NORTH,WXS-NORTH-01,18.32,18.73,0,76.35,0,49.13,14.87,1017.55,external
2026-07-20T01:00:00Z,REG-NORTH,WXS-NORTH-01,17.8,18.14,0,77.32,0,41.18,16.81,1017.47,external
2026-07-20T02:00:00Z,REG-NORTH,WXS-NORTH-01,17.4,17.92,0,78.05,0,44.65,13.32,1017.43,external
2026-07-20T03:00:00Z,REG-NORTH,WXS-NORTH-01,17.28,17.68,0,78.29,0,45.12,15.95,1017.42,external
2026-07-20T04:00:00Z,REG-NORTH,WXS-NORTH-01,17.45,17.85,0,77.97,0,45.65,15.79,1017.45,external
2026-07-20T05:00:00Z,REG-NORTH,WXS-NORTH-01,17.8,18.14,0,77.32,0,45.34,16.93,1017.52,external
2026-07-20T06:00:00Z,REG-NORTH,WXS-NORTH-01,18.55,18.87,0,75.93,0,45.73,16.61,1017.61,external
2026-07-20T07:00:00Z,REG-NORTH,WXS-NORTH-01,19.15,19.49,1.335,74.82,0,42.73,15.4,1017.73,external
2026-07-20T08:00:00Z,REG-NORTH,WXS-NORTH-01,20.01,20.36,2.593,73.23,0,46.08,14.41,1017.87,external
2026-07-20T09:00:00Z,REG-NORTH,WXS-NORTH-01,20.82,21.07,3.7,71.73,0,38.54,15.81,1018.01,external
2026-07-20T10:00:00Z,REG-NORTH,WXS-NORTH-01,21.76,21.93,4.592,70,0,36.5,16.48,1018.15,external
2026-07-20T11:00:00Z,REG-NORTH,WXS-NORTH-01,22.7,22.86,5.217,68.26,0,36.53,16.63,1018.28,external
2026-07-20T12:00:00Z,REG-NORTH,WXS-NORTH-01,23.49,23.78,5.539,66.8,0,38.67,14.25,1018.39,external
2026-07-20T13:00:00Z,REG-NORTH,WXS-NORTH-01,23.98,24.17,5.539,65.89,0,39.85,15.96,1018.47,external
2026-07-20T14:00:00Z,REG-NORTH,WXS-NORTH-01,24.39,24.56,5.217,65.12,0,39.03,14.73,1018.51,external
2026-07-20T15:00:00Z,REG-NORTH,WXS-NORTH-01,24.41,24.54,4.592,65.1,0,38.83,14.67,1018.52,external
2026-07-20T16:00:00Z,REG-NORTH,WXS-NORTH-01,24.22,24.39,3.7,65.45,0,42.63,13.89,1018.49,external
2026-07-20T17:00:00Z,REG-NORTH,WXS-NORTH-01,23.96,24.06,2.593,65.92,0,43.63,15.89,1018.42,external
2026-07-20T18:00:00Z,REG-NORTH,WXS-NORTH-01,23.35,23.51,1.335,67.05,0,42.69,15.12,1018.33,external
2026-07-20T19:00:00Z,REG-NORTH,WXS-NORTH-01,22.59,22.77,0,68.45,0,45.41,15.47,1018.21,external
2026-07-20T20:00:00Z,REG-NORTH,WXS-NORTH-01,21.86,22.1,0,69.81,0,43.24,14.73,1018.07,external
2026-07-20T21:00:00Z,REG-NORTH,WXS-NORTH-01,20.73,20.99,0,71.89,0,45.34,15.68,1017.93,external
2026-07-20T22:00:00Z,REG-NORTH,WXS-NORTH-01,20.06,20.27,0,73.15,0,44.77,17.29,1017.79,external
2026-07-20T23:00:00Z,REG-NORTH,WXS-NORTH-01,19.05,19.33,0,75.01,0,47.35,16.84,1017.66,external
2026-07-20T00:00:00Z,REG-CENTRAL,WXS-CENTRAL-01,20.93,20.73,0,63.52,0,44.65,21.12,1017.03,external
2026-07-20T01:00:00Z,REG-CENTRAL,WXS-CENTRAL-01,20.27,20.18,0,64.74,0,40.63,19.55,1017.09,external
2026-07-20T02:00:00Z,REG-CENTRAL,WXS-CENTRAL-01,19.81,19.78,0,65.6,0,41.11,18.51,1017.18,external
2026-07-20T03:00:00Z,REG-CENTRAL,WXS-CENTRAL-01,19.66,19.64,0,65.87,0,41.36,18.47,1017.3,external
2026-07-20T04:00:00Z,REG-CENTRAL,WXS-CENTRAL-01,19.87,19.8,0,65.49,0,48.08,19.39,1017.43,external
2026-07-20T05:00:00Z,REG-CENTRAL,WXS-CENTRAL-01,20.24,20.14,0,64.8,0,44.52,19.64,1017.57,external
2026-07-20T06:00:00Z,REG-CENTRAL,WXS-CENTRAL-01,20.96,20.84,0,63.47,0,42.21,19.34,1017.72,external
2026-07-20T07:00:00Z,REG-CENTRAL,WXS-CENTRAL-01,21.62,21.5,1.585,62.26,0,39.04,18.68,1017.85,external
2026-07-20T08:00:00Z,REG-CENTRAL,WXS-CENTRAL-01,22.34,22.09,3.077,60.91,0,39.26,20.84,1017.96,external
2026-07-20T09:00:00Z,REG-CENTRAL,WXS-CENTRAL-01,23.44,23.24,4.391,58.88,0,36.5,18.65,1018.04,external
2026-07-20T10:00:00Z,REG-CENTRAL,WXS-CENTRAL-01,24.42,24.14,5.449,57.06,0,36.98,19.46,1018.09,external
2026-07-20T11:00:00Z,REG-CENTRAL,WXS-CENTRAL-01,25.37,25.12,6.191,55.31,0,38.23,19.09,1018.11,external
2026-07-20T12:00:00Z,REG-CENTRAL,WXS-CENTRAL-01,26.19,25.92,6.573,53.79,0,35.13,20.07,1018.09,external
2026-07-20T13:00:00Z,REG-CENTRAL,WXS-CENTRAL-01,26.7,26.52,6.573,52.84,0,38.74,17.76,1018.03,external
2026-07-20T14:00:00Z,REG-CENTRAL,WXS-CENTRAL-01,27.05,26.69,6.191,52.2,0,30.18,19.92,1017.94,external
2026-07-20T15:00:00Z,REG-CENTRAL,WXS-CENTRAL-01,27.4,27.04,5.449,51.55,0,36.59,18.2,1017.82,external
2026-07-20T16:00:00Z,REG-CENTRAL,WXS-CENTRAL-01,27.05,26.65,4.391,52.2,0,36.31,19.45,1017.69,external
2026-07-20T17:00:00Z,REG-CENTRAL,WXS-CENTRAL-01,26.79,26.33,3.077,52.69,0,38.1,20.96,1017.55,external
2026-07-20T18:00:00Z,REG-CENTRAL,WXS-CENTRAL-01,26.2,25.85,1.585,53.77,0,40.93,19.15,1017.4,external
2026-07-20T19:00:00Z,REG-CENTRAL,WXS-CENTRAL-01,25.48,25.15,0,55.12,0,41.91,19.23,1017.27,external
2026-07-20T20:00:00Z,REG-CENTRAL,WXS-CENTRAL-01,24.42,24.13,0,57.08,0,44.43,19.51,1017.16,external
2026-07-20T21:00:00Z,REG-CENTRAL,WXS-CENTRAL-01,23.46,23.25,0,58.84,0,44.32,18.83,1017.08,external
2026-07-20T22:00:00Z,REG-CENTRAL,WXS-CENTRAL-01,22.51,22.32,0,60.6,0,40.7,19.36,1017.03,external
2026-07-20T23:00:00Z,REG-CENTRAL,WXS-CENTRAL-01,21.56,21.38,0,62.37,0,40.26,19.95,1017.01,external
2026-07-21T00:00:00Z,REG-COASTAL,WXS-COASTAL-01,26.22,26.66,0,73.36,0,31.99,12.47,1013.45,external
2026-07-21T01:00:00Z,REG-COASTAL,WXS-COASTAL-01,25.48,25.84,0,74.73,0,35.19,14.96,1013.59,external
2026-07-21T02:00:00Z,REG-COASTAL,WXS-COASTAL-01,25.13,25.51,0,75.38,0,31.7,14.72,1013.73,external
2026-07-21T03:00:00Z,REG-COASTAL,WXS-COASTAL-01,25.06,25.5,0,75.5,0,29.72,13.75,1013.84,external
2026-07-21T04:00:00Z,REG-COASTAL,WXS-COASTAL-01,25.13,25.53,0,75.38,0,29.36,14.48,1013.93,external
2026-07-21T05:00:00Z,REG-COASTAL,WXS-COASTAL-01,25.62,25.93,0,74.47,0,34.7,15.88,1013.98,external
2026-07-21T06:00:00Z,REG-COASTAL,WXS-COASTAL-01,26.03,26.37,0,73.72,0,34.66,14.85,1014,external
2026-07-21T07:00:00Z,REG-COASTAL,WXS-COASTAL-01,26.91,27.21,2.478,72.08,0,31.81,14.75,1013.98,external
2026-07-21T08:00:00Z,REG-COASTAL,WXS-COASTAL-01,27.94,28.28,4.812,70.18,0,26.33,12.82,1013.93,external
2026-07-21T09:00:00Z,REG-COASTAL,WXS-COASTAL-01,28.89,29.2,6.867,68.43,0,25.1,13.08,1013.84,external
2026-07-21T10:00:00Z,REG-COASTAL,WXS-COASTAL-01,29.88,30.38,8.522,66.59,0,27.33,12.8,1013.73,external
2026-07-21T11:00:00Z,REG-COASTAL,WXS-COASTAL-01,30.71,31.33,9.683,65.05,0,26.32,12.76,1013.59,external
2026-07-21T12:00:00Z,REG-COASTAL,WXS-COASTAL-01,31.45,32.03,10.28,63.68,0,24.21,14.88,1013.45,external
2026-07-21T13:00:00Z,REG-COASTAL,WXS-COASTAL-01,32.18,32.75,10.28,62.34,0,27.04,14.08,1013.31,external
2026-07-21T14:00:00Z,REG-COASTAL,WXS-COASTAL-01,32.55,33.03,9.683,61.65,0,28.07,13.89,1013.18,external
2026-07-21T15:00:00Z,REG-COASTAL,WXS-COASTAL-01,32.71,33.05,8.522,61.36,0,26.67,13.35,1013.06,external
2026-07-21T16:00:00Z,REG-COASTAL,WXS-COASTAL-01,32.59,32.67,6.867,61.58,0,24.89,14.27,1012.97,external
2026-07-21T17:00:00Z,REG-COASTAL,WXS-COASTAL-01,32.42,32.44,4.812,61.9,0,28.71,15.3,1012.92,external
2026-07-21T18:00:00Z,REG-COASTAL,WXS-COASTAL-01,31.57,31.77,2.478,63.46,0,32.41,12.16,1012.9,external
2026-07-21T19:00:00Z,REG-COASTAL,WXS-COASTAL-01,30.8,30.98,0,64.88,0,29.74,13.49,1012.92,external
2026-07-21T20:00:00Z,REG-COASTAL,WXS-COASTAL-01,29.9,30.17,0,66.55,0,29.07,12.55,1012.97,external
2026-07-21T21:00:00Z,REG-COASTAL,WXS-COASTAL-01,29,29.23,0,68.22,0,30.88,14.06,1013.06,external
2026-07-21T22:00:00Z,REG-COASTAL,WXS-COASTAL-01,27.94,28.27,0,70.18,0,29.05,13.09,1013.18,external
2026-07-21T23:00:00Z,REG-COASTAL,WXS-COASTAL-01,27.01,27.4,0,71.89,0,33.64,12.78,1013.31,external
2026-07-21T00:00:00Z,REG-SOUTH,WXS-SOUTH-01,26.56,26.72,0,67.15,0,30.09,15.34,1010.66,external
2026-07-21T01:00:00Z,REG-SOUTH,WXS-SOUTH-01,25.73,25.8,0,68.7,0,31.23,17.89,1010.72,external
2026-07-21T02:00:00Z,REG-SOUTH,WXS-SOUTH-01,25.32,25.52,0,69.45,0,31.28,15.44,1010.75,external
2026-07-21T03:00:00Z,REG-SOUTH,WXS-SOUTH-01,25.08,25.31,0,69.89,0,32.71,15.19,1010.74,external
2026-07-21T04:00:00Z,REG-SOUTH,WXS-SOUTH-01,25.59,25.87,0,68.95,0,33.37,13.5,1010.69,external
2026-07-21T05:00:00Z,REG-SOUTH,WXS-SOUTH-01,25.65,25.85,0,68.84,0,27.36,15.14,1010.61,external
2026-07-21T06:00:00Z,REG-SOUTH,WXS-SOUTH-01,26.42,26.56,0,67.42,0,28.73,15.78,1010.5,external
2026-07-21T07:00:00Z,REG-SOUTH,WXS-SOUTH-01,27.33,27.46,2.458,65.74,0,27.47,14.98,1010.37,external
2026-07-21T08:00:00Z,REG-SOUTH,WXS-SOUTH-01,28.4,28.46,4.772,63.75,0,23.99,15.46,1010.23,external
2026-07-21T09:00:00Z,REG-SOUTH,WXS-SOUTH-01,29.44,29.53,6.81,61.82,0,25.64,14.7,1010.08,external
2026-07-21T10:00:00Z,REG-SOUTH,WXS-SOUTH-01,30.41,30.66,8.451,60.02,0,26.62,15.18,1009.95,external
2026-07-21T11:00:00Z,REG-SOUTH,WXS-SOUTH-01,31.59,31.88,9.602,57.85,0,20.67,16.46,1009.83,external
2026-07-21T12:00:00Z,REG-SOUTH,WXS-SOUTH-01,32.35,32.69,10.194,56.45,0,23.57,16.42,1009.74,external
2026-07-21T13:00:00Z,REG-SOUTH,WXS-SOUTH-01,33.14,33.49,10.194,54.98,0,26.68,15.53,1009.68,external
2026-07-21T14:00:00Z,REG-SOUTH,WXS-SOUTH-01,33.49,33.78,9.602,54.32,0,22.15,14.72,1009.65,external
2026-07-21T15:00:00Z,REG-SOUTH,WXS-SOUTH-01,33.5,33.59,8.451,54.31,0,22.81,15.51,1009.66,external
2026-07-21T16:00:00Z,REG-SOUTH,WXS-SOUTH-01,33.5,33.4,6.81,54.31,0,25.5,14.76,1009.71,external
2026-07-21T17:00:00Z,REG-SOUTH,WXS-SOUTH-01,33.07,32.97,4.772,55.1,0,23.16,14.39,1009.79,external
2026-07-21T18:00:00Z,REG-SOUTH,WXS-SOUTH-01,32.28,32.24,2.458,56.58,0,27.33,13.68,1009.9,external
2026-07-21T19:00:00Z,REG-SOUTH,WXS-SOUTH-01,31.45,31.31,0,58.1,0,31.47,16.94,1010.03,external
2026-07-21T20:00:00Z,REG-SOUTH,WXS-SOUTH-01,30.51,30.52,0,59.84,0,25.99,14.6,1010.17,external
2026-07-21T21:00:00Z,REG-SOUTH,WXS-SOUTH-01,29.43,29.47,0,61.85,0,30.06,14.82,1010.32,external
2026-07-21T22:00:00Z,REG-SOUTH,WXS-SOUTH-01,28.35,28.39,0,63.85,0,28.48,15.85,1010.45,external
2026-07-21T23:00:00Z,REG-SOUTH,WXS-SOUTH-01,27.26,27.29,0,65.85,0,26.8,17.46,1010.57,external
2026-07-21T00:00:00Z,REG-DELTA,WXS-DELTA-01,28.61,29.17,0,82.55,0,42.67,14.93,1009.08,external
2026-07-21T01:00:00Z,REG-DELTA,WXS-DELTA-01,27.99,28.62,0,83.7,0,40.91,13.88,1009,external
2026-07-21T02:00:00Z,REG-DELTA,WXS-DELTA-01,27.59,28.24,0,84.44,0,41.08,13.91,1008.9,external
2026-07-21T03:00:00Z,REG-DELTA,WXS-DELTA-01,27.56,28.24,0,84.49,0,39.95,13.33,1008.77,external
2026-07-21T04:00:00Z,REG-DELTA,WXS-DELTA-01,27.64,28.27,0,84.34,0,45.82,14.3,1008.63,external
2026-07-21T05:00:00Z,REG-DELTA,WXS-DELTA-01,28.11,28.68,0,83.48,0,42.47,15.16,1008.49,external
2026-07-21T06:00:00Z,REG-DELTA,WXS-DELTA-01,28.54,29.12,0,82.68,0,43.15,14.51,1008.35,external
2026-07-21T07:00:00Z,REG-DELTA,WXS-DELTA-01,29.33,29.88,2.475,81.23,0,42.14,14.2,1008.23,external
2026-07-21T08:00:00Z,REG-DELTA,WXS-DELTA-01,30.04,30.54,4.806,79.9,0,37.59,14.84,1008.13,external
2026-07-21T09:00:00Z,REG-DELTA,WXS-DELTA-01,31.03,31.45,6.858,78.09,0,36.95,15.3,1008.06,external
2026-07-21T10:00:00Z,REG-DELTA,WXS-DELTA-01,31.79,32.26,8.511,76.66,0,34.88,14.32,1008.03,external
2026-07-21T11:00:00Z,REG-DELTA,WXS-DELTA-01,32.89,33.38,9.669,74.63,0,40.05,15.59,1008.04,external
2026-07-21T12:00:00Z,REG-DELTA,WXS-DELTA-01,33.4,33.99,10.266,73.68,0,36.91,14.46,1008.08,external
2026-07-21T13:00:00Z,REG-DELTA,WXS-DELTA-01,33.95,34.55,10.266,72.68,0,39.98,13.59,1008.16,external
2026-07-21T14:00:00Z,REG-DELTA,WXS-DELTA-01,34.34,34.78,9.669,71.95,0,38.35,15.28,1008.26,external
2026-07-21T15:00:00Z,REG-DELTA,WXS-DELTA-01,34.32,34.72,8.511,72,0,36.9,13.13,1008.39,external
2026-07-21T16:00:00Z,REG-DELTA,WXS-DELTA-01,34.25,34.52,6.858,72.12,0,38.32,15.57,1008.53,external
2026-07-21T17:00:00Z,REG-DELTA,WXS-DELTA-01,34.09,34.42,4.806,72.42,0,38.58,14.29,1008.67,external
2026-07-21T18:00:00Z,REG-DELTA,WXS-DELTA-01,33.39,33.75,2.475,73.71,0,39.55,14.45,1008.81,external
2026-07-21T19:00:00Z,REG-DELTA,WXS-DELTA-01,32.65,33.02,0,75.08,0,42.42,14.83,1008.93,external
2026-07-21T20:00:00Z,REG-DELTA,WXS-DELTA-01,31.77,32.24,0,76.7,0,39.67,13.75,1009.03,external
2026-07-21T21:00:00Z,REG-DELTA,WXS-DELTA-01,30.98,31.47,0,78.16,0,38.76,14.13,1009.1,external
2026-07-21T22:00:00Z,REG-DELTA,WXS-DELTA-01,30.08,30.61,0,79.83,0,45.17,14.07,1009.13,external
2026-07-21T23:00:00Z,REG-DELTA,WXS-DELTA-01,29.41,30.04,0,81.07,0,37.56,12.65,1009.12,external
2026-07-21T00:00:00Z,REG-ISLAND,WXS-ISLAND-01,26.3,26.72,0,77.79,0,32.37,15.16,1011.71,external
2026-07-21T01:00:00Z,REG-ISLAND,WXS-ISLAND-01,25.55,25.97,0,79.17,0,36.61,16.05,1011.56,external
2026-07-21T02:00:00Z,REG-ISLAND,WXS-ISLAND-01,25.23,25.59,0,79.75,0,36.37,17.91,1011.42,external
2026-07-21T03:00:00Z,REG-ISLAND,WXS-ISLAND-01,25.07,25.42,0,80.05,0,31.01,18.14,1011.3,external
2026-07-21T04:00:00Z,REG-ISLAND,WXS-ISLAND-01,25.2,25.69,0,79.8,0,33.25,15.07,1011.2,external
2026-07-21T05:00:00Z,REG-ISLAND,WXS-ISLAND-01,25.65,26.04,0,78.98,0,33.29,16.72,1011.12,external
2026-07-21T06:00:00Z,REG-ISLAND,WXS-ISLAND-01,26.24,26.66,0,77.89,0,32.59,15.41,1011.09,external
2026-07-21T07:00:00Z,REG-ISLAND,WXS-ISLAND-01,27.01,27.33,2.54,76.46,0,32.59,16.89,1011.08,external
2026-07-21T08:00:00Z,REG-ISLAND,WXS-ISLAND-01,27.78,28.13,4.932,75.05,0,30.23,15.35,1011.12,external
2026-07-21T09:00:00Z,REG-ISLAND,WXS-ISLAND-01,28.96,29.18,7.037,72.86,0,33.18,16.99,1011.19,external
2026-07-21T10:00:00Z,REG-ISLAND,WXS-ISLAND-01,29.98,30.34,8.734,70.97,0,32.44,16.31,1011.29,external
2026-07-21T11:00:00Z,REG-ISLAND,WXS-ISLAND-01,30.69,31.09,9.923,69.66,0,25.81,18,1011.41,external
2026-07-21T12:00:00Z,REG-ISLAND,WXS-ISLAND-01,31.76,32.22,10.535,67.68,0,30.19,17.25,1011.55,external
2026-07-21T13:00:00Z,REG-ISLAND,WXS-ISLAND-01,32.44,32.81,10.535,66.41,0,30.03,18.68,1011.7,external
2026-07-21T14:00:00Z,REG-ISLAND,WXS-ISLAND-01,32.72,33.08,9.923,65.91,0,30.85,16.87,1011.84,external
2026-07-21T15:00:00Z,REG-ISLAND,WXS-ISLAND-01,32.91,33.13,8.734,65.55,0,27.68,16.42,1011.96,external
2026-07-21T16:00:00Z,REG-ISLAND,WXS-ISLAND-01,32.65,32.76,7.037,66.04,0,32.22,15.49,1012.06,external
2026-07-21T17:00:00Z,REG-ISLAND,WXS-ISLAND-01,32.45,32.5,4.932,66.4,0,31.9,17.24,1012.14,external
2026-07-21T18:00:00Z,REG-ISLAND,WXS-ISLAND-01,31.84,32.06,2.54,67.52,0,32.3,14.07,1012.17,external
2026-07-21T19:00:00Z,REG-ISLAND,WXS-ISLAND-01,31.09,31.2,0,68.91,0,39.4,17.27,1012.18,external
2026-07-21T20:00:00Z,REG-ISLAND,WXS-ISLAND-01,29.98,30.18,0,70.98,0,36.05,16.3,1012.14,external
2026-07-21T21:00:00Z,REG-ISLAND,WXS-ISLAND-01,29.04,29.32,0,72.71,0,31.8,15.71,1012.07,external
2026-07-21T22:00:00Z,REG-ISLAND,WXS-ISLAND-01,27.97,28.17,0,74.68,0,33.83,18.65,1011.97,external
2026-07-21T23:00:00Z,REG-ISLAND,WXS-ISLAND-01,27.01,27.35,0,76.46,0,38.13,16.42,1011.85,external
2026-07-21T00:00:00Z,REG-NORTH,WXS-NORTH-01,18.38,18.68,0,76.79,0,37.87,17.3,1017.28,external
2026-07-21T01:00:00Z,REG-NORTH,WXS-NORTH-01,18,18.39,0,77.49,0,39.11,15.84,1017.2,external
2026-07-21T02:00:00Z,REG-NORTH,WXS-NORTH-01,17.57,17.92,0,78.29,0,41.95,16.98,1017.16,external
2026-07-21T03:00:00Z,REG-NORTH,WXS-NORTH-01,17.37,17.74,0,78.65,0,42.91,16.97,1017.15,external
2026-07-21T04:00:00Z,REG-NORTH,WXS-NORTH-01,17.39,17.76,0,78.61,0,38.26,16.96,1017.18,external
2026-07-21T05:00:00Z,REG-NORTH,WXS-NORTH-01,17.87,18.21,0,77.72,0,41.36,17.2,1017.25,external
2026-07-21T06:00:00Z,REG-NORTH,WXS-NORTH-01,18.42,18.72,0,76.7,0,43.12,17.46,1017.34,external
2026-07-21T07:00:00Z,REG-NORTH,WXS-NORTH-01,19.08,19.37,1.366,75.48,0,38.66,17.01,1017.46,external
2026-07-21T08:00:00Z,REG-NORTH,WXS-NORTH-01,20.07,20.3,2.653,73.65,0,37.37,17.34,1017.6,external
2026-07-21T09:00:00Z,REG-NORTH,WXS-NORTH-01,20.95,21.12,3.786,72.03,0,34.59,17.69,1017.74,external
2026-07-21T10:00:00Z,REG-NORTH,WXS-NORTH-01,21.9,22.01,4.699,70.27,0,33.09,18.16,1017.88,external
2026-07-21T11:00:00Z,REG-NORTH,WXS-NORTH-01,22.83,23.08,5.339,68.55,0,30.72,16.91,1018.01,external
2026-07-21T12:00:00Z,REG-NORTH,WXS-NORTH-01,23.56,23.82,5.668,67.2,0,33.57,17.33,1018.12,external
2026-07-21T13:00:00Z,REG-NORTH,WXS-NORTH-01,24.05,24.24,5.668,66.3,0,31.59,18.24,1018.2,external
2026-07-21T14:00:00Z,REG-NORTH,WXS-NORTH-01,24.37,24.56,5.339,65.69,0,35.83,16.65,1018.24,external
2026-07-21T15:00:00Z,REG-NORTH,WXS-NORTH-01,24.54,24.53,4.699,65.38,0,35.63,18.16,1018.25,external
2026-07-21T16:00:00Z,REG-NORTH,WXS-NORTH-01,24.32,24.37,3.786,65.79,0,34.46,16.84,1018.22,external
2026-07-21T17:00:00Z,REG-NORTH,WXS-NORTH-01,23.88,23.94,2.653,66.62,0,33.48,17.01,1018.15,external
2026-07-21T18:00:00Z,REG-NORTH,WXS-NORTH-01,23.42,23.5,1.366,67.45,0,34.24,17.22,1018.06,external
2026-07-21T19:00:00Z,REG-NORTH,WXS-NORTH-01,22.71,22.77,0,68.77,0,38.19,18.47,1017.94,external
2026-07-21T20:00:00Z,REG-NORTH,WXS-NORTH-01,21.79,22.03,0,70.47,0,41.02,15.33,1017.8,external
2026-07-21T21:00:00Z,REG-NORTH,WXS-NORTH-01,21.05,21.25,0,71.85,0,43.95,16.84,1017.66,external
2026-07-21T22:00:00Z,REG-NORTH,WXS-NORTH-01,19.99,20.28,0,73.8,0,36.59,16.08,1017.52,external
2026-07-21T23:00:00Z,REG-NORTH,WXS-NORTH-01,19.26,19.51,0,75.16,0,43.5,17.61,1017.39,external
2026-07-21T00:00:00Z,REG-CENTRAL,WXS-CENTRAL-01,20.75,20.67,0,68.01,0,40.58,21.02,1018.23,external
2026-07-21T01:00:00Z,REG-CENTRAL,WXS-CENTRAL-01,20.18,20.07,0,69.06,0,34.98,22.42,1018.29,external
2026-07-21T02:00:00Z,REG-CENTRAL,WXS-CENTRAL-01,19.72,19.64,0,69.92,0,39.89,22.19,1018.38,external
2026-07-21T03:00:00Z,REG-CENTRAL,WXS-CENTRAL-01,19.56,19.59,0,70.21,0,40.79,19.94,1018.5,external
2026-07-21T04:00:00Z,REG-CENTRAL,WXS-CENTRAL-01,19.87,19.9,0,69.64,0,36.39,19.55,1018.63,external
2026-07-21T05:00:00Z,REG-CENTRAL,WXS-CENTRAL-01,20.25,20.12,0,68.94,0,37,22.64,1018.77,external
2026-07-21T06:00:00Z,REG-CENTRAL,WXS-CENTRAL-01,20.61,20.56,0,68.27,0,35.2,20.64,1018.92,external
2026-07-21T07:00:00Z,REG-CENTRAL,WXS-CENTRAL-01,21.38,21.29,1.607,66.84,0,38.32,20.71,1019.05,external
2026-07-21T08:00:00Z,REG-CENTRAL,WXS-CENTRAL-01,22.22,22.01,3.12,65.3,0,30.63,22.35,1019.16,external
2026-07-21T09:00:00Z,REG-CENTRAL,WXS-CENTRAL-01,23.31,23.13,4.452,63.28,0,31.72,20.53,1019.24,external
2026-07-21T10:00:00Z,REG-CENTRAL,WXS-CENTRAL-01,24.23,24.03,5.525,61.58,0,31.13,20.21,1019.29,external
2026-07-21T11:00:00Z,REG-CENTRAL,WXS-CENTRAL-01,25.08,24.84,6.278,60,0,34.49,23.02,1019.31,external
2026-07-21T12:00:00Z,REG-CENTRAL,WXS-CENTRAL-01,25.61,25.53,6.665,59.03,0,33.26,20.22,1019.29,external
2026-07-21T13:00:00Z,REG-CENTRAL,WXS-CENTRAL-01,26.33,26.25,6.665,57.69,0,33.93,19.61,1019.23,external
2026-07-21T14:00:00Z,REG-CENTRAL,WXS-CENTRAL-01,26.71,26.42,6.278,56.99,0,33.95,22.38,1019.14,external
2026-07-21T15:00:00Z,REG-CENTRAL,WXS-CENTRAL-01,26.95,26.57,5.525,56.55,0,31.39,21.22,1019.02,external
2026-07-21T16:00:00Z,REG-CENTRAL,WXS-CENTRAL-01,26.76,26.42,4.452,56.89,0,33.54,20.69,1018.89,external
2026-07-21T17:00:00Z,REG-CENTRAL,WXS-CENTRAL-01,26.26,25.93,3.12,57.82,0,34.58,20.87,1018.75,external
2026-07-21T18:00:00Z,REG-CENTRAL,WXS-CENTRAL-01,25.75,25.42,1.607,58.77,0,38.31,21.38,1018.6,external
2026-07-21T19:00:00Z,REG-CENTRAL,WXS-CENTRAL-01,25.14,24.86,0,59.89,0,38.28,20.93,1018.47,external
2026-07-21T20:00:00Z,REG-CENTRAL,WXS-CENTRAL-01,24.24,24,0,61.56,0,39,20.98,1018.36,external
2026-07-21T21:00:00Z,REG-CENTRAL,WXS-CENTRAL-01,23.17,23.03,0,63.53,0,40.17,20.01,1018.28,external
2026-07-21T22:00:00Z,REG-CENTRAL,WXS-CENTRAL-01,22.37,22.2,0,65.02,0,37.86,21.36,1018.23,external
2026-07-21T23:00:00Z,REG-CENTRAL,WXS-CENTRAL-01,21.54,21.38,0,66.55,0,35.92,21.91,1018.21,external
2026-07-22T00:00:00Z,REG-COASTAL,WXS-COASTAL-01,25.8,26.28,0,74.71,0,26.09,12.26,1014,external
2026-07-22T01:00:00Z,REG-COASTAL,WXS-COASTAL-01,25.15,25.65,0,75.91,0,21.04,12.44,1014.14,external
2026-07-22T02:00:00Z,REG-COASTAL,WXS-COASTAL-01,24.76,25.3,0,76.63,0,24.31,10.8,1014.28,external
2026-07-22T03:00:00Z,REG-COASTAL,WXS-COASTAL-01,24.63,25.18,0,76.87,0,21.96,10.9,1014.39,external
2026-07-22T04:00:00Z,REG-COASTAL,WXS-COASTAL-01,24.7,25.25,0,76.74,0,20.11,11.41,1014.48,external
2026-07-22T05:00:00Z,REG-COASTAL,WXS-COASTAL-01,25.2,25.72,0,75.82,0,28.2,10.53,1014.53,external
2026-07-22T06:00:00Z,REG-COASTAL,WXS-COASTAL-01,25.71,26.2,0,74.88,0,26.12,11.04,1014.55,external
2026-07-22T07:00:00Z,REG-COASTAL,WXS-COASTAL-01,26.68,27.14,2.494,73.07,0,18.71,11.85,1014.53,external
2026-07-22T08:00:00Z,REG-COASTAL,WXS-COASTAL-01,27.68,28.08,4.844,71.23,0,23.33,11.99,1014.48,external
2026-07-22T09:00:00Z,REG-COASTAL,WXS-COASTAL-01,28.91,29.37,6.912,68.95,0,16.24,11.77,1014.39,external
2026-07-22T10:00:00Z,REG-COASTAL,WXS-COASTAL-01,29.97,30.63,8.578,67,0,21.49,10.58,1014.28,external
2026-07-22T11:00:00Z,REG-COASTAL,WXS-COASTAL-01,30.84,31.64,9.746,65.38,0,14.67,10.53,1014.14,external
2026-07-22T12:00:00Z,REG-COASTAL,WXS-COASTAL-01,31.73,32.55,10.347,63.74,0,20.75,12.62,1014,external
2026-07-22T13:00:00Z,REG-COASTAL,WXS-COASTAL-01,32.48,33.24,10.347,62.35,0,20.58,13.03,1013.86,external
2026-07-22T14:00:00Z,REG-COASTAL,WXS-COASTAL-01,32.71,33.42,9.746,61.92,0,16.62,11.06,1013.73,external
2026-07-22T15:00:00Z,REG-COASTAL,WXS-COASTAL-01,32.79,33.29,8.578,61.77,0,18.03,12.81,1013.61,external
2026-07-22T16:00:00Z,REG-COASTAL,WXS-COASTAL-01,32.74,32.99,6.912,61.87,0,19.46,12.95,1013.52,external
2026-07-22T17:00:00Z,REG-COASTAL,WXS-COASTAL-01,32.45,32.63,4.844,62.4,0,19.35,11.14,1013.47,external
2026-07-22T18:00:00Z,REG-COASTAL,WXS-COASTAL-01,31.73,31.95,2.494,63.74,0,22.04,10.24,1013.45,external
2026-07-22T19:00:00Z,REG-COASTAL,WXS-COASTAL-01,30.84,31.05,0,65.38,0,22.43,13.12,1013.47,external
2026-07-22T20:00:00Z,REG-COASTAL,WXS-COASTAL-01,29.73,30.02,0,67.43,0,31.47,12.58,1013.52,external
2026-07-22T21:00:00Z,REG-COASTAL,WXS-COASTAL-01,28.77,29.13,0,69.21,0,21.83,11.12,1013.61,external
2026-07-22T22:00:00Z,REG-COASTAL,WXS-COASTAL-01,27.5,27.89,0,71.55,0,24.33,12.68,1013.73,external
2026-07-22T23:00:00Z,REG-COASTAL,WXS-COASTAL-01,26.73,27.18,0,72.98,0,25.03,11.92,1013.86,external
2026-07-22T00:00:00Z,REG-SOUTH,WXS-SOUTH-01,26.79,26.93,0,66.17,0,22.52,15.09,1010.18,external
2026-07-22T01:00:00Z,REG-SOUTH,WXS-SOUTH-01,26.19,26.47,0,67.28,0,24.39,12.49,1010.24,external
2026-07-22T02:00:00Z,REG-SOUTH,WXS-SOUTH-01,25.71,26.04,0,68.17,0,28.96,11.97,1010.27,external
2026-07-22T03:00:00Z,REG-SOUTH,WXS-SOUTH-01,25.53,25.84,0,68.5,0,26.82,12.56,1010.26,external
2026-07-22T04:00:00Z,REG-SOUTH,WXS-SOUTH-01,25.71,25.88,0,68.17,0,30.98,15.39,1010.21,external
2026-07-22T05:00:00Z,REG-SOUTH,WXS-SOUTH-01,26.17,26.39,0,67.31,0,28.79,13.93,1010.13,external
2026-07-22T06:00:00Z,REG-SOUTH,WXS-SOUTH-01,26.71,26.98,0,66.32,0,22.72,12.33,1010.02,external
2026-07-22T07:00:00Z,REG-SOUTH,WXS-SOUTH-01,27.71,27.86,2.498,64.46,0,27.84,14.05,1009.89,external
2026-07-22T08:00:00Z,REG-SOUTH,WXS-SOUTH-01,28.67,28.84,4.851,62.7,0,22.41,12.37,1009.75,external
2026-07-22T09:00:00Z,REG-SOUTH,WXS-SOUTH-01,29.76,29.94,6.922,60.67,0,24.87,12.83,1009.6,external
2026-07-22T10:00:00Z,REG-SOUTH,WXS-SOUTH-01,30.84,31.15,8.591,58.69,0,17.88,13.92,1009.47,external
2026-07-22T11:00:00Z,REG-SOUTH,WXS-SOUTH-01,31.9,32.36,9.761,56.71,0,19.98,13.53,1009.35,external
2026-07-22T12:00:00Z,REG-SOUTH,WXS-SOUTH-01,32.58,33.06,10.363,55.46,0,19.04,14.13,1009.26,external
2026-07-22T13:00:00Z,REG-SOUTH,WXS-SOUTH-01,33.33,33.83,10.363,54.07,0,19.72,12.93,1009.2,external
2026-07-22T14:00:00Z,REG-SOUTH,WXS-SOUTH-01,33.7,34.11,9.761,53.38,0,18.77,12.76,1009.17,external
2026-07-22T15:00:00Z,REG-SOUTH,WXS-SOUTH-01,33.77,33.97,8.591,53.27,0,20.08,13.49,1009.18,external
2026-07-22T16:00:00Z,REG-SOUTH,WXS-SOUTH-01,33.63,33.59,6.922,53.53,0,22.77,13.73,1009.23,external
2026-07-22T17:00:00Z,REG-SOUTH,WXS-SOUTH-01,33.17,33.09,4.851,54.37,0,22.99,13.4,1009.31,external
2026-07-22T18:00:00Z,REG-SOUTH,WXS-SOUTH-01,32.68,32.66,2.498,55.27,0,23.93,12.77,1009.42,external
2026-07-22T19:00:00Z,REG-SOUTH,WXS-SOUTH-01,31.76,31.72,0,56.98,0,29.72,13.81,1009.55,external
2026-07-22T20:00:00Z,REG-SOUTH,WXS-SOUTH-01,30.65,30.6,0,59.02,0,28.74,15.49,1009.69,external
2026-07-22T21:00:00Z,REG-SOUTH,WXS-SOUTH-01,29.77,29.86,0,60.66,0,27.86,13.19,1009.84,external
2026-07-22T22:00:00Z,REG-SOUTH,WXS-SOUTH-01,28.69,28.81,0,62.66,0,24.87,13.58,1009.97,external
2026-07-22T23:00:00Z,REG-SOUTH,WXS-SOUTH-01,27.61,27.72,0,64.65,0,27.16,14.95,1010.09,external
2026-07-22T00:00:00Z,REG-DELTA,WXS-DELTA-01,28.16,28.54,0,82.53,0,32.44,18.71,1009.23,external
2026-07-22T01:00:00Z,REG-DELTA,WXS-DELTA-01,27.6,28.01,0,83.55,0,30.85,18.72,1009.15,external
2026-07-22T02:00:00Z,REG-DELTA,WXS-DELTA-01,27.07,27.44,0,84.54,0,29.91,20.1,1009.05,external
2026-07-22T03:00:00Z,REG-DELTA,WXS-DELTA-01,27.14,27.49,0,84.4,0,28.93,20.61,1008.92,external
2026-07-22T04:00:00Z,REG-DELTA,WXS-DELTA-01,26.94,27.42,0,84.77,0,31.19,18.04,1008.78,external
2026-07-22T05:00:00Z,REG-DELTA,WXS-DELTA-01,27.36,27.68,0,84,0,27.95,20.88,1008.64,external
2026-07-22T06:00:00Z,REG-DELTA,WXS-DELTA-01,28.01,28.34,0,82.8,0,30.77,20.15,1008.5,external
2026-07-22T07:00:00Z,REG-DELTA,WXS-DELTA-01,28.96,29.23,2.536,81.04,0,28.43,20.43,1008.38,external
2026-07-22T08:00:00Z,REG-DELTA,WXS-DELTA-01,29.89,30.18,4.925,79.32,0,28.64,19.06,1008.28,external
2026-07-22T09:00:00Z,REG-DELTA,WXS-DELTA-01,31,31.19,7.028,77.26,0,31,20.19,1008.21,external
2026-07-22T10:00:00Z,REG-DELTA,WXS-DELTA-01,32.05,32.38,8.722,75.32,0,22.67,20.24,1008.18,external
2026-07-22T11:00:00Z,REG-DELTA,WXS-DELTA-01,33.07,33.49,9.91,73.43,0,22.31,20.7,1008.19,external
2026-07-22T12:00:00Z,REG-DELTA,WXS-DELTA-01,33.73,34.23,10.521,72.21,0,22.59,19.96,1008.23,external
2026-07-22T13:00:00Z,REG-DELTA,WXS-DELTA-01,34.25,34.76,10.521,71.24,0,27.81,19.11,1008.31,external
2026-07-22T14:00:00Z,REG-DELTA,WXS-DELTA-01,34.79,35.18,9.91,70.26,0,22.29,19.35,1008.41,external
2026-07-22T15:00:00Z,REG-DELTA,WXS-DELTA-01,35.07,35.24,8.722,69.73,0,22.2,20.67,1008.54,external
2026-07-22T16:00:00Z,REG-DELTA,WXS-DELTA-01,34.71,34.76,7.028,70.41,0,28.71,19.49,1008.68,external
2026-07-22T17:00:00Z,REG-DELTA,WXS-DELTA-01,34.39,34.53,4.925,70.99,0,29.8,17.83,1008.82,external
2026-07-22T18:00:00Z,REG-DELTA,WXS-DELTA-01,33.85,33.89,2.536,72,0,31.27,20.36,1008.96,external
2026-07-22T19:00:00Z,REG-DELTA,WXS-DELTA-01,32.97,33.1,0,73.62,0,35.15,19.47,1009.08,external
2026-07-22T20:00:00Z,REG-DELTA,WXS-DELTA-01,32.02,32.19,0,75.38,0,32.36,19.4,1009.18,external
2026-07-22T21:00:00Z,REG-DELTA,WXS-DELTA-01,31,31.17,0,77.27,0,31.29,20.53,1009.25,external
2026-07-22T22:00:00Z,REG-DELTA,WXS-DELTA-01,29.99,30.16,0,79.13,0,33.04,21.6,1009.28,external
2026-07-22T23:00:00Z,REG-DELTA,WXS-DELTA-01,29,29.21,0,80.96,0,31.92,21.74,1009.27,external
2026-07-22T00:00:00Z,REG-ISLAND,WXS-ISLAND-01,26.04,26.34,0,77.08,0,37.88,17.49,1012.61,external
2026-07-22T01:00:00Z,REG-ISLAND,WXS-ISLAND-01,25.55,25.93,0,77.98,0,30.81,16.19,1012.46,external
2026-07-22T02:00:00Z,REG-ISLAND,WXS-ISLAND-01,25.17,25.51,0,78.67,0,29.92,17.64,1012.32,external
2026-07-22T03:00:00Z,REG-ISLAND,WXS-ISLAND-01,25.01,25.38,0,78.97,0,30.81,17.11,1012.2,external
2026-07-22T04:00:00Z,REG-ISLAND,WXS-ISLAND-01,25.05,25.47,0,78.9,0,34.68,15.92,1012.1,external
2026-07-22T05:00:00Z,REG-ISLAND,WXS-ISLAND-01,25.58,25.93,0,77.92,0,33.69,17,1012.02,external
2026-07-22T06:00:00Z,REG-ISLAND,WXS-ISLAND-01,26.16,26.47,0,76.85,0,35.98,17.33,1011.99,external
2026-07-22T07:00:00Z,REG-ISLAND,WXS-ISLAND-01,26.87,27.19,2.559,75.54,0,35.59,16.15,1011.98,external
2026-07-22T08:00:00Z,REG-ISLAND,WXS-ISLAND-01,27.82,28.05,4.968,73.77,0,27.6,17.44,1012.02,external
2026-07-22T09:00:00Z,REG-ISLAND,WXS-ISLAND-01,28.54,28.73,7.089,72.44,0,29.47,17.6,1012.09,external
2026-07-22T10:00:00Z,REG-ISLAND,WXS-ISLAND-01,29.61,29.94,8.798,70.47,0,27.41,17.5,1012.19,external
2026-07-22T11:00:00Z,REG-ISLAND,WXS-ISLAND-01,30.71,31.13,9.996,68.42,0,24.74,17.61,1012.31,external
2026-07-22T12:00:00Z,REG-ISLAND,WXS-ISLAND-01,31.49,32.01,10.613,66.99,0,24.03,16.25,1012.45,external
2026-07-22T13:00:00Z,REG-ISLAND,WXS-ISLAND-01,32.06,32.56,10.613,65.94,0,27.65,16.07,1012.6,external
2026-07-22T14:00:00Z,REG-ISLAND,WXS-ISLAND-01,32.4,32.81,9.996,65.3,0,24.65,16.22,1012.74,external
2026-07-22T15:00:00Z,REG-ISLAND,WXS-ISLAND-01,32.64,32.87,8.798,64.87,0,26.22,16.51,1012.86,external
2026-07-22T16:00:00Z,REG-ISLAND,WXS-ISLAND-01,32.36,32.41,7.089,65.37,0,28.55,16.79,1012.96,external
2026-07-22T17:00:00Z,REG-ISLAND,WXS-ISLAND-01,32,32.02,4.968,66.05,0,29.51,17.59,1013.04,external
2026-07-22T18:00:00Z,REG-ISLAND,WXS-ISLAND-01,31.49,31.51,2.559,66.98,0,35.46,18.22,1013.07,external
2026-07-22T19:00:00Z,REG-ISLAND,WXS-ISLAND-01,30.65,30.77,0,68.54,0,37.12,16.95,1013.08,external
2026-07-22T20:00:00Z,REG-ISLAND,WXS-ISLAND-01,29.74,29.95,0,70.23,0,35.6,15.87,1013.04,external
2026-07-22T21:00:00Z,REG-ISLAND,WXS-ISLAND-01,28.88,29.09,0,71.82,0,32.73,16.66,1012.97,external
2026-07-22T22:00:00Z,REG-ISLAND,WXS-ISLAND-01,27.83,28.02,0,73.77,0,29.99,18.08,1012.87,external
2026-07-22T23:00:00Z,REG-ISLAND,WXS-ISLAND-01,26.84,27.06,0,75.6,0,33.58,18.53,1012.75,external
2026-07-22T00:00:00Z,REG-NORTH,WXS-NORTH-01,18.5,18.61,0,81.5,0,82.5,24.32,1014.66,external
2026-07-22T01:00:00Z,REG-NORTH,WXS-NORTH-01,18.14,18.33,0,82.17,0,80.4,22.83,1014.58,external
2026-07-22T02:00:00Z,REG-NORTH,WXS-NORTH-01,17.85,17.98,0,82.7,0,84.21,24.57,1014.54,external
2026-07-22T03:00:00Z,REG-NORTH,WXS-NORTH-01,17.75,17.84,0,82.88,0,81.78,25.61,1014.53,external
2026-07-22T04:00:00Z,REG-NORTH,WXS-NORTH-01,17.77,17.91,0,82.85,0,81.8,24.3,1014.56,external
2026-07-22T05:00:00Z,REG-NORTH,WXS-NORTH-01,18.13,18.25,0,82.19,0,80.03,24.42,1014.63,external
2026-07-22T06:00:00Z,REG-NORTH,WXS-NORTH-01,18.53,18.66,0,81.44,0,81.35,24,1014.72,external
2026-07-22T07:00:00Z,REG-NORTH,WXS-NORTH-01,18.94,19.07,1.085,80.69,0,78.27,23.22,1014.84,external
2026-07-22T08:00:00Z,REG-NORTH,WXS-NORTH-01,19.53,19.57,2.107,79.6,0,80.35,24.65,1014.98,external
2026-07-22T09:00:00Z,REG-NORTH,WXS-NORTH-01,20.48,20.5,3.006,77.83,0,79.41,24.27,1015.12,external
2026-07-22T10:00:00Z,REG-NORTH,WXS-NORTH-01,20.92,20.95,3.731,77.03,0,74.28,23.57,1015.26,external
2026-07-22T11:00:00Z,REG-NORTH,WXS-NORTH-01,21.7,21.66,4.238,75.57,0,77.7,24.35,1015.39,external
2026-07-22T12:00:00Z,REG-NORTH,WXS-NORTH-01,22.14,22.06,4.5,74.77,0,76.08,24.71,1015.5,external
2026-07-22T13:00:00Z,REG-NORTH,WXS-NORTH-01,22.56,22.43,4.5,78,1.729,89.57,27.66,1015.58,external
2026-07-22T14:00:00Z,REG-NORTH,WXS-NORTH-01,22.95,22.79,4.238,77.26,1.589,88.8,28.09,1015.62,external
2026-07-22T15:00:00Z,REG-NORTH,WXS-NORTH-01,22.94,22.76,3.731,77.29,2.102,88.91,28.23,1015.63,external
2026-07-22T16:00:00Z,REG-NORTH,WXS-NORTH-01,22.97,22.82,3.006,73.23,0,74.49,25.41,1015.6,external
2026-07-22T17:00:00Z,REG-NORTH,WXS-NORTH-01,22.62,22.5,2.107,73.88,0,77.83,25,1015.53,external
2026-07-22T18:00:00Z,REG-NORTH,WXS-NORTH-01,22.18,22.14,1.085,74.7,0,76.97,23.83,1015.44,external
2026-07-22T19:00:00Z,REG-NORTH,WXS-NORTH-01,21.58,21.54,0,75.81,0,80.82,24.37,1015.32,external
2026-07-22T20:00:00Z,REG-NORTH,WXS-NORTH-01,20.97,20.99,0,76.94,0,80.25,23.59,1015.18,external
2026-07-22T21:00:00Z,REG-NORTH,WXS-NORTH-01,20.52,20.61,0,77.76,0,80.51,22.66,1015.04,external
2026-07-22T22:00:00Z,REG-NORTH,WXS-NORTH-01,19.85,19.94,0,79,0,80.44,23.43,1014.9,external
2026-07-22T23:00:00Z,REG-NORTH,WXS-NORTH-01,19.13,19.15,0,80.33,0,82.38,25.54,1014.77,external
2026-07-22T00:00:00Z,REG-CENTRAL,WXS-CENTRAL-01,21.12,21.31,0,69.7,0,41.43,16.07,1015.72,external
2026-07-22T01:00:00Z,REG-CENTRAL,WXS-CENTRAL-01,20.55,20.65,0,70.76,0,36.96,18.63,1015.78,external
2026-07-22T02:00:00Z,REG-CENTRAL,WXS-CENTRAL-01,20.22,20.42,0,71.37,0,37.63,16.59,1015.87,external
2026-07-22T03:00:00Z,REG-CENTRAL,WXS-CENTRAL-01,20.13,20.34,0,71.54,0,39.38,16.39,1015.99,external
2026-07-22T04:00:00Z,REG-CENTRAL,WXS-CENTRAL-01,20.12,20.28,0,71.55,0,40.06,17.71,1016.12,external
2026-07-22T05:00:00Z,REG-CENTRAL,WXS-CENTRAL-01,20.71,20.88,0,70.46,0,40.62,16.81,1016.26,external
2026-07-22T06:00:00Z,REG-CENTRAL,WXS-CENTRAL-01,21.11,21.21,0,69.72,0,36.23,18.04,1016.41,external
2026-07-22T07:00:00Z,REG-CENTRAL,WXS-CENTRAL-01,21.82,21.9,1.607,68.41,0,35.15,17.73,1016.54,external
2026-07-22T08:00:00Z,REG-CENTRAL,WXS-CENTRAL-01,22.57,22.63,3.122,67.03,0,38.21,17.35,1016.65,external
2026-07-22T09:00:00Z,REG-CENTRAL,WXS-CENTRAL-01,23.58,23.64,4.454,65.15,0,34.66,16.34,1016.73,external
2026-07-22T10:00:00Z,REG-CENTRAL,WXS-CENTRAL-01,24.43,24.36,5.528,63.59,0,32.45,18.37,1016.78,external
2026-07-22T11:00:00Z,REG-CENTRAL,WXS-CENTRAL-01,25.18,25.28,6.28,62.19,0,34.24,16.36,1016.8,external
2026-07-22T12:00:00Z,REG-CENTRAL,WXS-CENTRAL-01,25.95,26.15,6.668,60.76,0,31.77,14.68,1016.78,external
2026-07-22T13:00:00Z,REG-CENTRAL,WXS-CENTRAL-01,26.67,26.74,6.668,59.44,0,30.65,16.84,1016.72,external
2026-07-22T14:00:00Z,REG-CENTRAL,WXS-CENTRAL-01,26.94,26.97,6.28,58.94,0,29.68,16.02,1016.63,external
2026-07-22T15:00:00Z,REG-CENTRAL,WXS-CENTRAL-01,26.84,26.68,5.528,59.13,0,38.65,17.75,1016.51,external
2026-07-22T16:00:00Z,REG-CENTRAL,WXS-CENTRAL-01,26.91,26.82,4.454,59,0,33.58,16.14,1016.38,external
2026-07-22T17:00:00Z,REG-CENTRAL,WXS-CENTRAL-01,26.52,26.38,3.122,59.72,0,38.44,17.65,1016.24,external
2026-07-22T18:00:00Z,REG-CENTRAL,WXS-CENTRAL-01,26,25.89,1.607,60.68,0,37.81,17.48,1016.09,external
2026-07-22T19:00:00Z,REG-CENTRAL,WXS-CENTRAL-01,25.33,25.31,0,61.92,0,41.48,16.09,1015.96,external
2026-07-22T20:00:00Z,REG-CENTRAL,WXS-CENTRAL-01,24.52,24.49,0,63.42,0,40.96,17.24,1015.85,external
2026-07-22T21:00:00Z,REG-CENTRAL,WXS-CENTRAL-01,23.52,23.58,0,65.26,0,44.54,16.43,1015.77,external
2026-07-22T22:00:00Z,REG-CENTRAL,WXS-CENTRAL-01,22.62,22.73,0,66.93,0,40.88,16.1,1015.72,external
2026-07-22T23:00:00Z,REG-CENTRAL,WXS-CENTRAL-01,21.86,21.95,0,68.34,0,41.68,17.43,1015.7,external
2026-07-23T00:00:00Z,REG-COASTAL,WXS-COASTAL-01,26.32,26.71,0,70.48,0,23.46,11.42,1011.39,external
2026-07-23T01:00:00Z,REG-COASTAL,WXS-COASTAL-01,25.71,26.13,0,71.61,0,21.44,10.65,1011.53,external
2026-07-23T02:00:00Z,REG-COASTAL,WXS-COASTAL-01,25.3,25.74,0,72.37,0,18.74,11.02,1011.67,external
2026-07-23T03:00:00Z,REG-COASTAL,WXS-COASTAL-01,25.07,25.51,0,72.8,0,21.63,9.61,1011.78,external
2026-07-23T04:00:00Z,REG-COASTAL,WXS-COASTAL-01,25.16,25.6,0,72.64,0,21.34,7.87,1011.87,external
2026-07-23T05:00:00Z,REG-COASTAL,WXS-COASTAL-01,25.63,26.05,0,71.76,0,20.92,10.36,1011.92,external
2026-07-23T06:00:00Z,REG-COASTAL,WXS-COASTAL-01,26.3,26.69,0,70.52,0,22.45,10.25,1011.94,external
2026-07-23T07:00:00Z,REG-COASTAL,WXS-COASTAL-01,27.25,27.59,2.545,68.77,0,16.42,10.7,1011.92,external
2026-07-23T08:00:00Z,REG-COASTAL,WXS-COASTAL-01,28.01,28.32,4.943,67.36,0,19.05,10.7,1011.87,external
2026-07-23T09:00:00Z,REG-COASTAL,WXS-COASTAL-01,29.18,29.59,7.053,65.19,0,15.16,11.49,1011.78,external
2026-07-23T10:00:00Z,REG-COASTAL,WXS-COASTAL-01,30.29,30.91,8.754,63.14,0,18.87,9.89,1011.67,external
2026-07-23T11:00:00Z,REG-COASTAL,WXS-COASTAL-01,31.13,31.89,9.945,61.58,0,16.9,8.48,1011.53,external
2026-07-23T12:00:00Z,REG-COASTAL,WXS-COASTAL-01,32.09,32.9,10.559,59.81,0,15.14,8.05,1011.39,external
2026-07-23T13:00:00Z,REG-COASTAL,WXS-COASTAL-01,32.58,33.36,10.559,58.91,0,14.97,9.75,1011.25,external
2026-07-23T14:00:00Z,REG-COASTAL,WXS-COASTAL-01,33.03,33.7,9.945,58.07,0,16.52,8.83,1011.12,external
2026-07-23T15:00:00Z,REG-COASTAL,WXS-COASTAL-01,33.04,33.53,8.754,58.06,0,15.4,9.64,1011,external
2026-07-23T16:00:00Z,REG-COASTAL,WXS-COASTAL-01,32.95,33.18,7.053,58.22,0,13.43,8.9,1010.91,external
2026-07-23T17:00:00Z,REG-COASTAL,WXS-COASTAL-01,32.58,32.67,4.943,58.91,0,14.62,9.7,1010.86,external
2026-07-23T18:00:00Z,REG-COASTAL,WXS-COASTAL-01,31.83,31.97,2.545,60.29,0,20.02,9.73,1010.84,external
2026-07-23T19:00:00Z,REG-COASTAL,WXS-COASTAL-01,31.12,31.29,0,61.61,0,24.02,9.66,1010.86,external
2026-07-23T20:00:00Z,REG-COASTAL,WXS-COASTAL-01,30.31,30.51,0,63.11,0,21.4,9.74,1010.91,external
2026-07-23T21:00:00Z,REG-COASTAL,WXS-COASTAL-01,29.12,29.37,0,65.31,0,23.12,10.11,1011,external
2026-07-23T22:00:00Z,REG-COASTAL,WXS-COASTAL-01,28.14,28.44,0,67.12,0,22.55,11.79,1011.12,external
2026-07-23T23:00:00Z,REG-COASTAL,WXS-COASTAL-01,27.22,27.56,0,68.83,0,21.79,8.25,1011.25,external
2026-07-23T00:00:00Z,REG-SOUTH,WXS-SOUTH-01,27.01,27.21,0,66,0,24.37,13.68,1009.85,external
2026-07-23T01:00:00Z,REG-SOUTH,WXS-SOUTH-01,26.38,26.69,0,67.17,0,27.01,11.82,1009.91,external
2026-07-23T02:00:00Z,REG-SOUTH,WXS-SOUTH-01,26.09,26.41,0,67.71,0,27.69,11.31,1009.94,external
2026-07-23T03:00:00Z,REG-SOUTH,WXS-SOUTH-01,25.8,26.09,0,68.24,0,27.28,12.9,1009.93,external
2026-07-23T04:00:00Z,REG-SOUTH,WXS-SOUTH-01,26.06,26.31,0,67.76,0,30.08,13.72,1009.88,external
2026-07-23T05:00:00Z,REG-SOUTH,WXS-SOUTH-01,26.54,26.84,0,66.88,0,32.82,11.63,1009.8,external
2026-07-23T06:00:00Z,REG-SOUTH,WXS-SOUTH-01,27.08,27.35,0,65.88,0,29.84,11.28,1009.69,external
2026-07-23T07:00:00Z,REG-SOUTH,WXS-SOUTH-01,27.87,28.1,2.5,64.42,0,28.57,10.89,1009.56,external
2026-07-23T08:00:00Z,REG-SOUTH,WXS-SOUTH-01,29.04,29.23,4.855,62.24,0,27.5,10.79,1009.42,external
2026-07-23T09:00:00Z,REG-SOUTH,WXS-SOUTH-01,29.96,30.14,6.927,60.55,0,22.03,12.11,1009.27,external
2026-07-23T10:00:00Z,REG-SOUTH,WXS-SOUTH-01,31.1,31.45,8.597,58.44,0,21.42,12.42,1009.14,external
2026-07-23T11:00:00Z,REG-SOUTH,WXS-SOUTH-01,32,32.45,9.767,56.77,0,18.85,12.84,1009.02,external
2026-07-23T12:00:00Z,REG-SOUTH,WXS-SOUTH-01,32.75,33.28,10.37,55.39,0,21.31,11.64,1008.93,external
2026-07-23T13:00:00Z,REG-SOUTH,WXS-SOUTH-01,33.49,33.94,10.37,54.02,0,23.61,13.15,1008.87,external
2026-07-23T14:00:00Z,REG-SOUTH,WXS-SOUTH-01,33.92,34.32,9.767,53.22,0,17.03,10.63,1008.84,external
2026-07-23T15:00:00Z,REG-SOUTH,WXS-SOUTH-01,34.03,34.26,8.597,53.02,0,23.95,10,1008.85,external
2026-07-23T16:00:00Z,REG-SOUTH,WXS-SOUTH-01,33.85,33.85,6.927,53.36,0,24.31,11.57,1008.9,external
2026-07-23T17:00:00Z,REG-SOUTH,WXS-SOUTH-01,33.53,33.51,4.855,53.94,0,23.65,10.71,1008.98,external
2026-07-23T18:00:00Z,REG-SOUTH,WXS-SOUTH-01,32.82,32.82,2.5,55.26,0,29.2,11.92,1009.09,external
2026-07-23T19:00:00Z,REG-SOUTH,WXS-SOUTH-01,32.03,32.07,0,56.72,0,33.65,9.61,1009.22,external
2026-07-23T20:00:00Z,REG-SOUTH,WXS-SOUTH-01,30.93,31.03,0,58.75,0,27.1,10.92,1009.36,external
2026-07-23T21:00:00Z,REG-SOUTH,WXS-SOUTH-01,30.04,30.17,0,60.4,0,32.39,11.56,1009.51,external
2026-07-23T22:00:00Z,REG-SOUTH,WXS-SOUTH-01,28.81,29,0,62.67,0,29.4,10.57,1009.64,external
2026-07-23T23:00:00Z,REG-SOUTH,WXS-SOUTH-01,27.89,28.12,0,64.39,0,33.98,12.03,1009.76,external
2026-07-23T00:00:00Z,REG-DELTA,WXS-DELTA-01,28.44,29.01,0,84.1,0,32.76,15.57,1009.78,external
2026-07-23T01:00:00Z,REG-DELTA,WXS-DELTA-01,27.87,28.55,0,85.16,0,33.43,13.53,1009.7,external
2026-07-23T02:00:00Z,REG-DELTA,WXS-DELTA-01,27.69,28.33,0,85.49,0,38.12,14.72,1009.6,external
2026-07-23T03:00:00Z,REG-DELTA,WXS-DELTA-01,27.37,28.13,0,86.08,0,37.13,12.41,1009.47,external
2026-07-23T04:00:00Z,REG-DELTA,WXS-DELTA-01,27.65,28.26,0,85.56,0,31.91,15.5,1009.33,external
2026-07-23T05:00:00Z,REG-DELTA,WXS-DELTA-01,27.72,28.35,0,85.43,0,33.74,15.06,1009.19,external
2026-07-23T06:00:00Z,REG-DELTA,WXS-DELTA-01,28.53,29.22,0,83.93,0,36.82,12.76,1009.05,external
2026-07-23T07:00:00Z,REG-DELTA,WXS-DELTA-01,29.2,29.76,2.533,82.69,0,27.42,14.9,1008.93,external
2026-07-23T08:00:00Z,REG-DELTA,WXS-DELTA-01,30.2,30.65,4.919,80.85,0,28.64,16.27,1008.83,external
2026-07-23T09:00:00Z,REG-DELTA,WXS-DELTA-01,31.07,31.55,7.019,79.23,0,27.03,14.97,1008.76,external
2026-07-23T10:00:00Z,REG-DELTA,WXS-DELTA-01,31.94,32.61,8.711,77.63,0,31.21,12.67,1008.73,external
2026-07-23T11:00:00Z,REG-DELTA,WXS-DELTA-01,32.96,33.66,9.897,75.75,0,30.25,14.15,1008.74,external
2026-07-23T12:00:00Z,REG-DELTA,WXS-DELTA-01,33.69,34.43,10.508,74.4,0,25.37,14.09,1008.78,external
2026-07-23T13:00:00Z,REG-DELTA,WXS-DELTA-01,34.15,34.81,10.508,73.55,0,26.55,15.52,1008.86,external
2026-07-23T14:00:00Z,REG-DELTA,WXS-DELTA-01,34.76,35.31,9.897,72.42,0,27.78,15.53,1008.96,external
2026-07-23T15:00:00Z,REG-DELTA,WXS-DELTA-01,34.65,35.18,8.711,72.63,0,32.61,13.03,1009.09,external
2026-07-23T16:00:00Z,REG-DELTA,WXS-DELTA-01,34.53,34.85,7.019,72.85,0,30.82,14.6,1009.23,external
2026-07-23T17:00:00Z,REG-DELTA,WXS-DELTA-01,34.29,34.61,4.919,73.29,0,33.61,15.04,1009.37,external
2026-07-23T18:00:00Z,REG-DELTA,WXS-DELTA-01,33.57,34.02,2.533,74.62,0,35.68,12.93,1009.51,external
2026-07-23T19:00:00Z,REG-DELTA,WXS-DELTA-01,32.93,33.34,0,75.79,0,33.44,14.59,1009.63,external
2026-07-23T20:00:00Z,REG-DELTA,WXS-DELTA-01,31.98,32.43,0,77.55,0,31.69,14.59,1009.73,external
2026-07-23T21:00:00Z,REG-DELTA,WXS-DELTA-01,31.21,31.68,0,78.98,0,42.06,15.01,1009.8,external
2026-07-23T22:00:00Z,REG-DELTA,WXS-DELTA-01,30.09,30.67,0,81.05,0,37.21,13.59,1009.83,external
2026-07-23T23:00:00Z,REG-DELTA,WXS-DELTA-01,29.19,29.72,0,82.72,0,40.31,15.62,1009.82,external
2026-07-23T00:00:00Z,REG-ISLAND,WXS-ISLAND-01,26.29,26.84,0,81.6,0,24.01,14.54,1012.15,external
2026-07-23T01:00:00Z,REG-ISLAND,WXS-ISLAND-01,25.48,26.11,0,83.09,0,28.15,13.76,1012,external
2026-07-23T02:00:00Z,REG-ISLAND,WXS-ISLAND-01,25.27,25.86,0,83.48,0,27.15,14.79,1011.86,external
2026-07-23T03:00:00Z,REG-ISLAND,WXS-ISLAND-01,25.13,25.75,0,83.74,0,27.27,14.18,1011.74,external
2026-07-23T04:00:00Z,REG-ISLAND,WXS-ISLAND-01,25.17,25.72,0,83.67,0,31.77,15.62,1011.64,external
2026-07-23T05:00:00Z,REG-ISLAND,WXS-ISLAND-01,25.65,26.28,0,82.77,0,28.84,13.51,1011.56,external
2026-07-23T06:00:00Z,REG-ISLAND,WXS-ISLAND-01,26.21,26.78,0,81.75,0,24.79,14.16,1011.53,external
2026-07-23T07:00:00Z,REG-ISLAND,WXS-ISLAND-01,26.8,27.34,2.591,80.66,0,21.9,14.24,1011.52,external
2026-07-23T08:00:00Z,REG-ISLAND,WXS-ISLAND-01,27.85,28.36,5.032,78.7,0,24.02,13.99,1011.56,external
2026-07-23T09:00:00Z,REG-ISLAND,WXS-ISLAND-01,29,29.5,7.18,76.57,0,19.03,14.23,1011.63,external
2026-07-23T10:00:00Z,REG-ISLAND,WXS-ISLAND-01,29.87,30.58,8.91,74.97,0,21.42,13.82,1011.73,external
2026-07-23T11:00:00Z,REG-ISLAND,WXS-ISLAND-01,30.6,31.48,10.123,73.61,0,20.95,12.91,1011.85,external
2026-07-23T12:00:00Z,REG-ISLAND,WXS-ISLAND-01,31.48,32.38,10.748,72,0,24.31,13.31,1011.99,external
2026-07-23T13:00:00Z,REG-ISLAND,WXS-ISLAND-01,32.13,32.96,10.748,70.79,0,23.8,14.26,1012.14,external
2026-07-23T14:00:00Z,REG-ISLAND,WXS-ISLAND-01,32.5,33.26,10.123,70.1,0,21.91,13.62,1012.28,external
2026-07-23T15:00:00Z,REG-ISLAND,WXS-ISLAND-01,32.64,33.2,8.91,69.84,0,24.48,14.26,1012.4,external
2026-07-23T16:00:00Z,REG-ISLAND,WXS-ISLAND-01,32.51,32.95,7.18,70.08,0,18.28,10.93,1012.5,external
2026-07-23T17:00:00Z,REG-ISLAND,WXS-ISLAND-01,32.09,32.39,5.032,70.86,0,22.14,14.18,1012.58,external
2026-07-23T18:00:00Z,REG-ISLAND,WXS-ISLAND-01,31.6,31.93,2.591,71.77,0,26.03,14,1012.61,external
2026-07-23T19:00:00Z,REG-ISLAND,WXS-ISLAND-01,30.67,31.06,0,73.5,0,24.03,13.51,1012.62,external
2026-07-23T20:00:00Z,REG-ISLAND,WXS-ISLAND-01,29.87,30.29,0,74.98,0,25.59,13.71,1012.58,external
2026-07-23T21:00:00Z,REG-ISLAND,WXS-ISLAND-01,28.98,29.43,0,76.62,0,26.04,13.95,1012.51,external
2026-07-23T22:00:00Z,REG-ISLAND,WXS-ISLAND-01,27.85,28.45,0,78.7,0,25.18,11.27,1012.41,external
2026-07-23T23:00:00Z,REG-ISLAND,WXS-ISLAND-01,27,27.59,0,80.29,0,26.81,12.75,1012.29,external
2026-07-23T00:00:00Z,REG-NORTH,WXS-NORTH-01,18.46,18.89,0,73.23,0,44.71,12.5,1019.1,external
2026-07-23T01:00:00Z,REG-NORTH,WXS-NORTH-01,17.86,18.34,0,74.34,0,41.02,12.13,1019.02,external
2026-07-23T02:00:00Z,REG-NORTH,WXS-NORTH-01,17.48,17.93,0,75.04,0,42.96,13.28,1018.98,external
2026-07-23T03:00:00Z,REG-NORTH,WXS-NORTH-01,17.29,17.71,0,75.39,0,41.81,13.93,1018.97,external
2026-07-23T04:00:00Z,REG-NORTH,WXS-NORTH-01,17.48,17.98,0,75.05,0,42.43,11.79,1019,external
2026-07-23T05:00:00Z,REG-NORTH,WXS-NORTH-01,17.8,18.29,0,74.45,0,42.93,11.04,1019.07,external
2026-07-23T06:00:00Z,REG-NORTH,WXS-NORTH-01,18.44,18.87,0,73.28,0,41.32,12.56,1019.16,external
2026-07-23T07:00:00Z,REG-NORTH,WXS-NORTH-01,19.14,19.49,1.368,71.98,0,41.31,13.69,1019.28,external
2026-07-23T08:00:00Z,REG-NORTH,WXS-NORTH-01,19.95,20.3,2.657,70.48,0,37.72,12.79,1019.42,external
2026-07-23T09:00:00Z,REG-NORTH,WXS-NORTH-01,21.13,21.46,3.792,68.29,0,36.55,11.96,1019.56,external
2026-07-23T10:00:00Z,REG-NORTH,WXS-NORTH-01,22.05,22.22,4.706,66.6,0,35.44,14.53,1019.7,external
2026-07-23T11:00:00Z,REG-NORTH,WXS-NORTH-01,22.88,23.13,5.346,65.05,0,35.8,13.75,1019.83,external
2026-07-23T12:00:00Z,REG-NORTH,WXS-NORTH-01,23.51,23.86,5.676,63.9,0,36.81,11.89,1019.94,external
2026-07-23T13:00:00Z,REG-NORTH,WXS-NORTH-01,24.16,24.42,5.676,62.7,0,37.13,13.46,1020.02,external
2026-07-23T14:00:00Z,REG-NORTH,WXS-NORTH-01,24.57,24.7,5.346,61.94,0,36.14,14.49,1020.06,external
2026-07-23T15:00:00Z,REG-NORTH,WXS-NORTH-01,24.49,24.62,4.706,62.08,0,34.9,13.05,1020.07,external
2026-07-23T16:00:00Z,REG-NORTH,WXS-NORTH-01,24.38,24.52,3.792,62.28,0,37.01,12.82,1020.04,external
2026-07-23T17:00:00Z,REG-NORTH,WXS-NORTH-01,24.2,24.39,2.657,62.62,0,41.79,9.99,1019.97,external
2026-07-23T18:00:00Z,REG-NORTH,WXS-NORTH-01,23.59,23.74,1.368,63.73,0,39.8,13.6,1019.88,external
2026-07-23T19:00:00Z,REG-NORTH,WXS-NORTH-01,22.73,22.92,0,65.34,0,38.4,13.45,1019.76,external
2026-07-23T20:00:00Z,REG-NORTH,WXS-NORTH-01,21.88,22.13,0,66.9,0,40.83,13.18,1019.62,external
2026-07-23T21:00:00Z,REG-NORTH,WXS-NORTH-01,20.93,21.19,0,68.66,0,36.23,13.86,1019.48,external
2026-07-23T22:00:00Z,REG-NORTH,WXS-NORTH-01,19.95,20.33,0,70.48,0,43.69,11.68,1019.34,external
2026-07-23T23:00:00Z,REG-NORTH,WXS-NORTH-01,19.17,19.6,0,71.91,0,37.7,11.76,1019.21,external
2026-07-23T00:00:00Z,REG-CENTRAL,WXS-CENTRAL-01,20.95,21,0,68.03,0,37.64,18.07,1018.37,external
2026-07-23T01:00:00Z,REG-CENTRAL,WXS-CENTRAL-01,20.44,20.46,0,68.97,0,41.07,19.37,1018.43,external
2026-07-23T02:00:00Z,REG-CENTRAL,WXS-CENTRAL-01,19.95,20.02,0,69.87,0,39.22,18.88,1018.52,external
2026-07-23T03:00:00Z,REG-CENTRAL,WXS-CENTRAL-01,19.8,19.91,0,70.16,0,40.82,17.89,1018.64,external
2026-07-23T04:00:00Z,REG-CENTRAL,WXS-CENTRAL-01,19.96,20.07,0,69.85,0,40.12,17.96,1018.77,external
2026-07-23T05:00:00Z,REG-CENTRAL,WXS-CENTRAL-01,20.36,20.35,0,69.13,0,39.04,20.07,1018.91,external
2026-07-23T06:00:00Z,REG-CENTRAL,WXS-CENTRAL-01,21.03,21.08,0,67.88,0,41.22,18.16,1019.06,external
2026-07-23T07:00:00Z,REG-CENTRAL,WXS-CENTRAL-01,21.75,21.69,1.619,66.56,0,38.26,19.72,1019.19,external
2026-07-23T08:00:00Z,REG-CENTRAL,WXS-CENTRAL-01,22.73,22.7,3.144,64.74,0,37.01,18.16,1019.3,external
2026-07-23T09:00:00Z,REG-CENTRAL,WXS-CENTRAL-01,23.61,23.55,4.486,63.11,0,35.42,17.97,1019.38,external
2026-07-23T10:00:00Z,REG-CENTRAL,WXS-CENTRAL-01,24.77,24.59,5.568,60.96,0,34.16,19.64,1019.43,external
2026-07-23T11:00:00Z,REG-CENTRAL,WXS-CENTRAL-01,25.68,25.59,6.326,59.28,0,28.77,19.35,1019.45,external
2026-07-23T12:00:00Z,REG-CENTRAL,WXS-CENTRAL-01,26.3,26.25,6.716,58.13,0,33.31,19.39,1019.43,external
2026-07-23T13:00:00Z,REG-CENTRAL,WXS-CENTRAL-01,26.85,26.75,6.716,57.12,0,26.55,19.64,1019.37,external
2026-07-23T14:00:00Z,REG-CENTRAL,WXS-CENTRAL-01,27.5,27.44,6.326,55.91,0,30.21,16.98,1019.28,external
2026-07-23T15:00:00Z,REG-CENTRAL,WXS-CENTRAL-01,27.49,27.2,5.568,55.94,0,36.23,19.19,1019.16,external
2026-07-23T16:00:00Z,REG-CENTRAL,WXS-CENTRAL-01,27.44,27.2,4.486,56.03,0,32.29,17.79,1019.03,external
2026-07-23T17:00:00Z,REG-CENTRAL,WXS-CENTRAL-01,27.03,26.81,3.144,56.78,0,41.17,17.89,1018.89,external
2026-07-23T18:00:00Z,REG-CENTRAL,WXS-CENTRAL-01,26.39,26.11,1.619,57.96,0,36.21,20.02,1018.74,external
2026-07-23T19:00:00Z,REG-CENTRAL,WXS-CENTRAL-01,25.67,25.43,0,59.3,0,40.08,19.64,1018.61,external
2026-07-23T20:00:00Z,REG-CENTRAL,WXS-CENTRAL-01,24.58,24.38,0,61.32,0,39.66,19.91,1018.5,external
2026-07-23T21:00:00Z,REG-CENTRAL,WXS-CENTRAL-01,23.69,23.58,0,62.97,0,37.26,18.71,1018.42,external
2026-07-23T22:00:00Z,REG-CENTRAL,WXS-CENTRAL-01,22.66,22.63,0,64.86,0,36.23,18.13,1018.37,external
2026-07-23T23:00:00Z,REG-CENTRAL,WXS-CENTRAL-01,21.68,21.63,0,66.68,0,36.27,19.68,1018.35,external
2026-07-24T00:00:00Z,REG-COASTAL,WXS-COASTAL-01,26.42,26.78,0,71.8,0,20.45,13.34,1013.13,external
2026-07-24T01:00:00Z,REG-COASTAL,WXS-COASTAL-01,25.88,26.21,0,72.8,0,28.14,14.45,1013.27,external
2026-07-24T02:00:00Z,REG-COASTAL,WXS-COASTAL-01,25.31,25.66,0,73.84,0,25.34,14.73,1013.41,external
2026-07-24T03:00:00Z,REG-COASTAL,WXS-COASTAL-01,25.12,25.49,0,74.21,0,24.94,14.29,1013.52,external
2026-07-24T04:00:00Z,REG-COASTAL,WXS-COASTAL-01,25.28,25.59,0,73.91,0,22.92,15.48,1013.61,external
2026-07-24T05:00:00Z,REG-COASTAL,WXS-COASTAL-01,25.83,26.2,0,72.88,0,24.1,13.69,1013.66,external
2026-07-24T06:00:00Z,REG-COASTAL,WXS-COASTAL-01,26.49,26.82,0,71.67,0,26.73,13.72,1013.68,external
2026-07-24T07:00:00Z,REG-COASTAL,WXS-COASTAL-01,27.22,27.46,2.53,70.32,0,21.54,15.02,1013.66,external
2026-07-24T08:00:00Z,REG-COASTAL,WXS-COASTAL-01,28.29,28.44,4.912,68.33,0,24.86,16.12,1013.61,external
2026-07-24T09:00:00Z,REG-COASTAL,WXS-COASTAL-01,29.36,29.66,7.009,66.35,0,20.92,14.39,1013.52,external
2026-07-24T10:00:00Z,REG-COASTAL,WXS-COASTAL-01,30.32,30.82,8.699,64.57,0,17.26,14.6,1013.41,external
2026-07-24T11:00:00Z,REG-COASTAL,WXS-COASTAL-01,31.49,32,9.883,62.42,0,18.91,16.77,1013.27,external
2026-07-24T12:00:00Z,REG-COASTAL,WXS-COASTAL-01,32.32,32.98,10.493,60.88,0,17.53,14.84,1013.13,external
2026-07-24T13:00:00Z,REG-COASTAL,WXS-COASTAL-01,32.91,33.53,10.493,59.79,0,18.26,15.09,1012.99,external
2026-07-24T14:00:00Z,REG-COASTAL,WXS-COASTAL-01,33.55,33.98,9.883,58.6,0,16.83,16.57,1012.86,external
2026-07-24T15:00:00Z,REG-COASTAL,WXS-COASTAL-01,33.42,33.7,8.699,58.85,0,19.08,16.2,1012.74,external
2026-07-24T16:00:00Z,REG-COASTAL,WXS-COASTAL-01,33.23,33.42,7.009,59.19,0,25.57,12.98,1012.65,external
2026-07-24T17:00:00Z,REG-COASTAL,WXS-COASTAL-01,32.89,32.89,4.912,59.83,0,23.42,14.51,1012.6,external
2026-07-24T18:00:00Z,REG-COASTAL,WXS-COASTAL-01,32.32,32.35,2.53,60.87,0,21.12,14.7,1012.58,external
2026-07-24T19:00:00Z,REG-COASTAL,WXS-COASTAL-01,31.45,31.61,0,62.49,0,22.57,12.51,1012.6,external
2026-07-24T20:00:00Z,REG-COASTAL,WXS-COASTAL-01,30.29,30.36,0,64.64,0,22.59,15.83,1012.65,external
2026-07-24T21:00:00Z,REG-COASTAL,WXS-COASTAL-01,29.08,29.22,0,66.87,0,22.67,15.41,1012.74,external
2026-07-24T22:00:00Z,REG-COASTAL,WXS-COASTAL-01,28.32,28.54,0,68.27,0,19.55,14.51,1012.86,external
2026-07-24T23:00:00Z,REG-COASTAL,WXS-COASTAL-01,27.15,27.39,0,70.45,0,22.7,15.24,1012.99,external
2026-07-24T00:00:00Z,REG-SOUTH,WXS-SOUTH-01,27.26,27.34,0,66.77,0,21.59,16.71,1010,external
2026-07-24T01:00:00Z,REG-SOUTH,WXS-SOUTH-01,26.75,26.96,0,67.71,0,32.31,14.33,1010.06,external
2026-07-24T02:00:00Z,REG-SOUTH,WXS-SOUTH-01,26.36,26.49,0,68.43,0,26,16.61,1010.09,external
2026-07-24T03:00:00Z,REG-SOUTH,WXS-SOUTH-01,26.18,26.37,0,68.76,0,26.54,15.45,1010.08,external
2026-07-24T04:00:00Z,REG-SOUTH,WXS-SOUTH-01,26.18,26.24,0,68.75,0,28.2,18.31,1010.03,external
2026-07-24T05:00:00Z,REG-SOUTH,WXS-SOUTH-01,26.66,26.79,0,67.88,0,31.22,16.26,1009.95,external
2026-07-24T06:00:00Z,REG-SOUTH,WXS-SOUTH-01,27.26,27.39,0,66.77,0,27.78,15.7,1009.84,external
2026-07-24T07:00:00Z,REG-SOUTH,WXS-SOUTH-01,28.12,28.19,2.522,65.17,0,25.28,16.26,1009.71,external
2026-07-24T08:00:00Z,REG-SOUTH,WXS-SOUTH-01,29.15,29.1,4.897,63.28,0,24.39,17.59,1009.57,external
2026-07-24T09:00:00Z,REG-SOUTH,WXS-SOUTH-01,30.08,30.06,6.987,61.55,0,21.37,17.36,1009.42,external
2026-07-24T10:00:00Z,REG-SOUTH,WXS-SOUTH-01,31.27,31.41,8.672,59.34,0,21.35,17.78,1009.29,external
2026-07-24T11:00:00Z,REG-SOUTH,WXS-SOUTH-01,32.17,32.38,9.852,57.67,0,18.71,18.9,1009.17,external
2026-07-24T12:00:00Z,REG-SOUTH,WXS-SOUTH-01,32.89,33.26,10.46,56.34,0,22.78,16.49,1009.08,external
2026-07-24T13:00:00Z,REG-SOUTH,WXS-SOUTH-01,33.71,33.94,10.46,54.83,0,20.6,18.78,1009.02,external
2026-07-24T14:00:00Z,REG-SOUTH,WXS-SOUTH-01,33.95,34.25,9.852,54.39,0,19.48,15,1008.99,external
2026-07-24T15:00:00Z,REG-SOUTH,WXS-SOUTH-01,34.17,34.28,8.672,53.97,0,18.32,15.46,1009,external
2026-07-24T16:00:00Z,REG-SOUTH,WXS-SOUTH-01,34.17,33.96,6.987,53.98,0,23.29,17.43,1009.05,external
2026-07-24T17:00:00Z,REG-SOUTH,WXS-SOUTH-01,33.69,33.55,4.897,54.87,0,28.57,15.09,1009.13,external
2026-07-24T18:00:00Z,REG-SOUTH,WXS-SOUTH-01,33.07,32.89,2.522,56.01,0,25.77,16.68,1009.24,external
2026-07-24T19:00:00Z,REG-SOUTH,WXS-SOUTH-01,32.25,32.12,0,57.54,0,25.82,16.2,1009.37,external
2026-07-24T20:00:00Z,REG-SOUTH,WXS-SOUTH-01,31.05,30.95,0,59.76,0,29.29,16.81,1009.51,external
2026-07-24T21:00:00Z,REG-SOUTH,WXS-SOUTH-01,30.25,30.23,0,61.23,0,26.69,15.97,1009.66,external
2026-07-24T22:00:00Z,REG-SOUTH,WXS-SOUTH-01,29.21,29.22,0,63.16,0,25.83,16.34,1009.79,external
2026-07-24T23:00:00Z,REG-SOUTH,WXS-SOUTH-01,27.99,28.02,0,65.42,0,27.58,16.99,1009.91,external
2026-07-24T00:00:00Z,REG-DELTA,WXS-DELTA-01,28.73,29.18,0,78.63,0,47.05,14.99,1010.13,external
2026-07-24T01:00:00Z,REG-DELTA,WXS-DELTA-01,28.2,28.71,0,79.6,0,46.6,14.28,1010.05,external
2026-07-24T02:00:00Z,REG-DELTA,WXS-DELTA-01,27.77,28.27,0,80.4,0,45.66,14.97,1009.95,external
2026-07-24T03:00:00Z,REG-DELTA,WXS-DELTA-01,27.7,28.24,0,80.53,0,43.83,14.2,1009.82,external
2026-07-24T04:00:00Z,REG-DELTA,WXS-DELTA-01,27.94,28.36,0,80.09,0,48.09,16.49,1009.68,external
2026-07-24T05:00:00Z,REG-DELTA,WXS-DELTA-01,28.21,28.71,0,79.59,0,44.8,14.39,1009.54,external
2026-07-24T06:00:00Z,REG-DELTA,WXS-DELTA-01,28.72,29.21,0,78.64,0,48.52,14.31,1009.4,external
2026-07-24T07:00:00Z,REG-DELTA,WXS-DELTA-01,29.64,30.07,2.489,76.94,0,43.98,14.76,1009.28,external
2026-07-24T08:00:00Z,REG-DELTA,WXS-DELTA-01,30.33,30.68,4.834,75.66,0,47.05,15.8,1009.18,external
2026-07-24T09:00:00Z,REG-DELTA,WXS-DELTA-01,31.38,31.73,6.897,73.73,0,41.41,14.64,1009.11,external
2026-07-24T10:00:00Z,REG-DELTA,WXS-DELTA-01,32.19,32.57,8.56,72.22,0,40.72,13.31,1009.08,external
2026-07-24T11:00:00Z,REG-DELTA,WXS-DELTA-01,33.01,33.32,9.725,70.71,0,43.66,15.67,1009.09,external
2026-07-24T12:00:00Z,REG-DELTA,WXS-DELTA-01,33.77,34.11,10.325,69.3,0,43.64,15.63,1009.13,external
2026-07-24T13:00:00Z,REG-DELTA,WXS-DELTA-01,34.34,34.7,10.325,68.24,0,39.41,14.7,1009.21,external
2026-07-24T14:00:00Z,REG-DELTA,WXS-DELTA-01,34.47,34.77,9.725,68,0,36.37,14.42,1009.31,external
2026-07-24T15:00:00Z,REG-DELTA,WXS-DELTA-01,34.66,34.82,8.56,67.65,0,40.8,15.57,1009.44,external
2026-07-24T16:00:00Z,REG-DELTA,WXS-DELTA-01,34.63,34.83,6.897,67.71,0,41.9,14.68,1009.58,external
2026-07-24T17:00:00Z,REG-DELTA,WXS-DELTA-01,34.08,34.31,4.834,68.72,0,42.94,14.58,1009.72,external
2026-07-24T18:00:00Z,REG-DELTA,WXS-DELTA-01,33.53,33.73,2.489,69.74,0,46.69,15.75,1009.86,external
2026-07-24T19:00:00Z,REG-DELTA,WXS-DELTA-01,32.97,33.25,0,70.77,0,45.71,14.67,1009.98,external
2026-07-24T20:00:00Z,REG-DELTA,WXS-DELTA-01,32.26,32.52,0,72.09,0,48.13,15.85,1010.08,external
2026-07-24T21:00:00Z,REG-DELTA,WXS-DELTA-01,31.21,31.52,0,74.03,0,50.57,15.75,1010.15,external
2026-07-24T22:00:00Z,REG-DELTA,WXS-DELTA-01,30.22,30.58,0,75.87,0,44.9,15.51,1010.18,external
2026-07-24T23:00:00Z,REG-DELTA,WXS-DELTA-01,29.54,29.98,0,77.14,0,45.65,14.49,1010.17,external
2026-07-24T00:00:00Z,REG-ISLAND,WXS-ISLAND-01,26.68,26.79,0,81.09,0,78.95,24.23,1009.52,external
2026-07-24T01:00:00Z,REG-ISLAND,WXS-ISLAND-01,26.3,26.51,0,81.8,0,78.81,22.17,1009.37,external
2026-07-24T02:00:00Z,REG-ISLAND,WXS-ISLAND-01,26.12,26.26,0,82.13,0,78.72,24,1009.23,external
2026-07-24T03:00:00Z,REG-ISLAND,WXS-ISLAND-01,25.9,26.09,0,82.55,0,78.81,23.09,1009.11,external
2026-07-24T04:00:00Z,REG-ISLAND,WXS-ISLAND-01,26.2,26.41,0,81.98,0,77.02,22.48,1009.01,external
2026-07-24T05:00:00Z,REG-ISLAND,WXS-ISLAND-01,26.36,26.58,0,81.7,0,77.61,21.93,1008.93,external
2026-07-24T06:00:00Z,REG-ISLAND,WXS-ISLAND-01,26.69,26.83,0,81.08,0,77.2,23.35,1008.9,external
2026-07-24T07:00:00Z,REG-ISLAND,WXS-ISLAND-01,27.42,27.58,2.265,79.74,0,74.7,22.12,1008.89,external
2026-07-24T08:00:00Z,REG-ISLAND,WXS-ISLAND-01,27.93,28.1,4.398,78.79,0,72.21,21.31,1008.93,external
2026-07-24T09:00:00Z,REG-ISLAND,WXS-ISLAND-01,28.64,28.77,6.276,77.47,0,74.1,21.73,1009,external
2026-07-24T10:00:00Z,REG-ISLAND,WXS-ISLAND-01,29.21,29.18,7.789,76.42,0,74.48,24.48,1009.1,external
2026-07-24T11:00:00Z,REG-ISLAND,WXS-ISLAND-01,30,30.02,8.849,74.97,0,73.64,22.64,1009.22,external
2026-07-24T12:00:00Z,REG-ISLAND,WXS-ISLAND-01,30.53,30.53,9.395,73.98,0,72.39,22.53,1009.36,external
2026-07-24T13:00:00Z,REG-ISLAND,WXS-ISLAND-01,30.81,30.74,9.395,73.45,0,71.37,23.92,1009.51,external
2026-07-24T14:00:00Z,REG-ISLAND,WXS-ISLAND-01,31.14,31.12,8.849,72.85,0,70.81,22.33,1009.65,external
2026-07-24T15:00:00Z,REG-ISLAND,WXS-ISLAND-01,31.21,31.17,7.789,72.73,0,74.49,22.7,1009.77,external
2026-07-24T16:00:00Z,REG-ISLAND,WXS-ISLAND-01,31.07,31.13,6.276,72.98,0,71.72,20.53,1009.87,external
2026-07-24T17:00:00Z,REG-ISLAND,WXS-ISLAND-01,30.86,30.8,4.398,77.38,1.966,83.06,25.57,1009.95,external
2026-07-24T18:00:00Z,REG-ISLAND,WXS-ISLAND-01,30.41,30.37,2.265,78.21,1.691,92.46,25.74,1009.98,external
2026-07-24T19:00:00Z,REG-ISLAND,WXS-ISLAND-01,30.03,29.98,0,78.9,1.759,93.75,26.43,1009.99,external
2026-07-24T20:00:00Z,REG-ISLAND,WXS-ISLAND-01,29.34,29.35,0,80.19,2.094,90.06,25.77,1009.95,external
2026-07-24T21:00:00Z,REG-ISLAND,WXS-ISLAND-01,28.63,28.71,0,77.5,0,77.46,22.72,1009.88,external
2026-07-24T22:00:00Z,REG-ISLAND,WXS-ISLAND-01,27.88,28.02,0,78.88,0,77.01,22.14,1009.78,external
2026-07-24T23:00:00Z,REG-ISLAND,WXS-ISLAND-01,27.3,27.47,0,79.96,0,76.88,22.03,1009.66,external
2026-07-24T00:00:00Z,REG-NORTH,WXS-NORTH-01,18.31,18.69,0,73.65,0,42.79,13.9,1017.79,external
2026-07-24T01:00:00Z,REG-NORTH,WXS-NORTH-01,17.68,18.12,0,74.81,0,43.4,13.24,1017.71,external
2026-07-24T02:00:00Z,REG-NORTH,WXS-NORTH-01,17.26,17.64,0,75.59,0,44.37,14.99,1017.67,external
2026-07-24T03:00:00Z,REG-NORTH,WXS-NORTH-01,17.25,17.76,0,75.61,0,43.74,12.16,1017.66,external
2026-07-24T04:00:00Z,REG-NORTH,WXS-NORTH-01,17.36,17.76,0,75.4,0,39.32,14.45,1017.69,external
2026-07-24T05:00:00Z,REG-NORTH,WXS-NORTH-01,17.78,18.21,0,74.64,0,43.32,13.17,1017.76,external
2026-07-24T06:00:00Z,REG-NORTH,WXS-NORTH-01,18.44,18.82,0,73.42,0,43.42,13.65,1017.85,external
2026-07-24T07:00:00Z,REG-NORTH,WXS-NORTH-01,18.95,19.24,1.372,72.48,0,36.72,15.2,1017.97,external
2026-07-24T08:00:00Z,REG-NORTH,WXS-NORTH-01,19.96,20.27,2.665,70.6,0,36.42,13.87,1018.11,external
2026-07-24T09:00:00Z,REG-NORTH,WXS-NORTH-01,20.98,21.28,3.802,68.72,0,33.76,12.99,1018.25,external
2026-07-24T10:00:00Z,REG-NORTH,WXS-NORTH-01,21.82,21.93,4.719,67.16,0,38.08,16.22,1018.39,external
2026-07-24T11:00:00Z,REG-NORTH,WXS-NORTH-01,22.66,22.89,5.361,65.6,0,36.05,14.21,1018.52,external
2026-07-24T12:00:00Z,REG-NORTH,WXS-NORTH-01,23.39,23.63,5.692,64.26,0,34.87,14.49,1018.63,external
2026-07-24T13:00:00Z,REG-NORTH,WXS-NORTH-01,24.02,24.22,5.692,63.09,0,37.66,14.81,1018.71,external
2026-07-24T14:00:00Z,REG-NORTH,WXS-NORTH-01,24.27,24.45,5.361,62.62,0,31.79,13.71,1018.75,external
2026-07-24T15:00:00Z,REG-NORTH,WXS-NORTH-01,24.39,24.5,4.719,62.41,0,38.43,13.56,1018.76,external
2026-07-24T16:00:00Z,REG-NORTH,WXS-NORTH-01,24.46,24.56,3.802,62.27,0,36.82,13.84,1018.73,external
2026-07-24T17:00:00Z,REG-NORTH,WXS-NORTH-01,23.86,23.95,2.665,63.38,0,40.41,14.64,1018.66,external
2026-07-24T18:00:00Z,REG-NORTH,WXS-NORTH-01,23.22,23.37,1.372,64.57,0,40.22,13.93,1018.57,external
2026-07-24T19:00:00Z,REG-NORTH,WXS-NORTH-01,22.7,22.84,0,65.54,0,40.83,14.71,1018.45,external
2026-07-24T20:00:00Z,REG-NORTH,WXS-NORTH-01,21.58,21.83,0,67.6,0,38.59,13.53,1018.31,external
2026-07-24T21:00:00Z,REG-NORTH,WXS-NORTH-01,20.87,21.13,0,68.92,0,42.35,13.8,1018.17,external
2026-07-24T22:00:00Z,REG-NORTH,WXS-NORTH-01,19.8,20.07,0,70.9,0,42.43,14.69,1018.03,external
2026-07-24T23:00:00Z,REG-NORTH,WXS-NORTH-01,18.92,19.18,0,72.52,0,41.08,15.9,1017.9,external
2026-07-24T00:00:00Z,REG-CENTRAL,WXS-CENTRAL-01,21.32,21.28,0,72.54,0,73.58,22.47,1011.9,external
2026-07-24T01:00:00Z,REG-CENTRAL,WXS-CENTRAL-01,20.93,20.98,0,73.25,0,78.3,21.06,1011.96,external
2026-07-24T02:00:00Z,REG-CENTRAL,WXS-CENTRAL-01,20.56,20.6,0,73.94,0,75.27,21.68,1012.05,external
2026-07-24T03:00:00Z,REG-CENTRAL,WXS-CENTRAL-01,20.47,20.4,0,74.11,0,73.13,24.21,1012.17,external
2026-07-24T04:00:00Z,REG-CENTRAL,WXS-CENTRAL-01,20.74,20.74,0,73.61,0,75.87,22.28,1012.3,external
2026-07-24T05:00:00Z,REG-CENTRAL,WXS-CENTRAL-01,20.82,20.77,0,73.47,0,75.42,23.33,1012.44,external
2026-07-24T06:00:00Z,REG-CENTRAL,WXS-CENTRAL-01,21.44,21.43,0,72.31,0,76.95,21.82,1012.59,external
2026-07-24T07:00:00Z,REG-CENTRAL,WXS-CENTRAL-01,21.64,21.67,1.353,71.94,0,76.11,20.63,1012.72,external
2026-07-24T08:00:00Z,REG-CENTRAL,WXS-CENTRAL-01,22.41,22.32,2.628,70.51,0,72.35,22.69,1012.83,external
2026-07-24T09:00:00Z,REG-CENTRAL,WXS-CENTRAL-01,23.08,22.95,3.75,69.28,0,71.5,22.77,1012.91,external
2026-07-24T10:00:00Z,REG-CENTRAL,WXS-CENTRAL-01,23.91,23.79,4.654,67.74,0,66.53,21.69,1012.96,external
2026-07-24T11:00:00Z,REG-CENTRAL,WXS-CENTRAL-01,24.48,24.25,5.288,70.68,1.527,84.34,25.77,1012.98,external
2026-07-24T12:00:00Z,REG-CENTRAL,WXS-CENTRAL-01,24.9,24.65,5.614,69.91,1.814,75.82,25.84,1012.96,external
2026-07-24T13:00:00Z,REG-CENTRAL,WXS-CENTRAL-01,25.26,25.01,5.614,69.25,1.459,85.55,25.5,1012.9,external
2026-07-24T14:00:00Z,REG-CENTRAL,WXS-CENTRAL-01,25.72,25.51,5.288,64.38,0,64.45,22.01,1012.81,external
2026-07-24T15:00:00Z,REG-CENTRAL,WXS-CENTRAL-01,25.59,25.39,4.654,64.63,0,69.53,21.82,1012.69,external
2026-07-24T16:00:00Z,REG-CENTRAL,WXS-CENTRAL-01,25.65,25.42,3.75,64.52,0,69.85,22.27,1012.56,external
2026-07-24T17:00:00Z,REG-CENTRAL,WXS-CENTRAL-01,25.33,25.15,2.628,65.11,0,74.3,21.79,1012.42,external
2026-07-24T18:00:00Z,REG-CENTRAL,WXS-CENTRAL-01,25.04,24.85,1.353,65.65,0,72.59,22.24,1012.27,external
2026-07-24T19:00:00Z,REG-CENTRAL,WXS-CENTRAL-01,24.32,24.19,0,66.99,0,74.32,21.52,1012.14,external
2026-07-24T20:00:00Z,REG-CENTRAL,WXS-CENTRAL-01,23.86,23.7,0,67.83,0,76.44,22.71,1012.03,external
2026-07-24T21:00:00Z,REG-CENTRAL,WXS-CENTRAL-01,23.06,22.98,0,69.31,0,80.15,21.7,1011.95,external
2026-07-24T22:00:00Z,REG-CENTRAL,WXS-CENTRAL-01,22.43,22.33,0,70.48,0,73.06,22.79,1011.9,external
2026-07-24T23:00:00Z,REG-CENTRAL,WXS-CENTRAL-01,21.69,21.6,0,71.84,0,80.15,23.41,1011.88,external
2026-07-25T00:00:00Z,REG-COASTAL,WXS-COASTAL-01,26.37,26.61,0,73.81,0,25.24,17.06,1011.98,external
2026-07-25T01:00:00Z,REG-COASTAL,WXS-COASTAL-01,25.49,25.8,0,75.43,0,19.17,16.47,1012.12,external
2026-07-25T02:00:00Z,REG-COASTAL,WXS-COASTAL-01,25.27,25.59,0,75.84,0,22.69,16.63,1012.26,external
2026-07-25T03:00:00Z,REG-COASTAL,WXS-COASTAL-01,24.87,25.25,0,76.58,0,24.7,15.68,1012.37,external
2026-07-25T04:00:00Z,REG-COASTAL,WXS-COASTAL-01,25.15,25.52,0,76.07,0,22.72,15.37,1012.46,external
2026-07-25T05:00:00Z,REG-COASTAL,WXS-COASTAL-01,25.58,25.86,0,75.27,0,28.17,16.97,1012.51,external
2026-07-25T06:00:00Z,REG-COASTAL,WXS-COASTAL-01,26.22,26.5,0,74.08,0,27.24,16.38,1012.53,external
2026-07-25T07:00:00Z,REG-COASTAL,WXS-COASTAL-01,27.14,27.39,2.527,72.39,0,24.94,16.12,1012.51,external
2026-07-25T08:00:00Z,REG-COASTAL,WXS-COASTAL-01,28.24,28.41,4.908,70.36,0,24.47,16.6,1012.46,external
2026-07-25T09:00:00Z,REG-COASTAL,WXS-COASTAL-01,29.26,29.52,7.003,68.47,0,18.59,16.05,1012.37,external
2026-07-25T10:00:00Z,REG-COASTAL,WXS-COASTAL-01,30.34,30.85,8.692,66.47,0,19.78,14.73,1012.26,external
2026-07-25T11:00:00Z,REG-COASTAL,WXS-COASTAL-01,31.29,31.91,9.875,64.71,0,17.37,15.09,1012.12,external
2026-07-25T12:00:00Z,REG-COASTAL,WXS-COASTAL-01,32.11,32.72,10.484,63.2,0,16.94,16.36,1011.98,external
2026-07-25T13:00:00Z,REG-COASTAL,WXS-COASTAL-01,32.79,33.42,10.484,61.94,0,15.58,15.24,1011.84,external
2026-07-25T14:00:00Z,REG-COASTAL,WXS-COASTAL-01,33.29,33.78,9.875,61.01,0,16.79,16.04,1011.71,external
2026-07-25T15:00:00Z,REG-COASTAL,WXS-COASTAL-01,33.47,33.8,8.692,60.68,0,17.32,15.54,1011.59,external
2026-07-25T16:00:00Z,REG-COASTAL,WXS-COASTAL-01,33.3,33.29,7.003,61,0,18.23,17.86,1011.5,external
2026-07-25T17:00:00Z,REG-COASTAL,WXS-COASTAL-01,32.97,32.91,4.908,61.6,0,21.64,16.89,1011.45,external
2026-07-25T18:00:00Z,REG-COASTAL,WXS-COASTAL-01,32.27,32.18,2.527,62.9,0,25.45,18.3,1011.43,external
2026-07-25T19:00:00Z,REG-COASTAL,WXS-COASTAL-01,31.36,31.36,0,64.58,0,28.92,17.35,1011.45,external
2026-07-25T20:00:00Z,REG-COASTAL,WXS-COASTAL-01,30.27,30.36,0,66.6,0,22.43,16.41,1011.5,external
2026-07-25T21:00:00Z,REG-COASTAL,WXS-COASTAL-01,29.22,29.4,0,68.53,0,25.24,15.66,1011.59,external
2026-07-25T22:00:00Z,REG-COASTAL,WXS-COASTAL-01,28.16,28.38,0,70.49,0,25.74,15.88,1011.71,external
2026-07-25T23:00:00Z,REG-COASTAL,WXS-COASTAL-01,27.09,27.34,0,72.48,0,27.55,16.22,1011.84,external
2026-07-25T00:00:00Z,REG-SOUTH,WXS-SOUTH-01,27.28,27.61,0,68.3,0,27.59,11.5,1011.62,external
2026-07-25T01:00:00Z,REG-SOUTH,WXS-SOUTH-01,26.57,26.86,0,69.62,0,24.52,13.53,1011.68,external
2026-07-25T02:00:00Z,REG-SOUTH,WXS-SOUTH-01,26.12,26.5,0,70.45,0,27.64,11.96,1011.71,external
2026-07-25T03:00:00Z,REG-SOUTH,WXS-SOUTH-01,26,26.39,0,70.67,0,28.27,11.09,1011.7,external
2026-07-25T04:00:00Z,REG-SOUTH,WXS-SOUTH-01,26.31,26.58,0,70.09,0,21.64,14.52,1011.65,external
2026-07-25T05:00:00Z,REG-SOUTH,WXS-SOUTH-01,26.66,27.02,0,69.45,0,27.39,9.93,1011.57,external
2026-07-25T06:00:00Z,REG-SOUTH,WXS-SOUTH-01,27.21,27.53,0,68.43,0,22.16,12.46,1011.46,external
2026-07-25T07:00:00Z,REG-SOUTH,WXS-SOUTH-01,28.16,28.45,2.559,66.67,0,22.14,12.04,1011.33,external
2026-07-25T08:00:00Z,REG-SOUTH,WXS-SOUTH-01,29.09,29.33,4.968,64.95,0,24.65,12.2,1011.19,external
2026-07-25T09:00:00Z,REG-SOUTH,WXS-SOUTH-01,30.25,30.45,7.089,62.81,0,25.04,13.38,1011.04,external
2026-07-25T10:00:00Z,REG-SOUTH,WXS-SOUTH-01,31.18,31.64,8.798,61.08,0,22.11,11.87,1010.91,external
2026-07-25T11:00:00Z,REG-SOUTH,WXS-SOUTH-01,32.29,32.8,9.996,59.03,0,21.86,13.39,1010.79,external
2026-07-25T12:00:00Z,REG-SOUTH,WXS-SOUTH-01,33.28,33.85,10.613,57.21,0,17.96,12.85,1010.7,external
2026-07-25T13:00:00Z,REG-SOUTH,WXS-SOUTH-01,33.82,34.38,10.613,56.2,0,21.36,12.52,1010.64,external
2026-07-25T14:00:00Z,REG-SOUTH,WXS-SOUTH-01,34.19,34.67,9.996,55.52,0,20.82,12.2,1010.61,external
2026-07-25T15:00:00Z,REG-SOUTH,WXS-SOUTH-01,34.46,34.77,8.798,55.02,0,20.35,11.51,1010.62,external
2026-07-25T16:00:00Z,REG-SOUTH,WXS-SOUTH-01,34.23,34.31,7.089,55.45,0,22.23,11.19,1010.67,external
2026-07-25T17:00:00Z,REG-SOUTH,WXS-SOUTH-01,33.93,33.95,4.968,56,0,18.92,12.03,1010.75,external
2026-07-25T18:00:00Z,REG-SOUTH,WXS-SOUTH-01,33.16,33.22,2.559,57.42,0,19.68,11.36,1010.86,external
2026-07-25T19:00:00Z,REG-SOUTH,WXS-SOUTH-01,32.36,32.45,0,58.91,0,30.52,12.03,1010.99,external
2026-07-25T20:00:00Z,REG-SOUTH,WXS-SOUTH-01,31.17,31.33,0,61.1,0,25.88,10.96,1011.13,external
2026-07-25T21:00:00Z,REG-SOUTH,WXS-SOUTH-01,30.24,30.44,0,62.82,0,25.41,11.16,1011.28,external
2026-07-25T22:00:00Z,REG-SOUTH,WXS-SOUTH-01,28.95,29.16,0,65.2,0,29.74,13.12,1011.41,external
2026-07-25T23:00:00Z,REG-SOUTH,WXS-SOUTH-01,28.13,28.4,0,66.72,0,28.33,12.59,1011.53,external
2026-07-25T00:00:00Z,REG-DELTA,WXS-DELTA-01,29.2,29.45,0,85.52,0,77.76,23.29,1006.46,external
2026-07-25T01:00:00Z,REG-DELTA,WXS-DELTA-01,28.78,29.02,0,86.29,0,82.48,24.03,1006.38,external
2026-07-25T02:00:00Z,REG-DELTA,WXS-DELTA-01,28.45,28.71,0,86.91,0,75.78,23.9,1006.28,external
2026-07-25T03:00:00Z,REG-DELTA,WXS-DELTA-01,28.6,28.93,0,86.63,0,78.04,22.14,1006.15,external
2026-07-25T04:00:00Z,REG-DELTA,WXS-DELTA-01,28.53,28.83,0,86.75,0,80.82,23.01,1006.01,external
2026-07-25T05:00:00Z,REG-DELTA,WXS-DELTA-01,28.68,28.97,0,86.48,0,80.24,23.02,1005.87,external
2026-07-25T06:00:00Z,REG-DELTA,WXS-DELTA-01,29.03,29.28,0,85.84,0,74.91,23.57,1005.73,external
2026-07-25T07:00:00Z,REG-DELTA,WXS-DELTA-01,29.7,29.87,2.257,84.59,0,77.3,24.57,1005.61,external
2026-07-25T08:00:00Z,REG-DELTA,WXS-DELTA-01,30.18,30.29,4.384,87.71,3.445,89.6,27.77,1005.51,external
2026-07-25T09:00:00Z,REG-DELTA,WXS-DELTA-01,30.71,30.9,6.255,86.72,3.254,87.71,25.38,1005.44,external
2026-07-25T10:00:00Z,REG-DELTA,WXS-DELTA-01,31.38,31.44,7.763,85.49,2.846,92.45,27.54,1005.41,external
2026-07-25T11:00:00Z,REG-DELTA,WXS-DELTA-01,31.93,32,8.82,84.47,3.857,85.46,26.84,1005.42,external
2026-07-25T12:00:00Z,REG-DELTA,WXS-DELTA-01,32.24,32.29,9.364,83.9,3.887,88.43,26.86,1005.46,external
2026-07-25T13:00:00Z,REG-DELTA,WXS-DELTA-01,32.82,32.88,9.364,78.81,0,75.8,24,1005.54,external
2026-07-25T14:00:00Z,REG-DELTA,WXS-DELTA-01,33.03,33.15,8.82,78.43,0,74,22.34,1005.64,external
2026-07-25T15:00:00Z,REG-DELTA,WXS-DELTA-01,32.98,33.05,7.763,78.52,0,74.54,23.61,1005.77,external
2026-07-25T16:00:00Z,REG-DELTA,WXS-DELTA-01,32.99,33.13,6.255,78.5,0,72.75,22.08,1005.91,external
2026-07-25T17:00:00Z,REG-DELTA,WXS-DELTA-01,32.67,32.79,4.384,79.09,0,75.44,22.77,1006.05,external
2026-07-25T18:00:00Z,REG-DELTA,WXS-DELTA-01,32.38,32.45,2.257,79.64,0,77.01,24.01,1006.19,external
2026-07-25T19:00:00Z,REG-DELTA,WXS-DELTA-01,31.75,31.93,0,80.8,0,81.72,22.26,1006.31,external
2026-07-25T20:00:00Z,REG-DELTA,WXS-DELTA-01,31.37,31.48,0,81.5,0,77.86,24.35,1006.41,external
2026-07-25T21:00:00Z,REG-DELTA,WXS-DELTA-01,30.92,31.08,0,82.33,0,81.26,23.72,1006.48,external
2026-07-25T22:00:00Z,REG-DELTA,WXS-DELTA-01,30.26,30.49,0,83.55,0,76.33,22.84,1006.51,external
2026-07-25T23:00:00Z,REG-DELTA,WXS-DELTA-01,29.67,29.87,0,84.65,0,78.89,23.84,1006.5,external
2026-07-25T00:00:00Z,REG-ISLAND,WXS-ISLAND-01,26.74,26.83,0,82.82,0,59.35,25.38,1008.47,external
2026-07-25T01:00:00Z,REG-ISLAND,WXS-ISLAND-01,26.34,26.52,0,83.55,0,64.8,23.69,1008.32,external
2026-07-25T02:00:00Z,REG-ISLAND,WXS-ISLAND-01,25.93,26.09,0,84.31,0,64.87,24.59,1008.18,external
2026-07-25T03:00:00Z,REG-ISLAND,WXS-ISLAND-01,25.85,25.99,0,84.46,0,64.37,25.1,1008.06,external
2026-07-25T04:00:00Z,REG-ISLAND,WXS-ISLAND-01,25.94,26.19,0,84.29,0,61.35,22.65,1007.96,external
2026-07-25T05:00:00Z,REG-ISLAND,WXS-ISLAND-01,26.2,26.45,0,83.8,0,59.67,22.46,1007.88,external
2026-07-25T06:00:00Z,REG-ISLAND,WXS-ISLAND-01,26.69,26.81,0,82.9,0,63.88,24.72,1007.85,external
2026-07-25T07:00:00Z,REG-ISLAND,WXS-ISLAND-01,27.17,27.22,2.35,82.01,0,63.05,25.86,1007.84,external
2026-07-25T08:00:00Z,REG-ISLAND,WXS-ISLAND-01,27.78,27.87,4.562,80.88,0,61.29,24.51,1007.88,external
2026-07-25T09:00:00Z,REG-ISLAND,WXS-ISLAND-01,28.57,28.6,6.51,79.42,0,61.25,24.92,1007.95,external
2026-07-25T10:00:00Z,REG-ISLAND,WXS-ISLAND-01,29.37,29.4,8.08,77.95,0,58.06,24.01,1008.05,external
2026-07-25T11:00:00Z,REG-ISLAND,WXS-ISLAND-01,29.92,29.91,9.18,76.93,0,57.34,24.35,1008.17,external
2026-07-25T12:00:00Z,REG-ISLAND,WXS-ISLAND-01,30.51,30.5,9.746,75.82,0,57.32,23.92,1008.31,external
2026-07-25T13:00:00Z,REG-ISLAND,WXS-ISLAND-01,30.82,30.78,9.746,75.25,0,53.67,24.15,1008.46,external
2026-07-25T14:00:00Z,REG-ISLAND,WXS-ISLAND-01,31.11,31.14,9.18,74.72,0,54.16,22.25,1008.6,external
2026-07-25T15:00:00Z,REG-ISLAND,WXS-ISLAND-01,31.21,31.19,8.08,74.53,0,62.41,23.32,1008.72,external
2026-07-25T16:00:00Z,REG-ISLAND,WXS-ISLAND-01,31.01,30.87,6.51,78.91,3.541,77.68,28.32,1008.82,external
2026-07-25T17:00:00Z,REG-ISLAND,WXS-ISLAND-01,31.02,31,4.562,78.88,2.149,74.95,25.89,1008.9,external
2026-07-25T18:00:00Z,REG-ISLAND,WXS-ISLAND-01,30.45,30.46,2.35,75.94,0,67.52,23.43,1008.93,external
2026-07-25T19:00:00Z,REG-ISLAND,WXS-ISLAND-01,29.84,29.79,0,77.08,0,61.94,25.36,1008.94,external
2026-07-25T20:00:00Z,REG-ISLAND,WXS-ISLAND-01,29.35,29.34,0,77.99,0,66.85,25.02,1008.9,external
2026-07-25T21:00:00Z,REG-ISLAND,WXS-ISLAND-01,28.54,28.61,0,79.47,0,63.2,23.98,1008.83,external
2026-07-25T22:00:00Z,REG-ISLAND,WXS-ISLAND-01,27.77,27.88,0,80.9,0,61.09,23.89,1008.73,external
2026-07-25T23:00:00Z,REG-ISLAND,WXS-ISLAND-01,27.31,27.38,0,81.74,0,66.12,25.37,1008.61,external
2026-07-25T00:00:00Z,REG-NORTH,WXS-NORTH-01,18.68,19.12,0,76.27,0,42.34,14.07,1019.01,external
2026-07-25T01:00:00Z,REG-NORTH,WXS-NORTH-01,18.03,18.55,0,77.46,0,39.46,12.86,1018.93,external
2026-07-25T02:00:00Z,REG-NORTH,WXS-NORTH-01,17.79,18.18,0,77.9,0,44.22,16.09,1018.89,external
2026-07-25T03:00:00Z,REG-NORTH,WXS-NORTH-01,17.71,18.14,0,78.05,0,41.77,15.31,1018.88,external
2026-07-25T04:00:00Z,REG-NORTH,WXS-NORTH-01,17.7,18.25,0,78.08,0,44.31,12.64,1018.91,external
2026-07-25T05:00:00Z,REG-NORTH,WXS-NORTH-01,18.23,18.75,0,77.1,0,43.52,12.65,1018.98,external
2026-07-25T06:00:00Z,REG-NORTH,WXS-NORTH-01,18.71,19.12,0,76.2,0,38.64,14.74,1019.07,external
2026-07-25T07:00:00Z,REG-NORTH,WXS-NORTH-01,19.46,19.77,1.377,74.83,0,41.16,15.97,1019.19,external
2026-07-25T08:00:00Z,REG-NORTH,WXS-NORTH-01,20.11,20.58,2.674,73.61,0,42.77,12,1019.33,external
2026-07-25T09:00:00Z,REG-NORTH,WXS-NORTH-01,21.02,21.23,3.815,71.94,0,37.32,16.65,1019.47,external
2026-07-25T10:00:00Z,REG-NORTH,WXS-NORTH-01,21.9,22.16,4.735,70.31,0,38.98,14.78,1019.61,external
2026-07-25T11:00:00Z,REG-NORTH,WXS-NORTH-01,22.73,23.05,5.379,68.77,0,36.96,14.03,1019.74,external
2026-07-25T12:00:00Z,REG-NORTH,WXS-NORTH-01,23.48,23.81,5.711,67.38,0,37.48,14.39,1019.85,external
2026-07-25T13:00:00Z,REG-NORTH,WXS-NORTH-01,24.05,24.28,5.711,66.33,0,37.41,15.98,1019.93,external
2026-07-25T14:00:00Z,REG-NORTH,WXS-NORTH-01,24.44,24.64,5.379,65.6,0,38.77,14.94,1019.97,external
2026-07-25T15:00:00Z,REG-NORTH,WXS-NORTH-01,24.39,24.57,4.735,65.7,0,37.05,13.93,1019.98,external
2026-07-25T16:00:00Z,REG-NORTH,WXS-NORTH-01,24.43,24.58,3.815,65.63,0,39.06,14.56,1019.95,external
2026-07-25T17:00:00Z,REG-NORTH,WXS-NORTH-01,24,24.24,2.674,66.43,0,42.94,12.87,1019.88,external
2026-07-25T18:00:00Z,REG-NORTH,WXS-NORTH-01,23.36,23.59,1.377,67.6,0,39.36,14.01,1019.79,external
2026-07-25T19:00:00Z,REG-NORTH,WXS-NORTH-01,22.71,23.02,0,68.81,0,40.85,12.9,1019.67,external
2026-07-25T20:00:00Z,REG-NORTH,WXS-NORTH-01,22.01,22.27,0,70.1,0,42.81,14.65,1019.53,external
2026-07-25T21:00:00Z,REG-NORTH,WXS-NORTH-01,21.1,21.44,0,71.78,0,44.09,13.9,1019.39,external
2026-07-25T22:00:00Z,REG-NORTH,WXS-NORTH-01,20.04,20.32,0,73.75,0,43.52,16.09,1019.25,external
2026-07-25T23:00:00Z,REG-NORTH,WXS-NORTH-01,19.35,19.79,0,75.02,0,38.14,13.49,1019.12,external
2026-07-25T00:00:00Z,REG-CENTRAL,WXS-CENTRAL-01,20.8,20.9,0,67.17,0,39.5,16.72,1015.11,external
2026-07-25T01:00:00Z,REG-CENTRAL,WXS-CENTRAL-01,20.28,20.35,0,68.14,0,36.95,17.64,1015.17,external
2026-07-25T02:00:00Z,REG-CENTRAL,WXS-CENTRAL-01,19.77,19.92,0,69.08,0,37.36,16.57,1015.26,external
2026-07-25T03:00:00Z,REG-CENTRAL,WXS-CENTRAL-01,19.66,19.88,0,69.29,0,41.12,14.93,1015.38,external
2026-07-25T04:00:00Z,REG-CENTRAL,WXS-CENTRAL-01,20.01,20.16,0,68.63,0,40.64,16.29,1015.51,external
2026-07-25T05:00:00Z,REG-CENTRAL,WXS-CENTRAL-01,20.41,20.57,0,67.89,0,34.57,15.56,1015.65,external
2026-07-25T06:00:00Z,REG-CENTRAL,WXS-CENTRAL-01,20.92,21.11,0,66.95,0,39.13,14.37,1015.8,external
2026-07-25T07:00:00Z,REG-CENTRAL,WXS-CENTRAL-01,21.63,21.68,1.634,65.65,0,35.77,16.61,1015.93,external
2026-07-25T08:00:00Z,REG-CENTRAL,WXS-CENTRAL-01,22.62,22.63,3.174,63.82,0,30.53,16.62,1016.04,external
2026-07-25T09:00:00Z,REG-CENTRAL,WXS-CENTRAL-01,23.61,23.59,4.529,61.98,0,31.08,16.37,1016.12,external
2026-07-25T10:00:00Z,REG-CENTRAL,WXS-CENTRAL-01,24.58,24.53,5.621,60.19,0,31.4,16.62,1016.17,external
2026-07-25T11:00:00Z,REG-CENTRAL,WXS-CENTRAL-01,25.63,25.76,6.386,58.24,0,33.98,14.29,1016.19,external
2026-07-25T12:00:00Z,REG-CENTRAL,WXS-CENTRAL-01,26.35,26.37,6.78,56.92,0,31.47,17.5,1016.17,external
2026-07-25T13:00:00Z,REG-CENTRAL,WXS-CENTRAL-01,27.01,27.1,6.78,55.68,0,28.56,15.32,1016.11,external
2026-07-25T14:00:00Z,REG-CENTRAL,WXS-CENTRAL-01,27.45,27.44,6.386,54.88,0,28.29,15.66,1016.02,external
2026-07-25T15:00:00Z,REG-CENTRAL,WXS-CENTRAL-01,27.55,27.44,5.621,54.69,0,30.7,14.86,1015.9,external
2026-07-25T16:00:00Z,REG-CENTRAL,WXS-CENTRAL-01,27.18,27.06,4.529,55.37,0,33.8,14.96,1015.77,external
2026-07-25T17:00:00Z,REG-CENTRAL,WXS-CENTRAL-01,26.88,26.77,3.174,55.93,0,37.06,15.04,1015.63,external
2026-07-25T18:00:00Z,REG-CENTRAL,WXS-CENTRAL-01,26.48,26.27,1.634,56.68,0,37.32,17.53,1015.48,external
2026-07-25T19:00:00Z,REG-CENTRAL,WXS-CENTRAL-01,25.53,25.44,0,58.43,0,35.17,15.85,1015.35,external
2026-07-25T20:00:00Z,REG-CENTRAL,WXS-CENTRAL-01,24.57,24.51,0,60.21,0,34.82,16.11,1015.24,external
2026-07-25T21:00:00Z,REG-CENTRAL,WXS-CENTRAL-01,23.67,23.68,0,61.86,0,34.96,15.76,1015.16,external
2026-07-25T22:00:00Z,REG-CENTRAL,WXS-CENTRAL-01,22.63,22.68,0,63.79,0,36.57,15.83,1015.11,external
2026-07-25T23:00:00Z,REG-CENTRAL,WXS-CENTRAL-01,21.66,21.75,0,65.58,0,40.19,15.95,1015.09,external
2026-07-26T00:00:00Z,REG-COASTAL,WXS-COASTAL-01,26.44,26.9,0,73.5,0,21.34,11.33,1011.51,external
2026-07-26T01:00:00Z,REG-COASTAL,WXS-COASTAL-01,25.83,26.31,0,74.63,0,17.86,12.4,1011.65,external
2026-07-26T02:00:00Z,REG-COASTAL,WXS-COASTAL-01,25.53,26.04,0,75.18,0,22.96,11.61,1011.79,external
2026-07-26T03:00:00Z,REG-COASTAL,WXS-COASTAL-01,25.24,25.65,0,75.71,0,26.28,14.41,1011.9,external
2026-07-26T04:00:00Z,REG-COASTAL,WXS-COASTAL-01,25.31,25.76,0,75.59,0,24.69,13.38,1011.99,external
2026-07-26T05:00:00Z,REG-COASTAL,WXS-COASTAL-01,25.88,26.33,0,74.55,0,23.37,12.72,1012.04,external
2026-07-26T06:00:00Z,REG-COASTAL,WXS-COASTAL-01,26.41,26.87,0,73.56,0,25.87,11.44,1012.06,external
2026-07-26T07:00:00Z,REG-COASTAL,WXS-COASTAL-01,27.27,27.69,2.525,71.97,0,21.05,10.49,1012.04,external
2026-07-26T08:00:00Z,REG-COASTAL,WXS-COASTAL-01,28.53,28.88,4.903,69.64,0,24.6,12.32,1011.99,external
2026-07-26T09:00:00Z,REG-COASTAL,WXS-COASTAL-01,29.43,29.83,6.996,67.97,0,18.41,12.7,1011.9,external
2026-07-26T10:00:00Z,REG-COASTAL,WXS-COASTAL-01,30.49,31.12,8.682,66.01,0,17.61,10.73,1011.79,external
2026-07-26T11:00:00Z,REG-COASTAL,WXS-COASTAL-01,31.65,32.39,9.864,63.87,0,18.45,12.14,1011.65,external
2026-07-26T12:00:00Z,REG-COASTAL,WXS-COASTAL-01,32.4,33.17,10.473,62.47,0,20.94,12.71,1011.51,external
2026-07-26T13:00:00Z,REG-COASTAL,WXS-COASTAL-01,33.03,33.8,10.473,61.32,0,16.97,11.46,1011.37,external
2026-07-26T14:00:00Z,REG-COASTAL,WXS-COASTAL-01,33.3,33.88,9.864,60.81,0,21.51,14.14,1011.24,external
2026-07-26T15:00:00Z,REG-COASTAL,WXS-COASTAL-01,33.6,34.01,8.682,60.26,0,18.07,13.67,1011.12,external
2026-07-26T16:00:00Z,REG-COASTAL,WXS-COASTAL-01,33.37,33.59,6.996,60.67,0,21.25,12.73,1011.03,external
2026-07-26T17:00:00Z,REG-COASTAL,WXS-COASTAL-01,32.98,33.14,4.903,61.41,0,21.9,11.5,1010.98,external
2026-07-26T18:00:00Z,REG-COASTAL,WXS-COASTAL-01,32.36,32.49,2.525,62.55,0,20.68,13.26,1010.96,external
2026-07-26T19:00:00Z,REG-COASTAL,WXS-COASTAL-01,31.48,31.65,0,64.17,0,27.45,13.42,1010.98,external
2026-07-26T20:00:00Z,REG-COASTAL,WXS-COASTAL-01,30.54,30.81,0,65.92,0,24.26,11.39,1011.03,external
2026-07-26T21:00:00Z,REG-COASTAL,WXS-COASTAL-01,29.46,29.78,0,67.91,0,25.96,12.09,1011.12,external
2026-07-26T22:00:00Z,REG-COASTAL,WXS-COASTAL-01,28.44,28.81,0,69.8,0,27.32,11.43,1011.24,external
2026-07-26T23:00:00Z,REG-COASTAL,WXS-COASTAL-01,27.34,27.77,0,71.83,0,26.94,11.13,1011.37,external
2026-07-26T00:00:00Z,REG-SOUTH,WXS-SOUTH-01,27.24,27.53,0,67.6,0,19.04,12.62,1009.7,external
2026-07-26T01:00:00Z,REG-SOUTH,WXS-SOUTH-01,26.36,26.61,0,69.23,0,17.7,14.32,1009.76,external
2026-07-26T02:00:00Z,REG-SOUTH,WXS-SOUTH-01,25.97,26.3,0,69.95,0,19.94,12.88,1009.79,external
2026-07-26T03:00:00Z,REG-SOUTH,WXS-SOUTH-01,25.77,26.12,0,70.32,0,18.09,12.68,1009.78,external
2026-07-26T04:00:00Z,REG-SOUTH,WXS-SOUTH-01,25.9,26.23,0,70.08,0,19.31,13.02,1009.73,external
2026-07-26T05:00:00Z,REG-SOUTH,WXS-SOUTH-01,26.42,26.76,0,69.11,0,20.73,12.26,1009.65,external
2026-07-26T06:00:00Z,REG-SOUTH,WXS-SOUTH-01,27.25,27.57,0,67.58,0,19.28,11.16,1009.54,external
2026-07-26T07:00:00Z,REG-SOUTH,WXS-SOUTH-01,28.08,28.31,2.589,66.04,0,24.11,13.03,1009.41,external
2026-07-26T08:00:00Z,REG-SOUTH,WXS-SOUTH-01,29.29,29.51,5.027,63.81,0,13.72,11.76,1009.27,external
2026-07-26T09:00:00Z,REG-SOUTH,WXS-SOUTH-01,30.49,30.77,7.173,61.58,0,17.13,12.65,1009.12,external
2026-07-26T10:00:00Z,REG-SOUTH,WXS-SOUTH-01,31.44,31.91,8.902,59.82,0,14.71,12.89,1008.99,external
2026-07-26T11:00:00Z,REG-SOUTH,WXS-SOUTH-01,32.58,33.19,10.114,57.72,0,13.04,12.53,1008.87,external
2026-07-26T12:00:00Z,REG-SOUTH,WXS-SOUTH-01,33.35,34.03,10.738,56.3,0,12.47,12.19,1008.78,external
2026-07-26T13:00:00Z,REG-SOUTH,WXS-SOUTH-01,34.15,34.75,10.738,54.82,0,21.13,13.14,1008.72,external
2026-07-26T14:00:00Z,REG-SOUTH,WXS-SOUTH-01,34.69,35.19,10.114,53.81,0,12.96,12.82,1008.69,external
2026-07-26T15:00:00Z,REG-SOUTH,WXS-SOUTH-01,34.88,35.23,8.902,53.46,0,13.09,11.44,1008.7,external
2026-07-26T16:00:00Z,REG-SOUTH,WXS-SOUTH-01,34.65,34.72,7.173,53.89,0,15.09,12.84,1008.75,external
2026-07-26T17:00:00Z,REG-SOUTH,WXS-SOUTH-01,34.18,34.17,5.027,54.76,0,18.84,11.09,1008.83,external
2026-07-26T18:00:00Z,REG-SOUTH,WXS-SOUTH-01,33.47,33.46,2.589,56.08,0,16.34,12.72,1008.94,external
2026-07-26T19:00:00Z,REG-SOUTH,WXS-SOUTH-01,32.55,32.6,0,57.78,0,21.68,12.3,1009.07,external
2026-07-26T20:00:00Z,REG-SOUTH,WXS-SOUTH-01,31.37,31.45,0,59.96,0,16.99,12.86,1009.21,external
2026-07-26T21:00:00Z,REG-SOUTH,WXS-SOUTH-01,30.35,30.46,0,61.85,0,20.3,13.32,1009.36,external
2026-07-26T22:00:00Z,REG-SOUTH,WXS-SOUTH-01,29.05,29.22,0,64.25,0,17.4,13.33,1009.49,external
2026-07-26T23:00:00Z,REG-SOUTH,WXS-SOUTH-01,28.21,28.48,0,65.8,0,22.42,12.11,1009.61,external
2026-07-26T00:00:00Z,REG-DELTA,WXS-DELTA-01,28.68,29.02,0,84.65,0,73.11,20.99,1005.29,external
2026-07-26T01:00:00Z,REG-DELTA,WXS-DELTA-01,28.23,28.61,0,85.49,0,66.07,20.31,1005.21,external
2026-07-26T02:00:00Z,REG-DELTA,WXS-DELTA-01,28.07,28.47,0,85.78,0,69.99,20.18,1005.11,external
2026-07-26T03:00:00Z,REG-DELTA,WXS-DELTA-01,27.94,28.34,0,86.02,0,68.92,20.37,1004.98,external
2026-07-26T04:00:00Z,REG-DELTA,WXS-DELTA-01,28,28.32,0,85.9,0,68.98,22.14,1004.84,external
2026-07-26T05:00:00Z,REG-DELTA,WXS-DELTA-01,28.25,28.56,0,85.44,0,68.58,22.02,1004.7,external
2026-07-26T06:00:00Z,REG-DELTA,WXS-DELTA-01,28.64,28.95,0,84.73,0,70.89,21.52,1004.56,external
2026-07-26T07:00:00Z,REG-DELTA,WXS-DELTA-01,29.27,29.56,2.309,83.56,0,69.19,21.37,1004.44,external
2026-07-26T08:00:00Z,REG-DELTA,WXS-DELTA-01,29.86,30.18,4.485,82.47,0,67.09,20.07,1004.34,external
2026-07-26T09:00:00Z,REG-DELTA,WXS-DELTA-01,30.73,31.04,6.399,80.85,0,61.29,19.51,1004.27,external
2026-07-26T10:00:00Z,REG-DELTA,WXS-DELTA-01,31.31,31.53,7.942,79.79,0,63.83,20.79,1004.24,external
2026-07-26T11:00:00Z,REG-DELTA,WXS-DELTA-01,31.96,32.12,9.023,78.58,0,61.7,21.55,1004.25,external
2026-07-26T12:00:00Z,REG-DELTA,WXS-DELTA-01,32.65,32.82,9.58,77.31,0,67,20.51,1004.29,external
2026-07-26T13:00:00Z,REG-DELTA,WXS-DELTA-01,32.97,33.18,9.58,76.71,0,64.01,19.46,1004.37,external
2026-07-26T14:00:00Z,REG-DELTA,WXS-DELTA-01,33.28,33.38,9.023,76.13,0,60.92,21.53,1004.47,external
2026-07-26T15:00:00Z,REG-DELTA,WXS-DELTA-01,33.31,33.31,7.942,80.07,1.798,79.15,26.05,1004.6,external
2026-07-26T16:00:00Z,REG-DELTA,WXS-DELTA-01,33.12,33.1,6.399,80.43,1.222,80.76,26.68,1004.74,external
2026-07-26T17:00:00Z,REG-DELTA,WXS-DELTA-01,32.92,32.93,4.485,80.81,1.24,77.38,26.01,1004.88,external
2026-07-26T18:00:00Z,REG-DELTA,WXS-DELTA-01,32.65,32.7,2.309,81.31,1.719,81.77,25.51,1005.02,external
2026-07-26T19:00:00Z,REG-DELTA,WXS-DELTA-01,31.95,32.06,0,82.6,1.761,84.11,24.95,1005.14,external
2026-07-26T20:00:00Z,REG-DELTA,WXS-DELTA-01,31.33,31.54,0,79.75,0,69.23,20.98,1005.24,external
2026-07-26T21:00:00Z,REG-DELTA,WXS-DELTA-01,30.77,31,0,80.78,0,69.94,21.31,1005.31,external
2026-07-26T22:00:00Z,REG-DELTA,WXS-DELTA-01,29.83,30.09,0,82.53,0,70.17,21.45,1005.34,external
2026-07-26T23:00:00Z,REG-DELTA,WXS-DELTA-01,29.4,29.71,0,83.31,0,65.92,20.89,1005.33,external
2026-07-26T00:00:00Z,REG-ISLAND,WXS-ISLAND-01,26.19,26.59,0,78.7,0,33.64,16.22,1013.63,external
2026-07-26T01:00:00Z,REG-ISLAND,WXS-ISLAND-01,25.48,25.96,0,80.02,0,33.72,15.06,1013.48,external
2026-07-26T02:00:00Z,REG-ISLAND,WXS-ISLAND-01,25.17,25.62,0,80.59,0,31.77,16.12,1013.34,external
2026-07-26T03:00:00Z,REG-ISLAND,WXS-ISLAND-01,25.02,25.49,0,80.86,0,30.46,16.03,1013.22,external
2026-07-26T04:00:00Z,REG-ISLAND,WXS-ISLAND-01,25.09,25.53,0,80.74,0,28.91,16.42,1013.12,external
2026-07-26T05:00:00Z,REG-ISLAND,WXS-ISLAND-01,25.51,25.91,0,79.96,0,33,16.87,1013.04,external
2026-07-26T06:00:00Z,REG-ISLAND,WXS-ISLAND-01,26.08,26.45,0,78.91,0,31.6,16.89,1013.01,external
2026-07-26T07:00:00Z,REG-ISLAND,WXS-ISLAND-01,26.79,27.19,2.601,77.58,0,28.97,15.85,1013,external
2026-07-26T08:00:00Z,REG-ISLAND,WXS-ISLAND-01,27.79,28.15,5.051,75.74,0,34.38,15.57,1013.04,external
2026-07-26T09:00:00Z,REG-ISLAND,WXS-ISLAND-01,28.8,29.06,7.208,73.87,0,27.4,16.73,1013.11,external
2026-07-26T10:00:00Z,REG-ISLAND,WXS-ISLAND-01,29.85,30.34,8.945,71.94,0,24.72,14.83,1013.21,external
2026-07-26T11:00:00Z,REG-ISLAND,WXS-ISLAND-01,30.72,31.19,10.163,70.32,0,25.59,17.84,1013.33,external
2026-07-26T12:00:00Z,REG-ISLAND,WXS-ISLAND-01,31.49,32.04,10.79,68.9,0,24.94,16.86,1013.47,external
2026-07-26T13:00:00Z,REG-ISLAND,WXS-ISLAND-01,32.05,32.62,10.79,67.86,0,26.54,15.8,1013.62,external
2026-07-26T14:00:00Z,REG-ISLAND,WXS-ISLAND-01,32.43,32.85,10.163,67.16,0,30.43,16.99,1013.76,external
2026-07-26T15:00:00Z,REG-ISLAND,WXS-ISLAND-01,32.56,32.9,8.945,66.91,0,26.22,15.45,1013.88,external
2026-07-26T16:00:00Z,REG-ISLAND,WXS-ISLAND-01,32.44,32.57,7.208,67.13,0,26.73,15.85,1013.98,external
2026-07-26T17:00:00Z,REG-ISLAND,WXS-ISLAND-01,32.05,32.13,5.051,67.87,0,33.65,17.27,1014.06,external
2026-07-26T18:00:00Z,REG-ISLAND,WXS-ISLAND-01,31.41,31.59,2.601,69.05,0,28.85,15.66,1014.09,external
2026-07-26T19:00:00Z,REG-ISLAND,WXS-ISLAND-01,30.62,30.84,0,70.5,0,34.49,15.76,1014.1,external
2026-07-26T20:00:00Z,REG-ISLAND,WXS-ISLAND-01,29.67,29.94,0,72.26,0,31.97,15.66,1014.06,external
2026-07-26T21:00:00Z,REG-ISLAND,WXS-ISLAND-01,28.81,29.05,0,73.85,0,33.43,17.22,1013.99,external
2026-07-26T22:00:00Z,REG-ISLAND,WXS-ISLAND-01,27.74,28.11,0,75.83,0,32.93,15.37,1013.89,external
2026-07-26T23:00:00Z,REG-ISLAND,WXS-ISLAND-01,26.96,27.29,0,77.27,0,33.81,17.13,1013.77,external
2026-07-26T00:00:00Z,REG-NORTH,WXS-NORTH-01,18.67,19,0,82.22,0,72.6,19.78,1012.91,external
2026-07-26T01:00:00Z,REG-NORTH,WXS-NORTH-01,18.42,18.77,0,82.69,0,72.08,19.56,1012.83,external
2026-07-26T02:00:00Z,REG-NORTH,WXS-NORTH-01,18.27,18.6,0,82.97,0,70.94,20.08,1012.79,external
2026-07-26T03:00:00Z,REG-NORTH,WXS-NORTH-01,17.99,18.34,0,83.49,0,70.5,20.04,1012.78,external
2026-07-26T04:00:00Z,REG-NORTH,WXS-NORTH-01,18.13,18.48,0,83.22,0,72.83,19.91,1012.81,external
2026-07-26T05:00:00Z,REG-NORTH,WXS-NORTH-01,18.35,18.65,0,82.82,0,74.67,20.82,1012.88,external
2026-07-26T06:00:00Z,REG-NORTH,WXS-NORTH-01,18.8,19.01,0,81.98,0,76.79,22.39,1012.97,external
2026-07-26T07:00:00Z,REG-NORTH,WXS-NORTH-01,19.31,19.62,1.145,81.05,0,73.89,19.61,1013.09,external
2026-07-26T08:00:00Z,REG-NORTH,WXS-NORTH-01,19.97,20.16,2.224,79.83,0,68.31,21.48,1013.23,external
2026-07-26T09:00:00Z,REG-NORTH,WXS-NORTH-01,20.66,20.9,3.173,78.55,0,65.66,19.73,1013.37,external
2026-07-26T10:00:00Z,REG-NORTH,WXS-NORTH-01,21.16,21.38,3.938,81.63,2.202,78.13,21.93,1013.51,external
2026-07-26T11:00:00Z,REG-NORTH,WXS-NORTH-01,21.83,21.93,4.474,80.38,1.868,76.77,23.93,1013.64,external
2026-07-26T12:00:00Z,REG-NORTH,WXS-NORTH-01,22.39,22.54,4.75,79.34,1.654,80.53,22.37,1013.75,external
2026-07-26T13:00:00Z,REG-NORTH,WXS-NORTH-01,22.85,22.93,4.75,78.49,1.876,79.69,23.32,1013.83,external
2026-07-26T14:00:00Z,REG-NORTH,WXS-NORTH-01,23.14,23.21,4.474,73.95,0,65.43,21.13,1013.87,external
2026-07-26T15:00:00Z,REG-NORTH,WXS-NORTH-01,23.29,23.41,3.938,73.67,0,62.17,19.89,1013.88,external
2026-07-26T16:00:00Z,REG-NORTH,WXS-NORTH-01,23.11,23.22,3.173,74.02,0,67.14,19.98,1013.85,external
2026-07-26T17:00:00Z,REG-NORTH,WXS-NORTH-01,22.94,23.06,2.224,74.33,0,67.65,20.05,1013.78,external
2026-07-26T18:00:00Z,REG-NORTH,WXS-NORTH-01,22.18,22.35,1.145,75.74,0,69.59,19.75,1013.69,external
2026-07-26T19:00:00Z,REG-NORTH,WXS-NORTH-01,22.05,22.24,0,75.97,0,71.47,19.55,1013.57,external
2026-07-26T20:00:00Z,REG-NORTH,WXS-NORTH-01,21.25,21.41,0,77.46,0,72.89,20.82,1013.43,external
2026-07-26T21:00:00Z,REG-NORTH,WXS-NORTH-01,20.55,20.7,0,78.75,0,76.12,21.94,1013.29,external
2026-07-26T22:00:00Z,REG-NORTH,WXS-NORTH-01,19.93,20.14,0,79.9,0,72.08,21.03,1013.15,external
2026-07-26T23:00:00Z,REG-NORTH,WXS-NORTH-01,19.4,19.76,0,80.88,0,70.55,18.42,1013.02,external
2026-07-26T00:00:00Z,REG-CENTRAL,WXS-CENTRAL-01,20.7,20.83,0,68.94,0,37.42,17.01,1013.76,external
2026-07-26T01:00:00Z,REG-CENTRAL,WXS-CENTRAL-01,20.13,20.37,0,70.01,0,32.59,14.84,1013.82,external
2026-07-26T02:00:00Z,REG-CENTRAL,WXS-CENTRAL-01,19.78,19.96,0,70.65,0,38.21,16.65,1013.91,external
2026-07-26T03:00:00Z,REG-CENTRAL,WXS-CENTRAL-01,19.54,19.84,0,71.1,0,34.39,14.23,1014.03,external
2026-07-26T04:00:00Z,REG-CENTRAL,WXS-CENTRAL-01,19.79,20.04,0,70.63,0,39.11,15.11,1014.16,external
2026-07-26T05:00:00Z,REG-CENTRAL,WXS-CENTRAL-01,20.25,20.49,0,69.78,0,40.25,14.9,1014.3,external
2026-07-26T06:00:00Z,REG-CENTRAL,WXS-CENTRAL-01,20.66,20.75,0,69.03,0,31.79,17.72,1014.45,external
2026-07-26T07:00:00Z,REG-CENTRAL,WXS-CENTRAL-01,21.37,21.49,1.635,67.71,0,35.34,16.41,1014.58,external
2026-07-26T08:00:00Z,REG-CENTRAL,WXS-CENTRAL-01,22.37,22.51,3.175,65.86,0,38,14.84,1014.69,external
2026-07-26T09:00:00Z,REG-CENTRAL,WXS-CENTRAL-01,23.34,23.43,4.531,64.06,0,33.94,15.11,1014.77,external
2026-07-26T10:00:00Z,REG-CENTRAL,WXS-CENTRAL-01,24.48,24.43,5.623,61.96,0,30.19,17.21,1014.82,external
2026-07-26T11:00:00Z,REG-CENTRAL,WXS-CENTRAL-01,25.23,25.38,6.389,60.57,0,31.99,14.78,1014.84,external
2026-07-26T12:00:00Z,REG-CENTRAL,WXS-CENTRAL-01,25.98,26.11,6.783,59.18,0,27.16,15.93,1014.82,external
2026-07-26T13:00:00Z,REG-CENTRAL,WXS-CENTRAL-01,26.67,26.79,6.783,57.89,0,31.94,15.63,1014.76,external
2026-07-26T14:00:00Z,REG-CENTRAL,WXS-CENTRAL-01,27.12,27.16,6.389,57.06,0,29.71,15.46,1014.67,external
2026-07-26T15:00:00Z,REG-CENTRAL,WXS-CENTRAL-01,27.11,26.94,5.623,57.08,0,32.24,17.31,1014.55,external
2026-07-26T16:00:00Z,REG-CENTRAL,WXS-CENTRAL-01,27.11,26.99,4.531,57.09,0,34.53,15.81,1014.42,external
2026-07-26T17:00:00Z,REG-CENTRAL,WXS-CENTRAL-01,26.68,26.56,3.175,57.88,0,32.59,16.42,1014.28,external
2026-07-26T18:00:00Z,REG-CENTRAL,WXS-CENTRAL-01,26,26,1.635,59.14,0,39.34,14.33,1014.13,external
2026-07-26T19:00:00Z,REG-CENTRAL,WXS-CENTRAL-01,25.21,25.19,0,60.6,0,39.26,15.64,1014,external
2026-07-26T20:00:00Z,REG-CENTRAL,WXS-CENTRAL-01,24.23,24.26,0,62.41,0,34.59,15.55,1013.89,external
2026-07-26T21:00:00Z,REG-CENTRAL,WXS-CENTRAL-01,23.35,23.39,0,64.04,0,38.23,16.25,1013.81,external
2026-07-26T22:00:00Z,REG-CENTRAL,WXS-CENTRAL-01,22.56,22.68,0,65.51,0,35.87,15.09,1013.76,external
2026-07-26T23:00:00Z,REG-CENTRAL,WXS-CENTRAL-01,21.45,21.6,0,67.57,0,36.28,15.63,1013.74,external
2026-07-27T00:00:00Z,REG-COASTAL,WXS-COASTAL-01,26.74,27.09,0,74.06,0,28.06,14.98,1013.11,external
2026-07-27T01:00:00Z,REG-COASTAL,WXS-COASTAL-01,26.07,26.38,0,75.3,0,28.69,16.57,1013.25,external
2026-07-27T02:00:00Z,REG-COASTAL,WXS-COASTAL-01,25.74,26.06,0,75.92,0,31.07,16.51,1013.39,external
2026-07-27T03:00:00Z,REG-COASTAL,WXS-COASTAL-01,25.45,25.84,0,76.46,0,34.99,15.23,1013.5,external
2026-07-27T04:00:00Z,REG-COASTAL,WXS-COASTAL-01,25.66,25.99,0,76.07,0,26.51,16.45,1013.59,external
2026-07-27T05:00:00Z,REG-COASTAL,WXS-COASTAL-01,26.13,26.47,0,75.2,0,33.04,15.78,1013.64,external
2026-07-27T06:00:00Z,REG-COASTAL,WXS-COASTAL-01,26.81,27.16,0,73.94,0,33.09,14.71,1013.66,external
2026-07-27T07:00:00Z,REG-COASTAL,WXS-COASTAL-01,27.55,27.82,2.499,72.57,0,33.21,15.71,1013.64,external
2026-07-27T08:00:00Z,REG-COASTAL,WXS-COASTAL-01,28.43,28.72,4.852,70.95,0,30.23,14.51,1013.59,external
2026-07-27T09:00:00Z,REG-COASTAL,WXS-COASTAL-01,29.35,29.51,6.924,69.25,0,31.75,16.19,1013.5,external
2026-07-27T10:00:00Z,REG-COASTAL,WXS-COASTAL-01,30.61,30.88,8.593,66.92,0,28.43,17.3,1013.39,external
2026-07-27T11:00:00Z,REG-COASTAL,WXS-COASTAL-01,31.49,31.9,9.763,65.28,0,21.86,16.89,1013.25,external
2026-07-27T12:00:00Z,REG-COASTAL,WXS-COASTAL-01,32.28,32.71,10.365,63.83,0,29.03,17.25,1013.11,external
2026-07-27T13:00:00Z,REG-COASTAL,WXS-COASTAL-01,32.98,33.48,10.365,62.53,0,26.21,15.03,1012.97,external
2026-07-27T14:00:00Z,REG-COASTAL,WXS-COASTAL-01,33.28,33.65,9.763,61.97,0,27.94,15.84,1012.84,external
2026-07-27T15:00:00Z,REG-COASTAL,WXS-COASTAL-01,33.56,33.82,8.593,61.45,0,28.06,14.63,1012.72,external
2026-07-27T16:00:00Z,REG-COASTAL,WXS-COASTAL-01,33.37,33.34,6.924,61.8,0,31.38,16.52,1012.63,external
2026-07-27T17:00:00Z,REG-COASTAL,WXS-COASTAL-01,33,33,4.852,62.49,0,28.41,16.2,1012.58,external
2026-07-27T18:00:00Z,REG-COASTAL,WXS-COASTAL-01,32.29,32.32,2.499,63.8,0,33.4,16.24,1012.56,external
2026-07-27T19:00:00Z,REG-COASTAL,WXS-COASTAL-01,31.59,31.68,0,65.1,0,28.52,15.55,1012.58,external
2026-07-27T20:00:00Z,REG-COASTAL,WXS-COASTAL-01,30.66,30.76,0,66.82,0,33.54,16.28,1012.63,external
2026-07-27T21:00:00Z,REG-COASTAL,WXS-COASTAL-01,29.57,29.77,0,68.84,0,30.98,15.21,1012.72,external
2026-07-27T22:00:00Z,REG-COASTAL,WXS-COASTAL-01,28.46,28.75,0,70.89,0,36.12,14.37,1012.84,external
2026-07-27T23:00:00Z,REG-COASTAL,WXS-COASTAL-01,27.66,28.01,0,72.38,0,32.02,13.81,1012.97,external
2026-07-27T00:00:00Z,REG-SOUTH,WXS-SOUTH-01,27.58,27.81,0,72.06,0,63.68,16.3,1006.86,external
2026-07-27T01:00:00Z,REG-SOUTH,WXS-SOUTH-01,27.23,27.57,0,72.71,0,60.98,14.36,1006.92,external
2026-07-27T02:00:00Z,REG-SOUTH,WXS-SOUTH-01,26.98,27.31,0,73.16,0,67.13,14.84,1006.95,external
2026-07-27T03:00:00Z,REG-SOUTH,WXS-SOUTH-01,26.76,27.05,0,73.58,0,64.42,15.97,1006.94,external
2026-07-27T04:00:00Z,REG-SOUTH,WXS-SOUTH-01,26.96,27.18,0,73.21,0,61.09,17.15,1006.89,external
2026-07-27T05:00:00Z,REG-SOUTH,WXS-SOUTH-01,27.23,27.4,0,72.71,0,66.57,18.11,1006.81,external
2026-07-27T06:00:00Z,REG-SOUTH,WXS-SOUTH-01,27.64,27.89,0,71.95,0,60.5,15.83,1006.7,external
2026-07-27T07:00:00Z,REG-SOUTH,WXS-SOUTH-01,28.11,28.24,2.296,75.07,1.803,72.49,20.35,1006.57,external
2026-07-27T08:00:00Z,REG-SOUTH,WXS-SOUTH-01,28.9,28.98,4.459,73.62,1.736,72.71,20.53,1006.43,external
2026-07-27T09:00:00Z,REG-SOUTH,WXS-SOUTH-01,29.66,29.65,6.362,72.22,2.052,75.74,21.65,1006.28,external
2026-07-27T10:00:00Z,REG-SOUTH,WXS-SOUTH-01,30.58,30.65,7.896,70.51,2.081,71.11,19.08,1006.15,external
2026-07-27T11:00:00Z,REG-SOUTH,WXS-SOUTH-01,31.2,31.2,8.97,69.36,1.796,71.17,19.96,1006.03,external
2026-07-27T12:00:00Z,REG-SOUTH,WXS-SOUTH-01,31.92,31.89,9.524,68.03,2.052,70.45,19.9,1005.94,external
2026-07-27T13:00:00Z,REG-SOUTH,WXS-SOUTH-01,32.18,32.2,9.524,63.54,0,57.46,16.35,1005.88,external
2026-07-27T14:00:00Z,REG-SOUTH,WXS-SOUTH-01,32.46,32.48,8.97,63.03,0,56.43,16.1,1005.85,external
2026-07-27T15:00:00Z,REG-SOUTH,WXS-SOUTH-01,32.68,32.71,7.896,62.63,0,59.15,15.42,1005.86,external
2026-07-27T16:00:00Z,REG-SOUTH,WXS-SOUTH-01,32.49,32.51,6.362,62.98,0,62.48,15.94,1005.91,external
2026-07-27T17:00:00Z,REG-SOUTH,WXS-SOUTH-01,32.27,32.26,4.459,63.38,0,61.33,16.84,1005.99,external
2026-07-27T18:00:00Z,REG-SOUTH,WXS-SOUTH-01,31.84,31.8,2.296,64.17,0,63.63,18.04,1006.1,external
2026-07-27T19:00:00Z,REG-SOUTH,WXS-SOUTH-01,31.28,31.36,0,65.21,0,62.56,15.99,1006.23,external
2026-07-27T20:00:00Z,REG-SOUTH,WXS-SOUTH-01,30.47,30.54,0,66.71,0,64.71,17.04,1006.37,external
2026-07-27T21:00:00Z,REG-SOUTH,WXS-SOUTH-01,29.77,29.77,0,68.01,0,61.08,19.17,1006.52,external
2026-07-27T22:00:00Z,REG-SOUTH,WXS-SOUTH-01,28.99,29.12,0,69.44,0,63.29,17.22,1006.65,external
2026-07-27T23:00:00Z,REG-SOUTH,WXS-SOUTH-01,28.09,28.32,0,71.12,0,61.17,15.83,1006.77,external
2026-07-27T00:00:00Z,REG-DELTA,WXS-DELTA-01,28.62,29.3,0,82.34,0,39.43,11.83,1012.25,external
2026-07-27T01:00:00Z,REG-DELTA,WXS-DELTA-01,28.2,28.82,0,83.11,0,37.68,13.82,1012.17,external
2026-07-27T02:00:00Z,REG-DELTA,WXS-DELTA-01,27.85,28.48,0,83.76,0,38.64,13.91,1012.07,external
2026-07-27T03:00:00Z,REG-DELTA,WXS-DELTA-01,27.73,28.43,0,83.99,0,36.2,12.57,1011.94,external
2026-07-27T04:00:00Z,REG-DELTA,WXS-DELTA-01,27.85,28.52,0,83.77,0,40.92,13.06,1011.8,external
2026-07-27T05:00:00Z,REG-DELTA,WXS-DELTA-01,28.09,28.69,0,83.32,0,40.55,14.45,1011.66,external
2026-07-27T06:00:00Z,REG-DELTA,WXS-DELTA-01,28.81,29.36,0,81.98,0,39.55,14.82,1011.52,external
2026-07-27T07:00:00Z,REG-DELTA,WXS-DELTA-01,29.27,29.86,2.557,81.14,0,37.37,13.34,1011.4,external
2026-07-27T08:00:00Z,REG-DELTA,WXS-DELTA-01,30.21,30.82,4.965,79.4,0,36.91,11.04,1011.3,external
2026-07-27T09:00:00Z,REG-DELTA,WXS-DELTA-01,30.97,31.49,7.084,77.99,0,32.65,13.23,1011.23,external
2026-07-27T10:00:00Z,REG-DELTA,WXS-DELTA-01,31.86,32.44,8.792,76.34,0,36.84,12.47,1011.2,external
2026-07-27T11:00:00Z,REG-DELTA,WXS-DELTA-01,32.66,33.36,9.989,74.86,0,34.35,11.71,1011.21,external
2026-07-27T12:00:00Z,REG-DELTA,WXS-DELTA-01,33.47,34.14,10.605,73.38,0,34.42,13.17,1011.25,external
2026-07-27T13:00:00Z,REG-DELTA,WXS-DELTA-01,33.97,34.67,10.605,72.44,0,33.56,10.82,1011.33,external
2026-07-27T14:00:00Z,REG-DELTA,WXS-DELTA-01,34.17,34.7,9.989,72.08,0,34.06,13.95,1011.43,external
2026-07-27T15:00:00Z,REG-DELTA,WXS-DELTA-01,34.3,34.78,8.792,71.83,0,33.86,10.36,1011.56,external
2026-07-27T16:00:00Z,REG-DELTA,WXS-DELTA-01,34.16,34.55,7.084,72.09,0,37.45,12.81,1011.7,external
2026-07-27T17:00:00Z,REG-DELTA,WXS-DELTA-01,33.74,34.08,4.965,72.87,0,38.81,14.28,1011.84,external
2026-07-27T18:00:00Z,REG-DELTA,WXS-DELTA-01,33.49,33.92,2.557,73.34,0,40.64,12.63,1011.98,external
2026-07-27T19:00:00Z,REG-DELTA,WXS-DELTA-01,32.68,33.12,0,74.82,0,41.2,13.32,1012.1,external
2026-07-27T20:00:00Z,REG-DELTA,WXS-DELTA-01,31.8,32.3,0,76.47,0,37.58,12.71,1012.2,external
2026-07-27T21:00:00Z,REG-DELTA,WXS-DELTA-01,31.01,31.5,0,77.91,0,40.1,13.81,1012.27,external
2026-07-27T22:00:00Z,REG-DELTA,WXS-DELTA-01,30.19,30.8,0,79.43,0,36.85,12.03,1012.3,external
2026-07-27T23:00:00Z,REG-DELTA,WXS-DELTA-01,29.38,30.03,0,80.94,0,41.26,11.59,1012.29,external
2026-07-27T00:00:00Z,REG-ISLAND,WXS-ISLAND-01,25.95,26.47,0,79.41,0,37.11,13.88,1014.19,external
2026-07-27T01:00:00Z,REG-ISLAND,WXS-ISLAND-01,25.32,25.8,0,80.58,0,37.27,15.4,1014.04,external
2026-07-27T02:00:00Z,REG-ISLAND,WXS-ISLAND-01,25.07,25.55,0,81.03,0,33.38,15.85,1013.9,external
2026-07-27T03:00:00Z,REG-ISLAND,WXS-ISLAND-01,25,25.48,0,81.17,0,35.82,15.92,1013.78,external
2026-07-27T04:00:00Z,REG-ISLAND,WXS-ISLAND-01,25.1,25.61,0,80.98,0,31.42,15.06,1013.68,external
2026-07-27T05:00:00Z,REG-ISLAND,WXS-ISLAND-01,25.58,26.04,0,80.1,0,33.85,15.62,1013.6,external
2026-07-27T06:00:00Z,REG-ISLAND,WXS-ISLAND-01,26.04,26.43,0,79.24,0,35.45,16.73,1013.57,external
2026-07-27T07:00:00Z,REG-ISLAND,WXS-ISLAND-01,26.92,27.4,2.591,77.61,0,36.96,13.98,1013.56,external
2026-07-27T08:00:00Z,REG-ISLAND,WXS-ISLAND-01,27.71,28.12,5.031,76.15,0,29.36,14.75,1013.6,external
2026-07-27T09:00:00Z,REG-ISLAND,WXS-ISLAND-01,28.62,28.91,7.179,74.48,0,31.68,16.26,1013.67,external
2026-07-27T10:00:00Z,REG-ISLAND,WXS-ISLAND-01,29.49,29.99,8.91,72.86,0,30.9,14.24,1013.77,external
2026-07-27T11:00:00Z,REG-ISLAND,WXS-ISLAND-01,30.41,30.9,10.122,71.16,0,27.05,16.84,1013.89,external
2026-07-27T12:00:00Z,REG-ISLAND,WXS-ISLAND-01,31.2,31.9,10.747,69.69,0,29.44,13.14,1014.03,external
2026-07-27T13:00:00Z,REG-ISLAND,WXS-ISLAND-01,31.88,32.42,10.747,68.44,0,26.52,15.81,1014.18,external
2026-07-27T14:00:00Z,REG-ISLAND,WXS-ISLAND-01,32.19,32.69,10.122,67.85,0,31.38,14.77,1014.32,external
2026-07-27T15:00:00Z,REG-ISLAND,WXS-ISLAND-01,32.37,32.63,8.91,67.54,0,33.13,16.57,1014.44,external
2026-07-27T16:00:00Z,REG-ISLAND,WXS-ISLAND-01,32.27,32.43,7.179,67.72,0,22.92,15.49,1014.54,external
2026-07-27T17:00:00Z,REG-ISLAND,WXS-ISLAND-01,31.8,32.04,5.031,68.59,0,34.01,14.01,1014.62,external
2026-07-27T18:00:00Z,REG-ISLAND,WXS-ISLAND-01,31.23,31.42,2.591,69.63,0,33.53,16.04,1014.65,external
2026-07-27T19:00:00Z,REG-ISLAND,WXS-ISLAND-01,30.59,30.92,0,70.83,0,39.56,13.4,1014.66,external
2026-07-27T20:00:00Z,REG-ISLAND,WXS-ISLAND-01,29.45,29.7,0,72.93,0,32.73,16.5,1014.62,external
2026-07-27T21:00:00Z,REG-ISLAND,WXS-ISLAND-01,28.59,28.9,0,74.53,0,30.86,15.86,1014.55,external
2026-07-27T22:00:00Z,REG-ISLAND,WXS-ISLAND-01,27.69,28.11,0,76.2,0,39.22,14.4,1014.45,external
2026-07-27T23:00:00Z,REG-ISLAND,WXS-ISLAND-01,26.66,27.09,0,78.09,0,31.78,15.29,1014.33,external
2026-07-27T00:00:00Z,REG-NORTH,WXS-NORTH-01,18.24,18.5,0,76.87,0,39.43,18.42,1018.55,external
2026-07-27T01:00:00Z,REG-NORTH,WXS-NORTH-01,17.78,18.1,0,77.72,0,37.04,17.52,1018.47,external
2026-07-27T02:00:00Z,REG-NORTH,WXS-NORTH-01,17.47,17.75,0,78.3,0,34.73,18.6,1018.43,external
2026-07-27T03:00:00Z,REG-NORTH,WXS-NORTH-01,17.52,17.84,0,78.2,0,39.53,17.71,1018.42,external
2026-07-27T04:00:00Z,REG-NORTH,WXS-NORTH-01,17.41,17.77,0,78.4,0,38.89,17,1018.45,external
2026-07-27T05:00:00Z,REG-NORTH,WXS-NORTH-01,17.84,18.13,0,77.61,0,36.42,18.11,1018.52,external
2026-07-27T06:00:00Z,REG-NORTH,WXS-NORTH-01,18.4,18.72,0,76.58,0,37.79,16.72,1018.61,external
2026-07-27T07:00:00Z,REG-NORTH,WXS-NORTH-01,19.04,19.2,1.404,75.39,0,34.5,19.85,1018.73,external
2026-07-27T08:00:00Z,REG-NORTH,WXS-NORTH-01,19.88,20.11,2.727,73.83,0,34.99,17.43,1018.87,external
2026-07-27T09:00:00Z,REG-NORTH,WXS-NORTH-01,20.76,20.97,3.891,72.21,0,37.73,16.71,1019.01,external
2026-07-27T10:00:00Z,REG-NORTH,WXS-NORTH-01,21.8,21.97,4.829,70.27,0,35.13,17,1019.15,external
2026-07-27T11:00:00Z,REG-NORTH,WXS-NORTH-01,22.45,22.63,5.486,69.08,0,31.38,18.85,1019.28,external
2026-07-27T12:00:00Z,REG-NORTH,WXS-NORTH-01,23.34,23.55,5.825,67.44,0,30.55,18.53,1019.39,external
2026-07-27T13:00:00Z,REG-NORTH,WXS-NORTH-01,23.83,24.04,5.825,66.52,0,32.57,18.23,1019.47,external
2026-07-27T14:00:00Z,REG-NORTH,WXS-NORTH-01,24.28,24.39,5.486,65.7,0,32.16,18.41,1019.51,external
2026-07-27T15:00:00Z,REG-NORTH,WXS-NORTH-01,24.32,24.36,4.829,65.62,0,34.4,17.27,1019.52,external
2026-07-27T16:00:00Z,REG-NORTH,WXS-NORTH-01,24.21,24.2,3.891,65.83,0,34.18,18.19,1019.49,external
2026-07-27T17:00:00Z,REG-NORTH,WXS-NORTH-01,23.81,23.88,2.727,66.56,0,34.61,16.98,1019.42,external
2026-07-27T18:00:00Z,REG-NORTH,WXS-NORTH-01,23.38,23.43,1.404,67.36,0,39.2,17.76,1019.33,external
2026-07-27T19:00:00Z,REG-NORTH,WXS-NORTH-01,22.72,22.81,0,68.59,0,39.53,17.48,1019.21,external
2026-07-27T20:00:00Z,REG-NORTH,WXS-NORTH-01,21.8,21.84,0,70.28,0,35.74,19.64,1019.07,external
2026-07-27T21:00:00Z,REG-NORTH,WXS-NORTH-01,20.86,21.01,0,72.02,0,36.08,18.1,1018.93,external
2026-07-27T22:00:00Z,REG-NORTH,WXS-NORTH-01,20.02,20.17,0,73.57,0,40.99,19.01,1018.79,external
2026-07-27T23:00:00Z,REG-NORTH,WXS-NORTH-01,19.25,19.5,0,75,0,38.1,17.65,1018.66,external
2026-07-27T00:00:00Z,REG-CENTRAL,WXS-CENTRAL-01,21.32,21.24,0,67.17,0,50.61,20.49,1015.98,external
2026-07-27T01:00:00Z,REG-CENTRAL,WXS-CENTRAL-01,20.67,20.61,0,68.38,0,50.04,20.65,1016.04,external
2026-07-27T02:00:00Z,REG-CENTRAL,WXS-CENTRAL-01,20.38,20.26,0,68.92,0,49.15,22.26,1016.13,external
2026-07-27T03:00:00Z,REG-CENTRAL,WXS-CENTRAL-01,20.08,19.94,0,69.47,0,45.51,23.13,1016.25,external
2026-07-27T04:00:00Z,REG-CENTRAL,WXS-CENTRAL-01,20.21,20.16,0,69.23,0,46.03,21.04,1016.38,external
2026-07-27T05:00:00Z,REG-CENTRAL,WXS-CENTRAL-01,20.55,20.41,0,68.59,0,53,22.8,1016.52,external
2026-07-27T06:00:00Z,REG-CENTRAL,WXS-CENTRAL-01,21.08,20.93,0,67.61,0,46.21,22.32,1016.67,external
2026-07-27T07:00:00Z,REG-CENTRAL,WXS-CENTRAL-01,21.85,21.64,1.594,66.19,0,46.78,22.99,1016.8,external
2026-07-27T08:00:00Z,REG-CENTRAL,WXS-CENTRAL-01,22.78,22.56,3.095,64.47,0,47.33,22.19,1016.91,external
2026-07-27T09:00:00Z,REG-CENTRAL,WXS-CENTRAL-01,23.56,23.3,4.417,63.03,0,44.95,22.11,1016.99,external
2026-07-27T10:00:00Z,REG-CENTRAL,WXS-CENTRAL-01,24.54,24.26,5.482,61.22,0,43.85,21.66,1017.04,external
2026-07-27T11:00:00Z,REG-CENTRAL,WXS-CENTRAL-01,25.33,25.03,6.228,59.76,0,43.68,21.17,1017.06,external
2026-07-27T12:00:00Z,REG-CENTRAL,WXS-CENTRAL-01,26.16,25.82,6.612,58.22,0,39.3,21.47,1017.04,external
2026-07-27T13:00:00Z,REG-CENTRAL,WXS-CENTRAL-01,26.72,26.39,6.612,57.18,0,41.18,20.91,1016.98,external
2026-07-27T14:00:00Z,REG-CENTRAL,WXS-CENTRAL-01,27.01,26.59,6.228,56.65,0,45.81,22.13,1016.89,external
2026-07-27T15:00:00Z,REG-CENTRAL,WXS-CENTRAL-01,27.19,26.85,5.482,56.31,0,38.94,20.32,1016.77,external
2026-07-27T16:00:00Z,REG-CENTRAL,WXS-CENTRAL-01,27.01,26.61,4.417,56.65,0,49.45,21.73,1016.64,external
2026-07-27T17:00:00Z,REG-CENTRAL,WXS-CENTRAL-01,26.86,26.49,3.095,56.92,0,45.1,21.29,1016.5,external
2026-07-27T18:00:00Z,REG-CENTRAL,WXS-CENTRAL-01,26.07,25.71,1.594,58.38,0,45.72,21.87,1016.35,external
2026-07-27T19:00:00Z,REG-CENTRAL,WXS-CENTRAL-01,25.26,25,0,59.88,0,51.01,20.58,1016.22,external
2026-07-27T20:00:00Z,REG-CENTRAL,WXS-CENTRAL-01,24.49,24.25,0,61.3,0,44.73,20.88,1016.11,external
2026-07-27T21:00:00Z,REG-CENTRAL,WXS-CENTRAL-01,23.62,23.43,0,62.91,0,46.48,20.61,1016.03,external
2026-07-27T22:00:00Z,REG-CENTRAL,WXS-CENTRAL-01,22.8,22.56,0,64.44,0,50.56,22.52,1015.98,external
2026-07-27T23:00:00Z,REG-CENTRAL,WXS-CENTRAL-01,21.82,21.64,0,66.24,0,49.72,22.44,1015.96,external
2026-07-28T00:00:00Z,REG-COASTAL,WXS-COASTAL-01,27.05,27.5,0,74.44,0,33.81,12.71,1013.06,external
2026-07-28T01:00:00Z,REG-COASTAL,WXS-COASTAL-01,26.52,26.98,0,75.41,0,35.94,13.14,1013.2,external
2026-07-28T02:00:00Z,REG-COASTAL,WXS-COASTAL-01,26.06,26.54,0,76.26,0,36.08,13.12,1013.33,external
2026-07-28T03:00:00Z,REG-COASTAL,WXS-COASTAL-01,25.93,26.47,0,76.51,0,35.19,11.14,1013.45,external
2026-07-28T04:00:00Z,REG-COASTAL,WXS-COASTAL-01,25.99,26.52,0,76.4,0,37.71,11.93,1013.54,external
2026-07-28T05:00:00Z,REG-COASTAL,WXS-COASTAL-01,26.28,26.8,0,75.85,0,32.79,11.44,1013.59,external
2026-07-28T06:00:00Z,REG-COASTAL,WXS-COASTAL-01,27.09,27.54,0,74.36,0,36.27,12.82,1013.61,external
2026-07-28T07:00:00Z,REG-COASTAL,WXS-COASTAL-01,27.92,28.34,2.51,72.82,0,36.04,12.57,1013.59,external
2026-07-28T08:00:00Z,REG-COASTAL,WXS-COASTAL-01,28.78,29.18,4.875,71.24,0,32.8,11.07,1013.54,external
2026-07-28T09:00:00Z,REG-COASTAL,WXS-COASTAL-01,29.71,30.06,6.956,69.51,0,28.26,12.41,1013.45,external
2026-07-28T10:00:00Z,REG-COASTAL,WXS-COASTAL-01,30.78,31.28,8.633,67.53,0,30.61,12.04,1013.33,external
2026-07-28T11:00:00Z,REG-COASTAL,WXS-COASTAL-01,31.55,32.16,9.808,66.1,0,28.92,12.31,1013.2,external
2026-07-28T12:00:00Z,REG-COASTAL,WXS-COASTAL-01,32.46,33.07,10.413,64.43,0,28.34,12.93,1013.06,external
2026-07-28T13:00:00Z,REG-COASTAL,WXS-COASTAL-01,33.07,33.7,10.413,63.29,0,26.91,11.94,1012.92,external
2026-07-28T14:00:00Z,REG-COASTAL,WXS-COASTAL-01,33.6,34.1,9.808,62.32,0,32.36,12.48,1012.79,external
2026-07-28T15:00:00Z,REG-COASTAL,WXS-COASTAL-01,33.61,33.93,8.633,62.31,0,30.65,13.03,1012.67,external
2026-07-28T16:00:00Z,REG-COASTAL,WXS-COASTAL-01,33.42,33.6,6.956,62.66,0,30.09,12.12,1012.58,external
2026-07-28T17:00:00Z,REG-COASTAL,WXS-COASTAL-01,33.02,33.18,4.875,63.39,0,30.48,13.02,1012.53,external
2026-07-28T18:00:00Z,REG-COASTAL,WXS-COASTAL-01,32.24,32.45,2.51,64.83,0,33.6,12.88,1012.51,external
2026-07-28T19:00:00Z,REG-COASTAL,WXS-COASTAL-01,31.74,31.92,0,65.75,0,38.5,14.07,1012.53,external
2026-07-28T20:00:00Z,REG-COASTAL,WXS-COASTAL-01,30.78,31.02,0,67.52,0,35.68,13.7,1012.58,external
2026-07-28T21:00:00Z,REG-COASTAL,WXS-COASTAL-01,29.9,30.21,0,69.17,0,37.13,12.89,1012.67,external
2026-07-28T22:00:00Z,REG-COASTAL,WXS-COASTAL-01,28.73,29.14,0,71.33,0,34.65,11.79,1012.79,external
2026-07-28T23:00:00Z,REG-COASTAL,WXS-COASTAL-01,28.01,28.45,0,72.65,0,34.19,12.24,1012.92,external
2026-07-28T00:00:00Z,REG-SOUTH,WXS-SOUTH-01,27.67,27.91,0,67.95,0,30.79,13.84,1012.46,external
2026-07-28T01:00:00Z,REG-SOUTH,WXS-SOUTH-01,27,27.22,0,69.19,0,31.39,14.98,1012.52,external
2026-07-28T02:00:00Z,REG-SOUTH,WXS-SOUTH-01,26.47,26.75,0,70.17,0,32.02,14.27,1012.55,external
2026-07-28T03:00:00Z,REG-SOUTH,WXS-SOUTH-01,26.42,26.74,0,70.25,0,35.5,13.4,1012.54,external
2026-07-28T04:00:00Z,REG-SOUTH,WXS-SOUTH-01,26.57,26.81,0,69.98,0,28.3,14.95,1012.49,external
2026-07-28T05:00:00Z,REG-SOUTH,WXS-SOUTH-01,26.99,27.21,0,69.19,0,31.95,15.05,1012.41,external
2026-07-28T06:00:00Z,REG-SOUTH,WXS-SOUTH-01,27.7,27.95,0,67.89,0,29.32,13.64,1012.3,external
2026-07-28T07:00:00Z,REG-SOUTH,WXS-SOUTH-01,28.64,28.81,2.588,66.15,0,27.8,14.39,1012.17,external
2026-07-28T08:00:00Z,REG-SOUTH,WXS-SOUTH-01,29.48,29.6,5.026,64.6,0,26.58,14.55,1012.03,external
2026-07-28T09:00:00Z,REG-SOUTH,WXS-SOUTH-01,30.62,30.75,7.172,62.48,0,27.4,13.66,1011.88,external
2026-07-28T10:00:00Z,REG-SOUTH,WXS-SOUTH-01,31.85,32.08,8.901,60.21,0,25.89,15.01,1011.75,external
2026-07-28T11:00:00Z,REG-SOUTH,WXS-SOUTH-01,32.73,33.05,10.113,58.59,0,22.38,15.66,1011.63,external
2026-07-28T12:00:00Z,REG-SOUTH,WXS-SOUTH-01,33.52,33.9,10.737,57.11,0,20.95,15.44,1011.54,external
2026-07-28T13:00:00Z,REG-SOUTH,WXS-SOUTH-01,34.21,34.58,10.737,55.84,0,26.75,14.88,1011.48,external
2026-07-28T14:00:00Z,REG-SOUTH,WXS-SOUTH-01,34.51,34.82,10.113,55.29,0,19.48,14.06,1011.45,external
2026-07-28T15:00:00Z,REG-SOUTH,WXS-SOUTH-01,34.64,34.78,8.901,55.04,0,21.96,14.29,1011.46,external
2026-07-28T16:00:00Z,REG-SOUTH,WXS-SOUTH-01,34.49,34.4,7.172,55.33,0,28.95,14.5,1011.51,external
2026-07-28T17:00:00Z,REG-SOUTH,WXS-SOUTH-01,34.18,34.12,5.026,55.89,0,29.28,13.89,1011.59,external
2026-07-28T18:00:00Z,REG-SOUTH,WXS-SOUTH-01,33.49,33.42,2.588,57.18,0,30.59,14.72,1011.7,external
2026-07-28T19:00:00Z,REG-SOUTH,WXS-SOUTH-01,32.71,32.69,0,58.62,0,32.39,14.34,1011.83,external
2026-07-28T20:00:00Z,REG-SOUTH,WXS-SOUTH-01,31.6,31.66,0,60.67,0,26.44,13.81,1011.97,external
2026-07-28T21:00:00Z,REG-SOUTH,WXS-SOUTH-01,30.56,30.58,0,62.6,0,26.91,15.66,1012.12,external
2026-07-28T22:00:00Z,REG-SOUTH,WXS-SOUTH-01,29.45,29.64,0,64.64,0,32.54,13.31,1012.25,external
2026-07-28T23:00:00Z,REG-SOUTH,WXS-SOUTH-01,28.42,28.59,0,66.56,0,30.96,14.51,1012.37,external
2026-07-28T00:00:00Z,REG-DELTA,WXS-DELTA-01,28.78,29.4,0,82.13,0,45.67,13.39,1011.83,external
2026-07-28T01:00:00Z,REG-DELTA,WXS-DELTA-01,28.27,28.9,0,83.08,0,47.49,13.56,1011.75,external
2026-07-28T02:00:00Z,REG-DELTA,WXS-DELTA-01,27.88,28.52,0,83.8,0,48.19,13.85,1011.65,external
2026-07-28T03:00:00Z,REG-DELTA,WXS-DELTA-01,27.77,28.38,0,84,0,45.21,14.61,1011.52,external
2026-07-28T04:00:00Z,REG-DELTA,WXS-DELTA-01,27.9,28.59,0,83.76,0,47.79,12.68,1011.38,external
2026-07-28T05:00:00Z,REG-DELTA,WXS-DELTA-01,28.27,28.84,0,83.07,0,43.21,15.02,1011.24,external
2026-07-28T06:00:00Z,REG-DELTA,WXS-DELTA-01,28.88,29.46,0,81.95,0,43.89,14.02,1011.1,external
2026-07-28T07:00:00Z,REG-DELTA,WXS-DELTA-01,29.4,30.05,2.556,80.98,0,44.84,11.86,1010.98,external
2026-07-28T08:00:00Z,REG-DELTA,WXS-DELTA-01,30.23,30.76,4.964,79.45,0,45.81,13.82,1010.88,external
2026-07-28T09:00:00Z,REG-DELTA,WXS-DELTA-01,31.05,31.55,7.083,77.93,0,42.93,13.59,1010.81,external
2026-07-28T10:00:00Z,REG-DELTA,WXS-DELTA-01,31.87,32.33,8.791,76.41,0,39.52,13.67,1010.78,external
2026-07-28T11:00:00Z,REG-DELTA,WXS-DELTA-01,32.59,33.15,9.988,75.07,0,37.78,13.08,1010.79,external
2026-07-28T12:00:00Z,REG-DELTA,WXS-DELTA-01,33.22,33.79,10.604,73.92,0,40.02,13.48,1010.83,external
2026-07-28T13:00:00Z,REG-DELTA,WXS-DELTA-01,33.9,34.41,10.604,72.67,0,36.85,14.03,1010.91,external
2026-07-28T14:00:00Z,REG-DELTA,WXS-DELTA-01,34.11,34.61,9.988,72.27,0,44.52,12.79,1011.01,external
2026-07-28T15:00:00Z,REG-DELTA,WXS-DELTA-01,34.3,34.61,8.791,71.91,0,40.53,14.54,1011.14,external
2026-07-28T16:00:00Z,REG-DELTA,WXS-DELTA-01,34.14,34.48,7.083,72.21,0,42.56,14.09,1011.28,external
2026-07-28T17:00:00Z,REG-DELTA,WXS-DELTA-01,33.82,34.1,4.964,72.8,0,44.01,15.81,1011.42,external
2026-07-28T18:00:00Z,REG-DELTA,WXS-DELTA-01,33.37,33.81,2.556,73.63,0,43.67,12.67,1011.56,external
2026-07-28T19:00:00Z,REG-DELTA,WXS-DELTA-01,32.67,33.06,0,74.93,0,44.78,14.47,1011.68,external
2026-07-28T20:00:00Z,REG-DELTA,WXS-DELTA-01,31.88,32.42,0,76.39,0,44.4,11.64,1011.78,external
2026-07-28T21:00:00Z,REG-DELTA,WXS-DELTA-01,31.09,31.62,0,77.86,0,44.76,12.96,1011.85,external
2026-07-28T22:00:00Z,REG-DELTA,WXS-DELTA-01,30.23,30.81,0,79.44,0,47.55,12.75,1011.88,external
2026-07-28T23:00:00Z,REG-DELTA,WXS-DELTA-01,29.57,30.13,0,80.66,0,46.31,13.91,1011.87,external
2026-07-28T00:00:00Z,REG-ISLAND,WXS-ISLAND-01,26.35,26.62,0,81.14,0,66.8,20.55,1009.58,external
2026-07-28T01:00:00Z,REG-ISLAND,WXS-ISLAND-01,26.01,26.33,0,81.77,0,65.04,19.71,1009.43,external
2026-07-28T02:00:00Z,REG-ISLAND,WXS-ISLAND-01,25.77,26.04,0,82.21,0,69.38,21.3,1009.29,external
2026-07-28T03:00:00Z,REG-ISLAND,WXS-ISLAND-01,25.7,25.98,0,82.34,0,66.06,21.05,1009.17,external
2026-07-28T04:00:00Z,REG-ISLAND,WXS-ISLAND-01,25.81,26.1,0,82.14,0,68.28,20.64,1009.07,external
2026-07-28T05:00:00Z,REG-ISLAND,WXS-ISLAND-01,25.96,26.19,0,81.87,0,69.26,21.74,1008.99,external
2026-07-28T06:00:00Z,REG-ISLAND,WXS-ISLAND-01,26.5,26.7,0,80.87,0,68.86,21.95,1008.96,external
2026-07-28T07:00:00Z,REG-ISLAND,WXS-ISLAND-01,26.99,27.23,2.363,79.96,0,62.84,20.47,1008.95,external
2026-07-28T08:00:00Z,REG-ISLAND,WXS-ISLAND-01,27.79,27.9,4.589,78.48,0,67.28,22.65,1008.99,external
2026-07-28T09:00:00Z,REG-ISLAND,WXS-ISLAND-01,28.4,28.59,6.548,77.36,0,61.31,20.2,1009.06,external
2026-07-28T10:00:00Z,REG-ISLAND,WXS-ISLAND-01,29.11,29.2,8.127,76.05,0,61,21.53,1009.16,external
2026-07-28T11:00:00Z,REG-ISLAND,WXS-ISLAND-01,29.87,29.96,9.233,74.63,0,62.38,20.85,1009.28,external
2026-07-28T12:00:00Z,REG-ISLAND,WXS-ISLAND-01,30.44,30.51,9.803,73.58,0,57.08,20.68,1009.42,external
2026-07-28T13:00:00Z,REG-ISLAND,WXS-ISLAND-01,30.91,30.98,9.803,72.71,0,61.66,20.17,1009.57,external
2026-07-28T14:00:00Z,REG-ISLAND,WXS-ISLAND-01,31.14,31.25,9.233,72.28,0,57.65,19.05,1009.71,external
2026-07-28T15:00:00Z,REG-ISLAND,WXS-ISLAND-01,31.45,31.52,8.127,71.71,0,65.16,19.63,1009.83,external
2026-07-28T16:00:00Z,REG-ISLAND,WXS-ISLAND-01,31.32,31.27,6.548,71.95,0,62.06,22.54,1009.93,external
2026-07-28T17:00:00Z,REG-ISLAND,WXS-ISLAND-01,30.93,30.97,4.589,72.68,0,66.3,20.97,1010.01,external
2026-07-28T18:00:00Z,REG-ISLAND,WXS-ISLAND-01,30.4,30.4,2.363,77.65,1.51,78.26,24.46,1010.04,external
2026-07-28T19:00:00Z,REG-ISLAND,WXS-ISLAND-01,29.75,29.81,0,78.86,2.061,79.84,23.85,1010.05,external
2026-07-28T20:00:00Z,REG-ISLAND,WXS-ISLAND-01,29.23,29.3,0,79.82,1.814,81.88,24.18,1010.01,external
2026-07-28T21:00:00Z,REG-ISLAND,WXS-ISLAND-01,28.41,28.48,0,81.33,1.829,80.94,25.21,1009.94,external
2026-07-28T22:00:00Z,REG-ISLAND,WXS-ISLAND-01,27.7,27.83,0,82.65,2.016,81.41,24.51,1009.84,external
2026-07-28T23:00:00Z,REG-ISLAND,WXS-ISLAND-01,27.11,27.35,0,79.73,0,62.16,20.42,1009.72,external
2026-07-28T00:00:00Z,REG-NORTH,WXS-NORTH-01,18.46,18.89,0,77.49,0,36.37,14.93,1018.13,external
2026-07-28T01:00:00Z,REG-NORTH,WXS-NORTH-01,17.84,18.34,0,78.63,0,35.66,14.14,1018.05,external
2026-07-28T02:00:00Z,REG-NORTH,WXS-NORTH-01,17.43,17.89,0,79.39,0,34.42,15.3,1018.01,external
2026-07-28T03:00:00Z,REG-NORTH,WXS-NORTH-01,17.35,17.77,0,79.54,0,35.97,16.24,1018,external
2026-07-28T04:00:00Z,REG-NORTH,WXS-NORTH-01,17.44,17.86,0,79.37,0,37.49,16.28,1018.03,external
2026-07-28T05:00:00Z,REG-NORTH,WXS-NORTH-01,17.79,18.29,0,78.72,0,35.56,14.03,1018.1,external
2026-07-28T06:00:00Z,REG-NORTH,WXS-NORTH-01,18.34,18.78,0,77.7,0,34.63,14.87,1018.19,external
2026-07-28T07:00:00Z,REG-NORTH,WXS-NORTH-01,19.16,19.55,1.416,76.19,0,36.83,15.07,1018.31,external
2026-07-28T08:00:00Z,REG-NORTH,WXS-NORTH-01,20.13,20.5,2.749,74.39,0,34.39,14.56,1018.45,external
2026-07-28T09:00:00Z,REG-NORTH,WXS-NORTH-01,21.08,21.38,3.923,72.64,0,30.87,14.98,1018.59,external
2026-07-28T10:00:00Z,REG-NORTH,WXS-NORTH-01,22.03,22.32,4.869,70.89,0,29,15.01,1018.73,external
2026-07-28T11:00:00Z,REG-NORTH,WXS-NORTH-01,22.84,23.26,5.532,69.38,0,32.61,14.37,1018.86,external
2026-07-28T12:00:00Z,REG-NORTH,WXS-NORTH-01,23.59,24.06,5.873,67.99,0,31.11,13.95,1018.97,external
2026-07-28T13:00:00Z,REG-NORTH,WXS-NORTH-01,24.25,24.58,5.873,66.77,0,30.09,16.24,1019.05,external
2026-07-28T14:00:00Z,REG-NORTH,WXS-NORTH-01,24.63,24.91,5.532,66.08,0,31.39,15.47,1019.09,external
2026-07-28T15:00:00Z,REG-NORTH,WXS-NORTH-01,24.74,24.82,4.869,65.87,0,27.84,16.85,1019.1,external
2026-07-28T16:00:00Z,REG-NORTH,WXS-NORTH-01,24.57,24.78,3.923,66.18,0,33.56,13.59,1019.07,external
2026-07-28T17:00:00Z,REG-NORTH,WXS-NORTH-01,24.23,24.38,2.749,66.82,0,34.86,15.06,1019,external
2026-07-28T18:00:00Z,REG-NORTH,WXS-NORTH-01,23.63,23.79,1.416,67.92,0,37.63,15.71,1018.91,external
2026-07-28T19:00:00Z,REG-NORTH,WXS-NORTH-01,22.82,23.03,0,69.41,0,32.51,15.52,1018.79,external
2026-07-28T20:00:00Z,REG-NORTH,WXS-NORTH-01,21.81,22,0,71.29,0,36.57,16.81,1018.65,external
2026-07-28T21:00:00Z,REG-NORTH,WXS-NORTH-01,21.07,21.3,0,72.65,0,35.89,16.63,1018.51,external
2026-07-28T22:00:00Z,REG-NORTH,WXS-NORTH-01,20.06,20.33,0,74.53,0,35.56,16.88,1018.37,external
2026-07-28T23:00:00Z,REG-NORTH,WXS-NORTH-01,19.17,19.62,0,76.17,0,33.01,13.89,1018.24,external
2026-07-28T00:00:00Z,REG-CENTRAL,WXS-CENTRAL-01,21.1,21.34,0,67.47,0,36.6,13.57,1014.05,external
2026-07-28T01:00:00Z,REG-CENTRAL,WXS-CENTRAL-01,20.4,20.7,0,68.77,0,41.36,13.08,1014.11,external
2026-07-28T02:00:00Z,REG-CENTRAL,WXS-CENTRAL-01,20.32,20.57,0,68.93,0,36.57,14.12,1014.2,external
2026-07-28T03:00:00Z,REG-CENTRAL,WXS-CENTRAL-01,20.05,20.33,0,69.42,0,40.56,13.81,1014.32,external
2026-07-28T04:00:00Z,REG-CENTRAL,WXS-CENTRAL-01,20.2,20.46,0,69.15,0,37.19,14.09,1014.45,external
2026-07-28T05:00:00Z,REG-CENTRAL,WXS-CENTRAL-01,20.5,20.7,0,68.59,0,39.87,15.03,1014.59,external
2026-07-28T06:00:00Z,REG-CENTRAL,WXS-CENTRAL-01,21.05,21.32,0,67.57,0,41.25,12.93,1014.74,external
2026-07-28T07:00:00Z,REG-CENTRAL,WXS-CENTRAL-01,21.82,22.01,1.638,66.14,0,38.55,13.91,1014.87,external
2026-07-28T08:00:00Z,REG-CENTRAL,WXS-CENTRAL-01,22.83,23.02,3.181,64.28,0,35.65,12.8,1014.98,external
2026-07-28T09:00:00Z,REG-CENTRAL,WXS-CENTRAL-01,23.82,23.86,4.538,62.45,0,32.13,15.08,1015.06,external
2026-07-28T10:00:00Z,REG-CENTRAL,WXS-CENTRAL-01,24.58,24.71,5.632,61.03,0,32.13,12.55,1015.11,external
2026-07-28T11:00:00Z,REG-CENTRAL,WXS-CENTRAL-01,25.53,25.65,6.399,59.29,0,32.03,13.91,1015.13,external
2026-07-28T12:00:00Z,REG-CENTRAL,WXS-CENTRAL-01,26.29,26.46,6.794,57.88,0,36.63,13.46,1015.11,external
2026-07-28T13:00:00Z,REG-CENTRAL,WXS-CENTRAL-01,26.83,27.03,6.794,56.89,0,35.67,12.21,1015.05,external
2026-07-28T14:00:00Z,REG-CENTRAL,WXS-CENTRAL-01,27.27,27.27,6.399,56.06,0,32.79,14.89,1014.96,external
2026-07-28T15:00:00Z,REG-CENTRAL,WXS-CENTRAL-01,27.44,27.4,5.632,55.75,0,40.28,13.18,1014.84,external
2026-07-28T16:00:00Z,REG-CENTRAL,WXS-CENTRAL-01,27.2,27.12,4.538,56.19,0,38.1,14.59,1014.71,external
2026-07-28T17:00:00Z,REG-CENTRAL,WXS-CENTRAL-01,26.91,26.88,3.181,56.74,0,39.93,13.63,1014.57,external
2026-07-28T18:00:00Z,REG-CENTRAL,WXS-CENTRAL-01,26.16,26.18,1.638,58.12,0,37.23,13.28,1014.42,external
2026-07-28T19:00:00Z,REG-CENTRAL,WXS-CENTRAL-01,25.48,25.52,0,59.38,0,39.44,13.41,1014.29,external
2026-07-28T20:00:00Z,REG-CENTRAL,WXS-CENTRAL-01,24.73,24.88,0,60.76,0,41.03,11.13,1014.18,external
2026-07-28T21:00:00Z,REG-CENTRAL,WXS-CENTRAL-01,23.75,23.89,0,62.57,0,41.42,13.26,1014.1,external
2026-07-28T22:00:00Z,REG-CENTRAL,WXS-CENTRAL-01,22.76,22.95,0,64.4,0,39.74,13.17,1014.05,external
2026-07-28T23:00:00Z,REG-CENTRAL,WXS-CENTRAL-01,22.03,22.23,0,65.75,0,39.06,13.5,1014.03,external
2026-07-29T00:00:00Z,REG-COASTAL,WXS-COASTAL-01,26.92,27.4,0,75.37,0,23.93,12.82,1011.86,external
2026-07-29T01:00:00Z,REG-COASTAL,WXS-COASTAL-01,26.25,26.71,0,76.63,0,25.78,13.63,1012,external
2026-07-29T02:00:00Z,REG-COASTAL,WXS-COASTAL-01,25.88,26.34,0,77.31,0,24.59,14.12,1012.14,external
2026-07-29T03:00:00Z,REG-COASTAL,WXS-COASTAL-01,25.91,26.38,0,77.25,0,24.9,14.04,1012.25,external
2026-07-29T04:00:00Z,REG-COASTAL,WXS-COASTAL-01,25.9,26.39,0,77.26,0,28.13,13.57,1012.34,external
2026-07-29T05:00:00Z,REG-COASTAL,WXS-COASTAL-01,26.37,26.83,0,76.4,0,21.56,13.5,1012.39,external
2026-07-29T06:00:00Z,REG-COASTAL,WXS-COASTAL-01,27.05,27.47,0,75.15,0,22.33,13.87,1012.41,external
2026-07-29T07:00:00Z,REG-COASTAL,WXS-COASTAL-01,27.74,28.16,2.575,73.86,0,23.33,13.19,1012.39,external
2026-07-29T08:00:00Z,REG-COASTAL,WXS-COASTAL-01,28.69,29.12,5.001,72.1,0,20.49,12.12,1012.34,external
2026-07-29T09:00:00Z,REG-COASTAL,WXS-COASTAL-01,29.9,30.37,7.136,69.87,0,14.64,12.27,1012.25,external
2026-07-29T10:00:00Z,REG-COASTAL,WXS-COASTAL-01,30.79,31.43,8.856,68.22,0,15.99,13.2,1012.14,external
2026-07-29T11:00:00Z,REG-COASTAL,WXS-COASTAL-01,31.98,32.71,10.061,66.02,0,19.53,13.84,1012,external
2026-07-29T12:00:00Z,REG-COASTAL,WXS-COASTAL-01,32.86,33.72,10.682,64.39,0,15.16,12.09,1011.86,external
2026-07-29T13:00:00Z,REG-COASTAL,WXS-COASTAL-01,33.41,34.21,10.682,63.37,0,15.05,12.88,1011.72,external
2026-07-29T14:00:00Z,REG-COASTAL,WXS-COASTAL-01,33.6,34.33,10.061,63.02,0,18.48,12.21,1011.59,external
2026-07-29T15:00:00Z,REG-COASTAL,WXS-COASTAL-01,33.97,34.52,8.856,62.34,0,16.97,11.23,1011.47,external
2026-07-29T16:00:00Z,REG-COASTAL,WXS-COASTAL-01,33.8,34,7.136,62.65,0,18.44,14.42,1011.38,external
2026-07-29T17:00:00Z,REG-COASTAL,WXS-COASTAL-01,33.3,33.46,5.001,63.58,0,19.23,13.23,1011.33,external
2026-07-29T18:00:00Z,REG-COASTAL,WXS-COASTAL-01,32.64,32.84,2.575,64.79,0,19.77,13,1011.31,external
2026-07-29T19:00:00Z,REG-COASTAL,WXS-COASTAL-01,31.93,32.13,0,66.12,0,26.11,13.73,1011.33,external
2026-07-29T20:00:00Z,REG-COASTAL,WXS-COASTAL-01,30.85,31.12,0,68.12,0,25.78,13.25,1011.38,external
2026-07-29T21:00:00Z,REG-COASTAL,WXS-COASTAL-01,29.8,30.16,0,70.06,0,20.89,12.21,1011.47,external
2026-07-29T22:00:00Z,REG-COASTAL,WXS-COASTAL-01,28.86,29.22,0,71.8,0,25.23,13.15,1011.59,external
2026-07-29T23:00:00Z,REG-COASTAL,WXS-COASTAL-01,27.75,28.16,0,73.84,0,24.75,13.33,1011.72,external
2026-07-29T00:00:00Z,REG-SOUTH,WXS-SOUTH-01,27.71,27.87,0,68.7,0,35.56,15.86,1012.2,external
2026-07-29T01:00:00Z,REG-SOUTH,WXS-SOUTH-01,27.03,27.21,0,69.94,0,33.32,16.34,1012.26,external
2026-07-29T02:00:00Z,REG-SOUTH,WXS-SOUTH-01,26.62,26.81,0,70.71,0,33.22,16.45,1012.29,external
2026-07-29T03:00:00Z,REG-SOUTH,WXS-SOUTH-01,26.53,26.73,0,70.88,0,36.45,16.31,1012.28,external
2026-07-29T04:00:00Z,REG-SOUTH,WXS-SOUTH-01,26.61,26.77,0,70.73,0,37.46,17.22,1012.23,external
2026-07-29T05:00:00Z,REG-SOUTH,WXS-SOUTH-01,27,27.19,0,70,0,36.42,16.18,1012.15,external
2026-07-29T06:00:00Z,REG-SOUTH,WXS-SOUTH-01,27.65,27.82,0,68.8,0,35.02,16,1012.04,external
2026-07-29T07:00:00Z,REG-SOUTH,WXS-SOUTH-01,28.51,28.55,2.559,67.21,0,33.31,18.05,1011.91,external
2026-07-29T08:00:00Z,REG-SOUTH,WXS-SOUTH-01,29.48,29.47,4.97,65.42,0,30.47,17.86,1011.77,external
2026-07-29T09:00:00Z,REG-SOUTH,WXS-SOUTH-01,30.49,30.48,7.091,63.55,0,29.73,16.94,1011.62,external
2026-07-29T10:00:00Z,REG-SOUTH,WXS-SOUTH-01,31.58,31.64,8.801,61.52,0,27.16,18.3,1011.49,external
2026-07-29T11:00:00Z,REG-SOUTH,WXS-SOUTH-01,32.49,32.78,9.999,59.86,0,27.16,15.25,1011.37,external
2026-07-29T12:00:00Z,REG-SOUTH,WXS-SOUTH-01,33.21,33.49,10.616,58.51,0,30.18,16.73,1011.28,external
2026-07-29T13:00:00Z,REG-SOUTH,WXS-SOUTH-01,34.01,34.23,10.616,57.04,0,24.56,17.19,1011.22,external
2026-07-29T14:00:00Z,REG-SOUTH,WXS-SOUTH-01,34.27,34.4,9.999,56.55,0,26.64,17.18,1011.19,external
2026-07-29T15:00:00Z,REG-SOUTH,WXS-SOUTH-01,34.61,34.59,8.801,55.93,0,26.79,16.86,1011.2,external
2026-07-29T16:00:00Z,REG-SOUTH,WXS-SOUTH-01,34.5,34.27,7.091,56.13,0,34.53,17.7,1011.25,external
2026-07-29T17:00:00Z,REG-SOUTH,WXS-SOUTH-01,33.99,33.79,4.97,57.07,0,32.26,17.72,1011.33,external
2026-07-29T18:00:00Z,REG-SOUTH,WXS-SOUTH-01,33.48,33.38,2.559,58.01,0,33.32,15.85,1011.44,external
2026-07-29T19:00:00Z,REG-SOUTH,WXS-SOUTH-01,32.58,32.44,0,59.67,0,35.32,17.81,1011.57,external
2026-07-29T20:00:00Z,REG-SOUTH,WXS-SOUTH-01,31.6,31.57,0,61.5,0,34.02,16.33,1011.71,external
2026-07-29T21:00:00Z,REG-SOUTH,WXS-SOUTH-01,30.47,30.42,0,63.59,0,38.56,17.73,1011.86,external
2026-07-29T22:00:00Z,REG-SOUTH,WXS-SOUTH-01,29.34,29.38,0,65.67,0,32.86,17.04,1011.99,external
2026-07-29T23:00:00Z,REG-SOUTH,WXS-SOUTH-01,28.47,28.49,0,67.28,0,37.11,18.37,1012.11,external
2026-07-29T00:00:00Z,REG-DELTA,WXS-DELTA-01,28.36,29.07,0,83.29,0,33.83,12.01,1010.92,external
2026-07-29T01:00:00Z,REG-DELTA,WXS-DELTA-01,27.77,28.51,0,84.38,0,30.33,11.6,1010.84,external
2026-07-29T02:00:00Z,REG-DELTA,WXS-DELTA-01,27.25,28,0,85.36,0,28.85,12.09,1010.74,external
2026-07-29T03:00:00Z,REG-DELTA,WXS-DELTA-01,27.14,27.91,0,85.55,0,35.23,11.84,1010.61,external
2026-07-29T04:00:00Z,REG-DELTA,WXS-DELTA-01,27.37,28.13,0,85.12,0,33.09,11.6,1010.47,external
2026-07-29T05:00:00Z,REG-DELTA,WXS-DELTA-01,27.87,28.6,0,84.2,0,33.62,11.91,1010.33,external
2026-07-29T06:00:00Z,REG-DELTA,WXS-DELTA-01,28.29,29,0,83.43,0,36.23,10.15,1010.19,external
2026-07-29T07:00:00Z,REG-DELTA,WXS-DELTA-01,29.15,29.81,2.604,81.84,0,30.19,12.17,1010.07,external
2026-07-29T08:00:00Z,REG-DELTA,WXS-DELTA-01,30.02,30.62,5.057,80.22,0,27.32,12.66,1009.97,external
2026-07-29T09:00:00Z,REG-DELTA,WXS-DELTA-01,30.9,31.49,7.216,78.6,0,32.72,11.1,1009.9,external
2026-07-29T10:00:00Z,REG-DELTA,WXS-DELTA-01,32,32.68,8.956,76.57,0,27.96,10.86,1009.87,external
2026-07-29T11:00:00Z,REG-DELTA,WXS-DELTA-01,32.82,33.54,10.175,75.05,0,26.64,13.29,1009.88,external
2026-07-29T12:00:00Z,REG-DELTA,WXS-DELTA-01,33.71,34.53,10.803,73.39,0,27.14,10.81,1009.92,external
2026-07-29T13:00:00Z,REG-DELTA,WXS-DELTA-01,34.27,35.05,10.803,72.37,0,26.54,12.18,1010,external
2026-07-29T14:00:00Z,REG-DELTA,WXS-DELTA-01,34.41,35.12,10.175,72.1,0,25.84,11.45,1010.1,external
2026-07-29T15:00:00Z,REG-DELTA,WXS-DELTA-01,34.89,35.44,8.956,71.21,0,26.98,11.69,1010.23,external
2026-07-29T16:00:00Z,REG-DELTA,WXS-DELTA-01,34.6,35.01,7.216,71.76,0,26.63,11.88,1010.37,external
2026-07-29T17:00:00Z,REG-DELTA,WXS-DELTA-01,34.25,34.65,5.057,72.4,0,30.36,12.66,1010.51,external
2026-07-29T18:00:00Z,REG-DELTA,WXS-DELTA-01,33.77,34.21,2.604,73.28,0,27.38,12.48,1010.65,external
2026-07-29T19:00:00Z,REG-DELTA,WXS-DELTA-01,32.87,33.37,0,74.95,0,32.59,11.78,1010.77,external
2026-07-29T20:00:00Z,REG-DELTA,WXS-DELTA-01,32.07,32.61,0,76.43,0,31.61,11.07,1010.87,external
2026-07-29T21:00:00Z,REG-DELTA,WXS-DELTA-01,30.98,31.54,0,78.45,0,34.98,12.63,1010.94,external
2026-07-29T22:00:00Z,REG-DELTA,WXS-DELTA-01,30.02,30.6,0,80.22,0,34.09,13.17,1010.97,external
2026-07-29T23:00:00Z,REG-DELTA,WXS-DELTA-01,29.22,29.84,0,81.69,0,33.13,13.07,1010.96,external
2026-07-29T00:00:00Z,REG-ISLAND,WXS-ISLAND-01,26.21,26.41,0,80.6,0,69.95,21.82,1009.04,external
2026-07-29T01:00:00Z,REG-ISLAND,WXS-ISLAND-01,25.8,26.07,0,81.36,0,69.06,20.79,1008.89,external
2026-07-29T02:00:00Z,REG-ISLAND,WXS-ISLAND-01,25.58,25.85,0,81.77,0,70.83,20.81,1008.75,external
2026-07-29T03:00:00Z,REG-ISLAND,WXS-ISLAND-01,25.61,25.92,0,81.71,0,63.19,20.12,1008.63,external
2026-07-29T04:00:00Z,REG-ISLAND,WXS-ISLAND-01,25.6,25.86,0,81.74,0,67.67,21.11,1008.53,external
2026-07-29T05:00:00Z,REG-ISLAND,WXS-ISLAND-01,25.76,26.06,0,81.44,0,67,19.92,1008.45,external
2026-07-29T06:00:00Z,REG-ISLAND,WXS-ISLAND-01,26.31,26.54,0,80.42,0,67.02,21.07,1008.42,external
2026-07-29T07:00:00Z,REG-ISLAND,WXS-ISLAND-01,27.03,27.29,2.361,79.09,0,67.12,19.57,1008.41,external
2026-07-29T08:00:00Z,REG-ISLAND,WXS-ISLAND-01,27.53,27.68,4.584,82.18,2.871,80.91,23.68,1008.45,external
2026-07-29T09:00:00Z,REG-ISLAND,WXS-ISLAND-01,28.28,28.39,6.541,80.78,3.362,80.8,23.94,1008.52,external
2026-07-29T10:00:00Z,REG-ISLAND,WXS-ISLAND-01,28.89,28.91,8.118,79.64,3.107,71.85,25.23,1008.62,external
2026-07-29T11:00:00Z,REG-ISLAND,WXS-ISLAND-01,29.73,29.72,9.223,74.1,0,61.07,22.74,1008.74,external
2026-07-29T12:00:00Z,REG-ISLAND,WXS-ISLAND-01,30.16,30.24,9.792,73.3,0,63.7,20.46,1008.88,external
2026-07-29T13:00:00Z,REG-ISLAND,WXS-ISLAND-01,30.65,30.67,9.792,72.4,0,64.92,21.24,1009.03,external
2026-07-29T14:00:00Z,REG-ISLAND,WXS-ISLAND-01,31.04,31.03,9.223,71.68,0,62.85,21.43,1009.17,external
2026-07-29T15:00:00Z,REG-ISLAND,WXS-ISLAND-01,31.14,31.12,8.118,71.49,0,62.29,21.56,1009.29,external
2026-07-29T16:00:00Z,REG-ISLAND,WXS-ISLAND-01,31.15,31.21,6.541,71.47,0,61.98,19.94,1009.39,external
2026-07-29T17:00:00Z,REG-ISLAND,WXS-ISLAND-01,30.63,30.64,4.584,72.43,0,65.02,21.57,1009.47,external
2026-07-29T18:00:00Z,REG-ISLAND,WXS-ISLAND-01,30.16,30.21,2.361,73.3,0,67.31,21.07,1009.5,external
2026-07-29T19:00:00Z,REG-ISLAND,WXS-ISLAND-01,29.66,29.72,0,74.23,0,64.47,21.36,1009.51,external
2026-07-29T20:00:00Z,REG-ISLAND,WXS-ISLAND-01,29.04,29.2,0,75.37,0,68.18,19.85,1009.47,external
2026-07-29T21:00:00Z,REG-ISLAND,WXS-ISLAND-01,28.34,28.42,0,76.68,0,67.6,22.19,1009.4,external
2026-07-29T22:00:00Z,REG-ISLAND,WXS-ISLAND-01,27.54,27.75,0,78.15,0,69.04,20.21,1009.3,external
2026-07-29T23:00:00Z,REG-ISLAND,WXS-ISLAND-01,26.87,27.1,0,79.38,0,67.18,20.54,1009.18,external
2026-07-29T00:00:00Z,REG-NORTH,WXS-NORTH-01,18.53,18.82,0,76.29,0,43.17,17.44,1017.19,external
2026-07-29T01:00:00Z,REG-NORTH,WXS-NORTH-01,17.78,18.1,0,77.68,0,43.04,17.36,1017.11,external
2026-07-29T02:00:00Z,REG-NORTH,WXS-NORTH-01,17.67,18.05,0,77.89,0,42.65,16.28,1017.07,external
2026-07-29T03:00:00Z,REG-NORTH,WXS-NORTH-01,17.44,17.88,0,78.3,0,42.38,15.14,1017.06,external
2026-07-29T04:00:00Z,REG-NORTH,WXS-NORTH-01,17.68,18,0,77.86,0,44.29,17.64,1017.09,external
2026-07-29T05:00:00Z,REG-NORTH,WXS-NORTH-01,17.83,18.15,0,77.58,0,42.07,17.48,1017.16,external
2026-07-29T06:00:00Z,REG-NORTH,WXS-NORTH-01,18.55,18.85,0,76.26,0,41.97,17.04,1017.25,external
2026-07-29T07:00:00Z,REG-NORTH,WXS-NORTH-01,19.22,19.5,1.394,75,0,41.11,16.92,1017.37,external
2026-07-29T08:00:00Z,REG-NORTH,WXS-NORTH-01,20.17,20.38,2.707,73.26,0,42.02,17.55,1017.51,external
2026-07-29T09:00:00Z,REG-NORTH,WXS-NORTH-01,20.92,21.16,3.863,71.87,0,38.83,16.1,1017.65,external
2026-07-29T10:00:00Z,REG-NORTH,WXS-NORTH-01,22.08,22.23,4.794,69.72,0,35.11,16.88,1017.79,external
2026-07-29T11:00:00Z,REG-NORTH,WXS-NORTH-01,22.85,23.03,5.447,68.3,0,35.3,16.62,1017.92,external
2026-07-29T12:00:00Z,REG-NORTH,WXS-NORTH-01,23.36,23.52,5.783,67.36,0,37.03,17.84,1018.03,external
2026-07-29T13:00:00Z,REG-NORTH,WXS-NORTH-01,24.18,24.31,5.783,65.83,0,34.68,17.88,1018.11,external
2026-07-29T14:00:00Z,REG-NORTH,WXS-NORTH-01,24.37,24.46,5.447,65.48,0,38.07,17.09,1018.15,external
2026-07-29T15:00:00Z,REG-NORTH,WXS-NORTH-01,24.6,24.64,4.794,65.06,0,37.39,16.64,1018.16,external
2026-07-29T16:00:00Z,REG-NORTH,WXS-NORTH-01,24.44,24.43,3.863,65.36,0,39.21,17.94,1018.13,external
2026-07-29T17:00:00Z,REG-NORTH,WXS-NORTH-01,24.07,24.14,2.707,66.04,0,40.48,16.68,1018.06,external
2026-07-29T18:00:00Z,REG-NORTH,WXS-NORTH-01,23.49,23.6,1.394,67.11,0,37.48,16.37,1017.97,external
2026-07-29T19:00:00Z,REG-NORTH,WXS-NORTH-01,22.82,23.04,0,68.34,0,45.27,14.64,1017.85,external
2026-07-29T20:00:00Z,REG-NORTH,WXS-NORTH-01,22.04,22.21,0,69.79,0,42.85,16.41,1017.71,external
2026-07-29T21:00:00Z,REG-NORTH,WXS-NORTH-01,21.1,21.34,0,71.53,0,45.28,15.83,1017.57,external
2026-07-29T22:00:00Z,REG-NORTH,WXS-NORTH-01,20.04,20.33,0,73.5,0,47.06,15.83,1017.43,external
2026-07-29T23:00:00Z,REG-NORTH,WXS-NORTH-01,19.27,19.57,0,74.92,0,43.35,16.4,1017.3,external
2026-07-29T00:00:00Z,REG-CENTRAL,WXS-CENTRAL-01,20.87,20.93,0,65.79,0,31.68,16.47,1014.88,external
2026-07-29T01:00:00Z,REG-CENTRAL,WXS-CENTRAL-01,20.24,20.31,0,66.93,0,29.49,17.26,1014.94,external
2026-07-29T02:00:00Z,REG-CENTRAL,WXS-CENTRAL-01,19.93,20.01,0,67.52,0,35.9,17.1,1015.03,external
2026-07-29T03:00:00Z,REG-CENTRAL,WXS-CENTRAL-01,19.62,19.66,0,68.08,0,33.62,18.49,1015.15,external
2026-07-29T04:00:00Z,REG-CENTRAL,WXS-CENTRAL-01,19.88,19.95,0,67.61,0,32.08,17.36,1015.28,external
2026-07-29T05:00:00Z,REG-CENTRAL,WXS-CENTRAL-01,20.28,20.35,0,66.87,0,30.44,16.93,1015.42,external
2026-07-29T06:00:00Z,REG-CENTRAL,WXS-CENTRAL-01,21.03,21.07,0,65.48,0,33.92,17.03,1015.57,external
2026-07-29T07:00:00Z,REG-CENTRAL,WXS-CENTRAL-01,21.91,21.88,1.678,63.86,0,28.08,17.42,1015.7,external
2026-07-29T08:00:00Z,REG-CENTRAL,WXS-CENTRAL-01,22.86,22.79,3.259,62.11,0,31.47,17.45,1015.81,external
2026-07-29T09:00:00Z,REG-CENTRAL,WXS-CENTRAL-01,23.83,23.78,4.65,60.31,0,28.78,15.86,1015.89,external
2026-07-29T10:00:00Z,REG-CENTRAL,WXS-CENTRAL-01,24.87,24.79,5.771,58.38,0,23.33,17.77,1015.94,external
2026-07-29T11:00:00Z,REG-CENTRAL,WXS-CENTRAL-01,25.92,25.88,6.556,56.44,0,27.03,18.82,1015.96,external
2026-07-29T12:00:00Z,REG-CENTRAL,WXS-CENTRAL-01,26.66,26.63,6.961,55.06,0,22.42,19.59,1015.94,external
2026-07-29T13:00:00Z,REG-CENTRAL,WXS-CENTRAL-01,27.31,27.34,6.961,53.86,0,27.02,17.44,1015.88,external
2026-07-29T14:00:00Z,REG-CENTRAL,WXS-CENTRAL-01,27.74,27.7,6.556,53.07,0,27.02,17.04,1015.79,external
2026-07-29T15:00:00Z,REG-CENTRAL,WXS-CENTRAL-01,27.88,27.56,5.771,52.81,0,25.26,19.98,1015.67,external
2026-07-29T16:00:00Z,REG-CENTRAL,WXS-CENTRAL-01,27.77,27.49,4.65,53.01,0,28.58,17.04,1015.54,external
2026-07-29T17:00:00Z,REG-CENTRAL,WXS-CENTRAL-01,27.36,27.08,3.259,53.77,0,23.11,17.49,1015.4,external
2026-07-29T18:00:00Z,REG-CENTRAL,WXS-CENTRAL-01,26.67,26.43,1.678,55.05,0,30.19,17.42,1015.25,external
2026-07-29T19:00:00Z,REG-CENTRAL,WXS-CENTRAL-01,25.78,25.56,0,56.69,0,33.17,17.8,1015.12,external
2026-07-29T20:00:00Z,REG-CENTRAL,WXS-CENTRAL-01,24.87,24.75,0,58.38,0,27.76,16.5,1015.01,external
2026-07-29T21:00:00Z,REG-CENTRAL,WXS-CENTRAL-01,23.87,23.78,0,60.23,0,34.67,16.83,1014.93,external
2026-07-29T22:00:00Z,REG-CENTRAL,WXS-CENTRAL-01,22.77,22.66,0,62.27,0,29.65,18.42,1014.88,external
2026-07-29T23:00:00Z,REG-CENTRAL,WXS-CENTRAL-01,21.78,21.71,0,64.09,0,31.37,18.74,1014.86,external
2026-07-30T00:00:00Z,REG-COASTAL,WXS-COASTAL-01,26.89,27.25,0,73.87,0,20.11,14.43,1010.8,external
2026-07-30T01:00:00Z,REG-COASTAL,WXS-COASTAL-01,26.18,26.63,0,75.18,0,15.55,13.19,1010.94,external
2026-07-30T02:00:00Z,REG-COASTAL,WXS-COASTAL-01,25.66,26.12,0,76.14,0,17.53,13.64,1011.08,external
2026-07-30T03:00:00Z,REG-COASTAL,WXS-COASTAL-01,25.61,25.99,0,76.24,0,13.54,15.27,1011.19,external
2026-07-30T04:00:00Z,REG-COASTAL,WXS-COASTAL-01,25.73,26.14,0,76.01,0,20.16,14.67,1011.28,external
2026-07-30T05:00:00Z,REG-COASTAL,WXS-COASTAL-01,26.29,26.72,0,74.99,0,19.18,13.46,1011.33,external
2026-07-30T06:00:00Z,REG-COASTAL,WXS-COASTAL-01,26.84,27.2,0,73.96,0,14.82,14.6,1011.35,external
2026-07-30T07:00:00Z,REG-COASTAL,WXS-COASTAL-01,27.76,28.08,2.62,72.26,0,16.28,14.56,1011.33,external
2026-07-30T08:00:00Z,REG-COASTAL,WXS-COASTAL-01,28.79,29.06,5.087,70.36,0,14.84,14.36,1011.28,external
2026-07-30T09:00:00Z,REG-COASTAL,WXS-COASTAL-01,29.92,30.26,7.259,68.27,0,14.32,15.72,1011.19,external
2026-07-30T10:00:00Z,REG-COASTAL,WXS-COASTAL-01,30.93,31.56,9.009,66.4,0,14.68,14.24,1011.08,external
2026-07-30T11:00:00Z,REG-COASTAL,WXS-COASTAL-01,32.11,32.92,10.235,64.22,0,17.59,13.09,1010.94,external
2026-07-30T12:00:00Z,REG-COASTAL,WXS-COASTAL-01,32.94,33.8,10.867,62.68,0,14.01,13.29,1010.8,external
2026-07-30T13:00:00Z,REG-COASTAL,WXS-COASTAL-01,33.62,34.32,10.867,61.42,0,10.5,16.1,1010.66,external
2026-07-30T14:00:00Z,REG-COASTAL,WXS-COASTAL-01,34.13,34.77,10.235,60.48,0,14.84,14.74,1010.53,external
2026-07-30T15:00:00Z,REG-COASTAL,WXS-COASTAL-01,34.18,34.6,9.009,60.37,0,13.79,15.65,1010.41,external
2026-07-30T16:00:00Z,REG-COASTAL,WXS-COASTAL-01,34.16,34.39,7.259,60.42,0,16.26,13.89,1010.32,external
2026-07-30T17:00:00Z,REG-COASTAL,WXS-COASTAL-01,33.59,33.64,5.087,61.47,0,11.47,14.61,1010.27,external
2026-07-30T18:00:00Z,REG-COASTAL,WXS-COASTAL-01,32.9,32.9,2.62,62.74,0,15.81,16.3,1010.25,external
2026-07-30T19:00:00Z,REG-COASTAL,WXS-COASTAL-01,31.94,32.05,0,64.52,0,17.3,14.86,1010.27,external
2026-07-30T20:00:00Z,REG-COASTAL,WXS-COASTAL-01,30.99,31.13,0,66.29,0,16.55,15,1010.32,external
2026-07-30T21:00:00Z,REG-COASTAL,WXS-COASTAL-01,29.96,30.15,0,68.2,0,20.38,15.09,1010.41,external
2026-07-30T22:00:00Z,REG-COASTAL,WXS-COASTAL-01,28.85,29.14,0,70.24,0,15.68,13.98,1010.53,external
2026-07-30T23:00:00Z,REG-COASTAL,WXS-COASTAL-01,27.65,28,0,72.46,0,18.92,13.88,1010.66,external
2026-07-30T00:00:00Z,REG-SOUTH,WXS-SOUTH-01,27.42,27.69,0,65.93,0,21.16,11.5,1010.97,external
2026-07-30T01:00:00Z,REG-SOUTH,WXS-SOUTH-01,26.86,27.15,0,66.97,0,22.02,10.67,1011.03,external
2026-07-30T02:00:00Z,REG-SOUTH,WXS-SOUTH-01,26.35,26.68,0,67.9,0,25.03,10.36,1011.06,external
2026-07-30T03:00:00Z,REG-SOUTH,WXS-SOUTH-01,26.26,26.58,0,68.08,0,21.25,11.02,1011.05,external
2026-07-30T04:00:00Z,REG-SOUTH,WXS-SOUTH-01,26.23,26.56,0,68.12,0,20.8,10.18,1011,external
2026-07-30T05:00:00Z,REG-SOUTH,WXS-SOUTH-01,26.86,27.15,0,66.97,0,19.37,10.08,1010.92,external
2026-07-30T06:00:00Z,REG-SOUTH,WXS-SOUTH-01,27.61,27.87,0,65.58,0,25.08,10.13,1010.81,external
2026-07-30T07:00:00Z,REG-SOUTH,WXS-SOUTH-01,28.22,28.46,2.638,64.45,0,17.64,11.06,1010.68,external
2026-07-30T08:00:00Z,REG-SOUTH,WXS-SOUTH-01,29.34,29.53,5.122,62.37,0,19.88,9.16,1010.54,external
2026-07-30T09:00:00Z,REG-SOUTH,WXS-SOUTH-01,30.41,30.65,7.309,60.39,0,17.07,11.24,1010.39,external
2026-07-30T10:00:00Z,REG-SOUTH,WXS-SOUTH-01,31.52,31.95,9.071,58.35,0,13.69,10.39,1010.26,external
2026-07-30T11:00:00Z,REG-SOUTH,WXS-SOUTH-01,32.45,33.01,10.306,56.62,0,13.92,11.87,1010.14,external
2026-07-30T12:00:00Z,REG-SOUTH,WXS-SOUTH-01,33.42,34.03,10.942,54.82,0,16.5,11.06,1010.05,external
2026-07-30T13:00:00Z,REG-SOUTH,WXS-SOUTH-01,34.06,34.64,10.942,53.64,0,16.12,10.85,1009.99,external
2026-07-30T14:00:00Z,REG-SOUTH,WXS-SOUTH-01,34.59,35.05,10.306,52.67,0,15.36,12.12,1009.96,external
2026-07-30T15:00:00Z,REG-SOUTH,WXS-SOUTH-01,34.65,34.93,9.071,52.56,0,15.49,11.32,1009.97,external
2026-07-30T16:00:00Z,REG-SOUTH,WXS-SOUTH-01,34.41,34.46,7.309,53,0,18.72,9.98,1010.02,external
2026-07-30T17:00:00Z,REG-SOUTH,WXS-SOUTH-01,34.05,34.01,5.122,53.67,0,21.16,10.07,1010.1,external
2026-07-30T18:00:00Z,REG-SOUTH,WXS-SOUTH-01,33.5,33.49,2.638,54.68,0,21.96,10.77,1010.21,external
2026-07-30T19:00:00Z,REG-SOUTH,WXS-SOUTH-01,32.52,32.56,0,56.49,0,25.46,10.18,1010.34,external
2026-07-30T20:00:00Z,REG-SOUTH,WXS-SOUTH-01,31.66,31.74,0,58.09,0,22.31,11.28,1010.48,external
2026-07-30T21:00:00Z,REG-SOUTH,WXS-SOUTH-01,30.3,30.44,0,60.6,0,20.18,9.38,1010.63,external
2026-07-30T22:00:00Z,REG-SOUTH,WXS-SOUTH-01,29.37,29.55,0,62.32,0,22.48,10.52,1010.76,external
2026-07-30T23:00:00Z,REG-SOUTH,WXS-SOUTH-01,28.27,28.47,0,64.36,0,21.54,12.61,1010.88,external
2026-07-30T00:00:00Z,REG-DELTA,WXS-DELTA-01,28.4,29.13,0,84.33,0,40.16,12.05,1012.85,external
2026-07-30T01:00:00Z,REG-DELTA,WXS-DELTA-01,27.89,28.64,0,85.28,0,43.26,11.51,1012.77,external
2026-07-30T02:00:00Z,REG-DELTA,WXS-DELTA-01,27.53,28.3,0,85.94,0,44.26,10.9,1012.67,external
2026-07-30T03:00:00Z,REG-DELTA,WXS-DELTA-01,27.44,28.22,0,86.11,0,42.11,11.14,1012.54,external
2026-07-30T04:00:00Z,REG-DELTA,WXS-DELTA-01,27.47,28.24,0,86.06,0,39.79,10.58,1012.4,external
2026-07-30T05:00:00Z,REG-DELTA,WXS-DELTA-01,27.77,28.54,0,85.49,0,43.82,11.99,1012.26,external
2026-07-30T06:00:00Z,REG-DELTA,WXS-DELTA-01,28.49,29.22,0,84.17,0,41.14,11.75,1012.12,external
2026-07-30T07:00:00Z,REG-DELTA,WXS-DELTA-01,29.17,29.87,2.593,82.91,0,42.37,11.07,1012,external
2026-07-30T08:00:00Z,REG-DELTA,WXS-DELTA-01,29.95,30.58,5.035,81.47,0,36.92,12.63,1011.9,external
2026-07-30T09:00:00Z,REG-DELTA,WXS-DELTA-01,30.82,31.44,7.185,79.85,0,36.92,12.03,1011.83,external
2026-07-30T10:00:00Z,REG-DELTA,WXS-DELTA-01,31.84,32.4,8.917,77.97,0,38.03,13,1011.8,external
2026-07-30T11:00:00Z,REG-DELTA,WXS-DELTA-01,32.49,33.19,10.131,76.77,0,36.58,11.19,1011.81,external
2026-07-30T12:00:00Z,REG-DELTA,WXS-DELTA-01,33.32,34.05,10.756,75.24,0,37.81,11.86,1011.85,external
2026-07-30T13:00:00Z,REG-DELTA,WXS-DELTA-01,34.03,34.73,10.756,73.91,0,38.97,10.07,1011.93,external
2026-07-30T14:00:00Z,REG-DELTA,WXS-DELTA-01,34.31,34.92,10.131,73.41,0,35.75,11.28,1012.03,external
2026-07-30T15:00:00Z,REG-DELTA,WXS-DELTA-01,34.37,34.86,8.917,73.29,0,36.82,9.56,1012.16,external
2026-07-30T16:00:00Z,REG-DELTA,WXS-DELTA-01,34.27,34.7,7.185,73.48,0,40.13,12.58,1012.3,external
2026-07-30T17:00:00Z,REG-DELTA,WXS-DELTA-01,34.02,34.5,5.035,73.93,0,37.84,10.95,1012.44,external
2026-07-30T18:00:00Z,REG-DELTA,WXS-DELTA-01,33.36,33.82,2.593,75.15,0,37.78,13.06,1012.58,external
2026-07-30T19:00:00Z,REG-DELTA,WXS-DELTA-01,32.68,33.22,0,76.41,0,45.32,11.52,1012.7,external
2026-07-30T20:00:00Z,REG-DELTA,WXS-DELTA-01,31.98,32.55,0,77.7,0,41.86,10.89,1012.8,external
2026-07-30T21:00:00Z,REG-DELTA,WXS-DELTA-01,30.96,31.57,0,79.61,0,40.28,10.93,1012.87,external
2026-07-30T22:00:00Z,REG-DELTA,WXS-DELTA-01,29.94,30.6,0,81.48,0,40.1,11.36,1012.9,external
2026-07-30T23:00:00Z,REG-DELTA,WXS-DELTA-01,29.1,29.75,0,83.05,0,46.89,12.97,1012.89,external
2026-07-30T00:00:00Z,REG-ISLAND,WXS-ISLAND-01,25.81,26.15,0,78.8,0,38.91,17.76,1013.99,external
2026-07-30T01:00:00Z,REG-ISLAND,WXS-ISLAND-01,25.24,25.66,0,79.85,0,32.83,16.56,1013.84,external
2026-07-30T02:00:00Z,REG-ISLAND,WXS-ISLAND-01,25.04,25.43,0,80.22,0,29.04,17.45,1013.7,external
2026-07-30T03:00:00Z,REG-ISLAND,WXS-ISLAND-01,24.66,25.06,0,80.93,0,31.59,17.59,1013.58,external
2026-07-30T04:00:00Z,REG-ISLAND,WXS-ISLAND-01,24.86,25.32,0,80.57,0,35.09,16.01,1013.48,external
2026-07-30T05:00:00Z,REG-ISLAND,WXS-ISLAND-01,25.26,25.66,0,79.82,0,34.15,16.98,1013.4,external
2026-07-30T06:00:00Z,REG-ISLAND,WXS-ISLAND-01,25.96,26.35,0,78.52,0,32.02,16.5,1013.37,external
2026-07-30T07:00:00Z,REG-ISLAND,WXS-ISLAND-01,26.67,26.97,2.615,77.21,0,35.34,17.8,1013.36,external
2026-07-30T08:00:00Z,REG-ISLAND,WXS-ISLAND-01,27.7,27.99,5.078,75.3,0,29.29,16.92,1013.4,external
2026-07-30T09:00:00Z,REG-ISLAND,WXS-ISLAND-01,28.62,28.8,7.246,73.61,0,25.08,18.3,1013.47,external
2026-07-30T10:00:00Z,REG-ISLAND,WXS-ISLAND-01,29.49,29.82,8.993,71.99,0,28.79,18.1,1013.57,external
2026-07-30T11:00:00Z,REG-ISLAND,WXS-ISLAND-01,30.53,30.93,10.218,70.08,0,28.59,18.53,1013.69,external
2026-07-30T12:00:00Z,REG-ISLAND,WXS-ISLAND-01,31.21,31.7,10.848,68.81,0,24.73,17.69,1013.83,external
2026-07-30T13:00:00Z,REG-ISLAND,WXS-ISLAND-01,32.02,32.46,10.848,67.31,0,24.45,17.85,1013.98,external
2026-07-30T14:00:00Z,REG-ISLAND,WXS-ISLAND-01,32.2,32.59,10.218,66.98,0,26.12,17.17,1014.12,external
2026-07-30T15:00:00Z,REG-ISLAND,WXS-ISLAND-01,32.5,32.66,8.993,66.43,0,32.06,18.67,1014.24,external
2026-07-30T16:00:00Z,REG-ISLAND,WXS-ISLAND-01,32.31,32.45,7.246,66.78,0,30.54,15.43,1014.34,external
2026-07-30T17:00:00Z,REG-ISLAND,WXS-ISLAND-01,31.77,31.85,5.078,67.78,0,29.62,17.23,1014.42,external
2026-07-30T18:00:00Z,REG-ISLAND,WXS-ISLAND-01,31.38,31.38,2.615,68.5,0,35.05,19.54,1014.45,external
2026-07-30T19:00:00Z,REG-ISLAND,WXS-ISLAND-01,30.37,30.52,0,70.37,0,32.44,17.2,1014.46,external
2026-07-30T20:00:00Z,REG-ISLAND,WXS-ISLAND-01,29.67,29.8,0,71.67,0,31.11,18.21,1014.42,external
2026-07-30T21:00:00Z,REG-ISLAND,WXS-ISLAND-01,28.75,28.95,0,73.36,0,34.18,17.83,1014.35,external
2026-07-30T22:00:00Z,REG-ISLAND,WXS-ISLAND-01,27.53,27.88,0,75.62,0,36.08,15.67,1014.25,external
2026-07-30T23:00:00Z,REG-ISLAND,WXS-ISLAND-01,26.6,26.99,0,77.34,0,29.37,15.61,1014.13,external
2026-07-30T00:00:00Z,REG-NORTH,WXS-NORTH-01,18.62,18.76,0,76.73,0,44.37,21.15,1016.12,external
2026-07-30T01:00:00Z,REG-NORTH,WXS-NORTH-01,18.18,18.29,0,77.56,0,42.55,21.92,1016.04,external
2026-07-30T02:00:00Z,REG-NORTH,WXS-NORTH-01,17.77,17.91,0,78.3,0,43.86,21.81,1016,external
2026-07-30T03:00:00Z,REG-NORTH,WXS-NORTH-01,17.72,17.86,0,78.4,0,49.08,21.79,1015.99,external
2026-07-30T04:00:00Z,REG-NORTH,WXS-NORTH-01,17.59,17.82,0,78.64,0,48,20.07,1016.02,external
2026-07-30T05:00:00Z,REG-NORTH,WXS-NORTH-01,18,18.13,0,77.89,0,44.25,21.83,1016.09,external
2026-07-30T06:00:00Z,REG-NORTH,WXS-NORTH-01,18.57,18.68,0,76.82,0,47.25,21.62,1016.18,external
2026-07-30T07:00:00Z,REG-NORTH,WXS-NORTH-01,19.37,19.36,1.384,75.34,0,47.27,23.5,1016.3,external
2026-07-30T08:00:00Z,REG-NORTH,WXS-NORTH-01,19.99,20.07,2.687,74.2,0,41.78,20.95,1016.44,external
2026-07-30T09:00:00Z,REG-NORTH,WXS-NORTH-01,20.88,20.88,3.834,72.55,0,39.95,21.88,1016.58,external
2026-07-30T10:00:00Z,REG-NORTH,WXS-NORTH-01,21.81,21.79,4.758,70.83,0,37.61,21.18,1016.72,external
2026-07-30T11:00:00Z,REG-NORTH,WXS-NORTH-01,22.54,22.49,5.405,69.49,0,39.44,21.04,1016.85,external
2026-07-30T12:00:00Z,REG-NORTH,WXS-NORTH-01,23.18,23.19,5.739,68.29,0,39.3,20.55,1016.96,external
2026-07-30T13:00:00Z,REG-NORTH,WXS-NORTH-01,23.83,23.68,5.739,67.1,0,45.05,23.16,1017.04,external
2026-07-30T14:00:00Z,REG-NORTH,WXS-NORTH-01,24.1,23.97,5.405,66.61,0,40.41,21.14,1017.08,external
2026-07-30T15:00:00Z,REG-NORTH,WXS-NORTH-01,24.28,24.16,4.758,66.27,0,39.05,20.9,1017.09,external
2026-07-30T16:00:00Z,REG-NORTH,WXS-NORTH-01,24.05,23.94,3.834,66.69,0,43.75,21.04,1017.06,external
2026-07-30T17:00:00Z,REG-NORTH,WXS-NORTH-01,23.75,23.62,2.687,67.24,0,41.15,21.89,1016.99,external
2026-07-30T18:00:00Z,REG-NORTH,WXS-NORTH-01,23.3,23.26,1.384,68.07,0,47.03,20.31,1016.9,external
2026-07-30T19:00:00Z,REG-NORTH,WXS-NORTH-01,22.46,22.35,0,69.64,0,48.12,22.48,1016.78,external
2026-07-30T20:00:00Z,REG-NORTH,WXS-NORTH-01,21.81,21.77,0,70.84,0,43.78,21.53,1016.64,external
2026-07-30T21:00:00Z,REG-NORTH,WXS-NORTH-01,20.96,20.98,0,72.4,0,46.96,21.25,1016.5,external
2026-07-30T22:00:00Z,REG-NORTH,WXS-NORTH-01,19.99,20.03,0,74.2,0,47.42,21.68,1016.36,external
2026-07-30T23:00:00Z,REG-NORTH,WXS-NORTH-01,19.34,19.43,0,75.4,0,45.81,21.46,1016.23,external
2026-07-30T00:00:00Z,REG-CENTRAL,WXS-CENTRAL-01,21.42,21.34,0,67.05,0,40.51,20.52,1013.84,external
2026-07-30T01:00:00Z,REG-CENTRAL,WXS-CENTRAL-01,20.96,20.85,0,67.9,0,44.38,21.76,1013.9,external
2026-07-30T02:00:00Z,REG-CENTRAL,WXS-CENTRAL-01,20.46,20.4,0,68.83,0,42.06,21.19,1013.99,external
2026-07-30T03:00:00Z,REG-CENTRAL,WXS-CENTRAL-01,20.29,20.29,0,69.14,0,34.99,19.8,1014.11,external
2026-07-30T04:00:00Z,REG-CENTRAL,WXS-CENTRAL-01,20.51,20.48,0,68.75,0,40.54,20.28,1014.24,external
2026-07-30T05:00:00Z,REG-CENTRAL,WXS-CENTRAL-01,20.89,20.87,0,68.03,0,42.27,19.77,1014.38,external
2026-07-30T06:00:00Z,REG-CENTRAL,WXS-CENTRAL-01,21.35,21.36,0,67.18,0,40.69,18.61,1014.53,external
2026-07-30T07:00:00Z,REG-CENTRAL,WXS-CENTRAL-01,22.14,22.08,1.646,65.73,0,41.12,19.33,1014.66,external
2026-07-30T08:00:00Z,REG-CENTRAL,WXS-CENTRAL-01,23.09,22.96,3.196,63.97,0,39.89,19.92,1014.77,external
2026-07-30T09:00:00Z,REG-CENTRAL,WXS-CENTRAL-01,23.87,23.7,4.561,62.52,0,40.65,20,1014.85,external
2026-07-30T10:00:00Z,REG-CENTRAL,WXS-CENTRAL-01,24.94,24.79,5.661,60.54,0,38.65,18.48,1014.9,external
2026-07-30T11:00:00Z,REG-CENTRAL,WXS-CENTRAL-01,25.77,25.61,6.431,59,0,31.95,19.82,1014.92,external
2026-07-30T12:00:00Z,REG-CENTRAL,WXS-CENTRAL-01,26.37,26.21,6.828,57.9,0,38.28,20.52,1014.9,external
2026-07-30T13:00:00Z,REG-CENTRAL,WXS-CENTRAL-01,27,26.82,6.828,56.74,0,34.56,20.17,1014.84,external
2026-07-30T14:00:00Z,REG-CENTRAL,WXS-CENTRAL-01,27.33,27.09,6.431,56.12,0,34.25,19.9,1014.75,external
2026-07-30T15:00:00Z,REG-CENTRAL,WXS-CENTRAL-01,27.45,27.12,5.661,55.9,0,32.59,19.91,1014.63,external
2026-07-30T16:00:00Z,REG-CENTRAL,WXS-CENTRAL-01,27.29,26.9,4.561,56.19,0,33.62,21.34,1014.5,external
2026-07-30T17:00:00Z,REG-CENTRAL,WXS-CENTRAL-01,26.95,26.69,3.196,56.84,0,36.85,18.68,1014.36,external
2026-07-30T18:00:00Z,REG-CENTRAL,WXS-CENTRAL-01,26.48,26.23,1.646,57.69,0,41.24,19.02,1014.21,external
2026-07-30T19:00:00Z,REG-CENTRAL,WXS-CENTRAL-01,25.68,25.41,0,59.18,0,42.85,20.24,1014.08,external
2026-07-30T20:00:00Z,REG-CENTRAL,WXS-CENTRAL-01,24.79,24.55,0,60.82,0,42.98,20.56,1013.97,external
2026-07-30T21:00:00Z,REG-CENTRAL,WXS-CENTRAL-01,23.85,23.75,0,62.57,0,39.57,18.45,1013.89,external
2026-07-30T22:00:00Z,REG-CENTRAL,WXS-CENTRAL-01,22.88,22.82,0,64.36,0,34.93,18.44,1013.84,external
2026-07-30T23:00:00Z,REG-CENTRAL,WXS-CENTRAL-01,22.07,21.95,0,65.85,0,39.91,20.64,1013.82,external
2026-07-31T00:00:00Z,REG-COASTAL,WXS-COASTAL-01,27.23,27.69,0,73.36,0,29.37,8.33,1011.97,external
2026-07-31T01:00:00Z,REG-COASTAL,WXS-COASTAL-01,26.59,27.08,0,74.54,0,32.04,7.86,1012.11,external
2026-07-31T02:00:00Z,REG-COASTAL,WXS-COASTAL-01,26.18,26.69,0,75.29,0,31.51,9.04,1012.25,external
2026-07-31T03:00:00Z,REG-COASTAL,WXS-COASTAL-01,26.18,26.68,0,75.31,0,32.23,9.9,1012.36,external
2026-07-31T04:00:00Z,REG-COASTAL,WXS-COASTAL-01,26.17,26.68,0,75.32,0,36.79,8.64,1012.45,external
2026-07-31T05:00:00Z,REG-COASTAL,WXS-COASTAL-01,26.75,27.24,0,74.24,0,30.85,9.03,1012.5,external
2026-07-31T06:00:00Z,REG-COASTAL,WXS-COASTAL-01,27.45,27.89,0,72.96,0,28.41,9.97,1012.52,external
2026-07-31T07:00:00Z,REG-COASTAL,WXS-COASTAL-01,28.14,28.56,2.556,71.67,0,27.94,7.51,1012.5,external
2026-07-31T08:00:00Z,REG-COASTAL,WXS-COASTAL-01,29.02,29.4,4.963,70.04,0,28.16,8.51,1012.45,external
2026-07-31T09:00:00Z,REG-COASTAL,WXS-COASTAL-01,30.23,30.56,7.081,67.8,0,30.36,8.18,1012.36,external
2026-07-31T10:00:00Z,REG-COASTAL,WXS-COASTAL-01,30.98,31.49,8.789,66.43,0,24.3,10.65,1012.25,external
2026-07-31T11:00:00Z,REG-COASTAL,WXS-COASTAL-01,31.88,32.51,9.985,64.75,0,27.51,9.32,1012.11,external
2026-07-31T12:00:00Z,REG-COASTAL,WXS-COASTAL-01,32.73,33.4,10.601,63.19,0,19.37,8.53,1011.97,external
2026-07-31T13:00:00Z,REG-COASTAL,WXS-COASTAL-01,33.55,34.18,10.601,61.66,0,24.29,8.93,1011.83,external
2026-07-31T14:00:00Z,REG-COASTAL,WXS-COASTAL-01,33.8,34.34,9.985,61.21,0,25.08,8.91,1011.7,external
2026-07-31T15:00:00Z,REG-COASTAL,WXS-COASTAL-01,34.01,34.39,8.789,60.81,0,27.29,8.32,1011.58,external
2026-07-31T16:00:00Z,REG-COASTAL,WXS-COASTAL-01,33.71,33.88,7.081,61.37,0,26.85,9.21,1011.49,external
2026-07-31T17:00:00Z,REG-COASTAL,WXS-COASTAL-01,33.36,33.53,4.963,62.02,0,28.32,8.65,1011.44,external
2026-07-31T18:00:00Z,REG-COASTAL,WXS-COASTAL-01,32.68,32.88,2.556,63.28,0,31.22,8.73,1011.42,external
2026-07-31T19:00:00Z,REG-COASTAL,WXS-COASTAL-01,31.96,32.2,0,64.61,0,33.23,7.34,1011.44,external
2026-07-31T20:00:00Z,REG-COASTAL,WXS-COASTAL-01,31.04,31.32,0,66.31,0,27.57,9.11,1011.49,external
2026-07-31T21:00:00Z,REG-COASTAL,WXS-COASTAL-01,30.08,30.41,0,68.09,0,34.8,8.1,1011.58,external
2026-07-31T22:00:00Z,REG-COASTAL,WXS-COASTAL-01,29.02,29.4,0,70.04,0,30.39,8.1,1011.7,external
2026-07-31T23:00:00Z,REG-COASTAL,WXS-COASTAL-01,28.22,28.63,0,71.53,0,31.39,8.84,1011.83,external
2026-07-31T00:00:00Z,REG-SOUTH,WXS-SOUTH-01,27.72,27.94,0,66.48,0,27.31,13.45,1012.14,external
2026-07-31T01:00:00Z,REG-SOUTH,WXS-SOUTH-01,26.99,27.21,0,67.83,0,25.32,14.24,1012.2,external
2026-07-31T02:00:00Z,REG-SOUTH,WXS-SOUTH-01,26.7,27.02,0,68.37,0,21.02,12.25,1012.23,external
2026-07-31T03:00:00Z,REG-SOUTH,WXS-SOUTH-01,26.64,26.98,0,68.47,0,24.31,11.97,1012.22,external
2026-07-31T04:00:00Z,REG-SOUTH,WXS-SOUTH-01,26.6,26.9,0,68.54,0,26.85,12.84,1012.17,external
2026-07-31T05:00:00Z,REG-SOUTH,WXS-SOUTH-01,27.03,27.35,0,67.75,0,26.11,11.88,1012.09,external
2026-07-31T06:00:00Z,REG-SOUTH,WXS-SOUTH-01,27.72,28.01,0,66.47,0,25.65,11.9,1011.98,external
2026-07-31T07:00:00Z,REG-SOUTH,WXS-SOUTH-01,28.56,28.74,2.623,64.92,0,25.42,13.59,1011.85,external
2026-07-31T08:00:00Z,REG-SOUTH,WXS-SOUTH-01,29.3,29.51,5.093,63.55,0,21.39,12.13,1011.71,external
2026-07-31T09:00:00Z,REG-SOUTH,WXS-SOUTH-01,30.44,30.63,7.268,61.43,0,18.24,12.77,1011.56,external
2026-07-31T10:00:00Z,REG-SOUTH,WXS-SOUTH-01,31.58,31.9,9.02,59.33,0,18.61,13.91,1011.43,external
2026-07-31T11:00:00Z,REG-SOUTH,WXS-SOUTH-01,32.47,32.97,10.248,57.69,0,19.47,12.57,1011.31,external
2026-07-31T12:00:00Z,REG-SOUTH,WXS-SOUTH-01,33.33,33.9,10.88,56.1,0,17.99,11.78,1011.22,external
2026-07-31T13:00:00Z,REG-SOUTH,WXS-SOUTH-01,33.87,34.34,10.88,55.1,0,20.51,13.58,1011.16,external
2026-07-31T14:00:00Z,REG-SOUTH,WXS-SOUTH-01,34.22,34.65,10.248,54.46,0,16.34,12.29,1011.13,external
2026-07-31T15:00:00Z,REG-SOUTH,WXS-SOUTH-01,34.65,34.91,9.02,53.66,0,21.27,10.65,1011.14,external
2026-07-31T16:00:00Z,REG-SOUTH,WXS-SOUTH-01,34.31,34.35,7.268,54.28,0,19.56,12.05,1011.19,external
2026-07-31T17:00:00Z,REG-SOUTH,WXS-SOUTH-01,33.94,33.88,5.093,54.97,0,23.52,13.14,1011.27,external
2026-07-31T18:00:00Z,REG-SOUTH,WXS-SOUTH-01,33.23,33.24,2.623,56.29,0,22.15,12.39,1011.38,external
2026-07-31T19:00:00Z,REG-SOUTH,WXS-SOUTH-01,32.6,32.63,0,57.45,0,28.51,12.66,1011.51,external
2026-07-31T20:00:00Z,REG-SOUTH,WXS-SOUTH-01,31.56,31.61,0,59.38,0,28.9,13.28,1011.65,external
2026-07-31T21:00:00Z,REG-SOUTH,WXS-SOUTH-01,30.45,30.61,0,61.43,0,24.25,11.98,1011.8,external
2026-07-31T22:00:00Z,REG-SOUTH,WXS-SOUTH-01,29.36,29.56,0,63.43,0,20.69,12.34,1011.93,external
2026-07-31T23:00:00Z,REG-SOUTH,WXS-SOUTH-01,28.51,28.72,0,65.01,0,23.22,12.9,1012.05,external
2026-07-31T00:00:00Z,REG-DELTA,WXS-DELTA-01,28.39,28.52,0,85.81,0,66.47,26.21,1008.13,external
2026-07-31T01:00:00Z,REG-DELTA,WXS-DELTA-01,27.83,28.11,0,86.84,0,63.74,23.51,1008.05,external
2026-07-31T02:00:00Z,REG-DELTA,WXS-DELTA-01,27.59,28,0,87.28,0,60.32,20.86,1007.95,external
2026-07-31T03:00:00Z,REG-DELTA,WXS-DELTA-01,27.41,27.73,0,87.61,0,58.4,23.11,1007.82,external
2026-07-31T04:00:00Z,REG-DELTA,WXS-DELTA-01,27.75,28.07,0,86.98,0,63.41,22.67,1007.68,external
2026-07-31T05:00:00Z,REG-DELTA,WXS-DELTA-01,27.78,28.08,0,86.93,0,63.61,23.11,1007.54,external
2026-07-31T06:00:00Z,REG-DELTA,WXS-DELTA-01,28.27,28.58,0,86.02,0,61.93,22.29,1007.4,external
2026-07-31T07:00:00Z,REG-DELTA,WXS-DELTA-01,28.96,29.07,2.388,84.76,0,60.39,25.97,1007.28,external
2026-07-31T08:00:00Z,REG-DELTA,WXS-DELTA-01,29.72,29.88,4.637,83.34,0,57.91,24.12,1007.18,external
2026-07-31T09:00:00Z,REG-DELTA,WXS-DELTA-01,30.49,30.63,6.616,81.91,0,59.18,23.94,1007.11,external
2026-07-31T10:00:00Z,REG-DELTA,WXS-DELTA-01,31.32,31.43,8.212,80.38,0,58.05,23.73,1007.08,external
2026-07-31T11:00:00Z,REG-DELTA,WXS-DELTA-01,31.84,31.85,9.329,79.42,0,54.34,25.38,1007.09,external
2026-07-31T12:00:00Z,REG-DELTA,WXS-DELTA-01,32.58,32.5,9.905,82.06,2.205,70.55,28.68,1007.13,external
2026-07-31T13:00:00Z,REG-DELTA,WXS-DELTA-01,32.92,32.91,9.905,81.43,2.812,69.48,26.96,1007.21,external
2026-07-31T14:00:00Z,REG-DELTA,WXS-DELTA-01,33.3,33.29,9.329,80.71,2.405,74.82,26.7,1007.31,external
2026-07-31T15:00:00Z,REG-DELTA,WXS-DELTA-01,33.28,33.13,8.212,80.77,2.706,75.72,29.58,1007.44,external
2026-07-31T16:00:00Z,REG-DELTA,WXS-DELTA-01,33.18,33.12,6.616,80.94,2.718,74.11,27.75,1007.58,external
2026-07-31T17:00:00Z,REG-DELTA,WXS-DELTA-01,33.05,32.95,4.637,81.18,1.945,74.05,28.92,1007.72,external
2026-07-31T18:00:00Z,REG-DELTA,WXS-DELTA-01,32.57,32.65,2.388,78.08,0,67.58,23.08,1007.86,external
2026-07-31T19:00:00Z,REG-DELTA,WXS-DELTA-01,31.75,31.83,0,79.59,0,64.74,23.94,1007.98,external
2026-07-31T20:00:00Z,REG-DELTA,WXS-DELTA-01,31.05,31.2,0,80.88,0,64.1,23.14,1008.08,external
2026-07-31T21:00:00Z,REG-DELTA,WXS-DELTA-01,30.5,30.64,0,81.9,0,64.67,23.87,1008.15,external
2026-07-31T22:00:00Z,REG-DELTA,WXS-DELTA-01,29.84,29.98,0,83.13,0,67.83,24.52,1008.18,external
2026-07-31T23:00:00Z,REG-DELTA,WXS-DELTA-01,28.94,29.11,0,84.78,0,66.36,24.83,1008.17,external
2026-07-31T00:00:00Z,REG-ISLAND,WXS-ISLAND-01,26.01,26.45,0,79.07,0,38.02,15.57,1014.08,external
2026-07-31T01:00:00Z,REG-ISLAND,WXS-ISLAND-01,25.62,26.11,0,79.79,0,38.32,14.77,1013.93,external
2026-07-31T02:00:00Z,REG-ISLAND,WXS-ISLAND-01,25.17,25.53,0,80.62,0,43.19,18.18,1013.79,external
2026-07-31T03:00:00Z,REG-ISLAND,WXS-ISLAND-01,24.99,25.49,0,80.96,0,35.36,15.1,1013.67,external
2026-07-31T04:00:00Z,REG-ISLAND,WXS-ISLAND-01,25.08,25.53,0,80.77,0,40.2,16.39,1013.57,external
2026-07-31T05:00:00Z,REG-ISLAND,WXS-ISLAND-01,25.52,25.99,0,79.97,0,36.3,15.31,1013.49,external
2026-07-31T06:00:00Z,REG-ISLAND,WXS-ISLAND-01,26.07,26.61,0,78.95,0,37.82,13.33,1013.46,external
2026-07-31T07:00:00Z,REG-ISLAND,WXS-ISLAND-01,26.85,27.22,2.614,77.5,0,31.17,16.42,1013.45,external
2026-07-31T08:00:00Z,REG-ISLAND,WXS-ISLAND-01,27.71,28.05,5.076,75.92,0,34.06,16.05,1013.49,external
2026-07-31T09:00:00Z,REG-ISLAND,WXS-ISLAND-01,28.62,28.93,7.244,74.24,0,34.16,15.79,1013.56,external
2026-07-31T10:00:00Z,REG-ISLAND,WXS-ISLAND-01,29.75,30.11,8.99,72.15,0,32.32,15.68,1013.66,external
2026-07-31T11:00:00Z,REG-ISLAND,WXS-ISLAND-01,30.5,30.95,10.214,70.75,0,29.65,16.15,1013.78,external
2026-07-31T12:00:00Z,REG-ISLAND,WXS-ISLAND-01,31.25,31.81,10.844,69.36,0,29.05,14.48,1013.92,external
2026-07-31T13:00:00Z,REG-ISLAND,WXS-ISLAND-01,31.94,32.44,10.844,68.09,0,26.68,15.13,1014.07,external
2026-07-31T14:00:00Z,REG-ISLAND,WXS-ISLAND-01,32.2,32.58,10.214,67.61,0,30.66,15.76,1014.21,external
2026-07-31T15:00:00Z,REG-ISLAND,WXS-ISLAND-01,32.21,32.47,8.99,67.58,0,30.78,15.61,1014.33,external
2026-07-31T16:00:00Z,REG-ISLAND,WXS-ISLAND-01,32.21,32.34,7.244,67.59,0,34,16.18,1014.43,external
2026-07-31T17:00:00Z,REG-ISLAND,WXS-ISLAND-01,31.8,31.87,5.076,68.36,0,31.01,17.84,1014.51,external
2026-07-31T18:00:00Z,REG-ISLAND,WXS-ISLAND-01,31.32,31.49,2.614,69.23,0,36.36,16.14,1014.54,external
2026-07-31T19:00:00Z,REG-ISLAND,WXS-ISLAND-01,30.48,30.76,0,70.79,0,35.93,14.56,1014.55,external
2026-07-31T20:00:00Z,REG-ISLAND,WXS-ISLAND-01,29.77,29.98,0,72.11,0,39.24,16.76,1014.51,external
2026-07-31T21:00:00Z,REG-ISLAND,WXS-ISLAND-01,28.72,29,0,74.05,0,35.78,16.25,1014.44,external
2026-07-31T22:00:00Z,REG-ISLAND,WXS-ISLAND-01,27.8,28.16,0,75.74,0,35.24,15.66,1014.34,external
2026-07-31T23:00:00Z,REG-ISLAND,WXS-ISLAND-01,26.75,27.09,0,77.68,0,37.72,17.09,1014.22,external
2026-07-31T00:00:00Z,REG-NORTH,WXS-NORTH-01,18.76,19.12,0,76.64,0,49.91,16,1017.6,external
2026-07-31T01:00:00Z,REG-NORTH,WXS-NORTH-01,18.1,18.49,0,77.86,0,47.83,15.99,1017.52,external
2026-07-31T02:00:00Z,REG-NORTH,WXS-NORTH-01,18.05,18.41,0,77.96,0,48.83,16.55,1017.48,external
2026-07-31T03:00:00Z,REG-NORTH,WXS-NORTH-01,17.85,18.26,0,78.33,0,48.55,15.74,1017.47,external
2026-07-31T04:00:00Z,REG-NORTH,WXS-NORTH-01,17.85,18.28,0,78.31,0,47.68,15.55,1017.5,external
2026-07-31T05:00:00Z,REG-NORTH,WXS-NORTH-01,18.15,18.61,0,77.77,0,50.39,14.25,1017.57,external
2026-07-31T06:00:00Z,REG-NORTH,WXS-NORTH-01,18.7,19.08,0,76.74,0,47.82,15.77,1017.66,external
2026-07-31T07:00:00Z,REG-NORTH,WXS-NORTH-01,19.4,19.72,1.383,75.46,0,46.14,16.22,1017.78,external
2026-07-31T08:00:00Z,REG-NORTH,WXS-NORTH-01,20.18,20.46,2.685,74.01,0,44.06,16.36,1017.92,external
2026-07-31T09:00:00Z,REG-NORTH,WXS-NORTH-01,20.88,21.2,3.831,72.71,0,43.95,14.93,1018.06,external
2026-07-31T10:00:00Z,REG-NORTH,WXS-NORTH-01,21.83,22.02,4.754,70.96,0,46.92,16.68,1018.2,external
2026-07-31T11:00:00Z,REG-NORTH,WXS-NORTH-01,22.49,22.68,5.402,69.73,0,40.17,16.14,1018.33,external
2026-07-31T12:00:00Z,REG-NORTH,WXS-NORTH-01,23.2,23.4,5.735,68.43,0,39.88,15.63,1018.44,external
2026-07-31T13:00:00Z,REG-NORTH,WXS-NORTH-01,23.8,23.93,5.735,67.32,0,40.13,16.65,1018.52,external
2026-07-31T14:00:00Z,REG-NORTH,WXS-NORTH-01,24.11,24.26,5.402,66.74,0,36.93,15.17,1018.56,external
2026-07-31T15:00:00Z,REG-NORTH,WXS-NORTH-01,24.07,24.19,4.754,66.81,0,37.93,15.95,1018.57,external
2026-07-31T16:00:00Z,REG-NORTH,WXS-NORTH-01,24.05,24.16,3.831,66.85,0,42.3,16.06,1018.54,external
2026-07-31T17:00:00Z,REG-NORTH,WXS-NORTH-01,23.78,23.96,2.685,67.35,0,42.51,14.9,1018.47,external
2026-07-31T18:00:00Z,REG-NORTH,WXS-NORTH-01,23.16,23.29,1.383,68.51,0,46.44,16.59,1018.38,external
2026-07-31T19:00:00Z,REG-NORTH,WXS-NORTH-01,22.68,22.85,0,69.38,0,47.08,16.27,1018.26,external
2026-07-31T20:00:00Z,REG-NORTH,WXS-NORTH-01,21.72,21.96,0,71.16,0,46.54,15.64,1018.12,external
2026-07-31T21:00:00Z,REG-NORTH,WXS-NORTH-01,21,21.28,0,72.49,0,43.1,15.6,1017.98,external
2026-07-31T22:00:00Z,REG-NORTH,WXS-NORTH-01,20.13,20.38,0,74.1,0,51.96,17.07,1017.84,external
2026-07-31T23:00:00Z,REG-NORTH,WXS-NORTH-01,19.34,19.64,0,75.57,0,47.25,16.68,1017.71,external
2026-07-31T00:00:00Z,REG-CENTRAL,WXS-CENTRAL-01,21.08,21.01,0,66.9,0,35.59,20.06,1013.7,external
2026-07-31T01:00:00Z,REG-CENTRAL,WXS-CENTRAL-01,20.43,20.46,0,68.08,0,34.97,18.8,1013.76,external
2026-07-31T02:00:00Z,REG-CENTRAL,WXS-CENTRAL-01,20.17,20.2,0,68.57,0,39.38,18.98,1013.85,external
2026-07-31T03:00:00Z,REG-CENTRAL,WXS-CENTRAL-01,20.09,20.18,0,68.72,0,36.34,17.72,1013.97,external
2026-07-31T04:00:00Z,REG-CENTRAL,WXS-CENTRAL-01,20.28,20.29,0,68.37,0,34.49,19.21,1014.1,external
2026-07-31T05:00:00Z,REG-CENTRAL,WXS-CENTRAL-01,20.62,20.61,0,67.73,0,39.37,19.48,1014.24,external
2026-07-31T06:00:00Z,REG-CENTRAL,WXS-CENTRAL-01,21.17,21.13,0,66.72,0,37.51,19.38,1014.39,external
2026-07-31T07:00:00Z,REG-CENTRAL,WXS-CENTRAL-01,21.96,21.94,1.674,65.26,0,36.66,18.21,1014.52,external
2026-07-31T08:00:00Z,REG-CENTRAL,WXS-CENTRAL-01,22.78,22.75,3.251,63.74,0,26.96,17.55,1014.63,external
2026-07-31T09:00:00Z,REG-CENTRAL,WXS-CENTRAL-01,23.72,23.58,4.639,62.01,0,27.76,18.99,1014.71,external
2026-07-31T10:00:00Z,REG-CENTRAL,WXS-CENTRAL-01,24.7,24.61,5.757,60.18,0,34.09,17.83,1014.76,external
2026-07-31T11:00:00Z,REG-CENTRAL,WXS-CENTRAL-01,25.66,25.65,6.54,58.42,0,27.7,17.94,1014.78,external
2026-07-31T12:00:00Z,REG-CENTRAL,WXS-CENTRAL-01,26.34,26.32,6.944,57.16,0,29.35,18.87,1014.76,external
2026-07-31T13:00:00Z,REG-CENTRAL,WXS-CENTRAL-01,27.12,27.1,6.944,55.71,0,32.77,18.12,1014.7,external
2026-07-31T14:00:00Z,REG-CENTRAL,WXS-CENTRAL-01,27.34,27.21,6.54,55.3,0,32.65,18.83,1014.61,external
2026-07-31T15:00:00Z,REG-CENTRAL,WXS-CENTRAL-01,27.31,27.11,5.757,55.37,0,27.91,17.37,1014.49,external
2026-07-31T16:00:00Z,REG-CENTRAL,WXS-CENTRAL-01,27.32,27,4.639,55.35,0,32.87,19.22,1014.36,external
2026-07-31T17:00:00Z,REG-CENTRAL,WXS-CENTRAL-01,26.79,26.56,3.251,56.32,0,30.44,17.97,1014.22,external
2026-07-31T18:00:00Z,REG-CENTRAL,WXS-CENTRAL-01,26.37,26.17,1.674,57.1,0,32.37,17.66,1014.07,external
2026-07-31T19:00:00Z,REG-CENTRAL,WXS-CENTRAL-01,25.57,25.39,0,58.58,0,34.44,18.08,1013.94,external
2026-07-31T20:00:00Z,REG-CENTRAL,WXS-CENTRAL-01,24.78,24.61,0,60.04,0,32.72,18.7,1013.83,external
2026-07-31T21:00:00Z,REG-CENTRAL,WXS-CENTRAL-01,23.76,23.66,0,61.93,0,36.3,18.14,1013.75,external
2026-07-31T22:00:00Z,REG-CENTRAL,WXS-CENTRAL-01,22.68,22.57,0,63.93,0,34.76,19.34,1013.7,external
2026-07-31T23:00:00Z,REG-CENTRAL,WXS-CENTRAL-01,21.94,21.9,0,65.31,0,31.17,18.42,1013.68,external
2026-08-01T00:00:00Z,REG-COASTAL,WXS-COASTAL-01,27.09,27.51,0,73.66,0,26.77,13.04,1012.79,external
2026-08-01T01:00:00Z,REG-COASTAL,WXS-COASTAL-01,26.36,26.86,0,75,0,26.78,11.08,1012.93,external
2026-08-01T02:00:00Z,REG-COASTAL,WXS-COASTAL-01,25.87,26.39,0,75.92,0,24.61,11.05,1013.07,external
2026-08-01T03:00:00Z,REG-COASTAL,WXS-COASTAL-01,25.88,26.41,0,75.89,0,25.89,11.96,1013.18,external
2026-08-01T04:00:00Z,REG-COASTAL,WXS-COASTAL-01,25.9,26.43,0,75.85,0,25.89,10.9,1013.27,external
2026-08-01T05:00:00Z,REG-COASTAL,WXS-COASTAL-01,26.29,26.8,0,75.13,0,30.83,11.22,1013.32,external
2026-08-01T06:00:00Z,REG-COASTAL,WXS-COASTAL-01,26.87,27.34,0,74.07,0,32.56,9.69,1013.34,external
2026-08-01T07:00:00Z,REG-COASTAL,WXS-COASTAL-01,27.78,28.21,2.582,72.38,0,26.83,10.45,1013.32,external
2026-08-01T08:00:00Z,REG-COASTAL,WXS-COASTAL-01,28.81,29.2,5.014,70.47,0,27.12,9.24,1013.27,external
2026-08-01T09:00:00Z,REG-COASTAL,WXS-COASTAL-01,30.1,30.47,7.154,68.09,0,22.73,10.3,1013.18,external
2026-08-01T10:00:00Z,REG-COASTAL,WXS-COASTAL-01,31.02,31.58,8.879,66.38,0,20.82,12.1,1013.07,external
2026-08-01T11:00:00Z,REG-COASTAL,WXS-COASTAL-01,31.99,32.67,10.088,64.59,0,22.86,10.73,1012.93,external
2026-08-01T12:00:00Z,REG-COASTAL,WXS-COASTAL-01,32.88,33.6,10.71,62.95,0,19.49,10.41,1012.79,external
2026-08-01T13:00:00Z,REG-COASTAL,WXS-COASTAL-01,33.74,34.42,10.71,61.36,0,24.15,10.43,1012.65,external
2026-08-01T14:00:00Z,REG-COASTAL,WXS-COASTAL-01,34.18,34.71,10.088,60.54,0,20.52,13.09,1012.52,external
2026-08-01T15:00:00Z,REG-COASTAL,WXS-COASTAL-01,34.25,34.66,8.879,60.41,0,24.88,10.9,1012.4,external
2026-08-01T16:00:00Z,REG-COASTAL,WXS-COASTAL-01,34.19,34.37,7.154,60.53,0,22.8,10.96,1012.31,external
2026-08-01T17:00:00Z,REG-COASTAL,WXS-COASTAL-01,33.58,33.75,5.014,61.64,0,26.84,9.88,1012.26,external
2026-08-01T18:00:00Z,REG-COASTAL,WXS-COASTAL-01,32.87,33.07,2.582,62.97,0,28.57,10.87,1012.24,external
2026-08-01T19:00:00Z,REG-COASTAL,WXS-COASTAL-01,32.1,32.33,0,64.39,0,29.62,11.7,1012.26,external
2026-08-01T20:00:00Z,REG-COASTAL,WXS-COASTAL-01,31.06,31.34,0,66.32,0,29.24,10.85,1012.31,external
2026-08-01T21:00:00Z,REG-COASTAL,WXS-COASTAL-01,29.92,30.25,0,68.43,0,31.91,11.16,1012.4,external
2026-08-01T22:00:00Z,REG-COASTAL,WXS-COASTAL-01,28.95,29.33,0,70.22,0,31.86,11.19,1012.52,external
2026-08-01T23:00:00Z,REG-COASTAL,WXS-COASTAL-01,27.84,28.24,0,72.26,0,28.15,12.73,1012.65,external
2026-08-01T00:00:00Z,REG-SOUTH,WXS-SOUTH-01,27.32,27.3,0,66.45,0,27.73,18.78,1013.92,external
2026-08-01T01:00:00Z,REG-SOUTH,WXS-SOUTH-01,26.75,26.82,0,67.5,0,25.6,17.42,1013.98,external
2026-08-01T02:00:00Z,REG-SOUTH,WXS-SOUTH-01,26.16,26.21,0,68.59,0,24.8,18.41,1014.01,external
2026-08-01T03:00:00Z,REG-SOUTH,WXS-SOUTH-01,26.17,26.21,0,68.57,0,27.25,18.63,1014,external
2026-08-01T04:00:00Z,REG-SOUTH,WXS-SOUTH-01,26.33,26.42,0,68.28,0,29.13,17.42,1013.95,external
2026-08-01T05:00:00Z,REG-SOUTH,WXS-SOUTH-01,26.71,26.71,0,67.58,0,27.5,19.09,1013.87,external
2026-08-01T06:00:00Z,REG-SOUTH,WXS-SOUTH-01,27.25,27.28,0,66.58,0,27.89,17.73,1013.76,external
2026-08-01T07:00:00Z,REG-SOUTH,WXS-SOUTH-01,28.2,28.21,2.637,64.82,0,27.83,17.35,1013.63,external
2026-08-01T08:00:00Z,REG-SOUTH,WXS-SOUTH-01,29.29,29.18,5.121,62.8,0,23.48,18.82,1013.49,external
2026-08-01T09:00:00Z,REG-SOUTH,WXS-SOUTH-01,30.26,30.22,7.308,61.01,0,21.15,17.77,1013.34,external
2026-08-01T10:00:00Z,REG-SOUTH,WXS-SOUTH-01,31.43,31.6,9.07,58.84,0,22.96,17.21,1013.21,external
2026-08-01T11:00:00Z,REG-SOUTH,WXS-SOUTH-01,32.44,32.67,10.304,56.98,0,16.87,18.27,1013.09,external
2026-08-01T12:00:00Z,REG-SOUTH,WXS-SOUTH-01,33.3,33.62,10.94,55.38,0,17.44,17.43,1013,external
2026-08-01T13:00:00Z,REG-SOUTH,WXS-SOUTH-01,33.97,34.2,10.94,54.14,0,21.15,18.64,1012.94,external
2026-08-01T14:00:00Z,REG-SOUTH,WXS-SOUTH-01,34.36,34.55,10.304,53.42,0,19.09,17.41,1012.91,external
2026-08-01T15:00:00Z,REG-SOUTH,WXS-SOUTH-01,34.4,34.42,9.07,53.36,0,18.59,17.19,1012.92,external
2026-08-01T16:00:00Z,REG-SOUTH,WXS-SOUTH-01,34.4,34.07,7.308,53.36,0,22.59,19.74,1012.97,external
2026-08-01T17:00:00Z,REG-SOUTH,WXS-SOUTH-01,33.86,33.6,5.121,54.36,0,19.97,17.45,1013.05,external
2026-08-01T18:00:00Z,REG-SOUTH,WXS-SOUTH-01,33.2,32.91,2.637,55.57,0,24.45,18.91,1013.16,external
2026-08-01T19:00:00Z,REG-SOUTH,WXS-SOUTH-01,32.48,32.15,0,56.91,0,24.74,20.44,1013.29,external
2026-08-01T20:00:00Z,REG-SOUTH,WXS-SOUTH-01,31.48,31.4,0,58.75,0,27.61,15.8,1013.43,external
2026-08-01T21:00:00Z,REG-SOUTH,WXS-SOUTH-01,30.46,30.28,0,60.64,0,26.46,19.15,1013.58,external
2026-08-01T22:00:00Z,REG-SOUTH,WXS-SOUTH-01,29.19,29.14,0,63,0,26.91,17.53,1013.71,external
2026-08-01T23:00:00Z,REG-SOUTH,WXS-SOUTH-01,28.25,28.26,0,64.73,0,28.87,17.12,1013.83,external
2026-08-01T00:00:00Z,REG-DELTA,WXS-DELTA-01,28.48,29.13,0,82.5,0,38.81,12.91,1013.83,external
2026-08-01T01:00:00Z,REG-DELTA,WXS-DELTA-01,27.74,28.41,0,83.87,0,42.85,13.23,1013.75,external
2026-08-01T02:00:00Z,REG-DELTA,WXS-DELTA-01,27.54,28.16,0,84.24,0,44.3,14.38,1013.65,external
2026-08-01T03:00:00Z,REG-DELTA,WXS-DELTA-01,27.42,28.05,0,84.46,0,44.71,14.31,1013.52,external
2026-08-01T04:00:00Z,REG-DELTA,WXS-DELTA-01,27.54,28.27,0,84.24,0,40.58,11.73,1013.38,external
2026-08-01T05:00:00Z,REG-DELTA,WXS-DELTA-01,27.7,28.33,0,83.95,0,42.06,14.1,1013.24,external
2026-08-01T06:00:00Z,REG-DELTA,WXS-DELTA-01,28.52,29.15,0,82.42,0,43.64,13.33,1013.1,external
2026-08-01T07:00:00Z,REG-DELTA,WXS-DELTA-01,29.11,29.66,2.618,81.32,0,37.66,14.53,1012.98,external
2026-08-01T08:00:00Z,REG-DELTA,WXS-DELTA-01,30.04,30.6,5.083,79.61,0,41.35,13.26,1012.88,external
2026-08-01T09:00:00Z,REG-DELTA,WXS-DELTA-01,30.86,31.38,7.253,78.1,0,37.56,13.29,1012.81,external
2026-08-01T10:00:00Z,REG-DELTA,WXS-DELTA-01,31.96,32.53,9.002,76.06,0,33.66,11.46,1012.78,external
2026-08-01T11:00:00Z,REG-DELTA,WXS-DELTA-01,32.73,33.29,10.227,74.65,0,35.09,14.26,1012.79,external
2026-08-01T12:00:00Z,REG-DELTA,WXS-DELTA-01,33.52,34.15,10.858,73.17,0,36.56,13.36,1012.83,external
2026-08-01T13:00:00Z,REG-DELTA,WXS-DELTA-01,34.16,34.78,10.858,71.99,0,33.82,13.01,1012.91,external
2026-08-01T14:00:00Z,REG-DELTA,WXS-DELTA-01,34.36,34.91,10.227,71.63,0,32.95,12.8,1013.01,external
2026-08-01T15:00:00Z,REG-DELTA,WXS-DELTA-01,34.54,34.9,9.002,71.28,0,29.86,14.1,1013.14,external
2026-08-01T16:00:00Z,REG-DELTA,WXS-DELTA-01,34.36,34.78,7.253,71.62,0,35.29,11.99,1013.28,external
2026-08-01T17:00:00Z,REG-DELTA,WXS-DELTA-01,34.1,34.39,5.083,72.11,0,36.92,14.91,1013.42,external
2026-08-01T18:00:00Z,REG-DELTA,WXS-DELTA-01,33.38,33.72,2.618,73.43,0,34.61,14.69,1013.56,external
2026-08-01T19:00:00Z,REG-DELTA,WXS-DELTA-01,32.68,33.13,0,74.73,0,41.41,13,1013.68,external
2026-08-01T20:00:00Z,REG-DELTA,WXS-DELTA-01,31.91,32.36,0,76.16,0,42.79,13.8,1013.78,external
2026-08-01T21:00:00Z,REG-DELTA,WXS-DELTA-01,30.94,31.5,0,77.96,0,38.54,12.23,1013.85,external
2026-08-01T22:00:00Z,REG-DELTA,WXS-DELTA-01,30.09,30.62,0,79.53,0,38.78,13.75,1013.88,external
2026-08-01T23:00:00Z,REG-DELTA,WXS-DELTA-01,29.13,29.74,0,81.3,0,39.95,13,1013.87,external
2026-08-01T00:00:00Z,REG-ISLAND,WXS-ISLAND-01,26.26,26.49,0,80.54,0,65.82,20.96,1009.92,external
2026-08-01T01:00:00Z,REG-ISLAND,WXS-ISLAND-01,25.8,26.01,0,81.38,0,61.61,22.17,1009.77,external
2026-08-01T02:00:00Z,REG-ISLAND,WXS-ISLAND-01,25.6,25.87,0,81.75,0,65.11,20.86,1009.63,external
2026-08-01T03:00:00Z,REG-ISLAND,WXS-ISLAND-01,25.56,25.8,0,81.83,0,61.99,21.53,1009.51,external
2026-08-01T04:00:00Z,REG-ISLAND,WXS-ISLAND-01,25.65,25.96,0,81.67,0,67.52,19.92,1009.41,external
2026-08-01T05:00:00Z,REG-ISLAND,WXS-ISLAND-01,25.83,26.15,0,81.33,0,69.4,19.48,1009.33,external
2026-08-01T06:00:00Z,REG-ISLAND,WXS-ISLAND-01,26.43,26.66,0,80.22,0,64.8,20.79,1009.3,external
2026-08-01T07:00:00Z,REG-ISLAND,WXS-ISLAND-01,26.83,27.04,2.393,79.49,0,68.06,20.79,1009.29,external
2026-08-01T08:00:00Z,REG-ISLAND,WXS-ISLAND-01,27.37,27.55,4.648,78.49,0,65.54,21,1009.33,external
2026-08-01T09:00:00Z,REG-ISLAND,WXS-ISLAND-01,28.12,28.25,6.632,77.1,0,58.45,21.27,1009.4,external
2026-08-01T10:00:00Z,REG-ISLAND,WXS-ISLAND-01,28.85,28.96,8.231,75.74,0,61.27,21.1,1009.5,external
2026-08-01T11:00:00Z,REG-ISLAND,WXS-ISLAND-01,29.51,29.58,9.351,74.52,0,59.45,21.22,1009.62,external
2026-08-01T12:00:00Z,REG-ISLAND,WXS-ISLAND-01,30.11,30.16,9.928,73.42,0,57.15,21.07,1009.76,external
2026-08-01T13:00:00Z,REG-ISLAND,WXS-ISLAND-01,30.32,30.28,9.928,77.02,3.698,72.35,25.04,1009.91,external
2026-08-01T14:00:00Z,REG-ISLAND,WXS-ISLAND-01,30.92,30.89,9.351,75.91,2.67,74.16,24.33,1010.05,external
2026-08-01T15:00:00Z,REG-ISLAND,WXS-ISLAND-01,30.89,30.85,8.231,75.97,3.308,77.37,24.57,1010.17,external
2026-08-01T16:00:00Z,REG-ISLAND,WXS-ISLAND-01,30.75,30.69,6.632,76.24,4.173,76.48,25.01,1010.27,external
2026-08-01T17:00:00Z,REG-ISLAND,WXS-ISLAND-01,30.45,30.53,4.648,72.79,0,66.48,20.15,1010.35,external
2026-08-01T18:00:00Z,REG-ISLAND,WXS-ISLAND-01,30,30.04,2.393,73.61,0,61.67,21.5,1010.38,external
2026-08-01T19:00:00Z,REG-ISLAND,WXS-ISLAND-01,29.48,29.55,0,74.57,0,67.36,21.41,1010.39,external
2026-08-01T20:00:00Z,REG-ISLAND,WXS-ISLAND-01,28.75,28.87,0,75.92,0,67.62,20.99,1010.35,external
2026-08-01T21:00:00Z,REG-ISLAND,WXS-ISLAND-01,28.12,28.26,0,77.09,0,61.38,21.19,1010.28,external
2026-08-01T22:00:00Z,REG-ISLAND,WXS-ISLAND-01,27.49,27.64,0,78.26,0,66.98,21.7,1010.18,external
2026-08-01T23:00:00Z,REG-ISLAND,WXS-ISLAND-01,27.02,27.25,0,79.14,0,68.22,20.29,1010.06,external
2026-08-01T00:00:00Z,REG-NORTH,WXS-NORTH-01,18.57,18.92,0,78.36,0,49.17,17.22,1015.41,external
2026-08-01T01:00:00Z,REG-NORTH,WXS-NORTH-01,18.02,18.45,0,79.37,0,45.26,16.06,1015.33,external
2026-08-01T02:00:00Z,REG-NORTH,WXS-NORTH-01,17.49,17.87,0,80.37,0,47.12,17.62,1015.29,external
2026-08-01T03:00:00Z,REG-NORTH,WXS-NORTH-01,17.51,17.9,0,80.33,0,45.79,17.41,1015.28,external
2026-08-01T04:00:00Z,REG-NORTH,WXS-NORTH-01,17.7,18.16,0,79.98,0,48.84,15.61,1015.31,external
2026-08-01T05:00:00Z,REG-NORTH,WXS-NORTH-01,17.86,18.27,0,79.68,0,42.69,16.68,1015.38,external
2026-08-01T06:00:00Z,REG-NORTH,WXS-NORTH-01,18.64,18.98,0,78.23,0,46.25,17.41,1015.47,external
2026-08-01T07:00:00Z,REG-NORTH,WXS-NORTH-01,19.19,19.55,1.387,77.21,0,41.41,16.29,1015.59,external
2026-08-01T08:00:00Z,REG-NORTH,WXS-NORTH-01,20.15,20.4,2.694,75.44,0,47,17.73,1015.73,external
2026-08-01T09:00:00Z,REG-NORTH,WXS-NORTH-01,20.99,21.18,3.844,73.89,0,38.28,18.08,1015.87,external
2026-08-01T10:00:00Z,REG-NORTH,WXS-NORTH-01,22.16,22.38,4.771,71.72,0,41.78,16.57,1016.01,external
2026-08-01T11:00:00Z,REG-NORTH,WXS-NORTH-01,22.99,23.15,5.421,70.19,0,37.68,16.73,1016.14,external
2026-08-01T12:00:00Z,REG-NORTH,WXS-NORTH-01,23.91,24.07,5.755,68.48,0,41.2,16.9,1016.25,external
2026-08-01T13:00:00Z,REG-NORTH,WXS-NORTH-01,24.19,24.29,5.755,67.96,0,38.68,18.09,1016.33,external
2026-08-01T14:00:00Z,REG-NORTH,WXS-NORTH-01,24.71,24.77,5.421,67,0,39.72,17.52,1016.37,external
2026-08-01T15:00:00Z,REG-NORTH,WXS-NORTH-01,24.93,25.02,4.771,66.59,0,41.8,16.41,1016.38,external
2026-08-01T16:00:00Z,REG-NORTH,WXS-NORTH-01,24.86,24.9,3.844,66.73,0,47.45,17.52,1016.35,external
2026-08-01T17:00:00Z,REG-NORTH,WXS-NORTH-01,24.5,24.55,2.694,67.39,0,45.32,17.71,1016.28,external
2026-08-01T18:00:00Z,REG-NORTH,WXS-NORTH-01,23.82,23.92,1.387,68.66,0,41.26,17.21,1016.19,external
2026-08-01T19:00:00Z,REG-NORTH,WXS-NORTH-01,22.9,23.02,0,70.36,0,46.77,17.69,1016.07,external
2026-08-01T20:00:00Z,REG-NORTH,WXS-NORTH-01,22.06,22.31,0,71.91,0,46.98,15.76,1015.93,external
2026-08-01T21:00:00Z,REG-NORTH,WXS-NORTH-01,21.08,21.34,0,73.72,0,42.85,16.62,1015.79,external
2026-08-01T22:00:00Z,REG-NORTH,WXS-NORTH-01,20.02,20.33,0,75.67,0,45.75,16.67,1015.65,external
2026-08-01T23:00:00Z,REG-NORTH,WXS-NORTH-01,19.35,19.61,0,76.93,0,49.71,18.21,1015.52,external
2026-08-01T00:00:00Z,REG-CENTRAL,WXS-CENTRAL-01,21.5,21.6,0,69.46,0,43.3,17.91,1013.61,external
2026-08-01T01:00:00Z,REG-CENTRAL,WXS-CENTRAL-01,20.83,20.95,0,70.7,0,39.5,18.16,1013.67,external
2026-08-01T02:00:00Z,REG-CENTRAL,WXS-CENTRAL-01,20.57,20.73,0,71.19,0,39.26,17.43,1013.76,external
2026-08-01T03:00:00Z,REG-CENTRAL,WXS-CENTRAL-01,20.52,20.6,0,71.28,0,44.44,19.34,1013.88,external
2026-08-01T04:00:00Z,REG-CENTRAL,WXS-CENTRAL-01,20.46,20.54,0,71.38,0,40.39,19.35,1014.01,external
2026-08-01T05:00:00Z,REG-CENTRAL,WXS-CENTRAL-01,21.06,21.13,0,70.28,0,42.77,18.89,1014.15,external
2026-08-01T06:00:00Z,REG-CENTRAL,WXS-CENTRAL-01,21.61,21.67,0,69.26,0,43.68,18.71,1014.3,external
2026-08-01T07:00:00Z,REG-CENTRAL,WXS-CENTRAL-01,22.25,22.28,1.654,68.08,0,40.59,18.69,1014.43,external
2026-08-01T08:00:00Z,REG-CENTRAL,WXS-CENTRAL-01,23.16,23.16,3.212,66.4,0,43.99,18.23,1014.54,external
2026-08-01T09:00:00Z,REG-CENTRAL,WXS-CENTRAL-01,23.79,23.77,4.583,65.23,0,35.46,18.24,1014.62,external
2026-08-01T10:00:00Z,REG-CENTRAL,WXS-CENTRAL-01,24.83,24.7,5.688,63.3,0,34.55,19.63,1014.67,external
2026-08-01T11:00:00Z,REG-CENTRAL,WXS-CENTRAL-01,25.88,25.79,6.462,61.36,0,30.86,18.79,1014.69,external
2026-08-01T12:00:00Z,REG-CENTRAL,WXS-CENTRAL-01,26.47,26.43,6.861,60.27,0,34.16,18.45,1014.67,external
2026-08-01T13:00:00Z,REG-CENTRAL,WXS-CENTRAL-01,27.02,26.95,6.861,59.25,0,37.14,18.47,1014.61,external
2026-08-01T14:00:00Z,REG-CENTRAL,WXS-CENTRAL-01,27.48,27.25,6.462,58.4,0,35.79,20.28,1014.52,external
2026-08-01T15:00:00Z,REG-CENTRAL,WXS-CENTRAL-01,27.55,27.29,5.688,58.27,0,35.91,19.5,1014.4,external
2026-08-01T16:00:00Z,REG-CENTRAL,WXS-CENTRAL-01,27.4,27.12,4.583,58.55,0,35.06,20.27,1014.27,external
2026-08-01T17:00:00Z,REG-CENTRAL,WXS-CENTRAL-01,27.15,26.96,3.212,59.02,0,40.52,18.39,1014.13,external
2026-08-01T18:00:00Z,REG-CENTRAL,WXS-CENTRAL-01,26.43,26.28,1.654,60.34,0,39.33,18.36,1013.98,external
2026-08-01T19:00:00Z,REG-CENTRAL,WXS-CENTRAL-01,25.71,25.66,0,61.67,0,39.71,17.02,1013.85,external
2026-08-01T20:00:00Z,REG-CENTRAL,WXS-CENTRAL-01,25.03,24.95,0,62.94,0,42.13,18.13,1013.74,external
2026-08-01T21:00:00Z,REG-CENTRAL,WXS-CENTRAL-01,24.02,23.95,0,64.8,0,41.27,19.04,1013.66,external
2026-08-01T22:00:00Z,REG-CENTRAL,WXS-CENTRAL-01,23.15,23.11,0,66.42,0,42.76,19.18,1013.61,external
2026-08-01T23:00:00Z,REG-CENTRAL,WXS-CENTRAL-01,22.12,22.18,0,68.32,0,45.18,18.15,1013.59,external
2026-08-02T00:00:00Z,REG-COASTAL,WXS-COASTAL-01,27.19,27.63,0,73.11,0,30.82,12.16,1012.13,external
2026-08-02T01:00:00Z,REG-COASTAL,WXS-COASTAL-01,26.42,26.84,0,74.53,0,21.71,13.6,1012.27,external
2026-08-02T02:00:00Z,REG-COASTAL,WXS-COASTAL-01,26.13,26.57,0,75.07,0,27.03,13.4,1012.41,external
2026-08-02T03:00:00Z,REG-COASTAL,WXS-COASTAL-01,25.98,26.36,0,75.35,0,21.24,14.79,1012.52,external
2026-08-02T04:00:00Z,REG-COASTAL,WXS-COASTAL-01,26.03,26.41,0,75.26,0,24.15,14.79,1012.61,external
2026-08-02T05:00:00Z,REG-COASTAL,WXS-COASTAL-01,26.61,27.05,0,74.19,0,20.52,12.89,1012.66,external
2026-08-02T06:00:00Z,REG-COASTAL,WXS-COASTAL-01,27.06,27.39,0,73.34,0,26.1,14.84,1012.68,external
2026-08-02T07:00:00Z,REG-COASTAL,WXS-COASTAL-01,28.03,28.37,2.629,71.55,0,23.52,13.75,1012.66,external
2026-08-02T08:00:00Z,REG-COASTAL,WXS-COASTAL-01,29.23,29.51,5.106,69.33,0,19.89,13.74,1012.61,external
2026-08-02T09:00:00Z,REG-COASTAL,WXS-COASTAL-01,30.21,30.54,7.286,67.53,0,20.83,13.75,1012.52,external
2026-08-02T10:00:00Z,REG-COASTAL,WXS-COASTAL-01,31.54,32.06,9.042,65.06,0,21.39,13.65,1012.41,external
2026-08-02T11:00:00Z,REG-COASTAL,WXS-COASTAL-01,32.42,33.09,10.273,63.44,0,20.57,13.15,1012.27,external
2026-08-02T12:00:00Z,REG-COASTAL,WXS-COASTAL-01,33.4,34.08,10.907,61.63,0,14.25,13.7,1012.13,external
2026-08-02T13:00:00Z,REG-COASTAL,WXS-COASTAL-01,33.99,34.62,10.907,60.53,0,19.01,14.29,1011.99,external
2026-08-02T14:00:00Z,REG-COASTAL,WXS-COASTAL-01,34.36,34.91,10.273,59.84,0,21.17,13.8,1011.86,external
2026-08-02T15:00:00Z,REG-COASTAL,WXS-COASTAL-01,34.64,35.09,9.042,59.32,0,18.92,11.53,1011.74,external
2026-08-02T16:00:00Z,REG-COASTAL,WXS-COASTAL-01,34.42,34.53,7.286,59.73,0,17.62,14.48,1011.65,external
2026-08-02T17:00:00Z,REG-COASTAL,WXS-COASTAL-01,34.14,34.17,5.106,60.24,0,21.81,14.22,1011.6,external
2026-08-02T18:00:00Z,REG-COASTAL,WXS-COASTAL-01,33.22,33.32,2.629,61.96,0,21.51,13.46,1011.58,external
2026-08-02T19:00:00Z,REG-COASTAL,WXS-COASTAL-01,32.43,32.59,0,63.42,0,21.16,13.2,1011.6,external
2026-08-02T20:00:00Z,REG-COASTAL,WXS-COASTAL-01,31.43,31.62,0,65.26,0,23.85,13.55,1011.65,external
2026-08-02T21:00:00Z,REG-COASTAL,WXS-COASTAL-01,30.29,30.52,0,67.38,0,25.9,13.8,1011.74,external
2026-08-02T22:00:00Z,REG-COASTAL,WXS-COASTAL-01,29.31,29.63,0,69.18,0,26.02,12.84,1011.86,external
2026-08-02T23:00:00Z,REG-COASTAL,WXS-COASTAL-01,28,28.29,0,71.6,0,25.75,14.82,1011.99,external
2026-08-02T00:00:00Z,REG-SOUTH,WXS-SOUTH-01,27.44,27.57,0,68.34,0,28.68,16.51,1013.6,external
2026-08-02T01:00:00Z,REG-SOUTH,WXS-SOUTH-01,26.94,27.14,0,69.26,0,31.21,15.47,1013.66,external
2026-08-02T02:00:00Z,REG-SOUTH,WXS-SOUTH-01,26.5,26.74,0,70.07,0,30.32,15.17,1013.69,external
2026-08-02T03:00:00Z,REG-SOUTH,WXS-SOUTH-01,26.31,26.53,0,70.44,0,31.8,15.54,1013.68,external
2026-08-02T04:00:00Z,REG-SOUTH,WXS-SOUTH-01,26.45,26.7,0,70.18,0,35.69,14.83,1013.63,external
2026-08-02T05:00:00Z,REG-SOUTH,WXS-SOUTH-01,26.89,27.13,0,69.35,0,32.85,14.63,1013.55,external
2026-08-02T06:00:00Z,REG-SOUTH,WXS-SOUTH-01,27.69,27.9,0,67.89,0,29.95,14.39,1013.44,external
2026-08-02T07:00:00Z,REG-SOUTH,WXS-SOUTH-01,28.3,28.48,2.637,66.75,0,28.79,14.4,1013.31,external
2026-08-02T08:00:00Z,REG-SOUTH,WXS-SOUTH-01,29.21,29.34,5.121,65.07,0,29.91,14.7,1013.17,external
2026-08-02T09:00:00Z,REG-SOUTH,WXS-SOUTH-01,30.22,30.32,7.308,63.2,0,27.72,14.42,1013.02,external
2026-08-02T10:00:00Z,REG-SOUTH,WXS-SOUTH-01,31.3,31.54,9.07,61.21,0,25.85,15.05,1012.89,external
2026-08-02T11:00:00Z,REG-SOUTH,WXS-SOUTH-01,32.07,32.41,10.304,59.77,0,22.94,15.6,1012.77,external
2026-08-02T12:00:00Z,REG-SOUTH,WXS-SOUTH-01,33.14,33.58,10.94,57.79,0,26.24,14.15,1012.68,external
2026-08-02T13:00:00Z,REG-SOUTH,WXS-SOUTH-01,33.93,34.29,10.94,56.33,0,24.21,14.99,1012.62,external
2026-08-02T14:00:00Z,REG-SOUTH,WXS-SOUTH-01,34.18,34.43,10.304,55.88,0,23.6,15.33,1012.59,external
2026-08-02T15:00:00Z,REG-SOUTH,WXS-SOUTH-01,34.32,34.45,9.07,55.61,0,23.44,14.56,1012.6,external
2026-08-02T16:00:00Z,REG-SOUTH,WXS-SOUTH-01,34.13,34.07,7.308,55.97,0,25.13,13.97,1012.65,external
2026-08-02T17:00:00Z,REG-SOUTH,WXS-SOUTH-01,33.72,33.63,5.121,56.73,0,29.17,14.8,1012.73,external
2026-08-02T18:00:00Z,REG-SOUTH,WXS-SOUTH-01,32.97,32.93,2.637,58.11,0,31.21,14.66,1012.84,external
2026-08-02T19:00:00Z,REG-SOUTH,WXS-SOUTH-01,32.28,32.21,0,59.38,0,28.77,15.99,1012.97,external
2026-08-02T20:00:00Z,REG-SOUTH,WXS-SOUTH-01,31.36,31.39,0,61.08,0,30.26,14.88,1013.11,external
2026-08-02T21:00:00Z,REG-SOUTH,WXS-SOUTH-01,30.33,30.4,0,63,0,32.93,14.74,1013.26,external
2026-08-02T22:00:00Z,REG-SOUTH,WXS-SOUTH-01,29.48,29.64,0,64.57,0,30.55,13.66,1013.39,external
2026-08-02T23:00:00Z,REG-SOUTH,WXS-SOUTH-01,28.3,28.44,0,66.76,0,27.33,15.27,1013.51,external
2026-08-02T00:00:00Z,REG-DELTA,WXS-DELTA-01,28.44,29,0,86.19,0,76.25,16.95,1007.49,external
2026-08-02T01:00:00Z,REG-DELTA,WXS-DELTA-01,27.9,28.41,0,87.19,0,74.13,18.49,1007.41,external
2026-08-02T02:00:00Z,REG-DELTA,WXS-DELTA-01,27.9,28.4,0,87.2,0,78.24,18.67,1007.31,external
2026-08-02T03:00:00Z,REG-DELTA,WXS-DELTA-01,27.92,28.45,0,87.15,0,76.85,18.1,1007.18,external
2026-08-02T04:00:00Z,REG-DELTA,WXS-DELTA-01,27.84,28.38,0,87.31,0,75.27,17.82,1007.04,external
2026-08-02T05:00:00Z,REG-DELTA,WXS-DELTA-01,28.16,28.73,0,86.71,0,76.44,16.93,1006.9,external
2026-08-02T06:00:00Z,REG-DELTA,WXS-DELTA-01,28.46,28.96,0,86.16,0,75.5,18.25,1006.76,external
2026-08-02T07:00:00Z,REG-DELTA,WXS-DELTA-01,29.02,29.42,2.351,85.12,0,72.15,19.82,1006.64,external
2026-08-02T08:00:00Z,REG-DELTA,WXS-DELTA-01,29.62,30.03,4.565,84,0,72.66,19.11,1006.54,external
2026-08-02T09:00:00Z,REG-DELTA,WXS-DELTA-01,30.39,30.87,6.514,82.58,0,68.21,16.73,1006.47,external
2026-08-02T10:00:00Z,REG-DELTA,WXS-DELTA-01,31.08,31.4,8.085,85.3,1.969,83.77,21.9,1006.44,external
2026-08-02T11:00:00Z,REG-DELTA,WXS-DELTA-01,31.57,31.92,9.185,84.4,2.631,83.14,20.54,1006.45,external
2026-08-02T12:00:00Z,REG-DELTA,WXS-DELTA-01,32.17,32.45,9.752,83.3,1.634,81.15,21.36,1006.49,external
2026-08-02T13:00:00Z,REG-DELTA,WXS-DELTA-01,32.55,32.74,9.752,82.59,2.331,80.72,23.07,1006.57,external
2026-08-02T14:00:00Z,REG-DELTA,WXS-DELTA-01,32.73,32.96,9.185,82.26,1.643,83.33,21.88,1006.67,external
2026-08-02T15:00:00Z,REG-DELTA,WXS-DELTA-01,32.98,33.24,8.085,81.79,1.938,78.09,21.15,1006.8,external
2026-08-02T16:00:00Z,REG-DELTA,WXS-DELTA-01,32.76,33.01,6.514,82.2,2.444,85.93,21.6,1006.94,external
2026-08-02T17:00:00Z,REG-DELTA,WXS-DELTA-01,32.7,32.95,4.565,78.32,0,69.71,19.21,1007.08,external
2026-08-02T18:00:00Z,REG-DELTA,WXS-DELTA-01,32.23,32.58,2.351,79.18,0,74.37,17.65,1007.22,external
2026-08-02T19:00:00Z,REG-DELTA,WXS-DELTA-01,31.68,32,0,80.21,0,74.25,18.88,1007.34,external
2026-08-02T20:00:00Z,REG-DELTA,WXS-DELTA-01,31.14,31.48,0,81.19,0,74.3,19.21,1007.44,external
2026-08-02T21:00:00Z,REG-DELTA,WXS-DELTA-01,30.37,30.83,0,82.63,0,77.17,16.95,1007.51,external
2026-08-02T22:00:00Z,REG-DELTA,WXS-DELTA-01,29.61,30.06,0,84.02,0,73.77,18.25,1007.54,external
2026-08-02T23:00:00Z,REG-DELTA,WXS-DELTA-01,29.17,29.56,0,84.85,0,79.15,19.81,1007.53,external
2026-08-02T00:00:00Z,REG-ISLAND,WXS-ISLAND-01,26.01,26.39,0,79.37,0,40.71,17.11,1013.96,external
2026-08-02T01:00:00Z,REG-ISLAND,WXS-ISLAND-01,25.35,25.83,0,80.59,0,37.62,15.7,1013.81,external
2026-08-02T02:00:00Z,REG-ISLAND,WXS-ISLAND-01,25.16,25.59,0,80.95,0,36.41,16.97,1013.67,external
2026-08-02T03:00:00Z,REG-ISLAND,WXS-ISLAND-01,24.95,25.39,0,81.35,0,33.42,16.82,1013.55,external
2026-08-02T04:00:00Z,REG-ISLAND,WXS-ISLAND-01,24.99,25.39,0,81.27,0,36.16,17.52,1013.45,external
2026-08-02T05:00:00Z,REG-ISLAND,WXS-ISLAND-01,25.42,25.94,0,80.47,0,36.01,14.73,1013.37,external
2026-08-02T06:00:00Z,REG-ISLAND,WXS-ISLAND-01,26.11,26.47,0,79.2,0,34.38,17.28,1013.34,external
2026-08-02T07:00:00Z,REG-ISLAND,WXS-ISLAND-01,26.57,26.87,2.614,78.35,0,33.85,18.27,1013.33,external
2026-08-02T08:00:00Z,REG-ISLAND,WXS-ISLAND-01,27.69,27.98,5.076,76.26,0,34.53,17.35,1013.37,external
2026-08-02T09:00:00Z,REG-ISLAND,WXS-ISLAND-01,28.52,28.79,7.242,74.73,0,28.7,16.96,1013.44,external
2026-08-02T10:00:00Z,REG-ISLAND,WXS-ISLAND-01,29.47,29.85,8.988,72.98,0,31.87,16.66,1013.54,external
2026-08-02T11:00:00Z,REG-ISLAND,WXS-ISLAND-01,30.38,30.94,10.212,71.29,0,28.42,14.98,1013.66,external
2026-08-02T12:00:00Z,REG-ISLAND,WXS-ISLAND-01,31.09,31.69,10.842,69.98,0,31.42,15.02,1013.8,external
2026-08-02T13:00:00Z,REG-ISLAND,WXS-ISLAND-01,31.66,32.16,10.842,68.93,0,28.33,16.54,1013.95,external
2026-08-02T14:00:00Z,REG-ISLAND,WXS-ISLAND-01,32.1,32.47,10.212,68.11,0,29.07,17.53,1014.09,external
2026-08-02T15:00:00Z,REG-ISLAND,WXS-ISLAND-01,32.28,32.54,8.988,67.78,0,33.88,16.41,1014.21,external
2026-08-02T16:00:00Z,REG-ISLAND,WXS-ISLAND-01,32.01,32.17,7.242,68.28,0,28.57,15.77,1014.31,external
2026-08-02T17:00:00Z,REG-ISLAND,WXS-ISLAND-01,31.71,31.85,5.076,68.83,0,32.89,16.69,1014.39,external
2026-08-02T18:00:00Z,REG-ISLAND,WXS-ISLAND-01,31.17,31.29,2.614,69.84,0,32.32,17.53,1014.42,external
2026-08-02T19:00:00Z,REG-ISLAND,WXS-ISLAND-01,30.21,30.44,0,71.61,0,35.43,16.19,1014.43,external
2026-08-02T20:00:00Z,REG-ISLAND,WXS-ISLAND-01,29.42,29.61,0,73.07,0,34.02,17.9,1014.39,external
2026-08-02T21:00:00Z,REG-ISLAND,WXS-ISLAND-01,28.48,28.72,0,74.82,0,35.69,17.68,1014.32,external
2026-08-02T22:00:00Z,REG-ISLAND,WXS-ISLAND-01,27.66,27.88,0,76.33,0,36.95,18.97,1014.22,external
2026-08-02T23:00:00Z,REG-ISLAND,WXS-ISLAND-01,26.79,27.09,0,77.93,0,36.21,18.08,1014.1,external
2026-08-02T00:00:00Z,REG-NORTH,WXS-NORTH-01,19.05,19.19,0,79.32,0,75.64,22.33,1010.71,external
2026-08-02T01:00:00Z,REG-NORTH,WXS-NORTH-01,18.91,19.1,0,79.59,0,77.19,21.45,1010.63,external
2026-08-02T02:00:00Z,REG-NORTH,WXS-NORTH-01,18.51,18.7,0,80.32,0,74.12,21.82,1010.59,external
2026-08-02T03:00:00Z,REG-NORTH,WXS-NORTH-01,18.43,18.61,0,80.47,0,77.17,22.12,1010.58,external
2026-08-02T04:00:00Z,REG-NORTH,WXS-NORTH-01,18.6,18.79,0,80.15,0,77.53,21.71,1010.61,external
2026-08-02T05:00:00Z,REG-NORTH,WXS-NORTH-01,18.57,18.69,0,80.2,0,70.94,23.4,1010.68,external
2026-08-02T06:00:00Z,REG-NORTH,WXS-NORTH-01,19.16,19.24,0,79.11,0,76.66,23.61,1010.77,external
2026-08-02T07:00:00Z,REG-NORTH,WXS-NORTH-01,19.66,19.81,1.158,78.2,0,72.34,21.58,1010.89,external
2026-08-02T08:00:00Z,REG-NORTH,WXS-NORTH-01,20.16,20.25,2.249,77.26,0,73.6,22.52,1011.03,external
2026-08-02T09:00:00Z,REG-NORTH,WXS-NORTH-01,20.8,20.82,3.21,76.08,0,67.88,23.23,1011.17,external
2026-08-02T10:00:00Z,REG-NORTH,WXS-NORTH-01,21.41,21.44,3.983,74.96,0,72.45,22.23,1011.31,external
2026-08-02T11:00:00Z,REG-NORTH,WXS-NORTH-01,21.95,21.94,4.526,73.96,0,69.77,22.82,1011.44,external
2026-08-02T12:00:00Z,REG-NORTH,WXS-NORTH-01,22.37,22.38,4.805,73.18,0,70.04,21.88,1011.55,external
2026-08-02T13:00:00Z,REG-NORTH,WXS-NORTH-01,22.82,22.82,4.805,72.35,0,69.44,21.61,1011.63,external
2026-08-02T14:00:00Z,REG-NORTH,WXS-NORTH-01,22.95,22.93,4.526,72.1,0,68.67,22.08,1011.67,external
2026-08-02T15:00:00Z,REG-NORTH,WXS-NORTH-01,23.05,22.93,3.983,71.91,0,69.12,24.2,1011.68,external
2026-08-02T16:00:00Z,REG-NORTH,WXS-NORTH-01,23.09,23.03,3.21,75.85,2.817,84.77,24.98,1011.65,external
2026-08-02T17:00:00Z,REG-NORTH,WXS-NORTH-01,22.68,22.58,2.249,76.6,2.688,88.84,26.32,1011.58,external
2026-08-02T18:00:00Z,REG-NORTH,WXS-NORTH-01,22.41,22.34,1.158,77.11,2.748,90.83,25.71,1011.49,external
2026-08-02T19:00:00Z,REG-NORTH,WXS-NORTH-01,21.98,21.98,0,77.91,1.908,92.33,24.69,1011.37,external
2026-08-02T20:00:00Z,REG-NORTH,WXS-NORTH-01,21.46,21.46,0,78.86,1.809,86.2,25.33,1011.23,external
2026-08-02T21:00:00Z,REG-NORTH,WXS-NORTH-01,20.75,20.81,0,76.18,0,80.55,22.37,1011.09,external
2026-08-02T22:00:00Z,REG-NORTH,WXS-NORTH-01,20.26,20.3,0,77.07,0,78.87,23.43,1010.95,external
2026-08-02T23:00:00Z,REG-NORTH,WXS-NORTH-01,19.68,19.74,0,78.15,0,78.11,23.56,1010.82,external
2026-08-02T00:00:00Z,REG-CENTRAL,WXS-CENTRAL-01,21.44,21.38,0,66.31,0,38.76,19.59,1012.6,external
2026-08-02T01:00:00Z,REG-CENTRAL,WXS-CENTRAL-01,20.96,20.9,0,67.21,0,46.75,20.11,1012.66,external
2026-08-02T02:00:00Z,REG-CENTRAL,WXS-CENTRAL-01,20.37,20.34,0,68.3,0,35.91,20.02,1012.75,external
2026-08-02T03:00:00Z,REG-CENTRAL,WXS-CENTRAL-01,20.34,20.32,0,68.35,0,40.23,19.75,1012.87,external
2026-08-02T04:00:00Z,REG-CENTRAL,WXS-CENTRAL-01,20.53,20.56,0,67.99,0,44.71,18.6,1013,external
2026-08-02T05:00:00Z,REG-CENTRAL,WXS-CENTRAL-01,20.81,20.8,0,67.49,0,42.28,19.11,1013.14,external
2026-08-02T06:00:00Z,REG-CENTRAL,WXS-CENTRAL-01,21.36,21.41,0,66.46,0,46.08,17.22,1013.29,external
2026-08-02T07:00:00Z,REG-CENTRAL,WXS-CENTRAL-01,22.34,22.19,1.659,64.65,0,44.69,20.61,1013.42,external
2026-08-02T08:00:00Z,REG-CENTRAL,WXS-CENTRAL-01,23.13,23,3.222,63.19,0,40.24,19.46,1013.53,external
2026-08-02T09:00:00Z,REG-CENTRAL,WXS-CENTRAL-01,23.99,23.84,4.597,61.59,0,35.57,19.08,1013.61,external
2026-08-02T10:00:00Z,REG-CENTRAL,WXS-CENTRAL-01,24.97,24.81,5.705,59.79,0,38.51,18.09,1013.66,external
2026-08-02T11:00:00Z,REG-CENTRAL,WXS-CENTRAL-01,25.87,25.71,6.482,58.12,0,39.33,18.36,1013.68,external
2026-08-02T12:00:00Z,REG-CENTRAL,WXS-CENTRAL-01,26.52,26.35,6.882,56.91,0,38.6,19.32,1013.66,external
2026-08-02T13:00:00Z,REG-CENTRAL,WXS-CENTRAL-01,27.1,26.92,6.882,55.84,0,32.82,18.9,1013.6,external
2026-08-02T14:00:00Z,REG-CENTRAL,WXS-CENTRAL-01,27.37,27.11,6.482,55.35,0,39.99,18.9,1013.51,external
2026-08-02T15:00:00Z,REG-CENTRAL,WXS-CENTRAL-01,27.64,27.33,5.705,54.84,0,38.35,18.88,1013.39,external
2026-08-02T16:00:00Z,REG-CENTRAL,WXS-CENTRAL-01,27.59,27.3,4.597,54.93,0,40.16,18.4,1013.26,external
2026-08-02T17:00:00Z,REG-CENTRAL,WXS-CENTRAL-01,27.13,26.79,3.222,55.78,0,39.31,20.01,1013.12,external
2026-08-02T18:00:00Z,REG-CENTRAL,WXS-CENTRAL-01,26.65,26.38,1.659,56.68,0,40.15,18.78,1012.97,external
2026-08-02T19:00:00Z,REG-CENTRAL,WXS-CENTRAL-01,25.87,25.69,0,58.12,0,43.67,17.71,1012.84,external
2026-08-02T20:00:00Z,REG-CENTRAL,WXS-CENTRAL-01,25.03,24.86,0,59.68,0,49.9,18.35,1012.73,external
2026-08-02T21:00:00Z,REG-CENTRAL,WXS-CENTRAL-01,24.08,23.92,0,61.43,0,46.31,19.07,1012.65,external
2026-08-02T22:00:00Z,REG-CENTRAL,WXS-CENTRAL-01,23.09,22.98,0,63.25,0,45.44,19.22,1012.6,external
2026-08-02T23:00:00Z,REG-CENTRAL,WXS-CENTRAL-01,22.06,21.96,0,65.16,0,43.36,19.9,1012.58,external
2026-08-03T00:00:00Z,REG-COASTAL,WXS-COASTAL-01,27,27.38,0,72.41,0,25.8,13.17,1012.6,external
2026-08-03T01:00:00Z,REG-COASTAL,WXS-COASTAL-01,26.3,26.61,0,73.7,0,21.46,15.5,1012.74,external
2026-08-03T02:00:00Z,REG-COASTAL,WXS-COASTAL-01,25.98,26.31,0,74.29,0,24.27,15.47,1012.88,external
2026-08-03T03:00:00Z,REG-COASTAL,WXS-COASTAL-01,25.88,26.21,0,74.47,0,25.95,15.43,1012.99,external
2026-08-03T04:00:00Z,REG-COASTAL,WXS-COASTAL-01,26.02,26.39,0,74.21,0,22.72,14.47,1013.08,external
2026-08-03T05:00:00Z,REG-COASTAL,WXS-COASTAL-01,26.41,26.76,0,73.5,0,23.17,14.42,1013.13,external
2026-08-03T06:00:00Z,REG-COASTAL,WXS-COASTAL-01,27.05,27.43,0,72.32,0,20.7,13.01,1013.15,external
2026-08-03T07:00:00Z,REG-COASTAL,WXS-COASTAL-01,27.89,28.2,2.616,70.76,0,28.22,13.85,1013.13,external
2026-08-03T08:00:00Z,REG-COASTAL,WXS-COASTAL-01,28.74,29.01,5.08,69.17,0,19.81,13.94,1013.08,external
2026-08-03T09:00:00Z,REG-COASTAL,WXS-COASTAL-01,30.01,30.24,7.248,66.84,0,19.42,15.5,1012.99,external
2026-08-03T10:00:00Z,REG-COASTAL,WXS-COASTAL-01,31.2,31.66,8.996,64.63,0,21.58,14.61,1012.88,external
2026-08-03T11:00:00Z,REG-COASTAL,WXS-COASTAL-01,32.16,32.78,10.22,62.87,0,17.54,13.89,1012.74,external
2026-08-03T12:00:00Z,REG-COASTAL,WXS-COASTAL-01,32.89,33.51,10.851,61.5,0,13.38,15.22,1012.6,external
2026-08-03T13:00:00Z,REG-COASTAL,WXS-COASTAL-01,33.47,34.16,10.851,60.43,0,15.56,12.91,1012.46,external
2026-08-03T14:00:00Z,REG-COASTAL,WXS-COASTAL-01,33.95,34.5,10.22,59.55,0,16.21,13.6,1012.33,external
2026-08-03T15:00:00Z,REG-COASTAL,WXS-COASTAL-01,34.19,34.47,8.996,59.09,0,20.94,15.77,1012.21,external
2026-08-03T16:00:00Z,REG-COASTAL,WXS-COASTAL-01,33.85,34,7.248,59.73,0,21.29,13.53,1012.12,external
2026-08-03T17:00:00Z,REG-COASTAL,WXS-COASTAL-01,33.56,33.55,5.08,60.26,0,20.77,15.26,1012.07,external
2026-08-03T18:00:00Z,REG-COASTAL,WXS-COASTAL-01,32.87,32.91,2.616,61.54,0,20.02,14.65,1012.05,external
2026-08-03T19:00:00Z,REG-COASTAL,WXS-COASTAL-01,32.05,32.08,0,63.05,0,21.59,15.8,1012.07,external
2026-08-03T20:00:00Z,REG-COASTAL,WXS-COASTAL-01,31.13,31.26,0,64.77,0,23.06,14.49,1012.12,external
2026-08-03T21:00:00Z,REG-COASTAL,WXS-COASTAL-01,30.09,30.25,0,66.69,0,22.58,14.97,1012.21,external
2026-08-03T22:00:00Z,REG-COASTAL,WXS-COASTAL-01,28.89,29.13,0,68.91,0,26,14.35,1012.33,external
2026-08-03T23:00:00Z,REG-COASTAL,WXS-COASTAL-01,27.94,28.2,0,70.67,0,26.14,14.88,1012.46,external
2026-08-03T00:00:00Z,REG-SOUTH,WXS-SOUTH-01,27.35,27.49,0,68.03,0,31.4,16.23,1012.85,external
2026-08-03T01:00:00Z,REG-SOUTH,WXS-SOUTH-01,26.85,27.12,0,68.95,0,28.63,13.88,1012.91,external
2026-08-03T02:00:00Z,REG-SOUTH,WXS-SOUTH-01,26.39,26.67,0,69.8,0,28.2,13.99,1012.94,external
2026-08-03T03:00:00Z,REG-SOUTH,WXS-SOUTH-01,26.23,26.43,0,70.11,0,29.17,15.85,1012.93,external
2026-08-03T04:00:00Z,REG-SOUTH,WXS-SOUTH-01,26.39,26.63,0,69.82,0,33.84,14.91,1012.88,external
2026-08-03T05:00:00Z,REG-SOUTH,WXS-SOUTH-01,26.82,27.02,0,69.01,0,27.81,15.37,1012.8,external
2026-08-03T06:00:00Z,REG-SOUTH,WXS-SOUTH-01,27.43,27.59,0,67.89,0,31.5,15.48,1012.69,external
2026-08-03T07:00:00Z,REG-SOUTH,WXS-SOUTH-01,28.24,28.33,2.642,66.39,0,32.53,16.29,1012.56,external
2026-08-03T08:00:00Z,REG-SOUTH,WXS-SOUTH-01,29.28,29.43,5.131,64.46,0,27.84,14.06,1012.42,external
2026-08-03T09:00:00Z,REG-SOUTH,WXS-SOUTH-01,30.21,30.3,7.321,62.74,0,19.04,14.45,1012.27,external
2026-08-03T10:00:00Z,REG-SOUTH,WXS-SOUTH-01,31.3,31.56,9.086,60.72,0,23.15,14.39,1012.14,external
2026-08-03T11:00:00Z,REG-SOUTH,WXS-SOUTH-01,32.31,32.69,10.323,58.85,0,18.13,14.1,1012.02,external
2026-08-03T12:00:00Z,REG-SOUTH,WXS-SOUTH-01,33.24,33.62,10.96,57.14,0,26.62,14.92,1011.93,external
2026-08-03T13:00:00Z,REG-SOUTH,WXS-SOUTH-01,33.85,34.17,10.96,56.01,0,22.7,15.6,1011.87,external
2026-08-03T14:00:00Z,REG-SOUTH,WXS-SOUTH-01,34.31,34.59,10.323,55.15,0,23.07,14.38,1011.84,external
2026-08-03T15:00:00Z,REG-SOUTH,WXS-SOUTH-01,34.41,34.5,9.086,54.98,0,20.91,14.91,1011.85,external
2026-08-03T16:00:00Z,REG-SOUTH,WXS-SOUTH-01,34.34,34.21,7.321,55.1,0,23.78,15.04,1011.9,external
2026-08-03T17:00:00Z,REG-SOUTH,WXS-SOUTH-01,33.77,33.67,5.131,56.15,0,28.68,14.96,1011.98,external
2026-08-03T18:00:00Z,REG-SOUTH,WXS-SOUTH-01,33.19,33.07,2.642,57.24,0,26.7,15.93,1012.09,external
2026-08-03T19:00:00Z,REG-SOUTH,WXS-SOUTH-01,32.4,32.35,0,58.7,0,37.02,15.05,1012.22,external
2026-08-03T20:00:00Z,REG-SOUTH,WXS-SOUTH-01,31.34,31.37,0,60.65,0,30.33,14.54,1012.36,external
2026-08-03T21:00:00Z,REG-SOUTH,WXS-SOUTH-01,30.31,30.31,0,62.56,0,29.11,16.14,1012.51,external
2026-08-03T22:00:00Z,REG-SOUTH,WXS-SOUTH-01,29.35,29.46,0,64.34,0,29.95,14.74,1012.64,external
2026-08-03T23:00:00Z,REG-SOUTH,WXS-SOUTH-01,28.35,28.51,0,66.19,0,29.38,14.65,1012.76,external
2026-08-03T00:00:00Z,REG-DELTA,WXS-DELTA-01,28.15,28.85,0,83.2,0,33.34,11.06,1013.37,external
2026-08-03T01:00:00Z,REG-DELTA,WXS-DELTA-01,27.54,28.15,0,84.33,0,32.35,14.82,1013.29,external
2026-08-03T02:00:00Z,REG-DELTA,WXS-DELTA-01,27.12,27.84,0,85.11,0,30.22,12.73,1013.19,external
2026-08-03T03:00:00Z,REG-DELTA,WXS-DELTA-01,26.96,27.66,0,85.4,0,30.72,13.27,1013.06,external
2026-08-03T04:00:00Z,REG-DELTA,WXS-DELTA-01,27.13,27.81,0,85.08,0,31.31,13.77,1012.92,external
2026-08-03T05:00:00Z,REG-DELTA,WXS-DELTA-01,27.48,28.21,0,84.44,0,30.24,11.66,1012.78,external
2026-08-03T06:00:00Z,REG-DELTA,WXS-DELTA-01,28.14,28.78,0,83.22,0,31.09,13.48,1012.64,external
2026-08-03T07:00:00Z,REG-DELTA,WXS-DELTA-01,28.93,29.47,2.668,81.76,0,31.01,14.86,1012.52,external
2026-08-03T08:00:00Z,REG-DELTA,WXS-DELTA-01,29.82,30.43,5.182,80.12,0,25.17,12.39,1012.42,external
2026-08-03T09:00:00Z,REG-DELTA,WXS-DELTA-01,30.86,31.42,7.394,78.19,0,25.6,12.34,1012.35,external
2026-08-03T10:00:00Z,REG-DELTA,WXS-DELTA-01,31.87,32.53,9.177,76.32,0,22.47,12.85,1012.32,external
2026-08-03T11:00:00Z,REG-DELTA,WXS-DELTA-01,32.87,33.65,10.426,74.46,0,24.55,12.53,1012.33,external
2026-08-03T12:00:00Z,REG-DELTA,WXS-DELTA-01,33.59,34.44,11.069,73.13,0,24.14,12.02,1012.37,external
2026-08-03T13:00:00Z,REG-DELTA,WXS-DELTA-01,34.28,35.04,11.069,71.87,0,19.13,13.06,1012.45,external
2026-08-03T14:00:00Z,REG-DELTA,WXS-DELTA-01,34.58,35.19,10.426,71.31,0,24.7,14.48,1012.55,external
2026-08-03T15:00:00Z,REG-DELTA,WXS-DELTA-01,34.9,35.46,9.177,70.71,0,27.4,12.03,1012.68,external
2026-08-03T16:00:00Z,REG-DELTA,WXS-DELTA-01,34.72,35.1,7.394,71.05,0,30.58,12.44,1012.82,external
2026-08-03T17:00:00Z,REG-DELTA,WXS-DELTA-01,34.23,34.56,5.182,71.95,0,24.28,14.1,1012.96,external
2026-08-03T18:00:00Z,REG-DELTA,WXS-DELTA-01,33.5,33.92,2.668,73.31,0,30.78,12.68,1013.1,external
2026-08-03T19:00:00Z,REG-DELTA,WXS-DELTA-01,32.82,33.3,0,74.56,0,34.54,12.2,1013.22,external
2026-08-03T20:00:00Z,REG-DELTA,WXS-DELTA-01,31.9,32.36,0,76.25,0,30.74,13.73,1013.32,external
2026-08-03T21:00:00Z,REG-DELTA,WXS-DELTA-01,30.89,31.46,0,78.13,0,33.67,12.17,1013.39,external
2026-08-03T22:00:00Z,REG-DELTA,WXS-DELTA-01,29.84,30.47,0,80.08,0,27.46,11.26,1013.42,external
2026-08-03T23:00:00Z,REG-DELTA,WXS-DELTA-01,29,29.67,0,81.62,0,35.26,11.05,1013.41,external
2026-08-03T00:00:00Z,REG-ISLAND,WXS-ISLAND-01,25.56,25.98,0,78.24,0,26.47,15.53,1013.9,external
2026-08-03T01:00:00Z,REG-ISLAND,WXS-ISLAND-01,24.95,25.38,0,79.35,0,27.89,16.06,1013.75,external
2026-08-03T02:00:00Z,REG-ISLAND,WXS-ISLAND-01,24.73,25.15,0,79.76,0,35.46,16.46,1013.61,external
2026-08-03T03:00:00Z,REG-ISLAND,WXS-ISLAND-01,24.37,24.88,0,80.44,0,29.35,14.75,1013.49,external
2026-08-03T04:00:00Z,REG-ISLAND,WXS-ISLAND-01,24.69,25.09,0,79.85,0,29.71,16.8,1013.39,external
2026-08-03T05:00:00Z,REG-ISLAND,WXS-ISLAND-01,24.85,25.3,0,79.54,0,28.27,15.7,1013.31,external
2026-08-03T06:00:00Z,REG-ISLAND,WXS-ISLAND-01,25.6,26.04,0,78.15,0,30.81,15.21,1013.28,external
2026-08-03T07:00:00Z,REG-ISLAND,WXS-ISLAND-01,26.42,26.77,2.66,76.63,0,27.49,16.23,1013.27,external
2026-08-03T08:00:00Z,REG-ISLAND,WXS-ISLAND-01,27.25,27.57,5.166,75.11,0,28.17,16.08,1013.31,external
2026-08-03T09:00:00Z,REG-ISLAND,WXS-ISLAND-01,28.32,28.63,7.372,73.13,0,20.07,15.12,1013.38,external
2026-08-03T10:00:00Z,REG-ISLAND,WXS-ISLAND-01,29.22,29.61,9.149,71.45,0,27.69,17.34,1013.48,external
2026-08-03T11:00:00Z,REG-ISLAND,WXS-ISLAND-01,30.26,30.87,10.395,69.54,0,24.34,14.82,1013.6,external
2026-08-03T12:00:00Z,REG-ISLAND,WXS-ISLAND-01,31.04,31.65,11.036,68.1,0,21.73,15.8,1013.74,external
2026-08-03T13:00:00Z,REG-ISLAND,WXS-ISLAND-01,31.81,32.38,11.036,66.67,0,27.06,16,1013.89,external
2026-08-03T14:00:00Z,REG-ISLAND,WXS-ISLAND-01,32.18,32.71,10.395,65.99,0,23.37,14.6,1014.03,external
2026-08-03T15:00:00Z,REG-ISLAND,WXS-ISLAND-01,32.31,32.66,9.149,65.74,0,23.39,15.09,1014.15,external
2026-08-03T16:00:00Z,REG-ISLAND,WXS-ISLAND-01,32.04,32.15,7.372,66.24,0,22.73,15.76,1014.25,external
2026-08-03T17:00:00Z,REG-ISLAND,WXS-ISLAND-01,31.72,31.83,5.166,66.84,0,22.71,16.04,1014.33,external
2026-08-03T18:00:00Z,REG-ISLAND,WXS-ISLAND-01,31.27,31.38,2.66,67.67,0,29.98,16.54,1014.36,external
2026-08-03T19:00:00Z,REG-ISLAND,WXS-ISLAND-01,30.35,30.51,0,69.38,0,30.39,16.36,1014.37,external
2026-08-03T20:00:00Z,REG-ISLAND,WXS-ISLAND-01,29.43,29.68,0,71.07,0,30.59,15.41,1014.33,external
2026-08-03T21:00:00Z,REG-ISLAND,WXS-ISLAND-01,28.45,28.71,0,72.88,0,29.56,16.23,1014.26,external
2026-08-03T22:00:00Z,REG-ISLAND,WXS-ISLAND-01,27.46,27.76,0,74.72,0,30.54,16.15,1014.16,external
2026-08-03T23:00:00Z,REG-ISLAND,WXS-ISLAND-01,26.38,26.79,0,76.71,0,29.88,15.05,1014.04,external
2026-08-03T00:00:00Z,REG-NORTH,WXS-NORTH-01,18.81,19.22,0,79.27,0,48.27,16.49,1015.68,external
2026-08-03T01:00:00Z,REG-NORTH,WXS-NORTH-01,18.28,18.62,0,80.26,0,45.14,18.39,1015.6,external
2026-08-03T02:00:00Z,REG-NORTH,WXS-NORTH-01,17.78,18.17,0,81.18,0,46.76,17.75,1015.56,external
2026-08-03T03:00:00Z,REG-NORTH,WXS-NORTH-01,17.91,18.35,0,80.93,0,46.01,16.59,1015.55,external
2026-08-03T04:00:00Z,REG-NORTH,WXS-NORTH-01,17.91,18.33,0,80.94,0,46.89,17.09,1015.58,external
2026-08-03T05:00:00Z,REG-NORTH,WXS-NORTH-01,18.13,18.54,0,80.53,0,46.14,17.12,1015.65,external
2026-08-03T06:00:00Z,REG-NORTH,WXS-NORTH-01,18.7,19.07,0,79.47,0,48.62,17.53,1015.74,external
2026-08-03T07:00:00Z,REG-NORTH,WXS-NORTH-01,19.32,19.61,1.397,78.33,0,42.02,18.46,1015.86,external
2026-08-03T08:00:00Z,REG-NORTH,WXS-NORTH-01,20.27,20.58,2.713,76.57,0,43.61,17.05,1016,external
2026-08-03T09:00:00Z,REG-NORTH,WXS-NORTH-01,21.05,21.31,3.871,75.13,0,45.51,17.25,1016.14,external
2026-08-03T10:00:00Z,REG-NORTH,WXS-NORTH-01,21.86,22.12,4.804,73.64,0,36.66,16.4,1016.28,external
2026-08-03T11:00:00Z,REG-NORTH,WXS-NORTH-01,22.84,22.95,5.458,71.82,0,43.75,18.92,1016.41,external
2026-08-03T12:00:00Z,REG-NORTH,WXS-NORTH-01,23.42,23.63,5.795,70.75,0,42.3,17.1,1016.52,external
2026-08-03T13:00:00Z,REG-NORTH,WXS-NORTH-01,23.95,24.13,5.795,69.75,0,40.41,17.37,1016.6,external
2026-08-03T14:00:00Z,REG-NORTH,WXS-NORTH-01,24.3,24.38,5.458,69.12,0,40.84,18,1016.64,external
2026-08-03T15:00:00Z,REG-NORTH,WXS-NORTH-01,24.32,24.38,4.804,69.07,0,41.1,18.6,1016.65,external
2026-08-03T16:00:00Z,REG-NORTH,WXS-NORTH-01,24.22,24.31,3.871,69.27,0,43.13,17.88,1016.62,external
2026-08-03T17:00:00Z,REG-NORTH,WXS-NORTH-01,24.02,24.1,2.713,69.64,0,46.78,18.17,1016.55,external
2026-08-03T18:00:00Z,REG-NORTH,WXS-NORTH-01,23.35,23.47,1.397,70.88,0,44.81,18.15,1016.46,external
2026-08-03T19:00:00Z,REG-NORTH,WXS-NORTH-01,22.69,22.92,0,72.09,0,47.68,16.4,1016.34,external
2026-08-03T20:00:00Z,REG-NORTH,WXS-NORTH-01,21.82,22.09,0,73.7,0,46.31,16.45,1016.2,external
2026-08-03T21:00:00Z,REG-NORTH,WXS-NORTH-01,21.08,21.32,0,75.07,0,46.87,17.73,1016.06,external
2026-08-03T22:00:00Z,REG-NORTH,WXS-NORTH-01,20.24,20.54,0,76.63,0,45.5,17.27,1015.92,external
2026-08-03T23:00:00Z,REG-NORTH,WXS-NORTH-01,19.43,19.81,0,78.13,0,47.65,16.42,1015.79,external
2026-08-03T00:00:00Z,REG-CENTRAL,WXS-CENTRAL-01,22.08,21.95,0,65.02,0,48.9,20.55,1012.41,external
2026-08-03T01:00:00Z,REG-CENTRAL,WXS-CENTRAL-01,21.52,21.39,0,66.07,0,48.94,21.03,1012.47,external
2026-08-03T02:00:00Z,REG-CENTRAL,WXS-CENTRAL-01,21.18,21.05,0,66.7,0,49.08,21.38,1012.56,external
2026-08-03T03:00:00Z,REG-CENTRAL,WXS-CENTRAL-01,21.03,20.85,0,66.97,0,48.94,22.56,1012.68,external
2026-08-03T04:00:00Z,REG-CENTRAL,WXS-CENTRAL-01,21.18,21.02,0,66.69,0,47.41,22.15,1012.81,external
2026-08-03T05:00:00Z,REG-CENTRAL,WXS-CENTRAL-01,21.45,21.33,0,66.19,0,49.66,21,1012.95,external
2026-08-03T06:00:00Z,REG-CENTRAL,WXS-CENTRAL-01,22.09,21.93,0,65.02,0,48.96,21.06,1013.1,external
2026-08-03T07:00:00Z,REG-CENTRAL,WXS-CENTRAL-01,22.7,22.54,1.634,63.89,0,48.18,20.34,1013.23,external
2026-08-03T08:00:00Z,REG-CENTRAL,WXS-CENTRAL-01,23.47,23.27,3.173,62.46,0,47.52,20.63,1013.34,external
2026-08-03T09:00:00Z,REG-CENTRAL,WXS-CENTRAL-01,24.36,24.09,4.528,60.8,0,47.2,21.26,1013.42,external
2026-08-03T10:00:00Z,REG-CENTRAL,WXS-CENTRAL-01,25.25,25.01,5.62,59.16,0,48.85,19.74,1013.47,external
2026-08-03T11:00:00Z,REG-CENTRAL,WXS-CENTRAL-01,26.14,25.89,6.385,57.52,0,44.18,18.96,1013.49,external
2026-08-03T12:00:00Z,REG-CENTRAL,WXS-CENTRAL-01,26.73,26.41,6.779,56.43,0,44.38,19.83,1013.47,external
2026-08-03T13:00:00Z,REG-CENTRAL,WXS-CENTRAL-01,27.17,26.81,6.779,55.61,0,42.09,20.29,1013.41,external
2026-08-03T14:00:00Z,REG-CENTRAL,WXS-CENTRAL-01,27.56,27.19,6.385,54.89,0,44.86,20.1,1013.32,external
2026-08-03T15:00:00Z,REG-CENTRAL,WXS-CENTRAL-01,27.63,27.2,5.62,54.77,0,40.32,21.31,1013.2,external
2026-08-03T16:00:00Z,REG-CENTRAL,WXS-CENTRAL-01,27.54,27.14,4.528,54.93,0,43.79,20.76,1013.07,external
2026-08-03T17:00:00Z,REG-CENTRAL,WXS-CENTRAL-01,27.08,26.71,3.173,55.78,0,47.4,20.65,1012.93,external
2026-08-03T18:00:00Z,REG-CENTRAL,WXS-CENTRAL-01,26.69,26.31,1.634,56.5,0,45.73,21.17,1012.78,external
2026-08-03T19:00:00Z,REG-CENTRAL,WXS-CENTRAL-01,26.03,25.75,0,57.71,0,46.14,19.74,1012.65,external
2026-08-03T20:00:00Z,REG-CENTRAL,WXS-CENTRAL-01,25.23,25.01,0,59.2,0,50.48,19.12,1012.54,external
2026-08-03T21:00:00Z,REG-CENTRAL,WXS-CENTRAL-01,24.31,24.08,0,60.91,0,49.28,20.35,1012.46,external
2026-08-03T22:00:00Z,REG-CENTRAL,WXS-CENTRAL-01,23.52,23.31,0,62.36,0,52.21,20.71,1012.41,external
2026-08-03T23:00:00Z,REG-CENTRAL,WXS-CENTRAL-01,22.72,22.52,0,63.84,0,48.52,21.26,1012.39,external
