timestamp,regionId,stationId,temperatureMinC,temperatureMaxC,temperatureMeanC,feelsLikeC,heatIndexC,uvIndex,uvAlertLevel,humidityPct,precipitationMm,rainDay,cloudCoverPct,sunshineHours,windSpeedKph,seaSurfaceTemperatureC,pressureHpa,temperatureMeanAnomalyC,uvIndexAnomaly,humidityAnomalyPct,precipitationAnomalyMm,sunshineAnomalyHours,seaSurfaceAnomalyC,provenance,providerId
2026-02-27T00:00:00Z,REG-COASTAL,WXS-COASTAL-01,12.04,19.64,15.76,15.9,16.52,3.265,moderate,66.54,0,false,36.42,7.49,16.68,22.93,1014.25,0.523,0.392,-1.86,-2.44,0.53,0.21,external,WX-MCS-001
2026-02-27T00:00:00Z,REG-SOUTH,WXS-SOUTH-01,15.44,22.57,18.93,18.88,19.41,3.747,moderate,58.58,0,false,40.74,6.99,15.09,24.442,1014.54,0.509,0.382,-0.5,-1.75,0.52,0.21,external,WX-MCS-001
2026-02-27T00:00:00Z,REG-DELTA,WXS-DELTA-01,17.83,24.46,21.08,21.42,22.07,4.216,moderate,73.44,0,false,45.82,6.31,14.72,25.746,1013.43,0.267,0.2,-0.72,-3.89,0.27,0.21,external,WX-MCS-001
2026-02-27T00:00:00Z,REG-ISLAND,WXS-ISLAND-01,18.21,25.28,21.67,22.03,22.62,5.52,moderate,71.98,0,false,31.62,7.99,16.43,26.551,1012.19,0.394,0.295,-0.54,-3.23,0.4,0.21,external,WX-MCS-001
2026-02-27T00:00:00Z,REG-NORTH,WXS-NORTH-01,2.45,9.44,5.87,6.05,6.46,0.574,low,61.76,0,false,33.84,7.59,13.45,14.884,1014.32,0.013,0.01,0.62,-1.97,0.01,0.017,external,WX-MCS-001
2026-02-27T00:00:00Z,REG-CENTRAL,WXS-CENTRAL-01,5.99,13.52,9.68,9.55,10.01,1.45,low,54.35,0,false,30.98,7.91,17.25,,1012.1,-0.004,-0.003,1.23,-1.42,0,,external,WX-MCS-001
2026-02-28T00:00:00Z,REG-COASTAL,WXS-COASTAL-01,12.43,19.18,15.73,16,16.45,3.022,moderate,65.54,0,false,46.8,6.28,12.04,22.924,1014.7,0.437,0.328,-1.52,-2.44,0.45,0.21,external,WX-MCS-001
2026-02-28T00:00:00Z,REG-SOUTH,WXS-SOUTH-01,14.83,22.72,18.7,18.85,19.19,3.809,moderate,58.88,0,false,36.95,7.45,12,24.433,1015.74,0.513,0.385,-1.45,-1.75,0.52,0.21,external,WX-MCS-001
2026-02-28T00:00:00Z,REG-DELTA,WXS-DELTA-01,17.63,24.43,20.96,21.5,22.06,4.335,moderate,76.27,0,false,39.38,7.08,11.33,25.735,1013.57,0.298,0.224,-0.48,-3.89,0.31,0.21,external,WX-MCS-001
2026-02-28T00:00:00Z,REG-ISLAND,WXS-ISLAND-01,18.94,23.58,21.21,21.17,22.21,4.258,moderate,73.41,16.52,true,79.08,1.8,23.15,26.535,1005.16,0.507,0.38,4.41,13.29,-0.28,0.21,external,WX-MCS-001
2026-02-28T00:00:00Z,REG-NORTH,WXS-NORTH-01,2.54,9.15,5.78,5.95,6.55,0.394,low,67.01,0,false,42,6.67,14.95,14.873,1012.88,0.008,0.006,0.04,-1.97,0.01,0.019,external,WX-MCS-001
2026-02-28T00:00:00Z,REG-CENTRAL,WXS-CENTRAL-01,5.61,13.25,9.35,9.02,9.61,1.375,low,52.17,0,false,34.72,7.5,19.36,,1013.94,-0.006,-0.005,-0.6,-1.42,0,,external,WX-MCS-001
2026-03-01T00:00:00Z,REG-COASTAL,WXS-COASTAL-01,12.19,19.71,15.88,15.95,16.51,3.144,moderate,63.09,0,false,37.44,7.35,15.77,22.918,1013.13,0.362,0.272,-0.98,-2.44,0.37,0.21,external,WX-MCS-001
2026-03-01T00:00:00Z,REG-SOUTH,WXS-SOUTH-01,15.11,22.43,18.7,18.56,19.16,3.639,moderate,58.27,0,false,37.02,7.38,17.88,24.424,1015.72,0.302,0.226,-0.32,-1.75,0.31,0.21,external,WX-MCS-001
2026-03-01T00:00:00Z,REG-DELTA,WXS-DELTA-01,17.89,24.04,20.91,21.29,21.97,4.188,moderate,75.4,0,false,45.67,6.37,14.77,25.724,1013.6,0.283,0.212,0.09,-3.89,0.29,0.21,external,WX-MCS-001
2026-03-01T00:00:00Z,REG-ISLAND,WXS-ISLAND-01,18.55,23.47,20.96,21.22,22.03,4.208,moderate,75.58,9.93,true,71.81,2.57,17.66,26.52,1006.03,0.322,0.242,3.75,6.7,-0.47,0.21,external,WX-MCS-001
2026-03-01T00:00:00Z,REG-NORTH,WXS-NORTH-01,1.99,9.22,5.53,5.69,6.19,0.439,low,63.72,0,false,38.24,7.12,13.65,14.862,1014.03,0.012,0.009,-0.03,-1.97,0.01,0.02,external,WX-MCS-001
2026-03-01T00:00:00Z,REG-CENTRAL,WXS-CENTRAL-01,6.13,11.89,8.95,8.63,9.51,0.311,low,60.99,2.53,true,68.84,2.79,22.56,,1008.24,-0.004,-0.003,4.69,1.11,-0.8,,external,WX-MCS-001
2026-03-02T00:00:00Z,REG-COASTAL,WXS-COASTAL-01,12.51,19.27,15.82,16.1,16.61,3.017,moderate,67.49,0,false,42.33,6.78,12.8,22.912,1015.57,0.298,0.223,-1.29,-2.44,0.31,0.21,external,WX-MCS-001
2026-03-02T00:00:00Z,REG-SOUTH,WXS-SOUTH-01,14.95,22.43,18.61,18.64,19.09,3.62,moderate,58.46,0,false,37.71,7.32,14.36,24.415,1015.7,0.311,0.233,-0.97,-1.75,0.32,0.21,external,WX-MCS-001
2026-03-02T00:00:00Z,REG-DELTA,WXS-DELTA-01,17.57,24.53,20.98,21.29,21.95,4.386,moderate,72.77,0,false,39.96,7.11,15.29,25.713,1014.09,0.441,0.331,-0.16,-3.89,0.45,0.21,external,WX-MCS-001
2026-03-02T00:00:00Z,REG-ISLAND,WXS-ISLAND-01,17.94,24.5,21.15,21.41,22.15,5.181,moderate,73.51,0,false,42.98,6.74,16.53,26.504,1011.31,0.382,0.287,-0.55,-3.23,0.39,0.21,external,WX-MCS-001
2026-03-02T00:00:00Z,REG-NORTH,WXS-NORTH-01,2.05,9.18,5.54,5.55,6.14,0.494,low,62.02,0,false,34.13,7.62,17.48,14.852,1014.04,0.016,0.012,-1.05,-1.97,0.02,0.021,external,WX-MCS-001
2026-03-02T00:00:00Z,REG-CENTRAL,WXS-CENTRAL-01,5.62,12.65,9.06,8.75,9.4,1.339,low,54.66,0,false,36.76,7.31,19.66,,1012.84,-0.004,-0.003,0.37,-1.42,0,,external,WX-MCS-001
2026-03-03T00:00:00Z,REG-COASTAL,WXS-COASTAL-01,13.15,18.25,15.65,15.56,16.51,2.178,low,69.52,4.83,true,70.67,2.77,22.02,22.907,1011.14,0.447,0.336,4.04,2.39,-0.34,0.21,external,WX-MCS-001
2026-03-03T00:00:00Z,REG-SOUTH,WXS-SOUTH-01,15.33,22.66,18.92,19.16,19.42,3.803,moderate,59.15,0,false,32.27,8.02,10.4,24.406,1015.46,0.442,0.332,-1.34,-1.75,0.45,0.21,external,WX-MCS-001
2026-03-03T00:00:00Z,REG-DELTA,WXS-DELTA-01,18.26,22.85,20.51,20.89,21.7,3.071,moderate,79.03,16.43,true,81.84,1.43,16.81,25.703,1007.29,0.326,0.245,4.19,12.54,-0.46,0.21,external,WX-MCS-001
2026-03-03T00:00:00Z,REG-ISLAND,WXS-ISLAND-01,18.41,23.25,20.78,20.9,21.87,3.953,moderate,76.03,17.35,true,80.04,1.63,21.01,26.489,1005.01,0.288,0.216,4.52,14.12,-0.5,0.21,external,WX-MCS-001
2026-03-03T00:00:00Z,REG-NORTH,WXS-NORTH-01,1.87,9,5.36,5.17,5.98,0.333,low,62.53,0,false,41.95,6.73,20.4,14.842,1014.43,0.014,0.011,-1.09,-1.97,0.01,0.022,external,WX-MCS-001
2026-03-03T00:00:00Z,REG-CENTRAL,WXS-CENTRAL-01,5.3,13.53,9.33,9.08,9.54,1.453,low,51.01,0,false,30.77,8.02,18.48,,1013.93,-0.002,-0.001,-0.16,-1.42,0,,external,WX-MCS-001
2026-03-04T00:00:00Z,REG-COASTAL,WXS-COASTAL-01,12.55,19.71,16.06,16.3,16.77,3.263,moderate,65.13,0,false,34.13,7.81,14.7,22.901,1016.69,0.406,0.304,-1.2,-2.44,0.42,0.21,external,WX-MCS-001
2026-03-04T00:00:00Z,REG-SOUTH,WXS-SOUTH-01,15.11,22.53,18.75,19,19.3,3.776,moderate,60.75,0,false,34.31,7.82,11.57,24.397,1014.42,0.476,0.357,-0.65,-1.75,0.49,0.21,external,WX-MCS-001
2026-03-04T00:00:00Z,REG-DELTA,WXS-DELTA-01,17.53,24.56,20.97,21.16,21.99,4.212,moderate,74.05,0,false,43.77,6.68,18.37,25.692,1011.55,0.367,0.275,-1.22,-3.89,0.38,0.21,external,WX-MCS-001
2026-03-04T00:00:00Z,REG-ISLAND,WXS-ISLAND-01,17.62,24.86,21.17,21.23,21.96,5.132,moderate,67.52,0,false,38.89,7.23,18.15,26.474,1010.56,0.323,0.242,-1.81,-3.23,0.33,0.21,external,WX-MCS-001
2026-03-04T00:00:00Z,REG-NORTH,WXS-NORTH-01,1.95,8.69,5.25,5.27,5.96,0.405,low,65.24,0,false,36.97,7.33,18.27,14.832,1013.01,0.012,0.009,-0.3,-1.97,0.01,0.023,external,WX-MCS-001
2026-03-04T00:00:00Z,REG-CENTRAL,WXS-CENTRAL-01,5.68,12.82,9.18,9.02,9.58,1.349,low,56.46,0,false,36.88,7.34,17.28,,1012.65,-0.004,-0.003,0.23,-1.42,0,,external,WX-MCS-001
2026-03-05T00:00:00Z,REG-COASTAL,WXS-COASTAL-01,12.48,20.1,16.21,16.57,16.91,3.445,moderate,64.95,0,false,34.86,7.85,11.8,22.896,1015.25,0.655,0.491,-1.83,-2.44,0.68,0.21,external,WX-MCS-001
2026-03-05T00:00:00Z,REG-SOUTH,WXS-SOUTH-01,15.29,22.52,18.83,18.81,19.32,3.621,moderate,58.97,0,false,39.82,7.18,15.11,24.388,1015.57,0.426,0.319,-0.8,-1.75,0.44,0.21,external,WX-MCS-001
2026-03-05T00:00:00Z,REG-DELTA,WXS-DELTA-01,18.33,22.79,20.52,20.65,21.66,3.038,moderate,77.62,17.11,true,84.05,1.22,21.62,25.682,1007.05,0.404,0.303,3.9,13.22,-0.38,0.21,external,WX-MCS-001
2026-03-05T00:00:00Z,REG-ISLAND,WXS-ISLAND-01,17.92,24.26,21.03,21.3,21.89,5.022,moderate,69.62,0,false,43.75,6.69,14.04,26.459,1010.2,0.342,0.257,-1.8,-3.23,0.35,0.21,external,WX-MCS-001
2026-03-05T00:00:00Z,REG-NORTH,WXS-NORTH-01,1.76,9.25,5.43,5.56,6.04,0.441,low,62.35,0,false,34.42,7.65,15.07,14.822,1014.29,0.014,0.01,-0.06,-1.97,0.01,0.025,external,WX-MCS-001
2026-03-05T00:00:00Z,REG-CENTRAL,WXS-CENTRAL-01,5.43,12.79,9.04,9.01,9.33,1.457,low,53.31,0,false,31.39,8,14.53,,1014.21,-0.006,-0.004,-0.84,-1.42,0,,external,WX-MCS-001
2026-03-06T00:00:00Z,REG-COASTAL,WXS-COASTAL-01,12.64,20,16.24,16.48,16.87,3.306,moderate,62.95,0,false,37.13,7.55,12.71,22.891,1015.9,0.513,0.385,-1.68,-2.44,0.53,0.21,external,WX-MCS-001
2026-03-06T00:00:00Z,REG-SOUTH,WXS-SOUTH-01,15.81,20.96,18.33,18.26,18.96,2.604,low,62.78,9.13,true,71.48,2.71,17.98,24.379,1011.12,0.456,0.342,3.45,7.38,-0.33,0.21,external,WX-MCS-001
2026-03-06T00:00:00Z,REG-DELTA,WXS-DELTA-01,18.03,23.23,20.58,20.72,21.66,3.17,moderate,75.79,15.03,true,73.39,2.45,20.41,25.671,1006.78,0.36,0.27,4.31,11.14,-0.43,0.21,external,WX-MCS-001
2026-03-06T00:00:00Z,REG-ISLAND,WXS-ISLAND-01,17.22,24.48,20.78,21,21.59,4.989,moderate,68.4,0,false,41.52,6.95,14.41,26.444,1010.4,0.29,0.218,0.05,-3.23,0.3,0.21,external,WX-MCS-001
2026-03-06T00:00:00Z,REG-NORTH,WXS-NORTH-01,1.67,8.79,5.16,5.28,5.95,0.273,low,67.57,0,false,43.03,6.66,16.28,14.813,1012.63,0.007,0.005,0.35,-1.97,0.01,0.026,external,WX-MCS-001
2026-03-06T00:00:00Z,REG-CENTRAL,WXS-CENTRAL-01,5.44,13.21,9.25,9.13,9.55,1.437,low,53.48,0,false,33.33,7.79,16.02,,1013.17,-0.003,-0.002,0.75,-1.42,0,,external,WX-MCS-001
2026-03-07T00:00:00Z,REG-COASTAL,WXS-COASTAL-01,12.93,19.99,16.39,16.59,17.12,3.361,moderate,65.86,0,false,35.19,7.81,15.9,22.886,1018.15,0.532,0.399,-2.09,-2.44,0.55,0.21,external,WX-MCS-001
2026-03-07T00:00:00Z,REG-SOUTH,WXS-SOUTH-01,14.96,22.7,18.75,18.95,19.22,3.836,moderate,58.17,0,false,30.29,8.38,13.51,24.37,1015.58,0.538,0.403,-0.71,-1.75,0.56,0.21,external,WX-MCS-001
2026-03-07T00:00:00Z,REG-DELTA,WXS-DELTA-01,18.21,22.61,20.37,20.78,21.63,2.978,low,81.05,10.13,true,83.31,1.3,17.24,25.661,1005.45,0.376,0.282,5.44,6.24,-0.41,0.21,external,WX-MCS-001
2026-03-07T00:00:00Z,REG-ISLAND,WXS-ISLAND-01,17.86,23.14,20.45,20.44,21.46,3.897,moderate,73.78,10.48,true,77.7,1.95,22.73,26.43,1004.88,0.344,0.258,4.2,7.25,-0.44,0.21,external,WX-MCS-001
2026-03-07T00:00:00Z,REG-NORTH,WXS-NORTH-01,2.16,7.17,4.62,4.4,5.47,0.006,low,69.43,1.69,true,76.07,2.01,24.8,14.805,1006.89,0.008,0.006,5.14,-0.29,-0.79,0.027,external,WX-MCS-001
2026-03-07T00:00:00Z,REG-CENTRAL,WXS-CENTRAL-01,5.24,13.05,9.07,8.81,9.42,1.373,low,55.18,0,false,37.79,7.29,18.69,,1015.42,0,0,0.53,-1.42,0,,external,WX-MCS-001
2026-03-08T00:00:00Z,REG-COASTAL,WXS-COASTAL-01,13.34,18.13,15.69,15.83,16.68,2.188,low,73.35,8.72,true,73.56,2.5,18.98,22.881,1012.71,0.481,0.361,3.66,6.28,-0.3,0.21,external,WX-MCS-001
2026-03-08T00:00:00Z,REG-SOUTH,WXS-SOUTH-01,15.41,22.12,18.7,18.66,19.15,3.605,moderate,58.01,0,false,40.62,7.18,15.13,24.361,1015.6,0.508,0.381,-1.95,-1.75,0.53,0.21,external,WX-MCS-001
2026-03-08T00:00:00Z,REG-DELTA,WXS-DELTA-01,17.6,23.82,20.65,21.03,21.65,4.082,moderate,73.68,0,false,44.74,6.64,13.82,25.651,1011.63,0.358,0.268,-1.1,-3.89,0.37,0.21,external,WX-MCS-001
2026-03-08T00:00:00Z,REG-ISLAND,WXS-ISLAND-01,17.8,22.88,20.29,20.31,21.36,4.018,moderate,75.78,4.51,true,71.94,2.66,23.07,26.416,1004.38,0.407,0.305,3.4,1.27,-0.38,0.21,external,WX-MCS-001
2026-03-08T00:00:00Z,REG-NORTH,WXS-NORTH-01,2.39,7.12,4.71,4.68,5.57,0.007,low,69.7,6.29,true,76.99,1.91,20.7,14.796,1010.55,0.01,0.007,5.61,4.32,-0.79,0.028,external,WX-MCS-001
2026-03-08T00:00:00Z,REG-CENTRAL,WXS-CENTRAL-01,5.18,13.22,9.12,8.82,9.35,1.453,low,51.48,0,false,34.08,7.75,18.91,,1015.51,-0.005,-0.004,-0.57,-1.42,0,,external,WX-MCS-001
2026-03-09T00:00:00Z,REG-COASTAL,WXS-COASTAL-01,12.73,19.54,16.07,16.38,16.93,3.224,moderate,69.57,0,false,39.67,7.29,14.06,22.876,1015.84,0.445,0.334,-0.42,-2.44,0.46,0.21,external,WX-MCS-001
2026-03-09T00:00:00Z,REG-SOUTH,WXS-SOUTH-01,14.85,22.82,18.76,18.93,19.24,3.742,moderate,58.83,0,false,32.09,8.21,13.86,24.352,1014.04,0.518,0.389,-0.78,-1.75,0.54,0.21,external,WX-MCS-001
2026-03-09T00:00:00Z,REG-DELTA,WXS-DELTA-01,17.35,23.63,20.43,20.73,21.37,4.01,moderate,72.02,0,false,46.42,6.45,14.81,25.641,1010.3,0.335,0.252,-1.73,-3.89,0.35,0.21,external,WX-MCS-001
2026-03-09T00:00:00Z,REG-ISLAND,WXS-ISLAND-01,18,22.65,20.27,20.28,21.24,3.802,moderate,72.55,9.03,true,81.54,1.53,21.65,26.402,1006.37,0.383,0.287,3.29,5.8,-0.4,0.21,external,WX-MCS-001
2026-03-09T00:00:00Z,REG-NORTH,WXS-NORTH-01,1.56,8.6,5.01,5.09,5.66,0.417,low,63.43,0,false,35.03,7.66,16.92,14.788,1013.88,0.01,0.007,-0.22,-1.97,0.01,0.029,external,WX-MCS-001
2026-03-09T00:00:00Z,REG-CENTRAL,WXS-CENTRAL-01,5.16,13.19,9.1,8.92,9.35,1.574,low,52.39,0,false,28.46,8.43,18.48,,1017.35,-0.003,-0.002,-0.82,-1.42,0,,external,WX-MCS-001
2026-03-10T00:00:00Z,REG-COASTAL,WXS-COASTAL-01,12.93,20.16,16.47,16.79,17.21,3.314,moderate,66.2,0,false,40.2,7.29,11.13,22.871,1016.82,0.574,0.431,-1.84,-2.44,0.6,0.21,external,WX-MCS-001
2026-03-10T00:00:00Z,REG-SOUTH,WXS-SOUTH-01,14.94,22.2,18.49,18.62,19,3.587,moderate,59.47,0,false,40,7.3,12.5,24.343,1013.87,0.535,0.402,-1.76,-1.75,0.56,0.21,external,WX-MCS-001
2026-03-10T00:00:00Z,REG-DELTA,WXS-DELTA-01,18.02,22.22,20.08,20.26,21.3,2.822,low,80.07,13.16,true,83.94,1.21,21.8,25.631,1003.97,0.284,0.213,4.13,9.27,-0.5,0.21,external,WX-MCS-001
2026-03-10T00:00:00Z,REG-ISLAND,WXS-ISLAND-01,16.97,24.17,20.5,20.77,21.36,4.968,moderate,69.61,0,false,37.92,7.47,15.31,26.388,1010.41,0.321,0.241,-1.83,-3.23,0.33,0.21,external,WX-MCS-001
2026-03-10T00:00:00Z,REG-NORTH,WXS-NORTH-01,1.31,8.9,5.03,5.16,5.77,0.37,low,66.23,0,false,38.12,7.32,16.37,14.781,1012.92,0.013,0.01,0.43,-1.97,0.01,0.029,external,WX-MCS-001
2026-03-10T00:00:00Z,REG-CENTRAL,WXS-CENTRAL-01,5.95,12.74,9.28,9.1,9.57,1.349,low,53.53,0,false,42.11,6.84,15.18,,1017.78,-0.002,-0.001,0.06,-1.42,0,,external,WX-MCS-001
2026-03-11T00:00:00Z,REG-COASTAL,WXS-COASTAL-01,13.42,18.36,15.84,16.24,16.97,2.171,low,77.17,6.12,true,73.19,2.55,15.37,22.867,1010.33,0.442,0.331,3.77,3.68,-0.34,0.21,external,WX-MCS-001
2026-03-11T00:00:00Z,REG-SOUTH,WXS-SOUTH-01,14.74,22.32,18.45,18.4,18.97,3.568,moderate,59.81,0,false,37.47,7.6,17.57,24.334,1014.69,0.485,0.363,-0.72,-1.75,0.51,0.21,external,WX-MCS-001
2026-03-11T00:00:00Z,REG-DELTA,WXS-DELTA-01,17.11,23.8,20.38,20.64,21.4,3.964,moderate,74.08,0,false,48.33,6.28,16.96,25.621,1009.61,0.382,0.287,-0.22,-3.89,0.4,0.21,external,WX-MCS-001
2026-03-11T00:00:00Z,REG-ISLAND,WXS-ISLAND-01,17.02,23.75,20.32,20.59,21.05,4.782,moderate,65.92,0,false,44.32,6.7,11.31,26.375,1009.74,0.253,0.19,-1.61,-3.23,0.26,0.21,external,WX-MCS-001
2026-03-11T00:00:00Z,REG-NORTH,WXS-NORTH-01,1.52,8.46,4.92,4.77,5.61,0.271,low,64.71,0,false,43.94,6.65,20.69,14.774,1013.2,0.008,0.006,-0.27,-1.97,0.01,0.03,external,WX-MCS-001
2026-03-11T00:00:00Z,REG-CENTRAL,WXS-CENTRAL-01,5.43,13.49,9.38,9.36,9.74,1.483,low,55.28,0,false,35.57,7.64,14.43,,1016.11,-0.007,-0.005,0.15,-1.42,0,,external,WX-MCS-001
2026-03-12T00:00:00Z,REG-COASTAL,WXS-COASTAL-01,12.8,20.05,16.35,16.54,17.14,3.373,moderate,67.42,0,false,38.01,7.61,16.45,22.862,1015.71,0.602,0.452,-2.61,-2.44,0.63,0.21,external,WX-MCS-001
2026-03-12T00:00:00Z,REG-SOUTH,WXS-SOUTH-01,15.15,22.31,18.66,18.65,19.22,3.585,moderate,61.09,0,false,39.3,7.45,16.78,24.325,1014.22,0.588,0.441,-0.14,-1.75,0.61,0.21,external,WX-MCS-001
2026-03-12T00:00:00Z,REG-DELTA,WXS-DELTA-01,17.35,22.51,19.88,20.26,21.04,2.987,low,78.14,7.75,true,75.05,2.3,16.44,25.611,1005.69,0.349,0.262,4.26,3.86,-0.44,0.21,external,WX-MCS-001
2026-03-12T00:00:00Z,REG-ISLAND,WXS-ISLAND-01,17.64,22.65,20.09,20.34,21.18,3.83,moderate,76,19.12,true,73.14,2.51,18.22,26.362,1004.78,0.298,0.223,4.09,15.89,-0.49,0.21,external,WX-MCS-001
2026-03-12T00:00:00Z,REG-NORTH,WXS-NORTH-01,1.18,8.77,4.9,4.99,5.52,0.436,low,62.77,0,false,35.64,7.66,16.32,14.767,1015.29,0.012,0.009,-0.3,-1.97,0.01,0.031,external,WX-MCS-001
2026-03-12T00:00:00Z,REG-CENTRAL,WXS-CENTRAL-01,5.62,13.03,9.25,9.19,9.56,1.486,low,53.83,0,false,36.7,7.53,14.2,,1015.71,-0.005,-0.003,-0.57,-1.42,0,,external,WX-MCS-001
2026-03-13T00:00:00Z,REG-COASTAL,WXS-COASTAL-01,12.93,19.63,16.21,16.55,16.93,3.333,moderate,65.63,0,false,38.02,7.61,11,22.858,1017.52,0.553,0.415,-1.91,-2.44,0.58,0.21,external,WX-MCS-001
2026-03-13T00:00:00Z,REG-SOUTH,WXS-SOUTH-01,14.7,22.09,18.32,18.61,18.91,3.583,moderate,61.93,0,false,31.57,8.33,13.3,24.316,1013.2,0.437,0.328,-0.73,-1.75,0.46,0.21,external,WX-MCS-001
2026-03-13T00:00:00Z,REG-DELTA,WXS-DELTA-01,17.16,23.75,20.39,20.56,21.34,3.998,moderate,72.14,0,false,41.84,7.06,17.93,25.602,1007.89,0.327,0.245,-0.97,-3.89,0.34,0.21,external,WX-MCS-001
2026-03-13T00:00:00Z,REG-ISLAND,WXS-ISLAND-01,17.31,24.07,20.62,20.86,21.51,4.909,moderate,70.43,0,false,37.54,7.57,16.89,26.35,1009.98,0.299,0.224,0.05,-3.23,0.31,0.21,external,WX-MCS-001
2026-03-13T00:00:00Z,REG-NORTH,WXS-NORTH-01,1.59,8.7,5.07,5.34,5.88,0.323,low,68.08,0,false,42.71,6.84,13.32,14.761,1015.73,0.01,0.008,0.14,-1.97,0.01,0.032,external,WX-MCS-001
2026-03-13T00:00:00Z,REG-CENTRAL,WXS-CENTRAL-01,6.28,11.87,9.02,8.79,9.58,0.493,low,60.95,4.26,true,68.2,2.99,20.48,,1012.93,-0.001,-0.001,4.58,2.84,-0.8,,external,WX-MCS-001
2026-03-14T00:00:00Z,REG-COASTAL,WXS-COASTAL-01,12.39,19.52,15.88,16.16,16.69,3.286,moderate,67.99,0,false,37.49,7.66,14.96,22.854,1015.35,0.484,0.363,-1.17,-2.44,0.51,0.21,external,WX-MCS-001
2026-03-14T00:00:00Z,REG-SOUTH,WXS-SOUTH-01,14.86,22.45,18.58,18.75,19.09,3.645,moderate,59.6,0,false,31.3,8.43,14.94,24.307,1013.54,0.552,0.414,-0.57,-1.75,0.58,0.21,external,WX-MCS-001
2026-03-14T00:00:00Z,REG-DELTA,WXS-DELTA-01,17.02,23.39,20.14,20.54,21.27,3.929,moderate,77.19,0,false,45.36,6.67,15.43,25.592,1008.23,0.343,0.257,0.06,-3.89,0.36,0.21,external,WX-MCS-001
2026-03-14T00:00:00Z,REG-ISLAND,WXS-ISLAND-01,17.42,22.92,20.11,20.15,21.14,3.78,moderate,74.16,9.71,true,76.6,2.13,21.79,26.337,1005.37,0.344,0.258,3.32,6.48,-0.44,0.21,external,WX-MCS-001
2026-03-14T00:00:00Z,REG-NORTH,WXS-NORTH-01,1.14,8.92,4.95,5.12,5.6,0.505,low,63.51,0,false,33.48,7.96,15.76,14.755,1015.81,0.008,0.006,-0.52,-1.97,0.01,0.032,external,WX-MCS-001
2026-03-14T00:00:00Z,REG-CENTRAL,WXS-CENTRAL-01,5.6,13.67,9.55,9.59,9.95,1.617,low,56.3,0,false,31.9,8.14,15.22,,1016.97,-0.002,-0.002,-0.03,-1.42,0,,external,WX-MCS-001
2026-03-15T00:00:00Z,REG-COASTAL,WXS-COASTAL-01,12.94,19.51,16.16,16.5,16.95,3.257,moderate,67.77,0,false,41.96,7.18,10.2,22.85,1014.99,0.563,0.422,-1.36,-2.44,0.59,0.21,external,WX-MCS-001
2026-03-15T00:00:00Z,REG-SOUTH,WXS-SOUTH-01,13.84,22.33,18,18.38,18.52,3.674,moderate,59.74,0,false,26.49,9.02,11.94,24.298,1011.37,0.512,0.384,-1.28,-1.75,0.54,0.21,external,WX-MCS-001
2026-03-15T00:00:00Z,REG-DELTA,WXS-DELTA-01,16.82,23.95,20.31,20.86,21.32,4.101,moderate,73.76,0,false,35.42,7.88,12.9,25.583,1007.98,0.353,0.265,0.11,-3.89,0.37,0.21,external,WX-MCS-001
2026-03-15T00:00:00Z,REG-ISLAND,WXS-ISLAND-01,17.67,22.66,20.12,20.15,21.12,3.745,moderate,73.85,14.29,true,78.01,1.97,21.81,26.325,1005.66,0.338,0.254,3.44,11.05,-0.45,0.21,external,WX-MCS-001
2026-03-15T00:00:00Z,REG-NORTH,WXS-NORTH-01,1.69,8.66,5.11,5.17,5.74,0.402,low,63,0,false,40.51,7.14,15.53,14.749,1018.02,0.013,0.01,0.68,-1.97,0.01,0.033,external,WX-MCS-001
2026-03-15T00:00:00Z,REG-CENTRAL,WXS-CENTRAL-01,6.04,13.79,9.84,9.62,10.11,1.564,low,52.87,0,false,35.91,7.69,17.5,,1018.27,-0.005,-0.004,-0.54,-1.42,0,,external,WX-MCS-001
2026-03-16T00:00:00Z,REG-COASTAL,WXS-COASTAL-01,12.93,18.06,15.44,15.56,16.44,2.354,low,73.68,10.88,true,65.94,3.51,19.69,22.846,1010.19,0.545,0.409,4.04,8.44,-0.23,0.21,external,WX-MCS-001
2026-03-16T00:00:00Z,REG-SOUTH,WXS-SOUTH-01,14.67,21.81,18.17,18.31,18.75,3.52,moderate,61.47,0,false,41.09,7.36,13.55,24.289,1012.17,0.695,0.521,-1.66,-1.75,0.73,0.21,external,WX-MCS-001
2026-03-16T00:00:00Z,REG-DELTA,WXS-DELTA-01,17.13,22.2,19.62,19.65,20.81,2.921,low,79.01,6.69,true,71.05,2.78,24.6,25.574,1004.14,0.251,0.188,4.42,2.8,-0.54,0.21,external,WX-MCS-001
2026-03-16T00:00:00Z,REG-ISLAND,WXS-ISLAND-01,16.95,24.05,20.43,20.55,21.48,4.817,moderate,75.15,0,false,40.35,7.28,21.23,26.314,1010.31,0.267,0.2,-0.78,-3.23,0.28,0.21,external,WX-MCS-001
2026-03-16T00:00:00Z,REG-NORTH,WXS-NORTH-01,2.67,7.2,4.89,4.86,5.76,0.005,low,69.87,8.13,true,79.78,1.64,20.94,14.744,1011.85,0.007,0.005,4.52,6.16,-0.79,0.033,external,WX-MCS-001
2026-03-16T00:00:00Z,REG-CENTRAL,WXS-CENTRAL-01,5.99,13.51,9.68,9.56,9.96,1.692,low,53.06,0,false,29.93,8.43,17.65,,1016.61,-0.005,-0.004,0.46,-1.42,0,,external,WX-MCS-001
2026-03-17T00:00:00Z,REG-COASTAL,WXS-COASTAL-01,12.92,18.53,15.67,15.67,16.6,2.414,low,71.74,15.25,true,66.99,3.44,21.37,22.842,1008.85,0.664,0.498,2.28,12.81,-0.1,0.21,external,WX-MCS-001
2026-03-17T00:00:00Z,REG-SOUTH,WXS-SOUTH-01,14.53,21.94,18.16,18.37,18.73,3.443,moderate,61.47,0,false,36.54,7.86,13.42,24.28,1011.48,0.519,0.389,-0.72,-1.75,0.55,0.21,external,WX-MCS-001
2026-03-17T00:00:00Z,REG-DELTA,WXS-DELTA-01,17.04,23.47,20.19,20.58,21.35,3.903,moderate,78.17,0,false,40.73,7.24,16.87,25.565,1007.98,0.245,0.183,-0.66,-3.89,0.26,0.21,external,WX-MCS-001
2026-03-17T00:00:00Z,REG-ISLAND,WXS-ISLAND-01,17.6,22.72,20.11,20.16,21.15,3.741,moderate,74.73,5.05,true,74.3,2.4,21.88,26.303,1006.03,0.246,0.184,4.19,1.81,-0.54,0.21,external,WX-MCS-001
2026-03-17T00:00:00Z,REG-NORTH,WXS-NORTH-01,2.02,7.71,4.81,4.6,5.67,0.006,low,69.74,3.94,true,72.38,2.54,24.84,14.739,1013.67,0.009,0.006,4.64,1.97,-0.79,0.034,external,WX-MCS-001
2026-03-17T00:00:00Z,REG-CENTRAL,WXS-CENTRAL-01,6.52,13.87,10.13,9.96,10.53,1.608,low,56.61,0,false,35.86,7.74,18.78,,1018.3,-0.001,-0.001,0.76,-1.42,0,,external,WX-MCS-001
2026-03-18T00:00:00Z,REG-COASTAL,WXS-COASTAL-01,12.88,17.98,15.38,15.68,16.37,2.27,low,73.17,5.85,true,69.84,3.06,15.46,22.838,1009.78,0.556,0.417,3.27,3.41,-0.21,0.21,external,WX-MCS-001
2026-03-18T00:00:00Z,REG-SOUTH,WXS-SOUTH-01,14.29,21.7,17.92,17.87,18.39,3.349,moderate,58.24,0,false,37.17,7.77,17.31,24.271,1011.95,0.445,0.334,-1.37,-1.75,0.47,0.21,external,WX-MCS-001
2026-03-18T00:00:00Z,REG-DELTA,WXS-DELTA-01,17.61,22.1,19.81,20.01,21.04,2.792,low,80.06,16.81,true,79.66,1.78,21.55,25.557,1005.67,0.304,0.228,4.44,12.92,-0.48,0.21,external,WX-MCS-001
2026-03-18T00:00:00Z,REG-ISLAND,WXS-ISLAND-01,17.31,23.77,20.48,20.65,21.37,4.718,moderate,70.67,0,false,45.14,6.73,16.86,26.292,1012.44,0.243,0.182,-0.81,-3.23,0.26,0.21,external,WX-MCS-001
2026-03-18T00:00:00Z,REG-NORTH,WXS-NORTH-01,1.88,9.4,5.57,5.59,6.29,0.469,low,65.57,0,false,40.82,7.16,17.87,14.735,1015.52,0.014,0.01,-0.58,-1.97,0.01,0.034,external,WX-MCS-001
2026-03-18T00:00:00Z,REG-CENTRAL,WXS-CENTRAL-01,6.27,13.81,9.97,9.87,10.35,1.614,low,55.96,0,false,36.38,7.69,16.76,,1018.5,-0.005,-0.004,-0.2,-1.42,0,,external,WX-MCS-001
2026-03-19T00:00:00Z,REG-COASTAL,WXS-COASTAL-01,12.43,19.22,15.76,16.05,16.51,3.246,moderate,66.51,0,false,44.51,6.99,9.23,22.834,1014.41,0.666,0.5,-1.45,-2.44,0.7,0.21,external,WX-MCS-001
2026-03-19T00:00:00Z,REG-SOUTH,WXS-SOUTH-01,14.16,21.84,17.92,18.06,18.46,3.402,moderate,60.23,0,false,31.8,8.44,16,24.262,1012.02,0.421,0.316,-0.93,-1.75,0.44,0.21,external,WX-MCS-001
2026-03-19T00:00:00Z,REG-DELTA,WXS-DELTA-01,16.81,23.78,20.22,20.47,21.23,4.001,moderate,73.79,0,false,38.89,7.55,18.49,25.548,1007.54,0.342,0.256,-0.71,-3.89,0.36,0.21,external,WX-MCS-001
2026-03-19T00:00:00Z,REG-ISLAND,WXS-ISLAND-01,17.51,23.66,20.52,20.89,21.48,4.784,moderate,72.4,0,false,41.57,7.18,14.09,26.281,1011.11,0.235,0.176,-0.19,-3.23,0.25,0.21,external,WX-MCS-001
2026-03-19T00:00:00Z,REG-NORTH,WXS-NORTH-01,2.21,9.1,5.59,5.84,6.29,0.433,low,65.04,0,false,44.06,6.79,11.7,14.731,1017.95,0.008,0.006,-0.39,-1.97,0.01,0.034,external,WX-MCS-001
2026-03-19T00:00:00Z,REG-CENTRAL,WXS-CENTRAL-01,7.26,12.15,9.65,9.26,10.26,0.476,low,62.4,5.72,true,75.6,2.16,24.89,,1013.3,-0.004,-0.003,4.84,4.29,-0.8,,external,WX-MCS-001
2026-03-20T00:00:00Z,REG-COASTAL,WXS-COASTAL-01,12.14,19.23,15.61,15.86,16.44,3.265,moderate,68.58,0,false,38.26,7.73,16.25,22.83,1012.84,0.56,0.42,-1.22,-2.44,0.59,0.21,external,WX-MCS-001
2026-03-20T00:00:00Z,REG-SOUTH,WXS-SOUTH-01,14.39,21.77,18,18.31,18.63,3.457,moderate,62.87,0,false,31.59,8.52,13.9,24.253,1010.56,0.52,0.39,-0.45,-1.75,0.55,0.21,external,WX-MCS-001
2026-03-20T00:00:00Z,REG-DELTA,WXS-DELTA-01,17.41,22.74,20.02,20.17,21.19,2.856,low,78.29,25.26,true,76.81,2.15,21.64,25.54,1003.53,0.324,0.243,4.04,21.37,-0.46,0.21,external,WX-MCS-001
2026-03-20T00:00:00Z,REG-ISLAND,WXS-ISLAND-01,17.45,24.05,20.68,20.87,21.59,4.861,moderate,71.11,0,false,40.84,7.32,17.54,26.271,1011.22,0.307,0.23,-0.42,-3.23,0.33,0.21,external,WX-MCS-001
2026-03-20T00:00:00Z,REG-NORTH,WXS-NORTH-01,3.08,7.78,5.38,5.32,6.27,0.01,low,70.3,8.21,true,77,2,21.8,14.727,1012.93,0.014,0.01,4.93,6.23,-0.79,0.035,external,WX-MCS-001
2026-03-20T00:00:00Z,REG-CENTRAL,WXS-CENTRAL-01,7.11,13.05,10.02,9.68,10.46,0.67,low,57.62,6.11,true,65.72,3.37,21.01,,1011.82,-0.005,-0.004,4.48,4.69,-0.8,,external,WX-MCS-001
2026-03-21T00:00:00Z,REG-COASTAL,WXS-COASTAL-01,12.4,19.24,15.75,15.92,16.49,3.154,moderate,66.25,0,false,47.72,6.64,14.5,22.826,1013.57,0.658,0.494,-1.78,-2.44,0.7,0.21,external,WX-MCS-001
2026-03-21T00:00:00Z,REG-SOUTH,WXS-SOUTH-01,14.2,21.94,17.99,18.06,18.48,3.375,moderate,58.92,0,false,35.68,8.06,15.64,24.245,1010.42,0.538,0.404,-1.27,-1.75,0.57,0.21,external,WX-MCS-001
2026-03-21T00:00:00Z,REG-DELTA,WXS-DELTA-01,16.8,23.8,20.23,20.62,21.22,3.82,moderate,73.25,0,false,45.93,6.7,13.48,25.532,1008.55,0.262,0.197,-1.7,-3.89,0.28,0.21,external,WX-MCS-001
2026-03-21T00:00:00Z,REG-ISLAND,WXS-ISLAND-01,17.15,24.38,20.69,20.91,21.51,4.811,moderate,68.32,0,false,41.78,7.2,15.12,26.262,1011.95,0.244,0.183,-0.94,-3.23,0.26,0.21,external,WX-MCS-001
2026-03-21T00:00:00Z,REG-NORTH,WXS-NORTH-01,3.01,8.03,5.47,5.44,6.38,0.008,low,71.09,7.13,true,76.77,2.04,21.7,14.724,1012.04,0.01,0.008,4.89,5.16,-0.79,0.035,external,WX-MCS-001
2026-03-21T00:00:00Z,REG-CENTRAL,WXS-CENTRAL-01,6.84,14.01,10.35,10.47,10.74,1.737,low,56.07,0,false,32.22,8.27,13.68,,1017.03,-0.005,-0.004,0.58,-1.42,0,,external,WX-MCS-001
2026-03-22T00:00:00Z,REG-COASTAL,WXS-COASTAL-01,12.1,19.27,15.61,15.95,16.29,3.34,moderate,64.45,0,false,38.69,7.78,10.91,22.822,1013.17,0.71,0.532,-2.36,-2.44,0.75,0.21,external,WX-MCS-001
2026-03-22T00:00:00Z,REG-SOUTH,WXS-SOUTH-01,14.22,21.72,17.9,17.87,18.43,3.329,moderate,60.29,0,false,36.29,8,18.43,24.236,1010.17,0.518,0.389,-1.63,-1.75,0.55,0.21,external,WX-MCS-001
2026-03-22T00:00:00Z,REG-DELTA,WXS-DELTA-01,16.99,24.12,20.48,20.85,21.52,3.961,moderate,74.67,0,false,40.17,7.44,16.01,25.525,1009.79,0.301,0.226,-1.27,-3.89,0.32,0.21,external,WX-MCS-001
2026-03-22T00:00:00Z,REG-ISLAND,WXS-ISLAND-01,17.39,24.44,20.85,21.05,21.79,4.773,moderate,72.03,0,false,42.72,7.08,17.24,26.253,1013.83,0.196,0.147,-0.3,-3.23,0.21,0.21,external,WX-MCS-001
2026-03-22T00:00:00Z,REG-NORTH,WXS-NORTH-01,2.98,7.94,5.41,5.35,6.26,0.005,low,69.22,12.8,true,80.34,1.61,21.3,14.721,1013.38,0.007,0.005,5.53,10.83,-0.79,0.035,external,WX-MCS-001
2026-03-22T00:00:00Z,REG-CENTRAL,WXS-CENTRAL-01,7.29,12.95,10.06,9.36,10.55,0.743,low,59.09,6.62,true,62.93,3.73,29.82,,1012.82,-0.009,-0.007,4.65,5.19,-0.8,,external,WX-MCS-001
2026-03-23T00:00:00Z,REG-COASTAL,WXS-COASTAL-01,12.56,17.17,14.82,15.12,15.8,1.911,low,73.03,6.75,true,78.4,2,15.36,22.819,1007.39,0.377,0.283,2.81,4.32,-0.4,0.21,external,WX-MCS-001
2026-03-23T00:00:00Z,REG-SOUTH,WXS-SOUTH-01,14.53,21.32,17.86,18.08,18.48,3.187,moderate,62.89,0,false,42.84,7.21,11.78,24.227,1011.48,0.508,0.381,-1.08,-1.75,0.54,0.21,external,WX-MCS-001
2026-03-23T00:00:00Z,REG-DELTA,WXS-DELTA-01,17.56,23.48,20.46,20.58,21.43,3.768,moderate,72.9,0,false,50.78,6.15,19.33,25.517,1009.82,0.282,0.212,-1.02,-3.89,0.3,0.21,external,WX-MCS-001
2026-03-23T00:00:00Z,REG-ISLAND,WXS-ISLAND-01,18.01,23.29,20.6,20.78,21.74,3.762,moderate,77.84,7.26,true,76.06,2.22,20.62,26.244,1006.44,0.223,0.167,4.93,4.03,-0.56,0.21,external,WX-MCS-001
2026-03-23T00:00:00Z,REG-NORTH,WXS-NORTH-01,2.78,9.79,6.21,6.45,6.96,0.686,low,66.24,0,false,35.93,7.86,15.41,14.719,1018.35,0.005,0.004,0.78,-1.97,0.01,0.035,external,WX-MCS-001
2026-03-23T00:00:00Z,REG-CENTRAL,WXS-CENTRAL-01,6.59,14.05,10.24,10.11,10.68,1.72,low,57.39,0,false,34.39,8.05,19.34,,1017.41,-0.006,-0.005,1.36,-1.42,0,,external,WX-MCS-001
2026-03-24T00:00:00Z,REG-COASTAL,WXS-COASTAL-01,12.2,18.86,15.46,15.87,16.24,3.218,moderate,67.32,0,false,38.75,7.76,10.7,22.815,1012.82,0.588,0.441,-1.16,-2.44,0.63,0.21,external,WX-MCS-001
2026-03-24T00:00:00Z,REG-SOUTH,WXS-SOUTH-01,14.12,21.66,17.82,17.91,18.28,3.204,moderate,58.08,0,false,38.96,7.69,13.56,24.219,1010.19,0.457,0.343,-1.27,-1.75,0.49,0.21,external,WX-MCS-001
2026-03-24T00:00:00Z,REG-DELTA,WXS-DELTA-01,17.49,24.1,20.73,21.27,21.83,3.853,moderate,76.57,0,false,46.27,6.71,11.03,25.51,1009.24,0.266,0.2,-1.06,-3.89,0.28,0.21,external,WX-MCS-001
2026-03-24T00:00:00Z,REG-ISLAND,WXS-ISLAND-01,18.35,23.19,20.72,20.84,21.79,3.88,moderate,75.59,10.81,true,72.32,2.71,20.77,26.236,1009.3,0.264,0.198,4.42,7.58,-0.52,0.21,external,WX-MCS-001
2026-03-24T00:00:00Z,REG-NORTH,WXS-NORTH-01,2.96,9.81,6.32,6.49,7.07,0.573,low,66.68,0,false,43.78,6.92,14.61,14.716,1019.3,0.008,0.006,-0.83,-1.97,0.01,0.035,external,WX-MCS-001
2026-03-24T00:00:00Z,REG-CENTRAL,WXS-CENTRAL-01,6.77,14.33,10.47,10.36,10.87,1.722,low,56.17,0,false,34.8,8.02,18.08,,1016.43,-0.005,-0.004,-0.01,-1.42,0,,external,WX-MCS-001
2026-03-25T00:00:00Z,REG-COASTAL,WXS-COASTAL-01,11.96,19.18,15.5,15.81,16.34,3.289,moderate,68.92,0,false,38.01,7.92,15.4,22.811,1010.84,0.686,0.514,-1.35,-2.44,0.73,0.21,external,WX-MCS-001
2026-03-25T00:00:00Z,REG-SOUTH,WXS-SOUTH-01,14.22,21.6,17.84,18.1,18.39,3.309,moderate,60.77,0,false,33.82,8.36,13.3,24.21,1010.57,0.489,0.367,-1.8,-1.75,0.52,0.21,external,WX-MCS-001
2026-03-25T00:00:00Z,REG-DELTA,WXS-DELTA-01,18.03,22.75,20.34,20.56,21.59,2.757,low,80.67,13.46,true,82.06,1.51,21.45,25.504,1004.79,0.239,0.179,3.82,9.57,-0.54,0.21,external,WX-MCS-001
2026-03-25T00:00:00Z,REG-ISLAND,WXS-ISLAND-01,18.35,23.3,20.77,20.84,21.82,3.792,moderate,74.78,16.3,true,77.02,2.13,21.59,26.228,1009.49,0.231,0.173,3.8,13.06,-0.55,0.21,external,WX-MCS-001
2026-03-25T00:00:00Z,REG-NORTH,WXS-NORTH-01,3.26,9.05,6.1,6.21,6.99,0.007,low,70.55,5.21,true,68.48,3.09,18.11,14.715,1014.05,0.009,0.007,5.26,3.23,-0.79,0.035,external,WX-MCS-001
2026-03-25T00:00:00Z,REG-CENTRAL,WXS-CENTRAL-01,6.87,14.39,10.56,10.28,10.87,1.699,low,53.97,0,false,36.36,7.85,20.05,,1016.23,-0.009,-0.006,0.37,-1.42,0,,external,WX-MCS-001
2026-03-26T00:00:00Z,REG-COASTAL,WXS-COASTAL-01,12.61,17.73,15.12,15.38,16.13,2.217,low,73.86,4.79,true,70.78,3.07,16.58,22.808,1008.53,0.661,0.496,3.7,2.35,-0.09,0.21,external,WX-MCS-001
2026-03-26T00:00:00Z,REG-SOUTH,WXS-SOUTH-01,14.17,21.9,17.96,17.99,18.48,3.286,moderate,59.98,0,false,38.32,7.86,16.41,24.202,1012.5,0.577,0.433,-1.77,-1.75,0.62,0.21,external,WX-MCS-001
2026-03-26T00:00:00Z,REG-DELTA,WXS-DELTA-01,17.96,22.48,20.18,20.43,21.31,2.829,low,77.26,12.07,true,79.64,1.82,18.82,25.497,1006.63,0.247,0.186,3.48,8.18,-0.54,0.21,external,WX-MCS-001
2026-03-26T00:00:00Z,REG-ISLAND,WXS-ISLAND-01,17.84,25.25,21.47,21.84,22.41,4.94,moderate,71.74,0,false,40.89,7.42,14.25,26.22,1013.01,0.263,0.198,-0.85,-3.23,0.28,0.21,external,WX-MCS-001
2026-03-26T00:00:00Z,REG-NORTH,WXS-NORTH-01,3.25,9.7,6.41,6.46,7.14,0.598,low,65.75,0,false,45.3,6.77,16.96,14.713,1018.34,0.01,0.007,0.42,-1.97,0.01,0.035,external,WX-MCS-001
2026-03-26T00:00:00Z,REG-CENTRAL,WXS-CENTRAL-01,7.27,12.97,10.06,9.81,10.59,0.6,low,60.01,4.8,true,72.72,2.57,20.4,,1012.03,-0.009,-0.007,4.49,3.38,-0.8,,external,WX-MCS-001
2026-03-27T00:00:00Z,REG-COASTAL,WXS-COASTAL-01,11.53,19.56,15.46,15.91,16.25,3.343,moderate,67.51,0,false,33.21,8.55,13.41,22.804,1010.29,0.678,0.508,-1.26,-2.44,0.73,0.21,external,WX-MCS-001
2026-03-27T00:00:00Z,REG-SOUTH,WXS-SOUTH-01,14.68,21.53,18.04,18.17,18.58,3.195,moderate,60.63,0,false,37.94,7.88,14.73,24.194,1011.34,0.453,0.34,-1.23,-1.75,0.49,0.21,external,WX-MCS-001
2026-03-27T00:00:00Z,REG-DELTA,WXS-DELTA-01,17.46,23.97,20.65,20.9,21.71,3.925,moderate,75.39,0,false,45.77,6.83,17.78,25.491,1012.21,0.261,0.196,0.18,-3.89,0.28,0.21,external,WX-MCS-001
2026-03-27T00:00:00Z,REG-ISLAND,WXS-ISLAND-01,17.8,24.83,21.24,21.55,22.22,4.884,moderate,72.99,0,false,42.62,7.2,15.69,26.214,1014.38,0.198,0.148,-0.31,-3.23,0.21,0.21,external,WX-MCS-001
2026-03-27T00:00:00Z,REG-NORTH,WXS-NORTH-01,2.7,10.19,6.37,6.59,7.09,0.713,low,65.66,0,false,40.26,7.41,14.25,14.712,1017,0.01,0.007,0.01,-1.97,0.01,0.035,external,WX-MCS-001
2026-03-27T00:00:00Z,REG-CENTRAL,WXS-CENTRAL-01,6.88,14.47,10.6,10.55,11.04,1.716,low,57.51,0,false,36.06,7.93,17.26,,1016.69,-0.006,-0.004,-0.78,-1.42,0,,external,WX-MCS-001
2026-03-28T00:00:00Z,REG-COASTAL,WXS-COASTAL-01,11.81,19.58,15.62,16.05,16.4,3.246,moderate,67.39,0,false,35.04,8.32,13.04,22.801,1010.85,0.608,0.456,-1.81,-2.44,0.65,0.21,external,WX-MCS-001
2026-03-28T00:00:00Z,REG-SOUTH,WXS-SOUTH-01,14.49,21.87,18.11,18.12,18.59,3.162,moderate,58.68,0,false,38.84,7.78,16.12,24.186,1011.83,0.431,0.323,-1.52,-1.75,0.46,0.21,external,WX-MCS-001
2026-03-28T00:00:00Z,REG-DELTA,WXS-DELTA-01,18.17,23.18,20.63,20.74,21.75,3.045,moderate,76.99,15.34,true,70.44,2.97,21.78,25.486,1005.93,0.242,0.181,4.52,11.45,-0.54,0.21,external,WX-MCS-001
2026-03-28T00:00:00Z,REG-ISLAND,WXS-ISLAND-01,18.28,23.64,20.9,21.14,22.04,3.897,moderate,77.39,18.01,true,76.17,2.26,19.25,26.207,1008.87,0.254,0.19,4.62,14.78,-0.53,0.21,external,WX-MCS-001
2026-03-28T00:00:00Z,REG-NORTH,WXS-NORTH-01,3.09,10.09,6.52,6.67,7.28,0.771,low,66.62,0,false,38.26,7.68,17.18,14.711,1018.18,0.011,0.008,1.44,-1.97,0.01,0.034,external,WX-MCS-001
2026-03-28T00:00:00Z,REG-CENTRAL,WXS-CENTRAL-01,7.58,13.18,10.32,10.14,10.91,0.735,low,61.88,7.38,true,65.74,3.46,19.86,,1010.6,-0.005,-0.003,4.63,5.95,-0.8,,external,WX-MCS-001
2026-03-29T00:00:00Z,REG-COASTAL,WXS-COASTAL-01,12.99,18,15.44,15.75,16.35,2.278,low,71,7.58,true,68.02,3.47,14.06,22.797,1005.95,0.722,0.542,3.2,5.14,-0.02,0.21,external,WX-MCS-001
2026-03-29T00:00:00Z,REG-SOUTH,WXS-SOUTH-01,14.24,21.87,17.98,18.03,18.5,3.12,moderate,59.81,0,false,38.57,7.81,15.76,24.178,1011.17,0.366,0.275,-1.83,-1.75,0.39,0.21,external,WX-MCS-001
2026-03-29T00:00:00Z,REG-DELTA,WXS-DELTA-01,18.37,22.82,20.55,20.77,21.75,2.986,low,79.11,21.2,true,74.3,2.49,20.48,25.481,1005.8,0.213,0.16,3.06,17.31,-0.57,0.21,external,WX-MCS-001
2026-03-29T00:00:00Z,REG-ISLAND,WXS-ISLAND-01,18.51,25.2,21.79,22.25,22.73,5.028,moderate,71.88,0,false,42.1,7.34,12.17,26.201,1013.62,0.309,0.232,0.39,-3.23,0.33,0.21,external,WX-MCS-001
2026-03-29T00:00:00Z,REG-NORTH,WXS-NORTH-01,3.23,10.07,6.58,6.8,7.35,0.732,low,66.85,0,false,41.51,7.3,14.65,14.711,1019.61,0.008,0.006,0.28,-1.97,0.01,0.034,external,WX-MCS-001
2026-03-29T00:00:00Z,REG-CENTRAL,WXS-CENTRAL-01,7.48,13.21,10.29,10.01,10.87,0.659,low,61.73,1.43,true,69.85,2.96,21.84,,1010.32,-0.008,-0.006,4.97,0.01,-0.8,,external,WX-MCS-001
2026-03-30T00:00:00Z,REG-COASTAL,WXS-COASTAL-01,11.91,19.13,15.44,15.9,16.2,3.203,moderate,66.65,0,false,35.68,8.28,11.46,22.794,1010.6,0.591,0.443,-2.32,-2.44,0.64,0.21,external,WX-MCS-001
2026-03-30T00:00:00Z,REG-SOUTH,WXS-SOUTH-01,15.45,20.23,17.79,17.78,18.46,2.071,low,64.12,7.57,true,75.05,2.49,17.33,24.17,1007.08,0.435,0.326,2.81,5.82,-0.33,0.21,external,WX-MCS-001
2026-03-30T00:00:00Z,REG-DELTA,WXS-DELTA-01,18.14,24.37,21.19,21.64,22.3,4.025,moderate,76.63,0,false,44.67,7.01,14.17,25.476,1012.19,0.24,0.18,-0.89,-3.89,0.26,0.21,external,WX-MCS-001
2026-03-30T00:00:00Z,REG-ISLAND,WXS-ISLAND-01,17.74,25.34,21.46,21.91,22.3,5.142,moderate,68.94,0,false,34.16,8.33,13.7,26.195,1015.06,0.238,0.178,-0.65,-3.23,0.26,0.21,external,WX-MCS-001
2026-03-30T00:00:00Z,REG-NORTH,WXS-NORTH-01,3.1,10.53,6.74,6.94,7.49,0.873,low,66.46,0,false,34.78,8.16,17.39,14.711,1016.78,0.01,0.007,1.05,-1.97,0.01,0.033,external,WX-MCS-001
2026-03-30T00:00:00Z,REG-CENTRAL,WXS-CENTRAL-01,7.19,14.24,10.65,10.48,11.06,1.584,low,56.81,0,false,43.4,7.08,16.89,,1013.09,-0.009,-0.007,1.06,-1.42,0,,external,WX-MCS-001
2026-03-31T00:00:00Z,REG-COASTAL,WXS-COASTAL-01,12.77,17.97,15.32,15.37,16.2,2.09,low,70.08,14.69,true,71.58,2.99,19.28,22.791,1006.52,0.576,0.432,2.96,12.25,-0.18,0.211,external,WX-MCS-001
2026-03-31T00:00:00Z,REG-SOUTH,WXS-SOUTH-01,15.23,20.91,18.01,17.96,18.69,2.369,low,64.25,7.88,true,65.39,3.77,18.33,24.163,1007.16,0.587,0.44,4.22,6.13,-0.17,0.211,external,WX-MCS-001
2026-03-31T00:00:00Z,REG-DELTA,WXS-DELTA-01,18.82,23.02,20.88,21.24,22.07,2.902,low,79.1,19.65,true,82.83,1.44,17.25,25.472,1009.91,0.209,0.157,4.05,15.76,-0.57,0.211,external,WX-MCS-001
2026-03-31T00:00:00Z,REG-ISLAND,WXS-ISLAND-01,18.89,23.66,21.22,21.46,22.36,3.913,moderate,77.5,11.3,true,81.88,1.59,19.21,26.191,1008.99,0.31,0.233,4.25,8.07,-0.46,0.211,external,WX-MCS-001
2026-03-31T00:00:00Z,REG-NORTH,WXS-NORTH-01,3.21,10.19,6.63,6.56,7.32,0.803,low,64.55,0,false,39.64,7.57,20.59,14.711,1015.92,0.011,0.008,-0.57,-1.97,0.01,0.033,external,WX-MCS-001
2026-03-31T00:00:00Z,REG-CENTRAL,WXS-CENTRAL-01,6.56,14.61,10.5,10.2,10.92,1.692,low,56.91,0,false,37.37,7.85,22.19,,1013.8,-0.008,-0.006,-0.2,-1.42,0,,external,WX-MCS-001
2026-04-01T00:00:00Z,REG-COASTAL,WXS-COASTAL-01,12.99,18.24,15.56,15.58,16.52,2.161,low,72.56,9.91,true,70.64,3.15,21.39,22.79,1005.84,0.652,0.489,3.24,7.47,-0.09,0.212,external,WX-MCS-001
2026-04-01T00:00:00Z,REG-SOUTH,WXS-SOUTH-01,14.86,22.37,18.54,18.78,19.06,3.286,moderate,60.01,0,false,34.97,8.36,13.43,24.158,1013.35,0.462,0.346,-1.66,-1.75,0.5,0.212,external,WX-MCS-001
2026-04-01T00:00:00Z,REG-DELTA,WXS-DELTA-01,18.51,24.81,21.6,22.03,22.73,4.13,moderate,77.42,0,false,45.89,6.93,14.92,25.469,1014,0.308,0.231,0.05,-3.89,0.33,0.212,external,WX-MCS-001
2026-04-01T00:00:00Z,REG-ISLAND,WXS-ISLAND-01,18.55,25,21.71,22.05,22.69,4.93,moderate,72.84,0,false,46.24,6.83,14.42,26.188,1015.56,0.177,0.133,-0.51,-3.23,0.19,0.212,external,WX-MCS-001
2026-04-01T00:00:00Z,REG-NORTH,WXS-NORTH-01,3.61,9.88,6.68,6.74,7.4,0.715,low,65.37,0,false,45.41,6.87,16.47,14.712,1016.17,0.011,0.008,-0.09,-1.97,0.01,0.032,external,WX-MCS-001
2026-04-01T00:00:00Z,REG-CENTRAL,WXS-CENTRAL-01,6.73,14.26,10.42,10.39,10.71,1.708,low,53.19,0,false,36.4,8,14.47,,1011,-0.008,-0.006,-0.12,-1.42,0,,external,WX-MCS-001
2026-04-02T00:00:00Z,REG-COASTAL,WXS-COASTAL-01,12.59,19.76,16.1,16.39,16.83,3.367,moderate,65.83,0,false,32.51,8.8,16.88,22.789,1012.29,0.746,0.56,-2.4,-2.44,0.81,0.215,external,WX-MCS-001
2026-04-02T00:00:00Z,REG-SOUTH,WXS-SOUTH-01,14.91,22.63,18.7,18.88,19.22,3.4,moderate,59.97,0,false,34.86,8.44,14.73,24.153,1013.14,0.588,0.441,-0.72,-1.75,0.64,0.215,external,WX-MCS-001
2026-04-02T00:00:00Z,REG-DELTA,WXS-DELTA-01,18.61,23.52,21.02,21.22,22.29,3.098,moderate,81.16,12.9,true,76.28,2.27,22.01,25.468,1009.15,0.206,0.154,4.54,9.01,-0.58,0.215,external,WX-MCS-001
2026-04-02T00:00:00Z,REG-ISLAND,WXS-ISLAND-01,18.03,25.15,21.52,21.96,22.51,5.138,moderate,73.41,0,false,39.49,7.73,14.61,26.187,1014.28,0.261,0.196,0.1,-3.23,0.28,0.215,external,WX-MCS-001
2026-04-02T00:00:00Z,REG-NORTH,WXS-NORTH-01,3.72,8.56,6.09,5.98,6.96,0.011,low,69.9,8.1,true,71.13,2.85,22.87,14.712,1012.28,0.014,0.011,4.58,6.13,-0.78,0.032,external,WX-MCS-001
2026-04-02T00:00:00Z,REG-CENTRAL,WXS-CENTRAL-01,6.9,14.04,10.4,10.36,10.9,1.614,low,59.26,0,false,41.53,7.37,16.27,,1013.7,-0.007,-0.005,-0.12,-1.42,0,,external,WX-MCS-001
2026-04-03T00:00:00Z,REG-COASTAL,WXS-COASTAL-01,12.46,19.92,16.12,16.39,16.88,3.322,moderate,66.67,0,false,32.96,8.75,17.4,22.79,1012.53,0.693,0.52,-2.31,-2.44,0.75,0.219,external,WX-MCS-001
2026-04-03T00:00:00Z,REG-SOUTH,WXS-SOUTH-01,15.55,20.96,18.2,18.16,18.98,2.124,low,67.13,8.75,true,71.2,2.97,19.71,24.15,1008.58,0.331,0.248,4.93,7,-0.44,0.219,external,WX-MCS-001
2026-04-03T00:00:00Z,REG-DELTA,WXS-DELTA-01,18.65,23.99,21.27,21.64,22.6,3.191,moderate,83.18,9.39,true,75.79,2.36,19.23,25.469,1008.29,0.261,0.196,4.74,5.5,-0.52,0.219,external,WX-MCS-001
2026-04-03T00:00:00Z,REG-ISLAND,WXS-ISLAND-01,18.21,25.51,21.78,22.2,22.64,5.21,moderate,69.38,0,false,38.97,7.84,13.24,26.187,1014.95,0.313,0.235,-1.44,-3.23,0.34,0.219,external,WX-MCS-001
2026-04-03T00:00:00Z,REG-NORTH,WXS-NORTH-01,3.06,10.48,6.7,6.8,7.4,0.904,low,65.06,0,false,36.41,8.05,18.34,14.714,1015.84,0.014,0.01,-0.66,-1.97,0.02,0.031,external,WX-MCS-001
2026-04-03T00:00:00Z,REG-CENTRAL,WXS-CENTRAL-01,6.7,14.37,10.46,10.43,10.73,1.758,low,52.72,0,false,33.41,8.42,15.53,,1012.38,-0.006,-0.005,-1.28,-1.42,0,,external,WX-MCS-001
2026-04-04T00:00:00Z,REG-COASTAL,WXS-COASTAL-01,12.32,19.66,15.91,16.37,16.82,3.13,moderate,71,0,false,43.18,7.47,9.73,22.792,1013.27,0.675,0.506,-1.97,-2.44,0.73,0.224,external,WX-MCS-001
2026-04-04T00:00:00Z,REG-SOUTH,WXS-SOUTH-01,15.33,22.4,18.8,18.92,19.41,3.334,moderate,62.5,0,false,33.11,8.63,18.2,24.149,1013,0.398,0.298,0.83,-1.75,0.43,0.224,external,WX-MCS-001
2026-04-04T00:00:00Z,REG-DELTA,WXS-DELTA-01,18.73,23.72,21.18,21.47,22.36,3.203,moderate,78.72,14.54,true,78.49,2.04,18.75,25.471,1007.81,0.283,0.213,4.09,10.65,-0.49,0.224,external,WX-MCS-001
2026-04-04T00:00:00Z,REG-ISLAND,WXS-ISLAND-01,18.32,25.08,21.63,21.84,22.55,5.083,moderate,71.38,0,false,45.29,7.04,16.48,26.189,1013.16,0.267,0.201,-0.2,-3.23,0.29,0.224,external,WX-MCS-001
2026-04-04T00:00:00Z,REG-NORTH,WXS-NORTH-01,3.08,10.33,6.64,6.75,7.43,0.839,low,67.55,0,false,40.7,7.52,17.89,14.715,1016.09,0.017,0.012,-0.15,-1.97,0.02,0.031,external,WX-MCS-001
2026-04-04T00:00:00Z,REG-CENTRAL,WXS-CENTRAL-01,6.93,14.11,10.45,10.03,10.83,1.619,low,55.74,0,false,40.9,7.49,23.19,,1013.64,-0.008,-0.006,0.52,-1.42,0,,external,WX-MCS-001
2026-04-05T00:00:00Z,REG-COASTAL,WXS-COASTAL-01,13.19,19.8,16.43,16.8,17.22,3.189,moderate,67.71,0,false,44.01,7.41,12.1,22.795,1012.41,0.761,0.571,-2.74,-2.44,0.83,0.23,external,WX-MCS-001
2026-04-05T00:00:00Z,REG-SOUTH,WXS-SOUTH-01,15.19,22.46,18.75,18.95,19.33,3.21,moderate,61.48,0,false,36.62,8.16,14.57,24.148,1013.08,0.279,0.21,-0.4,-1.75,0.3,0.23,external,WX-MCS-001
2026-04-05T00:00:00Z,REG-DELTA,WXS-DELTA-01,18.22,25.19,21.63,21.9,22.7,4.262,moderate,75.42,0,false,47.11,6.83,17.37,25.475,1012.99,0.282,0.212,-1.18,-3.89,0.31,0.23,external,WX-MCS-001
2026-04-05T00:00:00Z,REG-ISLAND,WXS-ISLAND-01,18.61,23.83,21.17,21.27,22.24,4.141,moderate,75.53,14.23,true,73.22,2.7,21.2,26.192,1008.4,0.255,0.191,3.22,10.99,-0.52,0.23,external,WX-MCS-001
2026-04-05T00:00:00Z,REG-NORTH,WXS-NORTH-01,3.38,9.85,6.55,6.62,7.35,0.788,low,67.95,0,false,43.78,7.15,18.05,14.717,1016.03,0.012,0.009,0,-1.97,0.01,0.03,external,WX-MCS-001
2026-04-05T00:00:00Z,REG-CENTRAL,WXS-CENTRAL-01,6.68,14.05,10.29,10.23,10.71,1.679,low,56.93,0,false,37.42,7.95,17.28,,1011.76,-0.009,-0.007,-0.35,-1.42,0,,external,WX-MCS-001
2026-04-06T00:00:00Z,REG-COASTAL,WXS-COASTAL-01,13.37,18.78,16.02,16.09,17,2.222,low,73,11.89,true,67.01,3.64,20.46,22.799,1007.85,0.608,0.456,3.72,9.45,-0.14,0.237,external,WX-MCS-001
2026-04-06T00:00:00Z,REG-SOUTH,WXS-SOUTH-01,15.26,22.76,18.93,19.03,19.4,3.353,moderate,58.51,0,false,38.27,8.05,14.9,24.149,1013,0.468,0.351,-2.17,-1.75,0.51,0.237,external,WX-MCS-001
2026-04-06T00:00:00Z,REG-DELTA,WXS-DELTA-01,19.47,23.67,21.52,21.87,22.8,3.145,moderate,81.35,14.94,true,87.87,0.87,18.98,25.48,1008.67,0.311,0.233,4.17,11.05,-0.46,0.237,external,WX-MCS-001
2026-04-06T00:00:00Z,REG-ISLAND,WXS-ISLAND-01,18.58,23.66,21.07,21.14,22.22,4.126,moderate,77.84,17.01,true,74.08,2.59,23.12,26.197,1008.4,0.231,0.174,4.54,13.77,-0.55,0.237,external,WX-MCS-001
2026-04-06T00:00:00Z,REG-NORTH,WXS-NORTH-01,3.33,9.94,6.57,6.7,7.29,0.898,low,65.62,0,false,38.1,7.89,17.58,14.719,1013.86,0.014,0.01,0.02,-1.97,0.01,0.029,external,WX-MCS-001
2026-04-06T00:00:00Z,REG-CENTRAL,WXS-CENTRAL-01,6.58,14.1,10.26,10.02,10.61,1.588,low,54.8,0,false,42.28,7.35,18.36,,1013.35,-0.011,-0.008,0.27,-1.42,0,,external,WX-MCS-001
2026-04-07T00:00:00Z,REG-COASTAL,WXS-COASTAL-01,12.94,20.65,16.71,17.18,17.49,3.364,moderate,67.29,0,false,33.2,8.81,13.65,22.804,1014.13,0.697,0.523,-1.52,-2.44,0.76,0.245,external,WX-MCS-001
2026-04-07T00:00:00Z,REG-SOUTH,WXS-SOUTH-01,15.23,23,19.04,19.4,19.59,3.487,moderate,60.77,0,false,31.68,8.9,12.68,24.151,1012.75,0.443,0.332,-1.05,-1.75,0.48,0.245,external,WX-MCS-001
2026-04-07T00:00:00Z,REG-DELTA,WXS-DELTA-01,18.48,25.05,21.7,22.09,22.71,4.372,moderate,73.96,0,false,46.84,6.91,13.88,25.486,1014.07,0.301,0.225,-0.99,-3.89,0.33,0.245,external,WX-MCS-001
2026-04-07T00:00:00Z,REG-ISLAND,WXS-ISLAND-01,18.46,24.94,21.64,21.82,22.51,5.156,moderate,69.87,0,false,46.46,6.96,16.22,26.203,1012.27,0.319,0.239,-1.05,-3.23,0.35,0.245,external,WX-MCS-001
2026-04-07T00:00:00Z,REG-NORTH,WXS-NORTH-01,3.08,10.25,6.6,6.84,7.33,0.754,low,66.02,0,false,46.45,6.85,12.77,14.721,1014.85,0.016,0.012,0.59,-1.97,0.02,0.028,external,WX-MCS-001
2026-04-07T00:00:00Z,REG-CENTRAL,WXS-CENTRAL-01,6.47,14.55,10.43,10.41,10.69,1.725,low,52.51,0,false,34.62,8.35,14.92,,1011.27,-0.012,-0.009,-0.65,-1.42,0,,external,WX-MCS-001
2026-04-08T00:00:00Z,REG-COASTAL,WXS-COASTAL-01,13.5,20.5,16.93,17.29,17.76,3.356,moderate,68.67,0,false,41.32,7.85,14.12,22.81,1012.6,0.855,0.641,-1.9,-2.44,0.94,0.254,external,WX-MCS-001
2026-04-08T00:00:00Z,REG-SOUTH,WXS-SOUTH-01,15.65,23.19,19.34,19.51,19.95,3.463,moderate,62.44,0,false,38.87,8.04,15.38,24.154,1015.35,0.534,0.401,-1.02,-1.75,0.58,0.254,external,WX-MCS-001
2026-04-08T00:00:00Z,REG-DELTA,WXS-DELTA-01,18.89,23.86,21.33,21.6,22.55,3.506,moderate,79.86,8.82,true,73.82,2.68,19.75,25.494,1007.81,0.332,0.249,3.8,4.93,-0.44,0.254,external,WX-MCS-001
2026-04-08T00:00:00Z,REG-ISLAND,WXS-ISLAND-01,18.13,24.93,21.46,21.9,22.43,5.363,moderate,72.71,0,false,35.69,8.36,15.96,26.21,1014.07,0.317,0.238,-0.85,-3.23,0.35,0.254,external,WX-MCS-001
2026-04-08T00:00:00Z,REG-NORTH,WXS-NORTH-01,2.86,10.15,6.43,6.66,7.14,0.841,low,65.39,0,false,41.88,7.45,13.96,14.723,1013.8,0.017,0.013,-1.15,-1.97,0.02,0.027,external,WX-MCS-001
2026-04-08T00:00:00Z,REG-CENTRAL,WXS-CENTRAL-01,6.52,13.99,10.18,10.18,10.56,1.767,low,55.84,0,false,32.34,8.66,17.21,,1013.87,-0.011,-0.008,-0.44,-1.42,0,,external,WX-MCS-001
2026-04-09T00:00:00Z,REG-COASTAL,WXS-COASTAL-01,13.29,20.97,17.06,17.42,17.73,3.48,moderate,64.33,0,false,34.42,8.74,14.23,22.817,1014.04,0.824,0.618,-2.21,-2.44,0.9,0.264,external,WX-MCS-001
2026-04-09T00:00:00Z,REG-SOUTH,WXS-SOUTH-01,15.58,22.79,19.12,19.27,19.71,3.464,moderate,62.08,0,false,38.55,8.08,15.69,24.158,1014.66,0.475,0.356,-1.29,-1.75,0.52,0.264,external,WX-MCS-001
2026-04-09T00:00:00Z,REG-DELTA,WXS-DELTA-01,18.56,23.92,21.19,21.27,22.38,3.509,moderate,79.01,19.61,true,74.14,2.63,23.54,25.503,1007.88,0.283,0.212,3.88,15.72,-0.49,0.264,external,WX-MCS-001
2026-04-09T00:00:00Z,REG-ISLAND,WXS-ISLAND-01,17.91,25.29,21.52,21.91,22.49,5.399,moderate,72.61,0,false,37.77,8.15,16.56,26.219,1011.2,0.398,0.299,-0.51,-3.23,0.44,0.264,external,WX-MCS-001
2026-04-09T00:00:00Z,REG-NORTH,WXS-NORTH-01,2.77,10.02,6.32,6.74,7.15,0.952,low,68.85,0,false,35.87,8.24,13.93,14.726,1014.08,0.017,0.013,0.72,-1.97,0.02,0.026,external,WX-MCS-001
2026-04-09T00:00:00Z,REG-CENTRAL,WXS-CENTRAL-01,6.59,13.98,10.21,10.13,10.66,1.637,low,57.85,0,false,39.65,7.75,17.61,,1012.76,-0.012,-0.009,0.13,-1.42,0,,external,WX-MCS-001
2026-04-10T00:00:00Z,REG-COASTAL,WXS-COASTAL-01,13.46,20.41,16.87,17.2,17.73,3.369,moderate,69.56,0,false,39.68,8.06,15.7,22.825,1014.39,0.766,0.575,-1.36,-2.44,0.84,0.274,external,WX-MCS-001
2026-04-10T00:00:00Z,REG-SOUTH,WXS-SOUTH-01,15.49,23.26,19.3,19.73,19.92,3.641,moderate,62.89,0,false,33.25,8.8,9.55,24.164,1014.29,0.529,0.397,-1.08,-1.75,0.58,0.274,external,WX-MCS-001
2026-04-10T00:00:00Z,REG-DELTA,WXS-DELTA-01,18.56,24.94,21.69,22.23,22.8,4.584,moderate,76.88,0,false,41.15,7.68,14.16,25.513,1011.51,0.264,0.198,-0.54,-3.89,0.29,0.274,external,WX-MCS-001
2026-04-10T00:00:00Z,REG-ISLAND,WXS-ISLAND-01,17.7,25.18,21.37,21.69,22.28,5.403,moderate,71.24,0,false,37.57,8.19,17.25,26.229,1010.56,0.384,0.288,-1.6,-3.23,0.42,0.274,external,WX-MCS-001
2026-04-10T00:00:00Z,REG-NORTH,WXS-NORTH-01,2.98,9.97,6.4,6.58,7.07,0.975,low,64.02,0,false,34.74,8.41,17.09,14.729,1013.73,0.018,0.013,0.05,-1.97,0.02,0.025,external,WX-MCS-001
2026-04-10T00:00:00Z,REG-CENTRAL,WXS-CENTRAL-01,6.3,14.69,10.41,10.31,10.75,1.791,low,54.7,0,false,31.25,8.85,19.36,,1013.41,-0.014,-0.011,-0.65,-1.42,0,,external,WX-MCS-001
2026-04-11T00:00:00Z,REG-COASTAL,WXS-COASTAL-01,13.97,19.51,16.68,16.85,17.57,2.354,low,70.43,14.84,true,74.76,2.78,16.75,22.834,1009.26,0.815,0.611,2.17,12.41,0.1,0.286,external,WX-MCS-001
2026-04-11T00:00:00Z,REG-SOUTH,WXS-SOUTH-01,15.15,23.36,19.17,19.59,19.75,3.859,moderate,61.35,0,false,26.6,9.71,14.13,24.17,1014.26,0.602,0.452,-1.78,-1.75,0.66,0.286,external,WX-MCS-001
2026-04-11T00:00:00Z,REG-DELTA,WXS-DELTA-01,19.21,23.63,21.37,21.59,22.6,3.503,moderate,79.96,10.51,true,80.42,1.85,21.12,25.525,1007.33,0.307,0.23,5.06,6.62,-0.46,0.286,external,WX-MCS-001
2026-04-11T00:00:00Z,REG-ISLAND,WXS-ISLAND-01,17.84,24.79,21.25,21.8,22.22,5.314,moderate,72.91,0,false,40.61,7.79,11.32,26.241,1012.62,0.327,0.245,-1.14,-3.23,0.36,0.286,external,WX-MCS-001
2026-04-11T00:00:00Z,REG-NORTH,WXS-NORTH-01,2.9,9.97,6.36,6.5,7.09,0.916,low,65.76,0,false,38.28,7.98,17.85,14.732,1013.43,0.022,0.017,-0.38,-1.97,0.02,0.024,external,WX-MCS-001
2026-04-11T00:00:00Z,REG-CENTRAL,WXS-CENTRAL-01,7.03,14.01,10.45,10.26,10.89,1.63,low,57.61,0,false,40.49,7.68,19.74,,1013.82,-0.016,-0.012,0.29,-1.42,0,,external,WX-MCS-001
2026-04-12T00:00:00Z,REG-COASTAL,WXS-COASTAL-01,13.57,20.7,17.06,17.44,17.85,3.486,moderate,67.5,0,false,36.63,8.5,14.87,22.844,1014.57,0.763,0.572,-2.74,-2.44,0.84,0.298,external,WX-MCS-001
2026-04-12T00:00:00Z,REG-SOUTH,WXS-SOUTH-01,15.41,23.09,19.18,19.39,19.73,3.63,moderate,60.74,0,false,37.83,8.24,14.12,24.178,1015.14,0.508,0.381,-1.77,-1.75,0.56,0.298,external,WX-MCS-001
2026-04-12T00:00:00Z,REG-DELTA,WXS-DELTA-01,18.02,25.26,21.57,22.06,22.62,4.779,moderate,74.86,0,false,38.51,8.09,15.33,25.538,1011.87,0.345,0.259,-1.26,-3.89,0.38,0.298,external,WX-MCS-001
2026-04-12T00:00:00Z,REG-ISLAND,WXS-ISLAND-01,17.63,25.17,21.33,21.73,22.23,5.573,moderate,70.76,0,false,32.83,8.88,17.23,26.254,1011.65,0.477,0.357,-0.99,-3.23,0.53,0.298,external,WX-MCS-001
2026-04-12T00:00:00Z,REG-NORTH,WXS-NORTH-01,2.65,9.92,6.21,6.45,6.96,0.825,low,66.36,0,false,43.39,7.33,14.02,14.735,1015.03,0.022,0.016,-0.04,-1.97,0.02,0.023,external,WX-MCS-001
2026-04-12T00:00:00Z,REG-CENTRAL,WXS-CENTRAL-01,6.65,14.43,10.47,10.26,10.8,1.743,low,54.45,0,false,34.71,8.45,20.52,,1013.32,-0.016,-0.012,0.29,-1.42,0,,external,WX-MCS-001
2026-04-13T00:00:00Z,REG-COASTAL,WXS-COASTAL-01,14.06,19.54,16.74,16.71,17.71,2.654,low,72.66,11.02,true,62.46,4.39,22.65,22.855,1010.55,0.825,0.618,2.75,8.58,0.11,0.311,external,WX-MCS-001
2026-04-13T00:00:00Z,REG-SOUTH,WXS-SOUTH-01,15.68,22.97,19.25,19.39,19.76,3.599,moderate,59.43,0,false,44.52,7.42,12.51,24.187,1014.36,0.565,0.424,-1.27,-1.75,0.62,0.311,external,WX-MCS-001
2026-04-13T00:00:00Z,REG-DELTA,WXS-DELTA-01,18.29,24.96,21.56,21.93,22.54,4.722,moderate,73.19,0,false,42.17,7.62,15.65,25.552,1012.65,0.302,0.226,-1.36,-3.89,0.33,0.311,external,WX-MCS-001
2026-04-13T00:00:00Z,REG-ISLAND,WXS-ISLAND-01,18.33,23.52,20.88,21.02,21.88,4.423,moderate,73.72,15.79,true,70.46,3.2,19.28,26.267,1005.85,0.439,0.329,3.42,12.56,-0.32,0.311,external,WX-MCS-001
2026-04-13T00:00:00Z,REG-NORTH,WXS-NORTH-01,2.67,10.27,6.39,6.58,7.07,0.884,low,64.44,0,false,40.16,7.77,15.24,14.738,1013.43,0.02,0.015,-1.12,-1.97,0.02,0.022,external,WX-MCS-001
2026-04-13T00:00:00Z,REG-CENTRAL,WXS-CENTRAL-01,6.69,14.45,10.49,10.43,10.91,1.756,low,56.91,0,false,34.65,8.47,18.71,,1012.82,-0.016,-0.012,0.22,-1.42,0,,external,WX-MCS-001
2026-04-14T00:00:00Z,REG-COASTAL,WXS-COASTAL-01,13.9,20.61,17.19,17.46,18.06,3.403,moderate,69.97,0,false,48.25,7.05,14.38,22.867,1015.55,0.828,0.621,-1.59,-2.44,0.91,0.325,external,WX-MCS-001
2026-04-14T00:00:00Z,REG-SOUTH,WXS-SOUTH-01,15.45,23.26,19.28,19.53,19.77,3.915,moderate,59.11,0,false,32.25,9.05,14.56,24.197,1015.47,0.629,0.472,-1.91,-1.75,0.7,0.325,external,WX-MCS-001
2026-04-14T00:00:00Z,REG-DELTA,WXS-DELTA-01,18.26,25.01,21.57,22.06,22.6,4.79,moderate,74.29,0,false,41.8,7.7,13.79,25.568,1010.58,0.331,0.248,-1.25,-3.89,0.37,0.325,external,WX-MCS-001
2026-04-14T00:00:00Z,REG-ISLAND,WXS-ISLAND-01,17.69,24.53,21.04,21.35,22.06,5.444,moderate,73.94,0,false,37.72,8.26,19.4,26.283,1010.32,0.411,0.308,-1.26,-3.23,0.45,0.325,external,WX-MCS-001
2026-04-14T00:00:00Z,REG-NORTH,WXS-NORTH-01,2.7,10.5,6.52,6.77,7.14,0.961,low,62.73,0,false,36.23,8.3,14.51,14.742,1014.1,0.026,0.02,0.09,-1.97,0.03,0.02,external,WX-MCS-001
2026-04-14T00:00:00Z,REG-CENTRAL,WXS-CENTRAL-01,7.08,14.36,10.64,10.86,11.17,1.783,low,59.88,0,false,33.78,8.61,14.52,,1013.52,-0.021,-0.016,0.82,-1.42,0,,external,WX-MCS-001
2026-04-15T00:00:00Z,REG-COASTAL,WXS-COASTAL-01,14.37,19.71,16.98,16.89,17.94,2.657,low,72.35,8,true,73.91,2.99,23.81,22.879,1010.23,0.99,0.743,2.95,5.56,0.3,0.34,external,WX-MCS-001
2026-04-15T00:00:00Z,REG-SOUTH,WXS-SOUTH-01,15.65,22.75,19.13,19.29,19.59,3.892,moderate,58,0,false,37.27,8.43,14.2,24.208,1015.49,0.656,0.492,-2.83,-1.75,0.73,0.34,external,WX-MCS-001
2026-04-15T00:00:00Z,REG-DELTA,WXS-DELTA-01,18.84,23.93,21.33,21.65,22.53,3.851,moderate,79.19,13.38,true,75.99,2.5,18.45,25.585,1006.73,0.448,0.336,3.54,9.49,-0.3,0.34,external,WX-MCS-001
2026-04-15T00:00:00Z,REG-ISLAND,WXS-ISLAND-01,17.52,24.87,21.12,21.35,21.94,5.367,moderate,68.37,0,false,44.65,7.4,15.43,26.299,1010.09,0.473,0.355,-1.77,-3.23,0.52,0.34,external,WX-MCS-001
2026-04-15T00:00:00Z,REG-NORTH,WXS-NORTH-01,2.9,10.03,6.39,6.81,7.15,0.962,low,66.71,0,false,36.54,8.28,12.95,14.746,1013.17,0.031,0.023,-0.16,-1.97,0.03,0.019,external,WX-MCS-001
2026-04-15T00:00:00Z,REG-CENTRAL,WXS-CENTRAL-01,6.91,15.08,10.92,10.96,11.32,1.788,low,56.54,0,false,34.61,8.52,16.23,,1013.92,-0.018,-0.013,1.16,-1.42,0,,external,WX-MCS-001
2026-04-16T00:00:00Z,REG-COASTAL,WXS-COASTAL-01,13.9,21.21,17.48,17.88,18.3,3.84,moderate,68.29,0,false,36.41,8.7,15.4,22.893,1016.98,1.007,0.755,-1.54,-2.44,1.12,0.355,external,WX-MCS-001
2026-04-16T00:00:00Z,REG-SOUTH,WXS-SOUTH-01,15.16,23.28,19.13,19.65,19.66,4.201,moderate,59.98,0,false,25.82,9.98,10.7,24.22,1015.03,0.729,0.547,-1.57,-1.75,0.81,0.355,external,WX-MCS-001
2026-04-16T00:00:00Z,REG-DELTA,WXS-DELTA-01,18.77,23.54,21.11,21.37,22.34,3.857,moderate,80.08,15.63,true,76.51,2.43,20.13,25.603,1006.51,0.421,0.316,4.1,11.74,-0.33,0.355,external,WX-MCS-001
2026-04-16T00:00:00Z,REG-ISLAND,WXS-ISLAND-01,18.3,23.27,20.74,20.83,21.89,4.335,moderate,78.11,3.32,true,78.28,2.23,22.63,26.316,1005.36,0.503,0.377,3.67,0.08,-0.24,0.355,external,WX-MCS-001
2026-04-16T00:00:00Z,REG-NORTH,WXS-NORTH-01,3.35,10.07,6.64,6.69,7.41,0.755,low,66.87,0,false,48.03,6.8,17.51,14.75,1015.36,0.025,0.019,-0.51,-1.97,0.03,0.018,external,WX-MCS-001
2026-04-16T00:00:00Z,REG-CENTRAL,WXS-CENTRAL-01,8.13,13.1,10.57,10.35,11.19,0.588,low,62.91,3.33,true,77.36,2.15,21.31,,1008.37,-0.021,-0.015,5.19,1.91,-0.8,,external,WX-MCS-001
2026-04-17T00:00:00Z,REG-COASTAL,WXS-COASTAL-01,14.19,19.92,17,17.25,17.95,2.874,low,72.4,11.57,true,68.38,3.74,15.91,22.907,1010.77,1.021,0.766,2.82,9.13,0.33,0.371,external,WX-MCS-001
2026-04-17T00:00:00Z,REG-SOUTH,WXS-SOUTH-01,15.39,22.88,19.06,19.17,19.66,3.98,moderate,62.11,0,false,37.47,8.44,17.77,24.233,1015.58,0.651,0.488,-1.27,-1.75,0.72,0.371,external,WX-MCS-001
2026-04-17T00:00:00Z,REG-DELTA,WXS-DELTA-01,18.95,23.17,21.02,21.27,22.38,3.829,moderate,83.78,7.56,true,78.79,2.13,22.4,25.622,1006.04,0.392,0.294,4.53,3.67,-0.36,0.371,external,WX-MCS-001
2026-04-17T00:00:00Z,REG-ISLAND,WXS-ISLAND-01,18.14,23.02,20.53,20.74,21.55,4.301,moderate,74.02,18.5,true,80.11,2,17.84,26.334,1004.34,0.503,0.377,3.42,15.27,-0.24,0.371,external,WX-MCS-001
2026-04-17T00:00:00Z,REG-NORTH,WXS-NORTH-01,3.29,10.7,6.92,7.37,7.65,0.968,low,65.96,0,false,36.66,8.31,11.29,14.754,1013.74,0.029,0.022,-0.05,-1.97,0.03,0.017,external,WX-MCS-001
2026-04-17T00:00:00Z,REG-CENTRAL,WXS-CENTRAL-01,7.4,15.01,11.12,11,11.62,1.773,low,59.19,0,false,37.65,8.16,20.36,,1015.08,-0.026,-0.019,0.25,-1.42,0,,external,WX-MCS-001
2026-04-18T00:00:00Z,REG-COASTAL,WXS-COASTAL-01,14.56,19.92,17.19,16.94,18.08,2.98,low,70.56,7.59,true,65.79,4.09,26.1,22.922,1010.77,1.033,0.775,1.88,5.15,0.35,0.387,external,WX-MCS-001
2026-04-18T00:00:00Z,REG-SOUTH,WXS-SOUTH-01,15.28,23.08,19.1,19.5,19.62,4.197,moderate,59.83,0,false,30.71,9.37,12.64,24.247,1015.06,0.714,0.536,-2.5,-1.75,0.79,0.387,external,WX-MCS-001
2026-04-18T00:00:00Z,REG-DELTA,WXS-DELTA-01,19.1,23.83,21.42,21.65,22.66,3.935,moderate,80.56,23.24,true,81.7,1.82,21.18,25.642,1006.83,0.561,0.421,3.11,19.35,-0.18,0.387,external,WX-MCS-001
2026-04-18T00:00:00Z,REG-ISLAND,WXS-ISLAND-01,18.18,23.83,20.94,21.08,22.1,4.519,moderate,78.02,11.48,true,71.2,3.21,21.67,26.354,1005.6,0.583,0.437,3.7,8.25,-0.15,0.387,external,WX-MCS-001
2026-04-18T00:00:00Z,REG-NORTH,WXS-NORTH-01,3.21,10.29,6.68,6.87,7.4,0.96,low,65.65,0,false,37.69,8.19,17,14.758,1015.09,0.034,0.026,-0.93,-1.97,0.04,0.015,external,WX-MCS-001
2026-04-18T00:00:00Z,REG-CENTRAL,WXS-CENTRAL-01,7.56,15.27,11.34,11.38,11.86,1.833,low,59.99,0,false,35.98,8.4,17.79,,1015.38,-0.024,-0.018,0.84,-1.42,0,,external,WX-MCS-001
2026-04-19T00:00:00Z,REG-COASTAL,WXS-COASTAL-01,13.41,21.6,17.42,18.01,18.3,4.059,moderate,70.2,0,false,28.78,9.73,15.08,22.938,1015.31,0.913,0.685,-1.9,-2.44,1.02,0.405,external,WX-MCS-001
2026-04-19T00:00:00Z,REG-SOUTH,WXS-SOUTH-01,15.51,22.97,19.16,19.26,19.62,4.101,moderate,58.11,0,false,38.08,8.42,15.72,24.263,1014.53,0.701,0.526,-2.63,-1.75,0.78,0.405,external,WX-MCS-001
2026-04-19T00:00:00Z,REG-DELTA,WXS-DELTA-01,18.84,23.17,20.96,20.94,22.14,3.889,moderate,78.57,11.33,true,80.88,1.89,25.64,25.663,1005.49,0.439,0.329,3.18,7.44,-0.31,0.405,external,WX-MCS-001
2026-04-19T00:00:00Z,REG-ISLAND,WXS-ISLAND-01,17.84,25.07,21.38,21.87,22.39,5.668,moderate,73.83,0,false,35.26,8.77,16.81,26.374,1008.41,0.656,0.492,-1.38,-3.23,0.73,0.405,external,WX-MCS-001
2026-04-19T00:00:00Z,REG-NORTH,WXS-NORTH-01,3.89,9.11,6.45,6.55,7.35,0.026,low,70.82,8.42,true,75.72,2.41,18.66,14.762,1008.25,0.034,0.026,4.48,6.44,-0.76,0.014,external,WX-MCS-001
2026-04-19T00:00:00Z,REG-CENTRAL,WXS-CENTRAL-01,7.82,15.04,11.36,11.43,11.8,1.863,low,57.55,0,false,35.88,8.43,15.89,,1016.31,-0.028,-0.021,0.13,-1.42,0,,external,WX-MCS-001
2026-04-20T00:00:00Z,REG-COASTAL,WXS-COASTAL-01,13.94,21.35,17.57,17.88,18.44,4.048,moderate,69.68,0,false,37.44,8.65,18.09,22.954,1016.54,1.035,0.776,-2.8,-2.44,1.15,0.422,external,WX-MCS-001
2026-04-20T00:00:00Z,REG-SOUTH,WXS-SOUTH-01,15.58,22.4,18.92,19.16,19.47,4.122,moderate,60.65,0,false,40.3,8.15,13.16,24.279,1013.15,0.721,0.541,-2.51,-1.75,0.8,0.422,external,WX-MCS-001
2026-04-20T00:00:00Z,REG-DELTA,WXS-DELTA-01,18.1,24.95,21.46,21.87,22.53,5.067,moderate,75.69,0,false,45.47,7.39,15.52,25.685,1008.96,0.523,0.392,-1.62,-3.89,0.58,0.422,external,WX-MCS-001
2026-04-20T00:00:00Z,REG-ISLAND,WXS-ISLAND-01,17.6,24.91,21.18,21.64,22.17,5.565,moderate,73.42,0,false,41.96,7.92,14.53,26.395,1009.25,0.685,0.514,-1.6,-3.23,0.76,0.422,external,WX-MCS-001
2026-04-20T00:00:00Z,REG-NORTH,WXS-NORTH-01,3.71,10.95,7.26,7.49,8.01,0.95,low,66.42,0,false,39.64,7.98,16.02,14.767,1014.13,0.04,0.03,-0.65,-1.97,0.04,0.012,external,WX-MCS-001
2026-04-20T00:00:00Z,REG-CENTRAL,WXS-CENTRAL-01,7.63,15.62,11.55,11.5,11.96,1.91,low,56.74,0,false,35.36,8.52,18.36,,1015.66,-0.026,-0.019,-0.08,-1.42,0,,external,WX-MCS-001
2026-04-21T00:00:00Z,REG-COASTAL,WXS-COASTAL-01,13.72,20.88,17.23,17.67,18.1,4.04,moderate,70.03,0,false,40.13,8.31,14.42,22.972,1016.94,1.014,0.761,-2.85,-2.44,1.13,0.441,external,WX-MCS-001
2026-04-21T00:00:00Z,REG-SOUTH,WXS-SOUTH-01,15.36,23.15,19.18,19.6,19.66,4.46,moderate,58.72,0,false,30.48,9.53,11.24,24.296,1014.46,0.878,0.659,-3.84,-1.75,0.98,0.441,external,WX-MCS-001
2026-04-21T00:00:00Z,REG-DELTA,WXS-DELTA-01,18.48,23.27,20.83,21.04,22.06,4.095,moderate,80.19,18.27,true,75.1,2.69,21.38,25.709,1005.12,0.503,0.377,3.98,14.38,-0.24,0.441,external,WX-MCS-001
2026-04-21T00:00:00Z,REG-ISLAND,WXS-ISLAND-01,17.74,25.21,21.4,22,22.3,5.793,moderate,70.79,0,false,31.04,9.4,14.39,26.418,1008.56,0.731,0.548,-1.94,-3.23,0.82,0.441,external,WX-MCS-001
2026-04-21T00:00:00Z,REG-NORTH,WXS-NORTH-01,4.28,9.3,6.74,6.78,7.66,0.033,low,71.23,12.12,true,80.12,1.84,20.09,14.772,1010.99,0.043,0.033,4.28,10.15,-0.75,0.011,external,WX-MCS-001
2026-04-21T00:00:00Z,REG-CENTRAL,WXS-CENTRAL-01,7.85,16,11.84,11.91,12.29,1.983,low,57.64,0,false,33.26,8.82,17.26,,1016.84,-0.031,-0.023,0.29,-1.42,0,,external,WX-MCS-001
2026-04-22T00:00:00Z,REG-COASTAL,WXS-COASTAL-01,14.07,21.32,17.63,18.01,18.45,4.186,moderate,68.49,0,false,41.04,8.26,14.56,22.99,1015.04,1.155,0.867,-3.41,-2.44,1.29,0.459,external,WX-MCS-001
2026-04-22T00:00:00Z,REG-SOUTH,WXS-SOUTH-01,15.1,22.71,18.83,18.96,19.35,4.352,moderate,59.72,0,false,36.22,8.77,16.79,24.314,1013.58,0.814,0.61,-3.22,-1.75,0.91,0.459,external,WX-MCS-001
2026-04-22T00:00:00Z,REG-DELTA,WXS-DELTA-01,18.97,23.51,21.19,21.41,22.55,4.082,moderate,83.7,21.71,true,80.65,1.99,23.09,25.733,1003.25,0.586,0.44,3.05,17.82,-0.14,0.459,external,WX-MCS-001
2026-04-22T00:00:00Z,REG-ISLAND,WXS-ISLAND-01,18.42,23.23,20.77,20.84,21.92,4.47,moderate,77.58,9.02,true,79.07,2.25,23.17,26.441,1005.88,0.724,0.543,3.67,5.79,0.01,0.459,external,WX-MCS-001
2026-04-22T00:00:00Z,REG-NORTH,WXS-NORTH-01,4.07,11.01,7.47,7.61,8.19,0.96,low,65.58,0,false,40.95,7.84,17.3,14.776,1016.95,0.044,0.033,-1.28,-1.97,0.05,0.01,external,WX-MCS-001
2026-04-22T00:00:00Z,REG-CENTRAL,WXS-CENTRAL-01,8.03,16.08,11.97,12.15,12.42,2.123,low,57.85,0,false,27.83,9.56,16.99,,1017.11,-0.03,-0.022,0.34,-1.42,0,,external,WX-MCS-001
2026-04-23T00:00:00Z,REG-COASTAL,WXS-COASTAL-01,13.46,21.29,17.3,17.72,18.09,4.175,moderate,67.61,0,false,40.43,8.32,13.42,23.009,1016.76,1.051,0.788,-2.01,-2.44,1.18,0.479,external,WX-MCS-001
2026-04-23T00:00:00Z,REG-SOUTH,WXS-SOUTH-01,15.33,22.92,19.05,19.43,19.67,4.412,moderate,62.75,0,false,34.46,9.01,13.69,24.333,1012.17,0.797,0.597,-1.87,-1.75,0.89,0.479,external,WX-MCS-001
2026-04-23T00:00:00Z,REG-DELTA,WXS-DELTA-01,18.55,25.18,21.8,22.32,22.89,5.267,moderate,76.35,0,false,40.8,8.09,15.36,25.758,1008.07,0.58,0.435,-0.71,-3.89,0.65,0.479,external,WX-MCS-001
2026-04-23T00:00:00Z,REG-ISLAND,WXS-ISLAND-01,18.56,23.71,21.09,21.45,22.27,4.644,moderate,78.83,15.7,true,74.28,2.94,17.15,26.464,1005.73,0.845,0.634,2.94,12.47,0.15,0.479,external,WX-MCS-001
2026-04-23T00:00:00Z,REG-NORTH,WXS-NORTH-01,4.23,11.09,7.59,7.92,8.41,0.985,low,68.61,0,false,40.5,7.92,14.92,14.781,1016.26,0.042,0.031,0,-1.97,0.05,0.008,external,WX-MCS-001
2026-04-23T00:00:00Z,REG-CENTRAL,WXS-CENTRAL-01,8.29,16.5,12.31,12.22,12.74,2.042,low,57.23,0,false,34.85,8.64,20.12,,1017.06,-0.031,-0.023,0.18,-1.42,0,,external,WX-MCS-001
2026-04-24T00:00:00Z,REG-COASTAL,WXS-COASTAL-01,14.03,21.36,17.62,17.97,18.4,4.322,moderate,67.31,0,false,41.4,8.26,14.73,23.028,1016.45,1.194,0.896,-3.56,-2.44,1.34,0.498,external,WX-MCS-001
2026-04-24T00:00:00Z,REG-SOUTH,WXS-SOUTH-01,14.75,23.11,18.85,19.26,19.43,4.569,moderate,61.69,0,false,34.28,9.11,12.71,24.353,1013.05,0.948,0.711,-2.43,-1.75,1.06,0.498,external,WX-MCS-001
2026-04-24T00:00:00Z,REG-DELTA,WXS-DELTA-01,18.11,25.22,21.59,22.34,22.64,5.476,moderate,74.9,0,false,35.08,8.91,9.57,25.784,1008.05,0.694,0.521,-1.34,-3.89,0.78,0.498,external,WX-MCS-001
2026-04-24T00:00:00Z,REG-ISLAND,WXS-ISLAND-01,17.95,25.44,21.62,22.09,22.52,5.627,moderate,70.66,0,false,40.12,8.25,13.86,26.489,1009.38,0.738,0.553,-0.98,-3.23,0.83,0.498,external,WX-MCS-001
2026-04-24T00:00:00Z,REG-NORTH,WXS-NORTH-01,4.13,11.62,7.8,7.97,8.53,1.089,low,65.88,0,false,36.34,8.49,18.58,14.786,1016.06,0.05,0.037,0.11,-1.97,0.06,0.007,external,WX-MCS-001
2026-04-24T00:00:00Z,REG-CENTRAL,WXS-CENTRAL-01,8.39,16.32,12.28,12.29,12.82,2.144,low,60.58,0,false,31.86,9.06,20.81,,1017.41,-0.031,-0.023,1,-1.42,0,,external,WX-MCS-001
2026-04-25T00:00:00Z,REG-COASTAL,WXS-COASTAL-01,13.73,21.08,17.33,17.89,18.17,4.45,moderate,69.05,0,false,38.7,8.65,11.98,23.049,1013.36,1.224,0.918,-2.41,-2.44,1.38,0.519,external,WX-MCS-001
2026-04-25T00:00:00Z,REG-SOUTH,WXS-SOUTH-01,15.64,23.11,19.3,19.56,19.77,4.626,moderate,58.38,0,false,36.96,8.81,13.49,24.373,1011.73,1.038,0.778,-2.82,-1.75,1.17,0.519,external,WX-MCS-001
2026-04-25T00:00:00Z,REG-DELTA,WXS-DELTA-01,18.39,25.03,21.64,22.3,22.71,5.388,moderate,75.38,0,false,41.08,8.13,11.8,25.811,1008.69,0.695,0.522,-1.95,-3.89,0.78,0.519,external,WX-MCS-001
2026-04-25T00:00:00Z,REG-ISLAND,WXS-ISLAND-01,18.17,25.38,21.7,22.11,22.67,5.812,moderate,72.44,0,false,35.77,8.91,18.19,26.514,1011,0.881,0.661,-2.6,-3.23,0.99,0.519,external,WX-MCS-001
2026-04-25T00:00:00Z,REG-NORTH,WXS-NORTH-01,4.59,11.74,8.09,8.26,8.92,1.056,low,68.69,0,false,39.56,8.08,18.96,14.791,1015.52,0.049,0.037,-0.53,-1.97,0.05,0.005,external,WX-MCS-001
2026-04-25T00:00:00Z,REG-CENTRAL,WXS-CENTRAL-01,8.95,16.29,12.54,12.47,13.01,2.082,low,58.21,0,false,38.15,8.24,18.98,,1017.6,-0.032,-0.024,-0.13,-1.42,0,,external,WX-MCS-001
2026-04-26T00:00:00Z,REG-COASTAL,WXS-COASTAL-01,14.31,21.11,17.64,18.16,18.47,4.543,moderate,68.66,0,false,38.23,8.75,13.1,23.069,1016.28,1.26,0.945,-3.25,-2.44,1.42,0.539,external,WX-MCS-001
2026-04-26T00:00:00Z,REG-SOUTH,WXS-SOUTH-01,14.96,23.28,19.04,19.63,19.71,4.684,moderate,64.3,0,false,29.24,9.8,11.03,24.395,1011.28,0.882,0.661,-2.52,-1.75,0.99,0.539,external,WX-MCS-001
2026-04-26T00:00:00Z,REG-DELTA,WXS-DELTA-01,18.24,25.35,21.72,22.29,22.82,5.289,moderate,76.45,0,false,43.96,7.73,13.38,25.839,1007.95,0.608,0.456,-1.86,-3.89,0.68,0.539,external,WX-MCS-001
2026-04-26T00:00:00Z,REG-ISLAND,WXS-ISLAND-01,19.02,23.9,21.41,21.53,22.57,4.633,moderate,78.18,6.02,true,77.55,2.56,22.31,26.54,1004.28,0.911,0.683,2.23,2.79,0.22,0.539,external,WX-MCS-001
2026-04-26T00:00:00Z,REG-NORTH,WXS-NORTH-01,5.63,9.95,7.75,7.73,8.73,0.041,low,73.18,11.7,true,76.2,2.4,22.37,14.796,1011.5,0.054,0.041,5.03,9.73,-0.74,0.004,external,WX-MCS-001
2026-04-26T00:00:00Z,REG-CENTRAL,WXS-CENTRAL-01,8.56,16.28,12.34,12.44,12.8,2.207,low,58.1,0,false,34.36,8.77,16.56,,1017.59,-0.03,-0.022,-0.2,-1.42,0,,external,WX-MCS-001
2026-04-27T00:00:00Z,REG-COASTAL,WXS-COASTAL-01,13.85,21.58,17.64,18.1,18.37,4.664,moderate,65.89,0,false,35.53,9.13,13.91,23.091,1014.14,1.283,0.962,-4,-2.44,1.45,0.56,external,WX-MCS-001
2026-04-27T00:00:00Z,REG-SOUTH,WXS-SOUTH-01,15.48,23.24,19.28,19.62,19.8,4.684,moderate,59.81,0,false,37.91,8.72,12.16,24.417,1012.9,1.044,0.783,-2.63,-1.75,1.18,0.56,external,WX-MCS-001
2026-04-27T00:00:00Z,REG-DELTA,WXS-DELTA-01,18.99,24.06,21.47,21.76,22.74,4.477,moderate,81.12,13.22,true,69.83,3.52,20.19,25.868,1003.42,0.724,0.543,3.36,9.33,0.02,0.56,external,WX-MCS-001
2026-04-27T00:00:00Z,REG-ISLAND,WXS-ISLAND-01,18.43,25.7,21.99,22.42,22.83,5.853,moderate,68.92,0,false,36.54,8.87,15.61,26.567,1011.34,0.951,0.713,-3.11,-3.23,1.07,0.56,external,WX-MCS-001
2026-04-27T00:00:00Z,REG-NORTH,WXS-NORTH-01,5.26,10.63,7.89,8.04,8.87,0.105,low,73.03,5.55,true,71.3,3.07,18.7,14.801,1013.8,0.059,0.044,4.65,3.58,-0.73,0.002,external,WX-MCS-001
2026-04-27T00:00:00Z,REG-CENTRAL,WXS-CENTRAL-01,9.5,15.16,12.27,12.05,12.91,1.152,low,63.17,5.7,true,71.16,3.06,21.58,,1011.63,-0.029,-0.022,4.07,4.28,-0.8,,external,WX-MCS-001
2026-04-28T00:00:00Z,REG-COASTAL,WXS-COASTAL-01,13.94,21.57,17.68,18.23,18.51,4.761,moderate,68.76,0,false,33.65,9.41,14.29,23.113,1014.32,1.294,0.971,-3.66,-2.44,1.46,0.581,external,WX-MCS-001
2026-04-28T00:00:00Z,REG-SOUTH,WXS-SOUTH-01,15.41,23.16,19.21,19.62,19.77,4.73,moderate,61.15,0,false,35.78,9.01,12.11,24.44,1011.24,1.011,0.759,-2.91,-1.75,1.14,0.581,external,WX-MCS-001
2026-04-28T00:00:00Z,REG-DELTA,WXS-DELTA-01,19.4,24.25,21.77,22.16,23.07,4.408,moderate,82.11,18.89,true,77.55,2.52,18.48,25.897,1004.55,0.795,0.596,3.47,15,0.1,0.581,external,WX-MCS-001
2026-04-28T00:00:00Z,REG-ISLAND,WXS-ISLAND-01,18.68,25.79,22.16,22.54,23.1,5.853,moderate,71.6,0,false,39.44,8.52,17.24,26.594,1010.26,1.015,0.761,-1.96,-3.23,1.14,0.581,external,WX-MCS-001
2026-04-28T00:00:00Z,REG-NORTH,WXS-NORTH-01,5.02,12.19,8.53,8.79,9.33,1.119,low,67.84,0,false,41.94,7.81,15.62,14.807,1017.9,0.059,0.044,0.98,-1.97,0.07,0.001,external,WX-MCS-001
2026-04-28T00:00:00Z,REG-CENTRAL,WXS-CENTRAL-01,8.74,17.07,12.82,13.24,13.27,2.452,low,57.67,0,false,26.99,9.79,12.34,,1016.84,-0.035,-0.026,0.43,-1.42,-0.01,,external,WX-MCS-001
2026-04-29T00:00:00Z,REG-COASTAL,WXS-COASTAL-01,14.53,20.34,17.37,17.28,18.29,3.962,moderate,71.12,12.32,true,65.76,4.4,23.04,23.136,1009.28,1.528,1.146,1.07,9.88,0.93,0.603,external,WX-MCS-001
2026-04-29T00:00:00Z,REG-SOUTH,WXS-SOUTH-01,15.27,23.51,19.31,19.62,19.8,4.975,moderate,59.07,0,false,24.64,10.53,17.5,24.464,1010.19,1.031,0.773,-4.02,-1.75,1.16,0.603,external,WX-MCS-001
2026-04-29T00:00:00Z,REG-DELTA,WXS-DELTA-01,19.58,24.53,22.01,22.2,23.19,4.438,moderate,78.81,20.9,true,76.27,2.7,20.99,25.927,1004.64,0.782,0.587,3.51,17.01,0.08,0.603,external,WX-MCS-001
2026-04-29T00:00:00Z,REG-ISLAND,WXS-ISLAND-01,19.27,25.74,22.44,22.97,23.5,5.842,moderate,75.28,0,false,41.35,8.29,15.26,26.622,1011.32,1.037,0.778,-2.08,-3.23,1.17,0.603,external,WX-MCS-001
2026-04-29T00:00:00Z,REG-NORTH,WXS-NORTH-01,5.2,12.2,8.63,8.9,9.37,1.025,low,66.27,0,false,49.43,6.82,12.28,14.812,1017.38,0.061,0.045,-0.1,-1.97,0.07,-0.001,external,WX-MCS-001
2026-04-29T00:00:00Z,REG-CENTRAL,WXS-CENTRAL-01,9.51,17.03,13.19,13.47,13.68,2.402,low,58.96,0,false,33.14,8.98,13.79,,1018.43,-0.036,-0.027,1.18,-1.42,-0.01,,external,WX-MCS-001
2026-04-30T00:00:00Z,REG-COASTAL,WXS-COASTAL-01,14.63,20.04,17.28,17.58,18.34,4,moderate,75.1,9.26,true,66.08,4.36,16.48,23.159,1009.91,1.517,1.137,1.1,6.82,0.92,0.624,external,WX-MCS-001
2026-04-30T00:00:00Z,REG-SOUTH,WXS-SOUTH-01,15.69,23.49,19.51,19.66,20.02,4.944,moderate,59.56,0,false,35.58,9.15,17.36,24.489,1010.01,1.214,0.91,-2.71,-1.75,1.37,0.624,external,WX-MCS-001
2026-04-30T00:00:00Z,REG-DELTA,WXS-DELTA-01,19.17,26.23,22.63,23.41,23.76,5.673,moderate,77.28,0,false,35.69,8.99,12.85,25.958,1009.24,0.834,0.625,-2.42,-3.89,0.94,0.624,external,WX-MCS-001
2026-04-30T00:00:00Z,REG-ISLAND,WXS-ISLAND-01,19.52,24.83,22.12,22.42,23.22,5.076,moderate,76.54,8.31,true,64.96,4.38,17.26,26.65,1007.49,1.17,0.878,1.58,5.08,0.52,0.624,external,WX-MCS-001
2026-04-30T00:00:00Z,REG-NORTH,WXS-NORTH-01,5.42,12.75,9.01,9.26,9.71,1.197,low,64.98,0,false,42.25,7.8,14.41,14.817,1017.67,0.061,0.045,-0.74,-1.97,0.07,-0.002,external,WX-MCS-001
2026-04-30T00:00:00Z,REG-CENTRAL,WXS-CENTRAL-01,10.15,15.5,12.77,12.36,13.36,1.37,low,61.9,8.43,true,68.71,3.41,25.11,,1012.5,-0.043,-0.032,4.34,7,-0.81,,external,WX-MCS-001
2026-05-01T00:00:00Z,REG-COASTAL,WXS-COASTAL-01,13.92,22.03,17.89,18.43,18.67,5.134,moderate,67.33,0,false,31.23,9.88,15.14,23.183,1013.45,1.525,1.144,-3.38,-2.44,1.73,0.647,external,WX-MCS-001
2026-05-01T00:00:00Z,REG-SOUTH,WXS-SOUTH-01,16.3,23.57,19.86,20.12,20.39,4.957,moderate,60.14,0,false,38.6,8.78,14.19,24.514,1010.24,1.268,0.951,-3.01,-1.75,1.44,0.647,external,WX-MCS-001
2026-05-01T00:00:00Z,REG-DELTA,WXS-DELTA-01,19.06,26.18,22.55,23.06,23.61,5.59,moderate,75.18,0,false,43.55,7.97,14.64,25.989,1009.45,0.891,0.668,-2.75,-3.89,1.01,0.647,external,WX-MCS-001
2026-05-01T00:00:00Z,REG-ISLAND,WXS-ISLAND-01,19.94,25.23,22.53,22.63,23.63,4.952,moderate,76.32,10.3,true,73.12,3.29,21.68,26.679,1008.06,1.184,0.888,1.23,7.07,0.54,0.647,external,WX-MCS-001
2026-05-01T00:00:00Z,REG-NORTH,WXS-NORTH-01,5.36,12.56,8.89,9.15,9.74,1.3,low,69.31,0,false,39.27,8.22,17.68,14.823,1019.15,0.065,0.048,-1.14,-1.97,0.07,-0.004,external,WX-MCS-001
2026-05-01T00:00:00Z,REG-CENTRAL,WXS-CENTRAL-01,9.51,17.02,13.19,13.18,13.62,2.378,low,57.1,0,false,41.32,7.91,16.05,,1018.33,-0.042,-0.032,-0.03,-1.42,-0.01,,external,WX-MCS-001
2026-05-02T00:00:00Z,REG-COASTAL,WXS-COASTAL-01,14.2,21.54,17.79,18.21,18.55,5.043,moderate,66.69,0,false,36.87,9.11,15.42,23.207,1013.34,1.474,1.106,-4.95,-2.44,1.67,0.669,external,WX-MCS-001
2026-05-02T00:00:00Z,REG-SOUTH,WXS-SOUTH-01,15.85,23.9,19.8,20.2,20.36,5.033,moderate,61.11,0,false,34.59,9.33,13.21,24.54,1011.57,1.239,0.929,-2.58,-1.75,1.4,0.669,external,WX-MCS-001
2026-05-02T00:00:00Z,REG-DELTA,WXS-DELTA-01,19.6,25.09,22.29,22.61,23.59,4.733,moderate,82.04,11.91,true,67.03,4.01,19.94,26.021,1005.65,0.888,0.666,3.63,8.02,0.21,0.669,external,WX-MCS-001
2026-05-02T00:00:00Z,REG-ISLAND,WXS-ISLAND-01,18.96,27.01,22.91,23.45,23.75,6.105,high,68.94,0,false,32.92,9.52,14.91,26.708,1012.82,1.138,0.853,-3.16,-3.23,1.29,0.669,external,WX-MCS-001
2026-05-02T00:00:00Z,REG-NORTH,WXS-NORTH-01,5.74,12.52,9.06,9.52,9.89,1.323,low,68.65,0,false,40.97,8.01,12.3,14.828,1017.25,0.07,0.053,0.09,-1.97,0.08,-0.006,external,WX-MCS-001
2026-05-02T00:00:00Z,REG-CENTRAL,WXS-CENTRAL-01,9.13,17.24,13.1,13.24,13.5,2.6,low,56.35,0,false,32.53,9.12,15.67,,1015.76,-0.046,-0.034,-0.29,-1.42,-0.01,,external,WX-MCS-001
2026-05-03T00:00:00Z,REG-COASTAL,WXS-COASTAL-01,14.32,21.52,17.85,18.28,18.72,5.164,moderate,69.78,0,false,36.58,9.2,16.98,23.232,1013.09,1.566,1.175,-3.69,-2.44,1.78,0.691,external,WX-MCS-001
2026-05-03T00:00:00Z,REG-SOUTH,WXS-SOUTH-01,16.09,24.08,20,20.49,20.56,5.152,moderate,60.75,0,false,32.91,9.61,11.34,24.567,1010.84,1.326,0.995,-3.51,-1.75,1.51,0.691,external,WX-MCS-001
2026-05-03T00:00:00Z,REG-DELTA,WXS-DELTA-01,19.61,26.6,23.04,23.83,24.22,5.714,moderate,78.73,0,false,39.82,8.51,10.44,26.054,1009.42,0.92,0.69,-2.2,-3.89,1.04,0.691,external,WX-MCS-001
2026-05-03T00:00:00Z,REG-ISLAND,WXS-ISLAND-01,19.3,26.38,22.77,23.33,23.73,5.911,moderate,72.59,0,false,44.89,7.91,11.92,26.738,1012.57,1.142,0.856,-1.87,-3.23,1.3,0.691,external,WX-MCS-001
2026-05-03T00:00:00Z,REG-NORTH,WXS-NORTH-01,5.48,13.07,9.2,9.6,9.98,1.47,low,67.36,0,false,35.79,8.73,15,14.834,1018.27,0.072,0.054,0.58,-1.97,0.08,-0.007,external,WX-MCS-001
2026-05-03T00:00:00Z,REG-CENTRAL,WXS-CENTRAL-01,9.4,17.19,13.22,12.91,13.6,2.432,low,55.9,0,false,45.6,7.36,20.3,,1017.02,-0.044,-0.033,-0.42,-1.42,-0.01,,external,WX-MCS-001
2026-05-04T00:00:00Z,REG-COASTAL,WXS-COASTAL-01,14.39,22.03,18.13,18.81,18.99,5.317,moderate,69.48,0,false,30.21,10.08,14.03,23.258,1012.02,1.558,1.168,-3.14,-2.44,1.77,0.714,external,WX-MCS-001
2026-05-04T00:00:00Z,REG-SOUTH,WXS-SOUTH-01,16.35,24.19,20.19,20.46,20.74,5.141,moderate,60.76,0,false,37.22,9.06,15.17,24.594,1010.37,1.385,1.039,-3.36,-1.75,1.57,0.714,external,WX-MCS-001
2026-05-04T00:00:00Z,REG-DELTA,WXS-DELTA-01,19.96,27.02,23.42,23.9,24.5,5.781,moderate,75.81,0,false,42.3,8.24,16.5,26.087,1010.65,1.044,0.783,-2.69,-3.89,1.19,0.714,external,WX-MCS-001
2026-05-04T00:00:00Z,REG-ISLAND,WXS-ISLAND-01,19.61,26.63,23.05,23.41,23.94,6.044,high,70.65,0,false,43.11,8.21,16.23,26.768,1013.45,1.249,0.937,-3.24,-3.23,1.42,0.714,external,WX-MCS-001
2026-05-04T00:00:00Z,REG-NORTH,WXS-NORTH-01,5.65,12.97,9.24,9.61,9.97,1.543,low,66.07,0,false,34.78,8.88,15.24,14.839,1018.55,0.071,0.053,0.02,-1.97,0.08,-0.008,external,WX-MCS-001
2026-05-04T00:00:00Z,REG-CENTRAL,WXS-CENTRAL-01,9.63,17.01,13.25,13.45,13.74,2.648,low,59.03,0,false,37.22,8.52,14.07,,1015.64,-0.047,-0.036,-0.18,-1.42,-0.01,,external,WX-MCS-001
2026-05-05T00:00:00Z,REG-COASTAL,WXS-COASTAL-01,14.78,22.44,18.53,19.2,19.35,5.406,moderate,68.25,0,false,34.66,9.56,11.63,23.283,1013.18,1.727,1.295,-4,-2.44,1.96,0.736,external,WX-MCS-001
2026-05-05T00:00:00Z,REG-SOUTH,WXS-SOUTH-01,16.26,24.46,20.28,20.66,20.84,5.244,moderate,61,0,false,31.19,9.88,15.21,24.622,1010.82,1.348,1.011,-3.91,-1.75,1.53,0.736,external,WX-MCS-001
2026-05-05T00:00:00Z,REG-DELTA,WXS-DELTA-01,19.78,27.22,23.42,24.1,24.45,5.848,moderate,74.48,0,false,39.2,8.67,12.58,26.12,1010.22,1.032,0.774,-2.96,-3.89,1.17,0.736,external,WX-MCS-001
2026-05-05T00:00:00Z,REG-ISLAND,WXS-ISLAND-01,19.47,27.33,23.32,23.61,24.09,6.406,high,66.86,0,false,30.53,9.99,20.92,26.798,1013.99,1.397,1.048,-3.34,-3.23,1.59,0.736,external,WX-MCS-001
2026-05-05T00:00:00Z,REG-NORTH,WXS-NORTH-01,5.97,12.7,9.26,9.64,10.13,1.396,low,69.81,0,false,46.29,7.33,12.85,14.845,1018.12,0.075,0.056,-0.52,-1.97,0.09,-0.01,external,WX-MCS-001
2026-05-05T00:00:00Z,REG-CENTRAL,WXS-CENTRAL-01,9.24,17.34,13.21,13.18,13.62,2.777,low,56.72,0,false,33.82,8.99,19.38,,1016.3,-0.047,-0.035,0.64,-1.42,-0.01,,external,WX-MCS-001
2026-05-06T00:00:00Z,REG-COASTAL,WXS-COASTAL-01,15.46,20.91,18.13,18.31,19.1,4.353,moderate,72.76,7.74,true,69.02,4.08,17.83,23.31,1006.25,1.694,1.27,-0.27,5.3,1.13,0.759,external,WX-MCS-001
2026-05-06T00:00:00Z,REG-SOUTH,WXS-SOUTH-01,16.84,24.57,20.63,20.86,21.22,5.158,moderate,61.96,0,false,38.93,8.86,16.09,24.65,1010.04,1.392,1.044,-4.24,-1.75,1.59,0.759,external,WX-MCS-001
2026-05-06T00:00:00Z,REG-DELTA,WXS-DELTA-01,20.56,25.87,23.16,23.55,24.46,4.869,moderate,82.11,7.53,true,73.17,3.29,18.37,26.154,1006.63,1.112,0.834,2.73,3.64,0.47,0.759,external,WX-MCS-001
2026-05-06T00:00:00Z,REG-ISLAND,WXS-ISLAND-01,19.85,26.22,22.97,23.18,24.01,5.313,moderate,74.68,9.22,true,64.26,4.58,18.33,26.829,1008.6,1.312,0.984,0.84,5.99,0.69,0.759,external,WX-MCS-001
2026-05-06T00:00:00Z,REG-NORTH,WXS-NORTH-01,6.1,12.9,9.43,9.57,10.23,1.454,low,67.78,0,false,46.47,7.32,16.95,14.85,1018.31,0.077,0.058,1.14,-1.97,0.09,-0.011,external,WX-MCS-001
2026-05-06T00:00:00Z,REG-CENTRAL,WXS-CENTRAL-01,9.52,17.39,13.37,13.45,13.8,2.795,low,57.25,0,false,36.29,8.67,16.43,,1016.5,-0.052,-0.039,-0.26,-1.42,-0.01,,external,WX-MCS-001
2026-05-07T00:00:00Z,REG-COASTAL,WXS-COASTAL-01,15.1,22.39,18.68,19.31,19.59,5.519,moderate,71.08,0,false,32.28,9.91,15.14,23.336,1012.66,1.715,1.286,-3.11,-2.44,1.96,0.782,external,WX-MCS-001
2026-05-07T00:00:00Z,REG-SOUTH,WXS-SOUTH-01,17.13,24.67,20.83,21.29,21.44,5.316,moderate,62.52,0,false,33.32,9.66,13.58,24.679,1011.78,1.44,1.08,-2.62,-1.75,1.64,0.782,external,WX-MCS-001
2026-05-07T00:00:00Z,REG-DELTA,WXS-DELTA-01,20.18,27.36,23.7,24.38,24.84,5.881,moderate,77.6,0,false,42.66,8.25,13.03,26.189,1011.04,1.098,0.823,-1.65,-3.89,1.25,0.782,external,WX-MCS-001
2026-05-07T00:00:00Z,REG-ISLAND,WXS-ISLAND-01,20.09,27.01,23.48,23.92,24.49,6.226,high,73.79,0,false,45.13,8.05,15.76,26.859,1014.08,1.428,1.071,-3.86,-3.23,1.63,0.782,external,WX-MCS-001
2026-05-07T00:00:00Z,REG-NORTH,WXS-NORTH-01,7.16,11.78,9.42,9.42,10.43,0.466,low,73.84,3.63,true,79.87,1.98,22.46,14.856,1013.44,0.078,0.059,4.49,1.66,-0.71,-0.013,external,WX-MCS-001
2026-05-07T00:00:00Z,REG-CENTRAL,WXS-CENTRAL-01,9.7,17.35,13.45,13.42,13.92,2.77,low,58.36,0,false,41.56,7.97,17.34,,1015.72,-0.047,-0.035,0.24,-1.42,-0.01,,external,WX-MCS-001
2026-05-08T00:00:00Z,REG-COASTAL,WXS-COASTAL-01,14.9,23.39,19.06,19.78,19.79,5.702,moderate,65.8,0,false,28.5,10.48,11.95,23.364,1012.21,1.821,1.366,-3.94,-2.44,2.08,0.805,external,WX-MCS-001
2026-05-08T00:00:00Z,REG-SOUTH,WXS-SOUTH-01,16.95,25.16,20.97,21.38,21.45,5.409,moderate,58.54,0,false,30.21,10.11,13.89,24.709,1011.66,1.463,1.097,-4.13,-1.75,1.67,0.805,external,WX-MCS-001
2026-05-08T00:00:00Z,REG-DELTA,WXS-DELTA-01,21.32,25.58,23.41,23.88,24.71,4.836,moderate,82.34,11.55,true,75.06,3.02,16.59,26.224,1007.49,1.047,0.785,3.38,7.66,0.4,0.805,external,WX-MCS-001
2026-05-08T00:00:00Z,REG-ISLAND,WXS-ISLAND-01,20.47,25.9,23.13,23.24,24.24,5.352,moderate,76.88,8.65,true,70.31,3.81,21.69,26.89,1010.14,1.422,1.067,0.71,5.42,0.82,0.805,external,WX-MCS-001
2026-05-08T00:00:00Z,REG-NORTH,WXS-NORTH-01,6.37,13.19,9.71,10.01,10.49,1.728,low,67.18,0,false,38.62,8.42,16.32,14.862,1017.95,0.086,0.064,-0.05,-1.97,0.1,-0.014,external,WX-MCS-001
2026-05-08T00:00:00Z,REG-CENTRAL,WXS-CENTRAL-01,9.82,16.92,13.3,13.22,13.81,2.825,low,59.62,0,false,41.95,7.93,19.17,,1014.64,-0.052,-0.039,0.51,-1.42,-0.01,,external,WX-MCS-001
2026-05-09T00:00:00Z,REG-COASTAL,WXS-COASTAL-01,15.08,23.26,19.09,19.79,19.91,5.601,moderate,68.47,0,false,30.44,10.18,12.98,23.391,1012.23,1.687,1.265,-4.08,-2.44,1.93,0.828,external,WX-MCS-001
2026-05-09T00:00:00Z,REG-SOUTH,WXS-SOUTH-01,17.28,25.26,21.19,21.54,21.78,5.35,moderate,61.83,0,false,35.76,9.38,14.86,24.739,1013.39,1.49,1.118,-3.9,-1.75,1.7,0.828,external,WX-MCS-001
2026-05-09T00:00:00Z,REG-DELTA,WXS-DELTA-01,20.5,27.75,24.05,24.49,25.16,5.946,moderate,76.48,0,false,43.94,8.12,17.49,26.259,1011.98,1.141,0.856,-3.03,-3.89,1.3,0.828,external,WX-MCS-001
2026-05-09T00:00:00Z,REG-ISLAND,WXS-ISLAND-01,19.46,27.63,23.46,24.09,24.34,6.641,high,70.08,0,false,28.92,10.32,16.14,26.921,1015.31,1.497,1.123,-3.79,-3.23,1.71,0.828,external,WX-MCS-001
2026-05-09T00:00:00Z,REG-NORTH,WXS-NORTH-01,6.29,13.2,9.67,10.01,10.53,1.685,low,69.51,0,false,44.44,7.64,14.47,14.868,1018.08,0.08,0.06,-0.09,-1.97,0.09,-0.016,external,WX-MCS-001
2026-05-09T00:00:00Z,REG-CENTRAL,WXS-CENTRAL-01,9.43,17.57,13.42,13.55,13.85,2.938,low,57.35,0,false,39.18,8.32,14.29,,1014.68,-0.053,-0.04,-0.47,-1.42,-0.01,,external,WX-MCS-001
2026-05-10T00:00:00Z,REG-COASTAL,WXS-COASTAL-01,16.07,23.25,19.59,20.09,20.35,5.712,moderate,66.56,0,false,36.96,9.41,14.33,23.419,1012.29,1.949,1.462,-5.42,-2.44,2.23,0.851,external,WX-MCS-001
2026-05-10T00:00:00Z,REG-SOUTH,WXS-SOUTH-01,17.62,25.55,21.5,21.82,21.99,5.595,moderate,58.79,0,false,30.1,10.23,16.42,24.769,1010.62,1.653,1.24,-4.35,-1.75,1.89,0.851,external,WX-MCS-001
2026-05-10T00:00:00Z,REG-DELTA,WXS-DELTA-01,20.71,28.05,24.31,24.95,25.34,6.101,high,74.54,0,false,41.25,8.54,12.97,26.294,1012.48,1.242,0.931,-2.83,-3.89,1.42,0.851,external,WX-MCS-001
2026-05-10T00:00:00Z,REG-ISLAND,WXS-ISLAND-01,20.83,26.09,23.41,23.42,24.45,5.522,moderate,74.85,14.35,true,72.05,3.65,22.76,26.952,1011.37,1.585,1.189,0.55,11.12,1.01,0.851,external,WX-MCS-001
2026-05-10T00:00:00Z,REG-NORTH,WXS-NORTH-01,6.94,11.92,9.38,9.49,10.31,0.742,low,71.58,6.01,true,75.77,2.56,18.86,14.874,1012.83,0.087,0.065,4.82,4.04,-0.7,-0.017,external,WX-MCS-001
2026-05-10T00:00:00Z,REG-CENTRAL,WXS-CENTRAL-01,10.66,15.37,12.97,12.44,13.7,1.887,low,65.97,6.46,true,76.02,2.48,29.92,,1010.42,-0.055,-0.041,4.88,5.04,-0.81,,external,WX-MCS-001
2026-05-11T00:00:00Z,REG-COASTAL,WXS-COASTAL-01,15.79,24.06,19.84,20.67,20.67,5.897,moderate,68.63,0,false,27.02,10.77,10.82,23.447,1010.59,1.916,1.437,-4.28,-2.44,2.19,0.874,external,WX-MCS-001
2026-05-11T00:00:00Z,REG-SOUTH,WXS-SOUTH-01,17.48,25.46,21.39,21.85,21.96,5.559,moderate,61.15,0,false,30.92,10.11,14.13,24.8,1012.78,1.596,1.197,-4.46,-1.75,1.83,0.874,external,WX-MCS-001
2026-05-11T00:00:00Z,REG-DELTA,WXS-DELTA-01,21.58,26.28,23.88,24.01,25.11,5.008,moderate,80.14,15.13,true,79.1,2.56,23.11,26.33,1007.76,1.247,0.936,1.17,11.24,0.63,0.874,external,WX-MCS-001
2026-05-11T00:00:00Z,REG-ISLAND,WXS-ISLAND-01,20.09,27.6,23.77,24.08,24.58,6.593,high,68.13,0,false,41.8,8.63,17.01,26.983,1014.79,1.629,1.221,-4.7,-3.23,1.87,0.874,external,WX-MCS-001
2026-05-11T00:00:00Z,REG-NORTH,WXS-NORTH-01,6.57,12.13,9.3,9.44,10.24,0.854,low,71.84,9.76,true,73.38,2.89,18.13,14.879,1013.22,0.088,0.066,4.12,7.78,-0.7,-0.018,external,WX-MCS-001
2026-05-11T00:00:00Z,REG-CENTRAL,WXS-CENTRAL-01,10.03,15.99,12.95,12.77,13.65,2.079,low,64.97,4.35,true,68.71,3.49,21.48,,1009.69,-0.055,-0.042,5.6,2.93,-0.81,,external,WX-MCS-001
2026-05-12T00:00:00Z,REG-COASTAL,WXS-COASTAL-01,17.09,22.46,19.72,19.75,20.63,4.81,moderate,70.8,9.52,true,69.4,4.21,20.26,23.476,1004.84,2.045,1.534,-0.72,7.08,1.55,0.896,external,WX-MCS-001
2026-05-12T00:00:00Z,REG-SOUTH,WXS-SOUTH-01,17.96,25.87,21.83,22.25,22.44,5.532,moderate,62.32,0,false,36.2,9.43,13.74,24.831,1012.86,1.656,1.242,-3.81,-1.75,1.9,0.896,external,WX-MCS-001
2026-05-12T00:00:00Z,REG-DELTA,WXS-DELTA-01,21.52,26.61,24.01,24.27,25.28,5.259,moderate,81.28,18.94,true,69.83,3.86,21.01,26.365,1007.61,1.311,0.983,1.33,15.05,0.7,0.896,external,WX-MCS-001
2026-05-12T00:00:00Z,REG-ISLAND,WXS-ISLAND-01,20.2,27.2,23.63,24.27,24.57,6.707,high,71.89,0,false,37.09,9.28,13.67,27.014,1014.92,1.606,1.205,-4.13,-3.23,1.84,0.896,external,WX-MCS-001
2026-05-12T00:00:00Z,REG-NORTH,WXS-NORTH-01,6.9,12.09,9.44,9.57,10.47,0.901,low,74.41,10.4,true,74.56,2.74,19.82,14.885,1011.64,0.089,0.067,4.26,8.42,-0.7,-0.02,external,WX-MCS-001
2026-05-12T00:00:00Z,REG-CENTRAL,WXS-CENTRAL-01,9.76,17.14,13.38,13.58,13.93,3.124,moderate,60.8,0,false,38.99,8.39,14.68,,1014.32,-0.054,-0.041,0.91,-1.42,-0.01,,external,WX-MCS-001
2026-05-13T00:00:00Z,REG-COASTAL,WXS-COASTAL-01,16.53,24.17,20.27,20.88,21.09,5.868,moderate,68.36,0,false,33.74,9.9,14.36,23.505,1011.91,1.962,1.472,-5.34,-2.44,2.25,0.919,external,WX-MCS-001
2026-05-13T00:00:00Z,REG-SOUTH,WXS-SOUTH-01,18.92,24.7,21.75,21.75,22.41,4.747,moderate,63.7,8.78,true,61.18,5.24,16.92,24.862,1007.69,1.778,1.334,-0.31,7.02,1.24,0.919,external,WX-MCS-001
2026-05-13T00:00:00Z,REG-DELTA,WXS-DELTA-01,21.04,28.52,24.7,25.47,25.74,6.516,high,74.63,0,false,30.85,10.07,14.8,26.401,1013.88,1.396,1.047,-3.22,-3.89,1.6,0.919,external,WX-MCS-001
2026-05-13T00:00:00Z,REG-ISLAND,WXS-ISLAND-01,20.86,26.34,23.54,23.46,24.5,5.763,moderate,72.44,4.59,true,74.52,3.41,23.54,27.046,1009.13,1.78,1.335,-0.59,1.36,1.24,0.919,external,WX-MCS-001
2026-05-13T00:00:00Z,REG-NORTH,WXS-NORTH-01,6.23,13.62,9.85,10.09,10.6,2.085,low,66.37,0,false,37.53,8.64,17.64,14.891,1017.17,0.088,0.066,-0.13,-1.97,0.1,-0.021,external,WX-MCS-001
2026-05-13T00:00:00Z,REG-CENTRAL,WXS-CENTRAL-01,9.8,17.27,13.46,13.49,14.05,3.227,moderate,61.92,0,false,36.33,8.77,20.37,,1012.56,-0.058,-0.043,-0.81,-1.42,-0.01,,external,WX-MCS-001
2026-05-14T00:00:00Z,REG-COASTAL,WXS-COASTAL-01,16.69,24.39,20.46,21.01,21.25,6,high,67.32,0,false,33.9,9.94,15.3,23.534,1012.98,2.107,1.58,-5.35,-2.44,2.42,0.941,external,WX-MCS-001
2026-05-14T00:00:00Z,REG-SOUTH,WXS-SOUTH-01,18.19,26.15,22.09,22.51,22.62,5.737,moderate,60.08,0,false,31.67,10.12,14.53,24.894,1013.08,1.754,1.316,-4.97,-1.75,2.02,0.941,external,WX-MCS-001
2026-05-14T00:00:00Z,REG-DELTA,WXS-DELTA-01,21.44,28.26,24.78,25.45,25.84,6.361,high,75.09,0,false,41.69,8.59,13.03,26.437,1014.62,1.392,1.044,-3.23,-3.89,1.6,0.941,external,WX-MCS-001
2026-05-14T00:00:00Z,REG-ISLAND,WXS-ISLAND-01,20.35,27.46,23.83,24.4,24.68,6.968,high,69.24,0,false,33.72,9.83,15.58,27.077,1014.2,1.738,1.304,-4.46,-3.23,2,0.941,external,WX-MCS-001
2026-05-14T00:00:00Z,REG-NORTH,WXS-NORTH-01,7.07,11.94,9.46,9.43,10.38,1.016,low,71.44,3.82,true,75.91,2.56,21.69,14.897,1010.59,0.094,0.071,4.34,1.85,-0.69,-0.022,external,WX-MCS-001
2026-05-14T00:00:00Z,REG-CENTRAL,WXS-CENTRAL-01,10.16,16.21,13.13,12.99,13.88,2.268,low,66.52,2.32,true,67.65,3.66,21.51,,1008.82,-0.058,-0.044,4.43,0.9,-0.81,,external,WX-MCS-001
2026-05-15T00:00:00Z,REG-COASTAL,WXS-COASTAL-01,17.5,23.1,20.24,20.55,21.14,5.027,moderate,70.66,3.37,true,65.62,4.79,13.99,23.563,1007.98,2.136,1.602,-1.24,0.93,1.66,0.963,external,WX-MCS-001
2026-05-15T00:00:00Z,REG-SOUTH,WXS-SOUTH-01,18.11,26.96,22.44,22.95,22.97,5.868,moderate,59.95,0,false,28.82,10.55,13.69,24.926,1014.47,1.824,1.368,-4.25,-1.75,2.1,0.963,external,WX-MCS-001
2026-05-15T00:00:00Z,REG-DELTA,WXS-DELTA-01,21.35,27.94,24.58,25.22,25.78,6.354,high,79.19,0,false,40.21,8.77,16.34,26.473,1013.38,1.285,0.964,-2.86,-3.89,1.48,0.963,external,WX-MCS-001
2026-05-15T00:00:00Z,REG-ISLAND,WXS-ISLAND-01,20.77,26.04,23.35,23.45,24.37,5.985,moderate,74.05,14.92,true,70.62,3.98,20.49,27.107,1009.97,1.842,1.382,-0.5,11.68,1.32,0.963,external,WX-MCS-001
2026-05-15T00:00:00Z,REG-NORTH,WXS-NORTH-01,6.2,13.57,9.81,10.13,10.62,2.08,low,68.29,0,false,45.62,7.55,13.88,14.904,1015.56,0.096,0.072,0.78,-1.97,0.11,-0.023,external,WX-MCS-001
2026-05-15T00:00:00Z,REG-CENTRAL,WXS-CENTRAL-01,9.55,17.27,13.33,13.53,13.92,3.377,moderate,61.61,0,false,33.93,9.12,17.47,,1012.33,-0.06,-0.045,0.58,-1.42,-0.01,,external,WX-MCS-001
2026-05-16T00:00:00Z,REG-COASTAL,WXS-COASTAL-01,17.88,23.01,20.39,20.54,21.33,4.888,moderate,71.79,4.6,true,74.73,3.53,18.08,23.592,1009.03,2.136,1.602,-0.76,2.16,1.66,0.986,external,WX-MCS-001
2026-05-16T00:00:00Z,REG-SOUTH,WXS-SOUTH-01,18.6,26.33,22.38,22.91,23.04,5.836,moderate,63.76,0,false,35.16,9.71,13.11,24.958,1014.39,1.893,1.42,-3.68,-1.75,2.18,0.986,external,WX-MCS-001
2026-05-16T00:00:00Z,REG-DELTA,WXS-DELTA-01,21.66,28.3,24.91,25.56,25.93,6.541,high,74.09,0,false,40.57,8.8,13.37,26.509,1013.52,1.477,1.108,-3.71,-3.89,1.7,0.986,external,WX-MCS-001
2026-05-16T00:00:00Z,REG-ISLAND,WXS-ISLAND-01,19.94,27.71,23.75,24.39,24.54,7.246,high,67.74,0,false,27.83,10.7,15.6,27.138,1012.45,1.821,1.366,-4.51,-3.23,2.1,0.986,external,WX-MCS-001
2026-05-16T00:00:00Z,REG-NORTH,WXS-NORTH-01,6.66,12.39,9.47,9.46,10.47,1.303,low,73.74,6.25,true,67.31,3.76,22.52,14.91,1010.76,0.092,0.069,4.69,4.28,-0.69,-0.024,external,WX-MCS-001
2026-05-16T00:00:00Z,REG-CENTRAL,WXS-CENTRAL-01,9.71,17.8,13.67,13.71,14.06,3.371,moderate,56.24,0,false,37,8.71,16.82,,1011.67,-0.061,-0.046,-1.18,-1.42,-0.01,,external,WX-MCS-001
2026-05-17T00:00:00Z,REG-COASTAL,WXS-COASTAL-01,17.15,24.95,20.97,21.53,21.75,6.081,high,67.48,0,false,36.78,9.61,14.02,23.622,1014.26,2.183,1.637,-6.12,-2.44,2.52,1.007,external,WX-MCS-001
2026-05-17T00:00:00Z,REG-SOUTH,WXS-SOUTH-01,18.91,26.57,22.66,23.03,23.14,5.951,moderate,58.75,0,false,28.25,10.66,16.39,24.99,1014.74,1.838,1.378,-3.95,-1.75,2.12,1.007,external,WX-MCS-001
2026-05-17T00:00:00Z,REG-DELTA,WXS-DELTA-01,22.29,26.84,24.52,24.79,25.72,5.542,moderate,79.33,12.22,true,74.64,3.3,19.58,26.545,1007.29,1.493,1.119,0.75,8.33,0.92,1.007,external,WX-MCS-001
2026-05-17T00:00:00Z,REG-ISLAND,WXS-ISLAND-01,20.89,25.99,23.38,23.54,24.5,6.08,high,76.93,4.3,true,71.91,3.82,20.7,27.169,1006.96,1.849,1.386,0.2,1.06,1.33,1.007,external,WX-MCS-001
2026-05-17T00:00:00Z,REG-NORTH,WXS-NORTH-01,6.97,11.95,9.41,9.47,10.41,1.244,low,73.57,10.93,true,74.72,2.75,21.03,14.916,1012.27,0.105,0.078,4.29,8.95,-0.68,-0.025,external,WX-MCS-001
2026-05-17T00:00:00Z,REG-CENTRAL,WXS-CENTRAL-01,10.37,17.27,13.75,13.78,14.32,3.382,moderate,61.33,0,false,39,8.45,19.06,,1011.21,-0.062,-0.047,-0.13,-1.42,-0.01,,external,WX-MCS-001
2026-05-18T00:00:00Z,REG-COASTAL,WXS-COASTAL-01,17.73,25.15,21.37,21.85,22.17,6.243,high,68,0,false,35.93,9.81,16.63,23.652,1013.07,2.345,1.759,-5.86,-2.44,2.7,1.029,external,WX-MCS-001
2026-05-18T00:00:00Z,REG-SOUTH,WXS-SOUTH-01,18.82,26.92,22.79,23.29,23.36,6.031,high,61.16,0,false,31.45,10.29,13.77,25.022,1015.36,1.975,1.481,-5.37,-1.75,2.28,1.029,external,WX-MCS-001
2026-05-18T00:00:00Z,REG-DELTA,WXS-DELTA-01,21.92,27.21,24.51,24.63,25.66,5.559,moderate,77.9,16.87,true,77.89,2.86,21.94,26.581,1008.85,1.519,1.139,-0.01,12.98,0.95,1.029,external,WX-MCS-001
2026-05-18T00:00:00Z,REG-ISLAND,WXS-ISLAND-01,20.81,26.15,23.43,23.42,24.47,6.272,high,74.98,15.61,true,66.2,4.63,23.12,27.199,1007.14,1.89,1.418,0.05,12.38,1.38,1.029,external,WX-MCS-001
2026-05-18T00:00:00Z,REG-NORTH,WXS-NORTH-01,6.65,13.66,10.09,10.57,11.03,2.359,low,72.1,0,false,41.29,8.19,14.06,14.922,1013.42,0.104,0.078,0.86,-1.97,0.12,-0.026,external,WX-MCS-001
2026-05-18T00:00:00Z,REG-CENTRAL,WXS-CENTRAL-01,10.17,17.96,13.99,14.18,14.55,3.438,moderate,61.08,0,false,38.37,8.54,15.51,,1012.19,-0.065,-0.049,0.14,-1.42,-0.01,,external,WX-MCS-001
2026-05-19T00:00:00Z,REG-COASTAL,WXS-COASTAL-01,17.78,25.74,21.68,22.55,22.55,6.399,high,69.63,0,false,28.2,10.89,8.98,23.682,1013.91,2.333,1.75,-5.47,-2.44,2.69,1.05,external,WX-MCS-001
2026-05-19T00:00:00Z,REG-SOUTH,WXS-SOUTH-01,19.11,27.05,23,23.41,23.58,6.105,high,61.55,0,false,34.8,9.88,14.88,25.055,1014.23,2.103,1.577,-5.45,-1.75,2.43,1.05,external,WX-MCS-001
2026-05-19T00:00:00Z,REG-DELTA,WXS-DELTA-01,21.17,28.6,24.81,25.36,25.93,6.746,high,76.83,0,false,40.28,8.89,17.39,26.617,1012.98,1.52,1.14,-4.37,-3.89,1.76,1.05,external,WX-MCS-001
2026-05-19T00:00:00Z,REG-ISLAND,WXS-ISLAND-01,20.28,27.67,23.9,24.48,24.84,7.447,high,71.74,0,false,34.98,9.83,16.67,27.229,1011.74,2.029,1.521,-4.3,-3.23,2.34,1.05,external,WX-MCS-001
2026-05-19T00:00:00Z,REG-NORTH,WXS-NORTH-01,6.92,13.29,10.04,10.43,10.99,2.372,low,71.98,0,false,44.19,7.8,15.22,14.929,1014.94,0.108,0.081,0.31,-1.97,0.12,-0.027,external,WX-MCS-001
2026-05-19T00:00:00Z,REG-CENTRAL,WXS-CENTRAL-01,10.17,18.01,14.01,14.21,14.49,3.493,moderate,58.63,0,false,37.6,8.66,14.54,,1013.98,-0.068,-0.051,0.31,-1.42,-0.01,,external,WX-MCS-001
2026-05-20T00:00:00Z,REG-COASTAL,WXS-COASTAL-01,18.06,26.07,21.99,22.75,22.68,6.545,high,64.8,0,false,28.3,10.95,11.17,23.712,1015.35,2.495,1.871,-6.39,-2.44,2.88,1.071,external,WX-MCS-001
2026-05-20T00:00:00Z,REG-SOUTH,WXS-SOUTH-01,19.12,25.78,22.38,22.22,23.02,5.133,moderate,63.18,7.75,true,60.64,5.45,20.09,25.087,1009.92,1.973,1.48,-1.17,5.99,1.48,1.071,external,WX-MCS-001
2026-05-20T00:00:00Z,REG-DELTA,WXS-DELTA-01,21.48,28.69,25.01,25.73,26.1,6.895,high,76.13,0,false,37.88,9.26,14.27,26.652,1013.62,1.58,1.185,-3.01,-3.89,1.83,1.071,external,WX-MCS-001
2026-05-20T00:00:00Z,REG-ISLAND,WXS-ISLAND-01,20.33,27.43,23.81,24.42,24.75,7.557,high,71.63,0,false,34.42,9.94,16.24,27.259,1013.97,2.082,1.561,-4.61,-3.23,2.41,1.071,external,WX-MCS-001
2026-05-20T00:00:00Z,REG-NORTH,WXS-NORTH-01,7.49,12.48,9.94,9.87,10.91,1.434,low,72.86,1.97,true,74.71,2.76,23.4,14.935,1009.26,0.11,0.082,4.28,0,-0.67,-0.028,external,WX-MCS-001
2026-05-20T00:00:00Z,REG-CENTRAL,WXS-CENTRAL-01,10.36,17.94,14.07,14.13,14.58,3.501,moderate,59.33,0,false,39.54,8.41,17.2,,1012.58,-0.067,-0.05,-0.43,-1.42,-0.01,,external,WX-MCS-001
2026-05-21T00:00:00Z,REG-COASTAL,WXS-COASTAL-01,17.79,25.97,21.8,22.59,22.68,6.47,high,70.32,0,false,30.22,10.66,13.36,23.742,1015.53,2.405,1.803,-5.39,-2.44,2.78,1.091,external,WX-MCS-001
2026-05-21T00:00:00Z,REG-SOUTH,WXS-SOUTH-01,18.45,27.43,22.85,23.45,23.31,6.319,high,58.12,0,false,25.14,11.23,12.65,25.12,1015.42,2.043,1.532,-5.23,-1.75,2.36,1.091,external,WX-MCS-001
2026-05-21T00:00:00Z,REG-DELTA,WXS-DELTA-01,21.44,28.79,25.04,25.59,26.17,6.918,high,77.27,0,false,41.76,8.75,17.29,26.687,1013.13,1.619,1.214,-3.82,-3.89,1.87,1.091,external,WX-MCS-001
2026-05-21T00:00:00Z,REG-ISLAND,WXS-ISLAND-01,20.75,26.34,23.49,23.54,24.52,6.681,high,74.66,8.78,true,59.68,5.61,21.84,27.289,1007.49,2.04,1.53,-0.05,5.55,1.56,1.091,external,WX-MCS-001
2026-05-21T00:00:00Z,REG-NORTH,WXS-NORTH-01,7.15,12.65,9.85,9.85,10.84,1.514,low,73.32,5.81,true,73.49,2.94,22.18,14.942,1007.93,0.109,0.082,5.29,3.83,-0.67,-0.029,external,WX-MCS-001
2026-05-21T00:00:00Z,REG-CENTRAL,WXS-CENTRAL-01,11.38,16.65,13.96,13.81,14.68,2.492,low,65.45,5.92,true,72.59,3.01,21.18,,1009.58,-0.071,-0.053,4.93,4.5,-0.81,,external,WX-MCS-001
2026-05-22T00:00:00Z,REG-COASTAL,WXS-COASTAL-01,18.16,26.04,22.02,22.93,22.83,6.663,high,68.26,0,false,24.89,11.45,11.01,23.772,1014.36,2.495,1.871,-7.27,-2.44,2.89,1.112,external,WX-MCS-001
2026-05-22T00:00:00Z,REG-SOUTH,WXS-SOUTH-01,19.25,26.06,22.59,22.58,23.21,5.407,moderate,62.82,4.19,true,58.3,5.86,16.57,25.152,1010.91,2.161,1.62,-0.83,2.43,1.7,1.112,external,WX-MCS-001
2026-05-22T00:00:00Z,REG-DELTA,WXS-DELTA-01,22.07,27.48,24.72,24.95,25.86,6.064,high,77.48,15.79,true,73.07,3.64,19.34,26.722,1008.48,1.743,1.307,0.47,11.9,1.22,1.112,external,WX-MCS-001
2026-05-22T00:00:00Z,REG-ISLAND,WXS-ISLAND-01,20.31,28.03,24.09,24.7,25,7.635,high,70.84,0,false,39.99,9.22,13.62,27.318,1010.8,2.159,1.62,-5.7,-3.23,2.5,1.112,external,WX-MCS-001
2026-05-22T00:00:00Z,REG-NORTH,WXS-NORTH-01,7.07,14.2,10.56,10.95,11.41,2.537,low,69.18,0,false,44.77,7.75,13.43,14.948,1014.05,0.109,0.081,-1.19,-1.97,0.13,-0.03,external,WX-MCS-001
2026-05-22T00:00:00Z,REG-CENTRAL,WXS-CENTRAL-01,10.72,18.12,14.35,14.35,14.96,3.447,moderate,62.56,0,false,46.92,7.4,17.29,,1012.06,-0.065,-0.049,0.09,-1.42,-0.01,,external,WX-MCS-001
2026-05-23T00:00:00Z,REG-COASTAL,WXS-COASTAL-01,18,26.51,22.17,22.95,22.99,6.73,high,68.41,0,false,29.64,10.87,13.16,23.802,1014.6,2.659,1.994,-6.96,-2.44,3.08,1.131,external,WX-MCS-001
2026-05-23T00:00:00Z,REG-SOUTH,WXS-SOUTH-01,19.47,27,23.16,23.56,23.68,6.491,high,59.95,0,false,27.93,10.93,17.11,25.185,1015.39,2.209,1.656,-6.03,-1.75,2.56,1.131,external,WX-MCS-001
2026-05-23T00:00:00Z,REG-DELTA,WXS-DELTA-01,21.85,28.56,25.14,25.49,26.15,7.057,high,74.02,0,false,45.03,8.34,18.53,26.757,1010.76,1.703,1.277,-4.96,-3.89,1.97,1.131,external,WX-MCS-001
2026-05-23T00:00:00Z,REG-ISLAND,WXS-ISLAND-01,19.96,27.62,23.71,24.29,24.56,7.885,high,69.19,0,false,28.43,10.83,18.16,27.346,1011.65,2.136,1.602,-4.98,-3.23,2.47,1.131,external,WX-MCS-001
2026-05-23T00:00:00Z,REG-NORTH,WXS-NORTH-01,7.49,14.28,10.82,11.19,11.59,2.593,low,67.2,0,false,44.65,7.77,12.81,14.955,1014.25,0.109,0.082,-1.21,-1.97,0.13,-0.031,external,WX-MCS-001
2026-05-23T00:00:00Z,REG-CENTRAL,WXS-CENTRAL-01,10.78,18.44,14.53,14.76,15.12,3.631,moderate,61.6,0,false,38.52,8.58,15.1,,1012.89,-0.069,-0.052,0.64,-1.42,-0.01,,external,WX-MCS-001
2026-05-24T00:00:00Z,REG-COASTAL,WXS-COASTAL-01,17.97,26.24,22.03,22.56,22.77,6.707,high,66.17,0,false,31.77,10.57,16.55,23.832,1014.87,2.636,1.977,-7.01,-2.44,3.06,1.151,external,WX-MCS-001
2026-05-24T00:00:00Z,REG-SOUTH,WXS-SOUTH-01,18.98,27.72,23.26,23.94,23.78,6.727,high,59.64,0,false,24.45,11.49,12.48,25.217,1015.89,2.369,1.777,-5.75,-1.75,2.75,1.151,external,WX-MCS-001
2026-05-24T00:00:00Z,REG-DELTA,WXS-DELTA-01,21.58,28.99,25.21,25.96,26.26,7.372,high,75.11,0,false,32.21,10.15,15.68,26.791,1012.84,1.722,1.292,-4.44,-3.89,2,1.151,external,WX-MCS-001
2026-05-24T00:00:00Z,REG-ISLAND,WXS-ISLAND-01,20.44,26.26,23.29,23.22,24.32,6.727,high,74.41,6.78,true,68.32,4.44,24.39,27.375,1007.25,2.071,1.553,-0.03,3.54,1.6,1.151,external,WX-MCS-001
2026-05-24T00:00:00Z,REG-NORTH,WXS-NORTH-01,7.3,14.54,10.85,11.06,11.68,2.665,low,68.73,0,false,43.71,7.92,17.59,14.962,1013.79,0.114,0.086,-0.64,-1.97,0.13,-0.031,external,WX-MCS-001
2026-05-24T00:00:00Z,REG-CENTRAL,WXS-CENTRAL-01,11.21,18.58,14.82,15.07,15.46,3.672,moderate,63.21,0,false,38.01,8.66,15.73,,1013.85,-0.072,-0.054,0.96,-1.42,-0.01,,external,WX-MCS-001
2026-05-25T00:00:00Z,REG-COASTAL,WXS-COASTAL-01,18.27,25.99,22.05,22.87,22.87,6.688,high,68.24,0,false,28.92,10.92,12.66,23.862,1017.36,2.496,1.872,-6.49,-2.44,2.9,1.169,external,WX-MCS-001
2026-05-25T00:00:00Z,REG-SOUTH,WXS-SOUTH-01,19.05,27.65,23.26,23.63,23.77,6.646,high,59.41,0,false,29.49,10.77,17.2,25.249,1015.6,2.306,1.729,-6.27,-1.75,2.67,1.169,external,WX-MCS-001
2026-05-25T00:00:00Z,REG-DELTA,WXS-DELTA-01,21.73,28.59,25.09,25.7,26.22,7.324,high,77.28,0,false,41.74,8.86,16.37,26.825,1011.21,1.792,1.344,-4.58,-3.89,2.08,1.169,external,WX-MCS-001
2026-05-25T00:00:00Z,REG-ISLAND,WXS-ISLAND-01,20.79,26.13,23.4,23.48,24.58,6.834,high,78.62,11.85,true,70.73,4.15,23.46,27.402,1004.62,2.195,1.646,0,8.61,1.75,1.169,external,WX-MCS-001
2026-05-25T00:00:00Z,REG-NORTH,WXS-NORTH-01,7.36,14.25,10.73,11.17,11.61,2.777,low,70.13,0,false,40.24,8.41,14.8,14.969,1013.51,0.114,0.086,0.04,-1.97,0.13,-0.032,external,WX-MCS-001
2026-05-25T00:00:00Z,REG-CENTRAL,WXS-CENTRAL-01,11.1,18.79,14.87,14.87,15.37,3.61,moderate,59.38,0,false,43.37,7.92,17.07,,1014.9,-0.071,-0.053,-1.29,-1.42,-0.01,,external,WX-MCS-001
2026-05-26T00:00:00Z,REG-COASTAL,WXS-COASTAL-01,18.53,26.59,22.48,23.23,23.16,6.901,high,64.44,0,false,26.17,11.39,13.24,23.892,1015.92,2.665,1.999,-6.56,-2.44,3.09,1.188,external,WX-MCS-001
2026-05-26T00:00:00Z,REG-SOUTH,WXS-SOUTH-01,19.39,27.3,23.27,23.64,23.77,6.678,high,59.51,0,false,33.6,10.23,15.5,25.281,1014.29,2.367,1.775,-5.82,-1.75,2.75,1.188,external,WX-MCS-001
2026-05-26T00:00:00Z,REG-DELTA,WXS-DELTA-01,22.34,27.53,24.89,25.12,26.12,6.284,high,80.16,20.22,true,78.77,2.88,20.69,26.859,1005.76,1.797,1.348,0.91,16.33,1.29,1.188,external,WX-MCS-001
2026-05-26T00:00:00Z,REG-ISLAND,WXS-ISLAND-01,20.41,27.82,24.04,24.88,24.99,8.063,very-high,72.06,0,false,30.7,10.57,13.17,27.43,1011.19,2.198,1.649,-5.97,-3.23,2.55,1.188,external,WX-MCS-001
2026-05-26T00:00:00Z,REG-NORTH,WXS-NORTH-01,7.74,15.13,11.36,11.65,12.12,2.838,low,66.84,0,false,39.47,8.53,16.57,14.976,1013.77,0.116,0.087,-1.65,-1.97,0.14,-0.033,external,WX-MCS-001
2026-05-26T00:00:00Z,REG-CENTRAL,WXS-CENTRAL-01,11.41,19.45,15.35,15.53,15.92,3.762,moderate,61.25,0,false,36.69,8.86,16.71,,1015.72,-0.072,-0.054,-0.03,-1.42,-0.01,,external,WX-MCS-001
2026-05-27T00:00:00Z,REG-COASTAL,WXS-COASTAL-01,18.78,25.1,21.88,21.9,22.8,5.777,moderate,71.42,12.12,true,60.97,5.67,20.57,23.922,1012.35,2.55,1.912,-1.59,9.68,2.16,1.205,external,WX-MCS-001
2026-05-27T00:00:00Z,REG-SOUTH,WXS-SOUTH-01,19.12,27.83,23.39,23.96,23.87,6.974,high,58.59,0,false,20.09,12.13,16.03,25.312,1014.38,2.353,1.765,-5.66,-1.75,2.73,1.205,external,WX-MCS-001
2026-05-27T00:00:00Z,REG-DELTA,WXS-DELTA-01,21.9,28.73,25.24,26.06,26.36,7.544,high,76.92,0,false,38.73,9.3,12.61,26.892,1010.8,1.818,1.364,-4.01,-3.89,2.11,1.205,external,WX-MCS-001
2026-05-27T00:00:00Z,REG-ISLAND,WXS-ISLAND-01,20.91,28.12,24.45,25.24,25.36,8.281,very-high,71,0,false,27.3,11.11,15.12,27.456,1010.01,2.334,1.751,-6.13,-3.23,2.71,1.205,external,WX-MCS-001
2026-05-27T00:00:00Z,REG-NORTH,WXS-NORTH-01,8.17,14.73,11.39,11.77,12.33,2.797,low,71.93,0,false,44.43,7.84,15.32,14.984,1014.26,0.121,0.091,0.21,-1.97,0.14,-0.033,external,WX-MCS-001
2026-05-27T00:00:00Z,REG-CENTRAL,WXS-CENTRAL-01,12.82,17.75,15.23,15.12,15.86,2.684,low,63.02,2.52,true,73.36,2.93,19.04,,1009.09,-0.073,-0.055,5.56,1.1,-0.81,,external,WX-MCS-001
2026-05-28T00:00:00Z,REG-COASTAL,WXS-COASTAL-01,18.7,27.06,22.8,23.61,23.46,7.035,high,64.11,0,false,25.63,11.51,10.55,23.951,1016.61,2.723,2.043,-8.05,-2.44,3.17,1.223,external,WX-MCS-001
2026-05-28T00:00:00Z,REG-SOUTH,WXS-SOUTH-01,19.53,27.91,23.64,24.1,24.12,7.07,high,58.68,0,false,27.66,11.16,15.91,25.344,1014.61,2.576,1.932,-6.05,-1.75,2.99,1.223,external,WX-MCS-001
2026-05-28T00:00:00Z,REG-DELTA,WXS-DELTA-01,22.19,27.68,24.88,25.21,26.17,6.561,high,81.98,6.72,true,71.75,3.87,19.55,26.924,1005.85,1.802,1.352,0.55,2.83,1.29,1.223,external,WX-MCS-001
2026-05-28T00:00:00Z,REG-ISLAND,WXS-ISLAND-01,20.26,28.55,24.32,25.13,25.09,8.318,very-high,67.02,0,false,26.48,11.22,13.03,27.482,1011.8,2.293,1.72,-5.59,-3.23,2.67,1.223,external,WX-MCS-001
2026-05-28T00:00:00Z,REG-NORTH,WXS-NORTH-01,7.98,15.61,11.72,12.18,12.59,3.077,moderate,69.81,0,false,31.16,9.71,17.91,14.991,1013.24,0.12,0.09,-0.7,-1.97,0.14,-0.034,external,WX-MCS-001
2026-05-28T00:00:00Z,REG-CENTRAL,WXS-CENTRAL-01,12.25,19.42,15.76,15.74,16.27,3.724,moderate,59.31,0,false,42.28,8.09,18.17,,1014.84,-0.074,-0.055,0.83,-1.42,-0.01,,external,WX-MCS-001
2026-05-29T00:00:00Z,REG-COASTAL,WXS-COASTAL-01,19.01,26.66,22.76,23.45,23.52,6.956,high,66.9,0,false,35.09,10.21,12.56,23.981,1017.15,2.785,2.089,-7.79,-2.44,3.24,1.239,external,WX-MCS-001
2026-05-29T00:00:00Z,REG-SOUTH,WXS-SOUTH-01,19.93,27.81,23.79,24.07,24.35,7.018,high,60.86,0,false,34.16,10.26,18.42,25.375,1015.82,2.571,1.928,-5.99,-1.75,2.99,1.239,external,WX-MCS-001
2026-05-29T00:00:00Z,REG-DELTA,WXS-DELTA-01,21.78,28.84,25.24,26.03,26.3,7.804,high,75.16,0,false,33.2,10.1,14.73,26.956,1010.21,1.836,1.377,-4.83,-3.89,2.14,1.239,external,WX-MCS-001
2026-05-29T00:00:00Z,REG-ISLAND,WXS-ISLAND-01,21.17,26.85,23.95,23.99,25.05,7.173,high,76.35,17.32,true,65.94,4.86,23.03,27.508,1004.43,2.245,1.684,0.13,14.09,1.81,1.239,external,WX-MCS-001
2026-05-29T00:00:00Z,REG-NORTH,WXS-NORTH-01,8.26,15.52,11.82,12.14,12.6,2.955,low,67.38,0,false,40.26,8.44,15.83,14.999,1014.54,0.124,0.093,-0.51,-1.97,0.14,-0.034,external,WX-MCS-001
2026-05-29T00:00:00Z,REG-CENTRAL,WXS-CENTRAL-01,12.15,20.03,16.01,16.39,16.5,4.006,moderate,59.03,0,false,28.18,10.08,14.85,,1015.33,-0.077,-0.058,0.8,-1.42,-0.01,,external,WX-MCS-001
2026-05-30T00:00:00Z,REG-COASTAL,WXS-COASTAL-01,18.87,26.93,22.82,23.42,23.49,7.128,high,64.12,0,false,33.2,10.53,14.04,24.01,1015.38,2.906,2.179,-6.13,-2.44,3.38,1.255,external,WX-MCS-001
2026-05-30T00:00:00Z,REG-SOUTH,WXS-SOUTH-01,20,27.54,23.7,24.01,24.21,7.016,high,59.81,0,false,36.77,9.88,16.02,25.405,1014.44,2.536,1.902,-6.91,-1.75,2.95,1.255,external,WX-MCS-001
2026-05-30T00:00:00Z,REG-DELTA,WXS-DELTA-01,22.75,27.7,25.18,25.53,26.45,6.696,high,81.36,12.07,true,76.67,3.22,18.83,26.987,1006.74,1.903,1.427,0.26,8.18,1.41,1.255,external,WX-MCS-001
2026-05-30T00:00:00Z,REG-ISLAND,WXS-ISLAND-01,21.37,28.09,24.66,25.24,25.62,8.33,very-high,72.49,0,false,37.93,9.69,16.73,27.533,1010.49,2.45,1.837,-6.22,-3.23,2.85,1.255,external,WX-MCS-001
2026-05-30T00:00:00Z,REG-NORTH,WXS-NORTH-01,9.24,14.1,11.63,11.61,12.67,1.86,low,74.92,9.1,true,78.09,2.33,23.42,15.006,1008.99,0.122,0.091,5.56,7.12,-0.66,-0.034,external,WX-MCS-001
2026-05-30T00:00:00Z,REG-CENTRAL,WXS-CENTRAL-01,12.66,20.15,16.33,16.57,16.85,3.86,moderate,59.9,0,false,38.03,8.71,14.23,,1014.95,-0.078,-0.059,-0.61,-1.42,-0.01,,external,WX-MCS-001
2026-05-31T00:00:00Z,REG-COASTAL,WXS-COASTAL-01,18.7,26.94,22.74,23.64,23.5,7.26,high,66.81,0,false,24.95,11.66,10.41,24.039,1017.25,2.817,2.113,-6.79,-2.44,3.28,1.27,external,WX-MCS-001
2026-05-31T00:00:00Z,REG-SOUTH,WXS-SOUTH-01,19.44,28.2,23.73,24.1,24.19,7.347,high,58.07,0,false,25.58,11.5,18.6,25.435,1013.89,2.611,1.958,-7.11,-1.75,3.04,1.27,external,WX-MCS-001
2026-05-31T00:00:00Z,REG-DELTA,WXS-DELTA-01,22.2,29.53,25.79,26.68,26.89,8.018,very-high,76.36,0,false,36.32,9.75,11.64,27.018,1009.72,2,1.5,-5.7,-3.89,2.33,1.27,external,WX-MCS-001
2026-05-31T00:00:00Z,REG-ISLAND,WXS-ISLAND-01,21.38,28.96,25.09,25.86,25.99,8.407,very-high,70.77,0,false,36.03,9.96,12.16,27.557,1009.15,2.446,1.834,-5.11,-3.23,2.85,1.27,external,WX-MCS-001
2026-05-31T00:00:00Z,REG-NORTH,WXS-NORTH-01,8.88,15.97,12.36,12.83,13.27,2.964,low,71.11,0,false,43.92,7.94,13.07,15.014,1015.68,0.127,0.095,-0.67,-1.97,0.15,-0.035,external,WX-MCS-001
2026-05-31T00:00:00Z,REG-CENTRAL,WXS-CENTRAL-01,13.17,20.09,16.56,16.63,17.03,3.794,moderate,58.61,0,false,43.61,7.93,15.09,,1015.92,-0.075,-0.056,-0.14,-1.42,-0.01,,external,WX-MCS-001
2026-06-01T00:00:00Z,REG-COASTAL,WXS-COASTAL-01,18.89,26.99,22.86,23.75,23.65,7.393,high,67.54,0,false,24.37,11.79,13.04,24.067,1016.67,2.909,2.182,-7.12,-2.44,3.39,1.285,external,WX-MCS-001
2026-06-01T00:00:00Z,REG-SOUTH,WXS-SOUTH-01,19.97,27.01,23.42,23.28,24.05,6.481,high,62.89,4.31,true,51.64,7.02,19.51,25.465,1008.81,2.582,1.936,-1.72,2.56,2.21,1.285,external,WX-MCS-001
2026-06-01T00:00:00Z,REG-DELTA,WXS-DELTA-01,22.17,29.68,25.85,26.57,26.95,8.087,very-high,76.48,0,false,36.81,9.69,15.8,27.047,1011.14,2.007,1.505,-4.42,-3.89,2.34,1.285,external,WX-MCS-001
2026-06-01T00:00:00Z,REG-ISLAND,WXS-ISLAND-01,21.65,27.19,24.36,24.54,25.43,7.46,high,75.5,6.54,true,64.3,5.17,19.57,27.581,1004.2,2.403,1.802,-0.95,3.31,2,1.285,external,WX-MCS-001
2026-06-01T00:00:00Z,REG-NORTH,WXS-NORTH-01,9.29,16.37,12.76,13.11,13.68,3.01,moderate,71.33,0,false,43.08,8.07,16.29,15.022,1015.58,0.122,0.092,-0.64,-1.97,0.14,-0.035,external,WX-MCS-001
2026-06-01T00:00:00Z,REG-CENTRAL,WXS-CENTRAL-01,13.11,20.72,16.84,16.7,17.36,3.827,moderate,60,0,false,43.63,7.93,20.43,,1016.97,-0.075,-0.056,-0.07,-1.42,-0.01,,external,WX-MCS-001
2026-06-02T00:00:00Z,REG-COASTAL,WXS-COASTAL-01,19.49,25.5,22.44,22.48,23.49,6.283,high,74.96,4.87,true,62.52,5.6,22.15,24.095,1011.57,2.87,2.152,-1.63,2.43,2.54,1.299,external,WX-MCS-001
2026-06-02T00:00:00Z,REG-SOUTH,WXS-SOUTH-01,20.21,28.3,24.17,24.71,24.65,7.609,high,58.47,0,false,23.35,11.86,16.03,25.494,1014.42,2.705,2.028,-6.31,-1.75,3.15,1.299,external,WX-MCS-001
2026-06-02T00:00:00Z,REG-DELTA,WXS-DELTA-01,22.18,29.98,26,26.96,27.07,8.263,very-high,75.66,0,false,30.9,10.53,12.4,27.077,1009.31,2.005,1.504,-5.43,-3.89,2.34,1.299,external,WX-MCS-001
2026-06-02T00:00:00Z,REG-ISLAND,WXS-ISLAND-01,21.3,29.29,25.21,25.74,26.12,8.448,very-high,71.01,0,false,37.37,9.78,17.21,27.603,1010.24,2.418,1.813,-7.34,-3.23,2.82,1.299,external,WX-MCS-001
2026-06-02T00:00:00Z,REG-NORTH,WXS-NORTH-01,10.33,14.9,12.57,12.56,13.57,2.056,low,73.49,5.43,true,73.24,3.02,22.4,15.031,1010.93,0.13,0.098,4.56,3.45,-0.65,-0.035,external,WX-MCS-001
2026-06-02T00:00:00Z,REG-CENTRAL,WXS-CENTRAL-01,13.19,20.65,16.84,17.03,17.46,3.998,moderate,62.58,0,false,35.84,9.04,17.89,,1016.12,-0.079,-0.059,0.21,-1.42,-0.01,,external,WX-MCS-001
2026-06-03T00:00:00Z,REG-COASTAL,WXS-COASTAL-01,19.78,26.4,23.02,22.95,23.87,6.553,high,69.15,9,true,59.24,6.15,21.59,24.123,1011.86,3.071,2.304,-2.86,6.56,2.78,1.312,external,WX-MCS-001
2026-06-03T00:00:00Z,REG-SOUTH,WXS-SOUTH-01,19.91,28.52,24.13,24.83,24.71,7.712,high,61.82,0,false,20.82,12.22,15.3,25.523,1012.29,2.676,2.007,-6.01,-1.75,3.12,1.312,external,WX-MCS-001
2026-06-03T00:00:00Z,REG-DELTA,WXS-DELTA-01,22.85,28.84,25.78,26.04,27.01,7.342,high,80.26,20.17,true,62.44,5.3,20.22,27.105,1003.58,2.041,1.531,-0.18,16.28,1.58,1.312,external,WX-MCS-001
2026-06-03T00:00:00Z,REG-ISLAND,WXS-ISLAND-01,21.39,29.45,25.34,26.06,26.17,8.699,very-high,68.87,0,false,27.01,11.26,16.03,27.625,1010.2,2.452,1.839,-6.03,-3.23,2.86,1.312,external,WX-MCS-001
2026-06-03T00:00:00Z,REG-NORTH,WXS-NORTH-01,9.9,16.73,13.25,13.53,14.16,3.128,moderate,71.18,0,false,40.33,8.47,19.08,15.039,1016.52,0.129,0.097,0.46,-1.97,0.15,-0.035,external,WX-MCS-001
2026-06-03T00:00:00Z,REG-CENTRAL,WXS-CENTRAL-01,13.36,20.73,16.97,16.81,17.47,3.878,moderate,59.19,0,false,44.51,7.82,20.3,,1016.78,-0.079,-0.059,0.87,-1.42,-0.01,,external,WX-MCS-001
2026-06-04T00:00:00Z,REG-COASTAL,WXS-COASTAL-01,19.31,27.2,23.17,23.83,23.91,7.544,high,66.22,0,false,28.14,11.3,16.12,24.15,1015.31,2.963,2.222,-7.55,-2.44,3.46,1.324,external,WX-MCS-001
2026-06-04T00:00:00Z,REG-SOUTH,WXS-SOUTH-01,20.35,28.35,24.27,24.89,24.73,7.667,high,58.29,0,false,28.41,11.16,8.78,25.551,1013.05,2.693,2.02,-6.58,-1.75,3.14,1.324,external,WX-MCS-001
2026-06-04T00:00:00Z,REG-DELTA,WXS-DELTA-01,22.67,30.33,26.42,27.04,27.62,8.323,very-high,75.32,0,false,35.54,9.89,17.87,27.132,1009.53,2.012,1.509,-5.84,-3.89,2.35,1.324,external,WX-MCS-001
2026-06-04T00:00:00Z,REG-ISLAND,WXS-ISLAND-01,22.08,29.37,25.65,26.27,26.53,8.537,very-high,70.05,0,false,38.32,9.67,14.33,27.647,1010.05,2.458,1.843,-5.83,-3.23,2.87,1.324,external,WX-MCS-001
2026-06-04T00:00:00Z,REG-NORTH,WXS-NORTH-01,10.09,16.66,13.31,13.56,14.35,3.126,moderate,74.61,0,false,42.25,8.21,20.93,15.048,1017.58,0.131,0.098,-0.01,-1.97,0.15,-0.035,external,WX-MCS-001
2026-06-04T00:00:00Z,REG-CENTRAL,WXS-CENTRAL-01,13.55,21.09,17.25,17.49,17.83,4.045,moderate,61.77,0,false,37.26,8.85,15.67,,1018.14,-0.079,-0.059,-0.21,-1.42,-0.01,,external,WX-MCS-001
2026-06-05T00:00:00Z,REG-COASTAL,WXS-COASTAL-01,19.19,27.58,23.3,24.13,23.93,7.787,high,63.01,0,false,23.96,11.95,12.29,24.177,1015.78,3.099,2.325,-8.26,-2.44,3.62,1.336,external,WX-MCS-001
2026-06-05T00:00:00Z,REG-SOUTH,WXS-SOUTH-01,20.26,29.09,24.58,25.02,24.99,7.931,high,56.69,0,false,26.21,11.55,16.33,25.578,1012.57,2.885,2.164,-7.51,-1.75,3.37,1.336,external,WX-MCS-001
2026-06-05T00:00:00Z,REG-DELTA,WXS-DELTA-01,22.72,30.64,26.6,27.48,27.73,8.55,very-high,71.82,0,false,29.78,10.74,12.67,27.159,1009.35,2.089,1.567,-5.87,-3.89,2.44,1.336,external,WX-MCS-001
2026-06-05T00:00:00Z,REG-ISLAND,WXS-ISLAND-01,21.44,29.94,25.61,26.44,26.52,8.799,very-high,71.26,0,false,27.88,11.17,14.51,27.667,1010.34,2.511,1.883,-6.25,-3.23,2.93,1.336,external,WX-MCS-001
2026-06-05T00:00:00Z,REG-NORTH,WXS-NORTH-01,9.98,17.48,13.66,14.09,14.54,3.215,moderate,70.35,0,false,38.86,8.69,15.67,15.057,1017.78,0.129,0.097,0.24,-1.97,0.15,-0.035,external,WX-MCS-001
2026-06-05T00:00:00Z,REG-CENTRAL,WXS-CENTRAL-01,13.96,20.72,17.27,17.21,17.76,3.945,moderate,58.89,0,false,45,7.76,17.64,,1016.05,-0.08,-0.06,1.26,-1.42,-0.01,,external,WX-MCS-001
2026-06-06T00:00:00Z,REG-COASTAL,WXS-COASTAL-01,19.55,27.77,23.57,24.5,24.36,7.996,high,67.4,0,false,20.45,12.5,14.26,24.203,1014.77,3.205,2.403,-7.5,-2.44,3.74,1.346,external,WX-MCS-001
2026-06-06T00:00:00Z,REG-SOUTH,WXS-SOUTH-01,20.7,28.99,24.76,25.22,25.19,7.934,high,57.44,0,false,26.53,11.48,16.05,25.605,1010.72,2.791,2.093,-7.54,-1.75,3.26,1.346,external,WX-MCS-001
2026-06-06T00:00:00Z,REG-DELTA,WXS-DELTA-01,23.66,29.31,26.43,26.69,27.88,7.449,high,82.57,19.91,true,69.01,4.39,21.64,27.185,1003.93,2.078,1.559,-0.38,16.02,1.63,1.346,external,WX-MCS-001
2026-06-06T00:00:00Z,REG-ISLAND,WXS-ISLAND-01,22.23,29.82,25.95,26.55,26.84,8.714,very-high,70.61,0,false,34.89,10.19,16.52,27.687,1009.69,2.523,1.892,-6.94,-3.23,2.95,1.346,external,WX-MCS-001
2026-06-06T00:00:00Z,REG-NORTH,WXS-NORTH-01,10.54,17.37,13.88,14.32,14.84,3.14,moderate,72.23,0,false,44.82,7.85,14.25,15.066,1017.38,0.134,0.1,-0.13,-1.97,0.16,-0.035,external,WX-MCS-001
2026-06-06T00:00:00Z,REG-CENTRAL,WXS-CENTRAL-01,14.54,19.93,17.18,16.91,17.97,3.087,moderate,67.44,3.37,true,70.07,3.42,24.98,,1013.05,-0.077,-0.058,5.47,1.95,-0.81,,external,WX-MCS-001
2026-06-07T00:00:00Z,REG-COASTAL,WXS-COASTAL-01,19.4,27.76,23.5,24.35,24.22,7.805,high,65.7,0,false,25.97,11.64,12.44,24.229,1015.97,2.989,2.242,-7.62,-2.44,3.49,1.356,external,WX-MCS-001
2026-06-07T00:00:00Z,REG-SOUTH,WXS-SOUTH-01,20.62,29.43,24.93,25.48,25.44,8.144,very-high,59.5,0,false,23.22,11.99,16.72,25.63,1010,2.885,2.163,-7.48,-1.75,3.37,1.356,external,WX-MCS-001
2026-06-07T00:00:00Z,REG-DELTA,WXS-DELTA-01,24.14,29.19,26.61,26.9,28.05,7.362,high,80.61,18.36,true,79.36,2.95,19.9,27.209,1004.15,2.128,1.596,-0.08,14.47,1.69,1.356,external,WX-MCS-001
2026-06-07T00:00:00Z,REG-ISLAND,WXS-ISLAND-01,21.99,30.53,26.17,26.79,27.17,8.948,very-high,71.77,0,false,27,11.34,20.27,27.705,1010.68,2.605,1.954,-6.4,-3.23,3.04,1.356,external,WX-MCS-001
2026-06-07T00:00:00Z,REG-NORTH,WXS-NORTH-01,10.57,17.52,13.97,14.37,14.91,3.239,moderate,71.78,0,false,40.93,8.41,16.71,15.075,1016.97,0.133,0.099,0.82,-1.97,0.15,-0.035,external,WX-MCS-001
2026-06-07T00:00:00Z,REG-CENTRAL,WXS-CENTRAL-01,14.7,20.12,17.35,17.1,18.11,3.255,moderate,66.66,5.76,true,63.01,4.42,24.02,,1013.69,-0.081,-0.061,5.33,4.33,-0.81,,external,WX-MCS-001
2026-06-08T00:00:00Z,REG-COASTAL,WXS-COASTAL-01,20.31,26.46,23.32,23.52,24.29,6.883,high,72.53,6.26,true,63.78,5.56,17.3,24.254,1011.15,3.172,2.379,-2.16,3.82,2.91,1.365,external,WX-MCS-001
2026-06-08T00:00:00Z,REG-SOUTH,WXS-SOUTH-01,20.85,29.43,25.05,25.71,25.56,8.064,very-high,59.45,0,false,27.67,11.32,12.22,25.655,1010.59,2.777,2.083,-7.63,-1.75,3.24,1.365,external,WX-MCS-001
2026-06-08T00:00:00Z,REG-DELTA,WXS-DELTA-01,23.34,30.94,27.06,27.89,28.5,8.679,very-high,76.34,0,false,33.3,10.26,14.89,27.233,1006.91,2.101,1.576,-5.17,-3.89,2.45,1.365,external,WX-MCS-001
2026-06-08T00:00:00Z,REG-ISLAND,WXS-ISLAND-01,23.04,28.41,25.67,25.75,26.75,7.783,high,75.72,11.82,true,65.25,5.11,21.74,27.723,1005.42,2.533,1.9,-1.62,8.59,2.16,1.365,external,WX-MCS-001
2026-06-08T00:00:00Z,REG-NORTH,WXS-NORTH-01,10.66,17.81,14.17,14.4,15.13,3.235,moderate,72.42,0,false,42.69,8.16,19.94,15.085,1016.89,0.13,0.097,-0.45,-1.97,0.15,-0.034,external,WX-MCS-001
2026-06-08T00:00:00Z,REG-CENTRAL,WXS-CENTRAL-01,14.16,21.45,17.73,17.96,18.34,4.085,moderate,62.39,0,false,44.36,7.86,13.48,,1017.41,-0.084,-0.063,0.4,-1.42,-0.01,,external,WX-MCS-001
2026-06-09T00:00:00Z,REG-COASTAL,WXS-COASTAL-01,20.04,28.29,24.09,24.83,24.88,7.982,high,67.65,0,false,33.61,10.66,13.09,24.278,1012.94,3.214,2.41,-7.77,-2.44,3.76,1.373,external,WX-MCS-001
2026-06-09T00:00:00Z,REG-SOUTH,WXS-SOUTH-01,21.01,29.89,25.36,26.13,25.91,8.318,very-high,60.85,0,false,21.87,12.19,13.05,25.68,1010.23,2.871,2.153,-7.35,-1.75,3.36,1.373,external,WX-MCS-001
2026-06-09T00:00:00Z,REG-DELTA,WXS-DELTA-01,23.71,31.28,27.42,28.2,28.98,8.799,very-high,76.6,0,false,31.58,10.53,16.94,27.256,1009.66,2.144,1.608,-5.91,-3.89,2.51,1.373,external,WX-MCS-001
2026-06-09T00:00:00Z,REG-ISLAND,WXS-ISLAND-01,22.48,30.14,26.24,27.12,27.3,8.793,very-high,73.36,0,false,34.22,10.29,11.47,27.74,1011.8,2.5,1.875,-6.55,-3.23,2.92,1.373,external,WX-MCS-001
2026-06-09T00:00:00Z,REG-NORTH,WXS-NORTH-01,10.91,18.33,14.54,14.98,15.46,3.373,moderate,71.14,0,false,36.61,9.03,17.02,15.095,1018.12,0.128,0.096,1.06,-1.97,0.15,-0.034,external,WX-MCS-001
2026-06-09T00:00:00Z,REG-CENTRAL,WXS-CENTRAL-01,13.77,22.12,17.86,18.19,18.34,4.492,moderate,58.65,0,false,24.53,10.68,17.23,,1018.72,-0.081,-0.061,0.06,-1.42,-0.01,,external,WX-MCS-001
2026-06-10T00:00:00Z,REG-COASTAL,WXS-COASTAL-01,20.26,28.2,24.15,25.07,24.96,8.124,very-high,67.91,0,false,27.22,11.54,11.85,24.302,1014.58,3.149,2.362,-8.14,-2.44,3.68,1.38,external,WX-MCS-001
2026-06-10T00:00:00Z,REG-SOUTH,WXS-SOUTH-01,21.03,30.06,25.46,26.16,25.92,8.352,very-high,58.05,0,false,24.76,11.78,11.4,25.703,1010.77,2.881,2.161,-6.98,-1.75,3.37,1.38,external,WX-MCS-001
2026-06-10T00:00:00Z,REG-DELTA,WXS-DELTA-01,24.81,29.76,27.24,27.52,28.81,7.588,high,78.6,11.36,true,74.3,3.65,18.84,27.277,1004.42,2.083,1.562,-2.15,7.47,1.64,1.38,external,WX-MCS-001
2026-06-10T00:00:00Z,REG-ISLAND,WXS-ISLAND-01,22.54,30.6,26.49,27.26,27.55,8.955,very-high,70.95,0,false,29.12,11.04,15.51,27.756,1012.48,2.561,1.921,-6.34,-3.23,2.99,1.38,external,WX-MCS-001
2026-06-10T00:00:00Z,REG-NORTH,WXS-NORTH-01,11.21,18.4,14.73,15.05,15.64,3.292,moderate,71.03,0,false,43.05,8.12,17.14,15.105,1018.31,0.133,0.1,-0.09,-1.97,0.16,-0.034,external,WX-MCS-001
2026-06-10T00:00:00Z,REG-CENTRAL,WXS-CENTRAL-01,14.42,21.75,18.01,18.26,18.64,4.354,moderate,62.75,0,false,35.06,9.19,17.11,,1017.49,-0.082,-0.061,0.33,-1.42,-0.01,,external,WX-MCS-001
2026-06-11T00:00:00Z,REG-COASTAL,WXS-COASTAL-01,20.11,28.76,24.35,25.12,25.15,8.206,very-high,68.1,0,false,28.96,11.32,14.54,24.325,1014.09,3.198,2.398,-8.23,-2.44,3.74,1.386,external,WX-MCS-001
2026-06-11T00:00:00Z,REG-SOUTH,WXS-SOUTH-01,21.57,30.23,25.82,26.6,26.32,8.538,very-high,59.51,0,false,20.3,12.44,12.81,25.725,1010.17,2.919,2.19,-7.75,-1.75,3.41,1.386,external,WX-MCS-001
2026-06-11T00:00:00Z,REG-DELTA,WXS-DELTA-01,23.95,32.12,27.95,28.96,29.65,8.99,very-high,75.6,0,false,27.01,11.18,13.26,27.298,1009.29,2.15,1.612,-5.75,-3.89,2.51,1.386,external,WX-MCS-001
2026-06-11T00:00:00Z,REG-ISLAND,WXS-ISLAND-01,22.67,31.09,26.8,27.39,27.87,9.068,very-high,68.5,0,false,25.47,11.58,19.56,27.771,1012.29,2.593,1.945,-7.34,-3.23,3.03,1.386,external,WX-MCS-001
2026-06-11T00:00:00Z,REG-NORTH,WXS-NORTH-01,11.51,18.33,14.85,15.3,15.7,3.373,moderate,69.5,0,false,40.28,8.52,14.36,15.115,1017.92,0.131,0.098,-0.58,-1.97,0.15,-0.033,external,WX-MCS-001
2026-06-11T00:00:00Z,REG-CENTRAL,WXS-CENTRAL-01,14.01,21.95,17.9,18.14,18.55,4.398,moderate,63.54,0,false,35.69,9.1,17.5,,1016.61,-0.08,-0.06,1,-1.42,-0.01,,external,WX-MCS-001
2026-06-12T00:00:00Z,REG-COASTAL,WXS-COASTAL-01,20.11,29.06,24.5,25.46,25.26,8.502,very-high,66.74,0,false,18.92,12.76,13.7,24.347,1012.46,3.248,2.436,-7.78,-2.44,3.8,1.391,external,WX-MCS-001
2026-06-12T00:00:00Z,REG-SOUTH,WXS-SOUTH-01,21.43,30.42,25.83,26.5,26.24,8.65,very-high,56.61,0,false,17.16,12.87,15.09,25.747,1011.45,2.892,2.169,-7.55,-1.75,3.38,1.391,external,WX-MCS-001
2026-06-12T00:00:00Z,REG-DELTA,WXS-DELTA-01,24.52,31.92,28.15,28.8,29.93,8.847,very-high,76.2,0,false,38.81,9.53,16.64,27.317,1008.84,2.179,1.634,-5.74,-3.89,2.55,1.391,external,WX-MCS-001
2026-06-12T00:00:00Z,REG-ISLAND,WXS-ISLAND-01,23.12,30.68,26.83,27.5,27.97,8.942,very-high,70.16,0,false,33.1,10.49,15.45,27.785,1013.09,2.58,1.935,-7.11,-3.23,3.02,1.391,external,WX-MCS-001
2026-06-12T00:00:00Z,REG-NORTH,WXS-NORTH-01,12.21,16.87,14.49,14.61,15.65,2.2,low,77.95,10.66,true,82.39,1.75,22.18,15.126,1013.43,0.133,0.1,3.82,8.69,-0.64,-0.033,external,WX-MCS-001
2026-06-12T00:00:00Z,REG-CENTRAL,WXS-CENTRAL-01,14.12,22.43,18.19,18.53,18.71,4.53,moderate,59.98,0,false,31.65,9.68,14.89,,1017.58,-0.078,-0.059,0.14,-1.42,-0.01,,external,WX-MCS-001
2026-06-13T00:00:00Z,REG-COASTAL,WXS-COASTAL-01,20.76,28.68,24.64,25.41,25.4,8.5,very-high,66.88,0,false,23.54,12.11,16.21,24.368,1012.19,3.252,2.439,-8.92,-2.44,3.81,1.395,external,WX-MCS-001
2026-06-13T00:00:00Z,REG-SOUTH,WXS-SOUTH-01,22.26,30.29,26.19,26.65,26.84,8.412,very-high,61.63,0,false,33.21,10.59,15.92,25.767,1010.87,2.863,2.147,-7.19,-1.75,3.35,1.395,external,WX-MCS-001
2026-06-13T00:00:00Z,REG-DELTA,WXS-DELTA-01,24.59,31.92,28.18,28.95,29.94,8.956,very-high,75.18,0,false,35.72,9.97,14.82,27.336,1009.88,2.19,1.642,-5.86,-3.89,2.56,1.395,external,WX-MCS-001
2026-06-13T00:00:00Z,REG-ISLAND,WXS-ISLAND-01,22.92,30.97,26.86,27.52,28.01,9.085,very-high,69.97,0,false,30.51,10.9,16.89,27.798,1012.67,2.679,2.01,-6.54,-3.23,3.14,1.395,external,WX-MCS-001
2026-06-13T00:00:00Z,REG-NORTH,WXS-NORTH-01,11.72,18.31,14.95,15.35,15.94,3.437,moderate,73.34,0,false,40.5,8.49,17.63,15.137,1019.33,0.13,0.097,0.32,-1.97,0.15,-0.032,external,WX-MCS-001
2026-06-13T00:00:00Z,REG-CENTRAL,WXS-CENTRAL-01,14.64,21.91,18.2,18.37,18.73,4.443,moderate,60.04,0,false,39.74,8.54,15.65,,1018.67,-0.08,-0.06,-1.1,-1.42,-0.01,,external,WX-MCS-001
2026-06-14T00:00:00Z,REG-COASTAL,WXS-COASTAL-01,21.02,29.3,25.08,25.87,25.82,8.575,very-high,66.19,0,false,25.6,11.84,14.64,24.388,1012.14,3.297,2.473,-7.96,-2.44,3.86,1.398,external,WX-MCS-001
2026-06-14T00:00:00Z,REG-SOUTH,WXS-SOUTH-01,22.94,29.12,25.97,25.9,26.64,7.646,high,64.07,8.28,true,61.25,5.87,18.48,25.786,1004.88,3.019,2.264,-2.97,6.52,2.73,1.398,external,WX-MCS-001
2026-06-14T00:00:00Z,REG-DELTA,WXS-DELTA-01,24.98,32.08,28.46,29.19,30.4,8.974,very-high,78.14,0,false,35.79,9.95,17.1,27.353,1010.74,2.159,1.619,-4.67,-3.89,2.53,1.398,external,WX-MCS-001
2026-06-14T00:00:00Z,REG-ISLAND,WXS-ISLAND-01,23.32,30.99,27.07,27.88,28.31,9.127,very-high,70.34,0,false,27.43,11.32,15.06,27.81,1012.34,2.633,1.975,-5.79,-3.23,3.08,1.398,external,WX-MCS-001
2026-06-14T00:00:00Z,REG-NORTH,WXS-NORTH-01,11.53,18.88,15.13,15.51,16.12,3.493,moderate,73.26,0,false,39.77,8.6,18.23,15.148,1019.74,0.138,0.104,0.56,-1.97,0.16,-0.031,external,WX-MCS-001
2026-06-14T00:00:00Z,REG-CENTRAL,WXS-CENTRAL-01,14.56,21.96,18.19,18.5,18.72,4.501,moderate,60.26,0,false,39.94,8.51,12.35,,1017.74,-0.08,-0.06,-0.63,-1.42,-0.01,,external,WX-MCS-001
2026-06-15T00:00:00Z,REG-COASTAL,WXS-COASTAL-01,21.29,29.19,25.16,25.9,25.86,8.583,very-high,65,0,false,27.22,11.59,14.53,24.408,1012.29,3.242,2.431,-8.11,-2.44,3.79,1.399,external,WX-MCS-001
2026-06-15T00:00:00Z,REG-SOUTH,WXS-SOUTH-01,22.31,31.13,26.63,27.31,27.39,8.77,very-high,60.94,0,false,24.9,11.81,14.04,25.804,1011.26,2.952,2.214,-7.91,-1.75,3.46,1.399,external,WX-MCS-001
2026-06-15T00:00:00Z,REG-DELTA,WXS-DELTA-01,25.65,31,28.27,28.55,30.21,7.957,high,79.68,19.93,true,74.06,3.77,19.48,27.369,1006.32,2.267,1.701,-1.6,16.04,1.85,1.399,external,WX-MCS-001
2026-06-15T00:00:00Z,REG-ISLAND,WXS-ISLAND-01,23.39,30.93,27.08,27.64,28.42,8.893,very-high,73.17,0,false,41.27,9.36,16.56,27.821,1015.49,2.626,1.97,-5.79,-3.23,3.07,1.399,external,WX-MCS-001
2026-06-15T00:00:00Z,REG-NORTH,WXS-NORTH-01,11.66,18.99,15.25,15.33,15.99,3.555,moderate,66.2,0,false,38.49,8.78,21.57,15.159,1018.9,0.137,0.103,-1.42,-1.97,0.16,-0.031,external,WX-MCS-001
2026-06-15T00:00:00Z,REG-CENTRAL,WXS-CENTRAL-01,14.61,21.86,18.16,18.26,18.82,4.477,moderate,63.66,0,false,44.86,7.81,16.98,,1015.15,-0.082,-0.061,0.65,-1.42,-0.01,,external,WX-MCS-001
2026-06-16T00:00:00Z,REG-COASTAL,WXS-COASTAL-01,21.61,29.48,25.47,26.18,26.16,8.706,very-high,64.79,0,false,27.81,11.54,14.77,24.426,1011.42,3.315,2.486,-8.48,-2.44,3.88,1.4,external,WX-MCS-001
2026-06-16T00:00:00Z,REG-SOUTH,WXS-SOUTH-01,22.28,31.53,26.81,27.59,27.5,8.948,very-high,57.2,0,false,19.29,12.61,9.98,25.821,1011.71,2.966,2.224,-8.32,-1.75,3.47,1.4,external,WX-MCS-001
2026-06-16T00:00:00Z,REG-DELTA,WXS-DELTA-01,25.29,32.52,28.83,29.59,30.81,9.068,very-high,75.64,0,false,35.26,10.04,15.42,27.383,1010.65,2.168,1.626,-5.96,-3.89,2.54,1.4,external,WX-MCS-001
2026-06-16T00:00:00Z,REG-ISLAND,WXS-ISLAND-01,23.69,29.56,26.56,26.7,27.81,7.842,high,75.55,10.11,true,70.91,4.31,20.41,27.831,1010.92,2.509,1.882,-0.8,6.88,2.14,1.4,external,WX-MCS-001
2026-06-16T00:00:00Z,REG-NORTH,WXS-NORTH-01,12.03,19.06,15.47,15.81,16.45,3.472,moderate,72.88,0,false,45.12,7.84,16.92,15.171,1018.34,0.129,0.097,-0.28,-1.97,0.15,-0.03,external,WX-MCS-001
2026-06-16T00:00:00Z,REG-CENTRAL,WXS-CENTRAL-01,14.58,22.62,18.52,18.68,19.09,4.75,moderate,61.48,0,false,33.43,9.44,19.02,,1015.3,-0.082,-0.062,0,-1.42,-0.01,,external,WX-MCS-001
2026-06-17T00:00:00Z,REG-COASTAL,WXS-COASTAL-01,21.45,29.7,25.49,26.22,26.31,8.59,very-high,68.45,0,false,36.81,10.25,12.7,24.444,1010.64,3.274,2.456,-7.71,-2.44,3.83,1.4,external,WX-MCS-001
2026-06-17T00:00:00Z,REG-SOUTH,WXS-SOUTH-01,22.88,31.2,26.96,27.31,27.72,8.823,very-high,57.93,0,false,29.61,11.15,17.73,25.838,1011.07,2.961,2.221,-9.03,-1.75,3.47,1.4,external,WX-MCS-001
2026-06-17T00:00:00Z,REG-DELTA,WXS-DELTA-01,25.73,31.04,28.33,28.77,30.39,8.082,very-high,82.42,10.93,true,67.95,4.6,17.48,27.397,1004.77,2.19,1.642,-0.53,7.04,1.76,1.4,external,WX-MCS-001
2026-06-17T00:00:00Z,REG-ISLAND,WXS-ISLAND-01,22.76,31.23,26.91,27.72,28.13,9.15,very-high,71.63,0,false,24.92,11.64,16.65,27.841,1015.61,2.52,1.89,-5.67,-3.23,2.95,1.4,external,WX-MCS-001
2026-06-17T00:00:00Z,REG-NORTH,WXS-NORTH-01,11.92,19.25,15.51,15.94,16.4,3.592,moderate,70.42,0,false,41.02,8.43,15.27,15.183,1017.76,0.132,0.099,-0.66,-1.97,0.15,-0.029,external,WX-MCS-001
2026-06-17T00:00:00Z,REG-CENTRAL,WXS-CENTRAL-01,14.74,22.25,18.42,18.58,19.04,4.767,moderate,62.63,0,false,36.21,9.04,18.58,,1015.39,-0.087,-0.065,-0.64,-1.42,-0.01,,external,WX-MCS-001
2026-06-18T00:00:00Z,REG-COASTAL,WXS-COASTAL-01,21.94,30.06,25.92,26.62,26.73,8.779,very-high,68.14,0,false,30.02,11.21,15.88,24.463,1011.02,3.261,2.446,-7.12,-2.44,3.82,1.4,external,WX-MCS-001
2026-06-18T00:00:00Z,REG-SOUTH,WXS-SOUTH-01,22.83,31.43,27.04,27.7,27.89,8.958,very-high,59.78,0,false,25.04,11.79,13.81,25.854,1012.07,2.949,2.212,-8.25,-1.75,3.45,1.4,external,WX-MCS-001
2026-06-18T00:00:00Z,REG-DELTA,WXS-DELTA-01,25.48,32.81,29.07,29.89,31.12,9.133,very-high,75.44,0,false,35.84,9.96,13.8,27.411,1010.98,2.176,1.632,-6.16,-3.89,2.55,1.4,external,WX-MCS-001
2026-06-18T00:00:00Z,REG-ISLAND,WXS-ISLAND-01,23.55,31.06,27.23,27.86,28.57,9.085,very-high,72.13,0,false,33.58,10.45,17.57,27.85,1015.74,2.613,1.96,-5.77,-3.23,3.06,1.4,external,WX-MCS-001
2026-06-18T00:00:00Z,REG-NORTH,WXS-NORTH-01,11.71,19.64,15.6,16.07,16.48,3.724,moderate,70.3,0,false,36.02,9.13,16.15,15.195,1017.45,0.126,0.094,-0.14,-1.97,0.15,-0.028,external,WX-MCS-001
2026-06-18T00:00:00Z,REG-CENTRAL,WXS-CENTRAL-01,14.89,22.63,18.68,18.82,19.24,4.843,moderate,61,0,false,36.17,9.05,18.23,,1015.87,-0.082,-0.062,-0.83,-1.42,-0.01,,external,WX-MCS-001
2026-06-19T00:00:00Z,REG-COASTAL,WXS-COASTAL-01,22.04,29.96,25.92,26.84,26.66,8.939,very-high,66.21,0,false,25.02,11.92,10.45,24.481,1011.72,3.254,2.441,-8.67,-2.44,3.81,1.4,external,WX-MCS-001
2026-06-19T00:00:00Z,REG-SOUTH,WXS-SOUTH-01,23.02,31.79,27.32,27.95,28.28,8.985,very-high,60.4,0,false,25.89,11.66,14.47,25.87,1011.28,2.926,2.195,-7.4,-1.75,3.43,1.4,external,WX-MCS-001
2026-06-19T00:00:00Z,REG-DELTA,WXS-DELTA-01,25.45,32.67,28.99,29.83,30.99,9.143,very-high,75.11,0,false,38.25,9.63,12.06,27.424,1011.4,2.206,1.655,-5.15,-3.89,2.58,1.4,external,WX-MCS-001
2026-06-19T00:00:00Z,REG-ISLAND,WXS-ISLAND-01,23.43,31.06,27.17,27.89,28.44,9.083,very-high,70.66,0,false,31.3,10.74,15.59,27.86,1015.01,2.525,1.894,-6.36,-3.23,2.96,1.4,external,WX-MCS-001
2026-06-19T00:00:00Z,REG-NORTH,WXS-NORTH-01,12.42,18.14,15.22,15.23,16.24,2.762,low,74.04,9.94,true,67.24,3.9,22.53,15.208,1013.23,0.126,0.094,3.92,7.97,-0.65,-0.027,external,WX-MCS-001
2026-06-19T00:00:00Z,REG-CENTRAL,WXS-CENTRAL-01,15.16,22.46,18.74,18.8,19.38,4.796,moderate,63.44,0,false,42.94,8.09,18.45,,1015.35,-0.081,-0.061,0.55,-1.42,-0.01,,external,WX-MCS-001
2026-06-20T00:00:00Z,REG-COASTAL,WXS-COASTAL-01,22.02,30.64,26.24,27.11,27.19,9.015,very-high,69.94,0,false,25.84,11.81,14.89,24.499,1011.78,3.277,2.458,-8.44,-2.44,3.84,1.4,external,WX-MCS-001
2026-06-20T00:00:00Z,REG-SOUTH,WXS-SOUTH-01,23.93,31.41,27.6,27.9,28.68,8.89,very-high,61.39,0,false,36.35,10.2,18.05,25.887,1012.34,2.977,2.233,-7.76,-1.75,3.49,1.4,external,WX-MCS-001
2026-06-20T00:00:00Z,REG-DELTA,WXS-DELTA-01,25.35,32.82,29.01,29.78,31.09,9.262,very-high,77.09,0,false,33.19,10.35,16.83,27.438,1011.87,2.203,1.653,-4.5,-3.89,2.58,1.4,external,WX-MCS-001
2026-06-20T00:00:00Z,REG-ISLAND,WXS-ISLAND-01,23.26,31.17,27.14,27.96,28.42,9.11,very-high,71.29,0,false,31.22,10.75,13.52,27.869,1014.43,2.526,1.895,-6.71,-3.23,2.96,1.4,external,WX-MCS-001
2026-06-20T00:00:00Z,REG-NORTH,WXS-NORTH-01,12.88,17.83,15.3,15.24,16.33,2.596,low,74.41,7.93,true,79.5,2.16,24.13,15.221,1013.6,0.129,0.097,3.38,5.96,-0.65,-0.026,external,WX-MCS-001
2026-06-20T00:00:00Z,REG-CENTRAL,WXS-CENTRAL-01,14.92,22.45,18.61,18.72,19.21,4.931,moderate,62.18,0,false,39.57,8.57,17.98,,1015.21,-0.083,-0.062,-0.1,-1.42,-0.01,,external,WX-MCS-001
2026-06-21T00:00:00Z,REG-COASTAL,WXS-COASTAL-01,22.31,30.61,26.38,27.02,27.2,9.052,very-high,65,0,false,27.58,11.56,16.5,24.518,1012.83,3.273,2.455,-7.26,-2.44,3.83,1.4,external,WX-MCS-001
2026-06-21T00:00:00Z,REG-SOUTH,WXS-SOUTH-01,23.54,31.65,27.51,28.03,28.49,9.099,very-high,59.12,0,false,30,11.12,14.81,25.903,1012.16,3.031,2.273,-7.55,-1.75,3.55,1.4,external,WX-MCS-001
2026-06-21T00:00:00Z,REG-DELTA,WXS-DELTA-01,26.01,31.09,28.5,28.91,30.6,8.007,very-high,82.18,19.63,true,75.8,3.46,17.88,27.451,1006.35,2.115,1.586,-0.15,15.74,1.68,1.4,external,WX-MCS-001
2026-06-21T00:00:00Z,REG-ISLAND,WXS-ISLAND-01,23.59,29.71,26.59,26.72,27.89,8.153,very-high,76.7,11.3,true,59.75,5.89,21.25,27.879,1008.39,2.5,1.875,-1.05,8.07,2.13,1.4,external,WX-MCS-001
2026-06-21T00:00:00Z,REG-NORTH,WXS-NORTH-01,12.64,19.4,15.96,16.33,16.8,3.759,moderate,69.05,0,false,42.89,8.16,14.81,15.234,1017.5,0.129,0.096,-0.05,-1.97,0.15,-0.025,external,WX-MCS-001
2026-06-21T00:00:00Z,REG-CENTRAL,WXS-CENTRAL-01,15.15,22.4,18.7,18.92,19.34,4.872,moderate,63.32,0,false,47.16,7.49,13.24,,1013.86,-0.082,-0.062,0.37,-1.42,-0.01,,external,WX-MCS-001
2026-06-22T00:00:00Z,REG-COASTAL,WXS-COASTAL-01,22.57,30.39,26.4,27.11,27.29,9,very-high,66.66,0,false,29.62,11.23,15.07,24.537,1012.38,3.16,2.37,-8.83,-2.44,3.7,1.4,external,WX-MCS-001
2026-06-22T00:00:00Z,REG-SOUTH,WXS-SOUTH-01,23.17,32.2,27.59,28.35,28.68,9.398,very-high,61.39,0,false,17.21,12.95,15.9,25.919,1010.82,3.055,2.291,-7.42,-1.75,3.58,1.4,external,WX-MCS-001
2026-06-22T00:00:00Z,REG-DELTA,WXS-DELTA-01,25.28,33.08,29.11,29.8,31.23,9.261,very-high,77.21,0,false,34.15,10.19,18.01,27.464,1013.12,2.149,1.612,-6.04,-3.89,2.52,1.4,external,WX-MCS-001
2026-06-22T00:00:00Z,REG-ISLAND,WXS-ISLAND-01,23.62,29.43,26.47,26.67,27.69,8.105,very-high,75.75,5,true,65.7,5.06,19.11,27.889,1007.89,2.543,1.907,-1.38,1.77,2.18,1.4,external,WX-MCS-001
2026-06-22T00:00:00Z,REG-NORTH,WXS-NORTH-01,12.6,19.1,15.78,16.03,16.74,3.74,moderate,72.27,0,false,47.38,7.52,17.54,15.247,1017.02,0.135,0.101,-0.85,-1.97,0.16,-0.024,external,WX-MCS-001
2026-06-22T00:00:00Z,REG-CENTRAL,WXS-CENTRAL-01,15.71,21.37,18.49,18.28,19.25,4.164,moderate,66.87,3.08,true,65.72,4.06,23.24,,1008.58,-0.085,-0.063,6.55,1.66,-0.81,,external,WX-MCS-001
2026-06-23T00:00:00Z,REG-COASTAL,WXS-COASTAL-01,22.76,30.84,26.72,27.58,27.77,9.27,very-high,68.34,0,false,23.6,12.13,15.07,24.555,1011.77,3.288,2.466,-8.63,-2.44,3.85,1.4,external,WX-MCS-001
2026-06-23T00:00:00Z,REG-SOUTH,WXS-SOUTH-01,23.46,32.13,27.71,28.31,28.74,9.158,very-high,58.81,0,false,27.71,11.4,13.58,25.935,1012.58,2.923,2.192,-7.85,-1.75,3.42,1.4,external,WX-MCS-001
2026-06-23T00:00:00Z,REG-DELTA,WXS-DELTA-01,26.18,31.26,28.67,29.01,30.83,8.204,very-high,82.33,5.11,true,70.65,4.22,19.52,27.477,1007.83,2.181,1.635,-0.1,1.22,1.75,1.4,external,WX-MCS-001
2026-06-23T00:00:00Z,REG-ISLAND,WXS-ISLAND-01,22.95,30.98,26.89,27.73,28.11,9.196,very-high,71.91,0,false,31.85,10.67,13.26,27.899,1015.48,2.545,1.909,-6.99,-3.23,2.98,1.4,external,WX-MCS-001
2026-06-23T00:00:00Z,REG-NORTH,WXS-NORTH-01,12.71,19.14,15.86,16.04,16.84,3.771,moderate,72.97,0,false,48.77,7.32,18.87,15.261,1017.02,0.129,0.097,0.29,-1.97,0.15,-0.023,external,WX-MCS-001
2026-06-23T00:00:00Z,REG-CENTRAL,WXS-CENTRAL-01,15.26,23,19.05,19.34,19.59,5.242,moderate,60.36,0,false,35.22,9.19,14.82,,1013.83,-0.084,-0.063,0.05,-1.42,-0.01,,external,WX-MCS-001
2026-06-24T00:00:00Z,REG-COASTAL,WXS-COASTAL-01,23.28,30.84,26.98,27.6,28.11,9.116,very-high,68.23,0,false,37.87,10.12,14.56,24.574,1013.05,3.339,2.504,-8.07,-2.44,3.91,1.4,external,WX-MCS-001
2026-06-24T00:00:00Z,REG-SOUTH,WXS-SOUTH-01,23.54,32.2,27.78,28.52,29,9.292,very-high,63.31,0,false,23.18,12.05,14.79,25.951,1013.43,2.931,2.198,-7.64,-1.75,3.43,1.4,external,WX-MCS-001
2026-06-24T00:00:00Z,REG-DELTA,WXS-DELTA-01,25.31,32.83,28.99,29.77,31.08,9.308,very-high,77.23,0,false,32.88,10.35,16.89,27.49,1013.15,2.111,1.583,-5.58,-3.89,2.47,1.4,external,WX-MCS-001
2026-06-24T00:00:00Z,REG-ISLAND,WXS-ISLAND-01,23,30.9,26.87,27.58,28.17,9.072,very-high,74.4,0,false,39.54,9.57,14.45,27.909,1014.79,2.521,1.891,-6.42,-3.23,2.95,1.4,external,WX-MCS-001
2026-06-24T00:00:00Z,REG-NORTH,WXS-NORTH-01,12.61,19.59,16.03,16.3,16.95,3.879,moderate,71.45,0,false,46.46,7.65,17.08,15.275,1016.46,0.134,0.101,0.12,-1.97,0.16,-0.022,external,WX-MCS-001
2026-06-24T00:00:00Z,REG-CENTRAL,WXS-CENTRAL-01,15.65,22.85,19.18,19.39,19.72,5.307,moderate,60.46,0,false,36.04,9.07,16.33,,1012.99,-0.084,-0.063,-0.37,-1.42,-0.01,,external,WX-MCS-001
2026-06-25T00:00:00Z,REG-COASTAL,WXS-COASTAL-01,23,31.76,27.3,28.11,28.48,9.312,very-high,66.9,0,false,28.49,11.43,13.36,24.593,1012.45,3.293,2.47,-9.75,-2.44,3.85,1.4,external,WX-MCS-001
2026-06-25T00:00:00Z,REG-SOUTH,WXS-SOUTH-01,23.64,32.32,27.89,28.69,28.98,9.331,very-high,58.72,0,false,20.41,12.41,10.11,25.967,1013.79,2.859,2.144,-7.43,-1.75,3.35,1.4,external,WX-MCS-001
2026-06-25T00:00:00Z,REG-DELTA,WXS-DELTA-01,26.64,31.05,28.8,29.17,31.05,8.146,very-high,83.76,24.69,true,73.65,3.76,19.61,27.503,1007.14,2.103,1.578,-1.08,20.8,1.66,1.4,external,WX-MCS-001
2026-06-25T00:00:00Z,REG-ISLAND,WXS-ISLAND-01,23.14,30.72,26.85,27.69,28.01,9.254,very-high,70.32,0,false,29.8,10.93,13.33,27.919,1013.05,2.486,1.864,-6.86,-3.23,2.91,1.4,external,WX-MCS-001
2026-06-25T00:00:00Z,REG-NORTH,WXS-NORTH-01,12.69,19.87,16.21,16.73,17.17,4.114,moderate,72.45,0,false,37.05,8.99,15.81,15.29,1016.04,0.135,0.101,0.43,-1.97,0.16,-0.021,external,WX-MCS-001
2026-06-25T00:00:00Z,REG-CENTRAL,WXS-CENTRAL-01,15.52,23.59,19.48,19.72,20.04,5.413,moderate,61.09,0,false,34.56,9.28,16.56,,1014.19,-0.083,-0.062,-0.08,-1.42,-0.01,,external,WX-MCS-001
2026-06-26T00:00:00Z,REG-COASTAL,WXS-COASTAL-01,22.69,31.39,26.95,27.97,28.13,9.397,very-high,70.1,0,false,24.34,12,12.23,24.612,1013.87,3.228,2.421,-7.6,-2.44,3.78,1.4,external,WX-MCS-001
2026-06-26T00:00:00Z,REG-SOUTH,WXS-SOUTH-01,23.66,32.3,27.89,28.55,29.07,9.339,very-high,61.27,0,false,24,11.92,15.09,25.982,1013.43,2.901,2.175,-6.68,-1.75,3.39,1.4,external,WX-MCS-001
2026-06-26T00:00:00Z,REG-DELTA,WXS-DELTA-01,25.16,32.61,28.81,29.63,30.8,9.244,very-high,76.08,0,false,38.12,9.59,12.94,27.516,1013.84,2.079,1.559,-5.98,-3.89,2.43,1.4,external,WX-MCS-001
2026-06-26T00:00:00Z,REG-ISLAND,WXS-ISLAND-01,23.8,29.23,26.46,26.56,27.69,8.135,very-high,75.86,9.06,true,67.28,4.8,21.54,27.929,1008.25,2.443,1.832,-1.14,5.83,2.06,1.4,external,WX-MCS-001
2026-06-26T00:00:00Z,REG-NORTH,WXS-NORTH-01,12.44,20.48,16.38,16.8,17.24,4.306,moderate,69.52,0,false,29.79,10.01,19.53,15.305,1015.59,0.128,0.096,0.03,-1.97,0.15,-0.02,external,WX-MCS-001
2026-06-26T00:00:00Z,REG-CENTRAL,WXS-CENTRAL-01,16.42,21.9,19.1,18.94,19.84,4.418,moderate,66.14,4.71,true,69.19,3.56,21.93,,1007.69,-0.084,-0.063,6.02,3.29,-0.81,,external,WX-MCS-001
2026-06-27T00:00:00Z,REG-COASTAL,WXS-COASTAL-01,23.25,31.29,27.19,28.09,28.47,9.445,very-high,70.7,0,false,28.28,11.47,13.56,24.63,1014.55,3.312,2.484,-7.83,-2.44,3.88,1.4,external,WX-MCS-001
2026-06-27T00:00:00Z,REG-SOUTH,WXS-SOUTH-01,24.08,32.53,28.22,28.68,29.42,9.418,very-high,59.17,0,false,31.05,11,15.58,25.998,1013.89,3.124,2.343,-7.99,-1.75,3.66,1.4,external,WX-MCS-001
2026-06-27T00:00:00Z,REG-DELTA,WXS-DELTA-01,25.3,32.68,28.92,29.83,31,9.403,very-high,77.59,0,false,31.91,10.48,14.41,27.528,1013.18,2.106,1.579,-5.24,-3.89,2.46,1.4,external,WX-MCS-001
2026-06-27T00:00:00Z,REG-ISLAND,WXS-ISLAND-01,22.96,31.03,26.91,27.7,28.02,9.344,very-high,68.33,0,false,32.77,10.54,12.19,27.94,1012.09,2.574,1.93,-6.55,-3.23,3.01,1.4,external,WX-MCS-001
2026-06-27T00:00:00Z,REG-NORTH,WXS-NORTH-01,12.75,20.31,16.45,16.85,17.38,4.097,moderate,71.4,0,false,45.47,7.79,14.48,15.32,1015.03,0.134,0.1,-0.15,-1.97,0.16,-0.018,external,WX-MCS-001
2026-06-27T00:00:00Z,REG-CENTRAL,WXS-CENTRAL-01,15.97,23.78,19.8,20.22,20.39,5.531,moderate,61.78,0,false,36.7,8.97,10.82,,1013.25,-0.084,-0.063,-0.76,-1.42,-0.01,,external,WX-MCS-001
2026-06-28T00:00:00Z,REG-COASTAL,WXS-COASTAL-01,23.1,31.71,27.32,28.17,28.48,9.583,very-high,66.12,0,false,24.6,11.99,13.58,24.649,1014.25,3.338,2.503,-8.42,-2.44,3.91,1.4,external,WX-MCS-001
2026-06-28T00:00:00Z,REG-SOUTH,WXS-SOUTH-01,23.71,32.6,28.07,28.55,29.19,9.371,very-high,58.32,0,false,29.61,11.14,15.18,26.013,1015.1,2.975,2.231,-8.19,-1.75,3.48,1.4,external,WX-MCS-001
2026-06-28T00:00:00Z,REG-DELTA,WXS-DELTA-01,26.22,31.03,28.58,28.83,30.73,8.096,very-high,82.84,18.7,true,76.53,3.31,21.85,27.541,1008.85,1.996,1.497,-0.23,14.81,1.54,1.4,external,WX-MCS-001
2026-06-28T00:00:00Z,REG-ISLAND,WXS-ISLAND-01,23.31,30.72,26.94,27.51,28.16,9.27,very-high,71.18,0,false,38.75,9.69,16,27.95,1012.41,2.563,1.922,-5.82,-3.23,3,1.4,external,WX-MCS-001
2026-06-28T00:00:00Z,REG-NORTH,WXS-NORTH-01,13.12,20.42,16.7,17.19,17.61,4.249,moderate,71.09,0,false,40.59,8.47,14.3,15.335,1015.8,0.125,0.094,-0.51,-1.97,0.15,-0.017,external,WX-MCS-001
2026-06-28T00:00:00Z,REG-CENTRAL,WXS-CENTRAL-01,16.65,24.1,20.3,20.49,20.95,5.478,moderate,63.48,0,false,43.99,7.93,15.22,,1012.64,-0.082,-0.061,0.29,-1.42,-0.01,,external,WX-MCS-001
2026-06-29T00:00:00Z,REG-COASTAL,WXS-COASTAL-01,23.39,31.54,27.39,28.26,28.65,9.582,very-high,68.33,0,false,26.68,11.69,13.6,24.668,1015.07,3.32,2.49,-8.4,-2.44,3.88,1.4,external,WX-MCS-001
2026-06-29T00:00:00Z,REG-SOUTH,WXS-SOUTH-01,23.52,32.71,28.02,28.89,29.08,9.705,very-high,56.63,0,false,14.03,13.36,11.01,26.029,1015.43,2.998,2.249,-7.24,-1.75,3.51,1.4,external,WX-MCS-001
2026-06-29T00:00:00Z,REG-DELTA,WXS-DELTA-01,25.39,33.07,29.15,30.11,31.39,9.368,very-high,80.04,0,false,36.09,9.87,12.85,27.553,1013.73,2.082,1.561,-5.31,-3.89,2.44,1.4,external,WX-MCS-001
2026-06-29T00:00:00Z,REG-ISLAND,WXS-ISLAND-01,23.36,30.96,27.09,27.79,28.47,9.417,very-high,74.49,0,false,31.77,10.66,17.86,27.961,1011.3,2.531,1.898,-6.09,-3.23,2.96,1.4,external,WX-MCS-001
2026-06-29T00:00:00Z,REG-NORTH,WXS-NORTH-01,13.51,20.31,16.84,17.26,17.89,4.255,moderate,74.89,0,false,44.4,7.93,16.51,15.35,1016.36,0.13,0.097,-0.13,-1.97,0.15,-0.016,external,WX-MCS-001
2026-06-29T00:00:00Z,REG-CENTRAL,WXS-CENTRAL-01,16.52,24.18,20.28,20.51,20.86,5.723,moderate,61.79,0,false,34.61,9.26,17.15,,1012,-0.082,-0.062,0.19,-1.42,-0.01,,external,WX-MCS-001
2026-06-30T00:00:00Z,REG-COASTAL,WXS-COASTAL-01,24.23,30.23,27.17,27.35,28.49,8.663,very-high,72.22,13.79,true,58.92,6.35,17.52,24.686,1010.43,3.406,2.554,-3.16,11.35,3.18,1.4,external,WX-MCS-001
2026-06-30T00:00:00Z,REG-SOUTH,WXS-SOUTH-01,24.41,30.96,27.62,27.45,28.86,8.548,very-high,65.72,5.83,true,53.72,6.91,21.64,26.044,1012.06,2.962,2.221,-2.67,4.08,2.66,1.4,external,WX-MCS-001
2026-06-30T00:00:00Z,REG-DELTA,WXS-DELTA-01,26.24,31.52,28.83,29.03,31.01,8.358,very-high,81.5,10.73,true,71.55,4.07,22.15,27.566,1007.62,2.146,1.609,0.3,6.84,1.71,1.4,external,WX-MCS-001
2026-06-30T00:00:00Z,REG-ISLAND,WXS-ISLAND-01,23.04,30.78,26.83,27.65,28,9.406,very-high,70.92,0,false,31.42,10.67,13.34,27.972,1012.49,2.445,1.834,-5.97,-3.23,2.86,1.4,external,WX-MCS-001
2026-06-30T00:00:00Z,REG-NORTH,WXS-NORTH-01,13.41,20.72,16.99,17.3,17.86,4.452,moderate,69.75,0,false,37.57,8.9,18.84,15.366,1013.93,0.13,0.098,-0.96,-1.97,0.15,-0.014,external,WX-MCS-001
2026-06-30T00:00:00Z,REG-CENTRAL,WXS-CENTRAL-01,16.89,24.32,20.53,20.69,21.14,5.662,moderate,62.51,0,false,42.17,8.18,16.05,,1012.79,-0.081,-0.061,-0.46,-1.42,-0.01,,external,WX-MCS-001
2026-07-01T00:00:00Z,REG-COASTAL,WXS-COASTAL-01,23.35,31.5,27.34,28.26,28.61,9.729,very-high,69.05,0,false,29.23,11.37,11.28,24.705,1014.45,3.455,2.591,-7.89,-2.44,4.04,1.4,external,WX-MCS-001
2026-07-01T00:00:00Z,REG-SOUTH,WXS-SOUTH-01,24.08,32.33,28.12,28.83,29.31,9.541,very-high,59.42,0,false,23.31,12,13.18,26.059,1017.33,2.91,2.182,-8.04,-1.75,3.4,1.4,external,WX-MCS-001
2026-07-01T00:00:00Z,REG-DELTA,WXS-DELTA-01,25.56,32.9,29.16,29.85,31.22,9.388,very-high,74.96,0,false,39.31,9.42,14.74,27.578,1012.96,2.103,1.577,-4.85,-3.89,2.46,1.4,external,WX-MCS-001
2026-07-01T00:00:00Z,REG-ISLAND,WXS-ISLAND-01,23.05,30.9,26.9,27.86,28.13,9.56,very-high,72.01,0,false,26.06,11.43,13.01,27.983,1010.96,2.453,1.84,-6.2,-3.23,2.87,1.4,external,WX-MCS-001
2026-07-01T00:00:00Z,REG-NORTH,WXS-NORTH-01,13.9,20.77,17.27,17.66,18.21,4.416,moderate,71.9,0,false,43.56,8.05,15.7,15.383,1013.52,0.128,0.096,-0.32,-1.97,0.15,-0.013,external,WX-MCS-001
2026-07-01T00:00:00Z,REG-CENTRAL,WXS-CENTRAL-01,16.91,24.49,20.63,20.71,21.32,5.887,moderate,64.86,0,false,33.77,9.37,22.46,,1013.56,-0.08,-0.06,0.78,-1.42,-0.01,,external,WX-MCS-001
2026-07-02T00:00:00Z,REG-COASTAL,WXS-COASTAL-01,23.42,31.91,27.58,28.42,28.81,9.836,very-high,65.82,0,false,22.74,12.26,14.51,24.723,1014.55,3.388,2.541,-9.03,-2.44,3.96,1.4,external,WX-MCS-001
2026-07-02T00:00:00Z,REG-SOUTH,WXS-SOUTH-01,23.98,32.47,28.14,28.67,29.33,9.633,very-high,59.45,0,false,24.44,11.87,16.66,26.074,1015.56,3.014,2.26,-7.61,-1.75,3.52,1.4,external,WX-MCS-001
2026-07-02T00:00:00Z,REG-DELTA,WXS-DELTA-01,25.87,31.23,28.5,28.93,30.6,8.35,very-high,82.25,23.13,true,70.73,4.13,17.6,27.59,1008.2,2.027,1.52,-0.25,19.24,1.57,1.4,external,WX-MCS-001
2026-07-02T00:00:00Z,REG-ISLAND,WXS-ISLAND-01,23.75,29.71,26.67,26.94,28.04,8.535,very-high,77.92,15.48,true,60.66,5.72,18.8,27.995,1006.71,2.447,1.836,-1.75,12.25,2.06,1.4,external,WX-MCS-001
2026-07-02T00:00:00Z,REG-NORTH,WXS-NORTH-01,14.49,19.48,16.94,17.11,18.05,3.593,moderate,76.64,3.82,true,68.33,3.73,20.27,15.399,1009.62,0.127,0.095,4.55,1.85,-0.65,-0.011,external,WX-MCS-001
2026-07-02T00:00:00Z,REG-CENTRAL,WXS-CENTRAL-01,17.39,24.59,20.92,20.98,21.47,5.762,moderate,60.61,0,false,44.44,7.85,16.16,,1012.9,-0.083,-0.062,0.33,-1.42,-0.01,,external,WX-MCS-001
2026-07-03T00:00:00Z,REG-COASTAL,WXS-COASTAL-01,23.55,31.76,27.57,28.19,28.88,9.696,very-high,68.01,0,false,32.47,10.88,16.55,24.742,1014.79,3.382,2.536,-8.06,-2.44,3.95,1.4,external,WX-MCS-001
2026-07-03T00:00:00Z,REG-SOUTH,WXS-SOUTH-01,24.07,32.08,27.99,28.59,29.19,9.577,very-high,60.89,0,false,24.43,11.82,15.92,26.088,1015.6,2.895,2.171,-7.95,-1.75,3.38,1.4,external,WX-MCS-001
2026-07-03T00:00:00Z,REG-DELTA,WXS-DELTA-01,25.62,32.53,29,29.5,31.08,9.425,very-high,76.82,0,false,42.62,8.95,18.6,27.602,1013.19,2.137,1.603,-4.92,-3.89,2.5,1.4,external,WX-MCS-001
2026-07-03T00:00:00Z,REG-ISLAND,WXS-ISLAND-01,23.45,30.89,27.1,27.74,28.42,9.548,very-high,72.71,0,false,35.4,10.12,16.6,28.006,1011.82,2.517,1.888,-7.3,-3.23,2.94,1.4,external,WX-MCS-001
2026-07-03T00:00:00Z,REG-NORTH,WXS-NORTH-01,13.69,21.71,17.62,18.02,18.46,4.62,moderate,69.02,0,false,40.62,8.45,15.01,15.416,1014.08,0.131,0.098,-0.56,-1.97,0.15,-0.01,external,WX-MCS-001
2026-07-03T00:00:00Z,REG-CENTRAL,WXS-CENTRAL-01,17.31,25.05,21.1,21.09,21.62,5.932,moderate,59.63,0,false,38.82,8.65,19.65,,1012.99,-0.083,-0.062,0.31,-1.42,-0.01,,external,WX-MCS-001
2026-07-04T00:00:00Z,REG-COASTAL,WXS-COASTAL-01,24.23,29.92,27.02,27.09,28.28,8.724,very-high,71.8,6.74,true,63.14,5.73,19.63,24.76,1011.52,3.374,2.531,-4.04,4.3,3.14,1.4,external,WX-MCS-001
2026-07-04T00:00:00Z,REG-SOUTH,WXS-SOUTH-01,23.87,32.34,28.02,28.48,29.25,9.553,very-high,61.74,0,false,29.73,11.09,17.3,26.103,1017.06,2.945,2.209,-7.09,-1.75,3.44,1.4,external,WX-MCS-001
2026-07-04T00:00:00Z,REG-DELTA,WXS-DELTA-01,25.59,32.67,29.06,29.6,31.13,9.32,very-high,76.02,0,false,45.37,8.51,16.01,27.614,1011.12,2.013,1.51,-5.16,-3.89,2.35,1.4,external,WX-MCS-001
2026-07-04T00:00:00Z,REG-ISLAND,WXS-ISLAND-01,23.51,30.97,27.17,27.86,28.51,9.538,very-high,72.74,0,false,34.51,10.2,15.7,28.018,1011.69,2.407,1.805,-6.11,-3.23,2.81,1.4,external,WX-MCS-001
2026-07-04T00:00:00Z,REG-NORTH,WXS-NORTH-01,14.33,21.74,17.96,18.53,18.93,4.699,moderate,72.79,0,false,40.14,8.52,13.57,15.433,1013.26,0.126,0.094,-0.83,-1.97,0.15,-0.008,external,WX-MCS-001
2026-07-04T00:00:00Z,REG-CENTRAL,WXS-CENTRAL-01,17.49,25.37,21.35,21.35,21.97,5.983,moderate,62.66,0,false,39.6,8.53,20.58,,1013.59,-0.083,-0.062,-0.32,-1.42,-0.01,,external,WX-MCS-001
2026-07-05T00:00:00Z,REG-COASTAL,WXS-COASTAL-01,23.61,32,27.72,28.69,29.09,9.915,very-high,68.29,0,false,25.33,11.88,9.44,24.778,1016.51,3.409,2.557,-8.31,-2.44,3.98,1.4,external,WX-MCS-001
2026-07-05T00:00:00Z,REG-SOUTH,WXS-SOUTH-01,23.65,32.04,27.76,28.18,28.87,9.593,very-high,60.44,0,false,27.61,11.37,18.37,26.117,1014.58,2.902,2.176,-7.64,-1.75,3.39,1.4,external,WX-MCS-001
2026-07-05T00:00:00Z,REG-DELTA,WXS-DELTA-01,25.48,32.48,28.91,29.71,31.01,9.599,very-high,78.5,0,false,36.06,9.86,15.4,27.625,1011.46,2.107,1.58,-5.09,-3.89,2.46,1.4,external,WX-MCS-001
2026-07-05T00:00:00Z,REG-ISLAND,WXS-ISLAND-01,23.52,31.46,27.41,28.1,28.8,9.663,very-high,71.74,0,false,32.95,10.44,15.92,28.03,1009.9,2.456,1.842,-7.67,-3.23,2.87,1.4,external,WX-MCS-001
2026-07-05T00:00:00Z,REG-NORTH,WXS-NORTH-01,14.52,21.75,18.06,18.43,18.99,4.645,moderate,71.35,0,false,47.3,7.5,14.31,15.45,1015.42,0.128,0.096,-0.68,-1.97,0.15,-0.007,external,WX-MCS-001
2026-07-05T00:00:00Z,REG-CENTRAL,WXS-CENTRAL-01,18.15,25.4,21.7,21.85,22.38,6.006,high,64.24,0,false,41.64,8.24,17.56,,1015.23,-0.087,-0.065,1.12,-1.42,-0.01,,external,WX-MCS-001
2026-07-06T00:00:00Z,REG-COASTAL,WXS-COASTAL-01,23.51,31.52,27.43,28.23,28.76,9.854,very-high,69.87,0,false,30.41,11.16,14.53,24.796,1017.27,3.408,2.556,-7.44,-2.44,3.98,1.4,external,WX-MCS-001
2026-07-06T00:00:00Z,REG-SOUTH,WXS-SOUTH-01,23.4,32.11,27.67,28.24,28.76,9.612,very-high,60.9,0,false,27.55,11.36,15.27,26.132,1015.51,2.879,2.159,-7.34,-1.75,3.36,1.4,external,WX-MCS-001
2026-07-06T00:00:00Z,REG-DELTA,WXS-DELTA-01,26.12,31.54,28.78,28.95,30.89,8.559,very-high,80.06,9.66,true,70.28,4.21,21.96,27.637,1007.36,2.084,1.563,-0.99,5.77,1.63,1.4,external,WX-MCS-001
2026-07-06T00:00:00Z,REG-ISLAND,WXS-ISLAND-01,24.47,29.73,27.05,27.27,28.58,8.433,very-high,78.98,7.89,true,76.76,3.41,20.38,28.042,1003.3,2.385,1.789,-1.19,4.65,1.98,1.4,external,WX-MCS-001
2026-07-06T00:00:00Z,REG-NORTH,WXS-NORTH-01,15.51,20.38,17.9,18.03,18.99,3.713,moderate,76.19,3.91,true,78.05,2.35,20.7,15.467,1008.93,0.126,0.094,5.22,1.93,-0.65,-0.005,external,WX-MCS-001
2026-07-06T00:00:00Z,REG-CENTRAL,WXS-CENTRAL-01,18.24,25.65,21.87,22.22,22.57,6.169,high,64.9,0,false,36.04,9.02,15.63,,1014.54,-0.082,-0.062,0.32,-1.42,-0.01,,external,WX-MCS-001
2026-07-07T00:00:00Z,REG-COASTAL,WXS-COASTAL-01,23.08,32.05,27.47,28.33,28.69,10.045,very-high,66.42,0,false,21.2,12.45,15.03,24.814,1015.26,3.4,2.55,-8.51,-2.44,3.97,1.4,external,WX-MCS-001
2026-07-07T00:00:00Z,REG-SOUTH,WXS-SOUTH-01,23.86,32.49,28.09,28.87,29.32,9.798,very-high,61.15,0,false,20.66,12.34,13.45,26.146,1015.98,2.915,2.186,-8.66,-1.75,3.4,1.4,external,WX-MCS-001
2026-07-07T00:00:00Z,REG-DELTA,WXS-DELTA-01,25.27,33.22,29.16,29.9,31.27,9.696,very-high,76.23,0,false,35.46,9.93,15.77,27.649,1010.06,2.104,1.578,-5.66,-3.89,2.45,1.4,external,WX-MCS-001
2026-07-07T00:00:00Z,REG-ISLAND,WXS-ISLAND-01,23.41,31.62,27.43,28.29,28.81,9.801,very-high,71.38,0,false,29.12,10.94,13.44,28.054,1009.83,2.381,1.786,-6.24,-3.23,2.78,1.4,external,WX-MCS-001
2026-07-07T00:00:00Z,REG-NORTH,WXS-NORTH-01,14.88,22.34,18.54,19.07,19.42,5.006,moderate,70.09,0,false,35.35,9.18,14.78,15.485,1013.22,0.131,0.098,-0.19,-1.97,0.15,-0.004,external,WX-MCS-001
2026-07-07T00:00:00Z,REG-CENTRAL,WXS-CENTRAL-01,18.42,25.86,22.07,22.31,22.82,6.204,high,66.36,0,false,37.04,8.88,18.35,,1014.71,-0.088,-0.066,0.9,-1.42,-0.01,,external,WX-MCS-001
2026-07-08T00:00:00Z,REG-COASTAL,WXS-COASTAL-01,23.7,31.34,27.45,28.38,28.78,9.932,very-high,69.79,0,false,28.92,11.35,11.47,24.832,1016.94,3.397,2.547,-9.24,-2.44,3.96,1.4,external,WX-MCS-001
2026-07-08T00:00:00Z,REG-SOUTH,WXS-SOUTH-01,23.7,32.19,27.86,28.69,29.04,9.779,very-high,61.51,0,false,20.8,12.28,12.56,26.159,1014.32,2.843,2.132,-6.69,-1.75,3.31,1.4,external,WX-MCS-001
2026-07-08T00:00:00Z,REG-DELTA,WXS-DELTA-01,25.64,33.25,29.37,29.94,31.48,9.642,very-high,74.56,0,false,36.62,9.72,17.99,27.661,1009.97,1.996,1.497,-4.41,-3.89,2.33,1.4,external,WX-MCS-001
2026-07-08T00:00:00Z,REG-ISLAND,WXS-ISLAND-01,23.92,31.27,27.52,28.22,29.03,9.89,very-high,74.4,0,false,29.99,10.83,18.33,28.066,1009.35,2.435,1.827,-6.78,-3.23,2.84,1.4,external,WX-MCS-001
2026-07-08T00:00:00Z,REG-NORTH,WXS-NORTH-01,15.41,22.58,18.92,19.47,19.86,5.006,moderate,71.74,0,false,39.06,8.65,13.92,15.503,1014.93,0.126,0.094,0.23,-1.97,0.15,-0.002,external,WX-MCS-001
2026-07-08T00:00:00Z,REG-CENTRAL,WXS-CENTRAL-01,19.15,24.6,21.82,21.63,22.53,5.204,moderate,65.48,6.58,true,70.68,3.32,22.09,,1010.63,-0.084,-0.063,5.31,5.16,-0.81,,external,WX-MCS-001
2026-07-09T00:00:00Z,REG-COASTAL,WXS-COASTAL-01,23.54,31.61,27.5,28.2,28.8,9.964,very-high,68.61,0,false,32.08,10.93,15.2,24.849,1017.13,3.478,2.609,-8.06,-2.44,4.05,1.4,external,WX-MCS-001
2026-07-09T00:00:00Z,REG-SOUTH,WXS-SOUTH-01,24.7,30.86,27.72,27.76,29.05,8.563,very-high,67.37,5.28,true,66.11,5.09,17.99,26.173,1011.72,2.858,2.143,-1.6,3.53,2.53,1.4,external,WX-MCS-001
2026-07-09T00:00:00Z,REG-DELTA,WXS-DELTA-01,26.64,31.55,29.05,29.34,31.29,8.591,very-high,81.33,5.21,true,74.74,3.56,20.22,27.672,1005.04,2.043,1.532,-0.54,1.32,1.58,1.4,external,WX-MCS-001
2026-07-09T00:00:00Z,REG-ISLAND,WXS-ISLAND-01,23.74,31.84,27.71,28.36,29.2,9.834,very-high,72.1,0,false,35.74,10,15.61,28.079,1010.71,2.412,1.809,-6.16,-3.23,2.81,1.4,external,WX-MCS-001
2026-07-09T00:00:00Z,REG-NORTH,WXS-NORTH-01,15.93,22.67,19.23,19.74,20.18,4.949,moderate,71.94,0,false,45.95,7.67,12.18,15.521,1013.63,0.125,0.094,0.1,-1.97,0.15,-0.001,external,WX-MCS-001
2026-07-09T00:00:00Z,REG-CENTRAL,WXS-CENTRAL-01,19.45,24.62,21.99,21.81,22.77,5.169,moderate,67.44,7.7,true,75.48,2.64,22.81,,1010.97,-0.083,-0.062,5.5,6.28,-0.81,,external,WX-MCS-001
2026-07-10T00:00:00Z,REG-COASTAL,WXS-COASTAL-01,23.56,31.41,27.41,28.22,28.67,9.965,very-high,68.1,0,false,29.41,11.26,13.45,24.866,1016.17,3.379,2.535,-8.75,-2.44,3.94,1.4,external,WX-MCS-001
2026-07-10T00:00:00Z,REG-SOUTH,WXS-SOUTH-01,24.09,32.31,28.12,28.86,29.39,9.676,very-high,62.11,0,false,27.27,11.32,10.55,26.187,1014.1,2.756,2.067,-7.32,-1.75,3.21,1.4,external,WX-MCS-001
2026-07-10T00:00:00Z,REG-DELTA,WXS-DELTA-01,25.94,33.39,29.59,30.57,31.92,9.827,very-high,78.58,0,false,34.7,10,9.81,27.684,1009.49,2.061,1.546,-5.36,-3.89,2.4,1.4,external,WX-MCS-001
2026-07-10T00:00:00Z,REG-ISLAND,WXS-ISLAND-01,24.16,32,28,28.78,29.56,9.971,very-high,71.28,0,false,32.45,10.46,13.69,28.092,1010.04,2.427,1.82,-5.22,-3.23,2.83,1.4,external,WX-MCS-001
2026-07-10T00:00:00Z,REG-NORTH,WXS-NORTH-01,16.23,22.53,19.32,19.46,20.23,4.994,moderate,71.04,0,false,47.03,7.51,19.14,15.54,1013.74,0.123,0.092,-0.56,-1.97,0.14,0.001,external,WX-MCS-001
2026-07-10T00:00:00Z,REG-CENTRAL,WXS-CENTRAL-01,18.62,26.81,22.63,22.85,23.27,6.382,high,63.12,0,false,35.72,9.04,17.57,,1015.47,-0.082,-0.062,-0.11,-1.42,-0.01,,external,WX-MCS-001
2026-07-11T00:00:00Z,REG-COASTAL,WXS-COASTAL-01,23.53,31.49,27.43,28.33,28.7,9.969,very-high,68.33,0,false,28.34,11.38,8.55,24.884,1017,3.324,2.493,-7.51,-2.44,3.87,1.4,external,WX-MCS-001
2026-07-11T00:00:00Z,REG-SOUTH,WXS-SOUTH-01,24.21,32.53,28.28,28.95,29.56,9.821,very-high,60.59,0,false,28.56,11.19,12.5,26.2,1014.65,2.925,2.193,-7.7,-1.75,3.4,1.4,external,WX-MCS-001
2026-07-11T00:00:00Z,REG-DELTA,WXS-DELTA-01,26.08,33.71,29.82,30.63,32.17,9.846,very-high,77.33,0,false,38.09,9.53,13.71,27.695,1009.64,2.095,1.571,-5.04,-3.89,2.44,1.4,external,WX-MCS-001
2026-07-11T00:00:00Z,REG-ISLAND,WXS-ISLAND-01,24.13,32.19,28.08,29.05,29.72,10.148,very-high,72.87,0,false,25.94,11.37,12.96,28.105,1010.93,2.419,1.814,-6.14,-3.23,2.82,1.4,external,WX-MCS-001
2026-07-11T00:00:00Z,REG-NORTH,WXS-NORTH-01,15.89,23.18,19.46,20.04,20.45,5.185,moderate,73.19,0,false,40.18,8.47,13.43,15.558,1015.05,0.129,0.096,-0.29,-1.97,0.15,0.002,external,WX-MCS-001
2026-07-11T00:00:00Z,REG-CENTRAL,WXS-CENTRAL-01,19.15,26.69,22.85,23.15,23.45,6.456,high,62.16,0,false,33.94,9.28,15.83,,1016.13,-0.084,-0.063,-0.15,-1.42,-0.01,,external,WX-MCS-001
2026-07-12T00:00:00Z,REG-COASTAL,WXS-COASTAL-01,24.22,29.96,27.03,27.26,28.37,8.951,very-high,73.8,7.89,true,63.46,5.65,17.24,24.901,1011.92,3.375,2.531,-3.35,5.45,3.13,1.4,external,WX-MCS-001
2026-07-12T00:00:00Z,REG-SOUTH,WXS-SOUTH-01,23.93,32.89,28.32,28.97,29.53,9.98,very-high,58.34,0,false,22.81,12,13.89,26.213,1013.35,2.939,2.204,-7.65,-1.75,3.42,1.4,external,WX-MCS-001
2026-07-12T00:00:00Z,REG-DELTA,WXS-DELTA-01,26.58,32.17,29.32,29.42,31.6,8.832,very-high,79.85,16.77,true,69.17,4.32,23.47,27.707,1004.82,2.014,1.511,-1.2,12.88,1.54,1.4,external,WX-MCS-001
2026-07-12T00:00:00Z,REG-ISLAND,WXS-ISLAND-01,24.68,32.06,28.29,29,30.1,9.934,very-high,75.55,0,false,37.52,9.69,15.47,28.119,1008.11,2.322,1.742,-4.81,-3.23,2.7,1.4,external,WX-MCS-001
2026-07-12T00:00:00Z,REG-NORTH,WXS-NORTH-01,16.3,23.49,19.82,20.2,20.77,5.313,moderate,72.15,0,false,36.51,8.98,18.79,15.577,1013.65,0.129,0.097,0.05,-1.97,0.15,0.004,external,WX-MCS-001
2026-07-12T00:00:00Z,REG-CENTRAL,WXS-CENTRAL-01,19.68,27.04,23.29,23.32,23.98,6.39,high,64.73,0,false,39.89,8.44,20.78,,1015.42,-0.084,-0.063,0.43,-1.42,-0.01,,external,WX-MCS-001
2026-07-13T00:00:00Z,REG-COASTAL,WXS-COASTAL-01,23.5,31.84,27.59,28.49,28.9,10.13,very-high,67.79,0,false,24.84,11.88,13.07,24.917,1016.65,3.385,2.539,-8.02,-2.44,3.94,1.4,external,WX-MCS-001
2026-07-13T00:00:00Z,REG-SOUTH,WXS-SOUTH-01,24.31,32.65,28.4,29.02,29.72,10.011,very-high,60.79,0,false,23.18,11.93,15.63,26.226,1012.85,2.928,2.196,-7.65,-1.75,3.4,1.4,external,WX-MCS-001
2026-07-13T00:00:00Z,REG-DELTA,WXS-DELTA-01,26.07,33.73,29.82,30.56,32.23,9.908,very-high,78.94,0,false,35.1,9.88,17.23,27.718,1008.1,1.953,1.465,-4.99,-3.89,2.27,1.4,external,WX-MCS-001
2026-07-13T00:00:00Z,REG-ISLAND,WXS-ISLAND-01,24.51,31.81,28.09,28.88,29.81,10,very-high,75.26,0,false,35.51,9.95,14.26,28.132,1008.54,2.275,1.706,-5.71,-3.23,2.64,1.4,external,WX-MCS-001
2026-07-13T00:00:00Z,REG-NORTH,WXS-NORTH-01,17.14,21.9,19.47,19.58,20.6,4.04,moderate,77.16,7.49,true,85.43,1.3,21.89,15.596,1011.23,0.128,0.096,4.65,5.52,-0.65,0.005,external,WX-MCS-001
2026-07-13T00:00:00Z,REG-CENTRAL,WXS-CENTRAL-01,19.57,26.51,22.97,23,23.5,6.365,high,60.12,0,false,43.42,7.94,16.93,,1017.1,-0.083,-0.062,0.11,-1.42,-0.01,,external,WX-MCS-001
2026-07-14T00:00:00Z,REG-COASTAL,WXS-COASTAL-01,23.7,31.87,27.7,28.48,29.01,10.074,very-high,66.86,0,false,27.93,11.42,13.96,24.934,1017.65,3.35,2.512,-9.49,-2.44,3.89,1.4,external,WX-MCS-001
2026-07-14T00:00:00Z,REG-SOUTH,WXS-SOUTH-01,24.57,32.8,28.6,29.24,30.08,9.991,very-high,63.51,0,false,27.93,11.27,14.94,26.239,1012.16,2.951,2.213,-7.91,-1.75,3.43,1.4,external,WX-MCS-001
2026-07-14T00:00:00Z,REG-DELTA,WXS-DELTA-01,26.68,33.56,30.05,30.76,32.43,10.018,very-high,76.02,0,false,35.92,9.79,15.99,27.73,1008.42,2.04,1.53,-4.76,-3.89,2.37,1.4,external,WX-MCS-001
2026-07-14T00:00:00Z,REG-ISLAND,WXS-ISLAND-01,24.77,32.24,28.43,28.88,30.22,10.063,very-high,73.99,0,false,40.61,9.27,19.15,28.146,1009.59,2.393,1.795,-6.56,-3.23,2.78,1.4,external,WX-MCS-001
2026-07-14T00:00:00Z,REG-NORTH,WXS-NORTH-01,16.21,24.3,20.18,20.74,21.11,5.456,moderate,71.74,0,false,34.76,9.21,15.21,15.615,1014.31,0.127,0.095,0.34,-1.97,0.15,0.007,external,WX-MCS-001
2026-07-14T00:00:00Z,REG-CENTRAL,WXS-CENTRAL-01,19.75,26.91,23.26,23.45,23.94,6.405,high,64.38,0,false,43.13,7.97,15.82,,1016.69,-0.084,-0.063,1.58,-1.42,-0.01,,external,WX-MCS-001
2026-07-15T00:00:00Z,REG-COASTAL,WXS-COASTAL-01,23.73,32.2,27.88,29.06,29.29,10.471,very-high,67.91,0,false,12.67,13.6,11.69,24.95,1015.93,3.476,2.607,-9.04,-2.44,4.04,1.4,external,WX-MCS-001
2026-07-15T00:00:00Z,REG-SOUTH,WXS-SOUTH-01,24.75,32.83,28.71,29.31,30.1,9.93,very-high,59.94,0,false,29.8,10.95,12.74,26.252,1012.23,2.847,2.135,-7.71,-1.75,3.31,1.4,external,WX-MCS-001
2026-07-15T00:00:00Z,REG-DELTA,WXS-DELTA-01,26.54,34.19,30.29,31.19,32.76,10.063,very-high,76.31,0,false,35.58,9.82,10.27,27.741,1010.37,2.01,1.508,-5.65,-3.89,2.33,1.4,external,WX-MCS-001
2026-07-15T00:00:00Z,REG-ISLAND,WXS-ISLAND-01,24.64,32.25,28.37,29.02,30.09,10.192,very-high,72.47,0,false,35.37,9.98,15.96,28.16,1009.81,2.354,1.765,-6.84,-3.23,2.73,1.4,external,WX-MCS-001
2026-07-15T00:00:00Z,REG-NORTH,WXS-NORTH-01,16.99,24.03,20.44,20.56,21.37,5.325,moderate,71.56,0,false,44.93,7.77,20.68,15.635,1018.04,0.127,0.095,-0.02,-1.97,0.15,0.008,external,WX-MCS-001
2026-07-15T00:00:00Z,REG-CENTRAL,WXS-CENTRAL-01,19.67,26.74,23.13,23.19,23.71,6.531,high,61.69,0,false,37.8,8.71,19.34,,1016.31,-0.087,-0.065,0.55,-1.42,-0.01,,external,WX-MCS-001
2026-07-16T00:00:00Z,REG-COASTAL,WXS-COASTAL-01,24.24,31.71,27.9,28.62,29.31,9.921,very-high,67.92,0,false,34.54,10.43,13.12,24.966,1015.53,3.232,2.424,-7.8,-2.44,3.75,1.4,external,WX-MCS-001
2026-07-16T00:00:00Z,REG-SOUTH,WXS-SOUTH-01,24.69,32.84,28.69,29.4,30.08,9.992,very-high,60.22,0,false,25.67,11.49,10.78,26.265,1011.52,2.758,2.069,-6.93,-1.75,3.2,1.4,external,WX-MCS-001
2026-07-16T00:00:00Z,REG-DELTA,WXS-DELTA-01,27.18,33.85,30.45,31.07,32.97,10.03,very-high,76.31,0,false,41.68,8.96,15.8,27.753,1007.98,2.03,1.522,-5.2,-3.89,2.36,1.4,external,WX-MCS-001
2026-07-16T00:00:00Z,REG-ISLAND,WXS-ISLAND-01,24.85,32.72,28.7,29.25,30.49,10.22,very-high,71.31,0,false,34.21,10.1,17.88,28.175,1009.81,2.278,1.709,-5.5,-3.23,2.64,1.4,external,WX-MCS-001
2026-07-16T00:00:00Z,REG-NORTH,WXS-NORTH-01,16.86,23.96,20.34,20.89,21.42,5.433,moderate,75.94,0,false,41.51,8.24,14.86,15.654,1015.82,0.124,0.093,0.6,-1.97,0.14,0.01,external,WX-MCS-001
2026-07-16T00:00:00Z,REG-CENTRAL,WXS-CENTRAL-01,19.41,27.34,23.3,23.52,23.89,6.608,high,61.98,0,false,35.35,9.04,16.8,,1017.56,-0.083,-0.062,0.58,-1.42,-0.01,,external,WX-MCS-001
2026-07-17T00:00:00Z,REG-COASTAL,WXS-COASTAL-01,24.15,31.91,27.95,28.78,29.33,10.205,very-high,66.73,0,false,26.63,11.58,13.4,24.982,1014.3,3.381,2.536,-9.56,-2.44,3.92,1.4,external,WX-MCS-001
2026-07-17T00:00:00Z,REG-SOUTH,WXS-SOUTH-01,25.09,32.96,28.95,29.19,30.44,9.951,very-high,60.84,0,false,35.43,10.15,18.93,26.277,1012.3,2.864,2.148,-7.23,-1.75,3.32,1.4,external,WX-MCS-001
2026-07-17T00:00:00Z,REG-DELTA,WXS-DELTA-01,27.62,32.37,29.95,30.17,32.52,9.148,very-high,82.25,8.08,true,66.53,4.65,22.27,27.764,1003.36,1.966,1.475,-0.5,4.19,1.48,1.4,external,WX-MCS-001
2026-07-17T00:00:00Z,REG-ISLAND,WXS-ISLAND-01,24.74,32.8,28.69,29.33,30.45,10.379,very-high,70.83,0,false,32.27,10.4,16.34,28.189,1011.04,2.362,1.772,-4.85,-3.23,2.74,1.4,external,WX-MCS-001
2026-07-17T00:00:00Z,REG-NORTH,WXS-NORTH-01,17.04,24.28,20.59,21.06,21.63,5.474,moderate,74.77,0,false,41.78,8.19,15.86,15.673,1017.28,0.124,0.093,-0.66,-1.97,0.14,0.011,external,WX-MCS-001
2026-07-17T00:00:00Z,REG-CENTRAL,WXS-CENTRAL-01,20.16,27.01,23.51,23.51,24.16,6.468,high,63.52,0,false,44.67,7.73,18.94,,1017.66,-0.082,-0.062,0.74,-1.42,-0.01,,external,WX-MCS-001
2026-07-18T00:00:00Z,REG-COASTAL,WXS-COASTAL-01,23.66,33.06,28.27,29.32,29.79,10.378,very-high,67.69,0,false,18.63,12.69,10.05,24.997,1014.72,3.379,2.534,-8.8,-2.44,3.92,1.4,external,WX-MCS-001
2026-07-18T00:00:00Z,REG-SOUTH,WXS-SOUTH-01,24.6,33.59,29,29.6,30.55,10.128,very-high,61.87,0,false,27.12,11.29,14.98,26.289,1012.08,2.824,2.118,-7.06,-1.75,3.27,1.4,external,WX-MCS-001
2026-07-18T00:00:00Z,REG-DELTA,WXS-DELTA-01,27.12,34.38,30.68,31.37,33.21,10.237,very-high,74.55,0,false,38.99,9.34,14.29,27.776,1008.25,2.074,1.555,-5.06,-3.89,2.4,1.4,external,WX-MCS-001
2026-07-18T00:00:00Z,REG-ISLAND,WXS-ISLAND-01,25.23,32.7,28.89,29.45,30.81,10.288,very-high,73.52,0,false,40.92,9.18,16.21,28.204,1011.42,2.37,1.777,-5.98,-3.23,2.75,1.4,external,WX-MCS-001
2026-07-18T00:00:00Z,REG-NORTH,WXS-NORTH-01,16.97,24.36,20.59,21.04,21.54,5.652,moderate,72.09,0,false,34.21,9.24,17.98,15.693,1016.07,0.122,0.092,-0.62,-1.97,0.14,0.012,external,WX-MCS-001
2026-07-18T00:00:00Z,REG-CENTRAL,WXS-CENTRAL-01,19.79,27.02,23.33,23.26,23.83,6.46,high,59.29,0,false,46.42,7.47,17.44,,1017.67,-0.086,-0.065,-0.35,-1.42,-0.01,,external,WX-MCS-001
2026-07-19T00:00:00Z,REG-COASTAL,WXS-COASTAL-01,24.11,32.43,28.19,29.07,29.67,10.239,very-high,67.36,0,false,26.11,11.61,12.64,25.013,1015.25,3.33,2.498,-8.11,-2.44,3.86,1.4,external,WX-MCS-001
2026-07-19T00:00:00Z,REG-SOUTH,WXS-SOUTH-01,25.26,33.74,29.42,30.07,31.12,10.195,very-high,62.45,0,false,24.4,11.63,15.08,26.302,1010.63,2.768,2.076,-6.17,-1.75,3.2,1.4,external,WX-MCS-001
2026-07-19T00:00:00Z,REG-DELTA,WXS-DELTA-01,26.82,34.57,30.61,31.56,33.13,10.381,very-high,74.78,0,false,30.76,10.44,10.18,27.787,1008.74,1.983,1.487,-5.51,-3.89,2.3,1.4,external,WX-MCS-001
2026-07-19T00:00:00Z,REG-ISLAND,WXS-ISLAND-01,26.11,31.19,28.6,28.81,30.6,9.477,very-high,78.33,14.58,true,65.42,4.96,20.25,28.219,1006.67,2.399,1.799,-1.53,11.35,1.98,1.4,external,WX-MCS-001
2026-07-19T00:00:00Z,REG-NORTH,WXS-NORTH-01,16.85,24.68,20.69,21.23,21.6,5.614,moderate,71.04,0,false,38.73,8.6,13.48,15.713,1017.51,0.128,0.096,-0.24,-1.97,0.15,0.014,external,WX-MCS-001
2026-07-19T00:00:00Z,REG-CENTRAL,WXS-CENTRAL-01,19.46,27.42,23.36,23.42,23.94,6.65,high,61.67,0,false,37.23,8.75,19.29,,1017.23,-0.086,-0.064,-0.43,-1.42,-0.01,,external,WX-MCS-001
2026-07-20T00:00:00Z,REG-COASTAL,WXS-COASTAL-01,24.39,32.65,28.43,29.37,29.97,10.33,very-high,66.71,0,false,23.44,11.98,10.88,25.028,1014.73,3.342,2.506,-9.07,-2.44,3.87,1.4,external,WX-MCS-001
2026-07-20T00:00:00Z,REG-SOUTH,WXS-SOUTH-01,25.25,33.65,29.36,29.95,31.01,10.314,very-high,61.27,0,false,23.87,11.72,16.16,26.314,1009.3,2.831,2.123,-7.03,-1.75,3.27,1.4,external,WX-MCS-001
2026-07-20T00:00:00Z,REG-DELTA,WXS-DELTA-01,27.4,34.62,30.94,31.93,33.73,10.4,very-high,79.76,0,false,31.48,10.31,13.26,27.799,1008.53,1.941,1.456,-4.84,-3.89,2.25,1.4,external,WX-MCS-001
2026-07-20T00:00:00Z,REG-ISLAND,WXS-ISLAND-01,25.68,31.29,28.43,28.67,30.33,9.538,very-high,77.16,9.07,true,63.65,5.19,18.89,28.234,1007.54,2.365,1.774,-1.32,5.84,1.94,1.4,external,WX-MCS-001
2026-07-20T00:00:00Z,REG-NORTH,WXS-NORTH-01,17.38,24.52,20.88,21.23,21.81,5.539,moderate,71.62,0,false,44.69,7.76,15.66,15.732,1017.97,0.123,0.092,-1.68,-1.97,0.14,0.015,external,WX-MCS-001
2026-07-20T00:00:00Z,REG-CENTRAL,WXS-CENTRAL-01,19.77,27.36,23.49,23.38,23.97,6.573,high,58.79,0,false,42.66,7.98,19.36,,1017.56,-0.089,-0.067,0.43,-1.42,-0.01,,external,WX-MCS-001
2026-07-21T00:00:00Z,REG-COASTAL,WXS-COASTAL-01,25.08,32.83,28.88,29.61,30.62,10.28,very-high,68.44,0,false,32.61,10.73,13.86,25.042,1013.45,3.449,2.586,-8.65,-2.44,3.99,1.4,external,WX-MCS-001
2026-07-21T00:00:00Z,REG-SOUTH,WXS-SOUTH-01,25.32,33.67,29.41,29.94,31.1,10.194,very-high,61.88,0,false,29.25,10.91,15.37,26.325,1010.2,2.715,2.036,-6.34,-1.75,3.14,1.4,external,WX-MCS-001
2026-07-21T00:00:00Z,REG-DELTA,WXS-DELTA-01,27.63,34.49,30.99,31.69,33.75,10.266,very-high,78.15,0,false,42.72,8.74,14.22,27.81,1008.58,1.948,1.461,-4.62,-3.89,2.25,1.4,external,WX-MCS-001
2026-07-21T00:00:00Z,REG-ISLAND,WXS-ISLAND-01,25.19,32.92,28.98,29.58,30.91,10.535,very-high,72.82,0,false,35.31,9.92,17.04,28.249,1011.63,2.344,1.758,-5.67,-3.23,2.71,1.4,external,WX-MCS-001
2026-07-21T00:00:00Z,REG-NORTH,WXS-NORTH-01,17.45,24.59,20.95,21.34,21.9,5.668,moderate,72.03,0,false,39.39,8.49,17.17,15.752,1017.7,0.123,0.092,-0.07,-1.97,0.14,0.017,external,WX-MCS-001
2026-07-21T00:00:00Z,REG-CENTRAL,WXS-CENTRAL-01,19.75,26.9,23.25,23.25,23.9,6.665,high,63.39,0,false,39.01,8.48,20.96,,1018.76,-0.083,-0.062,0.55,-1.42,-0.01,,external,WX-MCS-001
2026-07-22T00:00:00Z,REG-COASTAL,WXS-COASTAL-01,24.67,33.03,28.76,29.75,30.5,10.347,very-high,69.23,0,false,24.23,11.82,11.48,25.057,1014,3.286,2.464,-8.41,-2.44,3.8,1.4,external,WX-MCS-001
2026-07-22T00:00:00Z,REG-SOUTH,WXS-SOUTH-01,25.71,33.87,29.71,30.35,31.44,10.363,very-high,60.77,0,false,26.15,11.35,13.46,26.337,1009.72,2.778,2.084,-7.54,-1.75,3.21,1.4,external,WX-MCS-001
2026-07-22T00:00:00Z,REG-DELTA,WXS-DELTA-01,27.07,35,30.96,31.57,33.68,10.521,very-high,77.34,0,false,31.89,10.23,20.22,27.822,1008.73,1.945,1.458,-5.25,-3.89,2.25,1.4,external,WX-MCS-001
2026-07-22T00:00:00Z,REG-ISLAND,WXS-ISLAND-01,25.07,32.62,28.77,29.37,30.6,10.613,very-high,72.02,0,false,33.33,10.18,17.4,28.265,1012.53,2.334,1.751,-6.17,-3.23,2.7,1.4,external,WX-MCS-001
2026-07-22T00:00:00Z,REG-NORTH,WXS-NORTH-01,17.77,23.05,20.36,20.37,21.51,4.5,moderate,78.06,5.42,true,81.18,1.87,24.58,15.772,1015.08,0.128,0.096,4.94,3.45,-0.65,0.018,external,WX-MCS-001
2026-07-22T00:00:00Z,REG-CENTRAL,WXS-CENTRAL-01,20.16,27.07,23.55,23.75,24.25,6.668,high,65.21,0,false,39.92,8.34,16.92,,1016.25,-0.085,-0.064,0.52,-1.42,-0.01,,external,WX-MCS-001
2026-07-23T00:00:00Z,REG-COASTAL,WXS-COASTAL-01,25.2,33.23,29.14,30.08,30.85,10.559,very-high,65.27,0,false,21.42,12.26,9.78,25.071,1011.39,3.448,2.586,-8.77,-2.44,3.98,1.4,external,WX-MCS-001
2026-07-23T00:00:00Z,REG-SOUTH,WXS-SOUTH-01,25.92,34.18,29.96,30.62,31.78,10.37,very-high,60.55,0,false,28.39,11.02,11.56,26.349,1009.39,2.752,2.064,-6.67,-1.75,3.18,1.4,external,WX-MCS-001
2026-07-23T00:00:00Z,REG-DELTA,WXS-DELTA-01,27.48,34.81,31.07,31.91,33.89,10.508,very-high,79.24,0,false,35.52,9.71,14.65,27.834,1009.28,1.934,1.45,-4.11,-3.89,2.23,1.4,external,WX-MCS-001
2026-07-23T00:00:00Z,REG-ISLAND,WXS-ISLAND-01,25.15,32.72,28.86,29.87,30.89,10.748,very-high,76.84,0,false,26.03,11.16,13.76,28.281,1012.07,2.277,1.708,-4.82,-3.23,2.63,1.4,external,WX-MCS-001
2026-07-23T00:00:00Z,REG-NORTH,WXS-NORTH-01,17.41,24.71,20.98,21.42,21.81,5.676,moderate,68.57,0,false,42.41,8.05,12.78,15.792,1019.52,0.13,0.097,-0.13,-1.97,0.15,0.019,external,WX-MCS-001
2026-07-23T00:00:00Z,REG-CENTRAL,WXS-CENTRAL-01,19.93,27.59,23.68,23.77,24.31,6.716,high,62.98,0,false,38.41,8.54,18.88,,1018.9,-0.085,-0.063,0.35,-1.42,-0.01,,external,WX-MCS-001
2026-07-24T00:00:00Z,REG-COASTAL,WXS-COASTAL-01,25.26,33.57,29.33,30.11,31.15,10.493,very-high,66.41,0,false,23.63,11.9,15.16,25.085,1013.13,3.356,2.517,-8.89,-2.44,3.87,1.4,external,WX-MCS-001
2026-07-24T00:00:00Z,REG-SOUTH,WXS-SOUTH-01,26.15,34.34,30.16,30.65,32.07,10.46,very-high,61.4,0,false,27.47,11.14,16.84,26.361,1009.54,2.76,2.07,-7.72,-1.75,3.18,1.4,external,WX-MCS-001
2026-07-24T00:00:00Z,REG-DELTA,WXS-DELTA-01,27.82,34.78,31.23,31.71,33.92,10.325,very-high,74,0,false,46.65,8.13,15.09,27.846,1009.63,1.877,1.408,-4.78,-3.89,2.16,1.4,external,WX-MCS-001
2026-07-24T00:00:00Z,REG-ISLAND,WXS-ISLAND-01,26.06,31.27,28.61,28.69,30.59,9.395,very-high,77.53,7.51,true,77.7,3.17,22.79,28.297,1009.44,2.254,1.69,-0.63,4.28,1.8,1.4,external,WX-MCS-001
2026-07-24T00:00:00Z,REG-NORTH,WXS-NORTH-01,17.33,24.48,20.83,21.21,21.67,5.692,moderate,68.99,0,false,42.83,7.98,14.19,15.812,1018.21,0.127,0.095,0.11,-1.97,0.15,0.02,external,WX-MCS-001
2026-07-24T00:00:00Z,REG-CENTRAL,WXS-CENTRAL-01,20.55,25.76,23.11,22.99,23.95,5.614,moderate,69.22,4.8,true,75.58,2.57,22.4,,1012.43,-0.089,-0.067,4.8,3.37,-0.81,,external,WX-MCS-001
2026-07-25T00:00:00Z,REG-COASTAL,WXS-COASTAL-01,25.11,33.52,29.23,29.99,31.08,10.484,very-high,68.52,0,false,25.09,11.67,16.13,25.099,1011.98,3.319,2.489,-8.88,-2.44,3.82,1.4,external,WX-MCS-001
2026-07-25T00:00:00Z,REG-SOUTH,WXS-SOUTH-01,26.12,34.48,30.21,30.97,32.19,10.613,very-high,62.88,0,false,26.61,11.28,11.89,26.372,1011.16,2.851,2.138,-7.07,-1.75,3.28,1.4,external,WX-MCS-001
2026-07-25T00:00:00Z,REG-DELTA,WXS-DELTA-01,28.48,33.13,30.76,30.93,33.6,9.364,very-high,82.63,17.29,true,79.53,2.78,23.45,27.857,1005.96,1.908,1.431,-0.03,13.4,1.4,1.4,external,WX-MCS-001
2026-07-25T00:00:00Z,REG-ISLAND,WXS-ISLAND-01,25.95,31.28,28.56,28.62,30.59,9.746,very-high,79.44,5.69,true,63.78,5.13,24.31,28.313,1008.39,2.335,1.751,-1.02,2.46,1.89,1.4,external,WX-MCS-001
2026-07-25T00:00:00Z,REG-NORTH,WXS-NORTH-01,17.7,24.56,21.06,21.49,22,5.711,moderate,71.86,0,false,42.91,7.96,14.54,15.832,1019.43,0.126,0.094,-0.15,-1.97,0.14,0.022,external,WX-MCS-001
2026-07-25T00:00:00Z,REG-CENTRAL,WXS-CENTRAL-01,19.81,27.58,23.62,23.84,24.21,6.78,high,61.96,0,false,37,8.71,15.94,,1015.64,-0.088,-0.066,0.13,-1.42,-0.01,,external,WX-MCS-001
2026-07-26T00:00:00Z,REG-COASTAL,WXS-COASTAL-01,25.37,33.66,29.43,30.37,31.33,10.473,very-high,67.97,0,false,24.32,11.73,11.93,25.112,1011.51,3.225,2.419,-8.78,-2.44,3.71,1.4,external,WX-MCS-001
2026-07-26T00:00:00Z,REG-SOUTH,WXS-SOUTH-01,25.95,34.86,30.32,31.11,32.29,10.738,very-high,61.9,0,false,20.61,12.07,12.87,26.383,1009.24,2.781,2.085,-6.56,-1.75,3.2,1.4,external,WX-MCS-001
2026-07-26T00:00:00Z,REG-DELTA,WXS-DELTA-01,28,33.36,30.63,30.86,33.37,9.58,very-high,81.04,7.74,true,69.03,4.21,21.29,27.869,1004.79,1.87,1.403,-0.36,3.85,1.35,1.4,external,WX-MCS-001
2026-07-26T00:00:00Z,REG-ISLAND,WXS-ISLAND-01,25.06,32.65,28.78,29.48,30.68,10.79,very-high,73.91,0,false,32.34,10.26,16.39,28.329,1013.55,2.321,1.741,-4.71,-3.23,2.67,1.4,external,WX-MCS-001
2026-07-26T00:00:00Z,REG-NORTH,WXS-NORTH-01,18.11,23.21,20.61,20.85,21.79,4.75,moderate,78.64,7.6,true,72.41,3.07,19.88,15.851,1013.33,0.125,0.094,4.8,5.63,-0.66,0.023,external,WX-MCS-001
2026-07-26T00:00:00Z,REG-CENTRAL,WXS-CENTRAL-01,19.65,27.26,23.38,23.64,24.04,6.783,high,63.99,0,false,37.95,8.57,15.72,,1014.29,-0.091,-0.068,0.76,-1.42,-0.01,,external,WX-MCS-001
2026-07-27T00:00:00Z,REG-COASTAL,WXS-COASTAL-01,25.58,33.64,29.53,30.18,31.49,10.365,very-high,68.91,0,false,33.47,10.45,15.32,25.125,1013.11,3.235,2.427,-7.83,-2.44,3.72,1.4,external,WX-MCS-001
2026-07-27T00:00:00Z,REG-SOUTH,WXS-SOUTH-01,26.87,32.68,29.72,29.83,31.71,9.524,very-high,68.1,11.52,true,63.15,5.34,16.71,26.395,1006.4,2.69,2.017,-0.67,9.77,2.29,1.4,external,WX-MCS-001
2026-07-27T00:00:00Z,REG-DELTA,WXS-DELTA-01,27.79,34.39,31.02,31.83,33.78,10.605,very-high,77.9,0,false,39.87,9.03,12.76,27.881,1011.75,1.866,1.4,-5.18,-3.89,2.15,1.4,external,WX-MCS-001
2026-07-27T00:00:00Z,REG-ISLAND,WXS-ISLAND-01,24.99,32.42,28.63,29.36,30.5,10.747,very-high,74.45,0,false,34.72,9.9,15.07,28.346,1014.11,2.276,1.707,-5.14,-3.23,2.62,1.4,external,WX-MCS-001
2026-07-27T00:00:00Z,REG-NORTH,WXS-NORTH-01,17.42,24.42,20.85,21.21,21.8,5.825,moderate,72.04,0,false,38.67,8.52,17.99,15.871,1018.97,0.124,0.093,-0.11,-1.97,0.14,0.024,external,WX-MCS-001
2026-07-27T00:00:00Z,REG-CENTRAL,WXS-CENTRAL-01,20.17,27.25,23.64,23.41,24.26,6.612,high,62.88,0,false,48.67,7.08,21.73,,1016.51,-0.09,-0.067,-0.11,-1.42,-0.01,,external,WX-MCS-001
2026-07-28T00:00:00Z,REG-COASTAL,WXS-COASTAL-01,26.02,33.66,29.76,30.51,31.82,10.413,very-high,69.42,0,false,35.3,10.2,12.64,25.138,1013.06,3.276,2.457,-7.81,-2.44,3.76,1.4,external,WX-MCS-001
2026-07-28T00:00:00Z,REG-SOUTH,WXS-SOUTH-01,26.54,34.77,30.58,31.13,32.66,10.737,very-high,62.56,0,false,30.64,10.67,14.53,26.406,1012,2.833,2.125,-7.97,-1.75,3.25,1.4,external,WX-MCS-001
2026-07-28T00:00:00Z,REG-DELTA,WXS-DELTA-01,27.87,34.35,31.05,31.71,33.81,10.604,very-high,77.93,0,false,45.54,8.27,13.73,27.893,1011.33,1.934,1.451,-5.37,-3.89,2.22,1.4,external,WX-MCS-001
2026-07-28T00:00:00Z,REG-ISLAND,WXS-ISLAND-01,25.66,31.38,28.46,28.63,30.38,9.803,very-high,77.24,9.23,true,67.19,4.64,20.64,28.363,1009.5,2.354,1.766,-0.9,5.99,1.9,1.4,external,WX-MCS-001
2026-07-28T00:00:00Z,REG-NORTH,WXS-NORTH-01,17.37,24.82,21.02,21.55,21.99,5.873,moderate,72.75,0,false,37.06,8.73,14.97,15.891,1018.55,0.126,0.094,-1.95,-1.97,0.14,0.025,external,WX-MCS-001
2026-07-28T00:00:00Z,REG-CENTRAL,WXS-CENTRAL-01,20.09,27.47,23.71,23.99,24.33,6.794,high,62.65,0,false,40.01,8.26,13.72,,1014.58,-0.087,-0.065,0.68,-1.42,-0.01,,external,WX-MCS-001
2026-07-29T00:00:00Z,REG-COASTAL,WXS-COASTAL-01,25.83,34,29.84,30.78,31.94,10.682,very-high,69.98,0,false,23.4,11.83,13.38,25.151,1011.86,3.279,2.46,-8.31,-2.44,3.76,1.4,external,WX-MCS-001
2026-07-29T00:00:00Z,REG-SOUTH,WXS-SOUTH-01,26.57,34.62,30.51,30.9,32.6,10.616,very-high,63.51,0,false,34.34,10.08,16.92,26.417,1011.74,2.668,2.001,-6.99,-1.75,3.06,1.4,external,WX-MCS-001
2026-07-29T00:00:00Z,REG-DELTA,WXS-DELTA-01,27.3,34.85,31,31.94,33.77,10.803,very-high,78.41,0,false,34.48,9.75,11.64,27.905,1010.42,1.87,1.403,-4.93,-3.89,2.15,1.4,external,WX-MCS-001
2026-07-29T00:00:00Z,REG-ISLAND,WXS-ISLAND-01,25.56,31.12,28.28,28.42,30.12,9.792,very-high,76.78,9.34,true,68.51,4.45,20.91,28.38,1008.96,2.334,1.75,-0.02,6.11,1.88,1.4,external,WX-MCS-001
2026-07-29T00:00:00Z,REG-NORTH,WXS-NORTH-01,17.53,24.66,21.02,21.34,21.96,5.783,moderate,71.68,0,false,42.94,7.91,16.76,15.91,1017.61,0.126,0.094,-0.81,-1.97,0.14,0.026,external,WX-MCS-001
2026-07-29T00:00:00Z,REG-CENTRAL,WXS-CENTRAL-01,19.85,27.95,23.82,24.02,24.36,6.961,high,60.32,0,false,31.98,9.35,17.32,,1015.41,-0.088,-0.066,0.43,-1.42,-0.01,,external,WX-MCS-001
2026-07-30T00:00:00Z,REG-COASTAL,WXS-COASTAL-01,25.72,34.26,29.9,30.86,31.97,10.867,very-high,68.3,0,false,17.82,12.59,14.38,25.163,1010.8,3.32,2.49,-8.95,-2.44,3.81,1.4,external,WX-MCS-001
2026-07-30T00:00:00Z,REG-SOUTH,WXS-SOUTH-01,26.27,34.77,30.43,31.18,32.39,10.942,very-high,60.36,0,false,22.84,11.68,10.94,26.428,1010.51,2.735,2.051,-7.17,-1.75,3.13,1.4,external,WX-MCS-001
2026-07-30T00:00:00Z,REG-DELTA,WXS-DELTA-01,27.46,34.49,30.9,31.74,33.68,10.756,very-high,79.71,0,false,42.16,8.71,11.71,27.917,1012.35,1.931,1.449,-4.12,-3.89,2.21,1.4,external,WX-MCS-001
2026-07-30T00:00:00Z,REG-ISLAND,WXS-ISLAND-01,24.86,32.47,28.59,29.21,30.42,10.848,very-high,73.66,0,false,33.43,10.04,17.35,28.397,1013.91,2.266,1.699,-6.54,-3.23,2.6,1.4,external,WX-MCS-001
2026-07-30T00:00:00Z,REG-NORTH,WXS-NORTH-01,17.69,24.29,20.92,20.99,21.88,5.739,moderate,72.48,0,false,46.41,7.42,21.38,15.93,1016.54,0.131,0.098,-0.6,-1.97,0.15,0.027,external,WX-MCS-001
2026-07-30T00:00:00Z,REG-CENTRAL,WXS-CENTRAL-01,20.46,27.5,23.91,23.88,24.52,6.828,high,62.45,0,false,40.64,8.15,19.97,,1014.37,-0.092,-0.069,0.23,-1.42,-0.01,,external,WX-MCS-001
2026-07-31T00:00:00Z,REG-COASTAL,WXS-COASTAL-01,26.21,34.02,30.04,30.83,32.14,10.601,very-high,68.16,0,false,32.23,10.57,8.65,25.175,1011.97,3.238,2.428,-8.95,-2.44,3.71,1.4,external,WX-MCS-001
2026-07-31T00:00:00Z,REG-SOUTH,WXS-SOUTH-01,26.6,34.53,30.49,31.15,32.5,10.88,very-high,61.35,0,false,26.08,11.18,12.85,26.439,1011.68,2.64,1.98,-6.08,-1.75,3.02,1.4,external,WX-MCS-001
2026-07-31T00:00:00Z,REG-DELTA,WXS-DELTA-01,27.53,33.45,30.43,30.58,33.14,9.905,very-high,82.03,14.79,true,63.88,4.89,23.68,27.93,1007.63,1.863,1.398,-0.18,10.9,1.33,1.4,external,WX-MCS-001
2026-07-31T00:00:00Z,REG-ISLAND,WXS-ISLAND-01,25.09,32.42,28.68,29.3,30.56,10.844,very-high,74.12,0,false,38.2,9.4,15.81,28.414,1014,2.345,1.759,-5.2,-3.23,2.69,1.4,external,WX-MCS-001
2026-07-31T00:00:00Z,REG-NORTH,WXS-NORTH-01,17.83,24.23,20.97,21.26,21.93,5.735,moderate,72.55,0,false,47.43,7.27,16,15.949,1018.02,0.131,0.098,-1.16,-1.97,0.15,0.028,external,WX-MCS-001
2026-07-31T00:00:00Z,REG-CENTRAL,WXS-CENTRAL-01,20.14,27.52,23.75,23.88,24.35,6.944,high,61.95,0,false,35.82,8.8,18.17,,1014.23,-0.09,-0.068,0.2,-1.42,-0.01,,external,WX-MCS-001
2026-08-01T00:00:00Z,REG-COASTAL,WXS-COASTAL-01,25.82,34.31,29.98,30.83,32.07,10.71,very-high,68.31,0,false,28.88,11.01,11.17,25.187,1012.79,3.227,2.42,-8.41,-2.44,3.69,1.4,external,WX-MCS-001
2026-08-01T00:00:00Z,REG-SOUTH,WXS-SOUTH-01,26.24,34.58,30.32,30.75,32.26,10.94,very-high,60.9,0,false,25.57,11.22,17.88,26.45,1013.46,2.619,1.964,-6.32,-1.75,3,1.4,external,WX-MCS-001
2026-08-01T00:00:00Z,REG-DELTA,WXS-DELTA-01,27.44,34.61,30.95,31.71,33.69,10.858,very-high,77.93,0,false,41.08,8.83,13.2,27.942,1013.33,1.935,1.451,-5.01,-3.89,2.21,1.4,external,WX-MCS-001
2026-08-01T00:00:00Z,REG-ISLAND,WXS-ISLAND-01,25.57,30.88,28.17,28.32,29.99,9.928,very-high,77,13.85,true,66.13,4.77,20.91,28.431,1009.84,2.368,1.776,-1.6,10.62,1.91,1.4,external,WX-MCS-001
2026-08-01T00:00:00Z,REG-NORTH,WXS-NORTH-01,17.54,24.91,21.15,21.43,22.15,5.755,moderate,73.59,0,false,46.95,7.32,17.07,15.968,1015.83,0.128,0.096,0.11,-1.97,0.15,0.029,external,WX-MCS-001
2026-08-01T00:00:00Z,REG-CENTRAL,WXS-CENTRAL-01,20.55,27.59,24,24.07,24.69,6.861,high,64.84,0,false,42.12,7.92,18.5,,1014.14,-0.088,-0.066,0.76,-1.42,-0.01,,external,WX-MCS-001
2026-08-02T00:00:00Z,REG-COASTAL,WXS-COASTAL-01,26.01,34.71,30.27,31.09,32.42,10.907,very-high,67.41,0,false,24.7,11.6,13.96,25.199,1012.13,3.312,2.484,-8.36,-2.44,3.78,1.4,external,WX-MCS-001
2026-08-02T00:00:00Z,REG-SOUTH,WXS-SOUTH-01,26.41,34.38,30.31,30.86,32.33,10.94,very-high,63.03,0,false,30.36,10.56,14.61,26.461,1013.14,2.648,1.986,-6.14,-1.75,3.03,1.4,external,WX-MCS-001
2026-08-02T00:00:00Z,REG-DELTA,WXS-DELTA-01,27.78,33.02,30.35,30.77,33.06,9.752,very-high,82.66,14.59,true,75.13,3.32,18.01,27.954,1006.99,1.832,1.374,-0.48,10.7,1.29,1.4,external,WX-MCS-001
2026-08-02T00:00:00Z,REG-ISLAND,WXS-ISLAND-01,25.02,32.22,28.55,29.19,30.41,10.842,very-high,74.68,0,false,34.99,9.76,16.59,28.449,1013.88,2.216,1.662,-5.62,-3.23,2.53,1.4,external,WX-MCS-001
2026-08-02T00:00:00Z,REG-NORTH,WXS-NORTH-01,18.49,23.17,20.78,20.84,21.87,4.805,moderate,76.12,11.97,true,75.44,2.61,22.37,15.987,1011.13,0.127,0.095,4.56,10,-0.65,0.03,external,WX-MCS-001
2026-08-02T00:00:00Z,REG-CENTRAL,WXS-CENTRAL-01,20.44,27.72,24.01,23.96,24.59,6.882,high,61.56,0,false,42.7,7.83,19.09,,1013.13,-0.088,-0.066,0.83,-1.42,-0.01,,external,WX-MCS-001
2026-08-03T00:00:00Z,REG-COASTAL,WXS-COASTAL-01,25.93,34.2,29.98,30.75,32.02,10.851,very-high,66.89,0,false,24.1,11.59,14.83,25.21,1012.6,3.146,2.36,-7.96,-2.44,3.59,1.4,external,WX-MCS-001
2026-08-03T00:00:00Z,REG-SOUTH,WXS-SOUTH-01,26.33,34.47,30.32,30.83,32.31,10.96,very-high,62.54,0,false,30.54,10.5,14.97,26.472,1012.39,2.596,1.947,-6.3,-1.75,2.96,1.4,external,WX-MCS-001
2026-08-03T00:00:00Z,REG-DELTA,WXS-DELTA-01,27.08,34.85,30.88,31.82,33.61,11.069,extreme,78.15,0,false,32.16,10.01,12.8,27.967,1012.87,1.915,1.436,-3.58,-3.89,2.19,1.4,external,WX-MCS-001
2026-08-03T00:00:00Z,REG-ISLAND,WXS-ISLAND-01,24.5,32.37,28.36,29.09,30.09,11.036,extreme,73.05,0,false,29.84,10.49,15.89,28.466,1013.82,2.33,1.747,-6.09,-3.23,2.66,1.4,external,WX-MCS-001
2026-08-03T00:00:00Z,REG-NORTH,WXS-NORTH-01,17.85,24.42,21.07,21.37,22.12,5.795,moderate,75.09,0,false,46.37,7.38,17.49,16.006,1016.1,0.13,0.097,-0.62,-1.97,0.15,0.031,external,WX-MCS-001
2026-08-03T00:00:00Z,REG-CENTRAL,WXS-CENTRAL-01,21.12,27.72,24.36,24.1,24.91,6.779,high,60.81,0,false,50.19,6.79,20.85,,1012.94,-0.088,-0.066,-0.7,-1.42,-0.01,,external,WX-MCS-001
