regionId,dayOfYear,temperatureMeanNormalC,uvIndexNormal,humidityNormalPct,precipitationNormalMm,sunshineNormalHours,baselinePeriodStart,baselinePeriodEnd,baselineLabel,provenance
REG-COASTAL,1,19.545,5.637,73.8,2.7,6.08,2015-01-01,2024-12-31,10-year climate normal,external
REG-COASTAL,2,19.438,5.585,73.9,2.71,6.05,2015-01-01,2024-12-31,10-year climate normal,external
REG-COASTAL,3,19.332,5.533,74,2.72,6.01,2015-01-01,2024-12-31,10-year climate normal,external
REG-COASTAL,4,19.227,5.481,74.1,2.74,5.97,2015-01-01,2024-12-31,10-year climate normal,external
REG-COASTAL,5,19.123,5.43,74.19,2.75,5.94,2015-01-01,2024-12-31,10-year climate normal,external
REG-COASTAL,6,19.019,5.379,74.29,2.76,5.9,2015-01-01,2024-12-31,10-year climate normal,external
REG-COASTAL,7,18.916,5.328,74.39,2.78,5.87,2015-01-01,2024-12-31,10-year climate normal,external
REG-COASTAL,8,18.814,5.278,74.48,2.79,5.83,2015-01-01,2024-12-31,10-year climate normal,external
REG-COASTAL,9,18.712,5.228,74.57,2.8,5.79,2015-01-01,2024-12-31,10-year climate normal,external
REG-COASTAL,10,18.612,5.178,74.67,2.82,5.76,2015-01-01,2024-12-31,10-year climate normal,external
REG-COASTAL,11,18.512,5.129,74.76,2.83,5.73,2015-01-01,2024-12-31,10-year climate normal,external
REG-COASTAL,12,18.413,5.08,74.85,2.84,5.69,2015-01-01,2024-12-31,10-year climate normal,external
REG-COASTAL,13,18.315,5.032,74.94,2.86,5.66,2015-01-01,2024-12-31,10-year climate normal,external
REG-COASTAL,14,18.218,4.984,75.03,2.87,5.62,2015-01-01,2024-12-31,10-year climate normal,external
REG-COASTAL,15,18.122,4.937,75.12,2.88,5.59,2015-01-01,2024-12-31,10-year climate normal,external
REG-COASTAL,16,18.027,4.89,75.21,2.89,5.56,2015-01-01,2024-12-31,10-year climate normal,external
REG-COASTAL,17,17.933,4.844,75.29,2.91,5.52,2015-01-01,2024-12-31,10-year climate normal,external
REG-COASTAL,18,17.84,4.798,75.38,2.92,5.49,2015-01-01,2024-12-31,10-year climate normal,external
REG-COASTAL,19,17.748,4.753,75.46,2.93,5.46,2015-01-01,2024-12-31,10-year climate normal,external
REG-COASTAL,20,17.657,4.708,75.55,2.94,5.43,2015-01-01,2024-12-31,10-year climate normal,external
REG-COASTAL,21,17.567,4.664,75.63,2.95,5.4,2015-01-01,2024-12-31,10-year climate normal,external
REG-COASTAL,22,17.479,4.62,75.71,2.97,5.37,2015-01-01,2024-12-31,10-year climate normal,external
REG-COASTAL,23,17.391,4.577,75.79,2.98,5.34,2015-01-01,2024-12-31,10-year climate normal,external
REG-COASTAL,24,17.305,4.535,75.87,2.99,5.31,2015-01-01,2024-12-31,10-year climate normal,external
REG-COASTAL,25,17.22,4.493,75.95,3,5.28,2015-01-01,2024-12-31,10-year climate normal,external
REG-COASTAL,26,17.137,4.452,76.03,3.01,5.25,2015-01-01,2024-12-31,10-year climate normal,external
REG-COASTAL,27,17.055,4.411,76.1,3.02,5.22,2015-01-01,2024-12-31,10-year climate normal,external
REG-COASTAL,28,16.974,4.372,76.18,3.03,5.19,2015-01-01,2024-12-31,10-year climate normal,external
REG-COASTAL,29,16.894,4.332,76.25,3.04,5.16,2015-01-01,2024-12-31,10-year climate normal,external
REG-COASTAL,30,16.816,4.294,76.32,3.05,5.14,2015-01-01,2024-12-31,10-year climate normal,external
REG-COASTAL,31,16.739,4.256,76.39,3.06,5.11,2015-01-01,2024-12-31,10-year climate normal,external
REG-COASTAL,32,16.663,4.219,76.46,3.07,5.08,2015-01-01,2024-12-31,10-year climate normal,external
REG-COASTAL,33,16.589,4.182,76.53,3.08,5.06,2015-01-01,2024-12-31,10-year climate normal,external
REG-COASTAL,34,16.517,4.147,76.6,3.09,5.03,2015-01-01,2024-12-31,10-year climate normal,external
REG-COASTAL,35,16.446,4.112,76.67,3.1,5.01,2015-01-01,2024-12-31,10-year climate normal,external
REG-COASTAL,36,16.376,4.077,76.73,3.11,4.98,2015-01-01,2024-12-31,10-year climate normal,external
REG-COASTAL,37,16.308,4.044,76.79,3.12,4.96,2015-01-01,2024-12-31,10-year climate normal,external
REG-COASTAL,38,16.241,4.011,76.85,3.13,4.94,2015-01-01,2024-12-31,10-year climate normal,external
REG-COASTAL,39,16.176,3.979,76.91,3.14,4.92,2015-01-01,2024-12-31,10-year climate normal,external
REG-COASTAL,40,16.113,3.948,76.97,3.15,4.89,2015-01-01,2024-12-31,10-year climate normal,external
REG-COASTAL,41,16.051,3.918,77.03,3.15,4.87,2015-01-01,2024-12-31,10-year climate normal,external
REG-COASTAL,42,15.991,3.888,77.09,3.16,4.85,2015-01-01,2024-12-31,10-year climate normal,external
REG-COASTAL,43,15.932,3.859,77.14,3.17,4.83,2015-01-01,2024-12-31,10-year climate normal,external
REG-COASTAL,44,15.876,3.831,77.19,3.18,4.81,2015-01-01,2024-12-31,10-year climate normal,external
REG-COASTAL,45,15.82,3.804,77.24,3.18,4.79,2015-01-01,2024-12-31,10-year climate normal,external
REG-COASTAL,46,15.767,3.777,77.29,3.19,4.77,2015-01-01,2024-12-31,10-year climate normal,external
REG-COASTAL,47,15.715,3.752,77.34,3.2,4.76,2015-01-01,2024-12-31,10-year climate normal,external
REG-COASTAL,48,15.665,3.727,77.39,3.2,4.74,2015-01-01,2024-12-31,10-year climate normal,external
REG-COASTAL,49,15.616,3.703,77.43,3.21,4.72,2015-01-01,2024-12-31,10-year climate normal,external
REG-COASTAL,50,15.57,3.68,77.47,3.22,4.7,2015-01-01,2024-12-31,10-year climate normal,external
REG-COASTAL,51,15.525,3.658,77.52,3.22,4.69,2015-01-01,2024-12-31,10-year climate normal,external
REG-COASTAL,52,15.481,3.637,77.56,3.23,4.67,2015-01-01,2024-12-31,10-year climate normal,external
REG-COASTAL,53,15.44,3.617,77.59,3.23,4.66,2015-01-01,2024-12-31,10-year climate normal,external
REG-COASTAL,54,15.401,3.597,77.63,3.24,4.65,2015-01-01,2024-12-31,10-year climate normal,external
REG-COASTAL,55,15.363,3.579,77.67,3.24,4.63,2015-01-01,2024-12-31,10-year climate normal,external
REG-COASTAL,56,15.327,3.561,77.7,3.25,4.62,2015-01-01,2024-12-31,10-year climate normal,external
REG-COASTAL,57,15.293,3.544,77.73,3.25,4.61,2015-01-01,2024-12-31,10-year climate normal,external
REG-COASTAL,58,15.237,2.873,77.76,3.26,4.6,2015-01-01,2024-12-31,10-year climate normal,external
REG-COASTAL,59,15.293,2.694,77.79,3.26,4.59,2015-01-01,2024-12-31,10-year climate normal,external
REG-COASTAL,60,15.518,2.872,77.81,3.27,4.58,2015-01-01,2024-12-31,10-year climate normal,external
REG-COASTAL,61,15.522,2.794,77.84,3.27,4.57,2015-01-01,2024-12-31,10-year climate normal,external
REG-COASTAL,62,15.203,1.842,77.86,3.27,4.56,2015-01-01,2024-12-31,10-year climate normal,external
REG-COASTAL,63,15.654,2.959,77.88,3.28,4.55,2015-01-01,2024-12-31,10-year climate normal,external
REG-COASTAL,64,15.555,2.954,77.9,3.28,4.54,2015-01-01,2024-12-31,10-year climate normal,external
REG-COASTAL,65,15.727,2.921,77.92,3.28,4.54,2015-01-01,2024-12-31,10-year climate normal,external
REG-COASTAL,66,15.858,2.962,77.94,3.28,4.53,2015-01-01,2024-12-31,10-year climate normal,external
REG-COASTAL,67,15.209,1.827,77.95,3.28,4.53,2015-01-01,2024-12-31,10-year climate normal,external
REG-COASTAL,68,15.625,2.89,77.96,3.29,4.52,2015-01-01,2024-12-31,10-year climate normal,external
REG-COASTAL,69,15.896,2.883,77.97,3.29,4.52,2015-01-01,2024-12-31,10-year climate normal,external
REG-COASTAL,70,15.398,1.84,77.98,3.29,4.51,2015-01-01,2024-12-31,10-year climate normal,external
REG-COASTAL,71,15.748,2.921,77.99,3.29,4.51,2015-01-01,2024-12-31,10-year climate normal,external
REG-COASTAL,72,15.657,2.918,77.99,3.29,4.51,2015-01-01,2024-12-31,10-year climate normal,external
REG-COASTAL,73,15.396,2.923,78,3.29,4.51,2015-01-01,2024-12-31,10-year climate normal,external
REG-COASTAL,74,15.597,2.835,78,3.29,4.51,2015-01-01,2024-12-31,10-year climate normal,external
REG-COASTAL,75,14.895,1.945,78,3.29,4.51,2015-01-01,2024-12-31,10-year climate normal,external
REG-COASTAL,76,15.006,1.916,78,3.29,4.51,2015-01-01,2024-12-31,10-year climate normal,external
REG-COASTAL,77,14.824,1.853,77.99,3.29,4.51,2015-01-01,2024-12-31,10-year climate normal,external
REG-COASTAL,78,15.094,2.746,77.99,3.29,4.51,2015-01-01,2024-12-31,10-year climate normal,external
REG-COASTAL,79,15.05,2.845,77.98,3.29,4.51,2015-01-01,2024-12-31,10-year climate normal,external
REG-COASTAL,80,15.092,2.66,77.97,3.29,4.52,2015-01-01,2024-12-31,10-year climate normal,external
REG-COASTAL,81,14.9,2.808,77.96,3.29,4.52,2015-01-01,2024-12-31,10-year climate normal,external
REG-COASTAL,82,14.443,1.628,77.95,3.28,4.53,2015-01-01,2024-12-31,10-year climate normal,external
REG-COASTAL,83,14.872,2.777,77.94,3.28,4.53,2015-01-01,2024-12-31,10-year climate normal,external
REG-COASTAL,84,14.814,2.775,77.92,3.28,4.54,2015-01-01,2024-12-31,10-year climate normal,external
REG-COASTAL,85,14.459,1.721,77.9,3.28,4.54,2015-01-01,2024-12-31,10-year climate normal,external
REG-COASTAL,86,14.782,2.835,77.88,3.28,4.55,2015-01-01,2024-12-31,10-year climate normal,external
REG-COASTAL,87,15.012,2.79,77.86,3.27,4.56,2015-01-01,2024-12-31,10-year climate normal,external
REG-COASTAL,88,14.718,1.736,77.84,3.27,4.57,2015-01-01,2024-12-31,10-year climate normal,external
REG-COASTAL,89,14.849,2.76,77.81,3.27,4.58,2015-01-01,2024-12-31,10-year climate normal,external
REG-COASTAL,90,14.744,1.658,77.79,3.26,4.59,2015-01-01,2024-12-31,10-year climate normal,external
REG-COASTAL,91,14.908,1.672,77.76,3.26,4.6,2015-01-01,2024-12-31,10-year climate normal,external
REG-COASTAL,92,15.354,2.807,77.73,3.25,4.61,2015-01-01,2024-12-31,10-year climate normal,external
REG-COASTAL,93,15.427,2.802,77.7,3.25,4.62,2015-01-01,2024-12-31,10-year climate normal,external
REG-COASTAL,94,15.235,2.624,77.67,3.24,4.63,2015-01-01,2024-12-31,10-year climate normal,external
REG-COASTAL,95,15.669,2.618,77.63,3.24,4.65,2015-01-01,2024-12-31,10-year climate normal,external
REG-COASTAL,96,15.412,1.766,77.59,3.23,4.66,2015-01-01,2024-12-31,10-year climate normal,external
REG-COASTAL,97,16.013,2.841,77.56,3.23,4.67,2015-01-01,2024-12-31,10-year climate normal,external
REG-COASTAL,98,16.075,2.715,77.52,3.22,4.69,2015-01-01,2024-12-31,10-year climate normal,external
REG-COASTAL,99,16.236,2.862,77.47,3.22,4.7,2015-01-01,2024-12-31,10-year climate normal,external
REG-COASTAL,100,16.104,2.794,77.43,3.21,4.72,2015-01-01,2024-12-31,10-year climate normal,external
REG-COASTAL,101,15.865,1.743,77.39,3.2,4.74,2015-01-01,2024-12-31,10-year climate normal,external
REG-COASTAL,102,16.297,2.914,77.34,3.2,4.76,2015-01-01,2024-12-31,10-year climate normal,external
REG-COASTAL,103,15.915,2.036,77.29,3.19,4.77,2015-01-01,2024-12-31,10-year climate normal,external
REG-COASTAL,104,16.362,2.782,77.24,3.18,4.79,2015-01-01,2024-12-31,10-year climate normal,external
REG-COASTAL,105,15.99,1.914,77.19,3.18,4.81,2015-01-01,2024-12-31,10-year climate normal,external
REG-COASTAL,106,16.473,3.085,77.14,3.17,4.83,2015-01-01,2024-12-31,10-year climate normal,external
REG-COASTAL,107,15.979,2.108,77.09,3.16,4.85,2015-01-01,2024-12-31,10-year climate normal,external
REG-COASTAL,108,16.157,2.205,77.03,3.15,4.87,2015-01-01,2024-12-31,10-year climate normal,external
REG-COASTAL,109,16.507,3.374,76.97,3.15,4.89,2015-01-01,2024-12-31,10-year climate normal,external
REG-COASTAL,110,16.535,3.272,76.91,3.14,4.92,2015-01-01,2024-12-31,10-year climate normal,external
REG-COASTAL,111,16.216,3.279,76.85,3.13,4.94,2015-01-01,2024-12-31,10-year climate normal,external
REG-COASTAL,112,16.475,3.319,76.79,3.12,4.96,2015-01-01,2024-12-31,10-year climate normal,external
REG-COASTAL,113,16.249,3.387,76.73,3.11,4.98,2015-01-01,2024-12-31,10-year climate normal,external
REG-COASTAL,114,16.426,3.426,76.67,3.1,5.01,2015-01-01,2024-12-31,10-year climate normal,external
REG-COASTAL,115,16.106,3.532,76.6,3.09,5.03,2015-01-01,2024-12-31,10-year climate normal,external
REG-COASTAL,116,16.38,3.598,76.53,3.08,5.06,2015-01-01,2024-12-31,10-year climate normal,external
REG-COASTAL,117,16.357,3.702,76.46,3.07,5.08,2015-01-01,2024-12-31,10-year climate normal,external
REG-COASTAL,118,16.386,3.79,76.39,3.06,5.11,2015-01-01,2024-12-31,10-year climate normal,external
REG-COASTAL,119,15.842,2.816,76.32,3.05,5.14,2015-01-01,2024-12-31,10-year climate normal,external
REG-COASTAL,120,15.763,2.863,76.25,3.04,5.16,2015-01-01,2024-12-31,10-year climate normal,external
REG-COASTAL,121,16.365,3.99,76.18,3.03,5.19,2015-01-01,2024-12-31,10-year climate normal,external
REG-COASTAL,122,16.316,3.937,76.1,3.02,5.22,2015-01-01,2024-12-31,10-year climate normal,external
REG-COASTAL,123,16.284,3.989,76.03,3.01,5.25,2015-01-01,2024-12-31,10-year climate normal,external
REG-COASTAL,124,16.572,4.149,75.95,3,5.28,2015-01-01,2024-12-31,10-year climate normal,external
REG-COASTAL,125,16.803,4.111,75.87,2.99,5.31,2015-01-01,2024-12-31,10-year climate normal,external
REG-COASTAL,126,16.436,3.083,75.79,2.98,5.34,2015-01-01,2024-12-31,10-year climate normal,external
REG-COASTAL,127,16.965,4.233,75.71,2.97,5.37,2015-01-01,2024-12-31,10-year climate normal,external
REG-COASTAL,128,17.239,4.336,75.63,2.95,5.4,2015-01-01,2024-12-31,10-year climate normal,external
REG-COASTAL,129,17.403,4.336,75.55,2.94,5.43,2015-01-01,2024-12-31,10-year climate normal,external
REG-COASTAL,130,17.641,4.25,75.46,2.93,5.46,2015-01-01,2024-12-31,10-year climate normal,external
REG-COASTAL,131,17.924,4.46,75.38,2.92,5.49,2015-01-01,2024-12-31,10-year climate normal,external
REG-COASTAL,132,17.675,3.276,75.29,2.91,5.52,2015-01-01,2024-12-31,10-year climate normal,external
REG-COASTAL,133,18.308,4.396,75.21,2.89,5.56,2015-01-01,2024-12-31,10-year climate normal,external
REG-COASTAL,134,18.353,4.42,75.12,2.88,5.59,2015-01-01,2024-12-31,10-year climate normal,external
REG-COASTAL,135,18.104,3.425,75.03,2.87,5.62,2015-01-01,2024-12-31,10-year climate normal,external
REG-COASTAL,136,18.254,3.286,74.94,2.86,5.66,2015-01-01,2024-12-31,10-year climate normal,external
REG-COASTAL,137,18.787,4.444,74.85,2.84,5.69,2015-01-01,2024-12-31,10-year climate normal,external
REG-COASTAL,138,19.025,4.484,74.76,2.83,5.73,2015-01-01,2024-12-31,10-year climate normal,external
REG-COASTAL,139,19.347,4.649,74.67,2.82,5.76,2015-01-01,2024-12-31,10-year climate normal,external
REG-COASTAL,140,19.495,4.674,74.57,2.8,5.79,2015-01-01,2024-12-31,10-year climate normal,external
REG-COASTAL,141,19.395,4.667,74.48,2.79,5.83,2015-01-01,2024-12-31,10-year climate normal,external
REG-COASTAL,142,19.525,4.792,74.39,2.78,5.87,2015-01-01,2024-12-31,10-year climate normal,external
REG-COASTAL,143,19.511,4.736,74.29,2.76,5.9,2015-01-01,2024-12-31,10-year climate normal,external
REG-COASTAL,144,19.394,4.73,74.19,2.75,5.94,2015-01-01,2024-12-31,10-year climate normal,external
REG-COASTAL,145,19.554,4.816,74.1,2.74,5.97,2015-01-01,2024-12-31,10-year climate normal,external
REG-COASTAL,146,19.815,4.902,74,2.72,6.01,2015-01-01,2024-12-31,10-year climate normal,external
REG-COASTAL,147,19.33,3.865,73.9,2.71,6.05,2015-01-01,2024-12-31,10-year climate normal,external
REG-COASTAL,148,20.077,4.992,73.8,2.7,6.08,2015-01-01,2024-12-31,10-year climate normal,external
REG-COASTAL,149,19.975,4.867,73.71,2.68,6.12,2015-01-01,2024-12-31,10-year climate normal,external
REG-COASTAL,150,19.914,4.949,73.61,2.67,6.16,2015-01-01,2024-12-31,10-year climate normal,external
REG-COASTAL,151,19.923,5.147,73.51,2.65,6.2,2015-01-01,2024-12-31,10-year climate normal,external
REG-COASTAL,152,19.951,5.211,73.41,2.64,6.23,2015-01-01,2024-12-31,10-year climate normal,external
REG-COASTAL,153,19.57,4.131,73.31,2.62,6.27,2015-01-01,2024-12-31,10-year climate normal,external
REG-COASTAL,154,19.949,4.249,73.21,2.61,6.31,2015-01-01,2024-12-31,10-year climate normal,external
REG-COASTAL,155,20.207,5.322,73.1,2.6,6.35,2015-01-01,2024-12-31,10-year climate normal,external
REG-COASTAL,156,20.201,5.462,73,2.58,6.38,2015-01-01,2024-12-31,10-year climate normal,external
REG-COASTAL,157,20.365,5.593,72.9,2.57,6.42,2015-01-01,2024-12-31,10-year climate normal,external
REG-COASTAL,158,20.511,5.563,72.8,2.55,6.46,2015-01-01,2024-12-31,10-year climate normal,external
REG-COASTAL,159,20.148,4.504,72.7,2.54,6.5,2015-01-01,2024-12-31,10-year climate normal,external
REG-COASTAL,160,20.876,5.572,72.59,2.52,6.54,2015-01-01,2024-12-31,10-year climate normal,external
REG-COASTAL,161,21.001,5.762,72.49,2.51,6.58,2015-01-01,2024-12-31,10-year climate normal,external
REG-COASTAL,162,21.152,5.808,72.39,2.49,6.62,2015-01-01,2024-12-31,10-year climate normal,external
REG-COASTAL,163,21.252,6.066,72.28,2.48,6.65,2015-01-01,2024-12-31,10-year climate normal,external
REG-COASTAL,164,21.388,6.061,72.18,2.46,6.69,2015-01-01,2024-12-31,10-year climate normal,external
REG-COASTAL,165,21.783,6.102,72.08,2.45,6.73,2015-01-01,2024-12-31,10-year climate normal,external
REG-COASTAL,166,21.918,6.152,71.97,2.43,6.77,2015-01-01,2024-12-31,10-year climate normal,external
REG-COASTAL,167,22.155,6.22,71.87,2.42,6.81,2015-01-01,2024-12-31,10-year climate normal,external
REG-COASTAL,168,22.216,6.134,71.77,2.41,6.85,2015-01-01,2024-12-31,10-year climate normal,external
REG-COASTAL,169,22.659,6.333,71.66,2.39,6.89,2015-01-01,2024-12-31,10-year climate normal,external
REG-COASTAL,170,22.666,6.498,71.56,2.38,6.93,2015-01-01,2024-12-31,10-year climate normal,external
REG-COASTAL,171,22.963,6.557,71.46,2.36,6.96,2015-01-01,2024-12-31,10-year climate normal,external
REG-COASTAL,172,23.107,6.597,71.36,2.35,7,2015-01-01,2024-12-31,10-year climate normal,external
REG-COASTAL,173,23.24,6.63,71.25,2.33,7.04,2015-01-01,2024-12-31,10-year climate normal,external
REG-COASTAL,174,23.432,6.804,71.15,2.32,7.08,2015-01-01,2024-12-31,10-year climate normal,external
REG-COASTAL,175,23.641,6.612,71.05,2.3,7.12,2015-01-01,2024-12-31,10-year climate normal,external
REG-COASTAL,176,24.007,6.842,70.95,2.29,7.16,2015-01-01,2024-12-31,10-year climate normal,external
REG-COASTAL,177,23.722,6.976,70.85,2.27,7.19,2015-01-01,2024-12-31,10-year climate normal,external
REG-COASTAL,178,23.878,6.961,70.74,2.26,7.23,2015-01-01,2024-12-31,10-year climate normal,external
REG-COASTAL,179,23.982,7.08,70.64,2.25,7.27,2015-01-01,2024-12-31,10-year climate normal,external
REG-COASTAL,180,24.07,7.092,70.54,2.23,7.31,2015-01-01,2024-12-31,10-year climate normal,external
REG-COASTAL,181,23.764,6.109,70.44,2.22,7.35,2015-01-01,2024-12-31,10-year climate normal,external
REG-COASTAL,182,23.885,7.138,70.34,2.2,7.38,2015-01-01,2024-12-31,10-year climate normal,external
REG-COASTAL,183,24.192,7.295,70.24,2.19,7.42,2015-01-01,2024-12-31,10-year climate normal,external
REG-COASTAL,184,24.188,7.16,70.15,2.17,7.46,2015-01-01,2024-12-31,10-year climate normal,external
REG-COASTAL,185,23.646,6.193,70.05,2.16,7.49,2015-01-01,2024-12-31,10-year climate normal,external
REG-COASTAL,186,24.311,7.358,69.95,2.15,7.53,2015-01-01,2024-12-31,10-year climate normal,external
REG-COASTAL,187,24.022,7.298,69.85,2.13,7.57,2015-01-01,2024-12-31,10-year climate normal,external
REG-COASTAL,188,24.07,7.495,69.76,2.12,7.6,2015-01-01,2024-12-31,10-year climate normal,external
REG-COASTAL,189,24.053,7.385,69.66,2.11,7.64,2015-01-01,2024-12-31,10-year climate normal,external
REG-COASTAL,190,24.022,7.355,69.57,2.09,7.67,2015-01-01,2024-12-31,10-year climate normal,external
REG-COASTAL,191,24.031,7.43,69.47,2.08,7.71,2015-01-01,2024-12-31,10-year climate normal,external
REG-COASTAL,192,24.106,7.476,69.38,2.07,7.75,2015-01-01,2024-12-31,10-year climate normal,external
REG-COASTAL,193,23.655,6.42,69.29,2.05,7.78,2015-01-01,2024-12-31,10-year climate normal,external
REG-COASTAL,194,24.205,7.591,69.2,2.04,7.81,2015-01-01,2024-12-31,10-year climate normal,external
REG-COASTAL,195,24.35,7.562,69.1,2.03,7.85,2015-01-01,2024-12-31,10-year climate normal,external
REG-COASTAL,196,24.404,7.864,69.01,2.01,7.88,2015-01-01,2024-12-31,10-year climate normal,external
REG-COASTAL,197,24.668,7.497,68.93,2,7.92,2015-01-01,2024-12-31,10-year climate normal,external
REG-COASTAL,198,24.569,7.669,68.84,1.99,7.95,2015-01-01,2024-12-31,10-year climate normal,external
REG-COASTAL,199,24.891,7.844,68.75,1.98,7.98,2015-01-01,2024-12-31,10-year climate normal,external
REG-COASTAL,200,24.86,7.741,68.66,1.96,8.01,2015-01-01,2024-12-31,10-year climate normal,external
REG-COASTAL,201,25.088,7.824,68.58,1.95,8.05,2015-01-01,2024-12-31,10-year climate normal,external
REG-COASTAL,202,25.431,7.694,68.49,1.94,8.08,2015-01-01,2024-12-31,10-year climate normal,external
REG-COASTAL,203,25.474,7.883,68.41,1.93,8.11,2015-01-01,2024-12-31,10-year climate normal,external
REG-COASTAL,204,25.692,7.973,68.33,1.92,8.14,2015-01-01,2024-12-31,10-year climate normal,external
REG-COASTAL,205,25.974,7.976,68.25,1.9,8.17,2015-01-01,2024-12-31,10-year climate normal,external
REG-COASTAL,206,25.911,7.995,68.17,1.89,8.2,2015-01-01,2024-12-31,10-year climate normal,external
REG-COASTAL,207,26.205,8.054,68.09,1.88,8.23,2015-01-01,2024-12-31,10-year climate normal,external
REG-COASTAL,208,26.295,7.938,68.01,1.87,8.26,2015-01-01,2024-12-31,10-year climate normal,external
REG-COASTAL,209,26.484,7.956,67.93,1.86,8.29,2015-01-01,2024-12-31,10-year climate normal,external
REG-COASTAL,210,26.561,8.222,67.86,1.85,8.32,2015-01-01,2024-12-31,10-year climate normal,external
REG-COASTAL,211,26.58,8.377,67.78,1.84,8.34,2015-01-01,2024-12-31,10-year climate normal,external
REG-COASTAL,212,26.802,8.173,67.71,1.83,8.37,2015-01-01,2024-12-31,10-year climate normal,external
REG-COASTAL,213,26.753,8.29,67.64,1.82,8.4,2015-01-01,2024-12-31,10-year climate normal,external
REG-COASTAL,214,26.958,8.423,67.57,1.81,8.43,2015-01-01,2024-12-31,10-year climate normal,external
REG-COASTAL,215,26.834,8.491,67.5,1.8,8.45,2015-01-01,2024-12-31,10-year climate normal,external
REG-COASTAL,216,26.447,9.036,67.43,1.79,8.48,2015-01-01,2024-12-31,10-year climate normal,external
REG-COASTAL,217,26.519,9.071,67.37,1.78,8.5,2015-01-01,2024-12-31,10-year climate normal,external
REG-COASTAL,218,26.589,9.106,67.3,1.77,8.53,2015-01-01,2024-12-31,10-year climate normal,external
REG-COASTAL,219,26.658,9.139,67.24,1.76,8.55,2015-01-01,2024-12-31,10-year climate normal,external
REG-COASTAL,220,26.726,9.173,67.18,1.75,8.57,2015-01-01,2024-12-31,10-year climate normal,external
REG-COASTAL,221,26.791,9.205,67.12,1.74,8.6,2015-01-01,2024-12-31,10-year climate normal,external
REG-COASTAL,222,26.855,9.237,67.06,1.74,8.62,2015-01-01,2024-12-31,10-year climate normal,external
REG-COASTAL,223,26.918,9.267,67,1.73,8.64,2015-01-01,2024-12-31,10-year climate normal,external
REG-COASTAL,224,26.979,9.297,66.94,1.72,8.66,2015-01-01,2024-12-31,10-year climate normal,external
REG-COASTAL,225,27.039,9.327,66.89,1.71,8.68,2015-01-01,2024-12-31,10-year climate normal,external
REG-COASTAL,226,27.096,9.355,66.83,1.7,8.7,2015-01-01,2024-12-31,10-year climate normal,external
REG-COASTAL,227,27.152,9.383,66.78,1.7,8.72,2015-01-01,2024-12-31,10-year climate normal,external
REG-COASTAL,228,27.207,9.409,66.73,1.69,8.74,2015-01-01,2024-12-31,10-year climate normal,external
REG-COASTAL,229,27.259,9.435,66.68,1.68,8.76,2015-01-01,2024-12-31,10-year climate normal,external
REG-COASTAL,230,27.31,9.461,66.64,1.68,8.78,2015-01-01,2024-12-31,10-year climate normal,external
REG-COASTAL,231,27.36,9.485,66.59,1.67,8.79,2015-01-01,2024-12-31,10-year climate normal,external
REG-COASTAL,232,27.407,9.508,66.55,1.66,8.81,2015-01-01,2024-12-31,10-year climate normal,external
REG-COASTAL,233,27.453,9.531,66.5,1.66,8.83,2015-01-01,2024-12-31,10-year climate normal,external
REG-COASTAL,234,27.497,9.552,66.46,1.65,8.84,2015-01-01,2024-12-31,10-year climate normal,external
REG-COASTAL,235,27.539,9.573,66.43,1.65,8.86,2015-01-01,2024-12-31,10-year climate normal,external
REG-COASTAL,236,27.58,9.593,66.39,1.64,8.87,2015-01-01,2024-12-31,10-year climate normal,external
REG-COASTAL,237,27.619,9.612,66.35,1.64,8.88,2015-01-01,2024-12-31,10-year climate normal,external
REG-COASTAL,238,27.655,9.63,66.32,1.63,8.9,2015-01-01,2024-12-31,10-year climate normal,external
REG-COASTAL,239,27.69,9.648,66.29,1.63,8.91,2015-01-01,2024-12-31,10-year climate normal,external
REG-COASTAL,240,27.724,9.664,66.26,1.62,8.92,2015-01-01,2024-12-31,10-year climate normal,external
REG-COASTAL,241,27.755,9.679,66.23,1.62,8.93,2015-01-01,2024-12-31,10-year climate normal,external
REG-COASTAL,242,27.785,9.694,66.2,1.61,8.94,2015-01-01,2024-12-31,10-year climate normal,external
REG-COASTAL,243,27.812,9.708,66.17,1.61,8.95,2015-01-01,2024-12-31,10-year climate normal,external
REG-COASTAL,244,27.838,9.72,66.15,1.61,8.96,2015-01-01,2024-12-31,10-year climate normal,external
REG-COASTAL,245,27.862,9.732,66.13,1.6,8.97,2015-01-01,2024-12-31,10-year climate normal,external
REG-COASTAL,246,27.884,9.743,66.11,1.6,8.97,2015-01-01,2024-12-31,10-year climate normal,external
REG-COASTAL,247,27.904,9.753,66.09,1.6,8.98,2015-01-01,2024-12-31,10-year climate normal,external
REG-COASTAL,248,27.922,9.762,66.07,1.6,8.99,2015-01-01,2024-12-31,10-year climate normal,external
REG-COASTAL,249,27.938,9.77,66.06,1.59,8.99,2015-01-01,2024-12-31,10-year climate normal,external
REG-COASTAL,250,27.953,9.777,66.04,1.59,9,2015-01-01,2024-12-31,10-year climate normal,external
REG-COASTAL,251,27.965,9.783,66.03,1.59,9,2015-01-01,2024-12-31,10-year climate normal,external
REG-COASTAL,252,27.976,9.788,66.02,1.59,9.01,2015-01-01,2024-12-31,10-year climate normal,external
REG-COASTAL,253,27.985,9.792,66.01,1.59,9.01,2015-01-01,2024-12-31,10-year climate normal,external
REG-COASTAL,254,27.991,9.796,66.01,1.59,9.01,2015-01-01,2024-12-31,10-year climate normal,external
REG-COASTAL,255,27.996,9.798,66,1.59,9.01,2015-01-01,2024-12-31,10-year climate normal,external
REG-COASTAL,256,27.999,9.8,66,1.59,9.01,2015-01-01,2024-12-31,10-year climate normal,external
REG-COASTAL,257,28,9.8,66,1.58,9.01,2015-01-01,2024-12-31,10-year climate normal,external
REG-COASTAL,258,27.999,9.8,66,1.59,9.01,2015-01-01,2024-12-31,10-year climate normal,external
REG-COASTAL,259,27.996,9.798,66,1.59,9.01,2015-01-01,2024-12-31,10-year climate normal,external
REG-COASTAL,260,27.991,9.796,66.01,1.59,9.01,2015-01-01,2024-12-31,10-year climate normal,external
REG-COASTAL,261,27.985,9.792,66.01,1.59,9.01,2015-01-01,2024-12-31,10-year climate normal,external
REG-COASTAL,262,27.976,9.788,66.02,1.59,9.01,2015-01-01,2024-12-31,10-year climate normal,external
REG-COASTAL,263,27.965,9.783,66.03,1.59,9,2015-01-01,2024-12-31,10-year climate normal,external
REG-COASTAL,264,27.953,9.777,66.04,1.59,9,2015-01-01,2024-12-31,10-year climate normal,external
REG-COASTAL,265,27.938,9.77,66.06,1.59,8.99,2015-01-01,2024-12-31,10-year climate normal,external
REG-COASTAL,266,27.922,9.762,66.07,1.6,8.99,2015-01-01,2024-12-31,10-year climate normal,external
REG-COASTAL,267,27.904,9.753,66.09,1.6,8.98,2015-01-01,2024-12-31,10-year climate normal,external
REG-COASTAL,268,27.884,9.743,66.11,1.6,8.97,2015-01-01,2024-12-31,10-year climate normal,external
REG-COASTAL,269,27.862,9.732,66.13,1.6,8.97,2015-01-01,2024-12-31,10-year climate normal,external
REG-COASTAL,270,27.838,9.72,66.15,1.61,8.96,2015-01-01,2024-12-31,10-year climate normal,external
REG-COASTAL,271,27.812,9.708,66.17,1.61,8.95,2015-01-01,2024-12-31,10-year climate normal,external
REG-COASTAL,272,27.785,9.694,66.2,1.61,8.94,2015-01-01,2024-12-31,10-year climate normal,external
REG-COASTAL,273,27.755,9.679,66.23,1.62,8.93,2015-01-01,2024-12-31,10-year climate normal,external
REG-COASTAL,274,27.724,9.664,66.26,1.62,8.92,2015-01-01,2024-12-31,10-year climate normal,external
REG-COASTAL,275,27.69,9.648,66.29,1.63,8.91,2015-01-01,2024-12-31,10-year climate normal,external
REG-COASTAL,276,27.655,9.63,66.32,1.63,8.9,2015-01-01,2024-12-31,10-year climate normal,external
REG-COASTAL,277,27.619,9.612,66.35,1.64,8.88,2015-01-01,2024-12-31,10-year climate normal,external
REG-COASTAL,278,27.58,9.593,66.39,1.64,8.87,2015-01-01,2024-12-31,10-year climate normal,external
REG-COASTAL,279,27.539,9.573,66.43,1.65,8.86,2015-01-01,2024-12-31,10-year climate normal,external
REG-COASTAL,280,27.497,9.552,66.46,1.65,8.84,2015-01-01,2024-12-31,10-year climate normal,external
REG-COASTAL,281,27.453,9.531,66.5,1.66,8.83,2015-01-01,2024-12-31,10-year climate normal,external
REG-COASTAL,282,27.407,9.508,66.55,1.66,8.81,2015-01-01,2024-12-31,10-year climate normal,external
REG-COASTAL,283,27.36,9.485,66.59,1.67,8.79,2015-01-01,2024-12-31,10-year climate normal,external
REG-COASTAL,284,27.31,9.461,66.64,1.68,8.78,2015-01-01,2024-12-31,10-year climate normal,external
REG-COASTAL,285,27.259,9.435,66.68,1.68,8.76,2015-01-01,2024-12-31,10-year climate normal,external
REG-COASTAL,286,27.207,9.409,66.73,1.69,8.74,2015-01-01,2024-12-31,10-year climate normal,external
REG-COASTAL,287,27.152,9.383,66.78,1.7,8.72,2015-01-01,2024-12-31,10-year climate normal,external
REG-COASTAL,288,27.096,9.355,66.83,1.7,8.7,2015-01-01,2024-12-31,10-year climate normal,external
REG-COASTAL,289,27.039,9.327,66.89,1.71,8.68,2015-01-01,2024-12-31,10-year climate normal,external
REG-COASTAL,290,26.979,9.297,66.94,1.72,8.66,2015-01-01,2024-12-31,10-year climate normal,external
REG-COASTAL,291,26.918,9.267,67,1.73,8.64,2015-01-01,2024-12-31,10-year climate normal,external
REG-COASTAL,292,26.855,9.237,67.06,1.74,8.62,2015-01-01,2024-12-31,10-year climate normal,external
REG-COASTAL,293,26.791,9.205,67.12,1.74,8.6,2015-01-01,2024-12-31,10-year climate normal,external
REG-COASTAL,294,26.726,9.173,67.18,1.75,8.57,2015-01-01,2024-12-31,10-year climate normal,external
REG-COASTAL,295,26.658,9.139,67.24,1.76,8.55,2015-01-01,2024-12-31,10-year climate normal,external
REG-COASTAL,296,26.589,9.106,67.3,1.77,8.53,2015-01-01,2024-12-31,10-year climate normal,external
REG-COASTAL,297,26.519,9.071,67.37,1.78,8.5,2015-01-01,2024-12-31,10-year climate normal,external
REG-COASTAL,298,26.447,9.036,67.43,1.79,8.48,2015-01-01,2024-12-31,10-year climate normal,external
REG-COASTAL,299,26.374,8.999,67.5,1.8,8.45,2015-01-01,2024-12-31,10-year climate normal,external
REG-COASTAL,300,26.299,8.963,67.57,1.81,8.43,2015-01-01,2024-12-31,10-year climate normal,external
REG-COASTAL,301,26.223,8.925,67.64,1.82,8.4,2015-01-01,2024-12-31,10-year climate normal,external
REG-COASTAL,302,26.145,8.887,67.71,1.83,8.37,2015-01-01,2024-12-31,10-year climate normal,external
REG-COASTAL,303,26.066,8.848,67.78,1.84,8.34,2015-01-01,2024-12-31,10-year climate normal,external
REG-COASTAL,304,25.986,8.809,67.86,1.85,8.32,2015-01-01,2024-12-31,10-year climate normal,external
REG-COASTAL,305,25.904,8.768,67.93,1.86,8.29,2015-01-01,2024-12-31,10-year climate normal,external
REG-COASTAL,306,25.822,8.728,68.01,1.87,8.26,2015-01-01,2024-12-31,10-year climate normal,external
REG-COASTAL,307,25.737,8.686,68.09,1.88,8.23,2015-01-01,2024-12-31,10-year climate normal,external
REG-COASTAL,308,25.652,8.644,68.17,1.89,8.2,2015-01-01,2024-12-31,10-year climate normal,external
REG-COASTAL,309,25.565,8.601,68.25,1.9,8.17,2015-01-01,2024-12-31,10-year climate normal,external
REG-COASTAL,310,25.477,8.558,68.33,1.92,8.14,2015-01-01,2024-12-31,10-year climate normal,external
REG-COASTAL,311,25.388,8.514,68.41,1.93,8.11,2015-01-01,2024-12-31,10-year climate normal,external
REG-COASTAL,312,25.298,8.47,68.49,1.94,8.08,2015-01-01,2024-12-31,10-year climate normal,external
REG-COASTAL,313,25.207,8.425,68.58,1.95,8.05,2015-01-01,2024-12-31,10-year climate normal,external
REG-COASTAL,314,25.114,8.379,68.66,1.96,8.01,2015-01-01,2024-12-31,10-year climate normal,external
REG-COASTAL,315,25.021,8.333,68.75,1.98,7.98,2015-01-01,2024-12-31,10-year climate normal,external
REG-COASTAL,316,24.926,8.287,68.84,1.99,7.95,2015-01-01,2024-12-31,10-year climate normal,external
REG-COASTAL,317,24.83,8.24,68.93,2,7.92,2015-01-01,2024-12-31,10-year climate normal,external
REG-COASTAL,318,24.734,8.192,69.01,2.01,7.88,2015-01-01,2024-12-31,10-year climate normal,external
REG-COASTAL,319,24.636,8.144,69.1,2.03,7.85,2015-01-01,2024-12-31,10-year climate normal,external
REG-COASTAL,320,24.538,8.096,69.2,2.04,7.81,2015-01-01,2024-12-31,10-year climate normal,external
REG-COASTAL,321,24.438,8.047,69.29,2.05,7.78,2015-01-01,2024-12-31,10-year climate normal,external
REG-COASTAL,322,24.338,7.997,69.38,2.07,7.75,2015-01-01,2024-12-31,10-year climate normal,external
REG-COASTAL,323,24.237,7.948,69.47,2.08,7.71,2015-01-01,2024-12-31,10-year climate normal,external
REG-COASTAL,324,24.135,7.897,69.57,2.09,7.67,2015-01-01,2024-12-31,10-year climate normal,external
REG-COASTAL,325,24.033,7.847,69.66,2.11,7.64,2015-01-01,2024-12-31,10-year climate normal,external
REG-COASTAL,326,23.929,7.796,69.76,2.12,7.6,2015-01-01,2024-12-31,10-year climate normal,external
REG-COASTAL,327,23.825,7.745,69.85,2.13,7.57,2015-01-01,2024-12-31,10-year climate normal,external
REG-COASTAL,328,23.72,7.693,69.95,2.15,7.53,2015-01-01,2024-12-31,10-year climate normal,external
REG-COASTAL,329,23.615,7.641,70.05,2.16,7.49,2015-01-01,2024-12-31,10-year climate normal,external
REG-COASTAL,330,23.509,7.589,70.15,2.17,7.46,2015-01-01,2024-12-31,10-year climate normal,external
REG-COASTAL,331,23.402,7.536,70.24,2.19,7.42,2015-01-01,2024-12-31,10-year climate normal,external
REG-COASTAL,332,23.295,7.484,70.34,2.2,7.38,2015-01-01,2024-12-31,10-year climate normal,external
REG-COASTAL,333,23.187,7.43,70.44,2.22,7.35,2015-01-01,2024-12-31,10-year climate normal,external
REG-COASTAL,334,23.079,7.377,70.54,2.23,7.31,2015-01-01,2024-12-31,10-year climate normal,external
REG-COASTAL,335,22.97,7.324,70.64,2.25,7.27,2015-01-01,2024-12-31,10-year climate normal,external
REG-COASTAL,336,22.861,7.27,70.74,2.26,7.23,2015-01-01,2024-12-31,10-year climate normal,external
REG-COASTAL,337,22.751,7.216,70.85,2.27,7.19,2015-01-01,2024-12-31,10-year climate normal,external
REG-COASTAL,338,22.641,7.162,70.95,2.29,7.16,2015-01-01,2024-12-31,10-year climate normal,external
REG-COASTAL,339,22.531,7.107,71.05,2.3,7.12,2015-01-01,2024-12-31,10-year climate normal,external
REG-COASTAL,340,22.42,7.053,71.15,2.32,7.08,2015-01-01,2024-12-31,10-year climate normal,external
REG-COASTAL,341,22.309,6.998,71.25,2.33,7.04,2015-01-01,2024-12-31,10-year climate normal,external
REG-COASTAL,342,22.198,6.944,71.36,2.35,7,2015-01-01,2024-12-31,10-year climate normal,external
REG-COASTAL,343,22.087,6.889,71.46,2.36,6.96,2015-01-01,2024-12-31,10-year climate normal,external
REG-COASTAL,344,21.975,6.834,71.56,2.38,6.93,2015-01-01,2024-12-31,10-year climate normal,external
REG-COASTAL,345,21.863,6.779,71.66,2.39,6.89,2015-01-01,2024-12-31,10-year climate normal,external
REG-COASTAL,346,21.752,6.724,71.77,2.41,6.85,2015-01-01,2024-12-31,10-year climate normal,external
REG-COASTAL,347,21.64,6.669,71.87,2.42,6.81,2015-01-01,2024-12-31,10-year climate normal,external
REG-COASTAL,348,21.528,6.614,71.97,2.43,6.77,2015-01-01,2024-12-31,10-year climate normal,external
REG-COASTAL,349,21.416,6.559,72.08,2.45,6.73,2015-01-01,2024-12-31,10-year climate normal,external
REG-COASTAL,350,21.304,6.504,72.18,2.46,6.69,2015-01-01,2024-12-31,10-year climate normal,external
REG-COASTAL,351,21.192,6.449,72.28,2.48,6.65,2015-01-01,2024-12-31,10-year climate normal,external
REG-COASTAL,352,21.081,6.394,72.39,2.49,6.62,2015-01-01,2024-12-31,10-year climate normal,external
REG-COASTAL,353,20.969,6.339,72.49,2.51,6.58,2015-01-01,2024-12-31,10-year climate normal,external
REG-COASTAL,354,20.858,6.284,72.59,2.52,6.54,2015-01-01,2024-12-31,10-year climate normal,external
REG-COASTAL,355,20.746,6.229,72.7,2.54,6.5,2015-01-01,2024-12-31,10-year climate normal,external
REG-COASTAL,356,20.635,6.174,72.8,2.55,6.46,2015-01-01,2024-12-31,10-year climate normal,external
REG-COASTAL,357,20.525,6.12,72.9,2.57,6.42,2015-01-01,2024-12-31,10-year climate normal,external
REG-COASTAL,358,20.414,6.065,73,2.58,6.38,2015-01-01,2024-12-31,10-year climate normal,external
REG-COASTAL,359,20.304,6.011,73.1,2.6,6.35,2015-01-01,2024-12-31,10-year climate normal,external
REG-COASTAL,360,20.194,5.957,73.21,2.61,6.31,2015-01-01,2024-12-31,10-year climate normal,external
REG-COASTAL,361,20.085,5.903,73.31,2.62,6.27,2015-01-01,2024-12-31,10-year climate normal,external
REG-COASTAL,362,19.976,5.85,73.41,2.64,6.23,2015-01-01,2024-12-31,10-year climate normal,external
REG-COASTAL,363,19.867,5.796,73.51,2.65,6.2,2015-01-01,2024-12-31,10-year climate normal,external
REG-COASTAL,364,19.759,5.743,73.61,2.67,6.16,2015-01-01,2024-12-31,10-year climate normal,external
REG-COASTAL,365,19.652,5.69,73.71,2.68,6.12,2015-01-01,2024-12-31,10-year climate normal,external
REG-COASTAL,366,19.545,5.637,73.8,2.7,6.08,2015-01-01,2024-12-31,10-year climate normal,external
REG-SOUTH,1,22.137,6.36,65.31,1.89,6.4,2015-01-01,2024-12-31,10-year climate normal,external
REG-SOUTH,2,22.04,6.303,65.41,1.9,6.37,2015-01-01,2024-12-31,10-year climate normal,external
REG-SOUTH,3,21.943,6.246,65.51,1.91,6.33,2015-01-01,2024-12-31,10-year climate normal,external
REG-SOUTH,4,21.847,6.189,65.61,1.92,6.29,2015-01-01,2024-12-31,10-year climate normal,external
REG-SOUTH,5,21.751,6.133,65.71,1.93,6.26,2015-01-01,2024-12-31,10-year climate normal,external
REG-SOUTH,6,21.655,6.077,65.8,1.94,6.22,2015-01-01,2024-12-31,10-year climate normal,external
REG-SOUTH,7,21.56,6.022,65.9,1.95,6.18,2015-01-01,2024-12-31,10-year climate normal,external
REG-SOUTH,8,21.466,5.966,66,1.96,6.15,2015-01-01,2024-12-31,10-year climate normal,external
REG-SOUTH,9,21.372,5.911,66.1,1.97,6.11,2015-01-01,2024-12-31,10-year climate normal,external
REG-SOUTH,10,21.279,5.857,66.19,1.98,6.08,2015-01-01,2024-12-31,10-year climate normal,external
REG-SOUTH,11,21.186,5.802,66.29,1.99,6.04,2015-01-01,2024-12-31,10-year climate normal,external
REG-SOUTH,12,21.094,5.748,66.39,2,6.01,2015-01-01,2024-12-31,10-year climate normal,external
REG-SOUTH,13,21.003,5.695,66.48,2.01,5.97,2015-01-01,2024-12-31,10-year climate normal,external
REG-SOUTH,14,20.912,5.642,66.57,2.02,5.94,2015-01-01,2024-12-31,10-year climate normal,external
REG-SOUTH,15,20.823,5.589,66.67,2.03,5.9,2015-01-01,2024-12-31,10-year climate normal,external
REG-SOUTH,16,20.734,5.537,66.76,2.04,5.87,2015-01-01,2024-12-31,10-year climate normal,external
REG-SOUTH,17,20.645,5.485,66.85,2.04,5.83,2015-01-01,2024-12-31,10-year climate normal,external
REG-SOUTH,18,20.558,5.434,66.94,2.05,5.8,2015-01-01,2024-12-31,10-year climate normal,external
REG-SOUTH,19,20.471,5.383,67.03,2.06,5.77,2015-01-01,2024-12-31,10-year climate normal,external
REG-SOUTH,20,20.385,5.333,67.12,2.07,5.74,2015-01-01,2024-12-31,10-year climate normal,external
REG-SOUTH,21,20.301,5.283,67.21,2.08,5.7,2015-01-01,2024-12-31,10-year climate normal,external
REG-SOUTH,22,20.217,5.234,67.29,2.09,5.67,2015-01-01,2024-12-31,10-year climate normal,external
REG-SOUTH,23,20.134,5.185,67.38,2.1,5.64,2015-01-01,2024-12-31,10-year climate normal,external
REG-SOUTH,24,20.052,5.137,67.46,2.11,5.61,2015-01-01,2024-12-31,10-year climate normal,external
REG-SOUTH,25,19.971,5.09,67.55,2.12,5.58,2015-01-01,2024-12-31,10-year climate normal,external
REG-SOUTH,26,19.891,5.043,67.63,2.12,5.55,2015-01-01,2024-12-31,10-year climate normal,external
REG-SOUTH,27,19.812,4.997,67.71,2.13,5.52,2015-01-01,2024-12-31,10-year climate normal,external
REG-SOUTH,28,19.734,4.951,67.79,2.14,5.49,2015-01-01,2024-12-31,10-year climate normal,external
REG-SOUTH,29,19.657,4.906,67.87,2.15,5.46,2015-01-01,2024-12-31,10-year climate normal,external
REG-SOUTH,30,19.581,4.861,67.95,2.16,5.43,2015-01-01,2024-12-31,10-year climate normal,external
REG-SOUTH,31,19.507,4.818,68.03,2.17,5.4,2015-01-01,2024-12-31,10-year climate normal,external
REG-SOUTH,32,19.433,4.775,68.1,2.17,5.37,2015-01-01,2024-12-31,10-year climate normal,external
REG-SOUTH,33,19.361,4.732,68.18,2.18,5.35,2015-01-01,2024-12-31,10-year climate normal,external
REG-SOUTH,34,19.29,4.691,68.25,2.19,5.32,2015-01-01,2024-12-31,10-year climate normal,external
REG-SOUTH,35,19.22,4.65,68.32,2.2,5.29,2015-01-01,2024-12-31,10-year climate normal,external
REG-SOUTH,36,19.152,4.61,68.39,2.2,5.27,2015-01-01,2024-12-31,10-year climate normal,external
REG-SOUTH,37,19.084,4.57,68.46,2.21,5.24,2015-01-01,2024-12-31,10-year climate normal,external
REG-SOUTH,38,19.018,4.531,68.53,2.22,5.21,2015-01-01,2024-12-31,10-year climate normal,external
REG-SOUTH,39,18.953,4.493,68.6,2.22,5.19,2015-01-01,2024-12-31,10-year climate normal,external
REG-SOUTH,40,18.89,4.456,68.67,2.23,5.17,2015-01-01,2024-12-31,10-year climate normal,external
REG-SOUTH,41,18.828,4.42,68.73,2.24,5.14,2015-01-01,2024-12-31,10-year climate normal,external
REG-SOUTH,42,18.767,4.384,68.79,2.24,5.12,2015-01-01,2024-12-31,10-year climate normal,external
REG-SOUTH,43,18.708,4.349,68.85,2.25,5.1,2015-01-01,2024-12-31,10-year climate normal,external
REG-SOUTH,44,18.65,4.315,68.91,2.26,5.07,2015-01-01,2024-12-31,10-year climate normal,external
REG-SOUTH,45,18.593,4.282,68.97,2.26,5.05,2015-01-01,2024-12-31,10-year climate normal,external
REG-SOUTH,46,18.538,4.25,69.03,2.27,5.03,2015-01-01,2024-12-31,10-year climate normal,external
REG-SOUTH,47,18.484,4.218,69.09,2.27,5.01,2015-01-01,2024-12-31,10-year climate normal,external
REG-SOUTH,48,18.432,4.188,69.14,2.28,4.99,2015-01-01,2024-12-31,10-year climate normal,external
REG-SOUTH,49,18.381,4.158,69.19,2.28,4.97,2015-01-01,2024-12-31,10-year climate normal,external
REG-SOUTH,50,18.332,4.129,69.24,2.29,4.95,2015-01-01,2024-12-31,10-year climate normal,external
REG-SOUTH,51,18.284,4.101,69.29,2.29,4.93,2015-01-01,2024-12-31,10-year climate normal,external
REG-SOUTH,52,18.238,4.074,69.34,2.3,4.92,2015-01-01,2024-12-31,10-year climate normal,external
REG-SOUTH,53,18.193,4.048,69.39,2.3,4.9,2015-01-01,2024-12-31,10-year climate normal,external
REG-SOUTH,54,18.15,4.022,69.43,2.31,4.88,2015-01-01,2024-12-31,10-year climate normal,external
REG-SOUTH,55,18.108,3.998,69.47,2.31,4.87,2015-01-01,2024-12-31,10-year climate normal,external
REG-SOUTH,56,18.068,3.974,69.52,2.32,4.85,2015-01-01,2024-12-31,10-year climate normal,external
REG-SOUTH,57,18.03,3.952,69.56,2.32,4.84,2015-01-01,2024-12-31,10-year climate normal,external
REG-SOUTH,58,18.421,3.365,69.59,2.33,4.82,2015-01-01,2024-12-31,10-year climate normal,external
REG-SOUTH,59,18.187,3.424,69.63,2.33,4.81,2015-01-01,2024-12-31,10-year climate normal,external
REG-SOUTH,60,18.398,3.413,69.67,2.33,4.8,2015-01-01,2024-12-31,10-year climate normal,external
REG-SOUTH,61,18.299,3.387,69.7,2.34,4.79,2015-01-01,2024-12-31,10-year climate normal,external
REG-SOUTH,62,18.478,3.471,69.73,2.34,4.77,2015-01-01,2024-12-31,10-year climate normal,external
REG-SOUTH,63,18.274,3.419,69.76,2.34,4.76,2015-01-01,2024-12-31,10-year climate normal,external
REG-SOUTH,64,18.404,3.302,69.79,2.35,4.75,2015-01-01,2024-12-31,10-year climate normal,external
REG-SOUTH,65,17.874,2.262,69.81,2.35,4.74,2015-01-01,2024-12-31,10-year climate normal,external
REG-SOUTH,66,18.212,3.433,69.84,2.35,4.73,2015-01-01,2024-12-31,10-year climate normal,external
REG-SOUTH,67,18.192,3.224,69.86,2.35,4.72,2015-01-01,2024-12-31,10-year climate normal,external
REG-SOUTH,68,18.242,3.353,69.88,2.36,4.72,2015-01-01,2024-12-31,10-year climate normal,external
REG-SOUTH,69,17.955,3.185,69.9,2.36,4.71,2015-01-01,2024-12-31,10-year climate normal,external
REG-SOUTH,70,17.965,3.205,69.92,2.36,4.7,2015-01-01,2024-12-31,10-year climate normal,external
REG-SOUTH,71,18.072,3.144,69.94,2.36,4.7,2015-01-01,2024-12-31,10-year climate normal,external
REG-SOUTH,72,17.883,3.255,69.95,2.36,4.69,2015-01-01,2024-12-31,10-year climate normal,external
REG-SOUTH,73,18.028,3.231,69.96,2.36,4.69,2015-01-01,2024-12-31,10-year climate normal,external
REG-SOUTH,74,17.488,3.29,69.97,2.36,4.68,2015-01-01,2024-12-31,10-year climate normal,external
REG-SOUTH,75,17.475,2.999,69.98,2.37,4.68,2015-01-01,2024-12-31,10-year climate normal,external
REG-SOUTH,76,17.641,3.054,69.99,2.37,4.68,2015-01-01,2024-12-31,10-year climate normal,external
REG-SOUTH,77,17.475,3.015,69.99,2.37,4.68,2015-01-01,2024-12-31,10-year climate normal,external
REG-SOUTH,78,17.499,3.086,70,2.37,4.67,2015-01-01,2024-12-31,10-year climate normal,external
REG-SOUTH,79,17.48,3.067,70,2.37,4.67,2015-01-01,2024-12-31,10-year climate normal,external
REG-SOUTH,80,17.452,2.971,70,2.37,4.67,2015-01-01,2024-12-31,10-year climate normal,external
REG-SOUTH,81,17.382,2.94,70,2.37,4.67,2015-01-01,2024-12-31,10-year climate normal,external
REG-SOUTH,82,17.352,2.806,69.99,2.37,4.68,2015-01-01,2024-12-31,10-year climate normal,external
REG-SOUTH,83,17.363,2.861,69.99,2.37,4.68,2015-01-01,2024-12-31,10-year climate normal,external
REG-SOUTH,84,17.351,2.942,69.98,2.37,4.68,2015-01-01,2024-12-31,10-year climate normal,external
REG-SOUTH,85,17.383,2.853,69.97,2.36,4.68,2015-01-01,2024-12-31,10-year climate normal,external
REG-SOUTH,86,17.587,2.855,69.96,2.36,4.69,2015-01-01,2024-12-31,10-year climate normal,external
REG-SOUTH,87,17.679,2.839,69.95,2.36,4.69,2015-01-01,2024-12-31,10-year climate normal,external
REG-SOUTH,88,17.614,2.845,69.94,2.36,4.7,2015-01-01,2024-12-31,10-year climate normal,external
REG-SOUTH,89,17.355,1.745,69.92,2.36,4.7,2015-01-01,2024-12-31,10-year climate normal,external
REG-SOUTH,90,17.423,1.929,69.9,2.36,4.71,2015-01-01,2024-12-31,10-year climate normal,external
REG-SOUTH,91,18.078,2.94,69.88,2.36,4.72,2015-01-01,2024-12-31,10-year climate normal,external
REG-SOUTH,92,18.112,2.959,69.86,2.35,4.72,2015-01-01,2024-12-31,10-year climate normal,external
REG-SOUTH,93,17.869,1.876,69.84,2.35,4.73,2015-01-01,2024-12-31,10-year climate normal,external
REG-SOUTH,94,18.402,3.036,69.81,2.35,4.74,2015-01-01,2024-12-31,10-year climate normal,external
REG-SOUTH,95,18.471,3,69.79,2.35,4.75,2015-01-01,2024-12-31,10-year climate normal,external
REG-SOUTH,96,18.462,3.002,69.76,2.34,4.76,2015-01-01,2024-12-31,10-year climate normal,external
REG-SOUTH,97,18.597,3.155,69.73,2.34,4.77,2015-01-01,2024-12-31,10-year climate normal,external
REG-SOUTH,98,18.806,3.062,69.7,2.34,4.79,2015-01-01,2024-12-31,10-year climate normal,external
REG-SOUTH,99,18.645,3.108,69.67,2.33,4.8,2015-01-01,2024-12-31,10-year climate normal,external
REG-SOUTH,100,18.771,3.244,69.63,2.33,4.81,2015-01-01,2024-12-31,10-year climate normal,external
REG-SOUTH,101,18.568,3.407,69.59,2.33,4.82,2015-01-01,2024-12-31,10-year climate normal,external
REG-SOUTH,102,18.672,3.249,69.56,2.32,4.84,2015-01-01,2024-12-31,10-year climate normal,external
REG-SOUTH,103,18.685,3.175,69.52,2.32,4.85,2015-01-01,2024-12-31,10-year climate normal,external
REG-SOUTH,104,18.651,3.443,69.47,2.31,4.87,2015-01-01,2024-12-31,10-year climate normal,external
REG-SOUTH,105,18.474,3.4,69.43,2.31,4.88,2015-01-01,2024-12-31,10-year climate normal,external
REG-SOUTH,106,18.401,3.654,69.39,2.3,4.9,2015-01-01,2024-12-31,10-year climate normal,external
REG-SOUTH,107,18.409,3.492,69.34,2.3,4.92,2015-01-01,2024-12-31,10-year climate normal,external
REG-SOUTH,108,18.386,3.661,69.29,2.29,4.93,2015-01-01,2024-12-31,10-year climate normal,external
REG-SOUTH,109,18.459,3.575,69.24,2.29,4.95,2015-01-01,2024-12-31,10-year climate normal,external
REG-SOUTH,110,18.199,3.581,69.19,2.28,4.97,2015-01-01,2024-12-31,10-year climate normal,external
REG-SOUTH,111,18.302,3.801,69.14,2.28,4.99,2015-01-01,2024-12-31,10-year climate normal,external
REG-SOUTH,112,18.016,3.742,69.09,2.27,5.01,2015-01-01,2024-12-31,10-year climate normal,external
REG-SOUTH,113,18.253,3.815,69.03,2.27,5.03,2015-01-01,2024-12-31,10-year climate normal,external
REG-SOUTH,114,17.902,3.858,68.97,2.26,5.05,2015-01-01,2024-12-31,10-year climate normal,external
REG-SOUTH,115,18.262,3.848,68.91,2.26,5.07,2015-01-01,2024-12-31,10-year climate normal,external
REG-SOUTH,116,18.158,4.023,68.85,2.25,5.1,2015-01-01,2024-12-31,10-year climate normal,external
REG-SOUTH,117,18.236,3.901,68.79,2.24,5.12,2015-01-01,2024-12-31,10-year climate normal,external
REG-SOUTH,118,18.199,3.971,68.73,2.24,5.14,2015-01-01,2024-12-31,10-year climate normal,external
REG-SOUTH,119,18.279,4.202,68.67,2.23,5.17,2015-01-01,2024-12-31,10-year climate normal,external
REG-SOUTH,120,18.296,4.034,68.6,2.22,5.19,2015-01-01,2024-12-31,10-year climate normal,external
REG-SOUTH,121,18.592,4.006,68.53,2.22,5.21,2015-01-01,2024-12-31,10-year climate normal,external
REG-SOUTH,122,18.561,4.104,68.46,2.21,5.24,2015-01-01,2024-12-31,10-year climate normal,external
REG-SOUTH,123,18.674,4.157,68.39,2.2,5.27,2015-01-01,2024-12-31,10-year climate normal,external
REG-SOUTH,124,18.805,4.102,68.32,2.2,5.29,2015-01-01,2024-12-31,10-year climate normal,external
REG-SOUTH,125,18.932,4.233,68.25,2.19,5.32,2015-01-01,2024-12-31,10-year climate normal,external
REG-SOUTH,126,19.238,4.114,68.18,2.18,5.35,2015-01-01,2024-12-31,10-year climate normal,external
REG-SOUTH,127,19.39,4.236,68.1,2.17,5.37,2015-01-01,2024-12-31,10-year climate normal,external
REG-SOUTH,128,19.507,4.312,68.03,2.17,5.4,2015-01-01,2024-12-31,10-year climate normal,external
REG-SOUTH,129,19.7,4.232,67.95,2.16,5.43,2015-01-01,2024-12-31,10-year climate normal,external
REG-SOUTH,130,19.847,4.355,67.87,2.15,5.46,2015-01-01,2024-12-31,10-year climate normal,external
REG-SOUTH,131,19.794,4.362,67.79,2.14,5.49,2015-01-01,2024-12-31,10-year climate normal,external
REG-SOUTH,132,20.174,4.29,67.71,2.13,5.52,2015-01-01,2024-12-31,10-year climate normal,external
REG-SOUTH,133,19.972,3.413,67.63,2.12,5.55,2015-01-01,2024-12-31,10-year climate normal,external
REG-SOUTH,134,20.336,4.421,67.55,2.12,5.58,2015-01-01,2024-12-31,10-year climate normal,external
REG-SOUTH,135,20.616,4.5,67.46,2.11,5.61,2015-01-01,2024-12-31,10-year climate normal,external
REG-SOUTH,136,20.487,4.416,67.38,2.1,5.64,2015-01-01,2024-12-31,10-year climate normal,external
REG-SOUTH,137,20.822,4.573,67.29,2.09,5.67,2015-01-01,2024-12-31,10-year climate normal,external
REG-SOUTH,138,20.815,4.55,67.21,2.08,5.7,2015-01-01,2024-12-31,10-year climate normal,external
REG-SOUTH,139,20.897,4.528,67.12,2.07,5.74,2015-01-01,2024-12-31,10-year climate normal,external
REG-SOUTH,140,20.407,3.653,67.03,2.06,5.77,2015-01-01,2024-12-31,10-year climate normal,external
REG-SOUTH,141,20.807,4.787,66.94,2.05,5.8,2015-01-01,2024-12-31,10-year climate normal,external
REG-SOUTH,142,20.429,3.787,66.85,2.04,5.83,2015-01-01,2024-12-31,10-year climate normal,external
REG-SOUTH,143,20.951,4.835,66.76,2.04,5.87,2015-01-01,2024-12-31,10-year climate normal,external
REG-SOUTH,144,20.891,4.95,66.67,2.03,5.9,2015-01-01,2024-12-31,10-year climate normal,external
REG-SOUTH,145,20.954,4.917,66.57,2.02,5.94,2015-01-01,2024-12-31,10-year climate normal,external
REG-SOUTH,146,20.903,4.903,66.48,2.01,5.97,2015-01-01,2024-12-31,10-year climate normal,external
REG-SOUTH,147,21.037,5.209,66.39,2,6.01,2015-01-01,2024-12-31,10-year climate normal,external
REG-SOUTH,148,21.064,5.138,66.29,1.99,6.04,2015-01-01,2024-12-31,10-year climate normal,external
REG-SOUTH,149,21.219,5.09,66.19,1.98,6.08,2015-01-01,2024-12-31,10-year climate normal,external
REG-SOUTH,150,21.164,5.114,66.1,1.97,6.11,2015-01-01,2024-12-31,10-year climate normal,external
REG-SOUTH,151,21.119,5.389,66,1.96,6.15,2015-01-01,2024-12-31,10-year climate normal,external
REG-SOUTH,152,20.838,4.545,65.9,1.95,6.18,2015-01-01,2024-12-31,10-year climate normal,external
REG-SOUTH,153,21.465,5.581,65.8,1.94,6.22,2015-01-01,2024-12-31,10-year climate normal,external
REG-SOUTH,154,21.454,5.705,65.71,1.93,6.26,2015-01-01,2024-12-31,10-year climate normal,external
REG-SOUTH,155,21.577,5.647,65.61,1.92,6.29,2015-01-01,2024-12-31,10-year climate normal,external
REG-SOUTH,156,21.695,5.767,65.51,1.91,6.33,2015-01-01,2024-12-31,10-year climate normal,external
REG-SOUTH,157,21.969,5.841,65.41,1.9,6.37,2015-01-01,2024-12-31,10-year climate normal,external
REG-SOUTH,158,22.045,5.981,65.31,1.89,6.4,2015-01-01,2024-12-31,10-year climate normal,external
REG-SOUTH,159,22.273,5.981,65.21,1.88,6.44,2015-01-01,2024-12-31,10-year climate normal,external
REG-SOUTH,160,22.489,6.165,65.1,1.87,6.48,2015-01-01,2024-12-31,10-year climate normal,external
REG-SOUTH,161,22.579,6.191,65,1.86,6.52,2015-01-01,2024-12-31,10-year climate normal,external
REG-SOUTH,162,22.901,6.348,64.9,1.85,6.55,2015-01-01,2024-12-31,10-year climate normal,external
REG-SOUTH,163,22.938,6.481,64.8,1.84,6.59,2015-01-01,2024-12-31,10-year climate normal,external
REG-SOUTH,164,23.327,6.265,64.7,1.82,6.63,2015-01-01,2024-12-31,10-year climate normal,external
REG-SOUTH,165,22.951,5.382,64.59,1.81,6.67,2015-01-01,2024-12-31,10-year climate normal,external
REG-SOUTH,166,23.678,6.556,64.49,1.8,6.7,2015-01-01,2024-12-31,10-year climate normal,external
REG-SOUTH,167,23.844,6.724,64.39,1.79,6.74,2015-01-01,2024-12-31,10-year climate normal,external
REG-SOUTH,168,23.999,6.602,64.28,1.78,6.78,2015-01-01,2024-12-31,10-year climate normal,external
REG-SOUTH,169,24.091,6.746,64.18,1.77,6.82,2015-01-01,2024-12-31,10-year climate normal,external
REG-SOUTH,170,24.394,6.79,64.08,1.76,6.86,2015-01-01,2024-12-31,10-year climate normal,external
REG-SOUTH,171,24.623,6.657,63.97,1.75,6.89,2015-01-01,2024-12-31,10-year climate normal,external
REG-SOUTH,172,24.479,6.826,63.87,1.74,6.93,2015-01-01,2024-12-31,10-year climate normal,external
REG-SOUTH,173,24.535,7.107,63.77,1.73,6.97,2015-01-01,2024-12-31,10-year climate normal,external
REG-SOUTH,174,24.787,6.966,63.66,1.72,7.01,2015-01-01,2024-12-31,10-year climate normal,external
REG-SOUTH,175,24.849,7.094,63.56,1.71,7.05,2015-01-01,2024-12-31,10-year climate normal,external
REG-SOUTH,176,25.031,7.187,63.46,1.7,7.08,2015-01-01,2024-12-31,10-year climate normal,external
REG-SOUTH,177,24.989,7.164,63.36,1.69,7.12,2015-01-01,2024-12-31,10-year climate normal,external
REG-SOUTH,178,25.096,7.075,63.25,1.68,7.16,2015-01-01,2024-12-31,10-year climate normal,external
REG-SOUTH,179,25.095,7.14,63.15,1.67,7.2,2015-01-01,2024-12-31,10-year climate normal,external
REG-SOUTH,180,25.022,7.456,63.05,1.66,7.23,2015-01-01,2024-12-31,10-year climate normal,external
REG-SOUTH,181,24.658,6.327,62.95,1.65,7.27,2015-01-01,2024-12-31,10-year climate normal,external
REG-SOUTH,182,25.21,7.359,62.85,1.64,7.31,2015-01-01,2024-12-31,10-year climate normal,external
REG-SOUTH,183,25.126,7.373,62.74,1.62,7.35,2015-01-01,2024-12-31,10-year climate normal,external
REG-SOUTH,184,25.095,7.406,62.64,1.61,7.38,2015-01-01,2024-12-31,10-year climate normal,external
REG-SOUTH,185,25.075,7.344,62.54,1.6,7.42,2015-01-01,2024-12-31,10-year climate normal,external
REG-SOUTH,186,24.858,7.417,62.44,1.59,7.46,2015-01-01,2024-12-31,10-year climate normal,external
REG-SOUTH,187,24.791,7.453,62.34,1.58,7.49,2015-01-01,2024-12-31,10-year climate normal,external
REG-SOUTH,188,25.175,7.612,62.24,1.57,7.53,2015-01-01,2024-12-31,10-year climate normal,external
REG-SOUTH,189,25.017,7.647,62.15,1.56,7.57,2015-01-01,2024-12-31,10-year climate normal,external
REG-SOUTH,190,24.862,6.42,62.05,1.55,7.6,2015-01-01,2024-12-31,10-year climate normal,external
REG-SOUTH,191,25.364,7.609,61.95,1.54,7.64,2015-01-01,2024-12-31,10-year climate normal,external
REG-SOUTH,192,25.355,7.628,61.85,1.53,7.68,2015-01-01,2024-12-31,10-year climate normal,external
REG-SOUTH,193,25.381,7.776,61.76,1.52,7.71,2015-01-01,2024-12-31,10-year climate normal,external
REG-SOUTH,194,25.472,7.815,61.66,1.51,7.75,2015-01-01,2024-12-31,10-year climate normal,external
REG-SOUTH,195,25.649,7.778,61.57,1.5,7.78,2015-01-01,2024-12-31,10-year climate normal,external
REG-SOUTH,196,25.863,7.795,61.47,1.49,7.82,2015-01-01,2024-12-31,10-year climate normal,external
REG-SOUTH,197,25.932,7.923,61.38,1.49,7.85,2015-01-01,2024-12-31,10-year climate normal,external
REG-SOUTH,198,26.086,7.803,61.29,1.48,7.88,2015-01-01,2024-12-31,10-year climate normal,external
REG-SOUTH,199,26.176,8.01,61.2,1.47,7.92,2015-01-01,2024-12-31,10-year climate normal,external
REG-SOUTH,200,26.652,8.119,61.1,1.46,7.95,2015-01-01,2024-12-31,10-year climate normal,external
REG-SOUTH,201,26.529,8.191,61.01,1.45,7.98,2015-01-01,2024-12-31,10-year climate normal,external
REG-SOUTH,202,26.695,8.158,60.93,1.44,8.02,2015-01-01,2024-12-31,10-year climate normal,external
REG-SOUTH,203,26.932,8.279,60.84,1.43,8.05,2015-01-01,2024-12-31,10-year climate normal,external
REG-SOUTH,204,27.208,8.306,60.75,1.42,8.08,2015-01-01,2024-12-31,10-year climate normal,external
REG-SOUTH,205,27.4,8.39,60.66,1.41,8.11,2015-01-01,2024-12-31,10-year climate normal,external
REG-SOUTH,206,27.359,8.475,60.58,1.4,8.14,2015-01-01,2024-12-31,10-year climate normal,external
REG-SOUTH,207,27.539,8.653,60.49,1.39,8.18,2015-01-01,2024-12-31,10-year climate normal,external
REG-SOUTH,208,27.03,7.507,60.41,1.39,8.21,2015-01-01,2024-12-31,10-year climate normal,external
REG-SOUTH,209,27.747,8.612,60.33,1.38,8.24,2015-01-01,2024-12-31,10-year climate normal,external
REG-SOUTH,210,27.842,8.615,60.25,1.37,8.27,2015-01-01,2024-12-31,10-year climate normal,external
REG-SOUTH,211,27.695,8.891,60.17,1.36,8.3,2015-01-01,2024-12-31,10-year climate normal,external
REG-SOUTH,212,27.85,8.9,60.09,1.35,8.33,2015-01-01,2024-12-31,10-year climate normal,external
REG-SOUTH,213,27.701,8.976,60.01,1.35,8.35,2015-01-01,2024-12-31,10-year climate normal,external
REG-SOUTH,214,27.662,8.954,59.93,1.34,8.38,2015-01-01,2024-12-31,10-year climate normal,external
REG-SOUTH,215,27.724,9.013,59.86,1.33,8.41,2015-01-01,2024-12-31,10-year climate normal,external
REG-SOUTH,216,27.475,9.489,59.78,1.32,8.44,2015-01-01,2024-12-31,10-year climate normal,external
REG-SOUTH,217,27.545,9.53,59.71,1.31,8.46,2015-01-01,2024-12-31,10-year climate normal,external
REG-SOUTH,218,27.614,9.57,59.64,1.31,8.49,2015-01-01,2024-12-31,10-year climate normal,external
REG-SOUTH,219,27.682,9.61,59.57,1.3,8.52,2015-01-01,2024-12-31,10-year climate normal,external
REG-SOUTH,220,27.749,9.649,59.5,1.29,8.54,2015-01-01,2024-12-31,10-year climate normal,external
REG-SOUTH,221,27.814,9.688,59.43,1.29,8.57,2015-01-01,2024-12-31,10-year climate normal,external
REG-SOUTH,222,27.879,9.725,59.37,1.28,8.59,2015-01-01,2024-12-31,10-year climate normal,external
REG-SOUTH,223,27.941,9.762,59.3,1.27,8.62,2015-01-01,2024-12-31,10-year climate normal,external
REG-SOUTH,224,28.003,9.798,59.24,1.27,8.64,2015-01-01,2024-12-31,10-year climate normal,external
REG-SOUTH,225,28.063,9.833,59.18,1.26,8.66,2015-01-01,2024-12-31,10-year climate normal,external
REG-SOUTH,226,28.121,9.868,59.12,1.25,8.68,2015-01-01,2024-12-31,10-year climate normal,external
REG-SOUTH,227,28.179,9.901,59.06,1.25,8.71,2015-01-01,2024-12-31,10-year climate normal,external
REG-SOUTH,228,28.235,9.934,59,1.24,8.73,2015-01-01,2024-12-31,10-year climate normal,external
REG-SOUTH,229,28.289,9.966,58.94,1.24,8.75,2015-01-01,2024-12-31,10-year climate normal,external
REG-SOUTH,230,28.342,9.997,58.89,1.23,8.77,2015-01-01,2024-12-31,10-year climate normal,external
REG-SOUTH,231,28.394,10.027,58.83,1.23,8.79,2015-01-01,2024-12-31,10-year climate normal,external
REG-SOUTH,232,28.444,10.057,58.78,1.22,8.81,2015-01-01,2024-12-31,10-year climate normal,external
REG-SOUTH,233,28.492,10.085,58.73,1.21,8.83,2015-01-01,2024-12-31,10-year climate normal,external
REG-SOUTH,234,28.539,10.113,58.68,1.21,8.84,2015-01-01,2024-12-31,10-year climate normal,external
REG-SOUTH,235,28.585,10.139,58.64,1.2,8.86,2015-01-01,2024-12-31,10-year climate normal,external
REG-SOUTH,236,28.629,10.165,58.59,1.2,8.88,2015-01-01,2024-12-31,10-year climate normal,external
REG-SOUTH,237,28.671,10.19,58.55,1.2,8.89,2015-01-01,2024-12-31,10-year climate normal,external
REG-SOUTH,238,28.712,10.214,58.5,1.19,8.91,2015-01-01,2024-12-31,10-year climate normal,external
REG-SOUTH,239,28.751,10.237,58.46,1.19,8.92,2015-01-01,2024-12-31,10-year climate normal,external
REG-SOUTH,240,28.789,10.259,58.43,1.18,8.94,2015-01-01,2024-12-31,10-year climate normal,external
REG-SOUTH,241,28.825,10.28,58.39,1.18,8.95,2015-01-01,2024-12-31,10-year climate normal,external
REG-SOUTH,242,28.86,10.3,58.35,1.18,8.97,2015-01-01,2024-12-31,10-year climate normal,external
REG-SOUTH,243,28.893,10.32,58.32,1.17,8.98,2015-01-01,2024-12-31,10-year climate normal,external
REG-SOUTH,244,28.924,10.338,58.29,1.17,8.99,2015-01-01,2024-12-31,10-year climate normal,external
REG-SOUTH,245,28.953,10.355,58.26,1.17,9,2015-01-01,2024-12-31,10-year climate normal,external
REG-SOUTH,246,28.981,10.372,58.23,1.16,9.01,2015-01-01,2024-12-31,10-year climate normal,external
REG-SOUTH,247,29.008,10.387,58.2,1.16,9.02,2015-01-01,2024-12-31,10-year climate normal,external
REG-SOUTH,248,29.032,10.402,58.17,1.16,9.03,2015-01-01,2024-12-31,10-year climate normal,external
REG-SOUTH,249,29.055,10.415,58.15,1.16,9.04,2015-01-01,2024-12-31,10-year climate normal,external
REG-SOUTH,250,29.077,10.428,58.13,1.15,9.05,2015-01-01,2024-12-31,10-year climate normal,external
REG-SOUTH,251,29.096,10.439,58.11,1.15,9.06,2015-01-01,2024-12-31,10-year climate normal,external
REG-SOUTH,252,29.114,10.45,58.09,1.15,9.06,2015-01-01,2024-12-31,10-year climate normal,external
REG-SOUTH,253,29.131,10.459,58.07,1.15,9.07,2015-01-01,2024-12-31,10-year climate normal,external
REG-SOUTH,254,29.145,10.468,58.06,1.15,9.07,2015-01-01,2024-12-31,10-year climate normal,external
REG-SOUTH,255,29.158,10.475,58.04,1.14,9.08,2015-01-01,2024-12-31,10-year climate normal,external
REG-SOUTH,256,29.169,10.482,58.03,1.14,9.08,2015-01-01,2024-12-31,10-year climate normal,external
REG-SOUTH,257,29.179,10.487,58.02,1.14,9.09,2015-01-01,2024-12-31,10-year climate normal,external
REG-SOUTH,258,29.186,10.492,58.01,1.14,9.09,2015-01-01,2024-12-31,10-year climate normal,external
REG-SOUTH,259,29.192,10.495,58.01,1.14,9.09,2015-01-01,2024-12-31,10-year climate normal,external
REG-SOUTH,260,29.197,10.498,58,1.14,9.09,2015-01-01,2024-12-31,10-year climate normal,external
REG-SOUTH,261,29.199,10.499,58,1.14,9.09,2015-01-01,2024-12-31,10-year climate normal,external
REG-SOUTH,262,29.2,10.5,58,1.14,9.09,2015-01-01,2024-12-31,10-year climate normal,external
REG-SOUTH,263,29.199,10.499,58,1.14,9.09,2015-01-01,2024-12-31,10-year climate normal,external
REG-SOUTH,264,29.197,10.498,58,1.14,9.09,2015-01-01,2024-12-31,10-year climate normal,external
REG-SOUTH,265,29.192,10.495,58.01,1.14,9.09,2015-01-01,2024-12-31,10-year climate normal,external
REG-SOUTH,266,29.186,10.492,58.01,1.14,9.09,2015-01-01,2024-12-31,10-year climate normal,external
REG-SOUTH,267,29.179,10.487,58.02,1.14,9.09,2015-01-01,2024-12-31,10-year climate normal,external
REG-SOUTH,268,29.169,10.482,58.03,1.14,9.08,2015-01-01,2024-12-31,10-year climate normal,external
REG-SOUTH,269,29.158,10.475,58.04,1.14,9.08,2015-01-01,2024-12-31,10-year climate normal,external
REG-SOUTH,270,29.145,10.468,58.06,1.15,9.07,2015-01-01,2024-12-31,10-year climate normal,external
REG-SOUTH,271,29.131,10.459,58.07,1.15,9.07,2015-01-01,2024-12-31,10-year climate normal,external
REG-SOUTH,272,29.114,10.45,58.09,1.15,9.06,2015-01-01,2024-12-31,10-year climate normal,external
REG-SOUTH,273,29.096,10.439,58.11,1.15,9.06,2015-01-01,2024-12-31,10-year climate normal,external
REG-SOUTH,274,29.077,10.428,58.13,1.15,9.05,2015-01-01,2024-12-31,10-year climate normal,external
REG-SOUTH,275,29.055,10.415,58.15,1.16,9.04,2015-01-01,2024-12-31,10-year climate normal,external
REG-SOUTH,276,29.032,10.402,58.17,1.16,9.03,2015-01-01,2024-12-31,10-year climate normal,external
REG-SOUTH,277,29.008,10.387,58.2,1.16,9.02,2015-01-01,2024-12-31,10-year climate normal,external
REG-SOUTH,278,28.981,10.372,58.23,1.16,9.01,2015-01-01,2024-12-31,10-year climate normal,external
REG-SOUTH,279,28.953,10.355,58.26,1.17,9,2015-01-01,2024-12-31,10-year climate normal,external
REG-SOUTH,280,28.924,10.338,58.29,1.17,8.99,2015-01-01,2024-12-31,10-year climate normal,external
REG-SOUTH,281,28.893,10.32,58.32,1.17,8.98,2015-01-01,2024-12-31,10-year climate normal,external
REG-SOUTH,282,28.86,10.3,58.35,1.18,8.97,2015-01-01,2024-12-31,10-year climate normal,external
REG-SOUTH,283,28.825,10.28,58.39,1.18,8.95,2015-01-01,2024-12-31,10-year climate normal,external
REG-SOUTH,284,28.789,10.259,58.43,1.18,8.94,2015-01-01,2024-12-31,10-year climate normal,external
REG-SOUTH,285,28.751,10.237,58.46,1.19,8.92,2015-01-01,2024-12-31,10-year climate normal,external
REG-SOUTH,286,28.712,10.214,58.5,1.19,8.91,2015-01-01,2024-12-31,10-year climate normal,external
REG-SOUTH,287,28.671,10.19,58.55,1.2,8.89,2015-01-01,2024-12-31,10-year climate normal,external
REG-SOUTH,288,28.629,10.165,58.59,1.2,8.88,2015-01-01,2024-12-31,10-year climate normal,external
REG-SOUTH,289,28.585,10.139,58.64,1.2,8.86,2015-01-01,2024-12-31,10-year climate normal,external
REG-SOUTH,290,28.539,10.113,58.68,1.21,8.84,2015-01-01,2024-12-31,10-year climate normal,external
REG-SOUTH,291,28.492,10.085,58.73,1.21,8.83,2015-01-01,2024-12-31,10-year climate normal,external
REG-SOUTH,292,28.444,10.057,58.78,1.22,8.81,2015-01-01,2024-12-31,10-year climate normal,external
REG-SOUTH,293,28.394,10.027,58.83,1.23,8.79,2015-01-01,2024-12-31,10-year climate normal,external
REG-SOUTH,294,28.342,9.997,58.89,1.23,8.77,2015-01-01,2024-12-31,10-year climate normal,external
REG-SOUTH,295,28.289,9.966,58.94,1.24,8.75,2015-01-01,2024-12-31,10-year climate normal,external
REG-SOUTH,296,28.235,9.934,59,1.24,8.73,2015-01-01,2024-12-31,10-year climate normal,external
REG-SOUTH,297,28.179,9.901,59.06,1.25,8.71,2015-01-01,2024-12-31,10-year climate normal,external
REG-SOUTH,298,28.121,9.868,59.12,1.25,8.68,2015-01-01,2024-12-31,10-year climate normal,external
REG-SOUTH,299,28.063,9.833,59.18,1.26,8.66,2015-01-01,2024-12-31,10-year climate normal,external
REG-SOUTH,300,28.003,9.798,59.24,1.27,8.64,2015-01-01,2024-12-31,10-year climate normal,external
REG-SOUTH,301,27.941,9.762,59.3,1.27,8.62,2015-01-01,2024-12-31,10-year climate normal,external
REG-SOUTH,302,27.879,9.725,59.37,1.28,8.59,2015-01-01,2024-12-31,10-year climate normal,external
REG-SOUTH,303,27.814,9.688,59.43,1.29,8.57,2015-01-01,2024-12-31,10-year climate normal,external
REG-SOUTH,304,27.749,9.649,59.5,1.29,8.54,2015-01-01,2024-12-31,10-year climate normal,external
REG-SOUTH,305,27.682,9.61,59.57,1.3,8.52,2015-01-01,2024-12-31,10-year climate normal,external
REG-SOUTH,306,27.614,9.57,59.64,1.31,8.49,2015-01-01,2024-12-31,10-year climate normal,external
REG-SOUTH,307,27.545,9.53,59.71,1.31,8.46,2015-01-01,2024-12-31,10-year climate normal,external
REG-SOUTH,308,27.475,9.489,59.78,1.32,8.44,2015-01-01,2024-12-31,10-year climate normal,external
REG-SOUTH,309,27.403,9.447,59.86,1.33,8.41,2015-01-01,2024-12-31,10-year climate normal,external
REG-SOUTH,310,27.33,9.404,59.93,1.34,8.38,2015-01-01,2024-12-31,10-year climate normal,external
REG-SOUTH,311,27.256,9.361,60.01,1.35,8.35,2015-01-01,2024-12-31,10-year climate normal,external
REG-SOUTH,312,27.181,9.316,60.09,1.35,8.33,2015-01-01,2024-12-31,10-year climate normal,external
REG-SOUTH,313,27.105,9.272,60.17,1.36,8.3,2015-01-01,2024-12-31,10-year climate normal,external
REG-SOUTH,314,27.027,9.226,60.25,1.37,8.27,2015-01-01,2024-12-31,10-year climate normal,external
REG-SOUTH,315,26.949,9.18,60.33,1.38,8.24,2015-01-01,2024-12-31,10-year climate normal,external
REG-SOUTH,316,26.869,9.134,60.41,1.39,8.21,2015-01-01,2024-12-31,10-year climate normal,external
REG-SOUTH,317,26.789,9.087,60.49,1.39,8.18,2015-01-01,2024-12-31,10-year climate normal,external
REG-SOUTH,318,26.707,9.039,60.58,1.4,8.14,2015-01-01,2024-12-31,10-year climate normal,external
REG-SOUTH,319,26.625,8.99,60.66,1.41,8.11,2015-01-01,2024-12-31,10-year climate normal,external
REG-SOUTH,320,26.541,8.942,60.75,1.42,8.08,2015-01-01,2024-12-31,10-year climate normal,external
REG-SOUTH,321,26.457,8.892,60.84,1.43,8.05,2015-01-01,2024-12-31,10-year climate normal,external
REG-SOUTH,322,26.372,8.842,60.93,1.44,8.02,2015-01-01,2024-12-31,10-year climate normal,external
REG-SOUTH,323,26.286,8.792,61.01,1.45,7.98,2015-01-01,2024-12-31,10-year climate normal,external
REG-SOUTH,324,26.199,8.741,61.1,1.46,7.95,2015-01-01,2024-12-31,10-year climate normal,external
REG-SOUTH,325,26.111,8.689,61.2,1.47,7.92,2015-01-01,2024-12-31,10-year climate normal,external
REG-SOUTH,326,26.022,8.637,61.29,1.48,7.88,2015-01-01,2024-12-31,10-year climate normal,external
REG-SOUTH,327,25.933,8.585,61.38,1.49,7.85,2015-01-01,2024-12-31,10-year climate normal,external
REG-SOUTH,328,25.842,8.532,61.47,1.49,7.82,2015-01-01,2024-12-31,10-year climate normal,external
REG-SOUTH,329,25.751,8.478,61.57,1.5,7.78,2015-01-01,2024-12-31,10-year climate normal,external
REG-SOUTH,330,25.66,8.425,61.66,1.51,7.75,2015-01-01,2024-12-31,10-year climate normal,external
REG-SOUTH,331,25.568,8.371,61.76,1.52,7.71,2015-01-01,2024-12-31,10-year climate normal,external
REG-SOUTH,332,25.475,8.316,61.85,1.53,7.68,2015-01-01,2024-12-31,10-year climate normal,external
REG-SOUTH,333,25.381,8.261,61.95,1.54,7.64,2015-01-01,2024-12-31,10-year climate normal,external
REG-SOUTH,334,25.287,8.206,62.05,1.55,7.6,2015-01-01,2024-12-31,10-year climate normal,external
REG-SOUTH,335,25.192,8.151,62.15,1.56,7.57,2015-01-01,2024-12-31,10-year climate normal,external
REG-SOUTH,336,25.097,8.095,62.24,1.57,7.53,2015-01-01,2024-12-31,10-year climate normal,external
REG-SOUTH,337,25.001,8.039,62.34,1.58,7.49,2015-01-01,2024-12-31,10-year climate normal,external
REG-SOUTH,338,24.905,7.982,62.44,1.59,7.46,2015-01-01,2024-12-31,10-year climate normal,external
REG-SOUTH,339,24.809,7.926,62.54,1.6,7.42,2015-01-01,2024-12-31,10-year climate normal,external
REG-SOUTH,340,24.711,7.869,62.64,1.61,7.38,2015-01-01,2024-12-31,10-year climate normal,external
REG-SOUTH,341,24.614,7.812,62.74,1.62,7.35,2015-01-01,2024-12-31,10-year climate normal,external
REG-SOUTH,342,24.516,7.754,62.85,1.64,7.31,2015-01-01,2024-12-31,10-year climate normal,external
REG-SOUTH,343,24.418,7.697,62.95,1.65,7.27,2015-01-01,2024-12-31,10-year climate normal,external
REG-SOUTH,344,24.32,7.639,63.05,1.66,7.23,2015-01-01,2024-12-31,10-year climate normal,external
REG-SOUTH,345,24.221,7.581,63.15,1.67,7.2,2015-01-01,2024-12-31,10-year climate normal,external
REG-SOUTH,346,24.122,7.523,63.25,1.68,7.16,2015-01-01,2024-12-31,10-year climate normal,external
REG-SOUTH,347,24.023,7.465,63.36,1.69,7.12,2015-01-01,2024-12-31,10-year climate normal,external
REG-SOUTH,348,23.923,7.407,63.46,1.7,7.08,2015-01-01,2024-12-31,10-year climate normal,external
REG-SOUTH,349,23.824,7.349,63.56,1.71,7.05,2015-01-01,2024-12-31,10-year climate normal,external
REG-SOUTH,350,23.724,7.29,63.66,1.72,7.01,2015-01-01,2024-12-31,10-year climate normal,external
REG-SOUTH,351,23.625,7.232,63.77,1.73,6.97,2015-01-01,2024-12-31,10-year climate normal,external
REG-SOUTH,352,23.525,7.173,63.87,1.74,6.93,2015-01-01,2024-12-31,10-year climate normal,external
REG-SOUTH,353,23.425,7.115,63.97,1.75,6.89,2015-01-01,2024-12-31,10-year climate normal,external
REG-SOUTH,354,23.325,7.056,64.08,1.76,6.86,2015-01-01,2024-12-31,10-year climate normal,external
REG-SOUTH,355,23.225,6.998,64.18,1.77,6.82,2015-01-01,2024-12-31,10-year climate normal,external
REG-SOUTH,356,23.126,6.939,64.28,1.78,6.78,2015-01-01,2024-12-31,10-year climate normal,external
REG-SOUTH,357,23.026,6.881,64.39,1.79,6.74,2015-01-01,2024-12-31,10-year climate normal,external
REG-SOUTH,358,22.926,6.822,64.49,1.8,6.7,2015-01-01,2024-12-31,10-year climate normal,external
REG-SOUTH,359,22.827,6.764,64.59,1.81,6.67,2015-01-01,2024-12-31,10-year climate normal,external
REG-SOUTH,360,22.728,6.706,64.7,1.82,6.63,2015-01-01,2024-12-31,10-year climate normal,external
REG-SOUTH,361,22.629,6.648,64.8,1.84,6.59,2015-01-01,2024-12-31,10-year climate normal,external
REG-SOUTH,362,22.53,6.59,64.9,1.85,6.55,2015-01-01,2024-12-31,10-year climate normal,external
REG-SOUTH,363,22.431,6.532,65,1.86,6.52,2015-01-01,2024-12-31,10-year climate normal,external
REG-SOUTH,364,22.333,6.474,65.1,1.87,6.48,2015-01-01,2024-12-31,10-year climate normal,external
REG-SOUTH,365,22.235,6.417,65.21,1.88,6.44,2015-01-01,2024-12-31,10-year climate normal,external
REG-SOUTH,366,22.137,6.36,65.31,1.89,6.4,2015-01-01,2024-12-31,10-year climate normal,external
REG-DELTA,1,23.23,6.455,80.29,4.41,5.6,2015-01-01,2024-12-31,10-year climate normal,external
REG-DELTA,2,23.152,6.407,80.39,4.43,5.57,2015-01-01,2024-12-31,10-year climate normal,external
REG-DELTA,3,23.075,6.36,80.48,4.45,5.53,2015-01-01,2024-12-31,10-year climate normal,external
REG-DELTA,4,22.998,6.313,80.57,4.47,5.49,2015-01-01,2024-12-31,10-year climate normal,external
REG-DELTA,5,22.923,6.267,80.67,4.5,5.46,2015-01-01,2024-12-31,10-year climate normal,external
REG-DELTA,6,22.847,6.221,80.76,4.52,5.42,2015-01-01,2024-12-31,10-year climate normal,external
REG-DELTA,7,22.773,6.175,80.85,4.54,5.39,2015-01-01,2024-12-31,10-year climate normal,external
REG-DELTA,8,22.699,6.13,80.94,4.56,5.35,2015-01-01,2024-12-31,10-year climate normal,external
REG-DELTA,9,22.626,6.085,81.03,4.58,5.32,2015-01-01,2024-12-31,10-year climate normal,external
REG-DELTA,10,22.553,6.041,81.12,4.6,5.28,2015-01-01,2024-12-31,10-year climate normal,external
REG-DELTA,11,22.482,5.997,81.21,4.62,5.25,2015-01-01,2024-12-31,10-year climate normal,external
REG-DELTA,12,22.411,5.953,81.29,4.64,5.21,2015-01-01,2024-12-31,10-year climate normal,external
REG-DELTA,13,22.341,5.911,81.38,4.66,5.18,2015-01-01,2024-12-31,10-year climate normal,external
REG-DELTA,14,22.271,5.868,81.46,4.68,5.15,2015-01-01,2024-12-31,10-year climate normal,external
REG-DELTA,15,22.203,5.826,81.55,4.7,5.11,2015-01-01,2024-12-31,10-year climate normal,external
REG-DELTA,16,22.135,5.785,81.63,4.71,5.08,2015-01-01,2024-12-31,10-year climate normal,external
REG-DELTA,17,22.069,5.744,81.71,4.73,5.05,2015-01-01,2024-12-31,10-year climate normal,external
REG-DELTA,18,22.003,5.704,81.79,4.75,5.02,2015-01-01,2024-12-31,10-year climate normal,external
REG-DELTA,19,21.938,5.664,81.87,4.77,4.99,2015-01-01,2024-12-31,10-year climate normal,external
REG-DELTA,20,21.874,5.625,81.95,4.79,4.96,2015-01-01,2024-12-31,10-year climate normal,external
REG-DELTA,21,21.811,5.586,82.03,4.8,4.93,2015-01-01,2024-12-31,10-year climate normal,external
REG-DELTA,22,21.749,5.548,82.1,4.82,4.9,2015-01-01,2024-12-31,10-year climate normal,external
REG-DELTA,23,21.688,5.511,82.18,4.84,4.87,2015-01-01,2024-12-31,10-year climate normal,external
REG-DELTA,24,21.628,5.474,82.25,4.86,4.84,2015-01-01,2024-12-31,10-year climate normal,external
REG-DELTA,25,21.569,5.438,82.32,4.87,4.81,2015-01-01,2024-12-31,10-year climate normal,external
REG-DELTA,26,21.511,5.403,82.39,4.89,4.78,2015-01-01,2024-12-31,10-year climate normal,external
REG-DELTA,27,21.454,5.368,82.46,4.9,4.75,2015-01-01,2024-12-31,10-year climate normal,external
REG-DELTA,28,21.398,5.334,82.53,4.92,4.73,2015-01-01,2024-12-31,10-year climate normal,external
REG-DELTA,29,21.343,5.3,82.6,4.93,4.7,2015-01-01,2024-12-31,10-year climate normal,external
REG-DELTA,30,21.29,5.267,82.67,4.95,4.68,2015-01-01,2024-12-31,10-year climate normal,external
REG-DELTA,31,21.237,5.235,82.73,4.96,4.65,2015-01-01,2024-12-31,10-year climate normal,external
REG-DELTA,32,21.186,5.204,82.79,4.98,4.63,2015-01-01,2024-12-31,10-year climate normal,external
REG-DELTA,33,21.136,5.173,82.85,4.99,4.6,2015-01-01,2024-12-31,10-year climate normal,external
REG-DELTA,34,21.087,5.143,82.91,5.01,4.58,2015-01-01,2024-12-31,10-year climate normal,external
REG-DELTA,35,21.039,5.114,82.97,5.02,4.56,2015-01-01,2024-12-31,10-year climate normal,external
REG-DELTA,36,20.992,5.085,83.03,5.03,4.53,2015-01-01,2024-12-31,10-year climate normal,external
REG-DELTA,37,20.947,5.057,83.09,5.04,4.51,2015-01-01,2024-12-31,10-year climate normal,external
REG-DELTA,38,20.903,5.03,83.14,5.06,4.49,2015-01-01,2024-12-31,10-year climate normal,external
REG-DELTA,39,20.86,5.004,83.19,5.07,4.47,2015-01-01,2024-12-31,10-year climate normal,external
REG-DELTA,40,20.818,4.979,83.24,5.08,4.45,2015-01-01,2024-12-31,10-year climate normal,external
REG-DELTA,41,20.778,4.954,83.29,5.09,4.43,2015-01-01,2024-12-31,10-year climate normal,external
REG-DELTA,42,20.739,4.93,83.34,5.1,4.41,2015-01-01,2024-12-31,10-year climate normal,external
REG-DELTA,43,20.701,4.907,83.39,5.11,4.39,2015-01-01,2024-12-31,10-year climate normal,external
REG-DELTA,44,20.665,4.884,83.43,5.12,4.38,2015-01-01,2024-12-31,10-year climate normal,external
REG-DELTA,45,20.629,4.863,83.47,5.13,4.36,2015-01-01,2024-12-31,10-year climate normal,external
REG-DELTA,46,20.595,4.842,83.52,5.14,4.34,2015-01-01,2024-12-31,10-year climate normal,external
REG-DELTA,47,20.563,4.822,83.56,5.15,4.33,2015-01-01,2024-12-31,10-year climate normal,external
REG-DELTA,48,20.532,4.803,83.59,5.16,4.31,2015-01-01,2024-12-31,10-year climate normal,external
REG-DELTA,49,20.502,4.785,83.63,5.17,4.3,2015-01-01,2024-12-31,10-year climate normal,external
REG-DELTA,50,20.473,4.767,83.67,5.18,4.29,2015-01-01,2024-12-31,10-year climate normal,external
REG-DELTA,51,20.446,4.751,83.7,5.18,4.27,2015-01-01,2024-12-31,10-year climate normal,external
REG-DELTA,52,20.421,4.735,83.73,5.19,4.26,2015-01-01,2024-12-31,10-year climate normal,external
REG-DELTA,53,20.396,4.72,83.76,5.2,4.25,2015-01-01,2024-12-31,10-year climate normal,external
REG-DELTA,54,20.373,4.706,83.79,5.2,4.24,2015-01-01,2024-12-31,10-year climate normal,external
REG-DELTA,55,20.352,4.693,83.81,5.21,4.23,2015-01-01,2024-12-31,10-year climate normal,external
REG-DELTA,56,20.332,4.681,83.84,5.22,4.22,2015-01-01,2024-12-31,10-year climate normal,external
REG-DELTA,57,20.313,4.669,83.86,5.22,4.21,2015-01-01,2024-12-31,10-year climate normal,external
REG-DELTA,58,20.813,4.016,83.88,5.23,4.2,2015-01-01,2024-12-31,10-year climate normal,external
REG-DELTA,59,20.662,4.111,83.9,5.23,4.19,2015-01-01,2024-12-31,10-year climate normal,external
REG-DELTA,60,20.627,3.976,83.92,5.23,4.19,2015-01-01,2024-12-31,10-year climate normal,external
REG-DELTA,61,20.539,4.055,83.94,5.24,4.18,2015-01-01,2024-12-31,10-year climate normal,external
REG-DELTA,62,20.184,2.826,83.95,5.24,4.17,2015-01-01,2024-12-31,10-year climate normal,external
REG-DELTA,63,20.603,3.937,83.96,5.24,4.17,2015-01-01,2024-12-31,10-year climate normal,external
REG-DELTA,64,20.116,2.735,83.97,5.25,4.17,2015-01-01,2024-12-31,10-year climate normal,external
REG-DELTA,65,20.22,2.9,83.98,5.25,4.16,2015-01-01,2024-12-31,10-year climate normal,external
REG-DELTA,66,19.994,2.696,83.99,5.25,4.16,2015-01-01,2024-12-31,10-year climate normal,external
REG-DELTA,67,20.292,3.814,83.99,5.25,4.16,2015-01-01,2024-12-31,10-year climate normal,external
REG-DELTA,68,20.095,3.758,84,5.25,4.16,2015-01-01,2024-12-31,10-year climate normal,external
REG-DELTA,69,19.796,2.609,84,5.25,4.15,2015-01-01,2024-12-31,10-year climate normal,external
REG-DELTA,70,19.998,3.677,84,5.25,4.15,2015-01-01,2024-12-31,10-year climate normal,external
REG-DELTA,71,19.531,2.725,84,5.25,4.16,2015-01-01,2024-12-31,10-year climate normal,external
REG-DELTA,72,20.063,3.753,83.99,5.25,4.16,2015-01-01,2024-12-31,10-year climate normal,external
REG-DELTA,73,19.797,3.672,83.99,5.25,4.16,2015-01-01,2024-12-31,10-year climate normal,external
REG-DELTA,74,19.957,3.836,83.98,5.25,4.16,2015-01-01,2024-12-31,10-year climate normal,external
REG-DELTA,75,19.369,2.733,83.97,5.25,4.17,2015-01-01,2024-12-31,10-year climate normal,external
REG-DELTA,76,19.945,3.72,83.96,5.24,4.17,2015-01-01,2024-12-31,10-year climate normal,external
REG-DELTA,77,19.506,2.564,83.95,5.24,4.17,2015-01-01,2024-12-31,10-year climate normal,external
REG-DELTA,78,19.878,3.745,83.94,5.24,4.18,2015-01-01,2024-12-31,10-year climate normal,external
REG-DELTA,79,19.696,2.613,83.92,5.23,4.19,2015-01-01,2024-12-31,10-year climate normal,external
REG-DELTA,80,19.968,3.623,83.9,5.23,4.19,2015-01-01,2024-12-31,10-year climate normal,external
REG-DELTA,81,20.179,3.735,83.88,5.23,4.2,2015-01-01,2024-12-31,10-year climate normal,external
REG-DELTA,82,20.178,3.556,83.86,5.22,4.21,2015-01-01,2024-12-31,10-year climate normal,external
REG-DELTA,83,20.464,3.653,83.84,5.22,4.22,2015-01-01,2024-12-31,10-year climate normal,external
REG-DELTA,84,20.101,2.578,83.81,5.21,4.23,2015-01-01,2024-12-31,10-year climate normal,external
REG-DELTA,85,19.933,2.643,83.79,5.2,4.24,2015-01-01,2024-12-31,10-year climate normal,external
REG-DELTA,86,20.389,3.729,83.76,5.2,4.25,2015-01-01,2024-12-31,10-year climate normal,external
REG-DELTA,87,20.388,2.864,83.73,5.19,4.26,2015-01-01,2024-12-31,10-year climate normal,external
REG-DELTA,88,20.337,2.826,83.7,5.18,4.27,2015-01-01,2024-12-31,10-year climate normal,external
REG-DELTA,89,20.95,3.845,83.67,5.18,4.29,2015-01-01,2024-12-31,10-year climate normal,external
REG-DELTA,90,20.671,2.745,83.63,5.17,4.3,2015-01-01,2024-12-31,10-year climate normal,external
REG-DELTA,91,21.292,3.899,83.59,5.16,4.31,2015-01-01,2024-12-31,10-year climate normal,external
REG-DELTA,92,20.814,2.944,83.56,5.15,4.33,2015-01-01,2024-12-31,10-year climate normal,external
REG-DELTA,93,21.009,2.995,83.52,5.14,4.34,2015-01-01,2024-12-31,10-year climate normal,external
REG-DELTA,94,20.897,2.99,83.47,5.13,4.36,2015-01-01,2024-12-31,10-year climate normal,external
REG-DELTA,95,21.348,4.05,83.43,5.12,4.38,2015-01-01,2024-12-31,10-year climate normal,external
REG-DELTA,96,21.209,2.912,83.39,5.11,4.39,2015-01-01,2024-12-31,10-year climate normal,external
REG-DELTA,97,21.399,4.147,83.34,5.1,4.41,2015-01-01,2024-12-31,10-year climate normal,external
REG-DELTA,98,20.998,3.257,83.29,5.09,4.43,2015-01-01,2024-12-31,10-year climate normal,external
REG-DELTA,99,20.907,3.297,83.24,5.08,4.45,2015-01-01,2024-12-31,10-year climate normal,external
REG-DELTA,100,21.426,4.386,83.19,5.07,4.47,2015-01-01,2024-12-31,10-year climate normal,external
REG-DELTA,101,21.063,3.273,83.14,5.06,4.49,2015-01-01,2024-12-31,10-year climate normal,external
REG-DELTA,102,21.225,4.52,83.09,5.04,4.51,2015-01-01,2024-12-31,10-year climate normal,external
REG-DELTA,103,21.258,4.496,83.03,5.03,4.53,2015-01-01,2024-12-31,10-year climate normal,external
REG-DELTA,104,21.239,4.542,82.97,5.02,4.56,2015-01-01,2024-12-31,10-year climate normal,external
REG-DELTA,105,20.882,3.515,82.91,5.01,4.58,2015-01-01,2024-12-31,10-year climate normal,external
REG-DELTA,106,20.689,3.541,82.85,4.99,4.6,2015-01-01,2024-12-31,10-year climate normal,external
REG-DELTA,107,20.628,3.535,82.79,4.98,4.63,2015-01-01,2024-12-31,10-year climate normal,external
REG-DELTA,108,20.859,3.514,82.73,4.96,4.65,2015-01-01,2024-12-31,10-year climate normal,external
REG-DELTA,109,20.521,3.56,82.67,4.95,4.68,2015-01-01,2024-12-31,10-year climate normal,external
REG-DELTA,110,20.937,4.675,82.6,4.93,4.7,2015-01-01,2024-12-31,10-year climate normal,external
REG-DELTA,111,20.327,3.718,82.53,4.92,4.73,2015-01-01,2024-12-31,10-year climate normal,external
REG-DELTA,112,20.604,3.642,82.46,4.9,4.75,2015-01-01,2024-12-31,10-year climate normal,external
REG-DELTA,113,21.22,4.832,82.39,4.89,4.78,2015-01-01,2024-12-31,10-year climate normal,external
REG-DELTA,114,20.896,4.955,82.32,4.87,4.81,2015-01-01,2024-12-31,10-year climate normal,external
REG-DELTA,115,20.945,4.866,82.25,4.86,4.84,2015-01-01,2024-12-31,10-year climate normal,external
REG-DELTA,116,21.112,4.833,82.18,4.84,4.87,2015-01-01,2024-12-31,10-year climate normal,external
REG-DELTA,117,20.746,3.934,82.1,4.82,4.9,2015-01-01,2024-12-31,10-year climate normal,external
REG-DELTA,118,20.975,3.812,82.03,4.8,4.93,2015-01-01,2024-12-31,10-year climate normal,external
REG-DELTA,119,21.228,3.851,81.95,4.79,4.96,2015-01-01,2024-12-31,10-year climate normal,external
REG-DELTA,120,21.796,5.048,81.87,4.77,4.99,2015-01-01,2024-12-31,10-year climate normal,external
REG-DELTA,121,21.659,4.922,81.79,4.75,5.02,2015-01-01,2024-12-31,10-year climate normal,external
REG-DELTA,122,21.402,4.067,81.71,4.73,5.05,2015-01-01,2024-12-31,10-year climate normal,external
REG-DELTA,123,22.12,5.024,81.63,4.71,5.08,2015-01-01,2024-12-31,10-year climate normal,external
REG-DELTA,124,22.376,4.998,81.55,4.7,5.11,2015-01-01,2024-12-31,10-year climate normal,external
REG-DELTA,125,22.388,5.074,81.46,4.68,5.15,2015-01-01,2024-12-31,10-year climate normal,external
REG-DELTA,126,22.048,4.035,81.38,4.66,5.18,2015-01-01,2024-12-31,10-year climate normal,external
REG-DELTA,127,22.602,5.058,81.29,4.64,5.21,2015-01-01,2024-12-31,10-year climate normal,external
REG-DELTA,128,22.363,4.051,81.21,4.62,5.25,2015-01-01,2024-12-31,10-year climate normal,external
REG-DELTA,129,22.909,5.09,81.12,4.6,5.28,2015-01-01,2024-12-31,10-year climate normal,external
REG-DELTA,130,23.068,5.17,81.03,4.58,5.32,2015-01-01,2024-12-31,10-year climate normal,external
REG-DELTA,131,22.633,4.072,80.94,4.56,5.35,2015-01-01,2024-12-31,10-year climate normal,external
REG-DELTA,132,22.699,4.276,80.85,4.54,5.39,2015-01-01,2024-12-31,10-year climate normal,external
REG-DELTA,133,23.304,5.469,80.76,4.52,5.42,2015-01-01,2024-12-31,10-year climate normal,external
REG-DELTA,134,23.388,5.317,80.67,4.5,5.46,2015-01-01,2024-12-31,10-year climate normal,external
REG-DELTA,135,23.295,5.39,80.57,4.47,5.49,2015-01-01,2024-12-31,10-year climate normal,external
REG-DELTA,136,23.433,5.433,80.48,4.45,5.53,2015-01-01,2024-12-31,10-year climate normal,external
REG-DELTA,137,23.027,4.423,80.39,4.43,5.57,2015-01-01,2024-12-31,10-year climate normal,external
REG-DELTA,138,22.991,4.42,80.29,4.41,5.6,2015-01-01,2024-12-31,10-year climate normal,external
REG-DELTA,139,23.29,5.606,80.19,4.39,5.64,2015-01-01,2024-12-31,10-year climate normal,external
REG-DELTA,140,23.43,5.71,80.1,4.37,5.68,2015-01-01,2024-12-31,10-year climate normal,external
REG-DELTA,141,23.421,5.704,80,4.34,5.72,2015-01-01,2024-12-31,10-year climate normal,external
REG-DELTA,142,22.977,4.757,79.9,4.32,5.76,2015-01-01,2024-12-31,10-year climate normal,external
REG-DELTA,143,23.437,5.78,79.8,4.3,5.79,2015-01-01,2024-12-31,10-year climate normal,external
REG-DELTA,144,23.488,6.08,79.71,4.28,5.83,2015-01-01,2024-12-31,10-year climate normal,external
REG-DELTA,145,23.298,5.98,79.61,4.26,5.87,2015-01-01,2024-12-31,10-year climate normal,external
REG-DELTA,146,23.093,4.936,79.51,4.23,5.91,2015-01-01,2024-12-31,10-year climate normal,external
REG-DELTA,147,23.422,6.18,79.41,4.21,5.95,2015-01-01,2024-12-31,10-year climate normal,external
REG-DELTA,148,23.078,5.209,79.31,4.19,5.99,2015-01-01,2024-12-31,10-year climate normal,external
REG-DELTA,149,23.404,6.427,79.21,4.16,6.03,2015-01-01,2024-12-31,10-year climate normal,external
REG-DELTA,150,23.277,5.269,79.1,4.14,6.07,2015-01-01,2024-12-31,10-year climate normal,external
REG-DELTA,151,23.79,6.518,79,4.12,6.11,2015-01-01,2024-12-31,10-year climate normal,external
REG-DELTA,152,23.843,6.582,78.9,4.09,6.15,2015-01-01,2024-12-31,10-year climate normal,external
REG-DELTA,153,23.995,6.759,78.8,4.07,6.19,2015-01-01,2024-12-31,10-year climate normal,external
REG-DELTA,154,23.739,5.811,78.7,4.05,6.23,2015-01-01,2024-12-31,10-year climate normal,external
REG-DELTA,155,24.408,6.814,78.59,4.02,6.27,2015-01-01,2024-12-31,10-year climate normal,external
REG-DELTA,156,24.511,6.983,78.49,4,6.31,2015-01-01,2024-12-31,10-year climate normal,external
REG-DELTA,157,24.352,5.89,78.39,3.98,6.35,2015-01-01,2024-12-31,10-year climate normal,external
REG-DELTA,158,24.482,5.766,78.28,3.95,6.39,2015-01-01,2024-12-31,10-year climate normal,external
REG-DELTA,159,24.959,7.103,78.18,3.93,6.43,2015-01-01,2024-12-31,10-year climate normal,external
REG-DELTA,160,25.276,7.191,78.08,3.91,6.47,2015-01-01,2024-12-31,10-year climate normal,external
REG-DELTA,161,25.157,6.026,77.97,3.88,6.51,2015-01-01,2024-12-31,10-year climate normal,external
REG-DELTA,162,25.8,7.378,77.87,3.86,6.55,2015-01-01,2024-12-31,10-year climate normal,external
REG-DELTA,163,25.971,7.213,77.77,3.84,6.59,2015-01-01,2024-12-31,10-year climate normal,external
REG-DELTA,164,25.99,7.314,77.66,3.81,6.63,2015-01-01,2024-12-31,10-year climate normal,external
REG-DELTA,165,26.301,7.355,77.56,3.79,6.67,2015-01-01,2024-12-31,10-year climate normal,external
REG-DELTA,166,26.003,6.256,77.46,3.77,6.71,2015-01-01,2024-12-31,10-year climate normal,external
REG-DELTA,167,26.662,7.442,77.36,3.74,6.75,2015-01-01,2024-12-31,10-year climate normal,external
REG-DELTA,168,26.14,6.44,77.25,3.72,6.79,2015-01-01,2024-12-31,10-year climate normal,external
REG-DELTA,169,26.894,7.501,77.15,3.7,6.83,2015-01-01,2024-12-31,10-year climate normal,external
REG-DELTA,170,26.784,7.488,77.05,3.67,6.87,2015-01-01,2024-12-31,10-year climate normal,external
REG-DELTA,171,26.807,7.609,76.95,3.65,6.91,2015-01-01,2024-12-31,10-year climate normal,external
REG-DELTA,172,26.385,6.421,76.85,3.63,6.95,2015-01-01,2024-12-31,10-year climate normal,external
REG-DELTA,173,26.961,7.649,76.74,3.61,6.99,2015-01-01,2024-12-31,10-year climate normal,external
REG-DELTA,174,26.489,6.569,76.64,3.58,7.03,2015-01-01,2024-12-31,10-year climate normal,external
REG-DELTA,175,26.879,7.725,76.54,3.56,7.07,2015-01-01,2024-12-31,10-year climate normal,external
REG-DELTA,176,26.697,6.568,76.44,3.54,7.11,2015-01-01,2024-12-31,10-year climate normal,external
REG-DELTA,177,26.731,7.685,76.34,3.51,7.15,2015-01-01,2024-12-31,10-year climate normal,external
REG-DELTA,178,26.814,7.824,76.24,3.49,7.19,2015-01-01,2024-12-31,10-year climate normal,external
REG-DELTA,179,26.584,6.599,76.15,3.47,7.22,2015-01-01,2024-12-31,10-year climate normal,external
REG-DELTA,180,27.068,7.807,76.05,3.45,7.26,2015-01-01,2024-12-31,10-year climate normal,external
REG-DELTA,181,26.684,6.749,75.95,3.43,7.3,2015-01-01,2024-12-31,10-year climate normal,external
REG-DELTA,182,27.057,7.811,75.85,3.4,7.34,2015-01-01,2024-12-31,10-year climate normal,external
REG-DELTA,183,26.473,6.83,75.76,3.38,7.38,2015-01-01,2024-12-31,10-year climate normal,external
REG-DELTA,184,26.863,7.822,75.66,3.36,7.41,2015-01-01,2024-12-31,10-year climate normal,external
REG-DELTA,185,27.047,7.81,75.57,3.34,7.45,2015-01-01,2024-12-31,10-year climate normal,external
REG-DELTA,186,26.803,8.019,75.47,3.32,7.49,2015-01-01,2024-12-31,10-year climate normal,external
REG-DELTA,187,26.696,6.996,75.38,3.3,7.52,2015-01-01,2024-12-31,10-year climate normal,external
REG-DELTA,188,27.056,8.118,75.29,3.27,7.56,2015-01-01,2024-12-31,10-year climate normal,external
REG-DELTA,189,27.374,8.145,75.2,3.25,7.6,2015-01-01,2024-12-31,10-year climate normal,external
REG-DELTA,190,27.007,7.059,75.1,3.23,7.63,2015-01-01,2024-12-31,10-year climate normal,external
REG-DELTA,191,27.529,8.281,75.01,3.21,7.67,2015-01-01,2024-12-31,10-year climate normal,external
REG-DELTA,192,27.725,8.275,74.93,3.19,7.7,2015-01-01,2024-12-31,10-year climate normal,external
REG-DELTA,193,27.306,7.321,74.84,3.17,7.74,2015-01-01,2024-12-31,10-year climate normal,external
REG-DELTA,194,27.867,8.443,74.75,3.15,7.77,2015-01-01,2024-12-31,10-year climate normal,external
REG-DELTA,195,28.01,8.488,74.66,3.13,7.8,2015-01-01,2024-12-31,10-year climate normal,external
REG-DELTA,196,28.28,8.555,74.58,3.11,7.84,2015-01-01,2024-12-31,10-year climate normal,external
REG-DELTA,197,28.42,8.508,74.49,3.09,7.87,2015-01-01,2024-12-31,10-year climate normal,external
REG-DELTA,198,27.984,7.673,74.41,3.08,7.9,2015-01-01,2024-12-31,10-year climate normal,external
REG-DELTA,199,28.606,8.682,74.33,3.06,7.93,2015-01-01,2024-12-31,10-year climate normal,external
REG-DELTA,200,28.627,8.894,74.25,3.04,7.97,2015-01-01,2024-12-31,10-year climate normal,external
REG-DELTA,201,28.999,8.944,74.17,3.02,8,2015-01-01,2024-12-31,10-year climate normal,external
REG-DELTA,202,29.042,8.805,74.09,3,8.03,2015-01-01,2024-12-31,10-year climate normal,external
REG-DELTA,203,29.015,9.063,74.01,2.99,8.06,2015-01-01,2024-12-31,10-year climate normal,external
REG-DELTA,204,29.136,9.058,73.93,2.97,8.09,2015-01-01,2024-12-31,10-year climate normal,external
REG-DELTA,205,29.353,8.917,73.86,2.95,8.12,2015-01-01,2024-12-31,10-year climate normal,external
REG-DELTA,206,28.852,7.933,73.78,2.93,8.15,2015-01-01,2024-12-31,10-year climate normal,external
REG-DELTA,207,28.76,8.177,73.71,2.92,8.18,2015-01-01,2024-12-31,10-year climate normal,external
REG-DELTA,208,29.154,9.205,73.64,2.9,8.2,2015-01-01,2024-12-31,10-year climate normal,external
REG-DELTA,209,29.116,9.153,73.57,2.89,8.23,2015-01-01,2024-12-31,10-year climate normal,external
REG-DELTA,210,29.13,9.4,73.5,2.87,8.26,2015-01-01,2024-12-31,10-year climate normal,external
REG-DELTA,211,28.969,9.307,73.43,2.85,8.28,2015-01-01,2024-12-31,10-year climate normal,external
REG-DELTA,212,28.567,8.507,73.37,2.84,8.31,2015-01-01,2024-12-31,10-year climate normal,external
REG-DELTA,213,29.015,9.407,73.3,2.82,8.34,2015-01-01,2024-12-31,10-year climate normal,external
REG-DELTA,214,28.518,8.378,73.24,2.81,8.36,2015-01-01,2024-12-31,10-year climate normal,external
REG-DELTA,215,28.965,9.633,73.18,2.8,8.39,2015-01-01,2024-12-31,10-year climate normal,external
REG-DELTA,216,29.089,10.042,73.12,2.78,8.41,2015-01-01,2024-12-31,10-year climate normal,external
REG-DELTA,217,29.137,10.072,73.06,2.77,8.43,2015-01-01,2024-12-31,10-year climate normal,external
REG-DELTA,218,29.184,10.101,73,2.76,8.45,2015-01-01,2024-12-31,10-year climate normal,external
REG-DELTA,219,29.23,10.129,72.94,2.74,8.48,2015-01-01,2024-12-31,10-year climate normal,external
REG-DELTA,220,29.275,10.156,72.89,2.73,8.5,2015-01-01,2024-12-31,10-year climate normal,external
REG-DELTA,221,29.319,10.183,72.83,2.72,8.52,2015-01-01,2024-12-31,10-year climate normal,external
REG-DELTA,222,29.361,10.209,72.78,2.71,8.54,2015-01-01,2024-12-31,10-year climate normal,external
REG-DELTA,223,29.402,10.234,72.73,2.69,8.56,2015-01-01,2024-12-31,10-year climate normal,external
REG-DELTA,224,29.442,10.258,72.68,2.68,8.58,2015-01-01,2024-12-31,10-year climate normal,external
REG-DELTA,225,29.48,10.282,72.64,2.67,8.6,2015-01-01,2024-12-31,10-year climate normal,external
REG-DELTA,226,29.517,10.305,72.59,2.66,8.61,2015-01-01,2024-12-31,10-year climate normal,external
REG-DELTA,227,29.553,10.326,72.55,2.65,8.63,2015-01-01,2024-12-31,10-year climate normal,external
REG-DELTA,228,29.588,10.348,72.5,2.64,8.65,2015-01-01,2024-12-31,10-year climate normal,external
REG-DELTA,229,29.621,10.368,72.46,2.63,8.66,2015-01-01,2024-12-31,10-year climate normal,external
REG-DELTA,230,29.653,10.387,72.43,2.63,8.68,2015-01-01,2024-12-31,10-year climate normal,external
REG-DELTA,231,29.683,10.406,72.39,2.62,8.69,2015-01-01,2024-12-31,10-year climate normal,external
REG-DELTA,232,29.712,10.424,72.35,2.61,8.71,2015-01-01,2024-12-31,10-year climate normal,external
REG-DELTA,233,29.74,10.441,72.32,2.6,8.72,2015-01-01,2024-12-31,10-year climate normal,external
REG-DELTA,234,29.767,10.457,72.29,2.59,8.73,2015-01-01,2024-12-31,10-year climate normal,external
REG-DELTA,235,29.792,10.472,72.26,2.59,8.75,2015-01-01,2024-12-31,10-year climate normal,external
REG-DELTA,236,29.815,10.487,72.23,2.58,8.76,2015-01-01,2024-12-31,10-year climate normal,external
REG-DELTA,237,29.838,10.501,72.2,2.57,8.77,2015-01-01,2024-12-31,10-year climate normal,external
REG-DELTA,238,29.858,10.513,72.17,2.57,8.78,2015-01-01,2024-12-31,10-year climate normal,external
REG-DELTA,239,29.878,10.525,72.15,2.56,8.79,2015-01-01,2024-12-31,10-year climate normal,external
REG-DELTA,240,29.896,10.536,72.13,2.56,8.79,2015-01-01,2024-12-31,10-year climate normal,external
REG-DELTA,241,29.912,10.546,72.11,2.55,8.8,2015-01-01,2024-12-31,10-year climate normal,external
REG-DELTA,242,29.928,10.556,72.09,2.55,8.81,2015-01-01,2024-12-31,10-year climate normal,external
REG-DELTA,243,29.941,10.564,72.07,2.55,8.82,2015-01-01,2024-12-31,10-year climate normal,external
REG-DELTA,244,29.954,10.572,72.06,2.54,8.82,2015-01-01,2024-12-31,10-year climate normal,external
REG-DELTA,245,29.964,10.578,72.04,2.54,8.83,2015-01-01,2024-12-31,10-year climate normal,external
REG-DELTA,246,29.974,10.584,72.03,2.54,8.83,2015-01-01,2024-12-31,10-year climate normal,external
REG-DELTA,247,29.982,10.589,72.02,2.53,8.84,2015-01-01,2024-12-31,10-year climate normal,external
REG-DELTA,248,29.988,10.593,72.01,2.53,8.84,2015-01-01,2024-12-31,10-year climate normal,external
REG-DELTA,249,29.993,10.596,72.01,2.53,8.84,2015-01-01,2024-12-31,10-year climate normal,external
REG-DELTA,250,29.997,10.598,72,2.53,8.84,2015-01-01,2024-12-31,10-year climate normal,external
REG-DELTA,251,29.999,10.6,72,2.53,8.84,2015-01-01,2024-12-31,10-year climate normal,external
REG-DELTA,252,30,10.6,72,2.53,8.84,2015-01-01,2024-12-31,10-year climate normal,external
REG-DELTA,253,29.999,10.6,72,2.53,8.84,2015-01-01,2024-12-31,10-year climate normal,external
REG-DELTA,254,29.997,10.598,72,2.53,8.84,2015-01-01,2024-12-31,10-year climate normal,external
REG-DELTA,255,29.993,10.596,72.01,2.53,8.84,2015-01-01,2024-12-31,10-year climate normal,external
REG-DELTA,256,29.988,10.593,72.01,2.53,8.84,2015-01-01,2024-12-31,10-year climate normal,external
REG-DELTA,257,29.982,10.589,72.02,2.53,8.84,2015-01-01,2024-12-31,10-year climate normal,external
REG-DELTA,258,29.974,10.584,72.03,2.54,8.83,2015-01-01,2024-12-31,10-year climate normal,external
REG-DELTA,259,29.964,10.578,72.04,2.54,8.83,2015-01-01,2024-12-31,10-year climate normal,external
REG-DELTA,260,29.954,10.572,72.06,2.54,8.82,2015-01-01,2024-12-31,10-year climate normal,external
REG-DELTA,261,29.941,10.564,72.07,2.55,8.82,2015-01-01,2024-12-31,10-year climate normal,external
REG-DELTA,262,29.928,10.556,72.09,2.55,8.81,2015-01-01,2024-12-31,10-year climate normal,external
REG-DELTA,263,29.912,10.546,72.11,2.55,8.8,2015-01-01,2024-12-31,10-year climate normal,external
REG-DELTA,264,29.896,10.536,72.13,2.56,8.79,2015-01-01,2024-12-31,10-year climate normal,external
REG-DELTA,265,29.878,10.525,72.15,2.56,8.79,2015-01-01,2024-12-31,10-year climate normal,external
REG-DELTA,266,29.858,10.513,72.17,2.57,8.78,2015-01-01,2024-12-31,10-year climate normal,external
REG-DELTA,267,29.838,10.501,72.2,2.57,8.77,2015-01-01,2024-12-31,10-year climate normal,external
REG-DELTA,268,29.815,10.487,72.23,2.58,8.76,2015-01-01,2024-12-31,10-year climate normal,external
REG-DELTA,269,29.792,10.472,72.26,2.59,8.75,2015-01-01,2024-12-31,10-year climate normal,external
REG-DELTA,270,29.767,10.457,72.29,2.59,8.73,2015-01-01,2024-12-31,10-year climate normal,external
REG-DELTA,271,29.74,10.441,72.32,2.6,8.72,2015-01-01,2024-12-31,10-year climate normal,external
REG-DELTA,272,29.712,10.424,72.35,2.61,8.71,2015-01-01,2024-12-31,10-year climate normal,external
REG-DELTA,273,29.683,10.406,72.39,2.62,8.69,2015-01-01,2024-12-31,10-year climate normal,external
REG-DELTA,274,29.653,10.387,72.43,2.63,8.68,2015-01-01,2024-12-31,10-year climate normal,external
REG-DELTA,275,29.621,10.368,72.46,2.63,8.66,2015-01-01,2024-12-31,10-year climate normal,external
REG-DELTA,276,29.588,10.348,72.5,2.64,8.65,2015-01-01,2024-12-31,10-year climate normal,external
REG-DELTA,277,29.553,10.326,72.55,2.65,8.63,2015-01-01,2024-12-31,10-year climate normal,external
REG-DELTA,278,29.517,10.305,72.59,2.66,8.61,2015-01-01,2024-12-31,10-year climate normal,external
REG-DELTA,279,29.48,10.282,72.64,2.67,8.6,2015-01-01,2024-12-31,10-year climate normal,external
REG-DELTA,280,29.442,10.258,72.68,2.68,8.58,2015-01-01,2024-12-31,10-year climate normal,external
REG-DELTA,281,29.402,10.234,72.73,2.69,8.56,2015-01-01,2024-12-31,10-year climate normal,external
REG-DELTA,282,29.361,10.209,72.78,2.71,8.54,2015-01-01,2024-12-31,10-year climate normal,external
REG-DELTA,283,29.319,10.183,72.83,2.72,8.52,2015-01-01,2024-12-31,10-year climate normal,external
REG-DELTA,284,29.275,10.156,72.89,2.73,8.5,2015-01-01,2024-12-31,10-year climate normal,external
REG-DELTA,285,29.23,10.129,72.94,2.74,8.48,2015-01-01,2024-12-31,10-year climate normal,external
REG-DELTA,286,29.184,10.101,73,2.76,8.45,2015-01-01,2024-12-31,10-year climate normal,external
REG-DELTA,287,29.137,10.072,73.06,2.77,8.43,2015-01-01,2024-12-31,10-year climate normal,external
REG-DELTA,288,29.089,10.042,73.12,2.78,8.41,2015-01-01,2024-12-31,10-year climate normal,external
REG-DELTA,289,29.039,10.012,73.18,2.8,8.39,2015-01-01,2024-12-31,10-year climate normal,external
REG-DELTA,290,28.989,9.981,73.24,2.81,8.36,2015-01-01,2024-12-31,10-year climate normal,external
REG-DELTA,291,28.937,9.949,73.3,2.82,8.34,2015-01-01,2024-12-31,10-year climate normal,external
REG-DELTA,292,28.884,9.916,73.37,2.84,8.31,2015-01-01,2024-12-31,10-year climate normal,external
REG-DELTA,293,28.829,9.883,73.43,2.85,8.28,2015-01-01,2024-12-31,10-year climate normal,external
REG-DELTA,294,28.774,9.849,73.5,2.87,8.26,2015-01-01,2024-12-31,10-year climate normal,external
REG-DELTA,295,28.718,9.815,73.57,2.89,8.23,2015-01-01,2024-12-31,10-year climate normal,external
REG-DELTA,296,28.66,9.78,73.64,2.9,8.2,2015-01-01,2024-12-31,10-year climate normal,external
REG-DELTA,297,28.602,9.744,73.71,2.92,8.18,2015-01-01,2024-12-31,10-year climate normal,external
REG-DELTA,298,28.542,9.708,73.78,2.93,8.15,2015-01-01,2024-12-31,10-year climate normal,external
REG-DELTA,299,28.482,9.671,73.86,2.95,8.12,2015-01-01,2024-12-31,10-year climate normal,external
REG-DELTA,300,28.42,9.633,73.93,2.97,8.09,2015-01-01,2024-12-31,10-year climate normal,external
REG-DELTA,301,28.358,9.595,74.01,2.99,8.06,2015-01-01,2024-12-31,10-year climate normal,external
REG-DELTA,302,28.294,9.556,74.09,3,8.03,2015-01-01,2024-12-31,10-year climate normal,external
REG-DELTA,303,28.23,9.516,74.17,3.02,8,2015-01-01,2024-12-31,10-year climate normal,external
REG-DELTA,304,28.165,9.476,74.25,3.04,7.97,2015-01-01,2024-12-31,10-year climate normal,external
REG-DELTA,305,28.098,9.436,74.33,3.06,7.93,2015-01-01,2024-12-31,10-year climate normal,external
REG-DELTA,306,28.031,9.395,74.41,3.08,7.9,2015-01-01,2024-12-31,10-year climate normal,external
REG-DELTA,307,27.963,9.353,74.49,3.09,7.87,2015-01-01,2024-12-31,10-year climate normal,external
REG-DELTA,308,27.894,9.311,74.58,3.11,7.84,2015-01-01,2024-12-31,10-year climate normal,external
REG-DELTA,309,27.824,9.268,74.66,3.13,7.8,2015-01-01,2024-12-31,10-year climate normal,external
REG-DELTA,310,27.754,9.225,74.75,3.15,7.77,2015-01-01,2024-12-31,10-year climate normal,external
REG-DELTA,311,27.683,9.181,74.84,3.17,7.74,2015-01-01,2024-12-31,10-year climate normal,external
REG-DELTA,312,27.611,9.137,74.93,3.19,7.7,2015-01-01,2024-12-31,10-year climate normal,external
REG-DELTA,313,27.538,9.093,75.01,3.21,7.67,2015-01-01,2024-12-31,10-year climate normal,external
REG-DELTA,314,27.464,9.048,75.1,3.23,7.63,2015-01-01,2024-12-31,10-year climate normal,external
REG-DELTA,315,27.39,9.002,75.2,3.25,7.6,2015-01-01,2024-12-31,10-year climate normal,external
REG-DELTA,316,27.315,8.956,75.29,3.27,7.56,2015-01-01,2024-12-31,10-year climate normal,external
REG-DELTA,317,27.24,8.91,75.38,3.3,7.52,2015-01-01,2024-12-31,10-year climate normal,external
REG-DELTA,318,27.163,8.863,75.47,3.32,7.49,2015-01-01,2024-12-31,10-year climate normal,external
REG-DELTA,319,27.087,8.816,75.57,3.34,7.45,2015-01-01,2024-12-31,10-year climate normal,external
REG-DELTA,320,27.009,8.769,75.66,3.36,7.41,2015-01-01,2024-12-31,10-year climate normal,external
REG-DELTA,321,26.931,8.721,75.76,3.38,7.38,2015-01-01,2024-12-31,10-year climate normal,external
REG-DELTA,322,26.853,8.673,75.85,3.4,7.34,2015-01-01,2024-12-31,10-year climate normal,external
REG-DELTA,323,26.774,8.625,75.95,3.43,7.3,2015-01-01,2024-12-31,10-year climate normal,external
REG-DELTA,324,26.694,8.576,76.05,3.45,7.26,2015-01-01,2024-12-31,10-year climate normal,external
REG-DELTA,325,26.614,8.527,76.15,3.47,7.22,2015-01-01,2024-12-31,10-year climate normal,external
REG-DELTA,326,26.534,8.478,76.24,3.49,7.19,2015-01-01,2024-12-31,10-year climate normal,external
REG-DELTA,327,26.453,8.428,76.34,3.51,7.15,2015-01-01,2024-12-31,10-year climate normal,external
REG-DELTA,328,26.372,8.379,76.44,3.54,7.11,2015-01-01,2024-12-31,10-year climate normal,external
REG-DELTA,329,26.29,8.329,76.54,3.56,7.07,2015-01-01,2024-12-31,10-year climate normal,external
REG-DELTA,330,26.208,8.278,76.64,3.58,7.03,2015-01-01,2024-12-31,10-year climate normal,external
REG-DELTA,331,26.126,8.228,76.74,3.61,6.99,2015-01-01,2024-12-31,10-year climate normal,external
REG-DELTA,332,26.043,8.177,76.85,3.63,6.95,2015-01-01,2024-12-31,10-year climate normal,external
REG-DELTA,333,25.96,8.127,76.95,3.65,6.91,2015-01-01,2024-12-31,10-year climate normal,external
REG-DELTA,334,25.877,8.076,77.05,3.67,6.87,2015-01-01,2024-12-31,10-year climate normal,external
REG-DELTA,335,25.794,8.025,77.15,3.7,6.83,2015-01-01,2024-12-31,10-year climate normal,external
REG-DELTA,336,25.71,7.973,77.25,3.72,6.79,2015-01-01,2024-12-31,10-year climate normal,external
REG-DELTA,337,25.626,7.922,77.36,3.74,6.75,2015-01-01,2024-12-31,10-year climate normal,external
REG-DELTA,338,25.542,7.871,77.46,3.77,6.71,2015-01-01,2024-12-31,10-year climate normal,external
REG-DELTA,339,25.458,7.819,77.56,3.79,6.67,2015-01-01,2024-12-31,10-year climate normal,external
REG-DELTA,340,25.374,7.768,77.66,3.81,6.63,2015-01-01,2024-12-31,10-year climate normal,external
REG-DELTA,341,25.29,7.716,77.77,3.84,6.59,2015-01-01,2024-12-31,10-year climate normal,external
REG-DELTA,342,25.205,7.665,77.87,3.86,6.55,2015-01-01,2024-12-31,10-year climate normal,external
REG-DELTA,343,25.121,7.613,77.97,3.88,6.51,2015-01-01,2024-12-31,10-year climate normal,external
REG-DELTA,344,25.037,7.561,78.08,3.91,6.47,2015-01-01,2024-12-31,10-year climate normal,external
REG-DELTA,345,24.952,7.51,78.18,3.93,6.43,2015-01-01,2024-12-31,10-year climate normal,external
REG-DELTA,346,24.868,7.458,78.28,3.95,6.39,2015-01-01,2024-12-31,10-year climate normal,external
REG-DELTA,347,24.784,7.406,78.39,3.98,6.35,2015-01-01,2024-12-31,10-year climate normal,external
REG-DELTA,348,24.7,7.355,78.49,4,6.31,2015-01-01,2024-12-31,10-year climate normal,external
REG-DELTA,349,24.616,7.304,78.59,4.02,6.27,2015-01-01,2024-12-31,10-year climate normal,external
REG-DELTA,350,24.532,7.252,78.7,4.05,6.23,2015-01-01,2024-12-31,10-year climate normal,external
REG-DELTA,351,24.448,7.201,78.8,4.07,6.19,2015-01-01,2024-12-31,10-year climate normal,external
REG-DELTA,352,24.365,7.15,78.9,4.09,6.15,2015-01-01,2024-12-31,10-year climate normal,external
REG-DELTA,353,24.281,7.099,79,4.12,6.11,2015-01-01,2024-12-31,10-year climate normal,external
REG-DELTA,354,24.198,7.048,79.1,4.14,6.07,2015-01-01,2024-12-31,10-year climate normal,external
REG-DELTA,355,24.116,6.997,79.21,4.16,6.03,2015-01-01,2024-12-31,10-year climate normal,external
REG-DELTA,356,24.033,6.947,79.31,4.19,5.99,2015-01-01,2024-12-31,10-year climate normal,external
REG-DELTA,357,23.951,6.897,79.41,4.21,5.95,2015-01-01,2024-12-31,10-year climate normal,external
REG-DELTA,358,23.869,6.846,79.51,4.23,5.91,2015-01-01,2024-12-31,10-year climate normal,external
REG-DELTA,359,23.788,6.797,79.61,4.26,5.87,2015-01-01,2024-12-31,10-year climate normal,external
REG-DELTA,360,23.707,6.747,79.71,4.28,5.83,2015-01-01,2024-12-31,10-year climate normal,external
REG-DELTA,361,23.626,6.698,79.8,4.3,5.79,2015-01-01,2024-12-31,10-year climate normal,external
REG-DELTA,362,23.546,6.648,79.9,4.32,5.76,2015-01-01,2024-12-31,10-year climate normal,external
REG-DELTA,363,23.466,6.6,80,4.34,5.72,2015-01-01,2024-12-31,10-year climate normal,external
REG-DELTA,364,23.387,6.551,80.1,4.37,5.68,2015-01-01,2024-12-31,10-year climate normal,external
REG-DELTA,365,23.308,6.503,80.19,4.39,5.64,2015-01-01,2024-12-31,10-year climate normal,external
REG-DELTA,366,23.23,6.455,80.29,4.41,5.6,2015-01-01,2024-12-31,10-year climate normal,external
REG-ISLAND,1,23.721,7.754,75.8,3.38,6.31,2015-01-01,2024-12-31,10-year climate normal,external
REG-ISLAND,2,23.66,7.71,75.9,3.4,6.27,2015-01-01,2024-12-31,10-year climate normal,external
REG-ISLAND,3,23.599,7.666,76,3.42,6.23,2015-01-01,2024-12-31,10-year climate normal,external
REG-ISLAND,4,23.538,7.622,76.1,3.44,6.19,2015-01-01,2024-12-31,10-year climate normal,external
REG-ISLAND,5,23.477,7.578,76.21,3.46,6.16,2015-01-01,2024-12-31,10-year climate normal,external
REG-ISLAND,6,23.416,7.534,76.31,3.48,6.12,2015-01-01,2024-12-31,10-year climate normal,external
REG-ISLAND,7,23.356,7.49,76.41,3.5,6.08,2015-01-01,2024-12-31,10-year climate normal,external
REG-ISLAND,8,23.296,7.447,76.51,3.52,6.04,2015-01-01,2024-12-31,10-year climate normal,external
REG-ISLAND,9,23.236,7.404,76.61,3.54,6,2015-01-01,2024-12-31,10-year climate normal,external
REG-ISLAND,10,23.176,7.361,76.71,3.55,5.96,2015-01-01,2024-12-31,10-year climate normal,external
REG-ISLAND,11,23.117,7.318,76.8,3.57,5.93,2015-01-01,2024-12-31,10-year climate normal,external
REG-ISLAND,12,23.058,7.275,76.9,3.59,5.89,2015-01-01,2024-12-31,10-year climate normal,external
REG-ISLAND,13,23,7.233,77,3.61,5.85,2015-01-01,2024-12-31,10-year climate normal,external
REG-ISLAND,14,22.941,7.191,77.1,3.63,5.81,2015-01-01,2024-12-31,10-year climate normal,external
REG-ISLAND,15,22.883,7.149,77.19,3.65,5.78,2015-01-01,2024-12-31,10-year climate normal,external
REG-ISLAND,16,22.826,7.108,77.29,3.66,5.74,2015-01-01,2024-12-31,10-year climate normal,external
REG-ISLAND,17,22.769,7.066,77.39,3.68,5.7,2015-01-01,2024-12-31,10-year climate normal,external
REG-ISLAND,18,22.712,7.025,77.48,3.7,5.67,2015-01-01,2024-12-31,10-year climate normal,external
REG-ISLAND,19,22.656,6.985,77.57,3.72,5.63,2015-01-01,2024-12-31,10-year climate normal,external
REG-ISLAND,20,22.6,6.945,77.67,3.74,5.59,2015-01-01,2024-12-31,10-year climate normal,external
REG-ISLAND,21,22.545,6.905,77.76,3.75,5.56,2015-01-01,2024-12-31,10-year climate normal,external
REG-ISLAND,22,22.49,6.865,77.85,3.77,5.52,2015-01-01,2024-12-31,10-year climate normal,external
REG-ISLAND,23,22.436,6.826,77.94,3.79,5.49,2015-01-01,2024-12-31,10-year climate normal,external
REG-ISLAND,24,22.382,6.787,78.03,3.8,5.45,2015-01-01,2024-12-31,10-year climate normal,external
REG-ISLAND,25,22.329,6.749,78.12,3.82,5.42,2015-01-01,2024-12-31,10-year climate normal,external
REG-ISLAND,26,22.276,6.711,78.21,3.84,5.39,2015-01-01,2024-12-31,10-year climate normal,external
REG-ISLAND,27,22.224,6.673,78.29,3.85,5.35,2015-01-01,2024-12-31,10-year climate normal,external
REG-ISLAND,28,22.173,6.636,78.38,3.87,5.32,2015-01-01,2024-12-31,10-year climate normal,external
REG-ISLAND,29,22.122,6.599,78.46,3.89,5.29,2015-01-01,2024-12-31,10-year climate normal,external
REG-ISLAND,30,22.071,6.563,78.55,3.9,5.26,2015-01-01,2024-12-31,10-year climate normal,external
REG-ISLAND,31,22.022,6.527,78.63,3.92,5.22,2015-01-01,2024-12-31,10-year climate normal,external
REG-ISLAND,32,21.973,6.491,78.71,3.93,5.19,2015-01-01,2024-12-31,10-year climate normal,external
REG-ISLAND,33,21.924,6.457,78.79,3.95,5.16,2015-01-01,2024-12-31,10-year climate normal,external
REG-ISLAND,34,21.877,6.422,78.87,3.96,5.13,2015-01-01,2024-12-31,10-year climate normal,external
REG-ISLAND,35,21.83,6.388,78.95,3.98,5.1,2015-01-01,2024-12-31,10-year climate normal,external
REG-ISLAND,36,21.783,6.355,79.03,3.99,5.07,2015-01-01,2024-12-31,10-year climate normal,external
REG-ISLAND,37,21.738,6.322,79.1,4.01,5.04,2015-01-01,2024-12-31,10-year climate normal,external
REG-ISLAND,38,21.693,6.289,79.18,4.02,5.01,2015-01-01,2024-12-31,10-year climate normal,external
REG-ISLAND,39,21.649,6.258,79.25,4.03,4.99,2015-01-01,2024-12-31,10-year climate normal,external
REG-ISLAND,40,21.606,6.226,79.32,4.05,4.96,2015-01-01,2024-12-31,10-year climate normal,external
REG-ISLAND,41,21.563,6.196,79.39,4.06,4.93,2015-01-01,2024-12-31,10-year climate normal,external
REG-ISLAND,42,21.521,6.165,79.46,4.07,4.9,2015-01-01,2024-12-31,10-year climate normal,external
REG-ISLAND,43,21.48,6.136,79.53,4.09,4.88,2015-01-01,2024-12-31,10-year climate normal,external
REG-ISLAND,44,21.44,6.107,79.6,4.1,4.85,2015-01-01,2024-12-31,10-year climate normal,external
REG-ISLAND,45,21.401,6.078,79.67,4.11,4.83,2015-01-01,2024-12-31,10-year climate normal,external
REG-ISLAND,46,21.362,6.05,79.73,4.12,4.8,2015-01-01,2024-12-31,10-year climate normal,external
REG-ISLAND,47,21.324,6.023,79.79,4.14,4.78,2015-01-01,2024-12-31,10-year climate normal,external
REG-ISLAND,48,21.288,5.997,79.85,4.15,4.75,2015-01-01,2024-12-31,10-year climate normal,external
REG-ISLAND,49,21.252,5.971,79.91,4.16,4.73,2015-01-01,2024-12-31,10-year climate normal,external
REG-ISLAND,50,21.216,5.945,79.97,4.17,4.71,2015-01-01,2024-12-31,10-year climate normal,external
REG-ISLAND,51,21.182,5.92,80.03,4.18,4.69,2015-01-01,2024-12-31,10-year climate normal,external
REG-ISLAND,52,21.149,5.896,80.09,4.19,4.67,2015-01-01,2024-12-31,10-year climate normal,external
REG-ISLAND,53,21.116,5.873,80.14,4.2,4.64,2015-01-01,2024-12-31,10-year climate normal,external
REG-ISLAND,54,21.085,5.85,80.19,4.21,4.62,2015-01-01,2024-12-31,10-year climate normal,external
REG-ISLAND,55,21.054,5.828,80.24,4.22,4.61,2015-01-01,2024-12-31,10-year climate normal,external
REG-ISLAND,56,21.025,5.807,80.29,4.23,4.59,2015-01-01,2024-12-31,10-year climate normal,external
REG-ISLAND,57,20.996,5.786,80.34,4.24,4.57,2015-01-01,2024-12-31,10-year climate normal,external
REG-ISLAND,58,21.276,5.225,80.39,4.25,4.55,2015-01-01,2024-12-31,10-year climate normal,external
REG-ISLAND,59,20.703,3.878,80.43,4.26,4.53,2015-01-01,2024-12-31,10-year climate normal,external
REG-ISLAND,60,20.638,3.966,80.47,4.27,4.52,2015-01-01,2024-12-31,10-year climate normal,external
REG-ISLAND,61,20.768,4.894,80.52,4.27,4.5,2015-01-01,2024-12-31,10-year climate normal,external
REG-ISLAND,62,20.492,3.737,80.56,4.28,4.49,2015-01-01,2024-12-31,10-year climate normal,external
REG-ISLAND,63,20.847,4.89,80.59,4.29,4.47,2015-01-01,2024-12-31,10-year climate normal,external
REG-ISLAND,64,20.688,4.765,80.63,4.29,4.46,2015-01-01,2024-12-31,10-year climate normal,external
REG-ISLAND,65,20.49,4.771,80.67,4.3,4.44,2015-01-01,2024-12-31,10-year climate normal,external
REG-ISLAND,66,20.106,3.639,80.7,4.31,4.43,2015-01-01,2024-12-31,10-year climate normal,external
REG-ISLAND,67,19.883,3.713,80.73,4.31,4.42,2015-01-01,2024-12-31,10-year climate normal,external
REG-ISLAND,68,19.887,3.515,80.76,4.32,4.41,2015-01-01,2024-12-31,10-year climate normal,external
REG-ISLAND,69,20.179,4.727,80.79,4.32,4.4,2015-01-01,2024-12-31,10-year climate normal,external
REG-ISLAND,70,20.067,4.592,80.81,4.33,4.39,2015-01-01,2024-12-31,10-year climate normal,external
REG-ISLAND,71,19.792,3.607,80.84,4.33,4.38,2015-01-01,2024-12-31,10-year climate normal,external
REG-ISLAND,72,20.321,4.685,80.86,4.34,4.37,2015-01-01,2024-12-31,10-year climate normal,external
REG-ISLAND,73,19.766,3.522,80.88,4.34,4.36,2015-01-01,2024-12-31,10-year climate normal,external
REG-ISLAND,74,19.782,3.491,80.9,4.35,4.35,2015-01-01,2024-12-31,10-year climate normal,external
REG-ISLAND,75,20.163,4.617,80.92,4.35,4.35,2015-01-01,2024-12-31,10-year climate normal,external
REG-ISLAND,76,19.864,3.557,80.94,4.35,4.34,2015-01-01,2024-12-31,10-year climate normal,external
REG-ISLAND,77,20.237,4.536,80.95,4.35,4.33,2015-01-01,2024-12-31,10-year climate normal,external
REG-ISLAND,78,20.285,4.608,80.96,4.36,4.33,2015-01-01,2024-12-31,10-year climate normal,external
REG-ISLAND,79,20.373,4.631,80.97,4.36,4.32,2015-01-01,2024-12-31,10-year climate normal,external
REG-ISLAND,80,20.446,4.628,80.98,4.36,4.32,2015-01-01,2024-12-31,10-year climate normal,external
REG-ISLAND,81,20.654,4.626,80.99,4.36,4.32,2015-01-01,2024-12-31,10-year climate normal,external
REG-ISLAND,82,20.377,3.595,80.99,4.36,4.32,2015-01-01,2024-12-31,10-year climate normal,external
REG-ISLAND,83,20.456,3.682,81,4.36,4.32,2015-01-01,2024-12-31,10-year climate normal,external
REG-ISLAND,84,20.539,3.619,81,4.36,4.31,2015-01-01,2024-12-31,10-year climate normal,external
REG-ISLAND,85,21.207,4.742,81,4.36,4.31,2015-01-01,2024-12-31,10-year climate normal,external
REG-ISLAND,86,21.042,4.736,81,4.36,4.32,2015-01-01,2024-12-31,10-year climate normal,external
REG-ISLAND,87,20.646,3.707,80.99,4.36,4.32,2015-01-01,2024-12-31,10-year climate normal,external
REG-ISLAND,88,21.481,4.796,80.99,4.36,4.32,2015-01-01,2024-12-31,10-year climate normal,external
REG-ISLAND,89,21.222,4.964,80.98,4.36,4.32,2015-01-01,2024-12-31,10-year climate normal,external
REG-ISLAND,90,20.91,3.68,80.97,4.36,4.32,2015-01-01,2024-12-31,10-year climate normal,external
REG-ISLAND,91,21.533,4.797,80.96,4.36,4.33,2015-01-01,2024-12-31,10-year climate normal,external
REG-ISLAND,92,21.259,4.942,80.95,4.35,4.33,2015-01-01,2024-12-31,10-year climate normal,external
REG-ISLAND,93,21.467,4.975,80.94,4.35,4.34,2015-01-01,2024-12-31,10-year climate normal,external
REG-ISLAND,94,21.363,4.882,80.92,4.35,4.35,2015-01-01,2024-12-31,10-year climate normal,external
REG-ISLAND,95,20.915,3.95,80.9,4.35,4.35,2015-01-01,2024-12-31,10-year climate normal,external
REG-ISLAND,96,20.839,3.952,80.88,4.34,4.36,2015-01-01,2024-12-31,10-year climate normal,external
REG-ISLAND,97,21.321,4.917,80.86,4.34,4.37,2015-01-01,2024-12-31,10-year climate normal,external
REG-ISLAND,98,21.143,5.125,80.84,4.33,4.38,2015-01-01,2024-12-31,10-year climate normal,external
REG-ISLAND,99,21.122,5.1,80.81,4.33,4.39,2015-01-01,2024-12-31,10-year climate normal,external
REG-ISLAND,100,20.986,5.115,80.79,4.32,4.4,2015-01-01,2024-12-31,10-year climate normal,external
REG-ISLAND,101,20.923,5.069,80.76,4.32,4.41,2015-01-01,2024-12-31,10-year climate normal,external
REG-ISLAND,102,20.853,5.216,80.73,4.31,4.42,2015-01-01,2024-12-31,10-year climate normal,external
REG-ISLAND,103,20.441,4.094,80.7,4.31,4.43,2015-01-01,2024-12-31,10-year climate normal,external
REG-ISLAND,104,20.629,5.136,80.67,4.3,4.44,2015-01-01,2024-12-31,10-year climate normal,external
REG-ISLAND,105,20.647,5.012,80.63,4.29,4.46,2015-01-01,2024-12-31,10-year climate normal,external
REG-ISLAND,106,20.237,3.958,80.59,4.29,4.47,2015-01-01,2024-12-31,10-year climate normal,external
REG-ISLAND,107,20.027,3.924,80.56,4.28,4.49,2015-01-01,2024-12-31,10-year climate normal,external
REG-ISLAND,108,20.357,4.082,80.52,4.27,4.5,2015-01-01,2024-12-31,10-year climate normal,external
REG-ISLAND,109,20.724,5.176,80.47,4.27,4.52,2015-01-01,2024-12-31,10-year climate normal,external
REG-ISLAND,110,20.495,5.051,80.43,4.26,4.53,2015-01-01,2024-12-31,10-year climate normal,external
REG-ISLAND,111,20.669,5.245,80.39,4.25,4.55,2015-01-01,2024-12-31,10-year climate normal,external
REG-ISLAND,112,20.046,3.927,80.34,4.24,4.57,2015-01-01,2024-12-31,10-year climate normal,external
REG-ISLAND,113,20.245,4.01,80.29,4.23,4.59,2015-01-01,2024-12-31,10-year climate normal,external
REG-ISLAND,114,20.882,5.074,80.24,4.22,4.61,2015-01-01,2024-12-31,10-year climate normal,external
REG-ISLAND,115,20.819,5.151,80.19,4.21,4.62,2015-01-01,2024-12-31,10-year climate normal,external
REG-ISLAND,116,20.499,3.95,80.14,4.2,4.64,2015-01-01,2024-12-31,10-year climate normal,external
REG-ISLAND,117,21.039,5.14,80.09,4.19,4.67,2015-01-01,2024-12-31,10-year climate normal,external
REG-ISLAND,118,21.145,5.092,80.03,4.18,4.69,2015-01-01,2024-12-31,10-year climate normal,external
REG-ISLAND,119,21.403,5.064,79.97,4.17,4.71,2015-01-01,2024-12-31,10-year climate normal,external
REG-ISLAND,120,20.95,4.198,79.91,4.16,4.73,2015-01-01,2024-12-31,10-year climate normal,external
REG-ISLAND,121,21.346,4.064,79.85,4.15,4.75,2015-01-01,2024-12-31,10-year climate normal,external
REG-ISLAND,122,21.772,5.252,79.79,4.14,4.78,2015-01-01,2024-12-31,10-year climate normal,external
REG-ISLAND,123,21.628,5.055,79.73,4.12,4.8,2015-01-01,2024-12-31,10-year climate normal,external
REG-ISLAND,124,21.801,5.107,79.67,4.11,4.83,2015-01-01,2024-12-31,10-year climate normal,external
REG-ISLAND,125,21.923,5.358,79.6,4.1,4.85,2015-01-01,2024-12-31,10-year climate normal,external
REG-ISLAND,126,21.658,4.329,79.53,4.09,4.88,2015-01-01,2024-12-31,10-year climate normal,external
REG-ISLAND,127,22.052,5.155,79.46,4.07,4.9,2015-01-01,2024-12-31,10-year climate normal,external
REG-ISLAND,128,21.708,4.285,79.39,4.06,4.93,2015-01-01,2024-12-31,10-year climate normal,external
REG-ISLAND,129,21.963,5.518,79.32,4.05,4.96,2015-01-01,2024-12-31,10-year climate normal,external
REG-ISLAND,130,21.825,4.333,79.25,4.03,4.99,2015-01-01,2024-12-31,10-year climate normal,external
REG-ISLAND,131,22.141,5.372,79.18,4.02,5.01,2015-01-01,2024-12-31,10-year climate normal,external
REG-ISLAND,132,22.024,5.502,79.1,4.01,5.04,2015-01-01,2024-12-31,10-year climate normal,external
REG-ISLAND,133,21.76,4.428,79.03,3.99,5.07,2015-01-01,2024-12-31,10-year climate normal,external
REG-ISLAND,134,22.092,5.664,78.95,3.98,5.1,2015-01-01,2024-12-31,10-year climate normal,external
REG-ISLAND,135,21.508,4.603,78.87,3.96,5.13,2015-01-01,2024-12-31,10-year climate normal,external
REG-ISLAND,136,21.929,5.88,78.79,3.95,5.16,2015-01-01,2024-12-31,10-year climate normal,external
REG-ISLAND,137,21.531,4.694,78.71,3.93,5.19,2015-01-01,2024-12-31,10-year climate normal,external
REG-ISLAND,138,21.54,4.854,78.63,3.92,5.22,2015-01-01,2024-12-31,10-year climate normal,external
REG-ISLAND,139,21.871,5.926,78.55,3.9,5.26,2015-01-01,2024-12-31,10-year climate normal,external
REG-ISLAND,140,21.728,5.996,78.46,3.89,5.29,2015-01-01,2024-12-31,10-year climate normal,external
REG-ISLAND,141,21.45,5.151,78.38,3.87,5.32,2015-01-01,2024-12-31,10-year climate normal,external
REG-ISLAND,142,21.931,6.015,78.29,3.85,5.35,2015-01-01,2024-12-31,10-year climate normal,external
REG-ISLAND,143,21.574,6.283,78.21,3.84,5.39,2015-01-01,2024-12-31,10-year climate normal,external
REG-ISLAND,144,21.219,5.174,78.12,3.82,5.42,2015-01-01,2024-12-31,10-year climate normal,external
REG-ISLAND,145,21.205,5.188,78.03,3.8,5.45,2015-01-01,2024-12-31,10-year climate normal,external
REG-ISLAND,146,21.842,6.414,77.94,3.79,5.49,2015-01-01,2024-12-31,10-year climate normal,external
REG-ISLAND,147,22.116,6.53,77.85,3.77,5.52,2015-01-01,2024-12-31,10-year climate normal,external
REG-ISLAND,148,22.027,6.598,77.76,3.75,5.56,2015-01-01,2024-12-31,10-year climate normal,external
REG-ISLAND,149,21.705,5.489,77.67,3.74,5.59,2015-01-01,2024-12-31,10-year climate normal,external
REG-ISLAND,150,22.21,6.493,77.57,3.72,5.63,2015-01-01,2024-12-31,10-year climate normal,external
REG-ISLAND,151,22.644,6.573,77.48,3.7,5.67,2015-01-01,2024-12-31,10-year climate normal,external
REG-ISLAND,152,21.957,5.658,77.39,3.68,5.7,2015-01-01,2024-12-31,10-year climate normal,external
REG-ISLAND,153,22.792,6.635,77.29,3.66,5.74,2015-01-01,2024-12-31,10-year climate normal,external
REG-ISLAND,154,22.888,6.86,77.19,3.65,5.78,2015-01-01,2024-12-31,10-year climate normal,external
REG-ISLAND,155,23.192,6.694,77.1,3.63,5.81,2015-01-01,2024-12-31,10-year climate normal,external
REG-ISLAND,156,23.099,6.916,77,3.61,5.85,2015-01-01,2024-12-31,10-year climate normal,external
REG-ISLAND,157,23.427,6.822,76.9,3.59,5.89,2015-01-01,2024-12-31,10-year climate normal,external
REG-ISLAND,158,23.565,6.994,76.8,3.57,5.93,2015-01-01,2024-12-31,10-year climate normal,external
REG-ISLAND,159,23.137,5.883,76.71,3.55,5.96,2015-01-01,2024-12-31,10-year climate normal,external
REG-ISLAND,160,23.74,6.918,76.61,3.54,6,2015-01-01,2024-12-31,10-year climate normal,external
REG-ISLAND,161,23.929,7.034,76.51,3.52,6.04,2015-01-01,2024-12-31,10-year climate normal,external
REG-ISLAND,162,24.207,7.123,76.41,3.5,6.08,2015-01-01,2024-12-31,10-year climate normal,external
REG-ISLAND,163,24.25,7.007,76.31,3.48,6.12,2015-01-01,2024-12-31,10-year climate normal,external
REG-ISLAND,164,24.181,7.075,76.21,3.46,6.16,2015-01-01,2024-12-31,10-year climate normal,external
REG-ISLAND,165,24.437,7.152,76.1,3.44,6.19,2015-01-01,2024-12-31,10-year climate normal,external
REG-ISLAND,166,24.454,6.923,76,3.42,6.23,2015-01-01,2024-12-31,10-year climate normal,external
REG-ISLAND,167,24.051,5.96,75.9,3.4,6.27,2015-01-01,2024-12-31,10-year climate normal,external
REG-ISLAND,168,24.39,7.26,75.8,3.38,6.31,2015-01-01,2024-12-31,10-year climate normal,external
REG-ISLAND,169,24.617,7.125,75.7,3.36,6.35,2015-01-01,2024-12-31,10-year climate normal,external
REG-ISLAND,170,24.645,7.189,75.59,3.34,6.39,2015-01-01,2024-12-31,10-year climate normal,external
REG-ISLAND,171,24.614,7.215,75.49,3.33,6.43,2015-01-01,2024-12-31,10-year climate normal,external
REG-ISLAND,172,24.09,6.278,75.39,3.31,6.47,2015-01-01,2024-12-31,10-year climate normal,external
REG-ISLAND,173,23.927,6.198,75.28,3.29,6.51,2015-01-01,2024-12-31,10-year climate normal,external
REG-ISLAND,174,24.345,7.287,75.18,3.27,6.55,2015-01-01,2024-12-31,10-year climate normal,external
REG-ISLAND,175,24.349,7.181,75.08,3.25,6.59,2015-01-01,2024-12-31,10-year climate normal,external
REG-ISLAND,176,24.364,7.39,74.97,3.23,6.63,2015-01-01,2024-12-31,10-year climate normal,external
REG-ISLAND,177,24.017,6.303,74.87,3.21,6.67,2015-01-01,2024-12-31,10-year climate normal,external
REG-ISLAND,178,24.336,7.414,74.77,3.19,6.71,2015-01-01,2024-12-31,10-year climate normal,external
REG-ISLAND,179,24.377,7.348,74.66,3.17,6.75,2015-01-01,2024-12-31,10-year climate normal,external
REG-ISLAND,180,24.559,7.519,74.56,3.15,6.79,2015-01-01,2024-12-31,10-year climate normal,external
REG-ISLAND,181,24.385,7.572,74.46,3.13,6.83,2015-01-01,2024-12-31,10-year climate normal,external
REG-ISLAND,182,24.447,7.72,74.36,3.11,6.87,2015-01-01,2024-12-31,10-year climate normal,external
REG-ISLAND,183,24.223,6.699,74.25,3.09,6.9,2015-01-01,2024-12-31,10-year climate normal,external
REG-ISLAND,184,24.583,7.66,74.15,3.07,6.94,2015-01-01,2024-12-31,10-year climate normal,external
REG-ISLAND,185,24.763,7.733,74.05,3.05,6.98,2015-01-01,2024-12-31,10-year climate normal,external
REG-ISLAND,186,24.954,7.821,73.95,3.03,7.02,2015-01-01,2024-12-31,10-year climate normal,external
REG-ISLAND,187,24.665,6.644,73.85,3.02,7.06,2015-01-01,2024-12-31,10-year climate normal,external
REG-ISLAND,188,25.049,8.015,73.74,3,7.1,2015-01-01,2024-12-31,10-year climate normal,external
REG-ISLAND,189,25.085,8.063,73.64,2.98,7.14,2015-01-01,2024-12-31,10-year climate normal,external
REG-ISLAND,190,25.298,8.025,73.54,2.96,7.18,2015-01-01,2024-12-31,10-year climate normal,external
REG-ISLAND,191,25.573,8.151,73.44,2.94,7.22,2015-01-01,2024-12-31,10-year climate normal,external
REG-ISLAND,192,25.661,8.334,73.34,2.92,7.25,2015-01-01,2024-12-31,10-year climate normal,external
REG-ISLAND,193,25.968,8.192,73.24,2.9,7.29,2015-01-01,2024-12-31,10-year climate normal,external
REG-ISLAND,194,25.815,8.294,73.15,2.88,7.33,2015-01-01,2024-12-31,10-year climate normal,external
REG-ISLAND,195,26.037,8.268,73.05,2.86,7.37,2015-01-01,2024-12-31,10-year climate normal,external
REG-ISLAND,196,26.016,8.427,72.95,2.85,7.4,2015-01-01,2024-12-31,10-year climate normal,external
REG-ISLAND,197,26.422,8.511,72.85,2.83,7.44,2015-01-01,2024-12-31,10-year climate normal,external
REG-ISLAND,198,26.328,8.607,72.76,2.81,7.48,2015-01-01,2024-12-31,10-year climate normal,external
REG-ISLAND,199,26.52,8.511,72.66,2.79,7.52,2015-01-01,2024-12-31,10-year climate normal,external
REG-ISLAND,200,26.201,7.678,72.57,2.77,7.55,2015-01-01,2024-12-31,10-year climate normal,external
REG-ISLAND,201,26.065,7.764,72.47,2.76,7.59,2015-01-01,2024-12-31,10-year climate normal,external
REG-ISLAND,202,26.636,8.777,72.38,2.74,7.62,2015-01-01,2024-12-31,10-year climate normal,external
REG-ISLAND,203,26.436,8.862,72.29,2.72,7.66,2015-01-01,2024-12-31,10-year climate normal,external
REG-ISLAND,204,26.583,9.04,72.2,2.7,7.69,2015-01-01,2024-12-31,10-year climate normal,external
REG-ISLAND,205,26.356,7.705,72.1,2.69,7.73,2015-01-01,2024-12-31,10-year climate normal,external
REG-ISLAND,206,26.225,7.995,72.01,2.67,7.76,2015-01-01,2024-12-31,10-year climate normal,external
REG-ISLAND,207,26.459,9.049,71.93,2.65,7.8,2015-01-01,2024-12-31,10-year climate normal,external
REG-ISLAND,208,26.354,9.04,71.84,2.64,7.83,2015-01-01,2024-12-31,10-year climate normal,external
REG-ISLAND,209,26.106,8.037,71.75,2.62,7.87,2015-01-01,2024-12-31,10-year climate normal,external
REG-ISLAND,210,25.946,8.042,71.66,2.6,7.9,2015-01-01,2024-12-31,10-year climate normal,external
REG-ISLAND,211,26.324,9.149,71.58,2.59,7.93,2015-01-01,2024-12-31,10-year climate normal,external
REG-ISLAND,212,26.335,9.085,71.49,2.57,7.96,2015-01-01,2024-12-31,10-year climate normal,external
REG-ISLAND,213,25.802,8.152,71.41,2.56,8,2015-01-01,2024-12-31,10-year climate normal,external
REG-ISLAND,214,26.334,9.18,71.33,2.54,8.03,2015-01-01,2024-12-31,10-year climate normal,external
REG-ISLAND,215,26.03,9.289,71.25,2.53,8.06,2015-01-01,2024-12-31,10-year climate normal,external
REG-ISLAND,216,26.499,9.761,71.17,2.51,8.09,2015-01-01,2024-12-31,10-year climate normal,external
REG-ISLAND,217,26.547,9.795,71.09,2.5,8.12,2015-01-01,2024-12-31,10-year climate normal,external
REG-ISLAND,218,26.593,9.829,71.01,2.48,8.15,2015-01-01,2024-12-31,10-year climate normal,external
REG-ISLAND,219,26.639,9.862,70.93,2.47,8.18,2015-01-01,2024-12-31,10-year climate normal,external
REG-ISLAND,220,26.685,9.894,70.86,2.45,8.21,2015-01-01,2024-12-31,10-year climate normal,external
REG-ISLAND,221,26.729,9.927,70.78,2.44,8.24,2015-01-01,2024-12-31,10-year climate normal,external
REG-ISLAND,222,26.773,9.958,70.71,2.42,8.26,2015-01-01,2024-12-31,10-year climate normal,external
REG-ISLAND,223,26.816,9.989,70.64,2.41,8.29,2015-01-01,2024-12-31,10-year climate normal,external
REG-ISLAND,224,26.858,10.02,70.57,2.4,8.32,2015-01-01,2024-12-31,10-year climate normal,external
REG-ISLAND,225,26.899,10.05,70.5,2.38,8.35,2015-01-01,2024-12-31,10-year climate normal,external
REG-ISLAND,226,26.94,10.079,70.43,2.37,8.37,2015-01-01,2024-12-31,10-year climate normal,external
REG-ISLAND,227,26.98,10.108,70.37,2.36,8.4,2015-01-01,2024-12-31,10-year climate normal,external
REG-ISLAND,228,27.019,10.136,70.3,2.35,8.42,2015-01-01,2024-12-31,10-year climate normal,external
REG-ISLAND,229,27.057,10.163,70.24,2.33,8.45,2015-01-01,2024-12-31,10-year climate normal,external
REG-ISLAND,230,27.094,10.19,70.18,2.32,8.47,2015-01-01,2024-12-31,10-year climate normal,external
REG-ISLAND,231,27.131,10.217,70.12,2.31,8.49,2015-01-01,2024-12-31,10-year climate normal,external
REG-ISLAND,232,27.166,10.242,70.06,2.3,8.52,2015-01-01,2024-12-31,10-year climate normal,external
REG-ISLAND,233,27.201,10.267,70,2.29,8.54,2015-01-01,2024-12-31,10-year climate normal,external
REG-ISLAND,234,27.235,10.292,69.94,2.28,8.56,2015-01-01,2024-12-31,10-year climate normal,external
REG-ISLAND,235,27.267,10.315,69.89,2.27,8.58,2015-01-01,2024-12-31,10-year climate normal,external
REG-ISLAND,236,27.299,10.338,69.83,2.26,8.6,2015-01-01,2024-12-31,10-year climate normal,external
REG-ISLAND,237,27.331,10.361,69.78,2.25,8.62,2015-01-01,2024-12-31,10-year climate normal,external
REG-ISLAND,238,27.361,10.383,69.73,2.24,8.64,2015-01-01,2024-12-31,10-year climate normal,external
REG-ISLAND,239,27.39,10.404,69.68,2.23,8.66,2015-01-01,2024-12-31,10-year climate normal,external
REG-ISLAND,240,27.418,10.424,69.64,2.22,8.68,2015-01-01,2024-12-31,10-year climate normal,external
REG-ISLAND,241,27.445,10.444,69.59,2.21,8.69,2015-01-01,2024-12-31,10-year climate normal,external
REG-ISLAND,242,27.472,10.463,69.55,2.2,8.71,2015-01-01,2024-12-31,10-year climate normal,external
REG-ISLAND,243,27.497,10.481,69.5,2.2,8.73,2015-01-01,2024-12-31,10-year climate normal,external
REG-ISLAND,244,27.522,10.499,69.46,2.19,8.74,2015-01-01,2024-12-31,10-year climate normal,external
REG-ISLAND,245,27.545,10.516,69.43,2.18,8.76,2015-01-01,2024-12-31,10-year climate normal,external
REG-ISLAND,246,27.567,10.532,69.39,2.17,8.77,2015-01-01,2024-12-31,10-year climate normal,external
REG-ISLAND,247,27.589,10.547,69.35,2.17,8.79,2015-01-01,2024-12-31,10-year climate normal,external
REG-ISLAND,248,27.609,10.562,69.32,2.16,8.8,2015-01-01,2024-12-31,10-year climate normal,external
REG-ISLAND,249,27.629,10.576,69.29,2.16,8.81,2015-01-01,2024-12-31,10-year climate normal,external
REG-ISLAND,250,27.647,10.589,69.26,2.15,8.82,2015-01-01,2024-12-31,10-year climate normal,external
REG-ISLAND,251,27.664,10.602,69.23,2.14,8.83,2015-01-01,2024-12-31,10-year climate normal,external
REG-ISLAND,252,27.681,10.614,69.2,2.14,8.85,2015-01-01,2024-12-31,10-year climate normal,external
REG-ISLAND,253,27.696,10.625,69.17,2.13,8.86,2015-01-01,2024-12-31,10-year climate normal,external
REG-ISLAND,254,27.71,10.635,69.15,2.13,8.86,2015-01-01,2024-12-31,10-year climate normal,external
REG-ISLAND,255,27.723,10.645,69.13,2.13,8.87,2015-01-01,2024-12-31,10-year climate normal,external
REG-ISLAND,256,27.736,10.654,69.11,2.12,8.88,2015-01-01,2024-12-31,10-year climate normal,external
REG-ISLAND,257,27.747,10.662,69.09,2.12,8.89,2015-01-01,2024-12-31,10-year climate normal,external
REG-ISLAND,258,27.757,10.669,69.07,2.11,8.89,2015-01-01,2024-12-31,10-year climate normal,external
REG-ISLAND,259,27.766,10.675,69.06,2.11,8.9,2015-01-01,2024-12-31,10-year climate normal,external
REG-ISLAND,260,27.774,10.681,69.04,2.11,8.91,2015-01-01,2024-12-31,10-year climate normal,external
REG-ISLAND,261,27.781,10.686,69.03,2.11,8.91,2015-01-01,2024-12-31,10-year climate normal,external
REG-ISLAND,262,27.787,10.69,69.02,2.11,8.91,2015-01-01,2024-12-31,10-year climate normal,external
REG-ISLAND,263,27.791,10.694,69.01,2.1,8.92,2015-01-01,2024-12-31,10-year climate normal,external
REG-ISLAND,264,27.795,10.697,69.01,2.1,8.92,2015-01-01,2024-12-31,10-year climate normal,external
REG-ISLAND,265,27.798,10.698,69,2.1,8.92,2015-01-01,2024-12-31,10-year climate normal,external
REG-ISLAND,266,27.799,10.7,69,2.1,8.92,2015-01-01,2024-12-31,10-year climate normal,external
REG-ISLAND,267,27.8,10.7,69,2.1,8.92,2015-01-01,2024-12-31,10-year climate normal,external
REG-ISLAND,268,27.799,10.7,69,2.1,8.92,2015-01-01,2024-12-31,10-year climate normal,external
REG-ISLAND,269,27.798,10.698,69,2.1,8.92,2015-01-01,2024-12-31,10-year climate normal,external
REG-ISLAND,270,27.795,10.697,69.01,2.1,8.92,2015-01-01,2024-12-31,10-year climate normal,external
REG-ISLAND,271,27.791,10.694,69.01,2.1,8.92,2015-01-01,2024-12-31,10-year climate normal,external
REG-ISLAND,272,27.787,10.69,69.02,2.11,8.91,2015-01-01,2024-12-31,10-year climate normal,external
REG-ISLAND,273,27.781,10.686,69.03,2.11,8.91,2015-01-01,2024-12-31,10-year climate normal,external
REG-ISLAND,274,27.774,10.681,69.04,2.11,8.91,2015-01-01,2024-12-31,10-year climate normal,external
REG-ISLAND,275,27.766,10.675,69.06,2.11,8.9,2015-01-01,2024-12-31,10-year climate normal,external
REG-ISLAND,276,27.757,10.669,69.07,2.11,8.89,2015-01-01,2024-12-31,10-year climate normal,external
REG-ISLAND,277,27.747,10.662,69.09,2.12,8.89,2015-01-01,2024-12-31,10-year climate normal,external
REG-ISLAND,278,27.736,10.654,69.11,2.12,8.88,2015-01-01,2024-12-31,10-year climate normal,external
REG-ISLAND,279,27.723,10.645,69.13,2.13,8.87,2015-01-01,2024-12-31,10-year climate normal,external
REG-ISLAND,280,27.71,10.635,69.15,2.13,8.86,2015-01-01,2024-12-31,10-year climate normal,external
REG-ISLAND,281,27.696,10.625,69.17,2.13,8.86,2015-01-01,2024-12-31,10-year climate normal,external
REG-ISLAND,282,27.681,10.614,69.2,2.14,8.85,2015-01-01,2024-12-31,10-year climate normal,external
REG-ISLAND,283,27.664,10.602,69.23,2.14,8.83,2015-01-01,2024-12-31,10-year climate normal,external
REG-ISLAND,284,27.647,10.589,69.26,2.15,8.82,2015-01-01,2024-12-31,10-year climate normal,external
REG-ISLAND,285,27.629,10.576,69.29,2.16,8.81,2015-01-01,2024-12-31,10-year climate normal,external
REG-ISLAND,286,27.609,10.562,69.32,2.16,8.8,2015-01-01,2024-12-31,10-year climate normal,external
REG-ISLAND,287,27.589,10.547,69.35,2.17,8.79,2015-01-01,2024-12-31,10-year climate normal,external
REG-ISLAND,288,27.567,10.532,69.39,2.17,8.77,2015-01-01,2024-12-31,10-year climate normal,external
REG-ISLAND,289,27.545,10.516,69.43,2.18,8.76,2015-01-01,2024-12-31,10-year climate normal,external
REG-ISLAND,290,27.522,10.499,69.46,2.19,8.74,2015-01-01,2024-12-31,10-year climate normal,external
REG-ISLAND,291,27.497,10.481,69.5,2.2,8.73,2015-01-01,2024-12-31,10-year climate normal,external
REG-ISLAND,292,27.472,10.463,69.55,2.2,8.71,2015-01-01,2024-12-31,10-year climate normal,external
REG-ISLAND,293,27.445,10.444,69.59,2.21,8.69,2015-01-01,2024-12-31,10-year climate normal,external
REG-ISLAND,294,27.418,10.424,69.64,2.22,8.68,2015-01-01,2024-12-31,10-year climate normal,external
REG-ISLAND,295,27.39,10.404,69.68,2.23,8.66,2015-01-01,2024-12-31,10-year climate normal,external
REG-ISLAND,296,27.361,10.383,69.73,2.24,8.64,2015-01-01,2024-12-31,10-year climate normal,external
REG-ISLAND,297,27.331,10.361,69.78,2.25,8.62,2015-01-01,2024-12-31,10-year climate normal,external
REG-ISLAND,298,27.299,10.338,69.83,2.26,8.6,2015-01-01,2024-12-31,10-year climate normal,external
REG-ISLAND,299,27.267,10.315,69.89,2.27,8.58,2015-01-01,2024-12-31,10-year climate normal,external
REG-ISLAND,300,27.235,10.292,69.94,2.28,8.56,2015-01-01,2024-12-31,10-year climate normal,external
REG-ISLAND,301,27.201,10.267,70,2.29,8.54,2015-01-01,2024-12-31,10-year climate normal,external
REG-ISLAND,302,27.166,10.242,70.06,2.3,8.52,2015-01-01,2024-12-31,10-year climate normal,external
REG-ISLAND,303,27.131,10.217,70.12,2.31,8.49,2015-01-01,2024-12-31,10-year climate normal,external
REG-ISLAND,304,27.094,10.19,70.18,2.32,8.47,2015-01-01,2024-12-31,10-year climate normal,external
REG-ISLAND,305,27.057,10.163,70.24,2.33,8.45,2015-01-01,2024-12-31,10-year climate normal,external
REG-ISLAND,306,27.019,10.136,70.3,2.35,8.42,2015-01-01,2024-12-31,10-year climate normal,external
REG-ISLAND,307,26.98,10.108,70.37,2.36,8.4,2015-01-01,2024-12-31,10-year climate normal,external
REG-ISLAND,308,26.94,10.079,70.43,2.37,8.37,2015-01-01,2024-12-31,10-year climate normal,external
REG-ISLAND,309,26.899,10.05,70.5,2.38,8.35,2015-01-01,2024-12-31,10-year climate normal,external
REG-ISLAND,310,26.858,10.02,70.57,2.4,8.32,2015-01-01,2024-12-31,10-year climate normal,external
REG-ISLAND,311,26.816,9.989,70.64,2.41,8.29,2015-01-01,2024-12-31,10-year climate normal,external
REG-ISLAND,312,26.773,9.958,70.71,2.42,8.26,2015-01-01,2024-12-31,10-year climate normal,external
REG-ISLAND,313,26.729,9.927,70.78,2.44,8.24,2015-01-01,2024-12-31,10-year climate normal,external
REG-ISLAND,314,26.685,9.894,70.86,2.45,8.21,2015-01-01,2024-12-31,10-year climate normal,external
REG-ISLAND,315,26.639,9.862,70.93,2.47,8.18,2015-01-01,2024-12-31,10-year climate normal,external
REG-ISLAND,316,26.593,9.829,71.01,2.48,8.15,2015-01-01,2024-12-31,10-year climate normal,external
REG-ISLAND,317,26.547,9.795,71.09,2.5,8.12,2015-01-01,2024-12-31,10-year climate normal,external
REG-ISLAND,318,26.499,9.761,71.17,2.51,8.09,2015-01-01,2024-12-31,10-year climate normal,external
REG-ISLAND,319,26.451,9.726,71.25,2.53,8.06,2015-01-01,2024-12-31,10-year climate normal,external
REG-ISLAND,320,26.403,9.691,71.33,2.54,8.03,2015-01-01,2024-12-31,10-year climate normal,external
REG-ISLAND,321,26.353,9.655,71.41,2.56,8,2015-01-01,2024-12-31,10-year climate normal,external
REG-ISLAND,322,26.303,9.619,71.49,2.57,7.96,2015-01-01,2024-12-31,10-year climate normal,external
REG-ISLAND,323,26.253,9.583,71.58,2.59,7.93,2015-01-01,2024-12-31,10-year climate normal,external
REG-ISLAND,324,26.202,9.546,71.66,2.6,7.9,2015-01-01,2024-12-31,10-year climate normal,external
REG-ISLAND,325,26.15,9.508,71.75,2.62,7.87,2015-01-01,2024-12-31,10-year climate normal,external
REG-ISLAND,326,26.097,9.47,71.84,2.64,7.83,2015-01-01,2024-12-31,10-year climate normal,external
REG-ISLAND,327,26.045,9.432,71.93,2.65,7.8,2015-01-01,2024-12-31,10-year climate normal,external
REG-ISLAND,328,25.991,9.394,72.01,2.67,7.76,2015-01-01,2024-12-31,10-year climate normal,external
REG-ISLAND,329,25.937,9.355,72.1,2.69,7.73,2015-01-01,2024-12-31,10-year climate normal,external
REG-ISLAND,330,25.882,9.315,72.2,2.7,7.69,2015-01-01,2024-12-31,10-year climate normal,external
REG-ISLAND,331,25.827,9.275,72.29,2.72,7.66,2015-01-01,2024-12-31,10-year climate normal,external
REG-ISLAND,332,25.772,9.235,72.38,2.74,7.62,2015-01-01,2024-12-31,10-year climate normal,external
REG-ISLAND,333,25.716,9.195,72.47,2.76,7.59,2015-01-01,2024-12-31,10-year climate normal,external
REG-ISLAND,334,25.66,9.154,72.57,2.77,7.55,2015-01-01,2024-12-31,10-year climate normal,external
REG-ISLAND,335,25.603,9.113,72.66,2.79,7.52,2015-01-01,2024-12-31,10-year climate normal,external
REG-ISLAND,336,25.545,9.072,72.76,2.81,7.48,2015-01-01,2024-12-31,10-year climate normal,external
REG-ISLAND,337,25.488,9.03,72.85,2.83,7.44,2015-01-01,2024-12-31,10-year climate normal,external
REG-ISLAND,338,25.43,8.988,72.95,2.85,7.4,2015-01-01,2024-12-31,10-year climate normal,external
REG-ISLAND,339,25.371,8.946,73.05,2.86,7.37,2015-01-01,2024-12-31,10-year climate normal,external
REG-ISLAND,340,25.312,8.903,73.15,2.88,7.33,2015-01-01,2024-12-31,10-year climate normal,external
REG-ISLAND,341,25.253,8.861,73.24,2.9,7.29,2015-01-01,2024-12-31,10-year climate normal,external
REG-ISLAND,342,25.194,8.818,73.34,2.92,7.25,2015-01-01,2024-12-31,10-year climate normal,external
REG-ISLAND,343,25.134,8.775,73.44,2.94,7.22,2015-01-01,2024-12-31,10-year climate normal,external
REG-ISLAND,344,25.074,8.731,73.54,2.96,7.18,2015-01-01,2024-12-31,10-year climate normal,external
REG-ISLAND,345,25.014,8.688,73.64,2.98,7.14,2015-01-01,2024-12-31,10-year climate normal,external
REG-ISLAND,346,24.954,8.644,73.74,3,7.1,2015-01-01,2024-12-31,10-year climate normal,external
REG-ISLAND,347,24.893,8.6,73.85,3.02,7.06,2015-01-01,2024-12-31,10-year climate normal,external
REG-ISLAND,348,24.832,8.556,73.95,3.03,7.02,2015-01-01,2024-12-31,10-year climate normal,external
REG-ISLAND,349,24.771,8.512,74.05,3.05,6.98,2015-01-01,2024-12-31,10-year climate normal,external
REG-ISLAND,350,24.71,8.468,74.15,3.07,6.94,2015-01-01,2024-12-31,10-year climate normal,external
REG-ISLAND,351,24.648,8.424,74.25,3.09,6.9,2015-01-01,2024-12-31,10-year climate normal,external
REG-ISLAND,352,24.587,8.379,74.36,3.11,6.87,2015-01-01,2024-12-31,10-year climate normal,external
REG-ISLAND,353,24.525,8.335,74.46,3.13,6.83,2015-01-01,2024-12-31,10-year climate normal,external
REG-ISLAND,354,24.463,8.29,74.56,3.15,6.79,2015-01-01,2024-12-31,10-year climate normal,external
REG-ISLAND,355,24.401,8.245,74.66,3.17,6.75,2015-01-01,2024-12-31,10-year climate normal,external
REG-ISLAND,356,24.339,8.201,74.77,3.19,6.71,2015-01-01,2024-12-31,10-year climate normal,external
REG-ISLAND,357,24.277,8.156,74.87,3.21,6.67,2015-01-01,2024-12-31,10-year climate normal,external
REG-ISLAND,358,24.215,8.111,74.97,3.23,6.63,2015-01-01,2024-12-31,10-year climate normal,external
REG-ISLAND,359,24.154,8.066,75.08,3.25,6.59,2015-01-01,2024-12-31,10-year climate normal,external
REG-ISLAND,360,24.092,8.022,75.18,3.27,6.55,2015-01-01,2024-12-31,10-year climate normal,external
REG-ISLAND,361,24.03,7.977,75.28,3.29,6.51,2015-01-01,2024-12-31,10-year climate normal,external
REG-ISLAND,362,23.968,7.932,75.39,3.31,6.47,2015-01-01,2024-12-31,10-year climate normal,external
REG-ISLAND,363,23.906,7.888,75.49,3.33,6.43,2015-01-01,2024-12-31,10-year climate normal,external
REG-ISLAND,364,23.844,7.843,75.59,3.34,6.39,2015-01-01,2024-12-31,10-year climate normal,external
REG-ISLAND,365,23.783,7.799,75.7,3.36,6.35,2015-01-01,2024-12-31,10-year climate normal,external
REG-ISLAND,366,23.721,7.754,75.8,3.38,6.31,2015-01-01,2024-12-31,10-year climate normal,external
REG-NORTH,1,12.032,3.367,69.8,2.18,6.18,2015-01-01,2024-12-31,10-year climate normal,external
REG-NORTH,2,11.882,3.317,69.9,2.19,6.14,2015-01-01,2024-12-31,10-year climate normal,external
REG-NORTH,3,11.732,3.266,70,2.2,6.1,2015-01-01,2024-12-31,10-year climate normal,external
REG-NORTH,4,11.583,3.216,70.1,2.21,6.07,2015-01-01,2024-12-31,10-year climate normal,external
REG-NORTH,5,11.435,3.166,70.19,2.23,6.03,2015-01-01,2024-12-31,10-year climate normal,external
REG-NORTH,6,11.288,3.117,70.29,2.24,6,2015-01-01,2024-12-31,10-year climate normal,external
REG-NORTH,7,11.143,3.068,70.39,2.25,5.96,2015-01-01,2024-12-31,10-year climate normal,external
REG-NORTH,8,10.998,3.019,70.48,2.26,5.93,2015-01-01,2024-12-31,10-year climate normal,external
REG-NORTH,9,10.854,2.97,70.57,2.27,5.89,2015-01-01,2024-12-31,10-year climate normal,external
REG-NORTH,10,10.712,2.922,70.67,2.28,5.86,2015-01-01,2024-12-31,10-year climate normal,external
REG-NORTH,11,10.57,2.875,70.76,2.29,5.82,2015-01-01,2024-12-31,10-year climate normal,external
REG-NORTH,12,10.43,2.828,70.85,2.3,5.79,2015-01-01,2024-12-31,10-year climate normal,external
REG-NORTH,13,10.292,2.781,70.94,2.31,5.75,2015-01-01,2024-12-31,10-year climate normal,external
REG-NORTH,14,10.154,2.735,71.03,2.32,5.72,2015-01-01,2024-12-31,10-year climate normal,external
REG-NORTH,15,10.018,2.689,71.12,2.33,5.69,2015-01-01,2024-12-31,10-year climate normal,external
REG-NORTH,16,9.884,2.643,71.21,2.34,5.66,2015-01-01,2024-12-31,10-year climate normal,external
REG-NORTH,17,9.751,2.599,71.29,2.35,5.62,2015-01-01,2024-12-31,10-year climate normal,external
REG-NORTH,18,9.619,2.554,71.38,2.36,5.59,2015-01-01,2024-12-31,10-year climate normal,external
REG-NORTH,19,9.489,2.51,71.46,2.37,5.56,2015-01-01,2024-12-31,10-year climate normal,external
REG-NORTH,20,9.36,2.467,71.55,2.38,5.53,2015-01-01,2024-12-31,10-year climate normal,external
REG-NORTH,21,9.233,2.424,71.63,2.39,5.5,2015-01-01,2024-12-31,10-year climate normal,external
REG-NORTH,22,9.108,2.382,71.71,2.4,5.47,2015-01-01,2024-12-31,10-year climate normal,external
REG-NORTH,23,8.985,2.34,71.79,2.41,5.44,2015-01-01,2024-12-31,10-year climate normal,external
REG-NORTH,24,8.863,2.299,71.87,2.42,5.41,2015-01-01,2024-12-31,10-year climate normal,external
REG-NORTH,25,8.743,2.259,71.95,2.43,5.38,2015-01-01,2024-12-31,10-year climate normal,external
REG-NORTH,26,8.624,2.219,72.03,2.44,5.35,2015-01-01,2024-12-31,10-year climate normal,external
REG-NORTH,27,8.508,2.18,72.1,2.44,5.32,2015-01-01,2024-12-31,10-year climate normal,external
REG-NORTH,28,8.393,2.141,72.18,2.45,5.3,2015-01-01,2024-12-31,10-year climate normal,external
REG-NORTH,29,8.281,2.103,72.25,2.46,5.27,2015-01-01,2024-12-31,10-year climate normal,external
REG-NORTH,30,8.17,2.066,72.32,2.47,5.24,2015-01-01,2024-12-31,10-year climate normal,external
REG-NORTH,31,8.061,2.029,72.39,2.48,5.22,2015-01-01,2024-12-31,10-year climate normal,external
REG-NORTH,32,7.954,1.993,72.46,2.49,5.19,2015-01-01,2024-12-31,10-year climate normal,external
REG-NORTH,33,7.849,1.958,72.53,2.49,5.16,2015-01-01,2024-12-31,10-year climate normal,external
REG-NORTH,34,7.747,1.923,72.6,2.5,5.14,2015-01-01,2024-12-31,10-year climate normal,external
REG-NORTH,35,7.646,1.889,72.67,2.51,5.12,2015-01-01,2024-12-31,10-year climate normal,external
REG-NORTH,36,7.548,1.856,72.73,2.52,5.09,2015-01-01,2024-12-31,10-year climate normal,external
REG-NORTH,37,7.451,1.824,72.79,2.52,5.07,2015-01-01,2024-12-31,10-year climate normal,external
REG-NORTH,38,7.357,1.792,72.85,2.53,5.05,2015-01-01,2024-12-31,10-year climate normal,external
REG-NORTH,39,7.265,1.761,72.91,2.54,5.02,2015-01-01,2024-12-31,10-year climate normal,external
REG-NORTH,40,7.175,1.731,72.97,2.54,5,2015-01-01,2024-12-31,10-year climate normal,external
REG-NORTH,41,7.088,1.701,73.03,2.55,4.98,2015-01-01,2024-12-31,10-year climate normal,external
REG-NORTH,42,7.003,1.673,73.09,2.56,4.96,2015-01-01,2024-12-31,10-year climate normal,external
REG-NORTH,43,6.92,1.645,73.14,2.56,4.94,2015-01-01,2024-12-31,10-year climate normal,external
REG-NORTH,44,6.839,1.618,73.19,2.57,4.92,2015-01-01,2024-12-31,10-year climate normal,external
REG-NORTH,45,6.761,1.591,73.24,2.58,4.9,2015-01-01,2024-12-31,10-year climate normal,external
REG-NORTH,46,6.685,1.566,73.29,2.58,4.88,2015-01-01,2024-12-31,10-year climate normal,external
REG-NORTH,47,6.612,1.541,73.34,2.59,4.87,2015-01-01,2024-12-31,10-year climate normal,external
REG-NORTH,48,6.541,1.517,73.39,2.59,4.85,2015-01-01,2024-12-31,10-year climate normal,external
REG-NORTH,49,6.472,1.494,73.43,2.6,4.83,2015-01-01,2024-12-31,10-year climate normal,external
REG-NORTH,50,6.406,1.472,73.47,2.6,4.82,2015-01-01,2024-12-31,10-year climate normal,external
REG-NORTH,51,6.343,1.45,73.52,2.61,4.8,2015-01-01,2024-12-31,10-year climate normal,external
REG-NORTH,52,6.281,1.43,73.56,2.61,4.79,2015-01-01,2024-12-31,10-year climate normal,external
REG-NORTH,53,6.223,1.41,73.59,2.62,4.77,2015-01-01,2024-12-31,10-year climate normal,external
REG-NORTH,54,6.167,1.391,73.63,2.62,4.76,2015-01-01,2024-12-31,10-year climate normal,external
REG-NORTH,55,6.113,1.373,73.67,2.62,4.74,2015-01-01,2024-12-31,10-year climate normal,external
REG-NORTH,56,6.063,1.356,73.7,2.63,4.73,2015-01-01,2024-12-31,10-year climate normal,external
REG-NORTH,57,6.014,1.34,73.73,2.63,4.72,2015-01-01,2024-12-31,10-year climate normal,external
REG-NORTH,58,5.857,0.564,73.76,2.64,4.71,2015-01-01,2024-12-31,10-year climate normal,external
REG-NORTH,59,5.772,0.388,73.79,2.64,4.7,2015-01-01,2024-12-31,10-year climate normal,external
REG-NORTH,60,5.518,0.43,73.81,2.64,4.69,2015-01-01,2024-12-31,10-year climate normal,external
REG-NORTH,61,5.524,0.482,73.84,2.64,4.68,2015-01-01,2024-12-31,10-year climate normal,external
REG-NORTH,62,5.346,0.322,73.86,2.65,4.67,2015-01-01,2024-12-31,10-year climate normal,external
REG-NORTH,63,5.238,0.396,73.88,2.65,4.66,2015-01-01,2024-12-31,10-year climate normal,external
REG-NORTH,64,5.416,0.431,73.9,2.65,4.66,2015-01-01,2024-12-31,10-year climate normal,external
REG-NORTH,65,5.153,0.268,73.92,2.65,4.65,2015-01-01,2024-12-31,10-year climate normal,external
REG-NORTH,66,4.612,0,73.94,2.66,4.64,2015-01-01,2024-12-31,10-year climate normal,external
REG-NORTH,67,4.7,0,73.95,2.66,4.64,2015-01-01,2024-12-31,10-year climate normal,external
REG-NORTH,68,5,0.41,73.96,2.66,4.63,2015-01-01,2024-12-31,10-year climate normal,external
REG-NORTH,69,5.017,0.36,73.97,2.66,4.63,2015-01-01,2024-12-31,10-year climate normal,external
REG-NORTH,70,4.912,0.265,73.98,2.66,4.63,2015-01-01,2024-12-31,10-year climate normal,external
REG-NORTH,71,4.888,0.427,73.99,2.66,4.62,2015-01-01,2024-12-31,10-year climate normal,external
REG-NORTH,72,5.06,0.315,73.99,2.66,4.62,2015-01-01,2024-12-31,10-year climate normal,external
REG-NORTH,73,4.942,0.499,74,2.66,4.62,2015-01-01,2024-12-31,10-year climate normal,external
REG-NORTH,74,5.097,0.392,74,2.66,4.62,2015-01-01,2024-12-31,10-year climate normal,external
REG-NORTH,75,4.883,0,74,2.66,4.62,2015-01-01,2024-12-31,10-year climate normal,external
REG-NORTH,76,4.801,0,74,2.66,4.62,2015-01-01,2024-12-31,10-year climate normal,external
REG-NORTH,77,5.556,0.459,73.99,2.66,4.62,2015-01-01,2024-12-31,10-year climate normal,external
REG-NORTH,78,5.582,0.427,73.99,2.66,4.62,2015-01-01,2024-12-31,10-year climate normal,external
REG-NORTH,79,5.366,0,73.98,2.66,4.63,2015-01-01,2024-12-31,10-year climate normal,external
REG-NORTH,80,5.46,0,73.97,2.66,4.63,2015-01-01,2024-12-31,10-year climate normal,external
REG-NORTH,81,5.403,0,73.96,2.66,4.63,2015-01-01,2024-12-31,10-year climate normal,external
REG-NORTH,82,6.205,0.682,73.95,2.66,4.64,2015-01-01,2024-12-31,10-year climate normal,external
REG-NORTH,83,6.312,0.567,73.94,2.66,4.64,2015-01-01,2024-12-31,10-year climate normal,external
REG-NORTH,84,6.091,0,73.92,2.65,4.65,2015-01-01,2024-12-31,10-year climate normal,external
REG-NORTH,85,6.4,0.591,73.9,2.65,4.66,2015-01-01,2024-12-31,10-year climate normal,external
REG-NORTH,86,6.36,0.706,73.88,2.65,4.66,2015-01-01,2024-12-31,10-year climate normal,external
REG-NORTH,87,6.509,0.763,73.86,2.65,4.67,2015-01-01,2024-12-31,10-year climate normal,external
REG-NORTH,88,6.572,0.726,73.84,2.64,4.68,2015-01-01,2024-12-31,10-year climate normal,external
REG-NORTH,89,6.73,0.866,73.81,2.64,4.69,2015-01-01,2024-12-31,10-year climate normal,external
REG-NORTH,90,6.619,0.795,73.79,2.64,4.7,2015-01-01,2024-12-31,10-year climate normal,external
REG-NORTH,91,6.669,0.707,73.76,2.64,4.71,2015-01-01,2024-12-31,10-year climate normal,external
REG-NORTH,92,6.076,0,73.73,2.63,4.72,2015-01-01,2024-12-31,10-year climate normal,external
REG-NORTH,93,6.686,0.894,73.7,2.63,4.73,2015-01-01,2024-12-31,10-year climate normal,external
REG-NORTH,94,6.623,0.827,73.67,2.62,4.74,2015-01-01,2024-12-31,10-year climate normal,external
REG-NORTH,95,6.538,0.779,73.63,2.62,4.76,2015-01-01,2024-12-31,10-year climate normal,external
REG-NORTH,96,6.556,0.888,73.59,2.62,4.77,2015-01-01,2024-12-31,10-year climate normal,external
REG-NORTH,97,6.584,0.742,73.56,2.61,4.79,2015-01-01,2024-12-31,10-year climate normal,external
REG-NORTH,98,6.413,0.828,73.52,2.61,4.8,2015-01-01,2024-12-31,10-year climate normal,external
REG-NORTH,99,6.303,0.939,73.47,2.6,4.82,2015-01-01,2024-12-31,10-year climate normal,external
REG-NORTH,100,6.382,0.962,73.43,2.6,4.83,2015-01-01,2024-12-31,10-year climate normal,external
REG-NORTH,101,6.338,0.899,73.39,2.59,4.85,2015-01-01,2024-12-31,10-year climate normal,external
REG-NORTH,102,6.188,0.809,73.34,2.59,4.87,2015-01-01,2024-12-31,10-year climate normal,external
REG-NORTH,103,6.37,0.869,73.29,2.58,4.88,2015-01-01,2024-12-31,10-year climate normal,external
REG-NORTH,104,6.494,0.941,73.24,2.58,4.9,2015-01-01,2024-12-31,10-year climate normal,external
REG-NORTH,105,6.359,0.939,73.19,2.57,4.92,2015-01-01,2024-12-31,10-year climate normal,external
REG-NORTH,106,6.615,0.736,73.14,2.56,4.94,2015-01-01,2024-12-31,10-year climate normal,external
REG-NORTH,107,6.891,0.946,73.09,2.56,4.96,2015-01-01,2024-12-31,10-year climate normal,external
REG-NORTH,108,6.646,0.934,73.03,2.55,4.98,2015-01-01,2024-12-31,10-year climate normal,external
REG-NORTH,109,6.416,0,72.97,2.54,5,2015-01-01,2024-12-31,10-year climate normal,external
REG-NORTH,110,7.22,0.92,72.91,2.54,5.02,2015-01-01,2024-12-31,10-year climate normal,external
REG-NORTH,111,6.697,0,72.85,2.53,5.05,2015-01-01,2024-12-31,10-year climate normal,external
REG-NORTH,112,7.426,0.927,72.79,2.52,5.07,2015-01-01,2024-12-31,10-year climate normal,external
REG-NORTH,113,7.548,0.954,72.73,2.52,5.09,2015-01-01,2024-12-31,10-year climate normal,external
REG-NORTH,114,7.75,1.052,72.67,2.51,5.12,2015-01-01,2024-12-31,10-year climate normal,external
REG-NORTH,115,8.041,1.019,72.6,2.5,5.14,2015-01-01,2024-12-31,10-year climate normal,external
REG-NORTH,116,7.696,0,72.53,2.49,5.16,2015-01-01,2024-12-31,10-year climate normal,external
REG-NORTH,117,7.831,0.061,72.46,2.49,5.19,2015-01-01,2024-12-31,10-year climate normal,external
REG-NORTH,118,8.471,1.075,72.39,2.48,5.22,2015-01-01,2024-12-31,10-year climate normal,external
REG-NORTH,119,8.569,0.98,72.32,2.47,5.24,2015-01-01,2024-12-31,10-year climate normal,external
REG-NORTH,120,8.949,1.152,72.25,2.46,5.27,2015-01-01,2024-12-31,10-year climate normal,external
REG-NORTH,121,8.825,1.252,72.18,2.45,5.3,2015-01-01,2024-12-31,10-year climate normal,external
REG-NORTH,122,8.99,1.27,72.1,2.44,5.32,2015-01-01,2024-12-31,10-year climate normal,external
REG-NORTH,123,9.128,1.416,72.03,2.44,5.35,2015-01-01,2024-12-31,10-year climate normal,external
REG-NORTH,124,9.169,1.49,71.95,2.43,5.38,2015-01-01,2024-12-31,10-year climate normal,external
REG-NORTH,125,9.185,1.34,71.87,2.42,5.41,2015-01-01,2024-12-31,10-year climate normal,external
REG-NORTH,126,9.353,1.396,71.79,2.41,5.44,2015-01-01,2024-12-31,10-year climate normal,external
REG-NORTH,127,9.342,0.407,71.71,2.4,5.47,2015-01-01,2024-12-31,10-year climate normal,external
REG-NORTH,128,9.624,1.664,71.63,2.39,5.5,2015-01-01,2024-12-31,10-year climate normal,external
REG-NORTH,129,9.59,1.625,71.55,2.38,5.53,2015-01-01,2024-12-31,10-year climate normal,external
REG-NORTH,130,9.293,0.677,71.46,2.37,5.56,2015-01-01,2024-12-31,10-year climate normal,external
REG-NORTH,131,9.212,0.788,71.38,2.36,5.59,2015-01-01,2024-12-31,10-year climate normal,external
REG-NORTH,132,9.351,0.834,71.29,2.35,5.62,2015-01-01,2024-12-31,10-year climate normal,external
REG-NORTH,133,9.762,2.019,71.21,2.34,5.66,2015-01-01,2024-12-31,10-year climate normal,external
REG-NORTH,134,9.366,0.945,71.12,2.33,5.69,2015-01-01,2024-12-31,10-year climate normal,external
REG-NORTH,135,9.714,2.008,71.03,2.32,5.72,2015-01-01,2024-12-31,10-year climate normal,external
REG-NORTH,136,9.378,1.234,70.94,2.31,5.75,2015-01-01,2024-12-31,10-year climate normal,external
REG-NORTH,137,9.305,1.166,70.85,2.3,5.79,2015-01-01,2024-12-31,10-year climate normal,external
REG-NORTH,138,9.986,2.281,70.76,2.29,5.82,2015-01-01,2024-12-31,10-year climate normal,external
REG-NORTH,139,9.932,2.291,70.67,2.28,5.86,2015-01-01,2024-12-31,10-year climate normal,external
REG-NORTH,140,9.83,1.352,70.57,2.27,5.89,2015-01-01,2024-12-31,10-year climate normal,external
REG-NORTH,141,9.741,1.432,70.48,2.26,5.93,2015-01-01,2024-12-31,10-year climate normal,external
REG-NORTH,142,10.451,2.456,70.39,2.25,5.96,2015-01-01,2024-12-31,10-year climate normal,external
REG-NORTH,143,10.711,2.511,70.29,2.24,6,2015-01-01,2024-12-31,10-year climate normal,external
REG-NORTH,144,10.736,2.579,70.19,2.23,6.03,2015-01-01,2024-12-31,10-year climate normal,external
REG-NORTH,145,10.616,2.691,70.1,2.21,6.07,2015-01-01,2024-12-31,10-year climate normal,external
REG-NORTH,146,11.244,2.751,70,2.2,6.1,2015-01-01,2024-12-31,10-year climate normal,external
REG-NORTH,147,11.269,2.706,69.9,2.19,6.14,2015-01-01,2024-12-31,10-year climate normal,external
REG-NORTH,148,11.6,2.987,69.8,2.18,6.18,2015-01-01,2024-12-31,10-year climate normal,external
REG-NORTH,149,11.696,2.862,69.71,2.17,6.21,2015-01-01,2024-12-31,10-year climate normal,external
REG-NORTH,150,11.508,1.769,69.61,2.16,6.25,2015-01-01,2024-12-31,10-year climate normal,external
REG-NORTH,151,12.233,2.869,69.51,2.15,6.29,2015-01-01,2024-12-31,10-year climate normal,external
REG-NORTH,152,12.638,2.918,69.41,2.13,6.32,2015-01-01,2024-12-31,10-year climate normal,external
REG-NORTH,153,12.44,1.958,69.31,2.12,6.36,2015-01-01,2024-12-31,10-year climate normal,external
REG-NORTH,154,13.121,3.031,69.21,2.11,6.4,2015-01-01,2024-12-31,10-year climate normal,external
REG-NORTH,155,13.179,3.028,69.1,2.1,6.44,2015-01-01,2024-12-31,10-year climate normal,external
REG-NORTH,156,13.531,3.118,69,2.09,6.47,2015-01-01,2024-12-31,10-year climate normal,external
REG-NORTH,157,13.746,3.04,68.9,2.08,6.51,2015-01-01,2024-12-31,10-year climate normal,external
REG-NORTH,158,13.837,3.14,68.8,2.06,6.55,2015-01-01,2024-12-31,10-year climate normal,external
REG-NORTH,159,14.04,3.138,68.7,2.05,6.59,2015-01-01,2024-12-31,10-year climate normal,external
REG-NORTH,160,14.412,3.277,68.59,2.04,6.63,2015-01-01,2024-12-31,10-year climate normal,external
REG-NORTH,161,14.597,3.192,68.49,2.03,6.66,2015-01-01,2024-12-31,10-year climate normal,external
REG-NORTH,162,14.719,3.275,68.39,2.02,6.7,2015-01-01,2024-12-31,10-year climate normal,external
REG-NORTH,163,14.357,2.1,68.28,2.01,6.74,2015-01-01,2024-12-31,10-year climate normal,external
REG-NORTH,164,14.82,3.34,68.18,1.99,6.78,2015-01-01,2024-12-31,10-year climate normal,external
REG-NORTH,165,14.992,3.389,68.08,1.98,6.82,2015-01-01,2024-12-31,10-year climate normal,external
REG-NORTH,166,15.113,3.452,67.97,1.97,6.85,2015-01-01,2024-12-31,10-year climate normal,external
REG-NORTH,167,15.341,3.375,67.87,1.96,6.89,2015-01-01,2024-12-31,10-year climate normal,external
REG-NORTH,168,15.378,3.493,67.77,1.95,6.93,2015-01-01,2024-12-31,10-year climate normal,external
REG-NORTH,169,15.474,3.63,67.66,1.93,6.97,2015-01-01,2024-12-31,10-year climate normal,external
REG-NORTH,170,15.094,2.668,67.56,1.92,7.01,2015-01-01,2024-12-31,10-year climate normal,external
REG-NORTH,171,15.171,2.499,67.46,1.91,7.05,2015-01-01,2024-12-31,10-year climate normal,external
REG-NORTH,172,15.831,3.663,67.36,1.9,7.08,2015-01-01,2024-12-31,10-year climate normal,external
REG-NORTH,173,15.645,3.639,67.25,1.89,7.12,2015-01-01,2024-12-31,10-year climate normal,external
REG-NORTH,174,15.731,3.674,67.15,1.87,7.16,2015-01-01,2024-12-31,10-year climate normal,external
REG-NORTH,175,15.896,3.778,67.05,1.86,7.2,2015-01-01,2024-12-31,10-year climate normal,external
REG-NORTH,176,16.075,4.013,66.95,1.85,7.24,2015-01-01,2024-12-31,10-year climate normal,external
REG-NORTH,177,16.252,4.21,66.85,1.84,7.27,2015-01-01,2024-12-31,10-year climate normal,external
REG-NORTH,178,16.316,3.997,66.74,1.83,7.31,2015-01-01,2024-12-31,10-year climate normal,external
REG-NORTH,179,16.575,4.155,66.64,1.82,7.35,2015-01-01,2024-12-31,10-year climate normal,external
REG-NORTH,180,16.71,4.158,66.54,1.8,7.39,2015-01-01,2024-12-31,10-year climate normal,external
REG-NORTH,181,16.86,4.354,66.44,1.79,7.42,2015-01-01,2024-12-31,10-year climate normal,external
REG-NORTH,182,17.142,4.32,66.34,1.78,7.46,2015-01-01,2024-12-31,10-year climate normal,external
REG-NORTH,183,16.813,3.498,66.24,1.77,7.5,2015-01-01,2024-12-31,10-year climate normal,external
REG-NORTH,184,17.489,4.522,66.15,1.76,7.53,2015-01-01,2024-12-31,10-year climate normal,external
REG-NORTH,185,17.834,4.605,66.05,1.75,7.57,2015-01-01,2024-12-31,10-year climate normal,external
REG-NORTH,186,17.932,4.549,65.95,1.74,7.6,2015-01-01,2024-12-31,10-year climate normal,external
REG-NORTH,187,17.774,3.619,65.85,1.73,7.64,2015-01-01,2024-12-31,10-year climate normal,external
REG-NORTH,188,18.409,4.908,65.76,1.71,7.68,2015-01-01,2024-12-31,10-year climate normal,external
REG-NORTH,189,18.794,4.912,65.66,1.7,7.71,2015-01-01,2024-12-31,10-year climate normal,external
REG-NORTH,190,19.105,4.855,65.57,1.69,7.75,2015-01-01,2024-12-31,10-year climate normal,external
REG-NORTH,191,19.197,4.902,65.47,1.68,7.78,2015-01-01,2024-12-31,10-year climate normal,external
REG-NORTH,192,19.331,5.089,65.38,1.67,7.82,2015-01-01,2024-12-31,10-year climate normal,external
REG-NORTH,193,19.691,5.216,65.29,1.66,7.85,2015-01-01,2024-12-31,10-year climate normal,external
REG-NORTH,194,19.342,3.944,65.2,1.65,7.88,2015-01-01,2024-12-31,10-year climate normal,external
REG-NORTH,195,20.053,5.361,65.1,1.64,7.92,2015-01-01,2024-12-31,10-year climate normal,external
REG-NORTH,196,20.313,5.23,65.01,1.63,7.95,2015-01-01,2024-12-31,10-year climate normal,external
REG-NORTH,197,20.216,5.34,64.93,1.62,7.98,2015-01-01,2024-12-31,10-year climate normal,external
REG-NORTH,198,20.466,5.381,64.84,1.61,8.02,2015-01-01,2024-12-31,10-year climate normal,external
REG-NORTH,199,20.468,5.56,64.75,1.6,8.05,2015-01-01,2024-12-31,10-year climate normal,external
REG-NORTH,200,20.562,5.518,64.66,1.59,8.08,2015-01-01,2024-12-31,10-year climate normal,external
REG-NORTH,201,20.757,5.447,64.58,1.58,8.11,2015-01-01,2024-12-31,10-year climate normal,external
REG-NORTH,202,20.827,5.576,64.49,1.57,8.14,2015-01-01,2024-12-31,10-year climate normal,external
REG-NORTH,203,20.232,4.404,64.41,1.56,8.18,2015-01-01,2024-12-31,10-year climate normal,external
REG-NORTH,204,20.85,5.579,64.33,1.55,8.21,2015-01-01,2024-12-31,10-year climate normal,external
REG-NORTH,205,20.703,5.597,64.25,1.54,8.24,2015-01-01,2024-12-31,10-year climate normal,external
REG-NORTH,206,20.934,5.617,64.17,1.53,8.27,2015-01-01,2024-12-31,10-year climate normal,external
REG-NORTH,207,20.485,4.656,64.09,1.52,8.29,2015-01-01,2024-12-31,10-year climate normal,external
REG-NORTH,208,20.726,5.732,64.01,1.51,8.32,2015-01-01,2024-12-31,10-year climate normal,external
REG-NORTH,209,20.894,5.779,63.93,1.5,8.35,2015-01-01,2024-12-31,10-year climate normal,external
REG-NORTH,210,20.894,5.689,63.86,1.5,8.38,2015-01-01,2024-12-31,10-year climate normal,external
REG-NORTH,211,20.789,5.641,63.78,1.49,8.41,2015-01-01,2024-12-31,10-year climate normal,external
REG-NORTH,212,20.839,5.637,63.71,1.48,8.43,2015-01-01,2024-12-31,10-year climate normal,external
REG-NORTH,213,21.022,5.659,63.64,1.47,8.46,2015-01-01,2024-12-31,10-year climate normal,external
REG-NORTH,214,20.653,4.71,63.57,1.46,8.49,2015-01-01,2024-12-31,10-year climate normal,external
REG-NORTH,215,20.94,5.698,63.5,1.45,8.51,2015-01-01,2024-12-31,10-year climate normal,external
REG-NORTH,216,21.802,6.659,63.43,1.45,8.54,2015-01-01,2024-12-31,10-year climate normal,external
REG-NORTH,217,21.904,6.694,63.37,1.44,8.56,2015-01-01,2024-12-31,10-year climate normal,external
REG-NORTH,218,22.003,6.727,63.3,1.43,8.59,2015-01-01,2024-12-31,10-year climate normal,external
REG-NORTH,219,22.101,6.76,63.24,1.42,8.61,2015-01-01,2024-12-31,10-year climate normal,external
REG-NORTH,220,22.196,6.792,63.18,1.42,8.63,2015-01-01,2024-12-31,10-year climate normal,external
REG-NORTH,221,22.289,6.824,63.12,1.41,8.66,2015-01-01,2024-12-31,10-year climate normal,external
REG-NORTH,222,22.38,6.854,63.06,1.4,8.68,2015-01-01,2024-12-31,10-year climate normal,external
REG-NORTH,223,22.469,6.884,63,1.4,8.7,2015-01-01,2024-12-31,10-year climate normal,external
REG-NORTH,224,22.555,6.913,62.94,1.39,8.72,2015-01-01,2024-12-31,10-year climate normal,external
REG-NORTH,225,22.639,6.941,62.89,1.38,8.74,2015-01-01,2024-12-31,10-year climate normal,external
REG-NORTH,226,22.721,6.969,62.83,1.38,8.76,2015-01-01,2024-12-31,10-year climate normal,external
REG-NORTH,227,22.8,6.996,62.78,1.37,8.78,2015-01-01,2024-12-31,10-year climate normal,external
REG-NORTH,228,22.877,7.022,62.73,1.37,8.8,2015-01-01,2024-12-31,10-year climate normal,external
REG-NORTH,229,22.952,7.047,62.68,1.36,8.82,2015-01-01,2024-12-31,10-year climate normal,external
REG-NORTH,230,23.024,7.071,62.64,1.36,8.83,2015-01-01,2024-12-31,10-year climate normal,external
REG-NORTH,231,23.094,7.095,62.59,1.35,8.85,2015-01-01,2024-12-31,10-year climate normal,external
REG-NORTH,232,23.161,7.117,62.55,1.35,8.87,2015-01-01,2024-12-31,10-year climate normal,external
REG-NORTH,233,23.226,7.139,62.5,1.34,8.88,2015-01-01,2024-12-31,10-year climate normal,external
REG-NORTH,234,23.288,7.16,62.46,1.34,8.9,2015-01-01,2024-12-31,10-year climate normal,external
REG-NORTH,235,23.348,7.18,62.43,1.33,8.91,2015-01-01,2024-12-31,10-year climate normal,external
REG-NORTH,236,23.405,7.2,62.39,1.33,8.93,2015-01-01,2024-12-31,10-year climate normal,external
REG-NORTH,237,23.46,7.218,62.35,1.32,8.94,2015-01-01,2024-12-31,10-year climate normal,external
REG-NORTH,238,23.512,7.236,62.32,1.32,8.95,2015-01-01,2024-12-31,10-year climate normal,external
REG-NORTH,239,23.562,7.252,62.29,1.32,8.96,2015-01-01,2024-12-31,10-year climate normal,external
REG-NORTH,240,23.609,7.268,62.26,1.31,8.97,2015-01-01,2024-12-31,10-year climate normal,external
REG-NORTH,241,23.653,7.283,62.23,1.31,8.99,2015-01-01,2024-12-31,10-year climate normal,external
REG-NORTH,242,23.695,7.297,62.2,1.31,9,2015-01-01,2024-12-31,10-year climate normal,external
REG-NORTH,243,23.734,7.31,62.17,1.3,9,2015-01-01,2024-12-31,10-year climate normal,external
REG-NORTH,244,23.771,7.323,62.15,1.3,9.01,2015-01-01,2024-12-31,10-year climate normal,external
REG-NORTH,245,23.804,7.334,62.13,1.3,9.02,2015-01-01,2024-12-31,10-year climate normal,external
REG-NORTH,246,23.836,7.345,62.11,1.29,9.03,2015-01-01,2024-12-31,10-year climate normal,external
REG-NORTH,247,23.864,7.354,62.09,1.29,9.04,2015-01-01,2024-12-31,10-year climate normal,external
REG-NORTH,248,23.89,7.363,62.07,1.29,9.04,2015-01-01,2024-12-31,10-year climate normal,external
REG-NORTH,249,23.913,7.371,62.06,1.29,9.05,2015-01-01,2024-12-31,10-year climate normal,external
REG-NORTH,250,23.933,7.378,62.04,1.29,9.05,2015-01-01,2024-12-31,10-year climate normal,external
REG-NORTH,251,23.951,7.383,62.03,1.29,9.06,2015-01-01,2024-12-31,10-year climate normal,external
REG-NORTH,252,23.966,7.389,62.02,1.28,9.06,2015-01-01,2024-12-31,10-year climate normal,external
REG-NORTH,253,23.978,7.393,62.01,1.28,9.06,2015-01-01,2024-12-31,10-year climate normal,external
REG-NORTH,254,23.988,7.396,62.01,1.28,9.07,2015-01-01,2024-12-31,10-year climate normal,external
REG-NORTH,255,23.995,7.398,62,1.28,9.07,2015-01-01,2024-12-31,10-year climate normal,external
REG-NORTH,256,23.999,7.4,62,1.28,9.07,2015-01-01,2024-12-31,10-year climate normal,external
REG-NORTH,257,24,7.4,62,1.28,9.07,2015-01-01,2024-12-31,10-year climate normal,external
REG-NORTH,258,23.999,7.4,62,1.28,9.07,2015-01-01,2024-12-31,10-year climate normal,external
REG-NORTH,259,23.995,7.398,62,1.28,9.07,2015-01-01,2024-12-31,10-year climate normal,external
REG-NORTH,260,23.988,7.396,62.01,1.28,9.07,2015-01-01,2024-12-31,10-year climate normal,external
REG-NORTH,261,23.978,7.393,62.01,1.28,9.06,2015-01-01,2024-12-31,10-year climate normal,external
REG-NORTH,262,23.966,7.389,62.02,1.28,9.06,2015-01-01,2024-12-31,10-year climate normal,external
REG-NORTH,263,23.951,7.383,62.03,1.29,9.06,2015-01-01,2024-12-31,10-year climate normal,external
REG-NORTH,264,23.933,7.378,62.04,1.29,9.05,2015-01-01,2024-12-31,10-year climate normal,external
REG-NORTH,265,23.913,7.371,62.06,1.29,9.05,2015-01-01,2024-12-31,10-year climate normal,external
REG-NORTH,266,23.89,7.363,62.07,1.29,9.04,2015-01-01,2024-12-31,10-year climate normal,external
REG-NORTH,267,23.864,7.354,62.09,1.29,9.04,2015-01-01,2024-12-31,10-year climate normal,external
REG-NORTH,268,23.836,7.345,62.11,1.29,9.03,2015-01-01,2024-12-31,10-year climate normal,external
REG-NORTH,269,23.804,7.334,62.13,1.3,9.02,2015-01-01,2024-12-31,10-year climate normal,external
REG-NORTH,270,23.771,7.323,62.15,1.3,9.01,2015-01-01,2024-12-31,10-year climate normal,external
REG-NORTH,271,23.734,7.31,62.17,1.3,9,2015-01-01,2024-12-31,10-year climate normal,external
REG-NORTH,272,23.695,7.297,62.2,1.31,9,2015-01-01,2024-12-31,10-year climate normal,external
REG-NORTH,273,23.653,7.283,62.23,1.31,8.99,2015-01-01,2024-12-31,10-year climate normal,external
REG-NORTH,274,23.609,7.268,62.26,1.31,8.97,2015-01-01,2024-12-31,10-year climate normal,external
REG-NORTH,275,23.562,7.252,62.29,1.32,8.96,2015-01-01,2024-12-31,10-year climate normal,external
REG-NORTH,276,23.512,7.236,62.32,1.32,8.95,2015-01-01,2024-12-31,10-year climate normal,external
REG-NORTH,277,23.46,7.218,62.35,1.32,8.94,2015-01-01,2024-12-31,10-year climate normal,external
REG-NORTH,278,23.405,7.2,62.39,1.33,8.93,2015-01-01,2024-12-31,10-year climate normal,external
REG-NORTH,279,23.348,7.18,62.43,1.33,8.91,2015-01-01,2024-12-31,10-year climate normal,external
REG-NORTH,280,23.288,7.16,62.46,1.34,8.9,2015-01-01,2024-12-31,10-year climate normal,external
REG-NORTH,281,23.226,7.139,62.5,1.34,8.88,2015-01-01,2024-12-31,10-year climate normal,external
REG-NORTH,282,23.161,7.117,62.55,1.35,8.87,2015-01-01,2024-12-31,10-year climate normal,external
REG-NORTH,283,23.094,7.095,62.59,1.35,8.85,2015-01-01,2024-12-31,10-year climate normal,external
REG-NORTH,284,23.024,7.071,62.64,1.36,8.83,2015-01-01,2024-12-31,10-year climate normal,external
REG-NORTH,285,22.952,7.047,62.68,1.36,8.82,2015-01-01,2024-12-31,10-year climate normal,external
REG-NORTH,286,22.877,7.022,62.73,1.37,8.8,2015-01-01,2024-12-31,10-year climate normal,external
REG-NORTH,287,22.8,6.996,62.78,1.37,8.78,2015-01-01,2024-12-31,10-year climate normal,external
REG-NORTH,288,22.721,6.969,62.83,1.38,8.76,2015-01-01,2024-12-31,10-year climate normal,external
REG-NORTH,289,22.639,6.941,62.89,1.38,8.74,2015-01-01,2024-12-31,10-year climate normal,external
REG-NORTH,290,22.555,6.913,62.94,1.39,8.72,2015-01-01,2024-12-31,10-year climate normal,external
REG-NORTH,291,22.469,6.884,63,1.4,8.7,2015-01-01,2024-12-31,10-year climate normal,external
REG-NORTH,292,22.38,6.854,63.06,1.4,8.68,2015-01-01,2024-12-31,10-year climate normal,external
REG-NORTH,293,22.289,6.824,63.12,1.41,8.66,2015-01-01,2024-12-31,10-year climate normal,external
REG-NORTH,294,22.196,6.792,63.18,1.42,8.63,2015-01-01,2024-12-31,10-year climate normal,external
REG-NORTH,295,22.101,6.76,63.24,1.42,8.61,2015-01-01,2024-12-31,10-year climate normal,external
REG-NORTH,296,22.003,6.727,63.3,1.43,8.59,2015-01-01,2024-12-31,10-year climate normal,external
REG-NORTH,297,21.904,6.694,63.37,1.44,8.56,2015-01-01,2024-12-31,10-year climate normal,external
REG-NORTH,298,21.802,6.659,63.43,1.45,8.54,2015-01-01,2024-12-31,10-year climate normal,external
REG-NORTH,299,21.698,6.624,63.5,1.45,8.51,2015-01-01,2024-12-31,10-year climate normal,external
REG-NORTH,300,21.593,6.589,63.57,1.46,8.49,2015-01-01,2024-12-31,10-year climate normal,external
REG-NORTH,301,21.485,6.552,63.64,1.47,8.46,2015-01-01,2024-12-31,10-year climate normal,external
REG-NORTH,302,21.375,6.515,63.71,1.48,8.43,2015-01-01,2024-12-31,10-year climate normal,external
REG-NORTH,303,21.263,6.478,63.78,1.49,8.41,2015-01-01,2024-12-31,10-year climate normal,external
REG-NORTH,304,21.15,6.44,63.86,1.5,8.38,2015-01-01,2024-12-31,10-year climate normal,external
REG-NORTH,305,21.034,6.401,63.93,1.5,8.35,2015-01-01,2024-12-31,10-year climate normal,external
REG-NORTH,306,20.917,6.361,64.01,1.51,8.32,2015-01-01,2024-12-31,10-year climate normal,external
REG-NORTH,307,20.797,6.321,64.09,1.52,8.29,2015-01-01,2024-12-31,10-year climate normal,external
REG-NORTH,308,20.676,6.28,64.17,1.53,8.27,2015-01-01,2024-12-31,10-year climate normal,external
REG-NORTH,309,20.554,6.239,64.25,1.54,8.24,2015-01-01,2024-12-31,10-year climate normal,external
REG-NORTH,310,20.429,6.197,64.33,1.55,8.21,2015-01-01,2024-12-31,10-year climate normal,external
REG-NORTH,311,20.303,6.154,64.41,1.56,8.18,2015-01-01,2024-12-31,10-year climate normal,external
REG-NORTH,312,20.176,6.111,64.49,1.57,8.14,2015-01-01,2024-12-31,10-year climate normal,external
REG-NORTH,313,20.046,6.068,64.58,1.58,8.11,2015-01-01,2024-12-31,10-year climate normal,external
REG-NORTH,314,19.915,6.024,64.66,1.59,8.08,2015-01-01,2024-12-31,10-year climate normal,external
REG-NORTH,315,19.783,5.979,64.75,1.6,8.05,2015-01-01,2024-12-31,10-year climate normal,external
REG-NORTH,316,19.649,5.934,64.84,1.61,8.02,2015-01-01,2024-12-31,10-year climate normal,external
REG-NORTH,317,19.514,5.888,64.93,1.62,7.98,2015-01-01,2024-12-31,10-year climate normal,external
REG-NORTH,318,19.377,5.842,65.01,1.63,7.95,2015-01-01,2024-12-31,10-year climate normal,external
REG-NORTH,319,19.239,5.796,65.1,1.64,7.92,2015-01-01,2024-12-31,10-year climate normal,external
REG-NORTH,320,19.1,5.749,65.2,1.65,7.88,2015-01-01,2024-12-31,10-year climate normal,external
REG-NORTH,321,18.959,5.701,65.29,1.66,7.85,2015-01-01,2024-12-31,10-year climate normal,external
REG-NORTH,322,18.817,5.654,65.38,1.67,7.82,2015-01-01,2024-12-31,10-year climate normal,external
REG-NORTH,323,18.674,5.605,65.47,1.68,7.78,2015-01-01,2024-12-31,10-year climate normal,external
REG-NORTH,324,18.53,5.557,65.57,1.69,7.75,2015-01-01,2024-12-31,10-year climate normal,external
REG-NORTH,325,18.385,5.508,65.66,1.7,7.71,2015-01-01,2024-12-31,10-year climate normal,external
REG-NORTH,326,18.238,5.459,65.76,1.71,7.68,2015-01-01,2024-12-31,10-year climate normal,external
REG-NORTH,327,18.091,5.409,65.85,1.73,7.64,2015-01-01,2024-12-31,10-year climate normal,external
REG-NORTH,328,17.942,5.359,65.95,1.74,7.6,2015-01-01,2024-12-31,10-year climate normal,external
REG-NORTH,329,17.793,5.309,66.05,1.75,7.57,2015-01-01,2024-12-31,10-year climate normal,external
REG-NORTH,330,17.643,5.258,66.15,1.76,7.53,2015-01-01,2024-12-31,10-year climate normal,external
REG-NORTH,331,17.492,5.207,66.24,1.77,7.5,2015-01-01,2024-12-31,10-year climate normal,external
REG-NORTH,332,17.34,5.156,66.34,1.78,7.46,2015-01-01,2024-12-31,10-year climate normal,external
REG-NORTH,333,17.188,5.104,66.44,1.79,7.42,2015-01-01,2024-12-31,10-year climate normal,external
REG-NORTH,334,17.034,5.053,66.54,1.8,7.39,2015-01-01,2024-12-31,10-year climate normal,external
REG-NORTH,335,16.88,5.001,66.64,1.82,7.35,2015-01-01,2024-12-31,10-year climate normal,external
REG-NORTH,336,16.726,4.949,66.74,1.83,7.31,2015-01-01,2024-12-31,10-year climate normal,external
REG-NORTH,337,16.571,4.897,66.85,1.84,7.27,2015-01-01,2024-12-31,10-year climate normal,external
REG-NORTH,338,16.415,4.844,66.95,1.85,7.24,2015-01-01,2024-12-31,10-year climate normal,external
REG-NORTH,339,16.259,4.792,67.05,1.86,7.2,2015-01-01,2024-12-31,10-year climate normal,external
REG-NORTH,340,16.102,4.739,67.15,1.87,7.16,2015-01-01,2024-12-31,10-year climate normal,external
REG-NORTH,341,15.945,4.686,67.25,1.89,7.12,2015-01-01,2024-12-31,10-year climate normal,external
REG-NORTH,342,15.788,4.633,67.36,1.9,7.08,2015-01-01,2024-12-31,10-year climate normal,external
REG-NORTH,343,15.63,4.58,67.46,1.91,7.05,2015-01-01,2024-12-31,10-year climate normal,external
REG-NORTH,344,15.472,4.527,67.56,1.92,7.01,2015-01-01,2024-12-31,10-year climate normal,external
REG-NORTH,345,15.314,4.473,67.66,1.93,6.97,2015-01-01,2024-12-31,10-year climate normal,external
REG-NORTH,346,15.156,4.42,67.77,1.95,6.93,2015-01-01,2024-12-31,10-year climate normal,external
REG-NORTH,347,14.998,4.367,67.87,1.96,6.89,2015-01-01,2024-12-31,10-year climate normal,external
REG-NORTH,348,14.84,4.313,67.97,1.97,6.85,2015-01-01,2024-12-31,10-year climate normal,external
REG-NORTH,349,14.681,4.26,68.08,1.98,6.82,2015-01-01,2024-12-31,10-year climate normal,external
REG-NORTH,350,14.523,4.207,68.18,1.99,6.78,2015-01-01,2024-12-31,10-year climate normal,external
REG-NORTH,351,14.365,4.153,68.28,2.01,6.74,2015-01-01,2024-12-31,10-year climate normal,external
REG-NORTH,352,14.207,4.1,68.39,2.02,6.7,2015-01-01,2024-12-31,10-year climate normal,external
REG-NORTH,353,14.049,4.047,68.49,2.03,6.66,2015-01-01,2024-12-31,10-year climate normal,external
REG-NORTH,354,13.891,3.994,68.59,2.04,6.63,2015-01-01,2024-12-31,10-year climate normal,external
REG-NORTH,355,13.733,3.941,68.7,2.05,6.59,2015-01-01,2024-12-31,10-year climate normal,external
REG-NORTH,356,13.576,3.888,68.8,2.06,6.55,2015-01-01,2024-12-31,10-year climate normal,external
REG-NORTH,357,13.419,3.835,68.9,2.08,6.51,2015-01-01,2024-12-31,10-year climate normal,external
REG-NORTH,358,13.263,3.782,69,2.09,6.47,2015-01-01,2024-12-31,10-year climate normal,external
REG-NORTH,359,13.107,3.73,69.1,2.1,6.44,2015-01-01,2024-12-31,10-year climate normal,external
REG-NORTH,360,12.952,3.677,69.21,2.11,6.4,2015-01-01,2024-12-31,10-year climate normal,external
REG-NORTH,361,12.797,3.625,69.31,2.12,6.36,2015-01-01,2024-12-31,10-year climate normal,external
REG-NORTH,362,12.643,3.573,69.41,2.13,6.32,2015-01-01,2024-12-31,10-year climate normal,external
REG-NORTH,363,12.489,3.521,69.51,2.15,6.29,2015-01-01,2024-12-31,10-year climate normal,external
REG-NORTH,364,12.336,3.47,69.61,2.16,6.25,2015-01-01,2024-12-31,10-year climate normal,external
REG-NORTH,365,12.184,3.418,69.71,2.17,6.21,2015-01-01,2024-12-31,10-year climate normal,external
REG-NORTH,366,12.032,3.367,69.8,2.18,6.18,2015-01-01,2024-12-31,10-year climate normal,external
REG-CENTRAL,1,15.399,4.3,60,1.59,6.21,2015-01-01,2024-12-31,10-year climate normal,external
REG-CENTRAL,2,15.263,4.246,60.1,1.6,6.18,2015-01-01,2024-12-31,10-year climate normal,external
REG-CENTRAL,3,15.128,4.193,60.19,1.61,6.14,2015-01-01,2024-12-31,10-year climate normal,external
REG-CENTRAL,4,14.994,4.14,60.29,1.61,6.11,2015-01-01,2024-12-31,10-year climate normal,external
REG-CENTRAL,5,14.861,4.088,60.39,1.62,6.07,2015-01-01,2024-12-31,10-year climate normal,external
REG-CENTRAL,6,14.728,4.036,60.48,1.63,6.04,2015-01-01,2024-12-31,10-year climate normal,external
REG-CENTRAL,7,14.597,3.985,60.57,1.64,6,2015-01-01,2024-12-31,10-year climate normal,external
REG-CENTRAL,8,14.467,3.934,60.67,1.65,5.97,2015-01-01,2024-12-31,10-year climate normal,external
REG-CENTRAL,9,14.338,3.883,60.76,1.65,5.94,2015-01-01,2024-12-31,10-year climate normal,external
REG-CENTRAL,10,14.21,3.833,60.85,1.66,5.9,2015-01-01,2024-12-31,10-year climate normal,external
REG-CENTRAL,11,14.084,3.783,60.94,1.67,5.87,2015-01-01,2024-12-31,10-year climate normal,external
REG-CENTRAL,12,13.958,3.734,61.03,1.68,5.84,2015-01-01,2024-12-31,10-year climate normal,external
REG-CENTRAL,13,13.834,3.685,61.12,1.68,5.81,2015-01-01,2024-12-31,10-year climate normal,external
REG-CENTRAL,14,13.711,3.637,61.21,1.69,5.77,2015-01-01,2024-12-31,10-year climate normal,external
REG-CENTRAL,15,13.59,3.589,61.29,1.7,5.74,2015-01-01,2024-12-31,10-year climate normal,external
REG-CENTRAL,16,13.47,3.542,61.38,1.71,5.71,2015-01-01,2024-12-31,10-year climate normal,external
REG-CENTRAL,17,13.351,3.495,61.46,1.71,5.68,2015-01-01,2024-12-31,10-year climate normal,external
REG-CENTRAL,18,13.233,3.449,61.55,1.72,5.65,2015-01-01,2024-12-31,10-year climate normal,external
REG-CENTRAL,19,13.118,3.403,61.63,1.73,5.62,2015-01-01,2024-12-31,10-year climate normal,external
REG-CENTRAL,20,13.003,3.358,61.71,1.73,5.59,2015-01-01,2024-12-31,10-year climate normal,external
REG-CENTRAL,21,12.89,3.314,61.79,1.74,5.56,2015-01-01,2024-12-31,10-year climate normal,external
REG-CENTRAL,22,12.779,3.27,61.87,1.75,5.53,2015-01-01,2024-12-31,10-year climate normal,external
REG-CENTRAL,23,12.669,3.227,61.95,1.75,5.5,2015-01-01,2024-12-31,10-year climate normal,external
REG-CENTRAL,24,12.561,3.185,62.03,1.76,5.47,2015-01-01,2024-12-31,10-year climate normal,external
REG-CENTRAL,25,12.455,3.143,62.1,1.77,5.45,2015-01-01,2024-12-31,10-year climate normal,external
REG-CENTRAL,26,12.35,3.102,62.18,1.77,5.42,2015-01-01,2024-12-31,10-year climate normal,external
REG-CENTRAL,27,12.248,3.062,62.25,1.78,5.39,2015-01-01,2024-12-31,10-year climate normal,external
REG-CENTRAL,28,12.146,3.022,62.32,1.78,5.37,2015-01-01,2024-12-31,10-year climate normal,external
REG-CENTRAL,29,12.047,2.983,62.39,1.79,5.34,2015-01-01,2024-12-31,10-year climate normal,external
REG-CENTRAL,30,11.95,2.944,62.46,1.8,5.31,2015-01-01,2024-12-31,10-year climate normal,external
REG-CENTRAL,31,11.854,2.907,62.53,1.8,5.29,2015-01-01,2024-12-31,10-year climate normal,external
REG-CENTRAL,32,11.76,2.87,62.6,1.81,5.26,2015-01-01,2024-12-31,10-year climate normal,external
REG-CENTRAL,33,11.668,2.834,62.67,1.81,5.24,2015-01-01,2024-12-31,10-year climate normal,external
REG-CENTRAL,34,11.578,2.799,62.73,1.82,5.22,2015-01-01,2024-12-31,10-year climate normal,external
REG-CENTRAL,35,11.49,2.764,62.79,1.82,5.19,2015-01-01,2024-12-31,10-year climate normal,external
REG-CENTRAL,36,11.404,2.73,62.85,1.83,5.17,2015-01-01,2024-12-31,10-year climate normal,external
REG-CENTRAL,37,11.32,2.697,62.91,1.83,5.15,2015-01-01,2024-12-31,10-year climate normal,external
REG-CENTRAL,38,11.238,2.665,62.97,1.84,5.13,2015-01-01,2024-12-31,10-year climate normal,external
REG-CENTRAL,39,11.158,2.634,63.03,1.84,5.11,2015-01-01,2024-12-31,10-year climate normal,external
REG-CENTRAL,40,11.081,2.603,63.09,1.85,5.09,2015-01-01,2024-12-31,10-year climate normal,external
REG-CENTRAL,41,11.005,2.573,63.14,1.85,5.07,2015-01-01,2024-12-31,10-year climate normal,external
REG-CENTRAL,42,10.931,2.544,63.19,1.86,5.05,2015-01-01,2024-12-31,10-year climate normal,external
REG-CENTRAL,43,10.86,2.516,63.24,1.86,5.03,2015-01-01,2024-12-31,10-year climate normal,external
REG-CENTRAL,44,10.791,2.489,63.29,1.86,5.01,2015-01-01,2024-12-31,10-year climate normal,external
REG-CENTRAL,45,10.724,2.463,63.34,1.87,4.99,2015-01-01,2024-12-31,10-year climate normal,external
REG-CENTRAL,46,10.659,2.437,63.39,1.87,4.98,2015-01-01,2024-12-31,10-year climate normal,external
REG-CENTRAL,47,10.596,2.413,63.43,1.88,4.96,2015-01-01,2024-12-31,10-year climate normal,external
REG-CENTRAL,48,10.536,2.389,63.47,1.88,4.95,2015-01-01,2024-12-31,10-year climate normal,external
REG-CENTRAL,49,10.478,2.366,63.52,1.88,4.93,2015-01-01,2024-12-31,10-year climate normal,external
REG-CENTRAL,50,10.422,2.344,63.56,1.89,4.92,2015-01-01,2024-12-31,10-year climate normal,external
REG-CENTRAL,51,10.369,2.323,63.59,1.89,4.9,2015-01-01,2024-12-31,10-year climate normal,external
REG-CENTRAL,52,10.318,2.303,63.63,1.89,4.89,2015-01-01,2024-12-31,10-year climate normal,external
REG-CENTRAL,53,10.269,2.284,63.67,1.9,4.88,2015-01-01,2024-12-31,10-year climate normal,external
REG-CENTRAL,54,10.222,2.266,63.7,1.9,4.86,2015-01-01,2024-12-31,10-year climate normal,external
REG-CENTRAL,55,10.178,2.249,63.73,1.9,4.85,2015-01-01,2024-12-31,10-year climate normal,external
REG-CENTRAL,56,10.137,2.232,63.76,1.9,4.84,2015-01-01,2024-12-31,10-year climate normal,external
REG-CENTRAL,57,10.097,2.217,63.79,1.91,4.83,2015-01-01,2024-12-31,10-year climate normal,external
REG-CENTRAL,58,9.684,1.453,63.81,1.91,4.82,2015-01-01,2024-12-31,10-year climate normal,external
REG-CENTRAL,59,9.356,1.38,63.84,1.91,4.81,2015-01-01,2024-12-31,10-year climate normal,external
REG-CENTRAL,60,8.954,0.314,63.86,1.91,4.8,2015-01-01,2024-12-31,10-year climate normal,external
REG-CENTRAL,61,9.064,1.342,63.88,1.91,4.8,2015-01-01,2024-12-31,10-year climate normal,external
REG-CENTRAL,62,9.332,1.454,63.9,1.92,4.79,2015-01-01,2024-12-31,10-year climate normal,external
REG-CENTRAL,63,9.184,1.352,63.92,1.92,4.78,2015-01-01,2024-12-31,10-year climate normal,external
REG-CENTRAL,64,9.046,1.461,63.94,1.92,4.78,2015-01-01,2024-12-31,10-year climate normal,external
REG-CENTRAL,65,9.253,1.439,63.95,1.92,4.77,2015-01-01,2024-12-31,10-year climate normal,external
REG-CENTRAL,66,9.07,1.373,63.96,1.92,4.77,2015-01-01,2024-12-31,10-year climate normal,external
REG-CENTRAL,67,9.125,1.457,63.97,1.92,4.76,2015-01-01,2024-12-31,10-year climate normal,external
REG-CENTRAL,68,9.103,1.576,63.98,1.92,4.76,2015-01-01,2024-12-31,10-year climate normal,external
REG-CENTRAL,69,9.282,1.35,63.99,1.92,4.76,2015-01-01,2024-12-31,10-year climate normal,external
REG-CENTRAL,70,9.387,1.488,63.99,1.92,4.76,2015-01-01,2024-12-31,10-year climate normal,external
REG-CENTRAL,71,9.255,1.489,64,1.92,4.75,2015-01-01,2024-12-31,10-year climate normal,external
REG-CENTRAL,72,9.021,0.494,64,1.92,4.75,2015-01-01,2024-12-31,10-year climate normal,external
REG-CENTRAL,73,9.552,1.619,64,1.92,4.75,2015-01-01,2024-12-31,10-year climate normal,external
REG-CENTRAL,74,9.845,1.568,64,1.92,4.75,2015-01-01,2024-12-31,10-year climate normal,external
REG-CENTRAL,75,9.685,1.696,63.99,1.92,4.76,2015-01-01,2024-12-31,10-year climate normal,external
REG-CENTRAL,76,10.131,1.609,63.99,1.92,4.76,2015-01-01,2024-12-31,10-year climate normal,external
REG-CENTRAL,77,9.975,1.618,63.98,1.92,4.76,2015-01-01,2024-12-31,10-year climate normal,external
REG-CENTRAL,78,9.654,0.479,63.97,1.92,4.76,2015-01-01,2024-12-31,10-year climate normal,external
REG-CENTRAL,79,10.025,0.674,63.96,1.92,4.77,2015-01-01,2024-12-31,10-year climate normal,external
REG-CENTRAL,80,10.355,1.741,63.95,1.92,4.77,2015-01-01,2024-12-31,10-year climate normal,external
REG-CENTRAL,81,10.069,0.75,63.94,1.92,4.78,2015-01-01,2024-12-31,10-year climate normal,external
REG-CENTRAL,82,10.246,1.725,63.92,1.92,4.78,2015-01-01,2024-12-31,10-year climate normal,external
REG-CENTRAL,83,10.475,1.726,63.9,1.92,4.79,2015-01-01,2024-12-31,10-year climate normal,external
REG-CENTRAL,84,10.569,1.705,63.88,1.91,4.8,2015-01-01,2024-12-31,10-year climate normal,external
REG-CENTRAL,85,10.069,0.607,63.86,1.91,4.8,2015-01-01,2024-12-31,10-year climate normal,external
REG-CENTRAL,86,10.606,1.72,63.84,1.91,4.81,2015-01-01,2024-12-31,10-year climate normal,external
REG-CENTRAL,87,10.325,0.738,63.81,1.91,4.82,2015-01-01,2024-12-31,10-year climate normal,external
REG-CENTRAL,88,10.298,0.665,63.79,1.91,4.83,2015-01-01,2024-12-31,10-year climate normal,external
REG-CENTRAL,89,10.659,1.591,63.76,1.9,4.84,2015-01-01,2024-12-31,10-year climate normal,external
REG-CENTRAL,90,10.508,1.698,63.73,1.9,4.85,2015-01-01,2024-12-31,10-year climate normal,external
REG-CENTRAL,91,10.428,1.714,63.7,1.9,4.86,2015-01-01,2024-12-31,10-year climate normal,external
REG-CENTRAL,92,10.407,1.619,63.67,1.9,4.88,2015-01-01,2024-12-31,10-year climate normal,external
REG-CENTRAL,93,10.466,1.763,63.63,1.89,4.89,2015-01-01,2024-12-31,10-year climate normal,external
REG-CENTRAL,94,10.458,1.625,63.59,1.89,4.9,2015-01-01,2024-12-31,10-year climate normal,external
REG-CENTRAL,95,10.299,1.686,63.56,1.89,4.92,2015-01-01,2024-12-31,10-year climate normal,external
REG-CENTRAL,96,10.271,1.596,63.52,1.88,4.93,2015-01-01,2024-12-31,10-year climate normal,external
REG-CENTRAL,97,10.442,1.734,63.47,1.88,4.95,2015-01-01,2024-12-31,10-year climate normal,external
REG-CENTRAL,98,10.191,1.775,63.43,1.88,4.96,2015-01-01,2024-12-31,10-year climate normal,external
REG-CENTRAL,99,10.222,1.646,63.39,1.87,4.98,2015-01-01,2024-12-31,10-year climate normal,external
REG-CENTRAL,100,10.424,1.802,63.34,1.87,4.99,2015-01-01,2024-12-31,10-year climate normal,external
REG-CENTRAL,101,10.466,1.642,63.29,1.86,5.01,2015-01-01,2024-12-31,10-year climate normal,external
REG-CENTRAL,102,10.486,1.755,63.24,1.86,5.03,2015-01-01,2024-12-31,10-year climate normal,external
REG-CENTRAL,103,10.506,1.768,63.19,1.86,5.05,2015-01-01,2024-12-31,10-year climate normal,external
REG-CENTRAL,104,10.661,1.799,63.14,1.85,5.07,2015-01-01,2024-12-31,10-year climate normal,external
REG-CENTRAL,105,10.938,1.801,63.09,1.85,5.09,2015-01-01,2024-12-31,10-year climate normal,external
REG-CENTRAL,106,10.591,0.603,63.03,1.84,5.11,2015-01-01,2024-12-31,10-year climate normal,external
REG-CENTRAL,107,11.146,1.792,62.97,1.84,5.13,2015-01-01,2024-12-31,10-year climate normal,external
REG-CENTRAL,108,11.364,1.851,62.91,1.83,5.15,2015-01-01,2024-12-31,10-year climate normal,external
REG-CENTRAL,109,11.388,1.884,62.85,1.83,5.17,2015-01-01,2024-12-31,10-year climate normal,external
REG-CENTRAL,110,11.576,1.929,62.79,1.82,5.19,2015-01-01,2024-12-31,10-year climate normal,external
REG-CENTRAL,111,11.871,2.006,62.73,1.82,5.22,2015-01-01,2024-12-31,10-year climate normal,external
REG-CENTRAL,112,12,2.145,62.67,1.81,5.24,2015-01-01,2024-12-31,10-year climate normal,external
REG-CENTRAL,113,12.341,2.065,62.6,1.81,5.26,2015-01-01,2024-12-31,10-year climate normal,external
REG-CENTRAL,114,12.311,2.167,62.53,1.8,5.29,2015-01-01,2024-12-31,10-year climate normal,external
REG-CENTRAL,115,12.572,2.106,62.46,1.8,5.31,2015-01-01,2024-12-31,10-year climate normal,external
REG-CENTRAL,116,12.37,2.229,62.39,1.79,5.34,2015-01-01,2024-12-31,10-year climate normal,external
REG-CENTRAL,117,12.299,1.174,62.32,1.78,5.37,2015-01-01,2024-12-31,10-year climate normal,external
REG-CENTRAL,118,12.855,2.478,62.25,1.78,5.39,2015-01-01,2024-12-31,10-year climate normal,external
REG-CENTRAL,119,13.226,2.429,62.18,1.77,5.42,2015-01-01,2024-12-31,10-year climate normal,external
REG-CENTRAL,120,12.813,1.402,62.1,1.77,5.45,2015-01-01,2024-12-31,10-year climate normal,external
REG-CENTRAL,121,13.232,2.41,62.03,1.76,5.47,2015-01-01,2024-12-31,10-year climate normal,external
REG-CENTRAL,122,13.146,2.634,61.95,1.75,5.5,2015-01-01,2024-12-31,10-year climate normal,external
REG-CENTRAL,123,13.264,2.465,61.87,1.75,5.53,2015-01-01,2024-12-31,10-year climate normal,external
REG-CENTRAL,124,13.297,2.684,61.79,1.74,5.56,2015-01-01,2024-12-31,10-year climate normal,external
REG-CENTRAL,125,13.257,2.812,61.71,1.73,5.59,2015-01-01,2024-12-31,10-year climate normal,external
REG-CENTRAL,126,13.422,2.834,61.63,1.73,5.62,2015-01-01,2024-12-31,10-year climate normal,external
REG-CENTRAL,127,13.497,2.805,61.55,1.72,5.65,2015-01-01,2024-12-31,10-year climate normal,external
REG-CENTRAL,128,13.352,2.864,61.46,1.71,5.68,2015-01-01,2024-12-31,10-year climate normal,external
REG-CENTRAL,129,13.473,2.978,61.38,1.71,5.71,2015-01-01,2024-12-31,10-year climate normal,external
REG-CENTRAL,130,13.025,1.928,61.29,1.7,5.74,2015-01-01,2024-12-31,10-year climate normal,external
REG-CENTRAL,131,13.005,2.121,61.21,1.69,5.77,2015-01-01,2024-12-31,10-year climate normal,external
REG-CENTRAL,132,13.434,3.165,61.12,1.68,5.81,2015-01-01,2024-12-31,10-year climate normal,external
REG-CENTRAL,133,13.518,3.27,61.03,1.68,5.84,2015-01-01,2024-12-31,10-year climate normal,external
REG-CENTRAL,134,13.188,2.312,60.94,1.67,5.87,2015-01-01,2024-12-31,10-year climate normal,external
REG-CENTRAL,135,13.39,3.422,60.85,1.66,5.9,2015-01-01,2024-12-31,10-year climate normal,external
REG-CENTRAL,136,13.731,3.417,60.76,1.65,5.94,2015-01-01,2024-12-31,10-year climate normal,external
REG-CENTRAL,137,13.812,3.429,60.67,1.65,5.97,2015-01-01,2024-12-31,10-year climate normal,external
REG-CENTRAL,138,14.055,3.487,60.57,1.64,6,2015-01-01,2024-12-31,10-year climate normal,external
REG-CENTRAL,139,14.078,3.544,60.48,1.63,6.04,2015-01-01,2024-12-31,10-year climate normal,external
REG-CENTRAL,140,14.137,3.551,60.39,1.62,6.07,2015-01-01,2024-12-31,10-year climate normal,external
REG-CENTRAL,141,14.031,2.545,60.29,1.61,6.11,2015-01-01,2024-12-31,10-year climate normal,external
REG-CENTRAL,142,14.415,3.496,60.19,1.61,6.14,2015-01-01,2024-12-31,10-year climate normal,external
REG-CENTRAL,143,14.599,3.683,60.1,1.6,6.18,2015-01-01,2024-12-31,10-year climate normal,external
REG-CENTRAL,144,14.892,3.726,60,1.59,6.21,2015-01-01,2024-12-31,10-year climate normal,external
REG-CENTRAL,145,14.941,3.663,59.9,1.58,6.25,2015-01-01,2024-12-31,10-year climate normal,external
REG-CENTRAL,146,15.422,3.816,59.8,1.57,6.28,2015-01-01,2024-12-31,10-year climate normal,external
REG-CENTRAL,147,15.303,2.739,59.71,1.57,6.32,2015-01-01,2024-12-31,10-year climate normal,external
REG-CENTRAL,148,15.834,3.779,59.61,1.56,6.36,2015-01-01,2024-12-31,10-year climate normal,external
REG-CENTRAL,149,16.087,4.064,59.51,1.55,6.39,2015-01-01,2024-12-31,10-year climate normal,external
REG-CENTRAL,150,16.408,3.919,59.41,1.54,6.43,2015-01-01,2024-12-31,10-year climate normal,external
REG-CENTRAL,151,16.635,3.85,59.31,1.53,6.47,2015-01-01,2024-12-31,10-year climate normal,external
REG-CENTRAL,152,16.915,3.883,59.21,1.52,6.5,2015-01-01,2024-12-31,10-year climate normal,external
REG-CENTRAL,153,16.919,4.057,59.1,1.52,6.54,2015-01-01,2024-12-31,10-year climate normal,external
REG-CENTRAL,154,17.049,3.937,59,1.51,6.58,2015-01-01,2024-12-31,10-year climate normal,external
REG-CENTRAL,155,17.329,4.104,58.9,1.5,6.61,2015-01-01,2024-12-31,10-year climate normal,external
REG-CENTRAL,156,17.35,4.005,58.8,1.49,6.65,2015-01-01,2024-12-31,10-year climate normal,external
REG-CENTRAL,157,17.257,3.145,58.7,1.48,6.69,2015-01-01,2024-12-31,10-year climate normal,external
REG-CENTRAL,158,17.431,3.316,58.59,1.47,6.73,2015-01-01,2024-12-31,10-year climate normal,external
REG-CENTRAL,159,17.814,4.148,58.49,1.47,6.76,2015-01-01,2024-12-31,10-year climate normal,external
REG-CENTRAL,160,17.941,4.553,58.39,1.46,6.8,2015-01-01,2024-12-31,10-year climate normal,external
REG-CENTRAL,161,18.092,4.415,58.28,1.45,6.84,2015-01-01,2024-12-31,10-year climate normal,external
REG-CENTRAL,162,17.98,4.458,58.18,1.44,6.88,2015-01-01,2024-12-31,10-year climate normal,external
REG-CENTRAL,163,18.268,4.589,58.08,1.43,6.92,2015-01-01,2024-12-31,10-year climate normal,external
REG-CENTRAL,164,18.28,4.503,57.97,1.42,6.95,2015-01-01,2024-12-31,10-year climate normal,external
REG-CENTRAL,165,18.27,4.561,57.87,1.41,6.99,2015-01-01,2024-12-31,10-year climate normal,external
REG-CENTRAL,166,18.242,4.538,57.77,1.41,7.03,2015-01-01,2024-12-31,10-year climate normal,external
REG-CENTRAL,167,18.602,4.812,57.66,1.4,7.07,2015-01-01,2024-12-31,10-year climate normal,external
REG-CENTRAL,168,18.507,4.832,57.56,1.39,7.1,2015-01-01,2024-12-31,10-year climate normal,external
REG-CENTRAL,169,18.762,4.905,57.46,1.38,7.14,2015-01-01,2024-12-31,10-year climate normal,external
REG-CENTRAL,170,18.821,4.857,57.36,1.37,7.18,2015-01-01,2024-12-31,10-year climate normal,external
REG-CENTRAL,171,18.693,4.993,57.25,1.36,7.22,2015-01-01,2024-12-31,10-year climate normal,external
REG-CENTRAL,172,18.782,4.934,57.15,1.35,7.25,2015-01-01,2024-12-31,10-year climate normal,external
REG-CENTRAL,173,18.575,4.227,57.05,1.35,7.29,2015-01-01,2024-12-31,10-year climate normal,external
REG-CENTRAL,174,19.134,5.305,56.95,1.34,7.33,2015-01-01,2024-12-31,10-year climate normal,external
REG-CENTRAL,175,19.264,5.37,56.85,1.33,7.36,2015-01-01,2024-12-31,10-year climate normal,external
REG-CENTRAL,176,19.563,5.475,56.74,1.32,7.4,2015-01-01,2024-12-31,10-year climate normal,external
REG-CENTRAL,177,19.184,4.481,56.64,1.31,7.44,2015-01-01,2024-12-31,10-year climate normal,external
REG-CENTRAL,178,19.884,5.594,56.54,1.3,7.48,2015-01-01,2024-12-31,10-year climate normal,external
REG-CENTRAL,179,20.382,5.539,56.44,1.3,7.51,2015-01-01,2024-12-31,10-year climate normal,external
REG-CENTRAL,180,20.362,5.785,56.34,1.29,7.55,2015-01-01,2024-12-31,10-year climate normal,external
REG-CENTRAL,181,20.611,5.723,56.24,1.28,7.58,2015-01-01,2024-12-31,10-year climate normal,external
REG-CENTRAL,182,20.71,5.947,56.15,1.27,7.62,2015-01-01,2024-12-31,10-year climate normal,external
REG-CENTRAL,183,21.003,5.824,56.05,1.26,7.66,2015-01-01,2024-12-31,10-year climate normal,external
REG-CENTRAL,184,21.183,5.994,55.95,1.25,7.69,2015-01-01,2024-12-31,10-year climate normal,external
REG-CENTRAL,185,21.433,6.045,55.85,1.25,7.73,2015-01-01,2024-12-31,10-year climate normal,external
REG-CENTRAL,186,21.787,6.071,55.76,1.24,7.76,2015-01-01,2024-12-31,10-year climate normal,external
REG-CENTRAL,187,21.952,6.231,55.66,1.23,7.8,2015-01-01,2024-12-31,10-year climate normal,external
REG-CENTRAL,188,22.158,6.27,55.57,1.22,7.83,2015-01-01,2024-12-31,10-year climate normal,external
REG-CENTRAL,189,21.904,5.267,55.47,1.21,7.87,2015-01-01,2024-12-31,10-year climate normal,external
REG-CENTRAL,190,22.073,5.231,55.38,1.21,7.9,2015-01-01,2024-12-31,10-year climate normal,external
REG-CENTRAL,191,22.712,6.444,55.29,1.2,7.93,2015-01-01,2024-12-31,10-year climate normal,external
REG-CENTRAL,192,22.934,6.519,55.2,1.19,7.97,2015-01-01,2024-12-31,10-year climate normal,external
REG-CENTRAL,193,23.374,6.453,55.1,1.18,8,2015-01-01,2024-12-31,10-year climate normal,external
REG-CENTRAL,194,23.053,6.427,55.01,1.18,8.03,2015-01-01,2024-12-31,10-year climate normal,external
REG-CENTRAL,195,23.344,6.468,54.93,1.17,8.07,2015-01-01,2024-12-31,10-year climate normal,external
REG-CENTRAL,196,23.217,6.596,54.84,1.16,8.1,2015-01-01,2024-12-31,10-year climate normal,external
REG-CENTRAL,197,23.383,6.67,54.75,1.15,8.13,2015-01-01,2024-12-31,10-year climate normal,external
REG-CENTRAL,198,23.592,6.53,54.66,1.15,8.16,2015-01-01,2024-12-31,10-year climate normal,external
REG-CENTRAL,199,23.416,6.525,54.58,1.14,8.19,2015-01-01,2024-12-31,10-year climate normal,external
REG-CENTRAL,200,23.446,6.714,54.49,1.13,8.22,2015-01-01,2024-12-31,10-year climate normal,external
REG-CENTRAL,201,23.579,6.64,54.41,1.13,8.25,2015-01-01,2024-12-31,10-year climate normal,external
REG-CENTRAL,202,23.333,6.727,54.33,1.12,8.28,2015-01-01,2024-12-31,10-year climate normal,external
REG-CENTRAL,203,23.635,6.732,54.25,1.11,8.31,2015-01-01,2024-12-31,10-year climate normal,external
REG-CENTRAL,204,23.765,6.779,54.17,1.11,8.34,2015-01-01,2024-12-31,10-year climate normal,external
REG-CENTRAL,205,23.199,5.681,54.09,1.1,8.37,2015-01-01,2024-12-31,10-year climate normal,external
REG-CENTRAL,206,23.708,6.846,54.01,1.09,8.4,2015-01-01,2024-12-31,10-year climate normal,external
REG-CENTRAL,207,23.471,6.851,53.93,1.09,8.43,2015-01-01,2024-12-31,10-year climate normal,external
REG-CENTRAL,208,23.73,6.679,53.86,1.08,8.45,2015-01-01,2024-12-31,10-year climate normal,external
REG-CENTRAL,209,23.797,6.859,53.78,1.07,8.48,2015-01-01,2024-12-31,10-year climate normal,external
REG-CENTRAL,210,23.908,7.027,53.71,1.07,8.51,2015-01-01,2024-12-31,10-year climate normal,external
REG-CENTRAL,211,24.002,6.897,53.64,1.06,8.53,2015-01-01,2024-12-31,10-year climate normal,external
REG-CENTRAL,212,23.84,7.012,53.57,1.06,8.56,2015-01-01,2024-12-31,10-year climate normal,external
REG-CENTRAL,213,24.088,6.927,53.5,1.05,8.59,2015-01-01,2024-12-31,10-year climate normal,external
REG-CENTRAL,214,24.098,6.948,53.43,1.05,8.61,2015-01-01,2024-12-31,10-year climate normal,external
REG-CENTRAL,215,24.448,6.845,53.37,1.04,8.63,2015-01-01,2024-12-31,10-year climate normal,external
REG-CENTRAL,216,24.777,7.984,53.3,1.03,8.66,2015-01-01,2024-12-31,10-year climate normal,external
REG-CENTRAL,217,24.866,8.019,53.24,1.03,8.68,2015-01-01,2024-12-31,10-year climate normal,external
REG-CENTRAL,218,24.953,8.053,53.18,1.02,8.7,2015-01-01,2024-12-31,10-year climate normal,external
REG-CENTRAL,219,25.038,8.086,53.12,1.02,8.73,2015-01-01,2024-12-31,10-year climate normal,external
REG-CENTRAL,220,25.121,8.119,53.06,1.01,8.75,2015-01-01,2024-12-31,10-year climate normal,external
REG-CENTRAL,221,25.202,8.151,53,1.01,8.77,2015-01-01,2024-12-31,10-year climate normal,external
REG-CENTRAL,222,25.281,8.182,52.94,1,8.79,2015-01-01,2024-12-31,10-year climate normal,external
REG-CENTRAL,223,25.357,8.212,52.89,1,8.81,2015-01-01,2024-12-31,10-year climate normal,external
REG-CENTRAL,224,25.432,8.241,52.83,1,8.83,2015-01-01,2024-12-31,10-year climate normal,external
REG-CENTRAL,225,25.505,8.27,52.78,0.99,8.85,2015-01-01,2024-12-31,10-year climate normal,external
REG-CENTRAL,226,25.575,8.297,52.73,0.99,8.87,2015-01-01,2024-12-31,10-year climate normal,external
REG-CENTRAL,227,25.643,8.324,52.68,0.98,8.88,2015-01-01,2024-12-31,10-year climate normal,external
REG-CENTRAL,228,25.709,8.35,52.64,0.98,8.9,2015-01-01,2024-12-31,10-year climate normal,external
REG-CENTRAL,229,25.773,8.375,52.59,0.98,8.92,2015-01-01,2024-12-31,10-year climate normal,external
REG-CENTRAL,230,25.834,8.399,52.55,0.97,8.93,2015-01-01,2024-12-31,10-year climate normal,external
REG-CENTRAL,231,25.893,8.422,52.5,0.97,8.95,2015-01-01,2024-12-31,10-year climate normal,external
REG-CENTRAL,232,25.95,8.445,52.46,0.96,8.96,2015-01-01,2024-12-31,10-year climate normal,external
REG-CENTRAL,233,26.005,8.466,52.43,0.96,8.98,2015-01-01,2024-12-31,10-year climate normal,external
REG-CENTRAL,234,26.057,8.487,52.39,0.96,8.99,2015-01-01,2024-12-31,10-year climate normal,external
REG-CENTRAL,235,26.107,8.506,52.35,0.96,9,2015-01-01,2024-12-31,10-year climate normal,external
REG-CENTRAL,236,26.155,8.525,52.32,0.95,9.02,2015-01-01,2024-12-31,10-year climate normal,external
REG-CENTRAL,237,26.2,8.543,52.29,0.95,9.03,2015-01-01,2024-12-31,10-year climate normal,external
REG-CENTRAL,238,26.243,8.56,52.26,0.95,9.04,2015-01-01,2024-12-31,10-year climate normal,external
REG-CENTRAL,239,26.283,8.576,52.23,0.94,9.05,2015-01-01,2024-12-31,10-year climate normal,external
REG-CENTRAL,240,26.322,8.591,52.2,0.94,9.06,2015-01-01,2024-12-31,10-year climate normal,external
REG-CENTRAL,241,26.357,8.605,52.17,0.94,9.07,2015-01-01,2024-12-31,10-year climate normal,external
REG-CENTRAL,242,26.391,8.618,52.15,0.94,9.08,2015-01-01,2024-12-31,10-year climate normal,external
REG-CENTRAL,243,26.421,8.63,52.13,0.94,9.09,2015-01-01,2024-12-31,10-year climate normal,external
REG-CENTRAL,244,26.45,8.641,52.11,0.93,9.09,2015-01-01,2024-12-31,10-year climate normal,external
REG-CENTRAL,245,26.476,8.651,52.09,0.93,9.1,2015-01-01,2024-12-31,10-year climate normal,external
REG-CENTRAL,246,26.499,8.66,52.07,0.93,9.11,2015-01-01,2024-12-31,10-year climate normal,external
REG-CENTRAL,247,26.52,8.669,52.06,0.93,9.11,2015-01-01,2024-12-31,10-year climate normal,external
REG-CENTRAL,248,26.539,8.676,52.04,0.93,9.12,2015-01-01,2024-12-31,10-year climate normal,external
REG-CENTRAL,249,26.555,8.682,52.03,0.93,9.12,2015-01-01,2024-12-31,10-year climate normal,external
REG-CENTRAL,250,26.569,8.688,52.02,0.93,9.13,2015-01-01,2024-12-31,10-year climate normal,external
REG-CENTRAL,251,26.58,8.692,52.01,0.93,9.13,2015-01-01,2024-12-31,10-year climate normal,external
REG-CENTRAL,252,26.589,8.696,52.01,0.93,9.13,2015-01-01,2024-12-31,10-year climate normal,external
REG-CENTRAL,253,26.595,8.698,52,0.93,9.13,2015-01-01,2024-12-31,10-year climate normal,external
REG-CENTRAL,254,26.599,8.7,52,0.93,9.13,2015-01-01,2024-12-31,10-year climate normal,external
REG-CENTRAL,255,26.6,8.7,52,0.93,9.13,2015-01-01,2024-12-31,10-year climate normal,external
REG-CENTRAL,256,26.599,8.7,52,0.93,9.13,2015-01-01,2024-12-31,10-year climate normal,external
REG-CENTRAL,257,26.595,8.698,52,0.93,9.13,2015-01-01,2024-12-31,10-year climate normal,external
REG-CENTRAL,258,26.589,8.696,52.01,0.93,9.13,2015-01-01,2024-12-31,10-year climate normal,external
REG-CENTRAL,259,26.58,8.692,52.01,0.93,9.13,2015-01-01,2024-12-31,10-year climate normal,external
REG-CENTRAL,260,26.569,8.688,52.02,0.93,9.13,2015-01-01,2024-12-31,10-year climate normal,external
REG-CENTRAL,261,26.555,8.682,52.03,0.93,9.12,2015-01-01,2024-12-31,10-year climate normal,external
REG-CENTRAL,262,26.539,8.676,52.04,0.93,9.12,2015-01-01,2024-12-31,10-year climate normal,external
REG-CENTRAL,263,26.52,8.669,52.06,0.93,9.11,2015-01-01,2024-12-31,10-year climate normal,external
REG-CENTRAL,264,26.499,8.66,52.07,0.93,9.11,2015-01-01,2024-12-31,10-year climate normal,external
REG-CENTRAL,265,26.476,8.651,52.09,0.93,9.1,2015-01-01,2024-12-31,10-year climate normal,external
REG-CENTRAL,266,26.45,8.641,52.11,0.93,9.09,2015-01-01,2024-12-31,10-year climate normal,external
REG-CENTRAL,267,26.421,8.63,52.13,0.94,9.09,2015-01-01,2024-12-31,10-year climate normal,external
REG-CENTRAL,268,26.391,8.618,52.15,0.94,9.08,2015-01-01,2024-12-31,10-year climate normal,external
REG-CENTRAL,269,26.357,8.605,52.17,0.94,9.07,2015-01-01,2024-12-31,10-year climate normal,external
REG-CENTRAL,270,26.322,8.591,52.2,0.94,9.06,2015-01-01,2024-12-31,10-year climate normal,external
REG-CENTRAL,271,26.283,8.576,52.23,0.94,9.05,2015-01-01,2024-12-31,10-year climate normal,external
REG-CENTRAL,272,26.243,8.56,52.26,0.95,9.04,2015-01-01,2024-12-31,10-year climate normal,external
REG-CENTRAL,273,26.2,8.543,52.29,0.95,9.03,2015-01-01,2024-12-31,10-year climate normal,external
REG-CENTRAL,274,26.155,8.525,52.32,0.95,9.02,2015-01-01,2024-12-31,10-year climate normal,external
REG-CENTRAL,275,26.107,8.506,52.35,0.96,9,2015-01-01,2024-12-31,10-year climate normal,external
REG-CENTRAL,276,26.057,8.487,52.39,0.96,8.99,2015-01-01,2024-12-31,10-year climate normal,external
REG-CENTRAL,277,26.005,8.466,52.43,0.96,8.98,2015-01-01,2024-12-31,10-year climate normal,external
REG-CENTRAL,278,25.95,8.445,52.46,0.96,8.96,2015-01-01,2024-12-31,10-year climate normal,external
REG-CENTRAL,279,25.893,8.422,52.5,0.97,8.95,2015-01-01,2024-12-31,10-year climate normal,external
REG-CENTRAL,280,25.834,8.399,52.55,0.97,8.93,2015-01-01,2024-12-31,10-year climate normal,external
REG-CENTRAL,281,25.773,8.375,52.59,0.98,8.92,2015-01-01,2024-12-31,10-year climate normal,external
REG-CENTRAL,282,25.709,8.35,52.64,0.98,8.9,2015-01-01,2024-12-31,10-year climate normal,external
REG-CENTRAL,283,25.643,8.324,52.68,0.98,8.88,2015-01-01,2024-12-31,10-year climate normal,external
REG-CENTRAL,284,25.575,8.297,52.73,0.99,8.87,2015-01-01,2024-12-31,10-year climate normal,external
REG-CENTRAL,285,25.505,8.27,52.78,0.99,8.85,2015-01-01,2024-12-31,10-year climate normal,external
REG-CENTRAL,286,25.432,8.241,52.83,1,8.83,2015-01-01,2024-12-31,10-year climate normal,external
REG-CENTRAL,287,25.357,8.212,52.89,1,8.81,2015-01-01,2024-12-31,10-year climate normal,external
REG-CENTRAL,288,25.281,8.182,52.94,1,8.79,2015-01-01,2024-12-31,10-year climate normal,external
REG-CENTRAL,289,25.202,8.151,53,1.01,8.77,2015-01-01,2024-12-31,10-year climate normal,external
REG-CENTRAL,290,25.121,8.119,53.06,1.01,8.75,2015-01-01,2024-12-31,10-year climate normal,external
REG-CENTRAL,291,25.038,8.086,53.12,1.02,8.73,2015-01-01,2024-12-31,10-year climate normal,external
REG-CENTRAL,292,24.953,8.053,53.18,1.02,8.7,2015-01-01,2024-12-31,10-year climate normal,external
REG-CENTRAL,293,24.866,8.019,53.24,1.03,8.68,2015-01-01,2024-12-31,10-year climate normal,external
REG-CENTRAL,294,24.777,7.984,53.3,1.03,8.66,2015-01-01,2024-12-31,10-year climate normal,external
REG-CENTRAL,295,24.686,7.948,53.37,1.04,8.63,2015-01-01,2024-12-31,10-year climate normal,external
REG-CENTRAL,296,24.593,7.912,53.43,1.05,8.61,2015-01-01,2024-12-31,10-year climate normal,external
REG-CENTRAL,297,24.499,7.874,53.5,1.05,8.59,2015-01-01,2024-12-31,10-year climate normal,external
REG-CENTRAL,298,24.402,7.836,53.57,1.06,8.56,2015-01-01,2024-12-31,10-year climate normal,external
REG-CENTRAL,299,24.304,7.798,53.64,1.06,8.53,2015-01-01,2024-12-31,10-year climate normal,external
REG-CENTRAL,300,24.203,7.758,53.71,1.07,8.51,2015-01-01,2024-12-31,10-year climate normal,external
REG-CENTRAL,301,24.101,7.718,53.78,1.07,8.48,2015-01-01,2024-12-31,10-year climate normal,external
REG-CENTRAL,302,23.997,7.678,53.86,1.08,8.45,2015-01-01,2024-12-31,10-year climate normal,external
REG-CENTRAL,303,23.892,7.636,53.93,1.09,8.43,2015-01-01,2024-12-31,10-year climate normal,external
REG-CENTRAL,304,23.785,7.594,54.01,1.09,8.4,2015-01-01,2024-12-31,10-year climate normal,external
REG-CENTRAL,305,23.676,7.551,54.09,1.1,8.37,2015-01-01,2024-12-31,10-year climate normal,external
REG-CENTRAL,306,23.565,7.508,54.17,1.11,8.34,2015-01-01,2024-12-31,10-year climate normal,external
REG-CENTRAL,307,23.453,7.464,54.25,1.11,8.31,2015-01-01,2024-12-31,10-year climate normal,external
REG-CENTRAL,308,23.34,7.419,54.33,1.12,8.28,2015-01-01,2024-12-31,10-year climate normal,external
REG-CENTRAL,309,23.225,7.374,54.41,1.13,8.25,2015-01-01,2024-12-31,10-year climate normal,external
REG-CENTRAL,310,23.108,7.328,54.49,1.13,8.22,2015-01-01,2024-12-31,10-year climate normal,external
REG-CENTRAL,311,22.99,7.282,54.58,1.14,8.19,2015-01-01,2024-12-31,10-year climate normal,external
REG-CENTRAL,312,22.871,7.235,54.66,1.15,8.16,2015-01-01,2024-12-31,10-year climate normal,external
REG-CENTRAL,313,22.75,7.187,54.75,1.15,8.13,2015-01-01,2024-12-31,10-year climate normal,external
REG-CENTRAL,314,22.627,7.139,54.84,1.16,8.1,2015-01-01,2024-12-31,10-year climate normal,external
REG-CENTRAL,315,22.504,7.091,54.93,1.17,8.07,2015-01-01,2024-12-31,10-year climate normal,external
REG-CENTRAL,316,22.379,7.042,55.01,1.18,8.03,2015-01-01,2024-12-31,10-year climate normal,external
REG-CENTRAL,317,22.253,6.992,55.1,1.18,8,2015-01-01,2024-12-31,10-year climate normal,external
REG-CENTRAL,318,22.126,6.942,55.2,1.19,7.97,2015-01-01,2024-12-31,10-year climate normal,external
REG-CENTRAL,319,21.997,6.892,55.29,1.2,7.93,2015-01-01,2024-12-31,10-year climate normal,external
REG-CENTRAL,320,21.868,6.841,55.38,1.21,7.9,2015-01-01,2024-12-31,10-year climate normal,external
REG-CENTRAL,321,21.737,6.79,55.47,1.21,7.87,2015-01-01,2024-12-31,10-year climate normal,external
REG-CENTRAL,322,21.606,6.738,55.57,1.22,7.83,2015-01-01,2024-12-31,10-year climate normal,external
REG-CENTRAL,323,21.473,6.686,55.66,1.23,7.8,2015-01-01,2024-12-31,10-year climate normal,external
REG-CENTRAL,324,21.339,6.633,55.76,1.24,7.76,2015-01-01,2024-12-31,10-year climate normal,external
REG-CENTRAL,325,21.205,6.58,55.85,1.25,7.73,2015-01-01,2024-12-31,10-year climate normal,external
REG-CENTRAL,326,21.069,6.527,55.95,1.25,7.69,2015-01-01,2024-12-31,10-year climate normal,external
REG-CENTRAL,327,20.933,6.474,56.05,1.26,7.66,2015-01-01,2024-12-31,10-year climate normal,external
REG-CENTRAL,328,20.796,6.42,56.15,1.27,7.62,2015-01-01,2024-12-31,10-year climate normal,external
REG-CENTRAL,329,20.658,6.366,56.24,1.28,7.58,2015-01-01,2024-12-31,10-year climate normal,external
REG-CENTRAL,330,20.519,6.311,56.34,1.29,7.55,2015-01-01,2024-12-31,10-year climate normal,external
REG-CENTRAL,331,20.38,6.256,56.44,1.3,7.51,2015-01-01,2024-12-31,10-year climate normal,external
REG-CENTRAL,332,20.24,6.201,56.54,1.3,7.48,2015-01-01,2024-12-31,10-year climate normal,external
REG-CENTRAL,333,20.099,6.146,56.64,1.31,7.44,2015-01-01,2024-12-31,10-year climate normal,external
REG-CENTRAL,334,19.958,6.091,56.74,1.32,7.4,2015-01-01,2024-12-31,10-year climate normal,external
REG-CENTRAL,335,19.817,6.035,56.85,1.33,7.36,2015-01-01,2024-12-31,10-year climate normal,external
REG-CENTRAL,336,19.674,5.979,56.95,1.34,7.33,2015-01-01,2024-12-31,10-year climate normal,external
REG-CENTRAL,337,19.532,5.923,57.05,1.35,7.29,2015-01-01,2024-12-31,10-year climate normal,external
REG-CENTRAL,338,19.389,5.867,57.15,1.35,7.25,2015-01-01,2024-12-31,10-year climate normal,external
REG-CENTRAL,339,19.246,5.811,57.25,1.36,7.22,2015-01-01,2024-12-31,10-year climate normal,external
REG-CENTRAL,340,19.102,5.754,57.36,1.37,7.18,2015-01-01,2024-12-31,10-year climate normal,external
REG-CENTRAL,341,18.958,5.698,57.46,1.38,7.14,2015-01-01,2024-12-31,10-year climate normal,external
REG-CENTRAL,342,18.814,5.641,57.56,1.39,7.1,2015-01-01,2024-12-31,10-year climate normal,external
REG-CENTRAL,343,18.67,5.585,57.66,1.4,7.07,2015-01-01,2024-12-31,10-year climate normal,external
REG-CENTRAL,344,18.525,5.528,57.77,1.41,7.03,2015-01-01,2024-12-31,10-year climate normal,external
REG-CENTRAL,345,18.381,5.471,57.87,1.41,6.99,2015-01-01,2024-12-31,10-year climate normal,external
REG-CENTRAL,346,18.236,5.414,57.97,1.42,6.95,2015-01-01,2024-12-31,10-year climate normal,external
REG-CENTRAL,347,18.092,5.357,58.08,1.43,6.92,2015-01-01,2024-12-31,10-year climate normal,external
REG-CENTRAL,348,17.947,5.301,58.18,1.44,6.88,2015-01-01,2024-12-31,10-year climate normal,external
REG-CENTRAL,349,17.803,5.244,58.28,1.45,6.84,2015-01-01,2024-12-31,10-year climate normal,external
REG-CENTRAL,350,17.658,5.187,58.39,1.46,6.8,2015-01-01,2024-12-31,10-year climate normal,external
REG-CENTRAL,351,17.514,5.13,58.49,1.47,6.76,2015-01-01,2024-12-31,10-year climate normal,external
REG-CENTRAL,352,17.37,5.074,58.59,1.47,6.73,2015-01-01,2024-12-31,10-year climate normal,external
REG-CENTRAL,353,17.226,5.017,58.7,1.48,6.69,2015-01-01,2024-12-31,10-year climate normal,external
REG-CENTRAL,354,17.083,4.961,58.8,1.49,6.65,2015-01-01,2024-12-31,10-year climate normal,external
REG-CENTRAL,355,16.94,4.905,58.9,1.5,6.61,2015-01-01,2024-12-31,10-year climate normal,external
REG-CENTRAL,356,16.797,4.849,59,1.51,6.58,2015-01-01,2024-12-31,10-year climate normal,external
REG-CENTRAL,357,16.654,4.793,59.1,1.52,6.54,2015-01-01,2024-12-31,10-year climate normal,external
REG-CENTRAL,358,16.513,4.737,59.21,1.52,6.5,2015-01-01,2024-12-31,10-year climate normal,external
REG-CENTRAL,359,16.371,4.682,59.31,1.53,6.47,2015-01-01,2024-12-31,10-year climate normal,external
REG-CENTRAL,360,16.23,4.626,59.41,1.54,6.43,2015-01-01,2024-12-31,10-year climate normal,external
REG-CENTRAL,361,16.09,4.571,59.51,1.55,6.39,2015-01-01,2024-12-31,10-year climate normal,external
REG-CENTRAL,362,15.95,4.516,59.61,1.56,6.36,2015-01-01,2024-12-31,10-year climate normal,external
REG-CENTRAL,363,15.811,4.462,59.71,1.57,6.32,2015-01-01,2024-12-31,10-year climate normal,external
REG-CENTRAL,364,15.673,4.407,59.8,1.57,6.28,2015-01-01,2024-12-31,10-year climate normal,external
REG-CENTRAL,365,15.536,4.353,59.9,1.58,6.25,2015-01-01,2024-12-31,10-year climate normal,external
REG-CENTRAL,366,15.399,4.3,60,1.59,6.21,2015-01-01,2024-12-31,10-year climate normal,external
