snapshotDate,regionId,productId,availableUnits,reservedUnits,coverageDays
2026-03-02,REG-COASTAL,PROD-HS-100,44495,5929,19.1
2026-03-02,REG-COASTAL,PROD-HS-110,24134,2865,18.91
2026-03-02,REG-COASTAL,PROD-AS-200,22647,2687,20.51
2026-03-02,REG-COASTAL,PROD-LB-400,23469,2704,22.52
2026-03-02,REG-COASTAL,PROD-DM-300,17079,2610,23.08
2026-03-02,REG-COASTAL,PROD-VD-500,9843,1267,24.23
2026-03-02,REG-SOUTH,PROD-HS-100,38067,5369,19.51
2026-03-02,REG-SOUTH,PROD-HS-110,21590,3254,20.04
2026-03-02,REG-SOUTH,PROD-AS-200,24198,3624,22.08
2026-03-02,REG-SOUTH,PROD-LB-400,23052,2865,23.56
2026-03-02,REG-SOUTH,PROD-DM-300,14865,2229,24.83
2026-03-02,REG-SOUTH,PROD-VD-500,7990,972,26.38
2026-03-02,REG-DELTA,PROD-HS-100,34337,4546,20.14
2026-03-02,REG-DELTA,PROD-HS-110,19519,2390,22.48
2026-03-02,REG-DELTA,PROD-AS-200,21559,3142,23.31
2026-03-02,REG-DELTA,PROD-LB-400,21681,3349,24.51
2026-03-02,REG-DELTA,PROD-DM-300,11210,1419,26.61
2026-03-02,REG-DELTA,PROD-VD-500,9459,1416,28.93
2026-03-02,REG-ISLAND,PROD-HS-100,27892,4069,22.91
2026-03-02,REG-ISLAND,PROD-HS-110,16223,2279,23.01
2026-03-02,REG-ISLAND,PROD-AS-200,15166,2090,25.84
2026-03-02,REG-ISLAND,PROD-LB-400,12554,1784,25.77
2026-03-02,REG-ISLAND,PROD-DM-300,8532,1243,26.7
2026-03-02,REG-ISLAND,PROD-VD-500,3640,524,18.44
2026-03-02,REG-NORTH,PROD-HS-100,39166,4550,24.01
2026-03-02,REG-NORTH,PROD-HS-110,24977,4019,24.63
2026-03-02,REG-NORTH,PROD-AS-200,19397,3013,25.92
2026-03-02,REG-NORTH,PROD-LB-400,19526,2879,28.7
2026-03-02,REG-NORTH,PROD-DM-300,7912,954,18.17
2026-03-02,REG-NORTH,PROD-VD-500,5825,875,20.04
2026-03-02,REG-CENTRAL,PROD-HS-100,38726,5776,24.05
2026-03-02,REG-CENTRAL,PROD-HS-110,21160,2447,26.54
2026-03-02,REG-CENTRAL,PROD-AS-200,16494,1487,28.16
2026-03-02,REG-CENTRAL,PROD-LB-400,12047,1930,18.03
2026-03-02,REG-CENTRAL,PROD-DM-300,8108,1038,19.42
2026-03-02,REG-CENTRAL,PROD-VD-500,5777,802,19.36
2026-03-03,REG-COASTAL,PROD-HS-100,40512,5439,18.04
2026-03-03,REG-COASTAL,PROD-HS-110,26020,3372,19.83
2026-03-03,REG-COASTAL,PROD-AS-200,27861,4353,21.57
2026-03-03,REG-COASTAL,PROD-LB-400,26370,3484,22.98
2026-03-03,REG-COASTAL,PROD-DM-300,17702,1808,23.62
2026-03-03,REG-COASTAL,PROD-VD-500,9849,1491,25.64
2026-03-03,REG-SOUTH,PROD-HS-100,36583,4911,19
2026-03-03,REG-SOUTH,PROD-HS-110,23269,3345,20.46
2026-03-03,REG-SOUTH,PROD-AS-200,21655,2672,21.16
2026-03-03,REG-SOUTH,PROD-LB-400,24826,3328,23.89
2026-03-03,REG-SOUTH,PROD-DM-300,10967,861,24.83
2026-03-03,REG-SOUTH,PROD-VD-500,8632,1328,26.18
2026-03-03,REG-DELTA,PROD-HS-100,36492,4983,20.98
2026-03-03,REG-DELTA,PROD-HS-110,19595,2721,22.59
2026-03-03,REG-DELTA,PROD-AS-200,21878,2502,23.89
2026-03-03,REG-DELTA,PROD-LB-400,19081,3250,25.05
2026-03-03,REG-DELTA,PROD-DM-300,12126,2036,27.57
2026-03-03,REG-DELTA,PROD-VD-500,8526,1214,28.45
2026-03-03,REG-ISLAND,PROD-HS-100,28376,4662,21.78
2026-03-03,REG-ISLAND,PROD-HS-110,14922,2068,23.29
2026-03-03,REG-ISLAND,PROD-AS-200,13692,1858,23.96
2026-03-03,REG-ISLAND,PROD-LB-400,13660,1796,26.96
2026-03-03,REG-ISLAND,PROD-DM-300,8106,738,28.02
2026-03-03,REG-ISLAND,PROD-VD-500,3873,577,18.11
2026-03-03,REG-NORTH,PROD-HS-100,41859,6412,23.46
2026-03-03,REG-NORTH,PROD-HS-110,21370,2472,24.83
2026-03-03,REG-NORTH,PROD-AS-200,21597,3570,26.71
2026-03-03,REG-NORTH,PROD-LB-400,18526,2367,28.75
2026-03-03,REG-NORTH,PROD-DM-300,8534,1225,18.41
2026-03-03,REG-NORTH,PROD-VD-500,5404,881,18.46
2026-03-03,REG-CENTRAL,PROD-HS-100,32454,4581,23.72
2026-03-03,REG-CENTRAL,PROD-HS-110,21799,3194,26.2
2026-03-03,REG-CENTRAL,PROD-AS-200,20226,2330,28.18
2026-03-03,REG-CENTRAL,PROD-LB-400,10409,1212,17.55
2026-03-03,REG-CENTRAL,PROD-DM-300,7322,791,19.32
2026-03-03,REG-CENTRAL,PROD-VD-500,5654,828,20.8
2026-03-04,REG-COASTAL,PROD-HS-100,44741,6420,18.34
2026-03-04,REG-COASTAL,PROD-HS-110,27927,4875,19.24
2026-03-04,REG-COASTAL,PROD-AS-200,23556,4178,19.46
2026-03-04,REG-COASTAL,PROD-LB-400,26377,4075,22.28
2026-03-04,REG-COASTAL,PROD-DM-300,14912,2205,24.2
2026-03-04,REG-COASTAL,PROD-VD-500,10708,1618,26.05
2026-03-04,REG-SOUTH,PROD-HS-100,40405,6709,19.71
2026-03-04,REG-SOUTH,PROD-HS-110,23782,3068,21.42
2026-03-04,REG-SOUTH,PROD-AS-200,25653,4197,23.07
2026-03-04,REG-SOUTH,PROD-LB-400,20277,2847,23.98
2026-03-04,REG-SOUTH,PROD-DM-300,13557,1949,25.51
2026-03-04,REG-SOUTH,PROD-VD-500,8713,1210,26.42
2026-03-04,REG-DELTA,PROD-HS-100,37000,4369,21.23
2026-03-04,REG-DELTA,PROD-HS-110,21921,2491,22.46
2026-03-04,REG-DELTA,PROD-AS-200,21568,3279,23.45
2026-03-04,REG-DELTA,PROD-LB-400,19481,2687,25.88
2026-03-04,REG-DELTA,PROD-DM-300,11331,1140,26.33
2026-03-04,REG-DELTA,PROD-VD-500,8909,1220,27.76
2026-03-04,REG-ISLAND,PROD-HS-100,28728,4853,21.57
2026-03-04,REG-ISLAND,PROD-HS-110,13064,1667,23.26
2026-03-04,REG-ISLAND,PROD-AS-200,16130,2556,26.26
2026-03-04,REG-ISLAND,PROD-LB-400,13132,1729,26.21
2026-03-04,REG-ISLAND,PROD-DM-300,8258,992,26.91
2026-03-04,REG-ISLAND,PROD-VD-500,3829,424,17.02
2026-03-04,REG-NORTH,PROD-HS-100,33345,3656,22.91
2026-03-04,REG-NORTH,PROD-HS-110,20554,2216,25.05
2026-03-04,REG-NORTH,PROD-AS-200,19594,2816,26.72
2026-03-04,REG-NORTH,PROD-LB-400,17964,2489,26.36
2026-03-04,REG-NORTH,PROD-DM-300,7699,1257,18.35
2026-03-04,REG-NORTH,PROD-VD-500,5720,832,19.09
2026-03-04,REG-CENTRAL,PROD-HS-100,37677,5074,24.85
2026-03-04,REG-CENTRAL,PROD-HS-110,21210,2733,26.17
2026-03-04,REG-CENTRAL,PROD-AS-200,19841,2842,27.69
2026-03-04,REG-CENTRAL,PROD-LB-400,13492,2008,19.27
2026-03-04,REG-CENTRAL,PROD-DM-300,8536,1094,19.79
2026-03-04,REG-CENTRAL,PROD-VD-500,5352,759,20.97
2026-03-05,REG-COASTAL,PROD-HS-100,43081,5348,17.76
2026-03-05,REG-COASTAL,PROD-HS-110,25062,3451,18.82
2026-03-05,REG-COASTAL,PROD-AS-200,25758,2842,21.34
2026-03-05,REG-COASTAL,PROD-LB-400,22068,2888,22.35
2026-03-05,REG-COASTAL,PROD-DM-300,13524,1682,22.95
2026-03-05,REG-COASTAL,PROD-VD-500,10649,1541,25.02
2026-03-05,REG-SOUTH,PROD-HS-100,42727,6366,20.08
2026-03-05,REG-SOUTH,PROD-HS-110,25911,3341,21.21
2026-03-05,REG-SOUTH,PROD-AS-200,21217,2446,21.88
2026-03-05,REG-SOUTH,PROD-LB-400,20126,2661,23.41
2026-03-05,REG-SOUTH,PROD-DM-300,12943,1941,24.13
2026-03-05,REG-SOUTH,PROD-VD-500,9454,1307,26.37
2026-03-05,REG-DELTA,PROD-HS-100,35117,4414,20.24
2026-03-05,REG-DELTA,PROD-HS-110,21585,3761,22.68
2026-03-05,REG-DELTA,PROD-AS-200,19876,3366,23.72
2026-03-05,REG-DELTA,PROD-LB-400,19894,2698,25.44
2026-03-05,REG-DELTA,PROD-DM-300,12203,1425,26.48
2026-03-05,REG-DELTA,PROD-VD-500,8092,890,28.35
2026-03-05,REG-ISLAND,PROD-HS-100,23945,3225,21.56
2026-03-05,REG-ISLAND,PROD-HS-110,14285,1954,23.27
2026-03-05,REG-ISLAND,PROD-AS-200,15409,2058,25.48
2026-03-05,REG-ISLAND,PROD-LB-400,15013,2263,27.42
2026-03-05,REG-ISLAND,PROD-DM-300,9324,1366,28.02
2026-03-05,REG-ISLAND,PROD-VD-500,4000,591,17.76
2026-03-05,REG-NORTH,PROD-HS-100,36438,4672,23.5
2026-03-05,REG-NORTH,PROD-HS-110,22599,2899,24.69
2026-03-05,REG-NORTH,PROD-AS-200,19625,3247,26.16
2026-03-05,REG-NORTH,PROD-LB-400,21787,3365,27.74
2026-03-05,REG-NORTH,PROD-DM-300,9569,1615,18.5
2026-03-05,REG-NORTH,PROD-VD-500,5461,557,20.18
2026-03-05,REG-CENTRAL,PROD-HS-100,36069,4638,25.1
2026-03-05,REG-CENTRAL,PROD-HS-110,20706,3190,25.83
2026-03-05,REG-CENTRAL,PROD-AS-200,22032,3061,27.86
2026-03-05,REG-CENTRAL,PROD-LB-400,12308,1511,18.09
2026-03-05,REG-CENTRAL,PROD-DM-300,7698,1167,19.32
2026-03-05,REG-CENTRAL,PROD-VD-500,5426,773,21.54
2026-03-06,REG-COASTAL,PROD-HS-100,45827,7597,17.76
2026-03-06,REG-COASTAL,PROD-HS-110,26671,3672,19.36
2026-03-06,REG-COASTAL,PROD-AS-200,22450,2589,20.84
2026-03-06,REG-COASTAL,PROD-LB-400,23654,2996,21.65
2026-03-06,REG-COASTAL,PROD-DM-300,15427,2311,23.21
2026-03-06,REG-COASTAL,PROD-VD-500,11760,1929,25.67
2026-03-06,REG-SOUTH,PROD-HS-100,39164,5161,19.09
2026-03-06,REG-SOUTH,PROD-HS-110,23998,2881,20.83
2026-03-06,REG-SOUTH,PROD-AS-200,20462,2524,21.98
2026-03-06,REG-SOUTH,PROD-LB-400,20412,2794,22.82
2026-03-06,REG-SOUTH,PROD-DM-300,14371,1936,24.72
2026-03-06,REG-SOUTH,PROD-VD-500,9860,1243,26.93
2026-03-06,REG-DELTA,PROD-HS-100,31340,4084,20.79
2026-03-06,REG-DELTA,PROD-HS-110,20641,2856,21.96
2026-03-06,REG-DELTA,PROD-AS-200,23501,3594,24.7
2026-03-06,REG-DELTA,PROD-LB-400,18813,2399,26.05
2026-03-06,REG-DELTA,PROD-DM-300,15021,2660,25.91
2026-03-06,REG-DELTA,PROD-VD-500,9029,1251,27.1
2026-03-06,REG-ISLAND,PROD-HS-100,26310,3820,22.56
2026-03-06,REG-ISLAND,PROD-HS-110,15299,2561,22.67
2026-03-06,REG-ISLAND,PROD-AS-200,14985,1659,25.68
2026-03-06,REG-ISLAND,PROD-LB-400,12934,1685,26.28
2026-03-06,REG-ISLAND,PROD-DM-300,8573,1238,27.37
2026-03-06,REG-ISLAND,PROD-VD-500,3833,624,18.13
2026-03-06,REG-NORTH,PROD-HS-100,37443,5915,22.83
2026-03-06,REG-NORTH,PROD-HS-110,20400,2274,23.82
2026-03-06,REG-NORTH,PROD-AS-200,22336,3664,26.75
2026-03-06,REG-NORTH,PROD-LB-400,18755,2350,26.72
2026-03-06,REG-NORTH,PROD-DM-300,7698,1072,17.21
2026-03-06,REG-NORTH,PROD-VD-500,5257,622,19
2026-03-06,REG-CENTRAL,PROD-HS-100,38880,6123,25.04
2026-03-06,REG-CENTRAL,PROD-HS-110,20762,3067,26.53
2026-03-06,REG-CENTRAL,PROD-AS-200,20907,2262,28.73
2026-03-06,REG-CENTRAL,PROD-LB-400,9821,1208,17.51
2026-03-06,REG-CENTRAL,PROD-DM-300,6576,632,18.52
2026-03-06,REG-CENTRAL,PROD-VD-500,5104,675,21.29
2026-03-07,REG-COASTAL,PROD-HS-100,46054,5600,18.12
2026-03-07,REG-COASTAL,PROD-HS-110,24605,3406,19.89
2026-03-07,REG-COASTAL,PROD-AS-200,26349,3373,21.29
2026-03-07,REG-COASTAL,PROD-LB-400,24833,3490,21.47
2026-03-07,REG-COASTAL,PROD-DM-300,14572,2021,23.73
2026-03-07,REG-COASTAL,PROD-VD-500,11168,1641,25.14
2026-03-07,REG-SOUTH,PROD-HS-100,36418,5547,18.53
2026-03-07,REG-SOUTH,PROD-HS-110,20919,2830,20.14
2026-03-07,REG-SOUTH,PROD-AS-200,19909,2393,22.09
2026-03-07,REG-SOUTH,PROD-LB-400,18460,2648,22.62
2026-03-07,REG-SOUTH,PROD-DM-300,12833,1553,24.05
2026-03-07,REG-SOUTH,PROD-VD-500,10591,1448,26.42
2026-03-07,REG-DELTA,PROD-HS-100,32670,3781,20.36
2026-03-07,REG-DELTA,PROD-HS-110,19263,2400,22.1
2026-03-07,REG-DELTA,PROD-AS-200,20503,2402,24.26
2026-03-07,REG-DELTA,PROD-LB-400,19311,2640,24.2
2026-03-07,REG-DELTA,PROD-DM-300,14032,1628,26.45
2026-03-07,REG-DELTA,PROD-VD-500,8855,1399,28.35
2026-03-07,REG-ISLAND,PROD-HS-100,27637,4080,22.78
2026-03-07,REG-ISLAND,PROD-HS-110,16823,2027,23.37
2026-03-07,REG-ISLAND,PROD-AS-200,15152,2045,25.9
2026-03-07,REG-ISLAND,PROD-LB-400,14841,1990,27.23
2026-03-07,REG-ISLAND,PROD-DM-300,8284,1065,27.45
2026-03-07,REG-ISLAND,PROD-VD-500,3890,631,18.41
2026-03-07,REG-NORTH,PROD-HS-100,38497,5225,23.95
2026-03-07,REG-NORTH,PROD-HS-110,23116,3328,24.61
2026-03-07,REG-NORTH,PROD-AS-200,20949,2270,26.53
2026-03-07,REG-NORTH,PROD-LB-400,17102,1762,28.25
2026-03-07,REG-NORTH,PROD-DM-300,7944,1042,17.79
2026-03-07,REG-NORTH,PROD-VD-500,5512,733,18.52
2026-03-07,REG-CENTRAL,PROD-HS-100,38422,5634,24.49
2026-03-07,REG-CENTRAL,PROD-HS-110,21386,2475,26.41
2026-03-07,REG-CENTRAL,PROD-AS-200,15058,1965,27.05
2026-03-07,REG-CENTRAL,PROD-LB-400,10519,1420,18.88
2026-03-07,REG-CENTRAL,PROD-DM-300,7421,949,18.65
2026-03-07,REG-CENTRAL,PROD-VD-500,6363,897,21.78
2026-03-08,REG-COASTAL,PROD-HS-100,26970,3345,18.68
2026-03-08,REG-COASTAL,PROD-HS-110,16541,2399,19.19
2026-03-08,REG-COASTAL,PROD-AS-200,16104,1958,21.08
2026-03-08,REG-COASTAL,PROD-LB-400,16541,2228,22.23
2026-03-08,REG-COASTAL,PROD-DM-300,9181,1208,23.66
2026-03-08,REG-COASTAL,PROD-VD-500,7026,688,25.45
2026-03-08,REG-SOUTH,PROD-HS-100,23188,2157,19.17
2026-03-08,REG-SOUTH,PROD-HS-110,14353,1554,21.51
2026-03-08,REG-SOUTH,PROD-AS-200,14858,1875,23.06
2026-03-08,REG-SOUTH,PROD-LB-400,11353,1246,22.76
2026-03-08,REG-SOUTH,PROD-DM-300,8353,1478,24.64
2026-03-08,REG-SOUTH,PROD-VD-500,5687,919,27.09
2026-03-08,REG-DELTA,PROD-HS-100,22309,2786,20.7
2026-03-08,REG-DELTA,PROD-HS-110,11897,1688,21.54
2026-03-08,REG-DELTA,PROD-AS-200,13441,1869,23.24
2026-03-08,REG-DELTA,PROD-LB-400,9910,1320,25.04
2026-03-08,REG-DELTA,PROD-DM-300,8040,1285,26.28
2026-03-08,REG-DELTA,PROD-VD-500,5630,763,28.13
2026-03-08,REG-ISLAND,PROD-HS-100,16130,2423,21.42
2026-03-08,REG-ISLAND,PROD-HS-110,10169,1548,24.56
2026-03-08,REG-ISLAND,PROD-AS-200,8580,1091,25.05
2026-03-08,REG-ISLAND,PROD-LB-400,8039,1249,25.92
2026-03-08,REG-ISLAND,PROD-DM-300,5763,851,28.73
2026-03-08,REG-ISLAND,PROD-VD-500,2303,282,17.88
2026-03-08,REG-NORTH,PROD-HS-100,24813,4348,23.63
2026-03-08,REG-NORTH,PROD-HS-110,12640,1432,25.59
2026-03-08,REG-NORTH,PROD-AS-200,12173,1785,26.04
2026-03-08,REG-NORTH,PROD-LB-400,11019,1184,27.94
2026-03-08,REG-NORTH,PROD-DM-300,5050,622,17.64
2026-03-08,REG-NORTH,PROD-VD-500,3969,607,19.66
2026-03-08,REG-CENTRAL,PROD-HS-100,22985,3058,24.33
2026-03-08,REG-CENTRAL,PROD-HS-110,12229,1403,26.4
2026-03-08,REG-CENTRAL,PROD-AS-200,11851,1495,27.4
2026-03-08,REG-CENTRAL,PROD-LB-400,6487,838,18.05
2026-03-08,REG-CENTRAL,PROD-DM-300,4566,378,18.95
2026-03-08,REG-CENTRAL,PROD-VD-500,3296,423,20.67
2026-03-09,REG-COASTAL,PROD-HS-100,44413,6024,18.74
2026-03-09,REG-COASTAL,PROD-HS-110,24712,4248,19.34
2026-03-09,REG-COASTAL,PROD-AS-200,27692,3581,21.64
2026-03-09,REG-COASTAL,PROD-LB-400,27434,4589,22.46
2026-03-09,REG-COASTAL,PROD-DM-300,17402,2720,22.94
2026-03-09,REG-COASTAL,PROD-VD-500,10861,1369,25.18
2026-03-09,REG-SOUTH,PROD-HS-100,35839,3610,19.76
2026-03-09,REG-SOUTH,PROD-HS-110,25644,3363,21.44
2026-03-09,REG-SOUTH,PROD-AS-200,19936,2699,22.04
2026-03-09,REG-SOUTH,PROD-LB-400,22664,2657,23.16
2026-03-09,REG-SOUTH,PROD-DM-300,13088,1811,25
2026-03-09,REG-SOUTH,PROD-VD-500,8718,1233,25.63
2026-03-09,REG-DELTA,PROD-HS-100,37351,4762,20.65
2026-03-09,REG-DELTA,PROD-HS-110,23808,3941,21.71
2026-03-09,REG-DELTA,PROD-AS-200,18825,2435,23.45
2026-03-09,REG-DELTA,PROD-LB-400,17898,2905,24.54
2026-03-09,REG-DELTA,PROD-DM-300,11120,1154,26.65
2026-03-09,REG-DELTA,PROD-VD-500,8271,1048,28
2026-03-09,REG-ISLAND,PROD-HS-100,30091,4611,23.02
2026-03-09,REG-ISLAND,PROD-HS-110,18201,2184,24.16
2026-03-09,REG-ISLAND,PROD-AS-200,13489,1763,25.71
2026-03-09,REG-ISLAND,PROD-LB-400,12663,1513,26.05
2026-03-09,REG-ISLAND,PROD-DM-300,8750,1193,27.89
2026-03-09,REG-ISLAND,PROD-VD-500,3909,594,17.36
2026-03-09,REG-NORTH,PROD-HS-100,42255,4059,24.59
2026-03-09,REG-NORTH,PROD-HS-110,21739,3136,25.62
2026-03-09,REG-NORTH,PROD-AS-200,17883,2549,26.53
2026-03-09,REG-NORTH,PROD-LB-400,18902,2609,27.57
2026-03-09,REG-NORTH,PROD-DM-300,8141,1207,16.71
2026-03-09,REG-NORTH,PROD-VD-500,5577,905,18.84
2026-03-09,REG-CENTRAL,PROD-HS-100,33575,4298,24.56
2026-03-09,REG-CENTRAL,PROD-HS-110,19028,2780,25.87
2026-03-09,REG-CENTRAL,PROD-AS-200,20645,3138,27.97
2026-03-09,REG-CENTRAL,PROD-LB-400,10513,1473,16.87
2026-03-09,REG-CENTRAL,PROD-DM-300,8107,975,19.28
2026-03-09,REG-CENTRAL,PROD-VD-500,5266,741,21.24
2026-03-10,REG-COASTAL,PROD-HS-100,43282,5934,18.25
2026-03-10,REG-COASTAL,PROD-HS-110,24040,3073,18.42
2026-03-10,REG-COASTAL,PROD-AS-200,26660,2820,20.91
2026-03-10,REG-COASTAL,PROD-LB-400,24910,2977,23.56
2026-03-10,REG-COASTAL,PROD-DM-300,15330,2250,23.65
2026-03-10,REG-COASTAL,PROD-VD-500,10398,1438,24.82
2026-03-10,REG-SOUTH,PROD-HS-100,42477,6260,19.84
2026-03-10,REG-SOUTH,PROD-HS-110,23915,4108,20.63
2026-03-10,REG-SOUTH,PROD-AS-200,26532,4670,22.4
2026-03-10,REG-SOUTH,PROD-LB-400,19400,2947,24.23
2026-03-10,REG-SOUTH,PROD-DM-300,13329,1469,24.35
2026-03-10,REG-SOUTH,PROD-VD-500,9720,1381,27.25
2026-03-10,REG-DELTA,PROD-HS-100,36981,3574,20.89
2026-03-10,REG-DELTA,PROD-HS-110,23077,3647,22.51
2026-03-10,REG-DELTA,PROD-AS-200,16563,2267,23.63
2026-03-10,REG-DELTA,PROD-LB-400,16468,1935,24.51
2026-03-10,REG-DELTA,PROD-DM-300,13586,2045,26.9
2026-03-10,REG-DELTA,PROD-VD-500,8940,1157,27.12
2026-03-10,REG-ISLAND,PROD-HS-100,29428,4485,22.51
2026-03-10,REG-ISLAND,PROD-HS-110,14646,1872,23.66
2026-03-10,REG-ISLAND,PROD-AS-200,13951,2122,24.75
2026-03-10,REG-ISLAND,PROD-LB-400,12311,1441,26.64
2026-03-10,REG-ISLAND,PROD-DM-300,8907,1294,26.53
2026-03-10,REG-ISLAND,PROD-VD-500,3996,554,17.47
2026-03-10,REG-NORTH,PROD-HS-100,35164,4355,22.42
2026-03-10,REG-NORTH,PROD-HS-110,19168,3007,24.64
2026-03-10,REG-NORTH,PROD-AS-200,20527,2813,25.78
2026-03-10,REG-NORTH,PROD-LB-400,19490,2962,28.11
2026-03-10,REG-NORTH,PROD-DM-300,8795,1235,16.8
2026-03-10,REG-NORTH,PROD-VD-500,5924,646,19.69
2026-03-10,REG-CENTRAL,PROD-HS-100,36518,6450,25.59
2026-03-10,REG-CENTRAL,PROD-HS-110,21043,2985,27.4
2026-03-10,REG-CENTRAL,PROD-AS-200,18790,2392,28.37
2026-03-10,REG-CENTRAL,PROD-LB-400,11059,1511,17.27
2026-03-10,REG-CENTRAL,PROD-DM-300,9695,1380,19.16
2026-03-10,REG-CENTRAL,PROD-VD-500,5734,884,22.25
2026-03-11,REG-COASTAL,PROD-HS-100,41702,5480,16.95
2026-03-11,REG-COASTAL,PROD-HS-110,27513,2918,19.55
2026-03-11,REG-COASTAL,PROD-AS-200,29876,4509,21.5
2026-03-11,REG-COASTAL,PROD-LB-400,20276,2846,21.81
2026-03-11,REG-COASTAL,PROD-DM-300,13983,1552,24.28
2026-03-11,REG-COASTAL,PROD-VD-500,10818,1432,24.57
2026-03-11,REG-SOUTH,PROD-HS-100,40308,4899,20.1
2026-03-11,REG-SOUTH,PROD-HS-110,25648,3805,20.72
2026-03-11,REG-SOUTH,PROD-AS-200,19762,2858,22.01
2026-03-11,REG-SOUTH,PROD-LB-400,21213,3388,24.09
2026-03-11,REG-SOUTH,PROD-DM-300,12982,1875,24.41
2026-03-11,REG-SOUTH,PROD-VD-500,10454,1393,27.13
2026-03-11,REG-DELTA,PROD-HS-100,36682,4425,20.3
2026-03-11,REG-DELTA,PROD-HS-110,21163,3116,22.87
2026-03-11,REG-DELTA,PROD-AS-200,18887,2745,24.06
2026-03-11,REG-DELTA,PROD-LB-400,18967,2465,25.82
2026-03-11,REG-DELTA,PROD-DM-300,13341,2077,26.69
2026-03-11,REG-DELTA,PROD-VD-500,9164,1074,27.15
2026-03-11,REG-ISLAND,PROD-HS-100,25005,2487,22.68
2026-03-11,REG-ISLAND,PROD-HS-110,13773,1923,23.99
2026-03-11,REG-ISLAND,PROD-AS-200,13013,1606,24.91
2026-03-11,REG-ISLAND,PROD-LB-400,13390,1435,26.33
2026-03-11,REG-ISLAND,PROD-DM-300,9374,985,28.25
2026-03-11,REG-ISLAND,PROD-VD-500,4276,617,17.59
2026-03-11,REG-NORTH,PROD-HS-100,39119,5996,24.28
2026-03-11,REG-NORTH,PROD-HS-110,22291,3322,25.95
2026-03-11,REG-NORTH,PROD-AS-200,21433,2941,26.19
2026-03-11,REG-NORTH,PROD-LB-400,20997,3383,27.91
2026-03-11,REG-NORTH,PROD-DM-300,9391,1409,18.61
2026-03-11,REG-NORTH,PROD-VD-500,5034,540,19.8
2026-03-11,REG-CENTRAL,PROD-HS-100,39378,7003,26.15
2026-03-11,REG-CENTRAL,PROD-HS-110,22025,3099,26.92
2026-03-11,REG-CENTRAL,PROD-AS-200,21930,3227,27.83
2026-03-11,REG-CENTRAL,PROD-LB-400,12896,1525,18.16
2026-03-11,REG-CENTRAL,PROD-DM-300,7916,970,19.29
2026-03-11,REG-CENTRAL,PROD-VD-500,5147,739,20.31
2026-03-12,REG-COASTAL,PROD-HS-100,46687,6025,18.35
2026-03-12,REG-COASTAL,PROD-HS-110,28524,2417,19.93
2026-03-12,REG-COASTAL,PROD-AS-200,25741,3504,20.86
2026-03-12,REG-COASTAL,PROD-LB-400,23194,3567,21.86
2026-03-12,REG-COASTAL,PROD-DM-300,17218,2488,23.31
2026-03-12,REG-COASTAL,PROD-VD-500,11765,1763,24.94
2026-03-12,REG-SOUTH,PROD-HS-100,39506,6429,18.82
2026-03-12,REG-SOUTH,PROD-HS-110,21204,2674,20.87
2026-03-12,REG-SOUTH,PROD-AS-200,19158,1823,22.9
2026-03-12,REG-SOUTH,PROD-LB-400,20380,3248,23.73
2026-03-12,REG-SOUTH,PROD-DM-300,15476,2092,25.89
2026-03-12,REG-SOUTH,PROD-VD-500,9838,1388,25.53
2026-03-12,REG-DELTA,PROD-HS-100,34727,5584,20.31
2026-03-12,REG-DELTA,PROD-HS-110,21980,3121,22.72
2026-03-12,REG-DELTA,PROD-AS-200,20918,2892,24.26
2026-03-12,REG-DELTA,PROD-LB-400,19777,2684,24.7
2026-03-12,REG-DELTA,PROD-DM-300,14029,2123,26.46
2026-03-12,REG-DELTA,PROD-VD-500,9030,1219,28.82
2026-03-12,REG-ISLAND,PROD-HS-100,26384,3978,21.9
2026-03-12,REG-ISLAND,PROD-HS-110,14170,2354,23.58
2026-03-12,REG-ISLAND,PROD-AS-200,15190,1765,25.92
2026-03-12,REG-ISLAND,PROD-LB-400,12321,1431,25.5
2026-03-12,REG-ISLAND,PROD-DM-300,11019,1874,28.14
2026-03-12,REG-ISLAND,PROD-VD-500,3951,544,17.84
2026-03-12,REG-NORTH,PROD-HS-100,42340,7068,23.61
2026-03-12,REG-NORTH,PROD-HS-110,19802,2871,25.19
2026-03-12,REG-NORTH,PROD-AS-200,22929,3864,26.93
2026-03-12,REG-NORTH,PROD-LB-400,20877,2685,27.94
2026-03-12,REG-NORTH,PROD-DM-300,7812,1298,18.61
2026-03-12,REG-NORTH,PROD-VD-500,5158,801,19.63
2026-03-12,REG-CENTRAL,PROD-HS-100,34899,4189,24.61
2026-03-12,REG-CENTRAL,PROD-HS-110,22532,3499,26.18
2026-03-12,REG-CENTRAL,PROD-AS-200,20723,2735,27.93
2026-03-12,REG-CENTRAL,PROD-LB-400,11715,1832,18.68
2026-03-12,REG-CENTRAL,PROD-DM-300,7965,1151,19.3
2026-03-12,REG-CENTRAL,PROD-VD-500,5335,663,20.4
2026-03-13,REG-COASTAL,PROD-HS-100,50038,7583,18.69
2026-03-13,REG-COASTAL,PROD-HS-110,23582,2759,19.41
2026-03-13,REG-COASTAL,PROD-AS-200,23537,2799,20.43
2026-03-13,REG-COASTAL,PROD-LB-400,21981,3419,21.48
2026-03-13,REG-COASTAL,PROD-DM-300,16521,2394,22.93
2026-03-13,REG-COASTAL,PROD-VD-500,11745,2026,25.18
2026-03-13,REG-SOUTH,PROD-HS-100,36754,5730,19.37
2026-03-13,REG-SOUTH,PROD-HS-110,22121,2795,20.43
2026-03-13,REG-SOUTH,PROD-AS-200,19456,2475,21.8
2026-03-13,REG-SOUTH,PROD-LB-400,21310,3428,24.66
2026-03-13,REG-SOUTH,PROD-DM-300,15805,2154,24.96
2026-03-13,REG-SOUTH,PROD-VD-500,10390,1346,26.84
2026-03-13,REG-DELTA,PROD-HS-100,34232,4131,20.16
2026-03-13,REG-DELTA,PROD-HS-110,20569,3143,21.67
2026-03-13,REG-DELTA,PROD-AS-200,17732,2558,23.06
2026-03-13,REG-DELTA,PROD-LB-400,19570,2535,24.48
2026-03-13,REG-DELTA,PROD-DM-300,15221,1962,27.23
2026-03-13,REG-DELTA,PROD-VD-500,8111,915,27.78
2026-03-13,REG-ISLAND,PROD-HS-100,27731,4271,22.34
2026-03-13,REG-ISLAND,PROD-HS-110,15113,1844,24.76
2026-03-13,REG-ISLAND,PROD-AS-200,13685,2029,24.38
2026-03-13,REG-ISLAND,PROD-LB-400,13755,1609,26.4
2026-03-13,REG-ISLAND,PROD-DM-300,9415,1394,27.85
2026-03-13,REG-ISLAND,PROD-VD-500,3559,385,17.54
2026-03-13,REG-NORTH,PROD-HS-100,36990,4882,24.09
2026-03-13,REG-NORTH,PROD-HS-110,20323,2426,24.89
2026-03-13,REG-NORTH,PROD-AS-200,20466,2740,26.03
2026-03-13,REG-NORTH,PROD-LB-400,18071,2187,28.99
2026-03-13,REG-NORTH,PROD-DM-300,7761,1072,16.68
2026-03-13,REG-NORTH,PROD-VD-500,4928,693,18.99
2026-03-13,REG-CENTRAL,PROD-HS-100,34773,4072,24.04
2026-03-13,REG-CENTRAL,PROD-HS-110,24143,3970,26.34
2026-03-13,REG-CENTRAL,PROD-AS-200,19363,2752,27.55
2026-03-13,REG-CENTRAL,PROD-LB-400,10409,1465,17.1
2026-03-13,REG-CENTRAL,PROD-DM-300,6987,767,19.81
2026-03-13,REG-CENTRAL,PROD-VD-500,6277,790,22.04
2026-03-14,REG-COASTAL,PROD-HS-100,41678,6170,17.62
2026-03-14,REG-COASTAL,PROD-HS-110,24907,3185,19.14
2026-03-14,REG-COASTAL,PROD-AS-200,27806,3875,20.42
2026-03-14,REG-COASTAL,PROD-LB-400,24060,2928,21.56
2026-03-14,REG-COASTAL,PROD-DM-300,16470,2720,23.95
2026-03-14,REG-COASTAL,PROD-VD-500,12559,1861,25.78
2026-03-14,REG-SOUTH,PROD-HS-100,36658,4656,18.8
2026-03-14,REG-SOUTH,PROD-HS-110,24264,2973,20.67
2026-03-14,REG-SOUTH,PROD-AS-200,21098,2735,22.12
2026-03-14,REG-SOUTH,PROD-LB-400,20426,2505,24.48
2026-03-14,REG-SOUTH,PROD-DM-300,14910,2155,25.36
2026-03-14,REG-SOUTH,PROD-VD-500,9099,1444,25.86
2026-03-14,REG-DELTA,PROD-HS-100,37803,5577,21.53
2026-03-14,REG-DELTA,PROD-HS-110,19960,3087,22.29
2026-03-14,REG-DELTA,PROD-AS-200,18407,2004,22.94
2026-03-14,REG-DELTA,PROD-LB-400,18370,2156,25.1
2026-03-14,REG-DELTA,PROD-DM-300,12067,1616,26.66
2026-03-14,REG-DELTA,PROD-VD-500,8332,994,27.59
2026-03-14,REG-ISLAND,PROD-HS-100,28996,4778,21.86
2026-03-14,REG-ISLAND,PROD-HS-110,14837,2023,23.38
2026-03-14,REG-ISLAND,PROD-AS-200,15597,1986,25.54
2026-03-14,REG-ISLAND,PROD-LB-400,12929,2154,26.41
2026-03-14,REG-ISLAND,PROD-DM-300,8255,810,27.17
2026-03-14,REG-ISLAND,PROD-VD-500,3792,482,18.09
2026-03-14,REG-NORTH,PROD-HS-100,38780,6357,22.95
2026-03-14,REG-NORTH,PROD-HS-110,23916,3958,24.37
2026-03-14,REG-NORTH,PROD-AS-200,19783,2893,26.56
2026-03-14,REG-NORTH,PROD-LB-400,19821,3037,28.02
2026-03-14,REG-NORTH,PROD-DM-300,8492,1071,17.75
2026-03-14,REG-NORTH,PROD-VD-500,5731,845,20.27
2026-03-14,REG-CENTRAL,PROD-HS-100,38556,5841,24.38
2026-03-14,REG-CENTRAL,PROD-HS-110,17414,1914,26.5
2026-03-14,REG-CENTRAL,PROD-AS-200,19625,2393,27.44
2026-03-14,REG-CENTRAL,PROD-LB-400,10650,1440,18.06
2026-03-14,REG-CENTRAL,PROD-DM-300,7695,1085,19.79
2026-03-14,REG-CENTRAL,PROD-VD-500,5440,758,19.76
2026-03-15,REG-COASTAL,PROD-HS-100,28472,4088,18.06
2026-03-15,REG-COASTAL,PROD-HS-110,16653,2115,19.18
2026-03-15,REG-COASTAL,PROD-AS-200,14011,1793,20.64
2026-03-15,REG-COASTAL,PROD-LB-400,16446,2652,22.25
2026-03-15,REG-COASTAL,PROD-DM-300,10080,1406,23.7
2026-03-15,REG-COASTAL,PROD-VD-500,7740,1046,24.79
2026-03-15,REG-SOUTH,PROD-HS-100,25618,4045,20.37
2026-03-15,REG-SOUTH,PROD-HS-110,14441,2123,21.2
2026-03-15,REG-SOUTH,PROD-AS-200,13198,2111,21.32
2026-03-15,REG-SOUTH,PROD-LB-400,12684,1731,25.3
2026-03-15,REG-SOUTH,PROD-DM-300,8633,1404,24.51
2026-03-15,REG-SOUTH,PROD-VD-500,5648,842,25.98
2026-03-15,REG-DELTA,PROD-HS-100,23174,2210,21.33
2026-03-15,REG-DELTA,PROD-HS-110,13279,1554,22.59
2026-03-15,REG-DELTA,PROD-AS-200,11377,1370,24
2026-03-15,REG-DELTA,PROD-LB-400,11622,1264,25.02
2026-03-15,REG-DELTA,PROD-DM-300,8883,1461,26.23
2026-03-15,REG-DELTA,PROD-VD-500,5405,716,27.58
2026-03-15,REG-ISLAND,PROD-HS-100,17264,2314,22.05
2026-03-15,REG-ISLAND,PROD-HS-110,8917,1302,23.22
2026-03-15,REG-ISLAND,PROD-AS-200,8825,1042,25.27
2026-03-15,REG-ISLAND,PROD-LB-400,8570,1125,26.78
2026-03-15,REG-ISLAND,PROD-DM-300,5764,769,27.3
2026-03-15,REG-ISLAND,PROD-VD-500,2099,289,17.57
2026-03-15,REG-NORTH,PROD-HS-100,23608,3367,24.15
2026-03-15,REG-NORTH,PROD-HS-110,14050,1822,26.02
2026-03-15,REG-NORTH,PROD-AS-200,14084,2037,26.48
2026-03-15,REG-NORTH,PROD-LB-400,11509,1740,27.14
2026-03-15,REG-NORTH,PROD-DM-300,5663,851,17.82
2026-03-15,REG-NORTH,PROD-VD-500,3670,530,20.52
2026-03-15,REG-CENTRAL,PROD-HS-100,21484,3830,24.25
2026-03-15,REG-CENTRAL,PROD-HS-110,13043,1488,26.32
2026-03-15,REG-CENTRAL,PROD-AS-200,11921,1564,27.99
2026-03-15,REG-CENTRAL,PROD-LB-400,7645,937,18.74
2026-03-15,REG-CENTRAL,PROD-DM-300,4489,596,17.94
2026-03-15,REG-CENTRAL,PROD-VD-500,3066,398,20.21
2026-03-16,REG-COASTAL,PROD-HS-100,43911,4423,18.34
2026-03-16,REG-COASTAL,PROD-HS-110,26296,3730,19.74
2026-03-16,REG-COASTAL,PROD-AS-200,28162,4572,21.35
2026-03-16,REG-COASTAL,PROD-LB-400,21740,2711,21.5
2026-03-16,REG-COASTAL,PROD-DM-300,15475,1744,23.23
2026-03-16,REG-COASTAL,PROD-VD-500,11201,1561,25.71
2026-03-16,REG-SOUTH,PROD-HS-100,41376,5733,19.47
2026-03-16,REG-SOUTH,PROD-HS-110,22712,2464,20.01
2026-03-16,REG-SOUTH,PROD-AS-200,23299,2878,22.08
2026-03-16,REG-SOUTH,PROD-LB-400,18985,2822,24.02
2026-03-16,REG-SOUTH,PROD-DM-300,13974,1701,24.84
2026-03-16,REG-SOUTH,PROD-VD-500,10024,1536,26.28
2026-03-16,REG-DELTA,PROD-HS-100,38550,5130,21.48
2026-03-16,REG-DELTA,PROD-HS-110,22042,2537,22.04
2026-03-16,REG-DELTA,PROD-AS-200,17720,2453,24.19
2026-03-16,REG-DELTA,PROD-LB-400,18320,2524,24.6
2026-03-16,REG-DELTA,PROD-DM-300,12930,1898,26.58
2026-03-16,REG-DELTA,PROD-VD-500,8660,1158,28.1
2026-03-16,REG-ISLAND,PROD-HS-100,25782,3485,22.01
2026-03-16,REG-ISLAND,PROD-HS-110,13055,1501,23.15
2026-03-16,REG-ISLAND,PROD-AS-200,13379,1684,24.21
2026-03-16,REG-ISLAND,PROD-LB-400,14156,1799,26.07
2026-03-16,REG-ISLAND,PROD-DM-300,9993,1452,27.82
2026-03-16,REG-ISLAND,PROD-VD-500,3968,518,17.78
2026-03-16,REG-NORTH,PROD-HS-100,35065,4877,23.86
2026-03-16,REG-NORTH,PROD-HS-110,19874,2311,24.39
2026-03-16,REG-NORTH,PROD-AS-200,20940,3297,25.91
2026-03-16,REG-NORTH,PROD-LB-400,20067,2334,26.83
2026-03-16,REG-NORTH,PROD-DM-300,8399,1136,17.76
2026-03-16,REG-NORTH,PROD-VD-500,6152,942,19.37
2026-03-16,REG-CENTRAL,PROD-HS-100,32836,5232,24.07
2026-03-16,REG-CENTRAL,PROD-HS-110,21726,3138,27.26
2026-03-16,REG-CENTRAL,PROD-AS-200,19666,2086,28.31
2026-03-16,REG-CENTRAL,PROD-LB-400,11591,1349,17.16
2026-03-16,REG-CENTRAL,PROD-DM-300,7648,1140,18.76
2026-03-16,REG-CENTRAL,PROD-VD-500,5051,633,20.74
2026-03-17,REG-COASTAL,PROD-HS-100,43997,5726,18.16
2026-03-17,REG-COASTAL,PROD-HS-110,28423,4454,19.04
2026-03-17,REG-COASTAL,PROD-AS-200,24796,3128,20.35
2026-03-17,REG-COASTAL,PROD-LB-400,23193,2555,22.88
2026-03-17,REG-COASTAL,PROD-DM-300,15776,2148,23.3
2026-03-17,REG-COASTAL,PROD-VD-500,11089,1471,24.6
2026-03-17,REG-SOUTH,PROD-HS-100,39671,5583,19.15
2026-03-17,REG-SOUTH,PROD-HS-110,24113,3505,21.38
2026-03-17,REG-SOUTH,PROD-AS-200,19610,2429,21.45
2026-03-17,REG-SOUTH,PROD-LB-400,21777,2939,24.09
2026-03-17,REG-SOUTH,PROD-DM-300,14187,2455,24.65
2026-03-17,REG-SOUTH,PROD-VD-500,9244,897,25.6
2026-03-17,REG-DELTA,PROD-HS-100,41129,6092,21.47
2026-03-17,REG-DELTA,PROD-HS-110,18512,2023,22.22
2026-03-17,REG-DELTA,PROD-AS-200,17071,2436,22.62
2026-03-17,REG-DELTA,PROD-LB-400,17841,2310,24.69
2026-03-17,REG-DELTA,PROD-DM-300,13260,2119,26.53
2026-03-17,REG-DELTA,PROD-VD-500,9248,1480,27.84
2026-03-17,REG-ISLAND,PROD-HS-100,23635,3583,21.4
2026-03-17,REG-ISLAND,PROD-HS-110,15014,2277,23.85
2026-03-17,REG-ISLAND,PROD-AS-200,13788,2148,25.09
2026-03-17,REG-ISLAND,PROD-LB-400,13601,1838,26.02
2026-03-17,REG-ISLAND,PROD-DM-300,10786,1492,27.91
2026-03-17,REG-ISLAND,PROD-VD-500,4535,809,18.35
2026-03-17,REG-NORTH,PROD-HS-100,35472,4952,23.02
2026-03-17,REG-NORTH,PROD-HS-110,20332,3135,25.22
2026-03-17,REG-NORTH,PROD-AS-200,21424,3492,25.33
2026-03-17,REG-NORTH,PROD-LB-400,20205,2660,28.07
2026-03-17,REG-NORTH,PROD-DM-300,8750,1358,18.67
2026-03-17,REG-NORTH,PROD-VD-500,5181,804,19.63
2026-03-17,REG-CENTRAL,PROD-HS-100,37835,5494,26.12
2026-03-17,REG-CENTRAL,PROD-HS-110,22124,3046,26.46
2026-03-17,REG-CENTRAL,PROD-AS-200,20821,2721,27.51
2026-03-17,REG-CENTRAL,PROD-LB-400,13387,2034,18.49
2026-03-17,REG-CENTRAL,PROD-DM-300,7320,931,19.97
2026-03-17,REG-CENTRAL,PROD-VD-500,4616,550,20.43
2026-03-18,REG-COASTAL,PROD-HS-100,48635,7479,17.61
2026-03-18,REG-COASTAL,PROD-HS-110,27961,3726,18.96
2026-03-18,REG-COASTAL,PROD-AS-200,22151,3017,19.79
2026-03-18,REG-COASTAL,PROD-LB-400,23217,3623,22.39
2026-03-18,REG-COASTAL,PROD-DM-300,15958,2530,23.23
2026-03-18,REG-COASTAL,PROD-VD-500,11953,1526,25.43
2026-03-18,REG-SOUTH,PROD-HS-100,41653,5090,19.04
2026-03-18,REG-SOUTH,PROD-HS-110,19412,2550,20.56
2026-03-18,REG-SOUTH,PROD-AS-200,19756,2395,22.66
2026-03-18,REG-SOUTH,PROD-LB-400,19087,2439,22.9
2026-03-18,REG-SOUTH,PROD-DM-300,13706,1762,24.63
2026-03-18,REG-SOUTH,PROD-VD-500,11291,1802,25.93
2026-03-18,REG-DELTA,PROD-HS-100,37264,5607,21.43
2026-03-18,REG-DELTA,PROD-HS-110,18260,2398,22.03
2026-03-18,REG-DELTA,PROD-AS-200,21408,3185,23.73
2026-03-18,REG-DELTA,PROD-LB-400,20837,3530,25.68
2026-03-18,REG-DELTA,PROD-DM-300,13465,2087,26.9
2026-03-18,REG-DELTA,PROD-VD-500,8729,1220,28.02
2026-03-18,REG-ISLAND,PROD-HS-100,22787,2515,21.52
2026-03-18,REG-ISLAND,PROD-HS-110,15272,2196,23.56
2026-03-18,REG-ISLAND,PROD-AS-200,15500,1977,24.95
2026-03-18,REG-ISLAND,PROD-LB-400,15171,2581,26.07
2026-03-18,REG-ISLAND,PROD-DM-300,10158,1270,28.31
2026-03-18,REG-ISLAND,PROD-VD-500,3268,465,17.52
2026-03-18,REG-NORTH,PROD-HS-100,36051,4189,23.99
2026-03-18,REG-NORTH,PROD-HS-110,21158,2212,24.99
2026-03-18,REG-NORTH,PROD-AS-200,22511,2943,27.48
2026-03-18,REG-NORTH,PROD-LB-400,19604,2465,27.38
2026-03-18,REG-NORTH,PROD-DM-300,7730,1137,17.58
2026-03-18,REG-NORTH,PROD-VD-500,5260,719,19.08
2026-03-18,REG-CENTRAL,PROD-HS-100,39143,5753,26.63
2026-03-18,REG-CENTRAL,PROD-HS-110,25739,3892,26.87
2026-03-18,REG-CENTRAL,PROD-AS-200,20648,2228,27.7
2026-03-18,REG-CENTRAL,PROD-LB-400,9079,1090,17.07
2026-03-18,REG-CENTRAL,PROD-DM-300,7088,1178,18.53
2026-03-18,REG-CENTRAL,PROD-VD-500,5460,764,21.54
2026-03-19,REG-COASTAL,PROD-HS-100,50424,7939,18.5
2026-03-19,REG-COASTAL,PROD-HS-110,23558,3134,18.96
2026-03-19,REG-COASTAL,PROD-AS-200,23491,3946,19.29
2026-03-19,REG-COASTAL,PROD-LB-400,21511,3598,21.38
2026-03-19,REG-COASTAL,PROD-DM-300,17559,2403,22.96
2026-03-19,REG-COASTAL,PROD-VD-500,11335,1521,25.04
2026-03-19,REG-SOUTH,PROD-HS-100,35357,4292,19.39
2026-03-19,REG-SOUTH,PROD-HS-110,21215,2579,21.25
2026-03-19,REG-SOUTH,PROD-AS-200,23992,3796,22
2026-03-19,REG-SOUTH,PROD-LB-400,20111,2110,23.69
2026-03-19,REG-SOUTH,PROD-DM-300,14328,1660,24.79
2026-03-19,REG-SOUTH,PROD-VD-500,9814,1102,26.16
2026-03-19,REG-DELTA,PROD-HS-100,31412,4432,20.19
2026-03-19,REG-DELTA,PROD-HS-110,18735,1990,22.6
2026-03-19,REG-DELTA,PROD-AS-200,19955,2965,24.38
2026-03-19,REG-DELTA,PROD-LB-400,22478,3977,25.04
2026-03-19,REG-DELTA,PROD-DM-300,12991,1300,26.51
2026-03-19,REG-DELTA,PROD-VD-500,7845,1240,26.96
2026-03-19,REG-ISLAND,PROD-HS-100,24601,3530,21.46
2026-03-19,REG-ISLAND,PROD-HS-110,16833,1993,23.33
2026-03-19,REG-ISLAND,PROD-AS-200,15089,2235,24.86
2026-03-19,REG-ISLAND,PROD-LB-400,13751,1818,26.58
2026-03-19,REG-ISLAND,PROD-DM-300,8000,1108,26.92
2026-03-19,REG-ISLAND,PROD-VD-500,3710,503,17.52
2026-03-19,REG-NORTH,PROD-HS-100,36871,5214,23.64
2026-03-19,REG-NORTH,PROD-HS-110,23076,3641,25.37
2026-03-19,REG-NORTH,PROD-AS-200,22279,2585,26.54
2026-03-19,REG-NORTH,PROD-LB-400,18790,2083,28.61
2026-03-19,REG-NORTH,PROD-DM-300,8374,1179,18.5
2026-03-19,REG-NORTH,PROD-VD-500,5742,531,19.59
2026-03-19,REG-CENTRAL,PROD-HS-100,37208,4452,25.02
2026-03-19,REG-CENTRAL,PROD-HS-110,21052,2775,26.68
2026-03-19,REG-CENTRAL,PROD-AS-200,20741,2878,28.54
2026-03-19,REG-CENTRAL,PROD-LB-400,11233,1395,18.35
2026-03-19,REG-CENTRAL,PROD-DM-300,7502,928,18.78
2026-03-19,REG-CENTRAL,PROD-VD-500,5320,825,20.71
2026-03-20,REG-COASTAL,PROD-HS-100,43094,7001,18.47
2026-03-20,REG-COASTAL,PROD-HS-110,23911,3162,19
2026-03-20,REG-COASTAL,PROD-AS-200,24324,3490,20.53
2026-03-20,REG-COASTAL,PROD-LB-400,21429,3300,20.77
2026-03-20,REG-COASTAL,PROD-DM-300,18227,2387,23.61
2026-03-20,REG-COASTAL,PROD-VD-500,11732,1393,24.97
2026-03-20,REG-SOUTH,PROD-HS-100,37026,4741,18.73
2026-03-20,REG-SOUTH,PROD-HS-110,24135,3097,21.02
2026-03-20,REG-SOUTH,PROD-AS-200,24246,4533,22.48
2026-03-20,REG-SOUTH,PROD-LB-400,21732,2957,22.76
2026-03-20,REG-SOUTH,PROD-DM-300,15832,2562,25.37
2026-03-20,REG-SOUTH,PROD-VD-500,9100,1366,26.22
2026-03-20,REG-DELTA,PROD-HS-100,33345,4764,20.42
2026-03-20,REG-DELTA,PROD-HS-110,17854,2666,20.83
2026-03-20,REG-DELTA,PROD-AS-200,21050,2536,23.86
2026-03-20,REG-DELTA,PROD-LB-400,21578,2975,24.51
2026-03-20,REG-DELTA,PROD-DM-300,12630,1380,26.16
2026-03-20,REG-DELTA,PROD-VD-500,8553,1091,27.64
2026-03-20,REG-ISLAND,PROD-HS-100,27114,3652,22.73
2026-03-20,REG-ISLAND,PROD-HS-110,15702,2437,24.12
2026-03-20,REG-ISLAND,PROD-AS-200,16313,1902,25.87
2026-03-20,REG-ISLAND,PROD-LB-400,13284,1645,26.69
2026-03-20,REG-ISLAND,PROD-DM-300,8494,839,27.84
2026-03-20,REG-ISLAND,PROD-VD-500,3822,551,18.48
2026-03-20,REG-NORTH,PROD-HS-100,38118,5097,23.6
2026-03-20,REG-NORTH,PROD-HS-110,22635,2843,25.05
2026-03-20,REG-NORTH,PROD-AS-200,20900,3175,25.47
2026-03-20,REG-NORTH,PROD-LB-400,18816,2426,27.14
2026-03-20,REG-NORTH,PROD-DM-300,7360,762,17.23
2026-03-20,REG-NORTH,PROD-VD-500,5595,906,18.91
2026-03-20,REG-CENTRAL,PROD-HS-100,37800,4604,24.98
2026-03-20,REG-CENTRAL,PROD-HS-110,19179,2526,25.42
2026-03-20,REG-CENTRAL,PROD-AS-200,19599,2928,27.24
2026-03-20,REG-CENTRAL,PROD-LB-400,11464,1488,18.27
2026-03-20,REG-CENTRAL,PROD-DM-300,7697,1230,18.96
2026-03-20,REG-CENTRAL,PROD-VD-500,5707,643,20.26
2026-03-21,REG-COASTAL,PROD-HS-100,40448,5065,17.97
2026-03-21,REG-COASTAL,PROD-HS-110,22221,2416,19.14
2026-03-21,REG-COASTAL,PROD-AS-200,25201,3351,20.87
2026-03-21,REG-COASTAL,PROD-LB-400,23931,1902,21.64
2026-03-21,REG-COASTAL,PROD-DM-300,16385,2164,23.09
2026-03-21,REG-COASTAL,PROD-VD-500,10842,1347,24.53
2026-03-21,REG-SOUTH,PROD-HS-100,42009,6172,19.98
2026-03-21,REG-SOUTH,PROD-HS-110,22593,3531,21.18
2026-03-21,REG-SOUTH,PROD-AS-200,22985,3073,21.86
2026-03-21,REG-SOUTH,PROD-LB-400,21293,2671,22.93
2026-03-21,REG-SOUTH,PROD-DM-300,13905,1791,25.45
2026-03-21,REG-SOUTH,PROD-VD-500,8712,1341,26.23
2026-03-21,REG-DELTA,PROD-HS-100,35896,4971,21.27
2026-03-21,REG-DELTA,PROD-HS-110,23570,3263,22
2026-03-21,REG-DELTA,PROD-AS-200,20638,2971,23
2026-03-21,REG-DELTA,PROD-LB-400,16698,2562,24.84
2026-03-21,REG-DELTA,PROD-DM-300,13033,1996,25.73
2026-03-21,REG-DELTA,PROD-VD-500,8042,1415,27.96
2026-03-21,REG-ISLAND,PROD-HS-100,27439,3700,22.63
2026-03-21,REG-ISLAND,PROD-HS-110,17899,3105,23.75
2026-03-21,REG-ISLAND,PROD-AS-200,14928,2144,25.21
2026-03-21,REG-ISLAND,PROD-LB-400,11938,1722,26.06
2026-03-21,REG-ISLAND,PROD-DM-300,9248,1115,28.04
2026-03-21,REG-ISLAND,PROD-VD-500,4518,699,19
2026-03-21,REG-NORTH,PROD-HS-100,40553,5228,23.06
2026-03-21,REG-NORTH,PROD-HS-110,22695,4017,24.48
2026-03-21,REG-NORTH,PROD-AS-200,19772,2558,26.61
2026-03-21,REG-NORTH,PROD-LB-400,19640,3325,27.94
2026-03-21,REG-NORTH,PROD-DM-300,7877,969,17.44
2026-03-21,REG-NORTH,PROD-VD-500,6411,864,19.74
2026-03-21,REG-CENTRAL,PROD-HS-100,32112,2706,24.92
2026-03-21,REG-CENTRAL,PROD-HS-110,18559,2440,26.17
2026-03-21,REG-CENTRAL,PROD-AS-200,20902,2708,27.16
2026-03-21,REG-CENTRAL,PROD-LB-400,12288,2203,18.78
2026-03-21,REG-CENTRAL,PROD-DM-300,8102,920,19.79
2026-03-21,REG-CENTRAL,PROD-VD-500,5678,626,20.96
2026-03-22,REG-COASTAL,PROD-HS-100,27443,3427,18.7
2026-03-22,REG-COASTAL,PROD-HS-110,16930,2245,19.71
2026-03-22,REG-COASTAL,PROD-AS-200,16057,2234,21.2
2026-03-22,REG-COASTAL,PROD-LB-400,15270,2357,22.81
2026-03-22,REG-COASTAL,PROD-DM-300,9949,1212,23.3
2026-03-22,REG-COASTAL,PROD-VD-500,7460,992,24.41
2026-03-22,REG-SOUTH,PROD-HS-100,22047,3628,18.47
2026-03-22,REG-SOUTH,PROD-HS-110,12907,1926,20.6
2026-03-22,REG-SOUTH,PROD-AS-200,15260,2468,22.32
2026-03-22,REG-SOUTH,PROD-LB-400,13845,1975,23.23
2026-03-22,REG-SOUTH,PROD-DM-300,9029,1122,25.02
2026-03-22,REG-SOUTH,PROD-VD-500,5864,778,26.63
2026-03-22,REG-DELTA,PROD-HS-100,22100,2958,20.45
2026-03-22,REG-DELTA,PROD-HS-110,12277,1779,22.87
2026-03-22,REG-DELTA,PROD-AS-200,12573,2177,23
2026-03-22,REG-DELTA,PROD-LB-400,11666,1625,25.68
2026-03-22,REG-DELTA,PROD-DM-300,7806,1179,25.1
2026-03-22,REG-DELTA,PROD-VD-500,5426,615,27.34
2026-03-22,REG-ISLAND,PROD-HS-100,16323,2653,21.77
2026-03-22,REG-ISLAND,PROD-HS-110,9704,1357,23.71
2026-03-22,REG-ISLAND,PROD-AS-200,9836,1521,25.12
2026-03-22,REG-ISLAND,PROD-LB-400,8596,915,25.35
2026-03-22,REG-ISLAND,PROD-DM-300,5437,673,27.54
2026-03-22,REG-ISLAND,PROD-VD-500,2732,448,18.27
2026-03-22,REG-NORTH,PROD-HS-100,24760,3866,24.27
2026-03-22,REG-NORTH,PROD-HS-110,14792,1746,25.94
2026-03-22,REG-NORTH,PROD-AS-200,13039,1197,26.43
2026-03-22,REG-NORTH,PROD-LB-400,11101,1160,27.31
2026-03-22,REG-NORTH,PROD-DM-300,4548,481,17.53
2026-03-22,REG-NORTH,PROD-VD-500,3563,565,19.22
2026-03-22,REG-CENTRAL,PROD-HS-100,22520,2764,25.2
2026-03-22,REG-CENTRAL,PROD-HS-110,14495,2394,26.6
2026-03-22,REG-CENTRAL,PROD-AS-200,14386,2267,28.52
2026-03-22,REG-CENTRAL,PROD-LB-400,6820,1055,18.36
2026-03-22,REG-CENTRAL,PROD-DM-300,4985,674,20.33
2026-03-22,REG-CENTRAL,PROD-VD-500,3467,404,20.56
2026-03-23,REG-COASTAL,PROD-HS-100,45280,5655,18.07
2026-03-23,REG-COASTAL,PROD-HS-110,26750,4158,19.05
2026-03-23,REG-COASTAL,PROD-AS-200,25812,3299,20.88
2026-03-23,REG-COASTAL,PROD-LB-400,22652,3423,22.2
2026-03-23,REG-COASTAL,PROD-DM-300,17601,2893,24.11
2026-03-23,REG-COASTAL,PROD-VD-500,10652,1388,24.57
2026-03-23,REG-SOUTH,PROD-HS-100,38437,5040,18.75
2026-03-23,REG-SOUTH,PROD-HS-110,23138,3251,20.63
2026-03-23,REG-SOUTH,PROD-AS-200,20799,3037,21.61
2026-03-23,REG-SOUTH,PROD-LB-400,18867,2816,22.9
2026-03-23,REG-SOUTH,PROD-DM-300,14781,1782,26.31
2026-03-23,REG-SOUTH,PROD-VD-500,10029,1523,26.17
2026-03-23,REG-DELTA,PROD-HS-100,36202,4630,20.66
2026-03-23,REG-DELTA,PROD-HS-110,18205,2688,21.37
2026-03-23,REG-DELTA,PROD-AS-200,18252,2056,23.57
2026-03-23,REG-DELTA,PROD-LB-400,18914,2393,24.66
2026-03-23,REG-DELTA,PROD-DM-300,11265,1237,26.53
2026-03-23,REG-DELTA,PROD-VD-500,8242,966,27.67
2026-03-23,REG-ISLAND,PROD-HS-100,23960,2791,22.64
2026-03-23,REG-ISLAND,PROD-HS-110,15477,2148,23.72
2026-03-23,REG-ISLAND,PROD-AS-200,14508,1880,24.71
2026-03-23,REG-ISLAND,PROD-LB-400,14980,2148,27.19
2026-03-23,REG-ISLAND,PROD-DM-300,9078,1199,27.17
2026-03-23,REG-ISLAND,PROD-VD-500,4374,599,18.78
2026-03-23,REG-NORTH,PROD-HS-100,35601,5867,22.72
2026-03-23,REG-NORTH,PROD-HS-110,21848,3869,24.63
2026-03-23,REG-NORTH,PROD-AS-200,21375,2471,26.15
2026-03-23,REG-NORTH,PROD-LB-400,21372,2882,28.71
2026-03-23,REG-NORTH,PROD-DM-300,8924,1263,18.15
2026-03-23,REG-NORTH,PROD-VD-500,5130,658,19.53
2026-03-23,REG-CENTRAL,PROD-HS-100,37898,5742,25.48
2026-03-23,REG-CENTRAL,PROD-HS-110,21445,3203,26.13
2026-03-23,REG-CENTRAL,PROD-AS-200,21621,2871,28.71
2026-03-23,REG-CENTRAL,PROD-LB-400,12641,2023,18.24
2026-03-23,REG-CENTRAL,PROD-DM-300,6717,833,18.22
2026-03-23,REG-CENTRAL,PROD-VD-500,5367,909,20.08
2026-03-24,REG-COASTAL,PROD-HS-100,45887,7021,17.55
2026-03-24,REG-COASTAL,PROD-HS-110,26261,2869,20.39
2026-03-24,REG-COASTAL,PROD-AS-200,26475,3966,21.23
2026-03-24,REG-COASTAL,PROD-LB-400,22502,3102,22.61
2026-03-24,REG-COASTAL,PROD-DM-300,17360,2565,23.6
2026-03-24,REG-COASTAL,PROD-VD-500,11179,1559,25.05
2026-03-24,REG-SOUTH,PROD-HS-100,39683,3330,19.6
2026-03-24,REG-SOUTH,PROD-HS-110,20733,2604,20.79
2026-03-24,REG-SOUTH,PROD-AS-200,20518,2338,21.69
2026-03-24,REG-SOUTH,PROD-LB-400,23207,3682,23.33
2026-03-24,REG-SOUTH,PROD-DM-300,17020,2759,25.93
2026-03-24,REG-SOUTH,PROD-VD-500,8691,1074,25.56
2026-03-24,REG-DELTA,PROD-HS-100,32891,4687,20.41
2026-03-24,REG-DELTA,PROD-HS-110,21402,2965,23.1
2026-03-24,REG-DELTA,PROD-AS-200,19846,2998,23.6
2026-03-24,REG-DELTA,PROD-LB-400,22490,3745,24.93
2026-03-24,REG-DELTA,PROD-DM-300,12132,1752,26.08
2026-03-24,REG-DELTA,PROD-VD-500,9155,1524,27.85
2026-03-24,REG-ISLAND,PROD-HS-100,24554,3016,21.67
2026-03-24,REG-ISLAND,PROD-HS-110,16079,2186,24.5
2026-03-24,REG-ISLAND,PROD-AS-200,14410,1713,25.97
2026-03-24,REG-ISLAND,PROD-LB-400,13907,1613,26.5
2026-03-24,REG-ISLAND,PROD-DM-300,10301,1644,28.11
2026-03-24,REG-ISLAND,PROD-VD-500,3371,346,18.91
2026-03-24,REG-NORTH,PROD-HS-100,38330,5930,23.89
2026-03-24,REG-NORTH,PROD-HS-110,21201,2898,24.5
2026-03-24,REG-NORTH,PROD-AS-200,21622,2248,27.25
2026-03-24,REG-NORTH,PROD-LB-400,21322,3177,28
2026-03-24,REG-NORTH,PROD-DM-300,8588,1293,17.71
2026-03-24,REG-NORTH,PROD-VD-500,5908,932,20.23
2026-03-24,REG-CENTRAL,PROD-HS-100,36416,4894,25.08
2026-03-24,REG-CENTRAL,PROD-HS-110,22330,2878,26.68
2026-03-24,REG-CENTRAL,PROD-AS-200,21107,2934,27.62
2026-03-24,REG-CENTRAL,PROD-LB-400,10598,1779,17.82
2026-03-24,REG-CENTRAL,PROD-DM-300,7485,1239,19.46
2026-03-24,REG-CENTRAL,PROD-VD-500,5121,615,20.58
2026-03-25,REG-COASTAL,PROD-HS-100,47419,7329,17.76
2026-03-25,REG-COASTAL,PROD-HS-110,23721,2971,19.18
2026-03-25,REG-COASTAL,PROD-AS-200,24401,3197,20.35
2026-03-25,REG-COASTAL,PROD-LB-400,24278,3974,22.34
2026-03-25,REG-COASTAL,PROD-DM-300,15870,2121,23.22
2026-03-25,REG-COASTAL,PROD-VD-500,11121,1525,25.25
2026-03-25,REG-SOUTH,PROD-HS-100,34611,4061,19.45
2026-03-25,REG-SOUTH,PROD-HS-110,22920,4089,20.74
2026-03-25,REG-SOUTH,PROD-AS-200,21761,3207,21.45
2026-03-25,REG-SOUTH,PROD-LB-400,20554,2144,23.82
2026-03-25,REG-SOUTH,PROD-DM-300,12077,1290,24.19
2026-03-25,REG-SOUTH,PROD-VD-500,9298,1230,26.19
2026-03-25,REG-DELTA,PROD-HS-100,34455,5558,20.15
2026-03-25,REG-DELTA,PROD-HS-110,19743,2321,23.48
2026-03-25,REG-DELTA,PROD-AS-200,21052,3491,22.54
2026-03-25,REG-DELTA,PROD-LB-400,19393,2437,24.12
2026-03-25,REG-DELTA,PROD-DM-300,13927,1533,26.89
2026-03-25,REG-DELTA,PROD-VD-500,7850,1011,29.1
2026-03-25,REG-ISLAND,PROD-HS-100,24399,2509,22.78
2026-03-25,REG-ISLAND,PROD-HS-110,14535,2512,23.26
2026-03-25,REG-ISLAND,PROD-AS-200,14996,2119,24.96
2026-03-25,REG-ISLAND,PROD-LB-400,14337,2147,25.99
2026-03-25,REG-ISLAND,PROD-DM-300,8631,997,28.27
2026-03-25,REG-ISLAND,PROD-VD-500,3569,449,17.83
2026-03-25,REG-NORTH,PROD-HS-100,37593,4513,23.26
2026-03-25,REG-NORTH,PROD-HS-110,22009,2767,25.22
2026-03-25,REG-NORTH,PROD-AS-200,24070,3455,26.53
2026-03-25,REG-NORTH,PROD-LB-400,19076,3168,28.21
2026-03-25,REG-NORTH,PROD-DM-300,7040,921,18.05
2026-03-25,REG-NORTH,PROD-VD-500,5429,735,18.85
2026-03-25,REG-CENTRAL,PROD-HS-100,39200,5189,25.57
2026-03-25,REG-CENTRAL,PROD-HS-110,23590,3638,26.08
2026-03-25,REG-CENTRAL,PROD-AS-200,16428,2340,27.79
2026-03-25,REG-CENTRAL,PROD-LB-400,11224,1583,18.47
2026-03-25,REG-CENTRAL,PROD-DM-300,7802,1084,19.42
2026-03-25,REG-CENTRAL,PROD-VD-500,5042,746,19.71
2026-03-26,REG-COASTAL,PROD-HS-100,36245,4716,17.04
2026-03-26,REG-COASTAL,PROD-HS-110,25934,3748,19.34
2026-03-26,REG-COASTAL,PROD-AS-200,24228,3181,20.94
2026-03-26,REG-COASTAL,PROD-LB-400,24052,2967,22.92
2026-03-26,REG-COASTAL,PROD-DM-300,16196,2706,23.5
2026-03-26,REG-COASTAL,PROD-VD-500,11288,1432,25.02
2026-03-26,REG-SOUTH,PROD-HS-100,36169,5497,19.29
2026-03-26,REG-SOUTH,PROD-HS-110,22807,3065,19.96
2026-03-26,REG-SOUTH,PROD-AS-200,20611,2755,22.07
2026-03-26,REG-SOUTH,PROD-LB-400,22422,3524,23.45
2026-03-26,REG-SOUTH,PROD-DM-300,13614,1272,25.24
2026-03-26,REG-SOUTH,PROD-VD-500,7687,827,25.89
2026-03-26,REG-DELTA,PROD-HS-100,35468,4850,20.7
2026-03-26,REG-DELTA,PROD-HS-110,21059,2332,22.67
2026-03-26,REG-DELTA,PROD-AS-200,21047,2754,23.94
2026-03-26,REG-DELTA,PROD-LB-400,21254,2884,25.06
2026-03-26,REG-DELTA,PROD-DM-300,10801,1455,25.26
2026-03-26,REG-DELTA,PROD-VD-500,8339,1075,26.9
2026-03-26,REG-ISLAND,PROD-HS-100,27138,3911,22.1
2026-03-26,REG-ISLAND,PROD-HS-110,16313,2390,23.72
2026-03-26,REG-ISLAND,PROD-AS-200,15518,2456,24.88
2026-03-26,REG-ISLAND,PROD-LB-400,12899,1668,26.74
2026-03-26,REG-ISLAND,PROD-DM-300,8830,1225,27.26
2026-03-26,REG-ISLAND,PROD-VD-500,3628,406,17.9
2026-03-26,REG-NORTH,PROD-HS-100,40627,5612,23.67
2026-03-26,REG-NORTH,PROD-HS-110,22134,2630,24.08
2026-03-26,REG-NORTH,PROD-AS-200,18411,2281,26.84
2026-03-26,REG-NORTH,PROD-LB-400,18467,2387,27.63
2026-03-26,REG-NORTH,PROD-DM-300,7450,840,18.11
2026-03-26,REG-NORTH,PROD-VD-500,6240,717,19.65
2026-03-26,REG-CENTRAL,PROD-HS-100,40733,6512,24.62
2026-03-26,REG-CENTRAL,PROD-HS-110,20011,2568,26.27
2026-03-26,REG-CENTRAL,PROD-AS-200,18406,3193,27.46
2026-03-26,REG-CENTRAL,PROD-LB-400,11914,1637,18.82
2026-03-26,REG-CENTRAL,PROD-DM-300,8044,973,19.48
2026-03-26,REG-CENTRAL,PROD-VD-500,5469,759,19.3
2026-03-27,REG-COASTAL,PROD-HS-100,39399,5872,17.45
2026-03-27,REG-COASTAL,PROD-HS-110,25076,3309,19.37
2026-03-27,REG-COASTAL,PROD-AS-200,25023,3520,20.31
2026-03-27,REG-COASTAL,PROD-LB-400,25378,3867,22.48
2026-03-27,REG-COASTAL,PROD-DM-300,16601,2273,23.41
2026-03-27,REG-COASTAL,PROD-VD-500,10967,1582,25.78
2026-03-27,REG-SOUTH,PROD-HS-100,38355,5888,19.69
2026-03-27,REG-SOUTH,PROD-HS-110,23234,3195,20.36
2026-03-27,REG-SOUTH,PROD-AS-200,23583,3705,23.95
2026-03-27,REG-SOUTH,PROD-LB-400,24896,3925,24.73
2026-03-27,REG-SOUTH,PROD-DM-300,12317,1981,24.61
2026-03-27,REG-SOUTH,PROD-VD-500,8947,1358,26.08
2026-03-27,REG-DELTA,PROD-HS-100,38339,6275,20.67
2026-03-27,REG-DELTA,PROD-HS-110,21758,2949,23.31
2026-03-27,REG-DELTA,PROD-AS-200,20985,2531,23.97
2026-03-27,REG-DELTA,PROD-LB-400,16167,2117,24.35
2026-03-27,REG-DELTA,PROD-DM-300,11540,1815,26.36
2026-03-27,REG-DELTA,PROD-VD-500,8892,1035,27.96
2026-03-27,REG-ISLAND,PROD-HS-100,27114,3787,21.52
2026-03-27,REG-ISLAND,PROD-HS-110,17092,1922,23.52
2026-03-27,REG-ISLAND,PROD-AS-200,15346,2380,26.3
2026-03-27,REG-ISLAND,PROD-LB-400,11509,1407,25.26
2026-03-27,REG-ISLAND,PROD-DM-300,9178,1289,29
2026-03-27,REG-ISLAND,PROD-VD-500,4032,614,19.2
2026-03-27,REG-NORTH,PROD-HS-100,39511,4393,23.68
2026-03-27,REG-NORTH,PROD-HS-110,21093,2633,24.55
2026-03-27,REG-NORTH,PROD-AS-200,21053,3243,26.54
2026-03-27,REG-NORTH,PROD-LB-400,19629,3325,28.75
2026-03-27,REG-NORTH,PROD-DM-300,8265,1231,17.54
2026-03-27,REG-NORTH,PROD-VD-500,5214,574,18.56
2026-03-27,REG-CENTRAL,PROD-HS-100,36657,4496,25.22
2026-03-27,REG-CENTRAL,PROD-HS-110,19595,2712,25.93
2026-03-27,REG-CENTRAL,PROD-AS-200,21532,3571,27.85
2026-03-27,REG-CENTRAL,PROD-LB-400,10681,1345,18.09
2026-03-27,REG-CENTRAL,PROD-DM-300,8844,1170,19.88
2026-03-27,REG-CENTRAL,PROD-VD-500,6391,870,22.53
2026-03-28,REG-COASTAL,PROD-HS-100,41209,5615,17.4
2026-03-28,REG-COASTAL,PROD-HS-110,26373,3659,19.98
2026-03-28,REG-COASTAL,PROD-AS-200,25707,2841,20.81
2026-03-28,REG-COASTAL,PROD-LB-400,23522,3581,21.87
2026-03-28,REG-COASTAL,PROD-DM-300,16123,2383,24.49
2026-03-28,REG-COASTAL,PROD-VD-500,9656,1304,25.54
2026-03-28,REG-SOUTH,PROD-HS-100,38598,5904,19.43
2026-03-28,REG-SOUTH,PROD-HS-110,20227,1734,19.55
2026-03-28,REG-SOUTH,PROD-AS-200,23354,3706,22.28
2026-03-28,REG-SOUTH,PROD-LB-400,19828,2078,23.2
2026-03-28,REG-SOUTH,PROD-DM-300,13483,1836,25.21
2026-03-28,REG-SOUTH,PROD-VD-500,9795,1292,26.24
2026-03-28,REG-DELTA,PROD-HS-100,38195,5741,21.02
2026-03-28,REG-DELTA,PROD-HS-110,23117,2814,22.76
2026-03-28,REG-DELTA,PROD-AS-200,17674,2566,23.39
2026-03-28,REG-DELTA,PROD-LB-400,15742,1504,24.72
2026-03-28,REG-DELTA,PROD-DM-300,13538,1976,25.52
2026-03-28,REG-DELTA,PROD-VD-500,8835,1250,28.41
2026-03-28,REG-ISLAND,PROD-HS-100,28263,3691,22.44
2026-03-28,REG-ISLAND,PROD-HS-110,14050,2197,23.47
2026-03-28,REG-ISLAND,PROD-AS-200,14065,1582,25.63
2026-03-28,REG-ISLAND,PROD-LB-400,14190,1738,27.67
2026-03-28,REG-ISLAND,PROD-DM-300,8715,1182,28.11
2026-03-28,REG-ISLAND,PROD-VD-500,4110,547,18.37
2026-03-28,REG-NORTH,PROD-HS-100,34563,4443,23.13
2026-03-28,REG-NORTH,PROD-HS-110,20104,2496,24.29
2026-03-28,REG-NORTH,PROD-AS-200,22982,3173,26.88
2026-03-28,REG-NORTH,PROD-LB-400,20592,2879,28.03
2026-03-28,REG-NORTH,PROD-DM-300,7736,875,17.87
2026-03-28,REG-NORTH,PROD-VD-500,6447,999,19.18
2026-03-28,REG-CENTRAL,PROD-HS-100,35209,5104,24.98
2026-03-28,REG-CENTRAL,PROD-HS-110,18406,2244,26.28
2026-03-28,REG-CENTRAL,PROD-AS-200,20439,2571,28.27
2026-03-28,REG-CENTRAL,PROD-LB-400,11276,1738,17.34
2026-03-28,REG-CENTRAL,PROD-DM-300,8767,1330,19.73
2026-03-28,REG-CENTRAL,PROD-VD-500,5363,797,20.75
2026-03-29,REG-COASTAL,PROD-HS-100,28257,3320,19.2
2026-03-29,REG-COASTAL,PROD-HS-110,16329,2119,19.49
2026-03-29,REG-COASTAL,PROD-AS-200,15313,1933,20.33
2026-03-29,REG-COASTAL,PROD-LB-400,15091,1838,21.8
2026-03-29,REG-COASTAL,PROD-DM-300,10265,1413,23.23
2026-03-29,REG-COASTAL,PROD-VD-500,6802,886,25.28
2026-03-29,REG-SOUTH,PROD-HS-100,21710,2677,19.01
2026-03-29,REG-SOUTH,PROD-HS-110,14744,2155,20.88
2026-03-29,REG-SOUTH,PROD-AS-200,14286,1992,22.39
2026-03-29,REG-SOUTH,PROD-LB-400,12968,1734,22.56
2026-03-29,REG-SOUTH,PROD-DM-300,9117,1291,25.58
2026-03-29,REG-SOUTH,PROD-VD-500,6040,858,26.57
2026-03-29,REG-DELTA,PROD-HS-100,23645,3825,20.84
2026-03-29,REG-DELTA,PROD-HS-110,13527,2341,22.37
2026-03-29,REG-DELTA,PROD-AS-200,13515,1340,23.92
2026-03-29,REG-DELTA,PROD-LB-400,11650,1413,24.97
2026-03-29,REG-DELTA,PROD-DM-300,7540,1086,25.51
2026-03-29,REG-DELTA,PROD-VD-500,5359,803,27.45
2026-03-29,REG-ISLAND,PROD-HS-100,15482,1749,22.01
2026-03-29,REG-ISLAND,PROD-HS-110,10011,1563,23.66
2026-03-29,REG-ISLAND,PROD-AS-200,8664,1335,24.51
2026-03-29,REG-ISLAND,PROD-LB-400,8638,1108,25.97
2026-03-29,REG-ISLAND,PROD-DM-300,5277,584,27.44
2026-03-29,REG-ISLAND,PROD-VD-500,2152,213,18.64
2026-03-29,REG-NORTH,PROD-HS-100,24908,3769,23.13
2026-03-29,REG-NORTH,PROD-HS-110,13447,1945,24.79
2026-03-29,REG-NORTH,PROD-AS-200,12322,2151,26.15
2026-03-29,REG-NORTH,PROD-LB-400,12551,1638,27.98
2026-03-29,REG-NORTH,PROD-DM-300,5292,620,18.99
2026-03-29,REG-NORTH,PROD-VD-500,3366,478,18.51
2026-03-29,REG-CENTRAL,PROD-HS-100,24092,3360,24.36
2026-03-29,REG-CENTRAL,PROD-HS-110,11659,1525,26.53
2026-03-29,REG-CENTRAL,PROD-AS-200,13056,2111,27.02
2026-03-29,REG-CENTRAL,PROD-LB-400,6974,917,18.87
2026-03-29,REG-CENTRAL,PROD-DM-300,4818,579,19.27
2026-03-29,REG-CENTRAL,PROD-VD-500,3803,570,21.27
2026-03-30,REG-COASTAL,PROD-HS-100,43183,5929,18.02
2026-03-30,REG-COASTAL,PROD-HS-110,29776,4570,19.62
2026-03-30,REG-COASTAL,PROD-AS-200,25366,3117,21.64
2026-03-30,REG-COASTAL,PROD-LB-400,23379,3302,21.27
2026-03-30,REG-COASTAL,PROD-DM-300,16067,2688,24.02
2026-03-30,REG-COASTAL,PROD-VD-500,12473,1976,24.99
2026-03-30,REG-SOUTH,PROD-HS-100,38988,3709,19.24
2026-03-30,REG-SOUTH,PROD-HS-110,21507,2599,20.46
2026-03-30,REG-SOUTH,PROD-AS-200,20406,2785,21.97
2026-03-30,REG-SOUTH,PROD-LB-400,20710,3016,23.59
2026-03-30,REG-SOUTH,PROD-DM-300,13901,1377,25.93
2026-03-30,REG-SOUTH,PROD-VD-500,10017,1326,26.58
2026-03-30,REG-DELTA,PROD-HS-100,34491,4436,21.39
2026-03-30,REG-DELTA,PROD-HS-110,20616,3308,22.89
2026-03-30,REG-DELTA,PROD-AS-200,20104,2467,23.9
2026-03-30,REG-DELTA,PROD-LB-400,18995,2868,25.52
2026-03-30,REG-DELTA,PROD-DM-300,15076,2516,26.55
2026-03-30,REG-DELTA,PROD-VD-500,9308,1312,27.96
2026-03-30,REG-ISLAND,PROD-HS-100,24857,3458,21.44
2026-03-30,REG-ISLAND,PROD-HS-110,16194,2278,23.67
2026-03-30,REG-ISLAND,PROD-AS-200,14211,1995,25.56
2026-03-30,REG-ISLAND,PROD-LB-400,13497,1850,26.65
2026-03-30,REG-ISLAND,PROD-DM-300,9700,1559,27.23
2026-03-30,REG-ISLAND,PROD-VD-500,3434,407,17.5
2026-03-30,REG-NORTH,PROD-HS-100,40255,5299,24.34
2026-03-30,REG-NORTH,PROD-HS-110,25747,3520,25.94
2026-03-30,REG-NORTH,PROD-AS-200,21193,3459,26.31
2026-03-30,REG-NORTH,PROD-LB-400,21186,2882,27.69
2026-03-30,REG-NORTH,PROD-DM-300,7223,834,17.6
2026-03-30,REG-NORTH,PROD-VD-500,5850,864,19.48
2026-03-30,REG-CENTRAL,PROD-HS-100,37958,5455,24.48
2026-03-30,REG-CENTRAL,PROD-HS-110,21460,2516,26.38
2026-03-30,REG-CENTRAL,PROD-AS-200,19367,2501,27.69
2026-03-30,REG-CENTRAL,PROD-LB-400,10456,1758,17.86
2026-03-30,REG-CENTRAL,PROD-DM-300,8356,1351,20.3
2026-03-30,REG-CENTRAL,PROD-VD-500,5354,706,20.57
2026-03-31,REG-COASTAL,PROD-HS-100,43591,4379,17.44
2026-03-31,REG-COASTAL,PROD-HS-110,23741,2690,20.58
2026-03-31,REG-COASTAL,PROD-AS-200,25274,3546,21.16
2026-03-31,REG-COASTAL,PROD-LB-400,24740,2356,22.5
2026-03-31,REG-COASTAL,PROD-DM-300,16407,2516,23.31
2026-03-31,REG-COASTAL,PROD-VD-500,10873,1808,24.43
2026-03-31,REG-SOUTH,PROD-HS-100,32828,3503,18.82
2026-03-31,REG-SOUTH,PROD-HS-110,22121,3002,20.13
2026-03-31,REG-SOUTH,PROD-AS-200,21323,2973,22.94
2026-03-31,REG-SOUTH,PROD-LB-400,20735,3249,24.05
2026-03-31,REG-SOUTH,PROD-DM-300,13514,1518,24.94
2026-03-31,REG-SOUTH,PROD-VD-500,10406,1448,25.67
2026-03-31,REG-DELTA,PROD-HS-100,37169,6304,20.78
2026-03-31,REG-DELTA,PROD-HS-110,22496,3724,21.93
2026-03-31,REG-DELTA,PROD-AS-200,19474,2876,23.31
2026-03-31,REG-DELTA,PROD-LB-400,19014,2349,24.44
2026-03-31,REG-DELTA,PROD-DM-300,12713,1407,26.48
2026-03-31,REG-DELTA,PROD-VD-500,8515,1456,26.74
2026-03-31,REG-ISLAND,PROD-HS-100,26328,3955,21.43
2026-03-31,REG-ISLAND,PROD-HS-110,17894,2834,23.98
2026-03-31,REG-ISLAND,PROD-AS-200,14609,2109,24.9
2026-03-31,REG-ISLAND,PROD-LB-400,14249,1606,26.79
2026-03-31,REG-ISLAND,PROD-DM-300,8206,934,27.13
2026-03-31,REG-ISLAND,PROD-VD-500,3923,554,17.55
2026-03-31,REG-NORTH,PROD-HS-100,38240,4908,23.51
2026-03-31,REG-NORTH,PROD-HS-110,21179,2897,25.18
2026-03-31,REG-NORTH,PROD-AS-200,21638,3100,25.39
2026-03-31,REG-NORTH,PROD-LB-400,20060,3116,28.96
2026-03-31,REG-NORTH,PROD-DM-300,7498,1072,17.18
2026-03-31,REG-NORTH,PROD-VD-500,6030,754,19.91
2026-03-31,REG-CENTRAL,PROD-HS-100,37558,3867,25.47
2026-03-31,REG-CENTRAL,PROD-HS-110,20251,2450,26.33
2026-03-31,REG-CENTRAL,PROD-AS-200,18342,1962,28.39
2026-03-31,REG-CENTRAL,PROD-LB-400,10844,1644,18.44
2026-03-31,REG-CENTRAL,PROD-DM-300,8642,1346,19.88
2026-03-31,REG-CENTRAL,PROD-VD-500,5168,622,20.29
2026-04-01,REG-COASTAL,PROD-HS-100,39257,4587,18.3
2026-04-01,REG-COASTAL,PROD-HS-110,24719,2567,20.1
2026-04-01,REG-COASTAL,PROD-AS-200,26048,2945,21.23
2026-04-01,REG-COASTAL,PROD-LB-400,22780,2548,21.25
2026-04-01,REG-COASTAL,PROD-DM-300,16642,2671,23.02
2026-04-01,REG-COASTAL,PROD-VD-500,12676,1738,25.2
2026-04-01,REG-SOUTH,PROD-HS-100,37419,5328,19.71
2026-04-01,REG-SOUTH,PROD-HS-110,23432,3454,20.47
2026-04-01,REG-SOUTH,PROD-AS-200,22812,3656,22.33
2026-04-01,REG-SOUTH,PROD-LB-400,19501,2065,23.69
2026-04-01,REG-SOUTH,PROD-DM-300,14651,2042,24.72
2026-04-01,REG-SOUTH,PROD-VD-500,8870,1360,26.26
2026-04-01,REG-DELTA,PROD-HS-100,33828,4203,21.25
2026-04-01,REG-DELTA,PROD-HS-110,20950,2680,22.47
2026-04-01,REG-DELTA,PROD-AS-200,20206,2850,24.51
2026-04-01,REG-DELTA,PROD-LB-400,19151,2328,24.7
2026-04-01,REG-DELTA,PROD-DM-300,11889,1567,26.88
2026-04-01,REG-DELTA,PROD-VD-500,7996,1112,27.65
2026-04-01,REG-ISLAND,PROD-HS-100,26269,2824,22.12
2026-04-01,REG-ISLAND,PROD-HS-110,17474,2431,23.47
2026-04-01,REG-ISLAND,PROD-AS-200,14750,1955,25.04
2026-04-01,REG-ISLAND,PROD-LB-400,12891,1800,26.41
2026-04-01,REG-ISLAND,PROD-DM-300,7914,1014,27.6
2026-04-01,REG-ISLAND,PROD-VD-500,3574,510,17.71
2026-04-01,REG-NORTH,PROD-HS-100,37257,4614,23.27
2026-04-01,REG-NORTH,PROD-HS-110,22836,3217,25.78
2026-04-01,REG-NORTH,PROD-AS-200,18271,2403,26.54
2026-04-01,REG-NORTH,PROD-LB-400,18710,2852,28.52
2026-04-01,REG-NORTH,PROD-DM-300,8853,1432,18.69
2026-04-01,REG-NORTH,PROD-VD-500,5523,579,19.46
2026-04-01,REG-CENTRAL,PROD-HS-100,42054,5985,24.86
2026-04-01,REG-CENTRAL,PROD-HS-110,19933,3473,26.42
2026-04-01,REG-CENTRAL,PROD-AS-200,19182,2656,27.92
2026-04-01,REG-CENTRAL,PROD-LB-400,12048,1947,18.43
2026-04-01,REG-CENTRAL,PROD-DM-300,8235,1153,18.94
2026-04-01,REG-CENTRAL,PROD-VD-500,5688,748,21.57
2026-04-02,REG-COASTAL,PROD-HS-100,44202,7255,17.84
2026-04-02,REG-COASTAL,PROD-HS-110,26317,3807,20.06
2026-04-02,REG-COASTAL,PROD-AS-200,25961,4165,20.56
2026-04-02,REG-COASTAL,PROD-LB-400,24628,3764,22.36
2026-04-02,REG-COASTAL,PROD-DM-300,17530,2375,24.13
2026-04-02,REG-COASTAL,PROD-VD-500,9294,884,25.48
2026-04-02,REG-SOUTH,PROD-HS-100,38116,5321,19.2
2026-04-02,REG-SOUTH,PROD-HS-110,23074,3403,20.97
2026-04-02,REG-SOUTH,PROD-AS-200,25551,3914,21.86
2026-04-02,REG-SOUTH,PROD-LB-400,20091,2434,23.48
2026-04-02,REG-SOUTH,PROD-DM-300,12542,1199,25.66
2026-04-02,REG-SOUTH,PROD-VD-500,9616,1307,27.33
2026-04-02,REG-DELTA,PROD-HS-100,35708,4748,20.82
2026-04-02,REG-DELTA,PROD-HS-110,23850,3448,22.67
2026-04-02,REG-DELTA,PROD-AS-200,22147,2658,24.45
2026-04-02,REG-DELTA,PROD-LB-400,17118,2219,25.91
2026-04-02,REG-DELTA,PROD-DM-300,12097,1892,26.78
2026-04-02,REG-DELTA,PROD-VD-500,8830,936,28.71
2026-04-02,REG-ISLAND,PROD-HS-100,27569,3536,21.48
2026-04-02,REG-ISLAND,PROD-HS-110,16735,2554,23.48
2026-04-02,REG-ISLAND,PROD-AS-200,12482,2115,24.39
2026-04-02,REG-ISLAND,PROD-LB-400,13304,1890,26.79
2026-04-02,REG-ISLAND,PROD-DM-300,8748,1175,28.26
2026-04-02,REG-ISLAND,PROD-VD-500,3957,634,18.26
2026-04-02,REG-NORTH,PROD-HS-100,39420,4750,22.98
2026-04-02,REG-NORTH,PROD-HS-110,19742,2145,25.76
2026-04-02,REG-NORTH,PROD-AS-200,19170,2864,26.51
2026-04-02,REG-NORTH,PROD-LB-400,18811,2311,28.16
2026-04-02,REG-NORTH,PROD-DM-300,9252,1270,18.52
2026-04-02,REG-NORTH,PROD-VD-500,5800,735,18.35
2026-04-02,REG-CENTRAL,PROD-HS-100,32642,4650,24.75
2026-04-02,REG-CENTRAL,PROD-HS-110,20106,2899,27.14
2026-04-02,REG-CENTRAL,PROD-AS-200,20591,2857,28.06
2026-04-02,REG-CENTRAL,PROD-LB-400,12966,1925,18.37
2026-04-02,REG-CENTRAL,PROD-DM-300,7435,849,19.03
2026-04-02,REG-CENTRAL,PROD-VD-500,5606,695,20.21
2026-04-03,REG-COASTAL,PROD-HS-100,41232,5364,17.84
2026-04-03,REG-COASTAL,PROD-HS-110,26091,3796,19.78
2026-04-03,REG-COASTAL,PROD-AS-200,25367,3449,19.91
2026-04-03,REG-COASTAL,PROD-LB-400,26970,4775,22.33
2026-04-03,REG-COASTAL,PROD-DM-300,13718,1911,22.93
2026-04-03,REG-COASTAL,PROD-VD-500,11176,1552,25.8
2026-04-03,REG-SOUTH,PROD-HS-100,39279,4399,20.39
2026-04-03,REG-SOUTH,PROD-HS-110,26084,4978,20.65
2026-04-03,REG-SOUTH,PROD-AS-200,23367,3628,22.08
2026-04-03,REG-SOUTH,PROD-LB-400,19024,2744,23.03
2026-04-03,REG-SOUTH,PROD-DM-300,14537,2353,25.07
2026-04-03,REG-SOUTH,PROD-VD-500,10059,1545,26.61
2026-04-03,REG-DELTA,PROD-HS-100,36585,4469,21.06
2026-04-03,REG-DELTA,PROD-HS-110,23961,2881,22.43
2026-04-03,REG-DELTA,PROD-AS-200,17226,2420,23.96
2026-04-03,REG-DELTA,PROD-LB-400,18731,2299,25.52
2026-04-03,REG-DELTA,PROD-DM-300,10927,1488,25.24
2026-04-03,REG-DELTA,PROD-VD-500,9631,1308,28.7
2026-04-03,REG-ISLAND,PROD-HS-100,28981,3747,22.43
2026-04-03,REG-ISLAND,PROD-HS-110,14454,1977,24.76
2026-04-03,REG-ISLAND,PROD-AS-200,13897,1832,25.29
2026-04-03,REG-ISLAND,PROD-LB-400,13966,1981,26.17
2026-04-03,REG-ISLAND,PROD-DM-300,9771,1561,28.31
2026-04-03,REG-ISLAND,PROD-VD-500,4746,583,18.75
2026-04-03,REG-NORTH,PROD-HS-100,37800,4925,24.39
2026-04-03,REG-NORTH,PROD-HS-110,20419,2932,25.27
2026-04-03,REG-NORTH,PROD-AS-200,21181,3731,26.24
2026-04-03,REG-NORTH,PROD-LB-400,18583,2288,27.11
2026-04-03,REG-NORTH,PROD-DM-300,7914,1087,17.24
2026-04-03,REG-NORTH,PROD-VD-500,5539,646,19.26
2026-04-03,REG-CENTRAL,PROD-HS-100,34635,6506,24.67
2026-04-03,REG-CENTRAL,PROD-HS-110,20104,2811,26.36
2026-04-03,REG-CENTRAL,PROD-AS-200,19867,3096,27.36
2026-04-03,REG-CENTRAL,PROD-LB-400,11398,1264,17.62
2026-04-03,REG-CENTRAL,PROD-DM-300,8059,1103,18.65
2026-04-03,REG-CENTRAL,PROD-VD-500,4332,504,20.25
2026-04-04,REG-COASTAL,PROD-HS-100,44405,7029,18.01
2026-04-04,REG-COASTAL,PROD-HS-110,25804,3918,19.16
2026-04-04,REG-COASTAL,PROD-AS-200,27466,4325,20.18
2026-04-04,REG-COASTAL,PROD-LB-400,19804,2367,21.63
2026-04-04,REG-COASTAL,PROD-DM-300,15259,2235,22.65
2026-04-04,REG-COASTAL,PROD-VD-500,10923,1556,25.8
2026-04-04,REG-SOUTH,PROD-HS-100,40691,5525,19.67
2026-04-04,REG-SOUTH,PROD-HS-110,25515,4339,21.26
2026-04-04,REG-SOUTH,PROD-AS-200,20262,3126,22.31
2026-04-04,REG-SOUTH,PROD-LB-400,18125,2116,22.9
2026-04-04,REG-SOUTH,PROD-DM-300,14146,1848,25.15
2026-04-04,REG-SOUTH,PROD-VD-500,10005,1476,25.77
2026-04-04,REG-DELTA,PROD-HS-100,37423,4589,20.74
2026-04-04,REG-DELTA,PROD-HS-110,19864,2437,21.95
2026-04-04,REG-DELTA,PROD-AS-200,19797,2504,24.81
2026-04-04,REG-DELTA,PROD-LB-400,18753,2627,25.44
2026-04-04,REG-DELTA,PROD-DM-300,13864,1805,27.16
2026-04-04,REG-DELTA,PROD-VD-500,9889,1473,28.92
2026-04-04,REG-ISLAND,PROD-HS-100,27014,3580,22.84
2026-04-04,REG-ISLAND,PROD-HS-110,13249,1496,23.84
2026-04-04,REG-ISLAND,PROD-AS-200,13440,1895,24.56
2026-04-04,REG-ISLAND,PROD-LB-400,13773,1545,26.07
2026-04-04,REG-ISLAND,PROD-DM-300,9465,1373,27.52
2026-04-04,REG-ISLAND,PROD-VD-500,4333,696,18.94
2026-04-04,REG-NORTH,PROD-HS-100,38881,5146,23.61
2026-04-04,REG-NORTH,PROD-HS-110,20793,2933,24.91
2026-04-04,REG-NORTH,PROD-AS-200,24168,3433,27.43
2026-04-04,REG-NORTH,PROD-LB-400,20962,3282,28.2
2026-04-04,REG-NORTH,PROD-DM-300,8803,1496,17.32
2026-04-04,REG-NORTH,PROD-VD-500,4780,707,19.03
2026-04-04,REG-CENTRAL,PROD-HS-100,34757,4535,25.29
2026-04-04,REG-CENTRAL,PROD-HS-110,19533,2306,26.3
2026-04-04,REG-CENTRAL,PROD-AS-200,18864,2936,27
2026-04-04,REG-CENTRAL,PROD-LB-400,11995,1476,18.26
2026-04-04,REG-CENTRAL,PROD-DM-300,7417,1085,19.6
2026-04-04,REG-CENTRAL,PROD-VD-500,5138,875,20.8
2026-04-05,REG-COASTAL,PROD-HS-100,28854,4258,17.82
2026-04-05,REG-COASTAL,PROD-HS-110,15814,2251,19.21
2026-04-05,REG-COASTAL,PROD-AS-200,15532,2063,21.05
2026-04-05,REG-COASTAL,PROD-LB-400,14051,2034,21.97
2026-04-05,REG-COASTAL,PROD-DM-300,9981,1365,24.07
2026-04-05,REG-COASTAL,PROD-VD-500,7323,1087,26.42
2026-04-05,REG-SOUTH,PROD-HS-100,25137,3728,19.68
2026-04-05,REG-SOUTH,PROD-HS-110,13802,2158,20.98
2026-04-05,REG-SOUTH,PROD-AS-200,14920,1849,23.22
2026-04-05,REG-SOUTH,PROD-LB-400,12959,1585,23.95
2026-04-05,REG-SOUTH,PROD-DM-300,8911,1131,24.7
2026-04-05,REG-SOUTH,PROD-VD-500,6038,941,26.69
2026-04-05,REG-DELTA,PROD-HS-100,23780,2920,21.03
2026-04-05,REG-DELTA,PROD-HS-110,15379,2494,22.53
2026-04-05,REG-DELTA,PROD-AS-200,12384,1730,23.89
2026-04-05,REG-DELTA,PROD-LB-400,12368,1770,25.79
2026-04-05,REG-DELTA,PROD-DM-300,7923,1190,26.72
2026-04-05,REG-DELTA,PROD-VD-500,5910,791,27.82
2026-04-05,REG-ISLAND,PROD-HS-100,16862,2271,21.71
2026-04-05,REG-ISLAND,PROD-HS-110,8884,1056,23.79
2026-04-05,REG-ISLAND,PROD-AS-200,9197,1150,25.23
2026-04-05,REG-ISLAND,PROD-LB-400,8732,1108,26.47
2026-04-05,REG-ISLAND,PROD-DM-300,5765,762,27.49
2026-04-05,REG-ISLAND,PROD-VD-500,2670,388,18.7
2026-04-05,REG-NORTH,PROD-HS-100,22027,2845,23.71
2026-04-05,REG-NORTH,PROD-HS-110,13545,1656,25.35
2026-04-05,REG-NORTH,PROD-AS-200,12784,1386,25.96
2026-04-05,REG-NORTH,PROD-LB-400,11998,1352,27.16
2026-04-05,REG-NORTH,PROD-DM-300,4937,661,17.1
2026-04-05,REG-NORTH,PROD-VD-500,3479,482,19.85
2026-04-05,REG-CENTRAL,PROD-HS-100,22436,2963,25.13
2026-04-05,REG-CENTRAL,PROD-HS-110,12542,1591,26.52
2026-04-05,REG-CENTRAL,PROD-AS-200,13503,1784,28.04
2026-04-05,REG-CENTRAL,PROD-LB-400,6885,986,18.1
2026-04-05,REG-CENTRAL,PROD-DM-300,4384,586,19.68
2026-04-05,REG-CENTRAL,PROD-VD-500,3081,400,20.78
2026-04-06,REG-COASTAL,PROD-HS-100,48918,6850,18.1
2026-04-06,REG-COASTAL,PROD-HS-110,25261,3509,19.67
2026-04-06,REG-COASTAL,PROD-AS-200,26185,3483,21.26
2026-04-06,REG-COASTAL,PROD-LB-400,21009,2579,22.92
2026-04-06,REG-COASTAL,PROD-DM-300,16802,2213,24.03
2026-04-06,REG-COASTAL,PROD-VD-500,12510,2147,25.28
2026-04-06,REG-SOUTH,PROD-HS-100,37831,5469,19.82
2026-04-06,REG-SOUTH,PROD-HS-110,22295,2990,21.33
2026-04-06,REG-SOUTH,PROD-AS-200,19509,3101,22.57
2026-04-06,REG-SOUTH,PROD-LB-400,17371,2337,22.68
2026-04-06,REG-SOUTH,PROD-DM-300,14509,1534,25.64
2026-04-06,REG-SOUTH,PROD-VD-500,10277,1345,26.82
2026-04-06,REG-DELTA,PROD-HS-100,34122,4105,20.74
2026-04-06,REG-DELTA,PROD-HS-110,17402,2358,21.74
2026-04-06,REG-DELTA,PROD-AS-200,17953,1609,23.55
2026-04-06,REG-DELTA,PROD-LB-400,19780,3023,24.5
2026-04-06,REG-DELTA,PROD-DM-300,12471,1604,25.45
2026-04-06,REG-DELTA,PROD-VD-500,8831,1359,27.78
2026-04-06,REG-ISLAND,PROD-HS-100,25913,3451,20.8
2026-04-06,REG-ISLAND,PROD-HS-110,14511,2272,23.4
2026-04-06,REG-ISLAND,PROD-AS-200,15083,2204,25.6
2026-04-06,REG-ISLAND,PROD-LB-400,15026,1625,26.59
2026-04-06,REG-ISLAND,PROD-DM-300,7824,972,27.3
2026-04-06,REG-ISLAND,PROD-VD-500,3407,396,18.03
2026-04-06,REG-NORTH,PROD-HS-100,36961,5431,22.93
2026-04-06,REG-NORTH,PROD-HS-110,23669,3653,25.56
2026-04-06,REG-NORTH,PROD-AS-200,23385,3776,26.68
2026-04-06,REG-NORTH,PROD-LB-400,20237,3358,27.45
2026-04-06,REG-NORTH,PROD-DM-300,9694,1710,18.31
2026-04-06,REG-NORTH,PROD-VD-500,5155,679,18.2
2026-04-06,REG-CENTRAL,PROD-HS-100,38882,5953,25.51
2026-04-06,REG-CENTRAL,PROD-HS-110,22739,3327,25.95
2026-04-06,REG-CENTRAL,PROD-AS-200,18547,2312,28.38
2026-04-06,REG-CENTRAL,PROD-LB-400,11513,1188,18.11
2026-04-06,REG-CENTRAL,PROD-DM-300,8595,1496,20.4
2026-04-06,REG-CENTRAL,PROD-VD-500,5730,596,21.3
2026-04-07,REG-COASTAL,PROD-HS-100,41743,5617,18.17
2026-04-07,REG-COASTAL,PROD-HS-110,25695,4670,19.18
2026-04-07,REG-COASTAL,PROD-AS-200,23560,3477,20.77
2026-04-07,REG-COASTAL,PROD-LB-400,22185,2883,21.79
2026-04-07,REG-COASTAL,PROD-DM-300,15657,1739,23.87
2026-04-07,REG-COASTAL,PROD-VD-500,13831,2282,25.22
2026-04-07,REG-SOUTH,PROD-HS-100,41493,6790,19.99
2026-04-07,REG-SOUTH,PROD-HS-110,23092,3080,20.48
2026-04-07,REG-SOUTH,PROD-AS-200,22956,3423,22.79
2026-04-07,REG-SOUTH,PROD-LB-400,22146,3948,24.23
2026-04-07,REG-SOUTH,PROD-DM-300,15033,2267,24.93
2026-04-07,REG-SOUTH,PROD-VD-500,9064,1500,26.36
2026-04-07,REG-DELTA,PROD-HS-100,36549,5250,21.08
2026-04-07,REG-DELTA,PROD-HS-110,20073,3097,21.06
2026-04-07,REG-DELTA,PROD-AS-200,19169,2567,23.55
2026-04-07,REG-DELTA,PROD-LB-400,20432,2958,24.65
2026-04-07,REG-DELTA,PROD-DM-300,12805,2321,26.47
2026-04-07,REG-DELTA,PROD-VD-500,8683,1144,29
2026-04-07,REG-ISLAND,PROD-HS-100,29223,4122,22.39
2026-04-07,REG-ISLAND,PROD-HS-110,15142,1355,23.77
2026-04-07,REG-ISLAND,PROD-AS-200,14537,1675,24.93
2026-04-07,REG-ISLAND,PROD-LB-400,11749,1238,26.15
2026-04-07,REG-ISLAND,PROD-DM-300,8896,1477,28.1
2026-04-07,REG-ISLAND,PROD-VD-500,3949,447,19.14
2026-04-07,REG-NORTH,PROD-HS-100,41237,6276,24.4
2026-04-07,REG-NORTH,PROD-HS-110,23779,3370,25.23
2026-04-07,REG-NORTH,PROD-AS-200,20363,2648,26.09
2026-04-07,REG-NORTH,PROD-LB-400,19329,2758,27.57
2026-04-07,REG-NORTH,PROD-DM-300,8699,1092,18.6
2026-04-07,REG-NORTH,PROD-VD-500,5709,848,19.92
2026-04-07,REG-CENTRAL,PROD-HS-100,37783,5873,24.16
2026-04-07,REG-CENTRAL,PROD-HS-110,19515,2706,26.51
2026-04-07,REG-CENTRAL,PROD-AS-200,18588,2004,28.35
2026-04-07,REG-CENTRAL,PROD-LB-400,12265,1621,18.35
2026-04-07,REG-CENTRAL,PROD-DM-300,7293,936,18.7
2026-04-07,REG-CENTRAL,PROD-VD-500,5604,573,20.62
2026-04-08,REG-COASTAL,PROD-HS-100,45057,7449,17.93
2026-04-08,REG-COASTAL,PROD-HS-110,25415,3635,18.68
2026-04-08,REG-COASTAL,PROD-AS-200,25831,3122,20.63
2026-04-08,REG-COASTAL,PROD-LB-400,25388,4688,22.6
2026-04-08,REG-COASTAL,PROD-DM-300,16670,2032,23.5
2026-04-08,REG-COASTAL,PROD-VD-500,11188,1623,25.51
2026-04-08,REG-SOUTH,PROD-HS-100,38683,5050,19.23
2026-04-08,REG-SOUTH,PROD-HS-110,25552,3927,20.56
2026-04-08,REG-SOUTH,PROD-AS-200,19306,2676,21.02
2026-04-08,REG-SOUTH,PROD-LB-400,19639,2205,23.25
2026-04-08,REG-SOUTH,PROD-DM-300,12701,1615,25.08
2026-04-08,REG-SOUTH,PROD-VD-500,9421,1261,26.84
2026-04-08,REG-DELTA,PROD-HS-100,37363,4307,21.01
2026-04-08,REG-DELTA,PROD-HS-110,19530,2404,22.42
2026-04-08,REG-DELTA,PROD-AS-200,20622,2578,24.55
2026-04-08,REG-DELTA,PROD-LB-400,18735,1650,26.49
2026-04-08,REG-DELTA,PROD-DM-300,12708,2023,26.65
2026-04-08,REG-DELTA,PROD-VD-500,8383,1191,27.88
2026-04-08,REG-ISLAND,PROD-HS-100,25669,3056,22.1
2026-04-08,REG-ISLAND,PROD-HS-110,17500,2282,23.97
2026-04-08,REG-ISLAND,PROD-AS-200,13929,1613,25.45
2026-04-08,REG-ISLAND,PROD-LB-400,12115,1434,25.99
2026-04-08,REG-ISLAND,PROD-DM-300,9303,1663,28.4
2026-04-08,REG-ISLAND,PROD-VD-500,3706,550,18.24
2026-04-08,REG-NORTH,PROD-HS-100,39626,5982,23.88
2026-04-08,REG-NORTH,PROD-HS-110,20962,2540,24.24
2026-04-08,REG-NORTH,PROD-AS-200,19300,2906,25.74
2026-04-08,REG-NORTH,PROD-LB-400,20841,2706,28.16
2026-04-08,REG-NORTH,PROD-DM-300,7854,1154,17.49
2026-04-08,REG-NORTH,PROD-VD-500,5338,831,19.02
2026-04-08,REG-CENTRAL,PROD-HS-100,31458,3864,24.42
2026-04-08,REG-CENTRAL,PROD-HS-110,19523,1920,25.59
2026-04-08,REG-CENTRAL,PROD-AS-200,19225,3238,28.6
2026-04-08,REG-CENTRAL,PROD-LB-400,10730,1104,18.3
2026-04-08,REG-CENTRAL,PROD-DM-300,8142,1068,19.22
2026-04-08,REG-CENTRAL,PROD-VD-500,5574,826,20.2
2026-04-09,REG-COASTAL,PROD-HS-100,41923,5082,17.25
2026-04-09,REG-COASTAL,PROD-HS-110,27523,4306,19.79
2026-04-09,REG-COASTAL,PROD-AS-200,24307,3848,20.44
2026-04-09,REG-COASTAL,PROD-LB-400,23723,2884,22.48
2026-04-09,REG-COASTAL,PROD-DM-300,13977,1636,24.2
2026-04-09,REG-COASTAL,PROD-VD-500,11378,1434,25.9
2026-04-09,REG-SOUTH,PROD-HS-100,42816,6555,19.62
2026-04-09,REG-SOUTH,PROD-HS-110,25159,3249,21.13
2026-04-09,REG-SOUTH,PROD-AS-200,22672,3616,22.08
2026-04-09,REG-SOUTH,PROD-LB-400,20355,2910,24.2
2026-04-09,REG-SOUTH,PROD-DM-300,12613,1387,25.51
2026-04-09,REG-SOUTH,PROD-VD-500,9466,1124,26.91
2026-04-09,REG-DELTA,PROD-HS-100,37197,4363,21.42
2026-04-09,REG-DELTA,PROD-HS-110,22413,3107,22.27
2026-04-09,REG-DELTA,PROD-AS-200,17749,1989,23.11
2026-04-09,REG-DELTA,PROD-LB-400,17794,2243,24.11
2026-04-09,REG-DELTA,PROD-DM-300,13077,2068,27.25
2026-04-09,REG-DELTA,PROD-VD-500,8026,1069,28.05
2026-04-09,REG-ISLAND,PROD-HS-100,28358,4424,22.71
2026-04-09,REG-ISLAND,PROD-HS-110,15286,2355,23.81
2026-04-09,REG-ISLAND,PROD-AS-200,13145,1578,25.26
2026-04-09,REG-ISLAND,PROD-LB-400,13363,1541,27.11
2026-04-09,REG-ISLAND,PROD-DM-300,10165,1670,27.85
2026-04-09,REG-ISLAND,PROD-VD-500,3753,605,18.09
2026-04-09,REG-NORTH,PROD-HS-100,35641,5421,23.16
2026-04-09,REG-NORTH,PROD-HS-110,22104,2890,25.38
2026-04-09,REG-NORTH,PROD-AS-200,19691,2824,26.03
2026-04-09,REG-NORTH,PROD-LB-400,18806,1811,28.04
2026-04-09,REG-NORTH,PROD-DM-300,8410,1368,18.78
2026-04-09,REG-NORTH,PROD-VD-500,5620,771,19.24
2026-04-09,REG-CENTRAL,PROD-HS-100,34060,4192,25.1
2026-04-09,REG-CENTRAL,PROD-HS-110,19890,2780,27.03
2026-04-09,REG-CENTRAL,PROD-AS-200,21075,1930,27.79
2026-04-09,REG-CENTRAL,PROD-LB-400,11254,1434,17.14
2026-04-09,REG-CENTRAL,PROD-DM-300,8450,1170,19.52
2026-04-09,REG-CENTRAL,PROD-VD-500,5446,823,21.01
2026-04-10,REG-COASTAL,PROD-HS-100,46068,6769,18.45
2026-04-10,REG-COASTAL,PROD-HS-110,26840,3657,19.5
2026-04-10,REG-COASTAL,PROD-AS-200,24527,3350,20.72
2026-04-10,REG-COASTAL,PROD-LB-400,22673,3495,22.22
2026-04-10,REG-COASTAL,PROD-DM-300,16107,2151,23.22
2026-04-10,REG-COASTAL,PROD-VD-500,11463,1390,25
2026-04-10,REG-SOUTH,PROD-HS-100,40971,6809,19.19
2026-04-10,REG-SOUTH,PROD-HS-110,21017,2364,20.52
2026-04-10,REG-SOUTH,PROD-AS-200,19706,2477,22.46
2026-04-10,REG-SOUTH,PROD-LB-400,20477,3503,23.38
2026-04-10,REG-SOUTH,PROD-DM-300,14815,2073,24.89
2026-04-10,REG-SOUTH,PROD-VD-500,11190,1656,27.01
2026-04-10,REG-DELTA,PROD-HS-100,45257,7626,21.71
2026-04-10,REG-DELTA,PROD-HS-110,18047,1870,22.5
2026-04-10,REG-DELTA,PROD-AS-200,18691,2263,23.81
2026-04-10,REG-DELTA,PROD-LB-400,17549,2244,25.3
2026-04-10,REG-DELTA,PROD-DM-300,13542,1736,27.02
2026-04-10,REG-DELTA,PROD-VD-500,9155,1178,27.51
2026-04-10,REG-ISLAND,PROD-HS-100,23009,3306,22.11
2026-04-10,REG-ISLAND,PROD-HS-110,15386,2647,24.08
2026-04-10,REG-ISLAND,PROD-AS-200,14386,1748,26.11
2026-04-10,REG-ISLAND,PROD-LB-400,13511,1863,25.49
2026-04-10,REG-ISLAND,PROD-DM-300,10254,1522,27.63
2026-04-10,REG-ISLAND,PROD-VD-500,4322,656,18.52
2026-04-10,REG-NORTH,PROD-HS-100,37557,5468,24.11
2026-04-10,REG-NORTH,PROD-HS-110,23404,3168,25.78
2026-04-10,REG-NORTH,PROD-AS-200,22293,3129,26.95
2026-04-10,REG-NORTH,PROD-LB-400,19404,2632,27.72
2026-04-10,REG-NORTH,PROD-DM-300,7709,1058,17.69
2026-04-10,REG-NORTH,PROD-VD-500,5573,988,19.35
2026-04-10,REG-CENTRAL,PROD-HS-100,33510,4424,24.32
2026-04-10,REG-CENTRAL,PROD-HS-110,21216,2796,27.7
2026-04-10,REG-CENTRAL,PROD-AS-200,21365,3216,27.58
2026-04-10,REG-CENTRAL,PROD-LB-400,12320,1725,17.84
2026-04-10,REG-CENTRAL,PROD-DM-300,7028,1125,19.42
2026-04-10,REG-CENTRAL,PROD-VD-500,4739,710,20.98
2026-04-11,REG-COASTAL,PROD-HS-100,50052,7054,18.59
2026-04-11,REG-COASTAL,PROD-HS-110,29469,4368,20.03
2026-04-11,REG-COASTAL,PROD-AS-200,24012,3270,21.45
2026-04-11,REG-COASTAL,PROD-LB-400,24465,3493,23.17
2026-04-11,REG-COASTAL,PROD-DM-300,17119,2400,23.22
2026-04-11,REG-COASTAL,PROD-VD-500,11852,1754,26.57
2026-04-11,REG-SOUTH,PROD-HS-100,44457,6920,19.82
2026-04-11,REG-SOUTH,PROD-HS-110,19150,3002,19.94
2026-04-11,REG-SOUTH,PROD-AS-200,18735,2643,22.2
2026-04-11,REG-SOUTH,PROD-LB-400,18330,2285,22.6
2026-04-11,REG-SOUTH,PROD-DM-300,13783,2042,25.2
2026-04-11,REG-SOUTH,PROD-VD-500,9215,1160,25.02
2026-04-11,REG-DELTA,PROD-HS-100,31885,4582,20.89
2026-04-11,REG-DELTA,PROD-HS-110,17828,2258,20.93
2026-04-11,REG-DELTA,PROD-AS-200,20013,2527,22.95
2026-04-11,REG-DELTA,PROD-LB-400,21906,3455,25.48
2026-04-11,REG-DELTA,PROD-DM-300,13483,1798,26.86
2026-04-11,REG-DELTA,PROD-VD-500,9029,1458,28.04
2026-04-11,REG-ISLAND,PROD-HS-100,25590,3998,22.19
2026-04-11,REG-ISLAND,PROD-HS-110,14897,1566,23.98
2026-04-11,REG-ISLAND,PROD-AS-200,15050,2531,24.89
2026-04-11,REG-ISLAND,PROD-LB-400,14803,2244,26.44
2026-04-11,REG-ISLAND,PROD-DM-300,9710,1362,27.83
2026-04-11,REG-ISLAND,PROD-VD-500,3685,559,17.86
2026-04-11,REG-NORTH,PROD-HS-100,33485,3103,22.57
2026-04-11,REG-NORTH,PROD-HS-110,21953,3712,24.82
2026-04-11,REG-NORTH,PROD-AS-200,21292,2781,25.85
2026-04-11,REG-NORTH,PROD-LB-400,20800,2751,27.35
2026-04-11,REG-NORTH,PROD-DM-300,7272,1081,17.84
2026-04-11,REG-NORTH,PROD-VD-500,5394,651,18.75
2026-04-11,REG-CENTRAL,PROD-HS-100,34874,4867,23.85
2026-04-11,REG-CENTRAL,PROD-HS-110,21273,1947,27.03
2026-04-11,REG-CENTRAL,PROD-AS-200,20510,2914,28.7
2026-04-11,REG-CENTRAL,PROD-LB-400,9886,1431,18.5
2026-04-11,REG-CENTRAL,PROD-DM-300,7095,945,20.43
2026-04-11,REG-CENTRAL,PROD-VD-500,5483,756,20.73
2026-04-12,REG-COASTAL,PROD-HS-100,29419,4668,18.36
2026-04-12,REG-COASTAL,PROD-HS-110,15765,2993,20.31
2026-04-12,REG-COASTAL,PROD-AS-200,13604,1768,20.2
2026-04-12,REG-COASTAL,PROD-LB-400,14005,1785,21.98
2026-04-12,REG-COASTAL,PROD-DM-300,11187,1819,24.08
2026-04-12,REG-COASTAL,PROD-VD-500,6628,972,23.97
2026-04-12,REG-SOUTH,PROD-HS-100,22530,3191,18.16
2026-04-12,REG-SOUTH,PROD-HS-110,13688,1574,20.33
2026-04-12,REG-SOUTH,PROD-AS-200,14409,2065,22.48
2026-04-12,REG-SOUTH,PROD-LB-400,13704,2116,23.55
2026-04-12,REG-SOUTH,PROD-DM-300,8268,1145,24.06
2026-04-12,REG-SOUTH,PROD-VD-500,5907,703,26.55
2026-04-12,REG-DELTA,PROD-HS-100,23495,3309,21.64
2026-04-12,REG-DELTA,PROD-HS-110,12913,1949,21.84
2026-04-12,REG-DELTA,PROD-AS-200,11054,1341,24.22
2026-04-12,REG-DELTA,PROD-LB-400,10995,1265,25.08
2026-04-12,REG-DELTA,PROD-DM-300,7582,937,25.86
2026-04-12,REG-DELTA,PROD-VD-500,4989,653,27.1
2026-04-12,REG-ISLAND,PROD-HS-100,16848,2604,22.02
2026-04-12,REG-ISLAND,PROD-HS-110,9333,1323,23.77
2026-04-12,REG-ISLAND,PROD-AS-200,9032,1578,24.28
2026-04-12,REG-ISLAND,PROD-LB-400,8333,1171,25.58
2026-04-12,REG-ISLAND,PROD-DM-300,5783,594,28.83
2026-04-12,REG-ISLAND,PROD-VD-500,2468,284,18.83
2026-04-12,REG-NORTH,PROD-HS-100,22023,1816,23.63
2026-04-12,REG-NORTH,PROD-HS-110,13744,1980,25.24
2026-04-12,REG-NORTH,PROD-AS-200,14782,1702,26.75
2026-04-12,REG-NORTH,PROD-LB-400,13055,1769,28
2026-04-12,REG-NORTH,PROD-DM-300,4936,667,17.35
2026-04-12,REG-NORTH,PROD-VD-500,3683,428,19.73
2026-04-12,REG-CENTRAL,PROD-HS-100,24618,3534,26.29
2026-04-12,REG-CENTRAL,PROD-HS-110,12451,1901,26.24
2026-04-12,REG-CENTRAL,PROD-AS-200,11524,1794,27.25
2026-04-12,REG-CENTRAL,PROD-LB-400,6702,887,18.12
2026-04-12,REG-CENTRAL,PROD-DM-300,4517,564,18.47
2026-04-12,REG-CENTRAL,PROD-VD-500,3452,478,19.44
2026-04-13,REG-COASTAL,PROD-HS-100,43126,6048,18.07
2026-04-13,REG-COASTAL,PROD-HS-110,22827,2490,19.42
2026-04-13,REG-COASTAL,PROD-AS-200,24265,3012,21.47
2026-04-13,REG-COASTAL,PROD-LB-400,25762,2567,22.17
2026-04-13,REG-COASTAL,PROD-DM-300,17839,2311,24.19
2026-04-13,REG-COASTAL,PROD-VD-500,12305,1448,25.31
2026-04-13,REG-SOUTH,PROD-HS-100,37961,5195,18.61
2026-04-13,REG-SOUTH,PROD-HS-110,21543,3321,21.04
2026-04-13,REG-SOUTH,PROD-AS-200,20754,3015,21.85
2026-04-13,REG-SOUTH,PROD-LB-400,20398,3162,23.36
2026-04-13,REG-SOUTH,PROD-DM-300,15719,1865,25.33
2026-04-13,REG-SOUTH,PROD-VD-500,8577,1035,27.13
2026-04-13,REG-DELTA,PROD-HS-100,34461,3974,21.01
2026-04-13,REG-DELTA,PROD-HS-110,20270,2234,21.47
2026-04-13,REG-DELTA,PROD-AS-200,20600,2088,23.17
2026-04-13,REG-DELTA,PROD-LB-400,19984,2459,25.4
2026-04-13,REG-DELTA,PROD-DM-300,12104,1521,25.88
2026-04-13,REG-DELTA,PROD-VD-500,8382,1168,28.18
2026-04-13,REG-ISLAND,PROD-HS-100,25907,3198,22.37
2026-04-13,REG-ISLAND,PROD-HS-110,16983,2436,23.97
2026-04-13,REG-ISLAND,PROD-AS-200,14623,1585,25.46
2026-04-13,REG-ISLAND,PROD-LB-400,12984,1896,26.34
2026-04-13,REG-ISLAND,PROD-DM-300,7934,1024,26.99
2026-04-13,REG-ISLAND,PROD-VD-500,4071,484,18.98
2026-04-13,REG-NORTH,PROD-HS-100,38381,5696,23.3
2026-04-13,REG-NORTH,PROD-HS-110,24025,3224,24.19
2026-04-13,REG-NORTH,PROD-AS-200,17511,1658,26.16
2026-04-13,REG-NORTH,PROD-LB-400,18509,2500,27.79
2026-04-13,REG-NORTH,PROD-DM-300,7316,1027,17.28
2026-04-13,REG-NORTH,PROD-VD-500,5776,918,19.91
2026-04-13,REG-CENTRAL,PROD-HS-100,37924,5030,24.79
2026-04-13,REG-CENTRAL,PROD-HS-110,18674,2915,25.71
2026-04-13,REG-CENTRAL,PROD-AS-200,20911,3082,28.26
2026-04-13,REG-CENTRAL,PROD-LB-400,10524,1272,17.49
2026-04-13,REG-CENTRAL,PROD-DM-300,8239,724,19.22
2026-04-13,REG-CENTRAL,PROD-VD-500,5704,937,20.55
2026-04-14,REG-COASTAL,PROD-HS-100,47908,6934,18.28
2026-04-14,REG-COASTAL,PROD-HS-110,27485,4249,19.86
2026-04-14,REG-COASTAL,PROD-AS-200,20776,2800,19.02
2026-04-14,REG-COASTAL,PROD-LB-400,24594,2967,22.77
2026-04-14,REG-COASTAL,PROD-DM-300,19642,2501,23.64
2026-04-14,REG-COASTAL,PROD-VD-500,9658,1323,25.26
2026-04-14,REG-SOUTH,PROD-HS-100,34616,5665,17.92
2026-04-14,REG-SOUTH,PROD-HS-110,22225,2735,20.73
2026-04-14,REG-SOUTH,PROD-AS-200,20351,2400,21.92
2026-04-14,REG-SOUTH,PROD-LB-400,23383,2791,24.17
2026-04-14,REG-SOUTH,PROD-DM-300,12446,1302,24.93
2026-04-14,REG-SOUTH,PROD-VD-500,8991,1221,26.43
2026-04-14,REG-DELTA,PROD-HS-100,34390,4525,21.32
2026-04-14,REG-DELTA,PROD-HS-110,22569,2765,22.25
2026-04-14,REG-DELTA,PROD-AS-200,23010,3133,24.78
2026-04-14,REG-DELTA,PROD-LB-400,16543,1777,25.28
2026-04-14,REG-DELTA,PROD-DM-300,12185,1745,26.17
2026-04-14,REG-DELTA,PROD-VD-500,7647,815,28.95
2026-04-14,REG-ISLAND,PROD-HS-100,27744,4093,22.15
2026-04-14,REG-ISLAND,PROD-HS-110,15541,2198,24.22
2026-04-14,REG-ISLAND,PROD-AS-200,14694,2034,24.53
2026-04-14,REG-ISLAND,PROD-LB-400,13985,2003,26.75
2026-04-14,REG-ISLAND,PROD-DM-300,9202,1470,26.85
2026-04-14,REG-ISLAND,PROD-VD-500,4080,612,17.69
2026-04-14,REG-NORTH,PROD-HS-100,41189,5282,24.07
2026-04-14,REG-NORTH,PROD-HS-110,22627,3524,24.55
2026-04-14,REG-NORTH,PROD-AS-200,19904,2373,26.85
2026-04-14,REG-NORTH,PROD-LB-400,19160,3164,27.92
2026-04-14,REG-NORTH,PROD-DM-300,8028,1086,17.49
2026-04-14,REG-NORTH,PROD-VD-500,6254,923,19.04
2026-04-14,REG-CENTRAL,PROD-HS-100,34210,4197,25.26
2026-04-14,REG-CENTRAL,PROD-HS-110,18397,2162,26.48
2026-04-14,REG-CENTRAL,PROD-AS-200,20243,3024,27.46
2026-04-14,REG-CENTRAL,PROD-LB-400,13119,2026,19.5
2026-04-14,REG-CENTRAL,PROD-DM-300,9266,1227,20.51
2026-04-14,REG-CENTRAL,PROD-VD-500,6247,975,21.34
2026-04-15,REG-COASTAL,PROD-HS-100,47716,7793,17.77
2026-04-15,REG-COASTAL,PROD-HS-110,26795,3647,19.57
2026-04-15,REG-COASTAL,PROD-AS-200,24834,3536,20.23
2026-04-15,REG-COASTAL,PROD-LB-400,26883,4368,21.26
2026-04-15,REG-COASTAL,PROD-DM-300,14424,1540,22.93
2026-04-15,REG-COASTAL,PROD-VD-500,12012,1884,26.65
2026-04-15,REG-SOUTH,PROD-HS-100,37450,5416,19.31
2026-04-15,REG-SOUTH,PROD-HS-110,23254,3141,20.34
2026-04-15,REG-SOUTH,PROD-AS-200,21796,2953,21.78
2026-04-15,REG-SOUTH,PROD-LB-400,17408,1896,22.78
2026-04-15,REG-SOUTH,PROD-DM-300,14790,2240,25.05
2026-04-15,REG-SOUTH,PROD-VD-500,9173,1176,25.88
2026-04-15,REG-DELTA,PROD-HS-100,35458,4785,20.23
2026-04-15,REG-DELTA,PROD-HS-110,21728,2327,22.17
2026-04-15,REG-DELTA,PROD-AS-200,19345,2714,23.29
2026-04-15,REG-DELTA,PROD-LB-400,18367,2012,25.28
2026-04-15,REG-DELTA,PROD-DM-300,11755,1405,26.14
2026-04-15,REG-DELTA,PROD-VD-500,7822,956,28.97
2026-04-15,REG-ISLAND,PROD-HS-100,27906,3986,21.63
2026-04-15,REG-ISLAND,PROD-HS-110,13557,1813,22.5
2026-04-15,REG-ISLAND,PROD-AS-200,14168,2219,24.79
2026-04-15,REG-ISLAND,PROD-LB-400,13729,2069,27.12
2026-04-15,REG-ISLAND,PROD-DM-300,9414,1346,27.35
2026-04-15,REG-ISLAND,PROD-VD-500,3912,519,17.31
2026-04-15,REG-NORTH,PROD-HS-100,35939,5237,23.56
2026-04-15,REG-NORTH,PROD-HS-110,22449,2704,25.84
2026-04-15,REG-NORTH,PROD-AS-200,21659,3468,26.63
2026-04-15,REG-NORTH,PROD-LB-400,17785,2303,27.65
2026-04-15,REG-NORTH,PROD-DM-300,8354,1090,17.8
2026-04-15,REG-NORTH,PROD-VD-500,5787,715,18.79
2026-04-15,REG-CENTRAL,PROD-HS-100,35740,5291,24.6
2026-04-15,REG-CENTRAL,PROD-HS-110,20994,2353,26.82
2026-04-15,REG-CENTRAL,PROD-AS-200,20717,3440,28.23
2026-04-15,REG-CENTRAL,PROD-LB-400,11892,1638,17.8
2026-04-15,REG-CENTRAL,PROD-DM-300,8678,1321,20.38
2026-04-15,REG-CENTRAL,PROD-VD-500,4793,710,20.42
2026-04-16,REG-COASTAL,PROD-HS-100,45273,6383,17.93
2026-04-16,REG-COASTAL,PROD-HS-110,23409,3043,18.14
2026-04-16,REG-COASTAL,PROD-AS-200,26754,4457,20.8
2026-04-16,REG-COASTAL,PROD-LB-400,25181,4218,22.25
2026-04-16,REG-COASTAL,PROD-DM-300,17090,2511,23.94
2026-04-16,REG-COASTAL,PROD-VD-500,9877,891,24.55
2026-04-16,REG-SOUTH,PROD-HS-100,36841,3621,18.77
2026-04-16,REG-SOUTH,PROD-HS-110,22980,2865,21.47
2026-04-16,REG-SOUTH,PROD-AS-200,17948,1843,21.27
2026-04-16,REG-SOUTH,PROD-LB-400,21299,3132,23.5
2026-04-16,REG-SOUTH,PROD-DM-300,15095,2055,25.08
2026-04-16,REG-SOUTH,PROD-VD-500,9450,1238,26.07
2026-04-16,REG-DELTA,PROD-HS-100,35964,4659,19.95
2026-04-16,REG-DELTA,PROD-HS-110,19993,2807,21.81
2026-04-16,REG-DELTA,PROD-AS-200,20118,3064,23.99
2026-04-16,REG-DELTA,PROD-LB-400,19815,3117,25.07
2026-04-16,REG-DELTA,PROD-DM-300,12122,1175,26.7
2026-04-16,REG-DELTA,PROD-VD-500,9026,1551,27.79
2026-04-16,REG-ISLAND,PROD-HS-100,24104,3633,22.59
2026-04-16,REG-ISLAND,PROD-HS-110,15236,2134,23.78
2026-04-16,REG-ISLAND,PROD-AS-200,14917,2430,24.78
2026-04-16,REG-ISLAND,PROD-LB-400,14069,1768,27.64
2026-04-16,REG-ISLAND,PROD-DM-300,8000,752,27.25
2026-04-16,REG-ISLAND,PROD-VD-500,4169,610,18.07
2026-04-16,REG-NORTH,PROD-HS-100,35446,5022,23.6
2026-04-16,REG-NORTH,PROD-HS-110,23519,3370,25.6
2026-04-16,REG-NORTH,PROD-AS-200,24945,3880,25.72
2026-04-16,REG-NORTH,PROD-LB-400,22217,4069,27.5
2026-04-16,REG-NORTH,PROD-DM-300,9148,1697,18.13
2026-04-16,REG-NORTH,PROD-VD-500,5373,783,18.89
2026-04-16,REG-CENTRAL,PROD-HS-100,38876,5942,25.43
2026-04-16,REG-CENTRAL,PROD-HS-110,21904,3084,26.32
2026-04-16,REG-CENTRAL,PROD-AS-200,21381,3242,27.91
2026-04-16,REG-CENTRAL,PROD-LB-400,12016,1928,18.14
2026-04-16,REG-CENTRAL,PROD-DM-300,8242,1133,20.03
2026-04-16,REG-CENTRAL,PROD-VD-500,5633,798,20.4
2026-04-17,REG-COASTAL,PROD-HS-100,43632,5666,17.96
2026-04-17,REG-COASTAL,PROD-HS-110,27308,2754,19.11
2026-04-17,REG-COASTAL,PROD-AS-200,24095,3477,20.43
2026-04-17,REG-COASTAL,PROD-LB-400,22599,3020,21.88
2026-04-17,REG-COASTAL,PROD-DM-300,17121,2398,22.97
2026-04-17,REG-COASTAL,PROD-VD-500,11077,1289,24.78
2026-04-17,REG-SOUTH,PROD-HS-100,40595,5939,19.57
2026-04-17,REG-SOUTH,PROD-HS-110,23316,3775,21.06
2026-04-17,REG-SOUTH,PROD-AS-200,22298,3374,21.83
2026-04-17,REG-SOUTH,PROD-LB-400,19461,2782,23.66
2026-04-17,REG-SOUTH,PROD-DM-300,12145,1459,24.68
2026-04-17,REG-SOUTH,PROD-VD-500,9463,1300,25.67
2026-04-17,REG-DELTA,PROD-HS-100,33757,4995,20.93
2026-04-17,REG-DELTA,PROD-HS-110,21523,2723,23.1
2026-04-17,REG-DELTA,PROD-AS-200,19145,2551,23.91
2026-04-17,REG-DELTA,PROD-LB-400,18827,2517,25.37
2026-04-17,REG-DELTA,PROD-DM-300,12595,1823,25.65
2026-04-17,REG-DELTA,PROD-VD-500,9223,1344,27.84
2026-04-17,REG-ISLAND,PROD-HS-100,26869,3553,22.68
2026-04-17,REG-ISLAND,PROD-HS-110,16484,2799,23.8
2026-04-17,REG-ISLAND,PROD-AS-200,16006,2648,24.97
2026-04-17,REG-ISLAND,PROD-LB-400,13796,2153,26.64
2026-04-17,REG-ISLAND,PROD-DM-300,9475,1105,27.62
2026-04-17,REG-ISLAND,PROD-VD-500,3764,605,18.05
2026-04-17,REG-NORTH,PROD-HS-100,38096,5621,23.55
2026-04-17,REG-NORTH,PROD-HS-110,23814,3415,24.58
2026-04-17,REG-NORTH,PROD-AS-200,21752,3021,26.46
2026-04-17,REG-NORTH,PROD-LB-400,19795,2312,28.47
2026-04-17,REG-NORTH,PROD-DM-300,7236,1111,17.7
2026-04-17,REG-NORTH,PROD-VD-500,5581,656,19.86
2026-04-17,REG-CENTRAL,PROD-HS-100,37609,5013,24.22
2026-04-17,REG-CENTRAL,PROD-HS-110,21923,2836,26.47
2026-04-17,REG-CENTRAL,PROD-AS-200,20493,3123,27.01
2026-04-17,REG-CENTRAL,PROD-LB-400,9649,1300,17.21
2026-04-17,REG-CENTRAL,PROD-DM-300,7814,989,19.28
2026-04-17,REG-CENTRAL,PROD-VD-500,5382,771,21.55
2026-04-18,REG-COASTAL,PROD-HS-100,46661,7333,18.42
2026-04-18,REG-COASTAL,PROD-HS-110,24678,3969,19
2026-04-18,REG-COASTAL,PROD-AS-200,24094,3077,20.83
2026-04-18,REG-COASTAL,PROD-LB-400,24106,3296,22.04
2026-04-18,REG-COASTAL,PROD-DM-300,17182,2267,24.37
2026-04-18,REG-COASTAL,PROD-VD-500,12329,2050,25.51
2026-04-18,REG-SOUTH,PROD-HS-100,36335,4806,19.51
2026-04-18,REG-SOUTH,PROD-HS-110,20344,3415,20.06
2026-04-18,REG-SOUTH,PROD-AS-200,20643,3213,22.26
2026-04-18,REG-SOUTH,PROD-LB-400,19955,2779,22.81
2026-04-18,REG-SOUTH,PROD-DM-300,13743,2253,25.42
2026-04-18,REG-SOUTH,PROD-VD-500,9335,1085,26.27
2026-04-18,REG-DELTA,PROD-HS-100,33539,4738,20.99
2026-04-18,REG-DELTA,PROD-HS-110,24290,4097,23.78
2026-04-18,REG-DELTA,PROD-AS-200,21277,2950,23.68
2026-04-18,REG-DELTA,PROD-LB-400,17399,1483,24.45
2026-04-18,REG-DELTA,PROD-DM-300,13130,1927,25.81
2026-04-18,REG-DELTA,PROD-VD-500,8286,819,28.72
2026-04-18,REG-ISLAND,PROD-HS-100,26217,3066,22.5
2026-04-18,REG-ISLAND,PROD-HS-110,15060,1988,23.51
2026-04-18,REG-ISLAND,PROD-AS-200,15339,1764,25.37
2026-04-18,REG-ISLAND,PROD-LB-400,13432,1571,26.13
2026-04-18,REG-ISLAND,PROD-DM-300,8367,1078,27
2026-04-18,REG-ISLAND,PROD-VD-500,3743,467,18
2026-04-18,REG-NORTH,PROD-HS-100,38866,5364,23.95
2026-04-18,REG-NORTH,PROD-HS-110,25167,3740,24.94
2026-04-18,REG-NORTH,PROD-AS-200,22572,3350,26.55
2026-04-18,REG-NORTH,PROD-LB-400,18664,2429,28.99
2026-04-18,REG-NORTH,PROD-DM-300,7432,1042,18.41
2026-04-18,REG-NORTH,PROD-VD-500,5389,856,19.13
2026-04-18,REG-CENTRAL,PROD-HS-100,37834,4565,25.18
2026-04-18,REG-CENTRAL,PROD-HS-110,23784,3084,26.54
2026-04-18,REG-CENTRAL,PROD-AS-200,17482,2053,27.45
2026-04-18,REG-CENTRAL,PROD-LB-400,11035,1415,17.18
2026-04-18,REG-CENTRAL,PROD-DM-300,7275,878,19.44
2026-04-18,REG-CENTRAL,PROD-VD-500,5528,751,20.77
2026-04-19,REG-COASTAL,PROD-HS-100,25755,3801,17.42
2026-04-19,REG-COASTAL,PROD-HS-110,15660,2083,19.37
2026-04-19,REG-COASTAL,PROD-AS-200,14063,1796,20.38
2026-04-19,REG-COASTAL,PROD-LB-400,16146,2064,22.42
2026-04-19,REG-COASTAL,PROD-DM-300,11538,1877,23.56
2026-04-19,REG-COASTAL,PROD-VD-500,6845,1087,25.48
2026-04-19,REG-SOUTH,PROD-HS-100,23126,2311,19.71
2026-04-19,REG-SOUTH,PROD-HS-110,13133,1673,20.46
2026-04-19,REG-SOUTH,PROD-AS-200,14051,2443,22.54
2026-04-19,REG-SOUTH,PROD-LB-400,12210,1575,23.37
2026-04-19,REG-SOUTH,PROD-DM-300,9381,1592,25.45
2026-04-19,REG-SOUTH,PROD-VD-500,6087,846,26.34
2026-04-19,REG-DELTA,PROD-HS-100,22101,2872,21.22
2026-04-19,REG-DELTA,PROD-HS-110,13048,1802,22.14
2026-04-19,REG-DELTA,PROD-AS-200,13749,1732,24.57
2026-04-19,REG-DELTA,PROD-LB-400,11849,1755,25.05
2026-04-19,REG-DELTA,PROD-DM-300,6867,665,26.97
2026-04-19,REG-DELTA,PROD-VD-500,4815,545,27.55
2026-04-19,REG-ISLAND,PROD-HS-100,16553,2313,21.98
2026-04-19,REG-ISLAND,PROD-HS-110,9605,1205,23.73
2026-04-19,REG-ISLAND,PROD-AS-200,10034,1313,24.99
2026-04-19,REG-ISLAND,PROD-LB-400,8250,1100,25.81
2026-04-19,REG-ISLAND,PROD-DM-300,5519,609,27.58
2026-04-19,REG-ISLAND,PROD-VD-500,2169,270,17.26
2026-04-19,REG-NORTH,PROD-HS-100,24293,3193,23.65
2026-04-19,REG-NORTH,PROD-HS-110,13091,1677,24.98
2026-04-19,REG-NORTH,PROD-AS-200,12282,1867,25.84
2026-04-19,REG-NORTH,PROD-LB-400,12601,1675,28.02
2026-04-19,REG-NORTH,PROD-DM-300,4981,498,18.15
2026-04-19,REG-NORTH,PROD-VD-500,3620,429,18.99
2026-04-19,REG-CENTRAL,PROD-HS-100,23664,3800,24.49
2026-04-19,REG-CENTRAL,PROD-HS-110,14388,2258,26.43
2026-04-19,REG-CENTRAL,PROD-AS-200,12222,1707,28.42
2026-04-19,REG-CENTRAL,PROD-LB-400,7183,976,18.42
2026-04-19,REG-CENTRAL,PROD-DM-300,4748,730,19.22
2026-04-19,REG-CENTRAL,PROD-VD-500,3256,324,20.5
2026-04-20,REG-COASTAL,PROD-HS-100,43624,6466,18.21
2026-04-20,REG-COASTAL,PROD-HS-110,25929,4587,19.02
2026-04-20,REG-COASTAL,PROD-AS-200,24686,3617,20.74
2026-04-20,REG-COASTAL,PROD-LB-400,24317,2988,21.85
2026-04-20,REG-COASTAL,PROD-DM-300,16690,2514,23.67
2026-04-20,REG-COASTAL,PROD-VD-500,10676,1605,25.13
2026-04-20,REG-SOUTH,PROD-HS-100,36775,5441,19.43
2026-04-20,REG-SOUTH,PROD-HS-110,21057,2881,20.73
2026-04-20,REG-SOUTH,PROD-AS-200,23634,2553,22.14
2026-04-20,REG-SOUTH,PROD-LB-400,21389,2667,23.76
2026-04-20,REG-SOUTH,PROD-DM-300,13454,1996,24.91
2026-04-20,REG-SOUTH,PROD-VD-500,9511,1502,26.79
2026-04-20,REG-DELTA,PROD-HS-100,38173,5751,20.81
2026-04-20,REG-DELTA,PROD-HS-110,20642,3021,21.15
2026-04-20,REG-DELTA,PROD-AS-200,22948,2385,23.31
2026-04-20,REG-DELTA,PROD-LB-400,15224,1817,24.65
2026-04-20,REG-DELTA,PROD-DM-300,12844,1675,26.78
2026-04-20,REG-DELTA,PROD-VD-500,8510,1024,28.68
2026-04-20,REG-ISLAND,PROD-HS-100,29129,3312,23.34
2026-04-20,REG-ISLAND,PROD-HS-110,14186,1616,23.32
2026-04-20,REG-ISLAND,PROD-AS-200,15687,2450,25.6
2026-04-20,REG-ISLAND,PROD-LB-400,12773,1641,25.83
2026-04-20,REG-ISLAND,PROD-DM-300,9678,1289,28.83
2026-04-20,REG-ISLAND,PROD-VD-500,3611,410,17.49
2026-04-20,REG-NORTH,PROD-HS-100,41967,5250,24.14
2026-04-20,REG-NORTH,PROD-HS-110,21912,3120,25.46
2026-04-20,REG-NORTH,PROD-AS-200,19766,2170,26.42
2026-04-20,REG-NORTH,PROD-LB-400,18453,2963,26.94
2026-04-20,REG-NORTH,PROD-DM-300,9030,1031,18.14
2026-04-20,REG-NORTH,PROD-VD-500,5784,595,19.15
2026-04-20,REG-CENTRAL,PROD-HS-100,34910,4158,25.44
2026-04-20,REG-CENTRAL,PROD-HS-110,18179,2292,26.17
2026-04-20,REG-CENTRAL,PROD-AS-200,19821,2743,27.68
2026-04-20,REG-CENTRAL,PROD-LB-400,11319,1786,17.27
2026-04-20,REG-CENTRAL,PROD-DM-300,8480,1217,19.16
2026-04-20,REG-CENTRAL,PROD-VD-500,6856,1070,20.96
2026-04-21,REG-COASTAL,PROD-HS-100,42977,6649,18.06
2026-04-21,REG-COASTAL,PROD-HS-110,27545,4381,19.73
2026-04-21,REG-COASTAL,PROD-AS-200,27581,4045,21.44
2026-04-21,REG-COASTAL,PROD-LB-400,26795,2519,21.6
2026-04-21,REG-COASTAL,PROD-DM-300,14590,1790,23.57
2026-04-21,REG-COASTAL,PROD-VD-500,9793,1205,24.06
2026-04-21,REG-SOUTH,PROD-HS-100,40442,5800,19.69
2026-04-21,REG-SOUTH,PROD-HS-110,23477,2378,20.85
2026-04-21,REG-SOUTH,PROD-AS-200,23535,3865,21.88
2026-04-21,REG-SOUTH,PROD-LB-400,18593,2666,24.28
2026-04-21,REG-SOUTH,PROD-DM-300,12485,1609,24.33
2026-04-21,REG-SOUTH,PROD-VD-500,9462,1385,27.01
2026-04-21,REG-DELTA,PROD-HS-100,36951,4422,20.81
2026-04-21,REG-DELTA,PROD-HS-110,21419,2993,21.91
2026-04-21,REG-DELTA,PROD-AS-200,20532,2985,24.04
2026-04-21,REG-DELTA,PROD-LB-400,16300,2281,25.31
2026-04-21,REG-DELTA,PROD-DM-300,12936,1718,27.43
2026-04-21,REG-DELTA,PROD-VD-500,9047,1147,28.32
2026-04-21,REG-ISLAND,PROD-HS-100,27079,3632,21.77
2026-04-21,REG-ISLAND,PROD-HS-110,15381,2153,24.05
2026-04-21,REG-ISLAND,PROD-AS-200,13481,1899,23.73
2026-04-21,REG-ISLAND,PROD-LB-400,13377,2133,26.84
2026-04-21,REG-ISLAND,PROD-DM-300,9215,1479,28.13
2026-04-21,REG-ISLAND,PROD-VD-500,3913,653,17.43
2026-04-21,REG-NORTH,PROD-HS-100,38976,5744,24.8
2026-04-21,REG-NORTH,PROD-HS-110,21208,3051,24.18
2026-04-21,REG-NORTH,PROD-AS-200,20063,2692,25.55
2026-04-21,REG-NORTH,PROD-LB-400,18508,2513,26.88
2026-04-21,REG-NORTH,PROD-DM-300,8573,1389,18.1
2026-04-21,REG-NORTH,PROD-VD-500,5921,844,19.01
2026-04-21,REG-CENTRAL,PROD-HS-100,37691,6753,25.19
2026-04-21,REG-CENTRAL,PROD-HS-110,19229,3072,26.44
2026-04-21,REG-CENTRAL,PROD-AS-200,21183,3621,27.19
2026-04-21,REG-CENTRAL,PROD-LB-400,12327,1504,18.82
2026-04-21,REG-CENTRAL,PROD-DM-300,9411,1567,20.11
2026-04-21,REG-CENTRAL,PROD-VD-500,5595,829,20.72
2026-04-22,REG-COASTAL,PROD-HS-100,47071,7929,18.74
2026-04-22,REG-COASTAL,PROD-HS-110,25135,3726,19.3
2026-04-22,REG-COASTAL,PROD-AS-200,28925,4322,20.66
2026-04-22,REG-COASTAL,PROD-LB-400,23002,2673,22.32
2026-04-22,REG-COASTAL,PROD-DM-300,15062,2312,24.15
2026-04-22,REG-COASTAL,PROD-VD-500,10357,1099,25.23
2026-04-22,REG-SOUTH,PROD-HS-100,39714,7039,18.61
2026-04-22,REG-SOUTH,PROD-HS-110,28352,4565,21.07
2026-04-22,REG-SOUTH,PROD-AS-200,20975,3002,22.38
2026-04-22,REG-SOUTH,PROD-LB-400,18076,2560,23.62
2026-04-22,REG-SOUTH,PROD-DM-300,13023,1487,25.47
2026-04-22,REG-SOUTH,PROD-VD-500,9795,1307,26.86
2026-04-22,REG-DELTA,PROD-HS-100,36698,5019,19.69
2026-04-22,REG-DELTA,PROD-HS-110,19377,3019,21.99
2026-04-22,REG-DELTA,PROD-AS-200,19114,1939,24.19
2026-04-22,REG-DELTA,PROD-LB-400,18811,2108,25.04
2026-04-22,REG-DELTA,PROD-DM-300,11739,1319,26.72
2026-04-22,REG-DELTA,PROD-VD-500,9654,1627,28.77
2026-04-22,REG-ISLAND,PROD-HS-100,25074,3282,22.35
2026-04-22,REG-ISLAND,PROD-HS-110,15249,2049,23.28
2026-04-22,REG-ISLAND,PROD-AS-200,14789,2260,26.27
2026-04-22,REG-ISLAND,PROD-LB-400,14051,2570,25.98
2026-04-22,REG-ISLAND,PROD-DM-300,10483,1329,27.74
2026-04-22,REG-ISLAND,PROD-VD-500,4564,567,18.5
2026-04-22,REG-NORTH,PROD-HS-100,39103,6068,24.2
2026-04-22,REG-NORTH,PROD-HS-110,21624,2314,25.34
2026-04-22,REG-NORTH,PROD-AS-200,20617,3104,26.26
2026-04-22,REG-NORTH,PROD-LB-400,21309,2960,27.97
2026-04-22,REG-NORTH,PROD-DM-300,8862,1199,18.25
2026-04-22,REG-NORTH,PROD-VD-500,4710,679,19.01
2026-04-22,REG-CENTRAL,PROD-HS-100,36771,5755,24.89
2026-04-22,REG-CENTRAL,PROD-HS-110,20712,2796,25.59
2026-04-22,REG-CENTRAL,PROD-AS-200,20298,2435,27.69
2026-04-22,REG-CENTRAL,PROD-LB-400,12791,1682,17.52
2026-04-22,REG-CENTRAL,PROD-DM-300,7524,1054,18.92
2026-04-22,REG-CENTRAL,PROD-VD-500,5368,768,20.63
2026-04-23,REG-COASTAL,PROD-HS-100,46823,6505,18.1
2026-04-23,REG-COASTAL,PROD-HS-110,28660,3541,19.19
2026-04-23,REG-COASTAL,PROD-AS-200,21120,2589,20.45
2026-04-23,REG-COASTAL,PROD-LB-400,23806,3304,21.31
2026-04-23,REG-COASTAL,PROD-DM-300,14201,2078,22.79
2026-04-23,REG-COASTAL,PROD-VD-500,10709,1435,24.34
2026-04-23,REG-SOUTH,PROD-HS-100,43686,6791,20.58
2026-04-23,REG-SOUTH,PROD-HS-110,20612,2650,20.3
2026-04-23,REG-SOUTH,PROD-AS-200,20008,2596,21.34
2026-04-23,REG-SOUTH,PROD-LB-400,18157,2192,22.91
2026-04-23,REG-SOUTH,PROD-DM-300,14428,1823,24.72
2026-04-23,REG-SOUTH,PROD-VD-500,11364,2082,26.6
2026-04-23,REG-DELTA,PROD-HS-100,34169,4520,20.52
2026-04-23,REG-DELTA,PROD-HS-110,21502,3125,22.6
2026-04-23,REG-DELTA,PROD-AS-200,19366,3293,23.43
2026-04-23,REG-DELTA,PROD-LB-400,18609,2683,25
2026-04-23,REG-DELTA,PROD-DM-300,13140,1759,26.59
2026-04-23,REG-DELTA,PROD-VD-500,9960,1567,29.14
2026-04-23,REG-ISLAND,PROD-HS-100,25554,3844,22.52
2026-04-23,REG-ISLAND,PROD-HS-110,14515,2224,22.93
2026-04-23,REG-ISLAND,PROD-AS-200,14061,1635,24.8
2026-04-23,REG-ISLAND,PROD-LB-400,14517,1581,26.08
2026-04-23,REG-ISLAND,PROD-DM-300,10592,1787,27.78
2026-04-23,REG-ISLAND,PROD-VD-500,3794,591,17.31
2026-04-23,REG-NORTH,PROD-HS-100,38099,4662,22.53
2026-04-23,REG-NORTH,PROD-HS-110,20654,3085,24.23
2026-04-23,REG-NORTH,PROD-AS-200,22172,3023,27.24
2026-04-23,REG-NORTH,PROD-LB-400,20480,2764,27.38
2026-04-23,REG-NORTH,PROD-DM-300,7435,1075,17.97
2026-04-23,REG-NORTH,PROD-VD-500,6349,1116,20.28
2026-04-23,REG-CENTRAL,PROD-HS-100,40935,6565,25.35
2026-04-23,REG-CENTRAL,PROD-HS-110,19760,2569,25.43
2026-04-23,REG-CENTRAL,PROD-AS-200,21575,3647,28.14
2026-04-23,REG-CENTRAL,PROD-LB-400,11183,1513,17.58
2026-04-23,REG-CENTRAL,PROD-DM-300,7022,1064,18.85
2026-04-23,REG-CENTRAL,PROD-VD-500,5120,770,21.43
2026-04-24,REG-COASTAL,PROD-HS-100,48761,6187,18.96
2026-04-24,REG-COASTAL,PROD-HS-110,21872,3128,18.91
2026-04-24,REG-COASTAL,PROD-AS-200,24029,3686,20.89
2026-04-24,REG-COASTAL,PROD-LB-400,24469,3180,21.44
2026-04-24,REG-COASTAL,PROD-DM-300,16823,2505,23.98
2026-04-24,REG-COASTAL,PROD-VD-500,10649,1576,24.59
2026-04-24,REG-SOUTH,PROD-HS-100,34297,4189,19
2026-04-24,REG-SOUTH,PROD-HS-110,21511,3134,20.33
2026-04-24,REG-SOUTH,PROD-AS-200,21983,3033,22.24
2026-04-24,REG-SOUTH,PROD-LB-400,19055,2059,22.51
2026-04-24,REG-SOUTH,PROD-DM-300,13781,1619,24.47
2026-04-24,REG-SOUTH,PROD-VD-500,10055,1364,26.02
2026-04-24,REG-DELTA,PROD-HS-100,35422,5003,20.64
2026-04-24,REG-DELTA,PROD-HS-110,21170,3128,22.72
2026-04-24,REG-DELTA,PROD-AS-200,21493,3273,23.39
2026-04-24,REG-DELTA,PROD-LB-400,20366,2852,24.74
2026-04-24,REG-DELTA,PROD-DM-300,14216,2111,26.32
2026-04-24,REG-DELTA,PROD-VD-500,7779,1061,27.53
2026-04-24,REG-ISLAND,PROD-HS-100,26039,3869,22.28
2026-04-24,REG-ISLAND,PROD-HS-110,15414,1787,23.29
2026-04-24,REG-ISLAND,PROD-AS-200,13465,1463,24.54
2026-04-24,REG-ISLAND,PROD-LB-400,14777,2161,26.28
2026-04-24,REG-ISLAND,PROD-DM-300,8456,1229,27.58
2026-04-24,REG-ISLAND,PROD-VD-500,3587,410,18.26
2026-04-24,REG-NORTH,PROD-HS-100,39560,4557,24.51
2026-04-24,REG-NORTH,PROD-HS-110,21617,2524,25.06
2026-04-24,REG-NORTH,PROD-AS-200,22556,3080,26.64
2026-04-24,REG-NORTH,PROD-LB-400,17928,2287,27.93
2026-04-24,REG-NORTH,PROD-DM-300,7630,1036,17.68
2026-04-24,REG-NORTH,PROD-VD-500,5284,719,18.63
2026-04-24,REG-CENTRAL,PROD-HS-100,39832,5398,25.34
2026-04-24,REG-CENTRAL,PROD-HS-110,22324,2999,26.22
2026-04-24,REG-CENTRAL,PROD-AS-200,18673,2545,28
2026-04-24,REG-CENTRAL,PROD-LB-400,11898,2065,18.48
2026-04-24,REG-CENTRAL,PROD-DM-300,8760,1501,20.68
2026-04-24,REG-CENTRAL,PROD-VD-500,5401,947,20.62
2026-04-25,REG-COASTAL,PROD-HS-100,41583,4446,18.58
2026-04-25,REG-COASTAL,PROD-HS-110,25092,4134,19.9
2026-04-25,REG-COASTAL,PROD-AS-200,28033,4030,20.96
2026-04-25,REG-COASTAL,PROD-LB-400,23488,2698,22.85
2026-04-25,REG-COASTAL,PROD-DM-300,15024,1919,22.56
2026-04-25,REG-COASTAL,PROD-VD-500,10894,1087,25.34
2026-04-25,REG-SOUTH,PROD-HS-100,36177,4198,19.23
2026-04-25,REG-SOUTH,PROD-HS-110,24000,3890,21.17
2026-04-25,REG-SOUTH,PROD-AS-200,22744,3481,22.19
2026-04-25,REG-SOUTH,PROD-LB-400,17787,2115,22.68
2026-04-25,REG-SOUTH,PROD-DM-300,13346,1933,23.44
2026-04-25,REG-SOUTH,PROD-VD-500,9501,1310,26.68
2026-04-25,REG-DELTA,PROD-HS-100,39387,5983,21.86
2026-04-25,REG-DELTA,PROD-HS-110,20002,2733,22.81
2026-04-25,REG-DELTA,PROD-AS-200,17848,2248,22.94
2026-04-25,REG-DELTA,PROD-LB-400,20209,3253,24.47
2026-04-25,REG-DELTA,PROD-DM-300,12162,1871,26.32
2026-04-25,REG-DELTA,PROD-VD-500,8173,1062,27.46
2026-04-25,REG-ISLAND,PROD-HS-100,26995,3488,21.41
2026-04-25,REG-ISLAND,PROD-HS-110,16988,2549,24.27
2026-04-25,REG-ISLAND,PROD-AS-200,14253,2033,24.74
2026-04-25,REG-ISLAND,PROD-LB-400,13765,1858,25.83
2026-04-25,REG-ISLAND,PROD-DM-300,9591,1689,28.42
2026-04-25,REG-ISLAND,PROD-VD-500,3765,427,18.75
2026-04-25,REG-NORTH,PROD-HS-100,41466,5366,23.92
2026-04-25,REG-NORTH,PROD-HS-110,20867,2775,24.32
2026-04-25,REG-NORTH,PROD-AS-200,18391,1969,26.97
2026-04-25,REG-NORTH,PROD-LB-400,19194,3013,27.33
2026-04-25,REG-NORTH,PROD-DM-300,7849,1175,17.8
2026-04-25,REG-NORTH,PROD-VD-500,6132,976,19.68
2026-04-25,REG-CENTRAL,PROD-HS-100,36137,4132,25.38
2026-04-25,REG-CENTRAL,PROD-HS-110,20095,2414,27.45
2026-04-25,REG-CENTRAL,PROD-AS-200,20217,2761,28.81
2026-04-25,REG-CENTRAL,PROD-LB-400,9272,1297,16.61
2026-04-25,REG-CENTRAL,PROD-DM-300,9216,1531,19.16
2026-04-25,REG-CENTRAL,PROD-VD-500,5092,723,20.71
2026-04-26,REG-COASTAL,PROD-HS-100,26448,2735,17.58
2026-04-26,REG-COASTAL,PROD-HS-110,17063,2670,19.48
2026-04-26,REG-COASTAL,PROD-AS-200,15465,2251,21.28
2026-04-26,REG-COASTAL,PROD-LB-400,13812,1755,21.88
2026-04-26,REG-COASTAL,PROD-DM-300,9656,963,23.62
2026-04-26,REG-COASTAL,PROD-VD-500,6964,1071,25.4
2026-04-26,REG-SOUTH,PROD-HS-100,25022,3246,19.55
2026-04-26,REG-SOUTH,PROD-HS-110,12571,1808,20.82
2026-04-26,REG-SOUTH,PROD-AS-200,14674,1673,22.38
2026-04-26,REG-SOUTH,PROD-LB-400,12872,1617,24.15
2026-04-26,REG-SOUTH,PROD-DM-300,8088,1108,24.24
2026-04-26,REG-SOUTH,PROD-VD-500,5533,775,26
2026-04-26,REG-DELTA,PROD-HS-100,21338,2794,20.22
2026-04-26,REG-DELTA,PROD-HS-110,12903,2208,21.39
2026-04-26,REG-DELTA,PROD-AS-200,11866,1644,22.92
2026-04-26,REG-DELTA,PROD-LB-400,11702,1622,24.53
2026-04-26,REG-DELTA,PROD-DM-300,7666,1114,27.07
2026-04-26,REG-DELTA,PROD-VD-500,5267,718,28.25
2026-04-26,REG-ISLAND,PROD-HS-100,17642,2986,22.62
2026-04-26,REG-ISLAND,PROD-HS-110,9274,1585,23.51
2026-04-26,REG-ISLAND,PROD-AS-200,8942,1434,25.03
2026-04-26,REG-ISLAND,PROD-LB-400,9291,1458,26.64
2026-04-26,REG-ISLAND,PROD-DM-300,6246,904,28.41
2026-04-26,REG-ISLAND,PROD-VD-500,2511,346,18.04
2026-04-26,REG-NORTH,PROD-HS-100,26632,3652,24.34
2026-04-26,REG-NORTH,PROD-HS-110,12014,1395,24.93
2026-04-26,REG-NORTH,PROD-AS-200,11354,1131,26.08
2026-04-26,REG-NORTH,PROD-LB-400,12113,1224,27.85
2026-04-26,REG-NORTH,PROD-DM-300,5109,573,18
2026-04-26,REG-NORTH,PROD-VD-500,3110,372,18.5
2026-04-26,REG-CENTRAL,PROD-HS-100,22761,3388,25.23
2026-04-26,REG-CENTRAL,PROD-HS-110,12261,1855,26.55
2026-04-26,REG-CENTRAL,PROD-AS-200,11441,1037,28.58
2026-04-26,REG-CENTRAL,PROD-LB-400,6616,843,17.98
2026-04-26,REG-CENTRAL,PROD-DM-300,5338,893,19.16
2026-04-26,REG-CENTRAL,PROD-VD-500,3058,353,20.34
2026-04-27,REG-COASTAL,PROD-HS-100,45141,5918,18
2026-04-27,REG-COASTAL,PROD-HS-110,25139,3943,18.72
2026-04-27,REG-COASTAL,PROD-AS-200,25035,3088,20.19
2026-04-27,REG-COASTAL,PROD-LB-400,25736,3133,22.63
2026-04-27,REG-COASTAL,PROD-DM-300,14095,1722,23.08
2026-04-27,REG-COASTAL,PROD-VD-500,10668,1691,25.29
2026-04-27,REG-SOUTH,PROD-HS-100,40098,5536,19.97
2026-04-27,REG-SOUTH,PROD-HS-110,25804,4089,21.42
2026-04-27,REG-SOUTH,PROD-AS-200,22884,3509,23.23
2026-04-27,REG-SOUTH,PROD-LB-400,20236,2974,24.77
2026-04-27,REG-SOUTH,PROD-DM-300,11946,1179,25.7
2026-04-27,REG-SOUTH,PROD-VD-500,9768,1521,26.1
2026-04-27,REG-DELTA,PROD-HS-100,42193,7842,20.89
2026-04-27,REG-DELTA,PROD-HS-110,23134,3286,23
2026-04-27,REG-DELTA,PROD-AS-200,16903,1729,23.34
2026-04-27,REG-DELTA,PROD-LB-400,17038,2045,25.03
2026-04-27,REG-DELTA,PROD-DM-300,11641,1446,26.55
2026-04-27,REG-DELTA,PROD-VD-500,8512,1143,27.5
2026-04-27,REG-ISLAND,PROD-HS-100,29249,4793,21.8
2026-04-27,REG-ISLAND,PROD-HS-110,14036,1738,23.38
2026-04-27,REG-ISLAND,PROD-AS-200,12729,1543,25.31
2026-04-27,REG-ISLAND,PROD-LB-400,14586,2205,27.21
2026-04-27,REG-ISLAND,PROD-DM-300,10042,1273,28.47
2026-04-27,REG-ISLAND,PROD-VD-500,4355,696,18.11
2026-04-27,REG-NORTH,PROD-HS-100,38594,6211,23.55
2026-04-27,REG-NORTH,PROD-HS-110,18637,2399,24.38
2026-04-27,REG-NORTH,PROD-AS-200,19541,2323,26.25
2026-04-27,REG-NORTH,PROD-LB-400,19497,2471,27.73
2026-04-27,REG-NORTH,PROD-DM-300,8772,1217,18.12
2026-04-27,REG-NORTH,PROD-VD-500,6005,887,20.15
2026-04-27,REG-CENTRAL,PROD-HS-100,35403,4879,24.76
2026-04-27,REG-CENTRAL,PROD-HS-110,19734,2821,26.3
2026-04-27,REG-CENTRAL,PROD-AS-200,19386,3339,27.24
2026-04-27,REG-CENTRAL,PROD-LB-400,11714,1419,17.3
2026-04-27,REG-CENTRAL,PROD-DM-300,9707,1648,20.45
2026-04-27,REG-CENTRAL,PROD-VD-500,4933,799,21.53
2026-04-28,REG-COASTAL,PROD-HS-100,43162,5030,17.55
2026-04-28,REG-COASTAL,PROD-HS-110,28061,3691,20.16
2026-04-28,REG-COASTAL,PROD-AS-200,26414,4435,20.68
2026-04-28,REG-COASTAL,PROD-LB-400,20532,2759,22.61
2026-04-28,REG-COASTAL,PROD-DM-300,15975,1883,23.68
2026-04-28,REG-COASTAL,PROD-VD-500,11188,1597,25.31
2026-04-28,REG-SOUTH,PROD-HS-100,37276,3918,19.28
2026-04-28,REG-SOUTH,PROD-HS-110,24260,3061,20.72
2026-04-28,REG-SOUTH,PROD-AS-200,18450,2559,22.16
2026-04-28,REG-SOUTH,PROD-LB-400,18111,2457,23.4
2026-04-28,REG-SOUTH,PROD-DM-300,14099,2108,24.52
2026-04-28,REG-SOUTH,PROD-VD-500,9319,1408,26.46
2026-04-28,REG-DELTA,PROD-HS-100,37424,5731,20.23
2026-04-28,REG-DELTA,PROD-HS-110,18653,1968,21.93
2026-04-28,REG-DELTA,PROD-AS-200,18485,2784,23.61
2026-04-28,REG-DELTA,PROD-LB-400,20878,3162,26.56
2026-04-28,REG-DELTA,PROD-DM-300,12778,1542,26.63
2026-04-28,REG-DELTA,PROD-VD-500,9355,1198,27.56
2026-04-28,REG-ISLAND,PROD-HS-100,28107,4736,23.12
2026-04-28,REG-ISLAND,PROD-HS-110,14774,1866,23.77
2026-04-28,REG-ISLAND,PROD-AS-200,14987,2404,25.27
2026-04-28,REG-ISLAND,PROD-LB-400,14060,2366,25.99
2026-04-28,REG-ISLAND,PROD-DM-300,10543,1258,29.2
2026-04-28,REG-ISLAND,PROD-VD-500,4249,576,18
2026-04-28,REG-NORTH,PROD-HS-100,33434,4686,22.71
2026-04-28,REG-NORTH,PROD-HS-110,19977,3045,24.65
2026-04-28,REG-NORTH,PROD-AS-200,22310,2311,27.1
2026-04-28,REG-NORTH,PROD-LB-400,22789,3783,28.54
2026-04-28,REG-NORTH,PROD-DM-300,9209,1040,19.18
2026-04-28,REG-NORTH,PROD-VD-500,5521,930,19.37
2026-04-28,REG-CENTRAL,PROD-HS-100,35434,5648,24.95
2026-04-28,REG-CENTRAL,PROD-HS-110,21091,2498,25.9
2026-04-28,REG-CENTRAL,PROD-AS-200,20652,3100,27
2026-04-28,REG-CENTRAL,PROD-LB-400,11775,1529,17.88
2026-04-28,REG-CENTRAL,PROD-DM-300,7554,1266,19.23
2026-04-28,REG-CENTRAL,PROD-VD-500,4495,441,21.01
2026-04-29,REG-COASTAL,PROD-HS-100,46559,6998,17.84
2026-04-29,REG-COASTAL,PROD-HS-110,28918,3773,20.02
2026-04-29,REG-COASTAL,PROD-AS-200,23761,3308,21.35
2026-04-29,REG-COASTAL,PROD-LB-400,22129,2404,22.94
2026-04-29,REG-COASTAL,PROD-DM-300,15366,2112,22.77
2026-04-29,REG-COASTAL,PROD-VD-500,11325,1441,24.47
2026-04-29,REG-SOUTH,PROD-HS-100,40300,6279,18.55
2026-04-29,REG-SOUTH,PROD-HS-110,23721,3446,21.14
2026-04-29,REG-SOUTH,PROD-AS-200,19965,2785,21.21
2026-04-29,REG-SOUTH,PROD-LB-400,20395,3350,23.16
2026-04-29,REG-SOUTH,PROD-DM-300,13220,1999,25.39
2026-04-29,REG-SOUTH,PROD-VD-500,10682,1319,25.94
2026-04-29,REG-DELTA,PROD-HS-100,34838,5414,20.94
2026-04-29,REG-DELTA,PROD-HS-110,19672,2501,21.9
2026-04-29,REG-DELTA,PROD-AS-200,18121,3014,22.96
2026-04-29,REG-DELTA,PROD-LB-400,19219,2401,25.18
2026-04-29,REG-DELTA,PROD-DM-300,13181,1807,26.45
2026-04-29,REG-DELTA,PROD-VD-500,9187,1260,27.72
2026-04-29,REG-ISLAND,PROD-HS-100,27072,3571,21.48
2026-04-29,REG-ISLAND,PROD-HS-110,14112,1854,23.99
2026-04-29,REG-ISLAND,PROD-AS-200,13957,2233,25.38
2026-04-29,REG-ISLAND,PROD-LB-400,14792,2252,25.7
2026-04-29,REG-ISLAND,PROD-DM-300,11185,1762,28.13
2026-04-29,REG-ISLAND,PROD-VD-500,3164,430,17.53
2026-04-29,REG-NORTH,PROD-HS-100,35734,2733,23.84
2026-04-29,REG-NORTH,PROD-HS-110,23989,3093,26.25
2026-04-29,REG-NORTH,PROD-AS-200,20251,1871,26.52
2026-04-29,REG-NORTH,PROD-LB-400,19785,2310,28.05
2026-04-29,REG-NORTH,PROD-DM-300,7591,1130,17.32
2026-04-29,REG-NORTH,PROD-VD-500,4667,542,18.92
2026-04-29,REG-CENTRAL,PROD-HS-100,37243,5545,25
2026-04-29,REG-CENTRAL,PROD-HS-110,20441,3025,26.88
2026-04-29,REG-CENTRAL,PROD-AS-200,20508,3044,27.37
2026-04-29,REG-CENTRAL,PROD-LB-400,11004,1637,17.22
2026-04-29,REG-CENTRAL,PROD-DM-300,6807,923,18.8
2026-04-29,REG-CENTRAL,PROD-VD-500,5362,733,20.57
2026-04-30,REG-COASTAL,PROD-HS-100,47111,6247,18.12
2026-04-30,REG-COASTAL,PROD-HS-110,27647,3819,20.52
2026-04-30,REG-COASTAL,PROD-AS-200,22438,3076,20.21
2026-04-30,REG-COASTAL,PROD-LB-400,23915,3653,22.87
2026-04-30,REG-COASTAL,PROD-DM-300,16507,2140,23.71
2026-04-30,REG-COASTAL,PROD-VD-500,11977,1755,24.4
2026-04-30,REG-SOUTH,PROD-HS-100,35071,4321,18.85
2026-04-30,REG-SOUTH,PROD-HS-110,21556,3168,21.26
2026-04-30,REG-SOUTH,PROD-AS-200,21644,2841,22.25
2026-04-30,REG-SOUTH,PROD-LB-400,20367,2728,23.12
2026-04-30,REG-SOUTH,PROD-DM-300,14895,2120,24.95
2026-04-30,REG-SOUTH,PROD-VD-500,9985,1087,26.72
2026-04-30,REG-DELTA,PROD-HS-100,37726,5038,21.23
2026-04-30,REG-DELTA,PROD-HS-110,19071,2552,23.04
2026-04-30,REG-DELTA,PROD-AS-200,20394,2740,24.02
2026-04-30,REG-DELTA,PROD-LB-400,20099,2656,25.13
2026-04-30,REG-DELTA,PROD-DM-300,14724,1891,26.51
2026-04-30,REG-DELTA,PROD-VD-500,8374,1207,28.44
2026-04-30,REG-ISLAND,PROD-HS-100,28816,3892,22.6
2026-04-30,REG-ISLAND,PROD-HS-110,14270,2071,22.72
2026-04-30,REG-ISLAND,PROD-AS-200,14752,1934,24.65
2026-04-30,REG-ISLAND,PROD-LB-400,14444,1827,26.73
2026-04-30,REG-ISLAND,PROD-DM-300,10015,1537,28.74
2026-04-30,REG-ISLAND,PROD-VD-500,3526,435,17.27
2026-04-30,REG-NORTH,PROD-HS-100,40245,6466,25.11
2026-04-30,REG-NORTH,PROD-HS-110,23829,4221,25.33
2026-04-30,REG-NORTH,PROD-AS-200,22551,3085,26.56
2026-04-30,REG-NORTH,PROD-LB-400,19308,2573,27.62
2026-04-30,REG-NORTH,PROD-DM-300,8281,1031,18.59
2026-04-30,REG-NORTH,PROD-VD-500,5209,683,18.94
2026-04-30,REG-CENTRAL,PROD-HS-100,37649,5538,25.15
2026-04-30,REG-CENTRAL,PROD-HS-110,20462,2591,26.4
2026-04-30,REG-CENTRAL,PROD-AS-200,19736,3233,28.07
2026-04-30,REG-CENTRAL,PROD-LB-400,11579,1858,18
2026-04-30,REG-CENTRAL,PROD-DM-300,6997,1108,17.79
2026-04-30,REG-CENTRAL,PROD-VD-500,5120,834,20.22
2026-05-01,REG-COASTAL,PROD-HS-100,35728,5200,14.49
2026-05-01,REG-COASTAL,PROD-HS-110,28435,4371,19.25
2026-05-01,REG-COASTAL,PROD-AS-200,21370,2974,21.14
2026-05-01,REG-COASTAL,PROD-LB-400,22518,2924,21.82
2026-05-01,REG-COASTAL,PROD-DM-300,17857,2673,24.37
2026-05-01,REG-COASTAL,PROD-VD-500,12464,1512,25.41
2026-05-01,REG-SOUTH,PROD-HS-100,28469,3262,14.76
2026-05-01,REG-SOUTH,PROD-HS-110,23201,3167,20.8
2026-05-01,REG-SOUTH,PROD-AS-200,21526,3456,22.12
2026-05-01,REG-SOUTH,PROD-LB-400,20825,2770,23.54
2026-05-01,REG-SOUTH,PROD-DM-300,17192,2864,25.09
2026-05-01,REG-SOUTH,PROD-VD-500,9029,1465,26.08
2026-05-01,REG-DELTA,PROD-HS-100,28152,3689,16.04
2026-05-01,REG-DELTA,PROD-HS-110,20873,3143,21.89
2026-05-01,REG-DELTA,PROD-AS-200,21593,2861,23.92
2026-05-01,REG-DELTA,PROD-LB-400,20191,2097,25.63
2026-05-01,REG-DELTA,PROD-DM-300,12447,1848,25.85
2026-05-01,REG-DELTA,PROD-VD-500,9114,1184,28.63
2026-05-01,REG-ISLAND,PROD-HS-100,19821,2359,17.43
2026-05-01,REG-ISLAND,PROD-HS-110,16961,2633,24.24
2026-05-01,REG-ISLAND,PROD-AS-200,15162,1903,24.83
2026-05-01,REG-ISLAND,PROD-LB-400,12491,1722,26.79
2026-05-01,REG-ISLAND,PROD-DM-300,8521,1050,27.07
2026-05-01,REG-ISLAND,PROD-VD-500,3966,557,17.66
2026-05-01,REG-NORTH,PROD-HS-100,39244,6744,23.13
2026-05-01,REG-NORTH,PROD-HS-110,27042,3873,25.49
2026-05-01,REG-NORTH,PROD-AS-200,20940,2762,26.93
2026-05-01,REG-NORTH,PROD-LB-400,20402,2693,27.58
2026-05-01,REG-NORTH,PROD-DM-300,7594,1078,17.47
2026-05-01,REG-NORTH,PROD-VD-500,5233,739,19.21
2026-05-01,REG-CENTRAL,PROD-HS-100,38196,6695,24.94
2026-05-01,REG-CENTRAL,PROD-HS-110,19621,2609,26.13
2026-05-01,REG-CENTRAL,PROD-AS-200,20887,3380,27.88
2026-05-01,REG-CENTRAL,PROD-LB-400,13723,2156,18.69
2026-05-01,REG-CENTRAL,PROD-DM-300,6785,910,18.59
2026-05-01,REG-CENTRAL,PROD-VD-500,5580,645,20.39
2026-05-02,REG-COASTAL,PROD-HS-100,35436,4569,14.97
2026-05-02,REG-COASTAL,PROD-HS-110,25151,2786,19.36
2026-05-02,REG-COASTAL,PROD-AS-200,24590,3403,20.65
2026-05-02,REG-COASTAL,PROD-LB-400,23892,2909,22.3
2026-05-02,REG-COASTAL,PROD-DM-300,17319,2654,23.85
2026-05-02,REG-COASTAL,PROD-VD-500,10804,1815,26.06
2026-05-02,REG-SOUTH,PROD-HS-100,29575,4102,14.98
2026-05-02,REG-SOUTH,PROD-HS-110,24663,3375,20.83
2026-05-02,REG-SOUTH,PROD-AS-200,21269,2609,22.45
2026-05-02,REG-SOUTH,PROD-LB-400,21436,2483,23.78
2026-05-02,REG-SOUTH,PROD-DM-300,12894,1334,25.24
2026-05-02,REG-SOUTH,PROD-VD-500,9229,1272,26.09
2026-05-02,REG-DELTA,PROD-HS-100,31553,4069,16.72
2026-05-02,REG-DELTA,PROD-HS-110,20638,3394,22.37
2026-05-02,REG-DELTA,PROD-AS-200,20687,2728,23.51
2026-05-02,REG-DELTA,PROD-LB-400,16990,2175,24.69
2026-05-02,REG-DELTA,PROD-DM-300,13206,1696,26.71
2026-05-02,REG-DELTA,PROD-VD-500,7571,799,27.31
2026-05-02,REG-ISLAND,PROD-HS-100,21612,3263,17.39
2026-05-02,REG-ISLAND,PROD-HS-110,15580,2157,23.88
2026-05-02,REG-ISLAND,PROD-AS-200,13826,1975,23.61
2026-05-02,REG-ISLAND,PROD-LB-400,15180,2447,25.67
2026-05-02,REG-ISLAND,PROD-DM-300,9139,999,27.41
2026-05-02,REG-ISLAND,PROD-VD-500,3791,593,18.07
2026-05-02,REG-NORTH,PROD-HS-100,38948,5562,22.99
2026-05-02,REG-NORTH,PROD-HS-110,19513,3022,24.91
2026-05-02,REG-NORTH,PROD-AS-200,19123,2084,26.58
2026-05-02,REG-NORTH,PROD-LB-400,20493,2634,27.56
2026-05-02,REG-NORTH,PROD-DM-300,8264,1099,18.47
2026-05-02,REG-NORTH,PROD-VD-500,5488,812,18.85
2026-05-02,REG-CENTRAL,PROD-HS-100,33836,4812,25.09
2026-05-02,REG-CENTRAL,PROD-HS-110,21343,3313,26.79
2026-05-02,REG-CENTRAL,PROD-AS-200,21891,2821,27.56
2026-05-02,REG-CENTRAL,PROD-LB-400,10791,1327,18.1
2026-05-02,REG-CENTRAL,PROD-DM-300,8446,1423,19.29
2026-05-02,REG-CENTRAL,PROD-VD-500,6399,789,20.55
2026-05-03,REG-COASTAL,PROD-HS-100,21846,3585,13.56
2026-05-03,REG-COASTAL,PROD-HS-110,18101,2820,19.44
2026-05-03,REG-COASTAL,PROD-AS-200,14877,1807,21.22
2026-05-03,REG-COASTAL,PROD-LB-400,14047,1939,20.91
2026-05-03,REG-COASTAL,PROD-DM-300,10043,1439,23.44
2026-05-03,REG-COASTAL,PROD-VD-500,6607,652,24.92
2026-05-03,REG-SOUTH,PROD-HS-100,19185,2495,15.04
2026-05-03,REG-SOUTH,PROD-HS-110,12020,1491,20.65
2026-05-03,REG-SOUTH,PROD-AS-200,13164,1646,22.24
2026-05-03,REG-SOUTH,PROD-LB-400,12483,1529,23.16
2026-05-03,REG-SOUTH,PROD-DM-300,8714,963,25.17
2026-05-03,REG-SOUTH,PROD-VD-500,5817,824,25.87
2026-05-03,REG-DELTA,PROD-HS-100,17342,2004,15.26
2026-05-03,REG-DELTA,PROD-HS-110,11783,1420,22.68
2026-05-03,REG-DELTA,PROD-AS-200,10875,1442,22.9
2026-05-03,REG-DELTA,PROD-LB-400,11005,1580,25.13
2026-05-03,REG-DELTA,PROD-DM-300,8161,986,24.91
2026-05-03,REG-DELTA,PROD-VD-500,4730,582,26.59
2026-05-03,REG-ISLAND,PROD-HS-100,12707,1947,17.35
2026-05-03,REG-ISLAND,PROD-HS-110,8996,881,23.45
2026-05-03,REG-ISLAND,PROD-AS-200,8880,1178,24.3
2026-05-03,REG-ISLAND,PROD-LB-400,8386,1128,26.59
2026-05-03,REG-ISLAND,PROD-DM-300,5932,718,27.44
2026-05-03,REG-ISLAND,PROD-VD-500,2700,463,17.75
2026-05-03,REG-NORTH,PROD-HS-100,23284,3164,23.45
2026-05-03,REG-NORTH,PROD-HS-110,14630,2301,24.56
2026-05-03,REG-NORTH,PROD-AS-200,13115,1912,26.24
2026-05-03,REG-NORTH,PROD-LB-400,12492,1111,28.67
2026-05-03,REG-NORTH,PROD-DM-300,5288,746,18.17
2026-05-03,REG-NORTH,PROD-VD-500,3914,545,19.93
2026-05-03,REG-CENTRAL,PROD-HS-100,22330,3441,25.19
2026-05-03,REG-CENTRAL,PROD-HS-110,12870,1585,26.43
2026-05-03,REG-CENTRAL,PROD-AS-200,12045,1713,28.46
2026-05-03,REG-CENTRAL,PROD-LB-400,7554,1097,17.99
2026-05-03,REG-CENTRAL,PROD-DM-300,5025,587,20.26
2026-05-03,REG-CENTRAL,PROD-VD-500,3195,372,20.46
2026-05-04,REG-COASTAL,PROD-HS-100,33254,3083,13.49
2026-05-04,REG-COASTAL,PROD-HS-110,26105,4156,18.95
2026-05-04,REG-COASTAL,PROD-AS-200,24636,3502,20.52
2026-05-04,REG-COASTAL,PROD-LB-400,22891,3765,22.24
2026-05-04,REG-COASTAL,PROD-DM-300,15942,2693,23.96
2026-05-04,REG-COASTAL,PROD-VD-500,11385,1700,24.96
2026-05-04,REG-SOUTH,PROD-HS-100,35924,5435,15.72
2026-05-04,REG-SOUTH,PROD-HS-110,24702,3501,20.46
2026-05-04,REG-SOUTH,PROD-AS-200,17857,2622,22.94
2026-05-04,REG-SOUTH,PROD-LB-400,20490,3192,24.57
2026-05-04,REG-SOUTH,PROD-DM-300,14507,2023,24.87
2026-05-04,REG-SOUTH,PROD-VD-500,10639,1563,27.26
2026-05-04,REG-DELTA,PROD-HS-100,30288,4158,16.45
2026-05-04,REG-DELTA,PROD-HS-110,19002,2370,22.27
2026-05-04,REG-DELTA,PROD-AS-200,17153,1744,23.28
2026-05-04,REG-DELTA,PROD-LB-400,21293,2649,26.15
2026-05-04,REG-DELTA,PROD-DM-300,13060,1906,25.58
2026-05-04,REG-DELTA,PROD-VD-500,9048,1030,28.23
2026-05-04,REG-ISLAND,PROD-HS-100,19333,2373,17.39
2026-05-04,REG-ISLAND,PROD-HS-110,13924,1721,22.85
2026-05-04,REG-ISLAND,PROD-AS-200,14967,1892,25.14
2026-05-04,REG-ISLAND,PROD-LB-400,13224,2238,26.22
2026-05-04,REG-ISLAND,PROD-DM-300,8947,1080,28.5
2026-05-04,REG-ISLAND,PROD-VD-500,4274,580,18.66
2026-05-04,REG-NORTH,PROD-HS-100,35635,5263,23.97
2026-05-04,REG-NORTH,PROD-HS-110,23704,3952,25.42
2026-05-04,REG-NORTH,PROD-AS-200,22794,2775,26.55
2026-05-04,REG-NORTH,PROD-LB-400,21017,3069,27.15
2026-05-04,REG-NORTH,PROD-DM-300,8528,1273,17.91
2026-05-04,REG-NORTH,PROD-VD-500,5173,750,19.23
2026-05-04,REG-CENTRAL,PROD-HS-100,36756,6085,25.12
2026-05-04,REG-CENTRAL,PROD-HS-110,21629,3608,25.67
2026-05-04,REG-CENTRAL,PROD-AS-200,23601,3984,27.87
2026-05-04,REG-CENTRAL,PROD-LB-400,9846,1346,16.87
2026-05-04,REG-CENTRAL,PROD-DM-300,8093,1233,20
2026-05-04,REG-CENTRAL,PROD-VD-500,4809,607,20.5
2026-05-05,REG-COASTAL,PROD-HS-100,36876,4701,14.35
2026-05-05,REG-COASTAL,PROD-HS-110,27880,3925,19.96
2026-05-05,REG-COASTAL,PROD-AS-200,21931,2639,21.29
2026-05-05,REG-COASTAL,PROD-LB-400,22346,3186,22.44
2026-05-05,REG-COASTAL,PROD-DM-300,13881,1573,23.67
2026-05-05,REG-COASTAL,PROD-VD-500,11378,1605,24.37
2026-05-05,REG-SOUTH,PROD-HS-100,37062,6067,16.38
2026-05-05,REG-SOUTH,PROD-HS-110,20736,3139,20.37
2026-05-05,REG-SOUTH,PROD-AS-200,21777,3001,21.63
2026-05-05,REG-SOUTH,PROD-LB-400,20043,3154,22.76
2026-05-05,REG-SOUTH,PROD-DM-300,16023,2446,24.2
2026-05-05,REG-SOUTH,PROD-VD-500,9790,1542,27.13
2026-05-05,REG-DELTA,PROD-HS-100,27454,5095,16.06
2026-05-05,REG-DELTA,PROD-HS-110,19226,3020,21.64
2026-05-05,REG-DELTA,PROD-AS-200,21499,3194,23.47
2026-05-05,REG-DELTA,PROD-LB-400,18478,1982,25.22
2026-05-05,REG-DELTA,PROD-DM-300,13665,1829,26.42
2026-05-05,REG-DELTA,PROD-VD-500,8265,1089,28.03
2026-05-05,REG-ISLAND,PROD-HS-100,18500,2582,16.44
2026-05-05,REG-ISLAND,PROD-HS-110,14905,1805,22.7
2026-05-05,REG-ISLAND,PROD-AS-200,15027,1498,25.19
2026-05-05,REG-ISLAND,PROD-LB-400,14465,1703,26.98
2026-05-05,REG-ISLAND,PROD-DM-300,8558,877,27.14
2026-05-05,REG-ISLAND,PROD-VD-500,3913,615,18.12
2026-05-05,REG-NORTH,PROD-HS-100,38454,6448,23.53
2026-05-05,REG-NORTH,PROD-HS-110,21914,3030,24.68
2026-05-05,REG-NORTH,PROD-AS-200,20908,3483,25.85
2026-05-05,REG-NORTH,PROD-LB-400,20202,2783,27.26
2026-05-05,REG-NORTH,PROD-DM-300,6920,696,17.34
2026-05-05,REG-NORTH,PROD-VD-500,5337,694,18.65
2026-05-05,REG-CENTRAL,PROD-HS-100,33474,2633,24.46
2026-05-05,REG-CENTRAL,PROD-HS-110,22799,3232,26.77
2026-05-05,REG-CENTRAL,PROD-AS-200,22040,2864,28.08
2026-05-05,REG-CENTRAL,PROD-LB-400,9670,1191,18.23
2026-05-05,REG-CENTRAL,PROD-DM-300,7134,1079,19.53
2026-05-05,REG-CENTRAL,PROD-VD-500,5261,793,20.04
2026-05-06,REG-COASTAL,PROD-HS-100,35441,4839,13.09
2026-05-06,REG-COASTAL,PROD-HS-110,23493,3222,19.83
2026-05-06,REG-COASTAL,PROD-AS-200,25393,3229,21.37
2026-05-06,REG-COASTAL,PROD-LB-400,22913,2890,22
2026-05-06,REG-COASTAL,PROD-DM-300,16035,2552,23.29
2026-05-06,REG-COASTAL,PROD-VD-500,10639,1291,24.54
2026-05-06,REG-SOUTH,PROD-HS-100,31009,4726,15.13
2026-05-06,REG-SOUTH,PROD-HS-110,21712,2698,21.39
2026-05-06,REG-SOUTH,PROD-AS-200,20653,2834,21.84
2026-05-06,REG-SOUTH,PROD-LB-400,20100,2422,23.26
2026-05-06,REG-SOUTH,PROD-DM-300,14541,2150,26.09
2026-05-06,REG-SOUTH,PROD-VD-500,9919,1720,26.19
2026-05-06,REG-DELTA,PROD-HS-100,25132,4366,15.03
2026-05-06,REG-DELTA,PROD-HS-110,21222,1952,22.62
2026-05-06,REG-DELTA,PROD-AS-200,21176,3642,23.25
2026-05-06,REG-DELTA,PROD-LB-400,20715,2536,25.82
2026-05-06,REG-DELTA,PROD-DM-300,15297,2364,26.67
2026-05-06,REG-DELTA,PROD-VD-500,7270,938,27.65
2026-05-06,REG-ISLAND,PROD-HS-100,20290,2105,17.86
2026-05-06,REG-ISLAND,PROD-HS-110,15007,1572,24.03
2026-05-06,REG-ISLAND,PROD-AS-200,16393,2333,25.89
2026-05-06,REG-ISLAND,PROD-LB-400,15966,2244,26.64
2026-05-06,REG-ISLAND,PROD-DM-300,9651,1663,28.43
2026-05-06,REG-ISLAND,PROD-VD-500,3615,412,17.89
2026-05-06,REG-NORTH,PROD-HS-100,34579,3280,22.48
2026-05-06,REG-NORTH,PROD-HS-110,22693,3184,24.54
2026-05-06,REG-NORTH,PROD-AS-200,23952,4066,26.06
2026-05-06,REG-NORTH,PROD-LB-400,17207,1800,28.48
2026-05-06,REG-NORTH,PROD-DM-300,7701,1363,17.75
2026-05-06,REG-NORTH,PROD-VD-500,5672,697,19.21
2026-05-06,REG-CENTRAL,PROD-HS-100,38701,6060,25.11
2026-05-06,REG-CENTRAL,PROD-HS-110,22410,2850,26.5
2026-05-06,REG-CENTRAL,PROD-AS-200,20709,3209,27.05
2026-05-06,REG-CENTRAL,PROD-LB-400,10150,1399,17.43
2026-05-06,REG-CENTRAL,PROD-DM-300,7674,1137,19.17
2026-05-06,REG-CENTRAL,PROD-VD-500,5048,616,20.33
2026-05-07,REG-COASTAL,PROD-HS-100,33881,4251,14.02
2026-05-07,REG-COASTAL,PROD-HS-110,23986,3029,19.94
2026-05-07,REG-COASTAL,PROD-AS-200,24767,3778,21.01
2026-05-07,REG-COASTAL,PROD-LB-400,25767,3556,23.06
2026-05-07,REG-COASTAL,PROD-DM-300,16705,2442,23.46
2026-05-07,REG-COASTAL,PROD-VD-500,12928,1938,25.74
2026-05-07,REG-SOUTH,PROD-HS-100,28968,4716,15.31
2026-05-07,REG-SOUTH,PROD-HS-110,23898,3816,21.57
2026-05-07,REG-SOUTH,PROD-AS-200,21183,2199,21.57
2026-05-07,REG-SOUTH,PROD-LB-400,23398,3567,24.18
2026-05-07,REG-SOUTH,PROD-DM-300,14318,2048,24.35
2026-05-07,REG-SOUTH,PROD-VD-500,9008,1502,26.62
2026-05-07,REG-DELTA,PROD-HS-100,26698,3354,16.27
2026-05-07,REG-DELTA,PROD-HS-110,21597,3664,22.5
2026-05-07,REG-DELTA,PROD-AS-200,19454,2837,23.34
2026-05-07,REG-DELTA,PROD-LB-400,19973,2250,25.32
2026-05-07,REG-DELTA,PROD-DM-300,13090,2247,26.19
2026-05-07,REG-DELTA,PROD-VD-500,8096,1276,28.07
2026-05-07,REG-ISLAND,PROD-HS-100,19402,2480,16.51
2026-05-07,REG-ISLAND,PROD-HS-110,15930,2323,23.34
2026-05-07,REG-ISLAND,PROD-AS-200,15599,2209,25.07
2026-05-07,REG-ISLAND,PROD-LB-400,13578,2157,26.38
2026-05-07,REG-ISLAND,PROD-DM-300,8525,1244,27.07
2026-05-07,REG-ISLAND,PROD-VD-500,3706,551,17.05
2026-05-07,REG-NORTH,PROD-HS-100,38637,4801,23.18
2026-05-07,REG-NORTH,PROD-HS-110,24680,3324,25.01
2026-05-07,REG-NORTH,PROD-AS-200,20854,2955,27.24
2026-05-07,REG-NORTH,PROD-LB-400,18506,2320,27.76
2026-05-07,REG-NORTH,PROD-DM-300,7560,1024,16.8
2026-05-07,REG-NORTH,PROD-VD-500,5694,991,19.27
2026-05-07,REG-CENTRAL,PROD-HS-100,36483,4563,24.22
2026-05-07,REG-CENTRAL,PROD-HS-110,18873,2480,25.18
2026-05-07,REG-CENTRAL,PROD-AS-200,19876,2594,27.48
2026-05-07,REG-CENTRAL,PROD-LB-400,10341,1419,18.32
2026-05-07,REG-CENTRAL,PROD-DM-300,7906,987,19.94
2026-05-07,REG-CENTRAL,PROD-VD-500,5702,635,20.6
2026-05-08,REG-COASTAL,PROD-HS-100,35860,5825,13.66
2026-05-08,REG-COASTAL,PROD-HS-110,24021,3954,19.13
2026-05-08,REG-COASTAL,PROD-AS-200,27905,3416,21.88
2026-05-08,REG-COASTAL,PROD-LB-400,25465,3813,22.44
2026-05-08,REG-COASTAL,PROD-DM-300,18543,2822,23.5
2026-05-08,REG-COASTAL,PROD-VD-500,10414,1359,25.87
2026-05-08,REG-SOUTH,PROD-HS-100,28169,4266,15.05
2026-05-08,REG-SOUTH,PROD-HS-110,24412,3373,20.73
2026-05-08,REG-SOUTH,PROD-AS-200,23546,3458,21.88
2026-05-08,REG-SOUTH,PROD-LB-400,24437,3158,24.51
2026-05-08,REG-SOUTH,PROD-DM-300,14231,1820,25.59
2026-05-08,REG-SOUTH,PROD-VD-500,8444,1357,25.4
2026-05-08,REG-DELTA,PROD-HS-100,28283,4122,16.15
2026-05-08,REG-DELTA,PROD-HS-110,22435,3495,22.66
2026-05-08,REG-DELTA,PROD-AS-200,21480,3390,24.06
2026-05-08,REG-DELTA,PROD-LB-400,21193,2869,25.38
2026-05-08,REG-DELTA,PROD-DM-300,12025,1740,26.24
2026-05-08,REG-DELTA,PROD-VD-500,8712,1321,27.37
2026-05-08,REG-ISLAND,PROD-HS-100,20788,2672,16.98
2026-05-08,REG-ISLAND,PROD-HS-110,17786,2714,23.96
2026-05-08,REG-ISLAND,PROD-AS-200,12185,1184,25.23
2026-05-08,REG-ISLAND,PROD-LB-400,14686,2604,26.27
2026-05-08,REG-ISLAND,PROD-DM-300,7990,1150,27.58
2026-05-08,REG-ISLAND,PROD-VD-500,4014,608,18.51
2026-05-08,REG-NORTH,PROD-HS-100,41814,6346,23.43
2026-05-08,REG-NORTH,PROD-HS-110,19248,1929,25.39
2026-05-08,REG-NORTH,PROD-AS-200,21735,3322,26.61
2026-05-08,REG-NORTH,PROD-LB-400,19207,3099,27.87
2026-05-08,REG-NORTH,PROD-DM-300,7806,1233,18.06
2026-05-08,REG-NORTH,PROD-VD-500,6079,861,19.77
2026-05-08,REG-CENTRAL,PROD-HS-100,35159,5643,24.11
2026-05-08,REG-CENTRAL,PROD-HS-110,21578,2859,27.01
2026-05-08,REG-CENTRAL,PROD-AS-200,17866,2190,26.8
2026-05-08,REG-CENTRAL,PROD-LB-400,10754,1691,17.07
2026-05-08,REG-CENTRAL,PROD-DM-300,7140,814,19.35
2026-05-08,REG-CENTRAL,PROD-VD-500,6492,877,21.11
2026-05-09,REG-COASTAL,PROD-HS-100,35348,4851,13.38
2026-05-09,REG-COASTAL,PROD-HS-110,24711,2681,19.46
2026-05-09,REG-COASTAL,PROD-AS-200,26356,3006,20.68
2026-05-09,REG-COASTAL,PROD-LB-400,27723,3978,22.49
2026-05-09,REG-COASTAL,PROD-DM-300,15104,2462,22.62
2026-05-09,REG-COASTAL,PROD-VD-500,10601,1512,25.11
2026-05-09,REG-SOUTH,PROD-HS-100,29730,4006,15.28
2026-05-09,REG-SOUTH,PROD-HS-110,23360,3536,21.04
2026-05-09,REG-SOUTH,PROD-AS-200,23106,1927,23.51
2026-05-09,REG-SOUTH,PROD-LB-400,19506,2692,23.39
2026-05-09,REG-SOUTH,PROD-DM-300,14248,2037,25.23
2026-05-09,REG-SOUTH,PROD-VD-500,9001,1333,25.39
2026-05-09,REG-DELTA,PROD-HS-100,28598,3514,16.42
2026-05-09,REG-DELTA,PROD-HS-110,23614,3320,22.7
2026-05-09,REG-DELTA,PROD-AS-200,18270,2419,23.21
2026-05-09,REG-DELTA,PROD-LB-400,18764,2160,24.35
2026-05-09,REG-DELTA,PROD-DM-300,12908,1788,26.86
2026-05-09,REG-DELTA,PROD-VD-500,8146,1121,27.02
2026-05-09,REG-ISLAND,PROD-HS-100,24413,3883,17.98
2026-05-09,REG-ISLAND,PROD-HS-110,13714,2028,22.47
2026-05-09,REG-ISLAND,PROD-AS-200,13159,2095,24.75
2026-05-09,REG-ISLAND,PROD-LB-400,14060,1616,26.25
2026-05-09,REG-ISLAND,PROD-DM-300,9422,1235,27.75
2026-05-09,REG-ISLAND,PROD-VD-500,3432,448,17.15
2026-05-09,REG-NORTH,PROD-HS-100,35183,5505,23.78
2026-05-09,REG-NORTH,PROD-HS-110,18822,2031,23.88
2026-05-09,REG-NORTH,PROD-AS-200,20071,2534,26.37
2026-05-09,REG-NORTH,PROD-LB-400,19830,2595,27.93
2026-05-09,REG-NORTH,PROD-DM-300,8218,1141,18.33
2026-05-09,REG-NORTH,PROD-VD-500,6129,845,19.43
2026-05-09,REG-CENTRAL,PROD-HS-100,36758,4614,25.76
2026-05-09,REG-CENTRAL,PROD-HS-110,24135,3904,26.41
2026-05-09,REG-CENTRAL,PROD-AS-200,21231,3442,28.28
2026-05-09,REG-CENTRAL,PROD-LB-400,11831,1792,17.61
2026-05-09,REG-CENTRAL,PROD-DM-300,8426,1268,18.94
2026-05-09,REG-CENTRAL,PROD-VD-500,4840,621,19.9
2026-05-10,REG-COASTAL,PROD-HS-100,21584,2889,14.24
2026-05-10,REG-COASTAL,PROD-HS-110,15811,2261,18.74
2026-05-10,REG-COASTAL,PROD-AS-200,14828,1797,19.89
2026-05-10,REG-COASTAL,PROD-LB-400,15234,2062,22.29
2026-05-10,REG-COASTAL,PROD-DM-300,11152,1635,24.09
2026-05-10,REG-COASTAL,PROD-VD-500,6722,781,25.39
2026-05-10,REG-SOUTH,PROD-HS-100,18565,2389,15.29
2026-05-10,REG-SOUTH,PROD-HS-110,16088,2350,21.57
2026-05-10,REG-SOUTH,PROD-AS-200,12733,1611,21.64
2026-05-10,REG-SOUTH,PROD-LB-400,14448,1983,24.11
2026-05-10,REG-SOUTH,PROD-DM-300,9042,1420,24.75
2026-05-10,REG-SOUTH,PROD-VD-500,6427,1137,26.72
2026-05-10,REG-DELTA,PROD-HS-100,16720,2379,15.52
2026-05-10,REG-DELTA,PROD-HS-110,13171,1986,22.51
2026-05-10,REG-DELTA,PROD-AS-200,12936,1769,24.02
2026-05-10,REG-DELTA,PROD-LB-400,11847,1337,24
2026-05-10,REG-DELTA,PROD-DM-300,7493,1234,26.86
2026-05-10,REG-DELTA,PROD-VD-500,5288,728,26.82
2026-05-10,REG-ISLAND,PROD-HS-100,13171,2118,16.67
2026-05-10,REG-ISLAND,PROD-HS-110,10061,1478,22.95
2026-05-10,REG-ISLAND,PROD-AS-200,9275,1133,25.44
2026-05-10,REG-ISLAND,PROD-LB-400,8841,1260,26.69
2026-05-10,REG-ISLAND,PROD-DM-300,6329,918,28.33
2026-05-10,REG-ISLAND,PROD-VD-500,2388,346,18.07
2026-05-10,REG-NORTH,PROD-HS-100,22518,3027,23.18
2026-05-10,REG-NORTH,PROD-HS-110,14066,1997,24.23
2026-05-10,REG-NORTH,PROD-AS-200,12810,1686,25.81
2026-05-10,REG-NORTH,PROD-LB-400,12887,1918,28.34
2026-05-10,REG-NORTH,PROD-DM-300,5003,608,17.44
2026-05-10,REG-NORTH,PROD-VD-500,3646,490,19.6
2026-05-10,REG-CENTRAL,PROD-HS-100,23552,3235,25.08
2026-05-10,REG-CENTRAL,PROD-HS-110,13950,1946,26.44
2026-05-10,REG-CENTRAL,PROD-AS-200,12075,1658,28.08
2026-05-10,REG-CENTRAL,PROD-LB-400,7273,1129,17.36
2026-05-10,REG-CENTRAL,PROD-DM-300,4618,578,18.97
2026-05-10,REG-CENTRAL,PROD-VD-500,3327,483,21.55
2026-05-11,REG-COASTAL,PROD-HS-100,37773,5418,14.3
2026-05-11,REG-COASTAL,PROD-HS-110,25562,3663,18.81
2026-05-11,REG-COASTAL,PROD-AS-200,23294,3399,20.2
2026-05-11,REG-COASTAL,PROD-LB-400,22887,3363,23.3
2026-05-11,REG-COASTAL,PROD-DM-300,16295,2513,23.48
2026-05-11,REG-COASTAL,PROD-VD-500,10683,2028,24.73
2026-05-11,REG-SOUTH,PROD-HS-100,34531,5123,15.97
2026-05-11,REG-SOUTH,PROD-HS-110,22080,3205,20.7
2026-05-11,REG-SOUTH,PROD-AS-200,21156,3810,22.41
2026-05-11,REG-SOUTH,PROD-LB-400,21169,3477,23.19
2026-05-11,REG-SOUTH,PROD-DM-300,13336,1354,23.68
2026-05-11,REG-SOUTH,PROD-VD-500,10768,1658,26.56
2026-05-11,REG-DELTA,PROD-HS-100,25748,3233,16.13
2026-05-11,REG-DELTA,PROD-HS-110,19130,2500,21.74
2026-05-11,REG-DELTA,PROD-AS-200,20747,2242,23.85
2026-05-11,REG-DELTA,PROD-LB-400,18400,2717,25.25
2026-05-11,REG-DELTA,PROD-DM-300,14317,2045,26.45
2026-05-11,REG-DELTA,PROD-VD-500,8859,1302,27.89
2026-05-11,REG-ISLAND,PROD-HS-100,19185,2908,16.51
2026-05-11,REG-ISLAND,PROD-HS-110,15511,2542,23.67
2026-05-11,REG-ISLAND,PROD-AS-200,15748,2406,25.32
2026-05-11,REG-ISLAND,PROD-LB-400,14256,2042,25.99
2026-05-11,REG-ISLAND,PROD-DM-300,10107,1281,28.47
2026-05-11,REG-ISLAND,PROD-VD-500,3639,488,17.22
2026-05-11,REG-NORTH,PROD-HS-100,39380,4356,24.53
2026-05-11,REG-NORTH,PROD-HS-110,23627,3092,24.19
2026-05-11,REG-NORTH,PROD-AS-200,20950,2623,26.99
2026-05-11,REG-NORTH,PROD-LB-400,21320,2592,27.79
2026-05-11,REG-NORTH,PROD-DM-300,7405,954,17.82
2026-05-11,REG-NORTH,PROD-VD-500,5111,670,19.06
2026-05-11,REG-CENTRAL,PROD-HS-100,39378,6559,24.9
2026-05-11,REG-CENTRAL,PROD-HS-110,22530,2653,26.57
2026-05-11,REG-CENTRAL,PROD-AS-200,20254,3004,28.7
2026-05-11,REG-CENTRAL,PROD-LB-400,9888,1048,18
2026-05-11,REG-CENTRAL,PROD-DM-300,8634,1355,20.28
2026-05-11,REG-CENTRAL,PROD-VD-500,5576,677,20.67
2026-05-12,REG-COASTAL,PROD-HS-100,39469,6858,14.4
2026-05-12,REG-COASTAL,PROD-HS-110,23256,3721,19.5
2026-05-12,REG-COASTAL,PROD-AS-200,23293,2955,20.69
2026-05-12,REG-COASTAL,PROD-LB-400,24983,3465,22.3
2026-05-12,REG-COASTAL,PROD-DM-300,18676,2678,23.81
2026-05-12,REG-COASTAL,PROD-VD-500,10667,1047,25.12
2026-05-12,REG-SOUTH,PROD-HS-100,29652,2624,15.85
2026-05-12,REG-SOUTH,PROD-HS-110,21598,3290,20.66
2026-05-12,REG-SOUTH,PROD-AS-200,21356,1868,22.37
2026-05-12,REG-SOUTH,PROD-LB-400,22172,3627,23.62
2026-05-12,REG-SOUTH,PROD-DM-300,13296,1962,24.22
2026-05-12,REG-SOUTH,PROD-VD-500,9825,1133,26.5
2026-05-12,REG-DELTA,PROD-HS-100,25602,2700,15.44
2026-05-12,REG-DELTA,PROD-HS-110,22724,2656,22.13
2026-05-12,REG-DELTA,PROD-AS-200,20285,2562,24.72
2026-05-12,REG-DELTA,PROD-LB-400,18001,2706,24.51
2026-05-12,REG-DELTA,PROD-DM-300,14752,2142,27.47
2026-05-12,REG-DELTA,PROD-VD-500,8281,1205,27.32
2026-05-12,REG-ISLAND,PROD-HS-100,21476,3247,17.58
2026-05-12,REG-ISLAND,PROD-HS-110,16850,2443,24.17
2026-05-12,REG-ISLAND,PROD-AS-200,15021,1644,25.14
2026-05-12,REG-ISLAND,PROD-LB-400,15420,2104,26.21
2026-05-12,REG-ISLAND,PROD-DM-300,8361,1072,26.6
2026-05-12,REG-ISLAND,PROD-VD-500,3399,460,16.99
2026-05-12,REG-NORTH,PROD-HS-100,39551,5627,23.84
2026-05-12,REG-NORTH,PROD-HS-110,21781,3292,23.67
2026-05-12,REG-NORTH,PROD-AS-200,20846,3203,27.18
2026-05-12,REG-NORTH,PROD-LB-400,17439,1548,28.58
2026-05-12,REG-NORTH,PROD-DM-300,6998,839,17.96
2026-05-12,REG-NORTH,PROD-VD-500,5681,800,18.7
2026-05-12,REG-CENTRAL,PROD-HS-100,38160,5490,24.71
2026-05-12,REG-CENTRAL,PROD-HS-110,22100,2685,26.27
2026-05-12,REG-CENTRAL,PROD-AS-200,19612,3182,28.04
2026-05-12,REG-CENTRAL,PROD-LB-400,11896,1889,18.88
2026-05-12,REG-CENTRAL,PROD-DM-300,7428,891,19.06
2026-05-12,REG-CENTRAL,PROD-VD-500,5707,756,21.53
2026-05-13,REG-COASTAL,PROD-HS-100,29919,3829,13.1
2026-05-13,REG-COASTAL,PROD-HS-110,24295,3170,19.03
2026-05-13,REG-COASTAL,PROD-AS-200,23019,2713,19.87
2026-05-13,REG-COASTAL,PROD-LB-400,24186,2730,22.14
2026-05-13,REG-COASTAL,PROD-DM-300,14803,2063,23.59
2026-05-13,REG-COASTAL,PROD-VD-500,12158,1866,25.35
2026-05-13,REG-SOUTH,PROD-HS-100,30966,4415,14.86
2026-05-13,REG-SOUTH,PROD-HS-110,23386,3436,21.18
2026-05-13,REG-SOUTH,PROD-AS-200,22897,3073,22.32
2026-05-13,REG-SOUTH,PROD-LB-400,23246,3448,23.51
2026-05-13,REG-SOUTH,PROD-DM-300,13767,1959,24.4
2026-05-13,REG-SOUTH,PROD-VD-500,9160,1250,26.19
2026-05-13,REG-DELTA,PROD-HS-100,28782,4424,15.76
2026-05-13,REG-DELTA,PROD-HS-110,20981,3251,21.83
2026-05-13,REG-DELTA,PROD-AS-200,24368,4251,24.3
2026-05-13,REG-DELTA,PROD-LB-400,19182,2585,25.19
2026-05-13,REG-DELTA,PROD-DM-300,11632,1363,26.6
2026-05-13,REG-DELTA,PROD-VD-500,8282,1253,27.56
2026-05-13,REG-ISLAND,PROD-HS-100,22379,3498,17.24
2026-05-13,REG-ISLAND,PROD-HS-110,15117,1722,23.21
2026-05-13,REG-ISLAND,PROD-AS-200,17361,2161,25.42
2026-05-13,REG-ISLAND,PROD-LB-400,12622,1467,26.81
2026-05-13,REG-ISLAND,PROD-DM-300,9349,1259,27.71
2026-05-13,REG-ISLAND,PROD-VD-500,4123,500,17.94
2026-05-13,REG-NORTH,PROD-HS-100,42225,6662,24.44
2026-05-13,REG-NORTH,PROD-HS-110,22747,2345,24.55
2026-05-13,REG-NORTH,PROD-AS-200,19397,2265,26.89
2026-05-13,REG-NORTH,PROD-LB-400,19993,3397,27.07
2026-05-13,REG-NORTH,PROD-DM-300,8523,1167,19.01
2026-05-13,REG-NORTH,PROD-VD-500,5483,707,18.73
2026-05-13,REG-CENTRAL,PROD-HS-100,38436,4752,24.62
2026-05-13,REG-CENTRAL,PROD-HS-110,18647,2251,26.79
2026-05-13,REG-CENTRAL,PROD-AS-200,18962,2507,27.84
2026-05-13,REG-CENTRAL,PROD-LB-400,11159,1256,17.84
2026-05-13,REG-CENTRAL,PROD-DM-300,8138,1223,18.95
2026-05-13,REG-CENTRAL,PROD-VD-500,6644,1018,20.91
2026-05-14,REG-COASTAL,PROD-HS-100,32034,4410,13.02
2026-05-14,REG-COASTAL,PROD-HS-110,24705,3836,19.23
2026-05-14,REG-COASTAL,PROD-AS-200,27639,2788,21.19
2026-05-14,REG-COASTAL,PROD-LB-400,24366,2954,22.59
2026-05-14,REG-COASTAL,PROD-DM-300,15703,1308,24.19
2026-05-14,REG-COASTAL,PROD-VD-500,10242,1412,24.8
2026-05-14,REG-SOUTH,PROD-HS-100,30898,4753,14.43
2026-05-14,REG-SOUTH,PROD-HS-110,22824,3510,20.93
2026-05-14,REG-SOUTH,PROD-AS-200,22817,2548,21.91
2026-05-14,REG-SOUTH,PROD-LB-400,23214,4304,23.17
2026-05-14,REG-SOUTH,PROD-DM-300,11581,1647,24.84
2026-05-14,REG-SOUTH,PROD-VD-500,9289,1469,25.98
2026-05-14,REG-DELTA,PROD-HS-100,30320,4418,16.5
2026-05-14,REG-DELTA,PROD-HS-110,20703,2723,22.59
2026-05-14,REG-DELTA,PROD-AS-200,22034,3487,23.45
2026-05-14,REG-DELTA,PROD-LB-400,15006,1807,24.67
2026-05-14,REG-DELTA,PROD-DM-300,10808,1292,26.14
2026-05-14,REG-DELTA,PROD-VD-500,7309,935,27.47
2026-05-14,REG-ISLAND,PROD-HS-100,25869,4781,17.99
2026-05-14,REG-ISLAND,PROD-HS-110,15989,2316,23.95
2026-05-14,REG-ISLAND,PROD-AS-200,13556,1581,25.48
2026-05-14,REG-ISLAND,PROD-LB-400,11632,1556,25.84
2026-05-14,REG-ISLAND,PROD-DM-300,9307,1100,28.6
2026-05-14,REG-ISLAND,PROD-VD-500,3626,414,16.82
2026-05-14,REG-NORTH,PROD-HS-100,40804,5174,23.3
2026-05-14,REG-NORTH,PROD-HS-110,21267,2750,25.09
2026-05-14,REG-NORTH,PROD-AS-200,19601,2013,26.77
2026-05-14,REG-NORTH,PROD-LB-400,19035,2154,27.54
2026-05-14,REG-NORTH,PROD-DM-300,10061,1521,19.45
2026-05-14,REG-NORTH,PROD-VD-500,6206,832,19.12
2026-05-14,REG-CENTRAL,PROD-HS-100,35787,4348,25.77
2026-05-14,REG-CENTRAL,PROD-HS-110,18783,1958,26
2026-05-14,REG-CENTRAL,PROD-AS-200,18870,1951,27.87
2026-05-14,REG-CENTRAL,PROD-LB-400,10620,1475,17.09
2026-05-14,REG-CENTRAL,PROD-DM-300,8780,1145,19.48
2026-05-14,REG-CENTRAL,PROD-VD-500,5845,829,21.34
2026-05-15,REG-COASTAL,PROD-HS-100,37729,4841,14.54
2026-05-15,REG-COASTAL,PROD-HS-110,27558,4564,19.89
2026-05-15,REG-COASTAL,PROD-AS-200,24494,3327,19.76
2026-05-15,REG-COASTAL,PROD-LB-400,26996,3612,22.19
2026-05-15,REG-COASTAL,PROD-DM-300,14747,2155,23.1
2026-05-15,REG-COASTAL,PROD-VD-500,9774,1257,25.35
2026-05-15,REG-SOUTH,PROD-HS-100,31978,4097,15.2
2026-05-15,REG-SOUTH,PROD-HS-110,24434,3577,21.13
2026-05-15,REG-SOUTH,PROD-AS-200,22967,3109,21.35
2026-05-15,REG-SOUTH,PROD-LB-400,20325,3044,23.61
2026-05-15,REG-SOUTH,PROD-DM-300,13016,1865,24.29
2026-05-15,REG-SOUTH,PROD-VD-500,9519,1187,26.04
2026-05-15,REG-DELTA,PROD-HS-100,31228,4054,16.31
2026-05-15,REG-DELTA,PROD-HS-110,23507,3307,22.62
2026-05-15,REG-DELTA,PROD-AS-200,17083,1631,22.52
2026-05-15,REG-DELTA,PROD-LB-400,19028,2054,25.52
2026-05-15,REG-DELTA,PROD-DM-300,12599,1269,26.41
2026-05-15,REG-DELTA,PROD-VD-500,9077,1300,27.68
2026-05-15,REG-ISLAND,PROD-HS-100,22460,3390,16.71
2026-05-15,REG-ISLAND,PROD-HS-110,15717,2211,22.55
2026-05-15,REG-ISLAND,PROD-AS-200,13041,1817,24.78
2026-05-15,REG-ISLAND,PROD-LB-400,13288,2114,26.42
2026-05-15,REG-ISLAND,PROD-DM-300,10444,1309,28.55
2026-05-15,REG-ISLAND,PROD-VD-500,4100,581,18.23
2026-05-15,REG-NORTH,PROD-HS-100,37214,4418,23.66
2026-05-15,REG-NORTH,PROD-HS-110,20989,2325,25.05
2026-05-15,REG-NORTH,PROD-AS-200,19636,2783,26.29
2026-05-15,REG-NORTH,PROD-LB-400,19688,3256,27.66
2026-05-15,REG-NORTH,PROD-DM-300,8880,1283,17.88
2026-05-15,REG-NORTH,PROD-VD-500,6049,959,18.92
2026-05-15,REG-CENTRAL,PROD-HS-100,34739,5181,24.21
2026-05-15,REG-CENTRAL,PROD-HS-110,22141,3568,26.96
2026-05-15,REG-CENTRAL,PROD-AS-200,19397,2385,27.71
2026-05-15,REG-CENTRAL,PROD-LB-400,12276,1809,17.68
2026-05-15,REG-CENTRAL,PROD-DM-300,8567,1130,19.32
2026-05-15,REG-CENTRAL,PROD-VD-500,5461,786,21.15
2026-05-16,REG-COASTAL,PROD-HS-100,36066,5152,14.53
2026-05-16,REG-COASTAL,PROD-HS-110,28522,4658,19.29
2026-05-16,REG-COASTAL,PROD-AS-200,26397,4492,20.24
2026-05-16,REG-COASTAL,PROD-LB-400,22933,3121,21.44
2026-05-16,REG-COASTAL,PROD-DM-300,16193,2218,23.49
2026-05-16,REG-COASTAL,PROD-VD-500,10968,1451,25.31
2026-05-16,REG-SOUTH,PROD-HS-100,33377,5450,15.44
2026-05-16,REG-SOUTH,PROD-HS-110,25607,4093,20.55
2026-05-16,REG-SOUTH,PROD-AS-200,23160,2683,23.16
2026-05-16,REG-SOUTH,PROD-LB-400,18210,1881,23.63
2026-05-16,REG-SOUTH,PROD-DM-300,14415,2066,25.2
2026-05-16,REG-SOUTH,PROD-VD-500,9229,964,27.01
2026-05-16,REG-DELTA,PROD-HS-100,32495,5375,16.33
2026-05-16,REG-DELTA,PROD-HS-110,20291,2752,22.2
2026-05-16,REG-DELTA,PROD-AS-200,20610,2847,22.43
2026-05-16,REG-DELTA,PROD-LB-400,20057,3174,25.27
2026-05-16,REG-DELTA,PROD-DM-300,12722,1655,25.98
2026-05-16,REG-DELTA,PROD-VD-500,9981,1362,28.07
2026-05-16,REG-ISLAND,PROD-HS-100,20422,2529,17.93
2026-05-16,REG-ISLAND,PROD-HS-110,15264,1906,23.56
2026-05-16,REG-ISLAND,PROD-AS-200,14264,1805,25.53
2026-05-16,REG-ISLAND,PROD-LB-400,14647,2343,25.53
2026-05-16,REG-ISLAND,PROD-DM-300,9842,1666,27.07
2026-05-16,REG-ISLAND,PROD-VD-500,3805,500,17.67
2026-05-16,REG-NORTH,PROD-HS-100,36675,5123,22.31
2026-05-16,REG-NORTH,PROD-HS-110,22658,3010,26.16
2026-05-16,REG-NORTH,PROD-AS-200,19100,2322,25.46
2026-05-16,REG-NORTH,PROD-LB-400,20140,2800,28.8
2026-05-16,REG-NORTH,PROD-DM-300,9412,1059,18.48
2026-05-16,REG-NORTH,PROD-VD-500,5064,752,18.75
2026-05-16,REG-CENTRAL,PROD-HS-100,35470,4152,24.99
2026-05-16,REG-CENTRAL,PROD-HS-110,21431,2801,26.54
2026-05-16,REG-CENTRAL,PROD-AS-200,20046,2879,27.29
2026-05-16,REG-CENTRAL,PROD-LB-400,13163,1980,19.08
2026-05-16,REG-CENTRAL,PROD-DM-300,7524,1348,19.61
2026-05-16,REG-CENTRAL,PROD-VD-500,5253,799,21.41
2026-05-17,REG-COASTAL,PROD-HS-100,22622,3461,13.71
2026-05-17,REG-COASTAL,PROD-HS-110,15603,1982,19
2026-05-17,REG-COASTAL,PROD-AS-200,15745,2313,19.99
2026-05-17,REG-COASTAL,PROD-LB-400,16730,3005,22.46
2026-05-17,REG-COASTAL,PROD-DM-300,8634,947,23.01
2026-05-17,REG-COASTAL,PROD-VD-500,7110,911,24.31
2026-05-17,REG-SOUTH,PROD-HS-100,20973,3537,15.17
2026-05-17,REG-SOUTH,PROD-HS-110,13895,2081,21.36
2026-05-17,REG-SOUTH,PROD-AS-200,12957,1957,21.61
2026-05-17,REG-SOUTH,PROD-LB-400,11652,1287,23.14
2026-05-17,REG-SOUTH,PROD-DM-300,7866,1074,25.34
2026-05-17,REG-SOUTH,PROD-VD-500,6257,934,26.09
2026-05-17,REG-DELTA,PROD-HS-100,18657,2678,15.88
2026-05-17,REG-DELTA,PROD-HS-110,13012,1722,22.09
2026-05-17,REG-DELTA,PROD-AS-200,13458,1919,24.29
2026-05-17,REG-DELTA,PROD-LB-400,11399,1467,25.4
2026-05-17,REG-DELTA,PROD-DM-300,8098,1166,26.87
2026-05-17,REG-DELTA,PROD-VD-500,5498,744,27.64
2026-05-17,REG-ISLAND,PROD-HS-100,12721,1071,16.74
2026-05-17,REG-ISLAND,PROD-HS-110,10421,1504,24.63
2026-05-17,REG-ISLAND,PROD-AS-200,8578,1250,24.51
2026-05-17,REG-ISLAND,PROD-LB-400,9386,1632,26.02
2026-05-17,REG-ISLAND,PROD-DM-300,5798,807,28.04
2026-05-17,REG-ISLAND,PROD-VD-500,2203,253,17.26
2026-05-17,REG-NORTH,PROD-HS-100,24627,2922,23.39
2026-05-17,REG-NORTH,PROD-HS-110,12869,1375,24.99
2026-05-17,REG-NORTH,PROD-AS-200,11844,1309,25.63
2026-05-17,REG-NORTH,PROD-LB-400,12217,1390,27.98
2026-05-17,REG-NORTH,PROD-DM-300,5408,658,17.99
2026-05-17,REG-NORTH,PROD-VD-500,3881,496,19.8
2026-05-17,REG-CENTRAL,PROD-HS-100,24537,4034,25.6
2026-05-17,REG-CENTRAL,PROD-HS-110,12349,1806,25.9
2026-05-17,REG-CENTRAL,PROD-AS-200,11796,1912,28.4
2026-05-17,REG-CENTRAL,PROD-LB-400,6879,844,18.34
2026-05-17,REG-CENTRAL,PROD-DM-300,5332,590,20.09
2026-05-17,REG-CENTRAL,PROD-VD-500,3476,504,21.69
2026-05-18,REG-COASTAL,PROD-HS-100,39621,5091,14.6
2026-05-18,REG-COASTAL,PROD-HS-110,24299,2945,18.81
2026-05-18,REG-COASTAL,PROD-AS-200,24286,3557,21.24
2026-05-18,REG-COASTAL,PROD-LB-400,25258,3256,22.54
2026-05-18,REG-COASTAL,PROD-DM-300,16244,2180,23.02
2026-05-18,REG-COASTAL,PROD-VD-500,11141,1019,25.05
2026-05-18,REG-SOUTH,PROD-HS-100,29333,4642,14.64
2026-05-18,REG-SOUTH,PROD-HS-110,22141,3353,21.11
2026-05-18,REG-SOUTH,PROD-AS-200,22956,2717,22.34
2026-05-18,REG-SOUTH,PROD-LB-400,21347,3090,23.38
2026-05-18,REG-SOUTH,PROD-DM-300,13209,1645,24.66
2026-05-18,REG-SOUTH,PROD-VD-500,9440,1297,26.87
2026-05-18,REG-DELTA,PROD-HS-100,27565,3981,15.76
2026-05-18,REG-DELTA,PROD-HS-110,23211,3319,21.79
2026-05-18,REG-DELTA,PROD-AS-200,19760,3006,23.7
2026-05-18,REG-DELTA,PROD-LB-400,22002,3710,25.27
2026-05-18,REG-DELTA,PROD-DM-300,13804,1870,25.72
2026-05-18,REG-DELTA,PROD-VD-500,7906,1043,28.72
2026-05-18,REG-ISLAND,PROD-HS-100,21926,3140,17.54
2026-05-18,REG-ISLAND,PROD-HS-110,14864,1920,23.84
2026-05-18,REG-ISLAND,PROD-AS-200,14875,2425,25.2
2026-05-18,REG-ISLAND,PROD-LB-400,16151,2546,27.05
2026-05-18,REG-ISLAND,PROD-DM-300,9001,1415,27.49
2026-05-18,REG-ISLAND,PROD-VD-500,3800,565,17.97
2026-05-18,REG-NORTH,PROD-HS-100,41974,6665,23.2
2026-05-18,REG-NORTH,PROD-HS-110,22711,4037,24.93
2026-05-18,REG-NORTH,PROD-AS-200,19352,2415,25.55
2026-05-18,REG-NORTH,PROD-LB-400,17558,2089,27.23
2026-05-18,REG-NORTH,PROD-DM-300,8565,1160,18.42
2026-05-18,REG-NORTH,PROD-VD-500,5689,639,20.2
2026-05-18,REG-CENTRAL,PROD-HS-100,38122,5745,24.7
2026-05-18,REG-CENTRAL,PROD-HS-110,20760,2623,26.63
2026-05-18,REG-CENTRAL,PROD-AS-200,16993,2517,28.05
2026-05-18,REG-CENTRAL,PROD-LB-400,11030,1319,17.43
2026-05-18,REG-CENTRAL,PROD-DM-300,7195,573,18.92
2026-05-18,REG-CENTRAL,PROD-VD-500,5576,799,21.04
2026-05-19,REG-COASTAL,PROD-HS-100,32722,4206,14.46
2026-05-19,REG-COASTAL,PROD-HS-110,26284,3048,19.72
2026-05-19,REG-COASTAL,PROD-AS-200,25661,3409,20.3
2026-05-19,REG-COASTAL,PROD-LB-400,22997,3093,22.83
2026-05-19,REG-COASTAL,PROD-DM-300,17030,3130,23.32
2026-05-19,REG-COASTAL,PROD-VD-500,12060,1426,25.26
2026-05-19,REG-SOUTH,PROD-HS-100,30419,4525,15.29
2026-05-19,REG-SOUTH,PROD-HS-110,22644,2815,19.95
2026-05-19,REG-SOUTH,PROD-AS-200,25215,4371,22.41
2026-05-19,REG-SOUTH,PROD-LB-400,22100,3489,24.08
2026-05-19,REG-SOUTH,PROD-DM-300,14945,2513,24.72
2026-05-19,REG-SOUTH,PROD-VD-500,8453,1207,25.51
2026-05-19,REG-DELTA,PROD-HS-100,30254,4367,16.73
2026-05-19,REG-DELTA,PROD-HS-110,23562,3301,21.65
2026-05-19,REG-DELTA,PROD-AS-200,21389,3154,24.71
2026-05-19,REG-DELTA,PROD-LB-400,21054,3672,24.59
2026-05-19,REG-DELTA,PROD-DM-300,12435,1870,25.21
2026-05-19,REG-DELTA,PROD-VD-500,8247,1039,27
2026-05-19,REG-ISLAND,PROD-HS-100,22043,3004,17.56
2026-05-19,REG-ISLAND,PROD-HS-110,15562,2119,23.06
2026-05-19,REG-ISLAND,PROD-AS-200,16018,2562,24.78
2026-05-19,REG-ISLAND,PROD-LB-400,12583,1730,25.72
2026-05-19,REG-ISLAND,PROD-DM-300,8440,1399,27.29
2026-05-19,REG-ISLAND,PROD-VD-500,3990,476,18.02
2026-05-19,REG-NORTH,PROD-HS-100,41680,5968,23.39
2026-05-19,REG-NORTH,PROD-HS-110,21082,2859,25.03
2026-05-19,REG-NORTH,PROD-AS-200,18426,2541,26.97
2026-05-19,REG-NORTH,PROD-LB-400,17445,2819,27.34
2026-05-19,REG-NORTH,PROD-DM-300,8265,881,18.19
2026-05-19,REG-NORTH,PROD-VD-500,5648,662,19.48
2026-05-19,REG-CENTRAL,PROD-HS-100,37812,5774,24.7
2026-05-19,REG-CENTRAL,PROD-HS-110,18485,2640,26.9
2026-05-19,REG-CENTRAL,PROD-AS-200,17772,1781,27.2
2026-05-19,REG-CENTRAL,PROD-LB-400,11400,1725,17.43
2026-05-19,REG-CENTRAL,PROD-DM-300,7148,728,18.94
2026-05-19,REG-CENTRAL,PROD-VD-500,5773,948,20.71
2026-05-20,REG-COASTAL,PROD-HS-100,35519,4739,13.72
2026-05-20,REG-COASTAL,PROD-HS-110,26397,3988,18.8
2026-05-20,REG-COASTAL,PROD-AS-200,27987,4964,21.1
2026-05-20,REG-COASTAL,PROD-LB-400,26644,3995,21.76
2026-05-20,REG-COASTAL,PROD-DM-300,16389,2140,24.11
2026-05-20,REG-COASTAL,PROD-VD-500,10449,1260,24.12
2026-05-20,REG-SOUTH,PROD-HS-100,32463,4674,15.23
2026-05-20,REG-SOUTH,PROD-HS-110,24081,2924,20.38
2026-05-20,REG-SOUTH,PROD-AS-200,21648,2744,21.05
2026-05-20,REG-SOUTH,PROD-LB-400,20922,2932,23.86
2026-05-20,REG-SOUTH,PROD-DM-300,12308,2139,24.62
2026-05-20,REG-SOUTH,PROD-VD-500,8911,1216,26.08
2026-05-20,REG-DELTA,PROD-HS-100,29254,3822,16.31
2026-05-20,REG-DELTA,PROD-HS-110,21301,2629,22.2
2026-05-20,REG-DELTA,PROD-AS-200,20282,2628,23.44
2026-05-20,REG-DELTA,PROD-LB-400,15742,2442,25.78
2026-05-20,REG-DELTA,PROD-DM-300,12122,1026,26.36
2026-05-20,REG-DELTA,PROD-VD-500,8160,1294,27.25
2026-05-20,REG-ISLAND,PROD-HS-100,22450,3145,16.86
2026-05-20,REG-ISLAND,PROD-HS-110,16977,2886,23.45
2026-05-20,REG-ISLAND,PROD-AS-200,14049,1653,25.72
2026-05-20,REG-ISLAND,PROD-LB-400,12860,2210,26.3
2026-05-20,REG-ISLAND,PROD-DM-300,9375,1484,28.18
2026-05-20,REG-ISLAND,PROD-VD-500,4024,567,18.01
2026-05-20,REG-NORTH,PROD-HS-100,40985,5315,23.34
2026-05-20,REG-NORTH,PROD-HS-110,20533,2764,25.24
2026-05-20,REG-NORTH,PROD-AS-200,19491,1904,26.69
2026-05-20,REG-NORTH,PROD-LB-400,19636,2540,26.88
2026-05-20,REG-NORTH,PROD-DM-300,9075,1313,18.18
2026-05-20,REG-NORTH,PROD-VD-500,6182,995,20.5
2026-05-20,REG-CENTRAL,PROD-HS-100,32524,5287,24.83
2026-05-20,REG-CENTRAL,PROD-HS-110,16205,1973,25.74
2026-05-20,REG-CENTRAL,PROD-AS-200,20999,2757,28.15
2026-05-20,REG-CENTRAL,PROD-LB-400,12280,2254,17.81
2026-05-20,REG-CENTRAL,PROD-DM-300,9218,1337,19.95
2026-05-20,REG-CENTRAL,PROD-VD-500,5341,753,20.21
2026-05-21,REG-COASTAL,PROD-HS-100,37677,6375,13.79
2026-05-21,REG-COASTAL,PROD-HS-110,25736,3125,19.11
2026-05-21,REG-COASTAL,PROD-AS-200,28626,2578,21.33
2026-05-21,REG-COASTAL,PROD-LB-400,24249,2395,22.14
2026-05-21,REG-COASTAL,PROD-DM-300,14636,1691,23.71
2026-05-21,REG-COASTAL,PROD-VD-500,10596,1462,25.37
2026-05-21,REG-SOUTH,PROD-HS-100,32680,4714,14.77
2026-05-21,REG-SOUTH,PROD-HS-110,25917,4836,21.21
2026-05-21,REG-SOUTH,PROD-AS-200,23843,4115,22.39
2026-05-21,REG-SOUTH,PROD-LB-400,19542,2849,23.02
2026-05-21,REG-SOUTH,PROD-DM-300,13681,2026,24.59
2026-05-21,REG-SOUTH,PROD-VD-500,9306,1487,26.33
2026-05-21,REG-DELTA,PROD-HS-100,30793,4249,15.46
2026-05-21,REG-DELTA,PROD-HS-110,20588,2885,22.16
2026-05-21,REG-DELTA,PROD-AS-200,18357,2363,23.73
2026-05-21,REG-DELTA,PROD-LB-400,17506,1715,25.84
2026-05-21,REG-DELTA,PROD-DM-300,13597,1915,26.43
2026-05-21,REG-DELTA,PROD-VD-500,9693,1057,28.13
2026-05-21,REG-ISLAND,PROD-HS-100,23745,4035,17.21
2026-05-21,REG-ISLAND,PROD-HS-110,16119,2942,24.54
2026-05-21,REG-ISLAND,PROD-AS-200,13596,2166,24.48
2026-05-21,REG-ISLAND,PROD-LB-400,13286,1327,26.63
2026-05-21,REG-ISLAND,PROD-DM-300,9235,1338,27.04
2026-05-21,REG-ISLAND,PROD-VD-500,4719,776,18.17
2026-05-21,REG-NORTH,PROD-HS-100,32021,2739,24.26
2026-05-21,REG-NORTH,PROD-HS-110,21281,2169,24.92
2026-05-21,REG-NORTH,PROD-AS-200,20093,3004,25.58
2026-05-21,REG-NORTH,PROD-LB-400,20287,2858,27.67
2026-05-21,REG-NORTH,PROD-DM-300,8143,1174,17.42
2026-05-21,REG-NORTH,PROD-VD-500,5667,606,20.41
2026-05-21,REG-CENTRAL,PROD-HS-100,34217,4330,24.91
2026-05-21,REG-CENTRAL,PROD-HS-110,22026,3420,26.69
2026-05-21,REG-CENTRAL,PROD-AS-200,20963,2811,28.81
2026-05-21,REG-CENTRAL,PROD-LB-400,12416,1819,18.79
2026-05-21,REG-CENTRAL,PROD-DM-300,8401,1278,19.62
2026-05-21,REG-CENTRAL,PROD-VD-500,5642,872,21.49
2026-05-22,REG-COASTAL,PROD-HS-100,38216,5793,14
2026-05-22,REG-COASTAL,PROD-HS-110,29931,4590,18.95
2026-05-22,REG-COASTAL,PROD-AS-200,28113,3983,20.64
2026-05-22,REG-COASTAL,PROD-LB-400,21799,2596,22.3
2026-05-22,REG-COASTAL,PROD-DM-300,16116,2254,24.11
2026-05-22,REG-COASTAL,PROD-VD-500,11469,1564,25.01
2026-05-22,REG-SOUTH,PROD-HS-100,35735,5691,15.28
2026-05-22,REG-SOUTH,PROD-HS-110,26366,2918,20.75
2026-05-22,REG-SOUTH,PROD-AS-200,19858,2649,21.7
2026-05-22,REG-SOUTH,PROD-LB-400,21107,3403,24.8
2026-05-22,REG-SOUTH,PROD-DM-300,13582,1560,24.74
2026-05-22,REG-SOUTH,PROD-VD-500,10543,1491,25.64
2026-05-22,REG-DELTA,PROD-HS-100,32085,4929,16.35
2026-05-22,REG-DELTA,PROD-HS-110,18246,1933,22.75
2026-05-22,REG-DELTA,PROD-AS-200,20782,2780,24.83
2026-05-22,REG-DELTA,PROD-LB-400,18623,3028,24.33
2026-05-22,REG-DELTA,PROD-DM-300,13654,2330,26.52
2026-05-22,REG-DELTA,PROD-VD-500,9374,1247,27.83
2026-05-22,REG-ISLAND,PROD-HS-100,21831,3134,16.98
2026-05-22,REG-ISLAND,PROD-HS-110,13686,1691,22.93
2026-05-22,REG-ISLAND,PROD-AS-200,15271,1955,25.08
2026-05-22,REG-ISLAND,PROD-LB-400,15516,2556,27.34
2026-05-22,REG-ISLAND,PROD-DM-300,9838,1256,27.33
2026-05-22,REG-ISLAND,PROD-VD-500,3770,370,17.89
2026-05-22,REG-NORTH,PROD-HS-100,34478,4646,22.88
2026-05-22,REG-NORTH,PROD-HS-110,22980,3445,26.05
2026-05-22,REG-NORTH,PROD-AS-200,23761,3246,27.46
2026-05-22,REG-NORTH,PROD-LB-400,22951,2983,27.09
2026-05-22,REG-NORTH,PROD-DM-300,8870,1118,17.86
2026-05-22,REG-NORTH,PROD-VD-500,4698,681,18.6
2026-05-22,REG-CENTRAL,PROD-HS-100,36054,5527,25.38
2026-05-22,REG-CENTRAL,PROD-HS-110,19279,2287,25.82
2026-05-22,REG-CENTRAL,PROD-AS-200,21852,2806,29.35
2026-05-22,REG-CENTRAL,PROD-LB-400,13062,2209,17.04
2026-05-22,REG-CENTRAL,PROD-DM-300,7843,1207,20.48
2026-05-22,REG-CENTRAL,PROD-VD-500,4701,638,19.92
2026-05-23,REG-COASTAL,PROD-HS-100,38931,5078,13.61
2026-05-23,REG-COASTAL,PROD-HS-110,26822,3068,19.6
2026-05-23,REG-COASTAL,PROD-AS-200,23188,3334,20.99
2026-05-23,REG-COASTAL,PROD-LB-400,22360,2814,22.68
2026-05-23,REG-COASTAL,PROD-DM-300,17085,2354,23.27
2026-05-23,REG-COASTAL,PROD-VD-500,11616,1518,25.18
2026-05-23,REG-SOUTH,PROD-HS-100,35997,5417,15.25
2026-05-23,REG-SOUTH,PROD-HS-110,21421,2703,20.57
2026-05-23,REG-SOUTH,PROD-AS-200,16974,2150,21.7
2026-05-23,REG-SOUTH,PROD-LB-400,22007,2715,24.12
2026-05-23,REG-SOUTH,PROD-DM-300,14854,2051,24.48
2026-05-23,REG-SOUTH,PROD-VD-500,10248,1675,26.54
2026-05-23,REG-DELTA,PROD-HS-100,27740,3176,16.44
2026-05-23,REG-DELTA,PROD-HS-110,19032,2259,22.1
2026-05-23,REG-DELTA,PROD-AS-200,17843,2324,22.59
2026-05-23,REG-DELTA,PROD-LB-400,17097,2083,23.95
2026-05-23,REG-DELTA,PROD-DM-300,14909,2009,26.49
2026-05-23,REG-DELTA,PROD-VD-500,9941,1285,28.2
2026-05-23,REG-ISLAND,PROD-HS-100,20349,1954,16.94
2026-05-23,REG-ISLAND,PROD-HS-110,16184,1522,24.73
2026-05-23,REG-ISLAND,PROD-AS-200,14098,2031,23.52
2026-05-23,REG-ISLAND,PROD-LB-400,15077,2336,25.9
2026-05-23,REG-ISLAND,PROD-DM-300,10290,1637,27.56
2026-05-23,REG-ISLAND,PROD-VD-500,3303,463,17.21
2026-05-23,REG-NORTH,PROD-HS-100,40061,6967,25.19
2026-05-23,REG-NORTH,PROD-HS-110,20202,2672,24.48
2026-05-23,REG-NORTH,PROD-AS-200,21148,3164,26.29
2026-05-23,REG-NORTH,PROD-LB-400,20960,3031,27.97
2026-05-23,REG-NORTH,PROD-DM-300,8419,1465,17.61
2026-05-23,REG-NORTH,PROD-VD-500,5426,734,19.71
2026-05-23,REG-CENTRAL,PROD-HS-100,35026,3999,24.7
2026-05-23,REG-CENTRAL,PROD-HS-110,20797,3245,26.47
2026-05-23,REG-CENTRAL,PROD-AS-200,21478,3121,27.98
2026-05-23,REG-CENTRAL,PROD-LB-400,10978,1527,18.25
2026-05-23,REG-CENTRAL,PROD-DM-300,7463,841,19.65
2026-05-23,REG-CENTRAL,PROD-VD-500,5182,678,21.15
2026-05-24,REG-COASTAL,PROD-HS-100,24477,3476,14.17
2026-05-24,REG-COASTAL,PROD-HS-110,15474,2259,19.78
2026-05-24,REG-COASTAL,PROD-AS-200,16293,2358,21.6
2026-05-24,REG-COASTAL,PROD-LB-400,15337,1593,22.2
2026-05-24,REG-COASTAL,PROD-DM-300,9135,677,22.74
2026-05-24,REG-COASTAL,PROD-VD-500,6674,763,24.63
2026-05-24,REG-SOUTH,PROD-HS-100,20912,3074,14.5
2026-05-24,REG-SOUTH,PROD-HS-110,15654,2334,20.49
2026-05-24,REG-SOUTH,PROD-AS-200,13351,1574,22.96
2026-05-24,REG-SOUTH,PROD-LB-400,12779,1950,24.33
2026-05-24,REG-SOUTH,PROD-DM-300,9032,1508,25.77
2026-05-24,REG-SOUTH,PROD-VD-500,6174,921,27.08
2026-05-24,REG-DELTA,PROD-HS-100,19377,2778,16.8
2026-05-24,REG-DELTA,PROD-HS-110,13131,1789,22.24
2026-05-24,REG-DELTA,PROD-AS-200,12793,1332,23.53
2026-05-24,REG-DELTA,PROD-LB-400,12417,1750,25.04
2026-05-24,REG-DELTA,PROD-DM-300,7885,971,27.01
2026-05-24,REG-DELTA,PROD-VD-500,5401,751,28.18
2026-05-24,REG-ISLAND,PROD-HS-100,13276,1816,17.34
2026-05-24,REG-ISLAND,PROD-HS-110,9114,1056,24.34
2026-05-24,REG-ISLAND,PROD-AS-200,9672,1406,25.51
2026-05-24,REG-ISLAND,PROD-LB-400,9714,1856,26.73
2026-05-24,REG-ISLAND,PROD-DM-300,5862,722,27.34
2026-05-24,REG-ISLAND,PROD-VD-500,2132,285,17.93
2026-05-24,REG-NORTH,PROD-HS-100,23593,3275,24.48
2026-05-24,REG-NORTH,PROD-HS-110,13335,1381,25.01
2026-05-24,REG-NORTH,PROD-AS-200,14378,1951,27.43
2026-05-24,REG-NORTH,PROD-LB-400,12596,1794,26.41
2026-05-24,REG-NORTH,PROD-DM-300,4948,725,17.97
2026-05-24,REG-NORTH,PROD-VD-500,3315,415,19.33
2026-05-24,REG-CENTRAL,PROD-HS-100,24043,3452,25.52
2026-05-24,REG-CENTRAL,PROD-HS-110,13183,1534,27.15
2026-05-24,REG-CENTRAL,PROD-AS-200,13068,1925,26.98
2026-05-24,REG-CENTRAL,PROD-LB-400,6630,841,17.81
2026-05-24,REG-CENTRAL,PROD-DM-300,4931,745,19.84
2026-05-24,REG-CENTRAL,PROD-VD-500,3667,414,21.69
2026-05-25,REG-COASTAL,PROD-HS-100,35537,4295,14.46
2026-05-25,REG-COASTAL,PROD-HS-110,27702,3656,19.89
2026-05-25,REG-COASTAL,PROD-AS-200,24062,2526,20.41
2026-05-25,REG-COASTAL,PROD-LB-400,23799,2825,22.65
2026-05-25,REG-COASTAL,PROD-DM-300,18560,2798,23.39
2026-05-25,REG-COASTAL,PROD-VD-500,12152,1784,25.73
2026-05-25,REG-SOUTH,PROD-HS-100,33019,4587,15.11
2026-05-25,REG-SOUTH,PROD-HS-110,21527,2846,21.13
2026-05-25,REG-SOUTH,PROD-AS-200,22700,3511,22.95
2026-05-25,REG-SOUTH,PROD-LB-400,21959,3421,22.47
2026-05-25,REG-SOUTH,PROD-DM-300,15584,2274,25.07
2026-05-25,REG-SOUTH,PROD-VD-500,9622,1492,27.1
2026-05-25,REG-DELTA,PROD-HS-100,29725,3476,16.62
2026-05-25,REG-DELTA,PROD-HS-110,19250,1729,22.38
2026-05-25,REG-DELTA,PROD-AS-200,20745,2906,23.57
2026-05-25,REG-DELTA,PROD-LB-400,19127,2870,25.01
2026-05-25,REG-DELTA,PROD-DM-300,12652,1659,27.21
2026-05-25,REG-DELTA,PROD-VD-500,8140,1130,27.17
2026-05-25,REG-ISLAND,PROD-HS-100,22377,2338,18.05
2026-05-25,REG-ISLAND,PROD-HS-110,15603,1949,23.3
2026-05-25,REG-ISLAND,PROD-AS-200,15648,2329,24.17
2026-05-25,REG-ISLAND,PROD-LB-400,13042,1742,26.65
2026-05-25,REG-ISLAND,PROD-DM-300,10324,1651,27.89
2026-05-25,REG-ISLAND,PROD-VD-500,4117,635,18.62
2026-05-25,REG-NORTH,PROD-HS-100,42141,6375,24.68
2026-05-25,REG-NORTH,PROD-HS-110,21256,3230,24.39
2026-05-25,REG-NORTH,PROD-AS-200,19002,2490,27.11
2026-05-25,REG-NORTH,PROD-LB-400,21649,3617,28
2026-05-25,REG-NORTH,PROD-DM-300,7850,961,17.57
2026-05-25,REG-NORTH,PROD-VD-500,5394,785,19.37
2026-05-25,REG-CENTRAL,PROD-HS-100,38768,5624,25.03
2026-05-25,REG-CENTRAL,PROD-HS-110,19642,2460,26.72
2026-05-25,REG-CENTRAL,PROD-AS-200,19822,3376,27.09
2026-05-25,REG-CENTRAL,PROD-LB-400,12747,1819,18.94
2026-05-25,REG-CENTRAL,PROD-DM-300,7783,924,19.49
2026-05-25,REG-CENTRAL,PROD-VD-500,5651,660,21.42
2026-05-26,REG-COASTAL,PROD-HS-100,37371,4054,14.21
2026-05-26,REG-COASTAL,PROD-HS-110,23401,2580,19.57
2026-05-26,REG-COASTAL,PROD-AS-200,25406,3172,20.44
2026-05-26,REG-COASTAL,PROD-LB-400,25887,3526,22.36
2026-05-26,REG-COASTAL,PROD-DM-300,16105,2150,22.84
2026-05-26,REG-COASTAL,PROD-VD-500,11982,1927,25.46
2026-05-26,REG-SOUTH,PROD-HS-100,34113,5183,14.96
2026-05-26,REG-SOUTH,PROD-HS-110,22318,2845,20.76
2026-05-26,REG-SOUTH,PROD-AS-200,22057,3342,21.51
2026-05-26,REG-SOUTH,PROD-LB-400,20896,2754,23.35
2026-05-26,REG-SOUTH,PROD-DM-300,13710,1927,24.75
2026-05-26,REG-SOUTH,PROD-VD-500,9287,1086,26.12
2026-05-26,REG-DELTA,PROD-HS-100,30516,3954,16.31
2026-05-26,REG-DELTA,PROD-HS-110,20574,2999,22.45
2026-05-26,REG-DELTA,PROD-AS-200,21554,2776,24.07
2026-05-26,REG-DELTA,PROD-LB-400,18178,2620,25.22
2026-05-26,REG-DELTA,PROD-DM-300,12428,1712,26.86
2026-05-26,REG-DELTA,PROD-VD-500,8105,1118,27.73
2026-05-26,REG-ISLAND,PROD-HS-100,21690,2322,17.42
2026-05-26,REG-ISLAND,PROD-HS-110,16725,2245,24.05
2026-05-26,REG-ISLAND,PROD-AS-200,13920,1775,24.68
2026-05-26,REG-ISLAND,PROD-LB-400,15542,2109,27.25
2026-05-26,REG-ISLAND,PROD-DM-300,10152,1227,27.8
2026-05-26,REG-ISLAND,PROD-VD-500,4039,699,18.15
2026-05-26,REG-NORTH,PROD-HS-100,39209,5360,23.28
2026-05-26,REG-NORTH,PROD-HS-110,20013,2863,24.93
2026-05-26,REG-NORTH,PROD-AS-200,20414,2986,25.86
2026-05-26,REG-NORTH,PROD-LB-400,21509,3667,28.19
2026-05-26,REG-NORTH,PROD-DM-300,8933,1375,18.34
2026-05-26,REG-NORTH,PROD-VD-500,5994,787,19.58
2026-05-26,REG-CENTRAL,PROD-HS-100,32448,3452,24.83
2026-05-26,REG-CENTRAL,PROD-HS-110,20614,3004,26.4
2026-05-26,REG-CENTRAL,PROD-AS-200,20367,2467,27.71
2026-05-26,REG-CENTRAL,PROD-LB-400,10716,960,17.06
2026-05-26,REG-CENTRAL,PROD-DM-300,8430,1397,18.32
2026-05-26,REG-CENTRAL,PROD-VD-500,6065,811,21.02
2026-05-27,REG-COASTAL,PROD-HS-100,39776,4338,14.27
2026-05-27,REG-COASTAL,PROD-HS-110,25357,2932,18.75
2026-05-27,REG-COASTAL,PROD-AS-200,26300,4185,20.69
2026-05-27,REG-COASTAL,PROD-LB-400,26926,4165,21.89
2026-05-27,REG-COASTAL,PROD-DM-300,14248,1727,23.8
2026-05-27,REG-COASTAL,PROD-VD-500,10833,1622,25.66
2026-05-27,REG-SOUTH,PROD-HS-100,33909,4972,15
2026-05-27,REG-SOUTH,PROD-HS-110,23160,2905,21.52
2026-05-27,REG-SOUTH,PROD-AS-200,22137,3579,22.6
2026-05-27,REG-SOUTH,PROD-LB-400,19194,2808,23.21
2026-05-27,REG-SOUTH,PROD-DM-300,13229,1357,24.99
2026-05-27,REG-SOUTH,PROD-VD-500,10237,1304,26.59
2026-05-27,REG-DELTA,PROD-HS-100,29394,4317,16.25
2026-05-27,REG-DELTA,PROD-HS-110,22607,2298,22.54
2026-05-27,REG-DELTA,PROD-AS-200,17721,2488,23.19
2026-05-27,REG-DELTA,PROD-LB-400,19284,3006,24.37
2026-05-27,REG-DELTA,PROD-DM-300,12576,1525,26.5
2026-05-27,REG-DELTA,PROD-VD-500,9514,1387,28.82
2026-05-27,REG-ISLAND,PROD-HS-100,22837,3719,16.52
2026-05-27,REG-ISLAND,PROD-HS-110,15591,2030,23.14
2026-05-27,REG-ISLAND,PROD-AS-200,13988,1853,24.32
2026-05-27,REG-ISLAND,PROD-LB-400,13854,1584,27.39
2026-05-27,REG-ISLAND,PROD-DM-300,9605,1580,28.26
2026-05-27,REG-ISLAND,PROD-VD-500,3914,611,18.45
2026-05-27,REG-NORTH,PROD-HS-100,34540,4393,23.93
2026-05-27,REG-NORTH,PROD-HS-110,21265,2952,24.42
2026-05-27,REG-NORTH,PROD-AS-200,17919,1931,25.38
2026-05-27,REG-NORTH,PROD-LB-400,22446,3500,28.62
2026-05-27,REG-NORTH,PROD-DM-300,6888,684,18.46
2026-05-27,REG-NORTH,PROD-VD-500,6014,679,19.05
2026-05-27,REG-CENTRAL,PROD-HS-100,32206,3583,24.59
2026-05-27,REG-CENTRAL,PROD-HS-110,22025,3527,25.98
2026-05-27,REG-CENTRAL,PROD-AS-200,19596,1943,27.33
2026-05-27,REG-CENTRAL,PROD-LB-400,12710,2098,18.11
2026-05-27,REG-CENTRAL,PROD-DM-300,8398,1303,19.12
2026-05-27,REG-CENTRAL,PROD-VD-500,5108,598,20.98
2026-05-28,REG-COASTAL,PROD-HS-100,37511,5587,13.5
2026-05-28,REG-COASTAL,PROD-HS-110,28287,4224,20.41
2026-05-28,REG-COASTAL,PROD-AS-200,25118,3768,21.1
2026-05-28,REG-COASTAL,PROD-LB-400,21264,2937,22.65
2026-05-28,REG-COASTAL,PROD-DM-300,16651,2415,23.61
2026-05-28,REG-COASTAL,PROD-VD-500,12411,1417,25.63
2026-05-28,REG-SOUTH,PROD-HS-100,34477,4253,15.81
2026-05-28,REG-SOUTH,PROD-HS-110,22883,2953,20.89
2026-05-28,REG-SOUTH,PROD-AS-200,21403,3361,22.98
2026-05-28,REG-SOUTH,PROD-LB-400,22408,3022,23.61
2026-05-28,REG-SOUTH,PROD-DM-300,14048,1690,24.77
2026-05-28,REG-SOUTH,PROD-VD-500,8616,741,25.82
2026-05-28,REG-DELTA,PROD-HS-100,32253,5209,16.71
2026-05-28,REG-DELTA,PROD-HS-110,18128,2439,21.03
2026-05-28,REG-DELTA,PROD-AS-200,19476,2331,23.98
2026-05-28,REG-DELTA,PROD-LB-400,20918,2701,25.59
2026-05-28,REG-DELTA,PROD-DM-300,13342,1525,26.09
2026-05-28,REG-DELTA,PROD-VD-500,9146,1539,27.97
2026-05-28,REG-ISLAND,PROD-HS-100,20359,3257,17.63
2026-05-28,REG-ISLAND,PROD-HS-110,13885,2026,22.85
2026-05-28,REG-ISLAND,PROD-AS-200,15234,2326,25.36
2026-05-28,REG-ISLAND,PROD-LB-400,13588,1935,25.78
2026-05-28,REG-ISLAND,PROD-DM-300,9510,1496,27.17
2026-05-28,REG-ISLAND,PROD-VD-500,4126,667,17.74
2026-05-28,REG-NORTH,PROD-HS-100,36827,5493,23.51
2026-05-28,REG-NORTH,PROD-HS-110,20839,3042,24.55
2026-05-28,REG-NORTH,PROD-AS-200,22102,3130,25.4
2026-05-28,REG-NORTH,PROD-LB-400,22131,3317,29.03
2026-05-28,REG-NORTH,PROD-DM-300,7754,911,18.9
2026-05-28,REG-NORTH,PROD-VD-500,5347,767,19.24
2026-05-28,REG-CENTRAL,PROD-HS-100,35752,4809,26.11
2026-05-28,REG-CENTRAL,PROD-HS-110,22866,3208,25.83
2026-05-28,REG-CENTRAL,PROD-AS-200,20983,2720,27.63
2026-05-28,REG-CENTRAL,PROD-LB-400,11550,1509,18.09
2026-05-28,REG-CENTRAL,PROD-DM-300,6382,1022,18.94
2026-05-28,REG-CENTRAL,PROD-VD-500,5427,833,20.51
2026-05-29,REG-COASTAL,PROD-HS-100,37984,5165,13.75
2026-05-29,REG-COASTAL,PROD-HS-110,25772,3574,18.73
2026-05-29,REG-COASTAL,PROD-AS-200,23416,2685,21.62
2026-05-29,REG-COASTAL,PROD-LB-400,26127,4111,21.88
2026-05-29,REG-COASTAL,PROD-DM-300,16430,2379,23.54
2026-05-29,REG-COASTAL,PROD-VD-500,11651,1790,25.16
2026-05-29,REG-SOUTH,PROD-HS-100,32237,4829,13.44
2026-05-29,REG-SOUTH,PROD-HS-110,21344,2777,21.12
2026-05-29,REG-SOUTH,PROD-AS-200,20809,3028,22.91
2026-05-29,REG-SOUTH,PROD-LB-400,21686,2730,23.67
2026-05-29,REG-SOUTH,PROD-DM-300,14259,2026,25.07
2026-05-29,REG-SOUTH,PROD-VD-500,9841,1613,26.98
2026-05-29,REG-DELTA,PROD-HS-100,25885,3233,15.73
2026-05-29,REG-DELTA,PROD-HS-110,20819,2743,22.23
2026-05-29,REG-DELTA,PROD-AS-200,20412,3062,23.64
2026-05-29,REG-DELTA,PROD-LB-400,24210,3930,25.8
2026-05-29,REG-DELTA,PROD-DM-300,13165,1590,25.78
2026-05-29,REG-DELTA,PROD-VD-500,8939,1335,27.75
2026-05-29,REG-ISLAND,PROD-HS-100,21941,2688,17.88
2026-05-29,REG-ISLAND,PROD-HS-110,16583,2495,23.8
2026-05-29,REG-ISLAND,PROD-AS-200,14347,2425,24.68
2026-05-29,REG-ISLAND,PROD-LB-400,16395,2282,27.78
2026-05-29,REG-ISLAND,PROD-DM-300,10916,1514,28.07
2026-05-29,REG-ISLAND,PROD-VD-500,3656,434,18.1
2026-05-29,REG-NORTH,PROD-HS-100,34112,4526,22.58
2026-05-29,REG-NORTH,PROD-HS-110,23684,2936,25.77
2026-05-29,REG-NORTH,PROD-AS-200,23271,3516,26.17
2026-05-29,REG-NORTH,PROD-LB-400,20275,2992,27.61
2026-05-29,REG-NORTH,PROD-DM-300,7433,895,17.25
2026-05-29,REG-NORTH,PROD-VD-500,5536,696,19.84
2026-05-29,REG-CENTRAL,PROD-HS-100,36179,4096,25.12
2026-05-29,REG-CENTRAL,PROD-HS-110,22796,2294,26.02
2026-05-29,REG-CENTRAL,PROD-AS-200,19459,2243,27.95
2026-05-29,REG-CENTRAL,PROD-LB-400,9842,1141,18.55
2026-05-29,REG-CENTRAL,PROD-DM-300,7789,1242,19.2
2026-05-29,REG-CENTRAL,PROD-VD-500,4840,608,20.85
2026-05-30,REG-COASTAL,PROD-HS-100,39183,4710,13.59
2026-05-30,REG-COASTAL,PROD-HS-110,20168,2441,18.76
2026-05-30,REG-COASTAL,PROD-AS-200,23958,2771,21.75
2026-05-30,REG-COASTAL,PROD-LB-400,24724,2829,21.32
2026-05-30,REG-COASTAL,PROD-DM-300,16746,2306,24.11
2026-05-30,REG-COASTAL,PROD-VD-500,11507,1625,24.58
2026-05-30,REG-SOUTH,PROD-HS-100,30047,4465,14.99
2026-05-30,REG-SOUTH,PROD-HS-110,19336,2102,20.23
2026-05-30,REG-SOUTH,PROD-AS-200,21570,3296,22.23
2026-05-30,REG-SOUTH,PROD-LB-400,22162,2787,24.04
2026-05-30,REG-SOUTH,PROD-DM-300,15047,2037,24.5
2026-05-30,REG-SOUTH,PROD-VD-500,10551,1672,26.74
2026-05-30,REG-DELTA,PROD-HS-100,28845,4413,16.78
2026-05-30,REG-DELTA,PROD-HS-110,19495,2603,21.6
2026-05-30,REG-DELTA,PROD-AS-200,22276,3147,24.09
2026-05-30,REG-DELTA,PROD-LB-400,21297,3576,25.53
2026-05-30,REG-DELTA,PROD-DM-300,11848,1203,25.59
2026-05-30,REG-DELTA,PROD-VD-500,8263,1193,28.06
2026-05-30,REG-ISLAND,PROD-HS-100,24158,3975,18.5
2026-05-30,REG-ISLAND,PROD-HS-110,15538,2031,23.74
2026-05-30,REG-ISLAND,PROD-AS-200,14287,1706,24.96
2026-05-30,REG-ISLAND,PROD-LB-400,15588,2205,25.79
2026-05-30,REG-ISLAND,PROD-DM-300,8663,1068,29.21
2026-05-30,REG-ISLAND,PROD-VD-500,3410,385,17.9
2026-05-30,REG-NORTH,PROD-HS-100,36411,4475,22.81
2026-05-30,REG-NORTH,PROD-HS-110,22959,2958,24.45
2026-05-30,REG-NORTH,PROD-AS-200,22169,2755,26.24
2026-05-30,REG-NORTH,PROD-LB-400,18343,2242,28.5
2026-05-30,REG-NORTH,PROD-DM-300,7969,1351,17.98
2026-05-30,REG-NORTH,PROD-VD-500,5381,697,18.37
2026-05-30,REG-CENTRAL,PROD-HS-100,38454,5727,25.51
2026-05-30,REG-CENTRAL,PROD-HS-110,22204,3253,26.32
2026-05-30,REG-CENTRAL,PROD-AS-200,19403,2077,27.68
2026-05-30,REG-CENTRAL,PROD-LB-400,10620,1432,17.43
2026-05-30,REG-CENTRAL,PROD-DM-300,7747,913,19.69
2026-05-30,REG-CENTRAL,PROD-VD-500,5366,514,20.56
2026-05-31,REG-COASTAL,PROD-HS-100,26292,3967,14.31
2026-05-31,REG-COASTAL,PROD-HS-110,15563,2077,19.1
2026-05-31,REG-COASTAL,PROD-AS-200,16770,2541,20.96
2026-05-31,REG-COASTAL,PROD-LB-400,15172,2061,22.72
2026-05-31,REG-COASTAL,PROD-DM-300,10117,1206,23.15
2026-05-31,REG-COASTAL,PROD-VD-500,6260,785,24.44
2026-05-31,REG-SOUTH,PROD-HS-100,19424,2648,14.63
2026-05-31,REG-SOUTH,PROD-HS-110,14937,1819,20.4
2026-05-31,REG-SOUTH,PROD-AS-200,14616,2042,22.06
2026-05-31,REG-SOUTH,PROD-LB-400,13436,1543,24.78
2026-05-31,REG-SOUTH,PROD-DM-300,8853,1388,25.48
2026-05-31,REG-SOUTH,PROD-VD-500,6410,1000,26.52
2026-05-31,REG-DELTA,PROD-HS-100,18474,2615,16.47
2026-05-31,REG-DELTA,PROD-HS-110,14223,2073,22.25
2026-05-31,REG-DELTA,PROD-AS-200,12418,1545,23.69
2026-05-31,REG-DELTA,PROD-LB-400,13147,1493,25.5
2026-05-31,REG-DELTA,PROD-DM-300,8904,1414,26.65
2026-05-31,REG-DELTA,PROD-VD-500,5367,914,26.99
2026-05-31,REG-ISLAND,PROD-HS-100,13836,2081,17.31
2026-05-31,REG-ISLAND,PROD-HS-110,9973,1320,24.31
2026-05-31,REG-ISLAND,PROD-AS-200,9215,951,24.16
2026-05-31,REG-ISLAND,PROD-LB-400,9458,1513,25.55
2026-05-31,REG-ISLAND,PROD-DM-300,5970,829,27.49
2026-05-31,REG-ISLAND,PROD-VD-500,2619,395,18.08
2026-05-31,REG-NORTH,PROD-HS-100,25218,4373,23.66
2026-05-31,REG-NORTH,PROD-HS-110,13598,2276,24.88
2026-05-31,REG-NORTH,PROD-AS-200,14296,2355,27.32
2026-05-31,REG-NORTH,PROD-LB-400,11194,1398,27.14
2026-05-31,REG-NORTH,PROD-DM-300,4836,635,17.88
2026-05-31,REG-NORTH,PROD-VD-500,3511,536,18.95
2026-05-31,REG-CENTRAL,PROD-HS-100,21973,2448,24.81
2026-05-31,REG-CENTRAL,PROD-HS-110,12099,1526,25.17
2026-05-31,REG-CENTRAL,PROD-AS-200,11135,1394,27.44
2026-05-31,REG-CENTRAL,PROD-LB-400,7141,792,18.78
2026-05-31,REG-CENTRAL,PROD-DM-300,4358,501,18.28
2026-05-31,REG-CENTRAL,PROD-VD-500,3565,544,20.83
2026-06-01,REG-COASTAL,PROD-HS-100,39827,5697,14.32
2026-06-01,REG-COASTAL,PROD-HS-110,23358,3145,19.14
2026-06-01,REG-COASTAL,PROD-AS-200,26162,3963,20.69
2026-06-01,REG-COASTAL,PROD-LB-400,25087,3328,21.5
2026-06-01,REG-COASTAL,PROD-DM-300,17226,2226,23.7
2026-06-01,REG-COASTAL,PROD-VD-500,10642,1725,24.56
2026-06-01,REG-SOUTH,PROD-HS-100,31958,5690,14.43
2026-06-01,REG-SOUTH,PROD-HS-110,25864,3685,21.43
2026-06-01,REG-SOUTH,PROD-AS-200,23194,2819,22.07
2026-06-01,REG-SOUTH,PROD-LB-400,22025,3495,23.76
2026-06-01,REG-SOUTH,PROD-DM-300,12317,1714,24.95
2026-06-01,REG-SOUTH,PROD-VD-500,9325,1431,26.23
2026-06-01,REG-DELTA,PROD-HS-100,28793,4390,15.55
2026-06-01,REG-DELTA,PROD-HS-110,21689,3377,21.72
2026-06-01,REG-DELTA,PROD-AS-200,20694,2611,23.89
2026-06-01,REG-DELTA,PROD-LB-400,18986,2173,25.75
2026-06-01,REG-DELTA,PROD-DM-300,10856,1415,26.67
2026-06-01,REG-DELTA,PROD-VD-500,8140,1130,28.38
2026-06-01,REG-ISLAND,PROD-HS-100,23211,3372,17.34
2026-06-01,REG-ISLAND,PROD-HS-110,16377,2287,23.92
2026-06-01,REG-ISLAND,PROD-AS-200,12290,1015,23.84
2026-06-01,REG-ISLAND,PROD-LB-400,13062,1699,25.42
2026-06-01,REG-ISLAND,PROD-DM-300,9338,1150,28.23
2026-06-01,REG-ISLAND,PROD-VD-500,3778,625,18.66
2026-06-01,REG-NORTH,PROD-HS-100,40678,6412,22.87
2026-06-01,REG-NORTH,PROD-HS-110,19385,2556,25.19
2026-06-01,REG-NORTH,PROD-AS-200,20244,2945,25.74
2026-06-01,REG-NORTH,PROD-LB-400,18687,2582,28.35
2026-06-01,REG-NORTH,PROD-DM-300,8458,1064,18.35
2026-06-01,REG-NORTH,PROD-VD-500,6070,773,20.3
2026-06-01,REG-CENTRAL,PROD-HS-100,33263,4804,25.1
2026-06-01,REG-CENTRAL,PROD-HS-110,22075,3137,26.64
2026-06-01,REG-CENTRAL,PROD-AS-200,18111,1883,28.17
2026-06-01,REG-CENTRAL,PROD-LB-400,11961,1997,18.94
2026-06-01,REG-CENTRAL,PROD-DM-300,8036,1056,19.44
2026-06-01,REG-CENTRAL,PROD-VD-500,5449,614,19.82
2026-06-02,REG-COASTAL,PROD-HS-100,38160,5587,14.34
2026-06-02,REG-COASTAL,PROD-HS-110,30039,4209,20.83
2026-06-02,REG-COASTAL,PROD-AS-200,28521,4132,21.21
2026-06-02,REG-COASTAL,PROD-LB-400,27056,3629,22.46
2026-06-02,REG-COASTAL,PROD-DM-300,15357,1738,23.6
2026-06-02,REG-COASTAL,PROD-VD-500,11401,1730,25.18
2026-06-02,REG-SOUTH,PROD-HS-100,32583,3532,15.34
2026-06-02,REG-SOUTH,PROD-HS-110,25540,4071,20.64
2026-06-02,REG-SOUTH,PROD-AS-200,23893,2698,22.1
2026-06-02,REG-SOUTH,PROD-LB-400,19297,2755,22.88
2026-06-02,REG-SOUTH,PROD-DM-300,12866,1603,24.48
2026-06-02,REG-SOUTH,PROD-VD-500,9636,1418,25.6
2026-06-02,REG-DELTA,PROD-HS-100,29951,3796,15.83
2026-06-02,REG-DELTA,PROD-HS-110,23621,3763,21.44
2026-06-02,REG-DELTA,PROD-AS-200,19378,2447,24.05
2026-06-02,REG-DELTA,PROD-LB-400,19083,2471,24.83
2026-06-02,REG-DELTA,PROD-DM-300,11555,1866,25.17
2026-06-02,REG-DELTA,PROD-VD-500,9086,1279,28.39
2026-06-02,REG-ISLAND,PROD-HS-100,23013,3138,16.83
2026-06-02,REG-ISLAND,PROD-HS-110,15731,2642,23.89
2026-06-02,REG-ISLAND,PROD-AS-200,15489,2546,25.63
2026-06-02,REG-ISLAND,PROD-LB-400,13899,1667,27.24
2026-06-02,REG-ISLAND,PROD-DM-300,9918,1345,27.22
2026-06-02,REG-ISLAND,PROD-VD-500,3791,501,16.96
2026-06-02,REG-NORTH,PROD-HS-100,33609,4183,23.73
2026-06-02,REG-NORTH,PROD-HS-110,21045,3162,24.67
2026-06-02,REG-NORTH,PROD-AS-200,21368,3232,26.59
2026-06-02,REG-NORTH,PROD-LB-400,18855,2226,27.76
2026-06-02,REG-NORTH,PROD-DM-300,7617,815,18.74
2026-06-02,REG-NORTH,PROD-VD-500,6357,885,19.27
2026-06-02,REG-CENTRAL,PROD-HS-100,37656,5128,25.47
2026-06-02,REG-CENTRAL,PROD-HS-110,21348,2535,26.91
2026-06-02,REG-CENTRAL,PROD-AS-200,20035,3311,27.15
2026-06-02,REG-CENTRAL,PROD-LB-400,11203,1899,17.52
2026-06-02,REG-CENTRAL,PROD-DM-300,9156,1442,19.33
2026-06-02,REG-CENTRAL,PROD-VD-500,5310,776,20.89
2026-06-03,REG-COASTAL,PROD-HS-100,39169,4952,14.36
2026-06-03,REG-COASTAL,PROD-HS-110,25900,2975,19.1
2026-06-03,REG-COASTAL,PROD-AS-200,26250,4012,20.76
2026-06-03,REG-COASTAL,PROD-LB-400,22499,1686,23.07
2026-06-03,REG-COASTAL,PROD-DM-300,15561,1967,24.49
2026-06-03,REG-COASTAL,PROD-VD-500,9743,1383,24.23
2026-06-03,REG-SOUTH,PROD-HS-100,36482,6086,16.04
2026-06-03,REG-SOUTH,PROD-HS-110,28784,4258,21.63
2026-06-03,REG-SOUTH,PROD-AS-200,19109,2838,21.67
2026-06-03,REG-SOUTH,PROD-LB-400,21223,3407,23.88
2026-06-03,REG-SOUTH,PROD-DM-300,14757,1701,25.16
2026-06-03,REG-SOUTH,PROD-VD-500,9516,1224,26.49
2026-06-03,REG-DELTA,PROD-HS-100,31307,3356,16.18
2026-06-03,REG-DELTA,PROD-HS-110,18539,2287,21.64
2026-06-03,REG-DELTA,PROD-AS-200,19186,2518,23.48
2026-06-03,REG-DELTA,PROD-LB-400,19845,2860,25.16
2026-06-03,REG-DELTA,PROD-DM-300,11703,1395,25.96
2026-06-03,REG-DELTA,PROD-VD-500,8170,1008,28.09
2026-06-03,REG-ISLAND,PROD-HS-100,22336,3617,17.36
2026-06-03,REG-ISLAND,PROD-HS-110,15134,1843,24.08
2026-06-03,REG-ISLAND,PROD-AS-200,16920,3061,25.66
2026-06-03,REG-ISLAND,PROD-LB-400,15094,2778,25.98
2026-06-03,REG-ISLAND,PROD-DM-300,10323,1735,28.25
2026-06-03,REG-ISLAND,PROD-VD-500,4502,570,19
2026-06-03,REG-NORTH,PROD-HS-100,39334,5364,23.56
2026-06-03,REG-NORTH,PROD-HS-110,20757,2464,23.73
2026-06-03,REG-NORTH,PROD-AS-200,18651,2226,26.41
2026-06-03,REG-NORTH,PROD-LB-400,19165,2817,27.16
2026-06-03,REG-NORTH,PROD-DM-300,8411,899,18.19
2026-06-03,REG-NORTH,PROD-VD-500,5656,843,19.73
2026-06-03,REG-CENTRAL,PROD-HS-100,37489,6364,25.28
2026-06-03,REG-CENTRAL,PROD-HS-110,23412,4024,27.19
2026-06-03,REG-CENTRAL,PROD-AS-200,19558,2804,27.65
2026-06-03,REG-CENTRAL,PROD-LB-400,11511,1580,17.73
2026-06-03,REG-CENTRAL,PROD-DM-300,7393,1091,19.39
2026-06-03,REG-CENTRAL,PROD-VD-500,5467,752,20.06
2026-06-04,REG-COASTAL,PROD-HS-100,37638,4460,14.31
2026-06-04,REG-COASTAL,PROD-HS-110,28538,3043,19.79
2026-06-04,REG-COASTAL,PROD-AS-200,22361,3204,20.91
2026-06-04,REG-COASTAL,PROD-LB-400,25416,4128,22.94
2026-06-04,REG-COASTAL,PROD-DM-300,17982,2729,24.56
2026-06-04,REG-COASTAL,PROD-VD-500,11829,1980,25.45
2026-06-04,REG-SOUTH,PROD-HS-100,36051,6750,14.85
2026-06-04,REG-SOUTH,PROD-HS-110,20492,2592,20.43
2026-06-04,REG-SOUTH,PROD-AS-200,20388,2403,21.04
2026-06-04,REG-SOUTH,PROD-LB-400,23518,3836,23.86
2026-06-04,REG-SOUTH,PROD-DM-300,13856,2404,26.09
2026-06-04,REG-SOUTH,PROD-VD-500,9708,1442,26.75
2026-06-04,REG-DELTA,PROD-HS-100,26914,3413,15.7
2026-06-04,REG-DELTA,PROD-HS-110,19356,2036,22.67
2026-06-04,REG-DELTA,PROD-AS-200,20566,3234,23.3
2026-06-04,REG-DELTA,PROD-LB-400,21038,3820,25.97
2026-06-04,REG-DELTA,PROD-DM-300,12229,1178,26.69
2026-06-04,REG-DELTA,PROD-VD-500,8798,914,28.26
2026-06-04,REG-ISLAND,PROD-HS-100,21724,2824,17.21
2026-06-04,REG-ISLAND,PROD-HS-110,15311,2495,23.26
2026-06-04,REG-ISLAND,PROD-AS-200,15853,2281,24.54
2026-06-04,REG-ISLAND,PROD-LB-400,14806,2017,25.84
2026-06-04,REG-ISLAND,PROD-DM-300,9708,1263,27.87
2026-06-04,REG-ISLAND,PROD-VD-500,3783,629,17.62
2026-06-04,REG-NORTH,PROD-HS-100,37006,4664,23.69
2026-06-04,REG-NORTH,PROD-HS-110,22669,3139,25.5
2026-06-04,REG-NORTH,PROD-AS-200,22193,3069,26.56
2026-06-04,REG-NORTH,PROD-LB-400,19847,2724,28.4
2026-06-04,REG-NORTH,PROD-DM-300,8740,1537,17.7
2026-06-04,REG-NORTH,PROD-VD-500,5075,688,18.75
2026-06-04,REG-CENTRAL,PROD-HS-100,36026,4930,23.59
2026-06-04,REG-CENTRAL,PROD-HS-110,21011,2088,27.58
2026-06-04,REG-CENTRAL,PROD-AS-200,20543,2624,27.48
2026-06-04,REG-CENTRAL,PROD-LB-400,10800,1184,17.97
2026-06-04,REG-CENTRAL,PROD-DM-300,7028,721,20.09
2026-06-04,REG-CENTRAL,PROD-VD-500,4886,566,20.87
2026-06-05,REG-COASTAL,PROD-HS-100,46193,6631,15.49
2026-06-05,REG-COASTAL,PROD-HS-110,25146,3677,19.19
2026-06-05,REG-COASTAL,PROD-AS-200,25323,3163,21.51
2026-06-05,REG-COASTAL,PROD-LB-400,26614,3988,21.69
2026-06-05,REG-COASTAL,PROD-DM-300,14461,1630,23.5
2026-06-05,REG-COASTAL,PROD-VD-500,11459,1732,24.44
2026-06-05,REG-SOUTH,PROD-HS-100,32506,4619,15.43
2026-06-05,REG-SOUTH,PROD-HS-110,22709,3059,21.66
2026-06-05,REG-SOUTH,PROD-AS-200,21248,2829,21.95
2026-06-05,REG-SOUTH,PROD-LB-400,24070,4576,23.89
2026-06-05,REG-SOUTH,PROD-DM-300,14413,2152,25.07
2026-06-05,REG-SOUTH,PROD-VD-500,10517,1778,26.4
2026-06-05,REG-DELTA,PROD-HS-100,28632,3988,16.19
2026-06-05,REG-DELTA,PROD-HS-110,21115,2719,22.57
2026-06-05,REG-DELTA,PROD-AS-200,21859,2853,24.43
2026-06-05,REG-DELTA,PROD-LB-400,17983,2323,25.46
2026-06-05,REG-DELTA,PROD-DM-300,13499,1777,26.34
2026-06-05,REG-DELTA,PROD-VD-500,7560,1071,28.71
2026-06-05,REG-ISLAND,PROD-HS-100,21628,2644,17.93
2026-06-05,REG-ISLAND,PROD-HS-110,15391,1676,23.17
2026-06-05,REG-ISLAND,PROD-AS-200,16893,1845,25.25
2026-06-05,REG-ISLAND,PROD-LB-400,14555,1781,26.56
2026-06-05,REG-ISLAND,PROD-DM-300,8857,1191,27.28
2026-06-05,REG-ISLAND,PROD-VD-500,3845,612,18.16
2026-06-05,REG-NORTH,PROD-HS-100,40458,5824,23.89
2026-06-05,REG-NORTH,PROD-HS-110,23094,2386,25.44
2026-06-05,REG-NORTH,PROD-AS-200,21503,2231,26.73
2026-06-05,REG-NORTH,PROD-LB-400,17659,2320,28.09
2026-06-05,REG-NORTH,PROD-DM-300,7609,797,18.02
2026-06-05,REG-NORTH,PROD-VD-500,5475,808,18.74
2026-06-05,REG-CENTRAL,PROD-HS-100,37728,5870,24.83
2026-06-05,REG-CENTRAL,PROD-HS-110,21120,3594,26.47
2026-06-05,REG-CENTRAL,PROD-AS-200,16695,1524,28.15
2026-06-05,REG-CENTRAL,PROD-LB-400,11941,1712,19.82
2026-06-05,REG-CENTRAL,PROD-DM-300,7429,792,18.75
2026-06-05,REG-CENTRAL,PROD-VD-500,5953,729,20.41
2026-06-06,REG-COASTAL,PROD-HS-100,38239,6054,14.17
2026-06-06,REG-COASTAL,PROD-HS-110,27005,3583,19.87
2026-06-06,REG-COASTAL,PROD-AS-200,25668,3516,20.57
2026-06-06,REG-COASTAL,PROD-LB-400,26513,3977,22.63
2026-06-06,REG-COASTAL,PROD-DM-300,16740,2918,23.11
2026-06-06,REG-COASTAL,PROD-VD-500,10863,1402,23.89
2026-06-06,REG-SOUTH,PROD-HS-100,31727,4097,15.25
2026-06-06,REG-SOUTH,PROD-HS-110,24449,3489,22.02
2026-06-06,REG-SOUTH,PROD-AS-200,23642,4083,22.28
2026-06-06,REG-SOUTH,PROD-LB-400,21696,3369,23.23
2026-06-06,REG-SOUTH,PROD-DM-300,14796,1788,25.46
2026-06-06,REG-SOUTH,PROD-VD-500,9396,1210,26.15
2026-06-06,REG-DELTA,PROD-HS-100,28276,4338,15.35
2026-06-06,REG-DELTA,PROD-HS-110,21986,2854,22.97
2026-06-06,REG-DELTA,PROD-AS-200,22895,3148,23.68
2026-06-06,REG-DELTA,PROD-LB-400,20563,3326,25.2
2026-06-06,REG-DELTA,PROD-DM-300,12048,1644,25.38
2026-06-06,REG-DELTA,PROD-VD-500,7984,933,28.55
2026-06-06,REG-ISLAND,PROD-HS-100,23429,3191,18.02
2026-06-06,REG-ISLAND,PROD-HS-110,17456,2742,24
2026-06-06,REG-ISLAND,PROD-AS-200,15480,2125,24.59
2026-06-06,REG-ISLAND,PROD-LB-400,12300,1280,26.11
2026-06-06,REG-ISLAND,PROD-DM-300,8617,900,28.27
2026-06-06,REG-ISLAND,PROD-VD-500,4077,554,18.54
2026-06-06,REG-NORTH,PROD-HS-100,39118,3887,23.71
2026-06-06,REG-NORTH,PROD-HS-110,24486,3487,25.12
2026-06-06,REG-NORTH,PROD-AS-200,19010,3039,27.35
2026-06-06,REG-NORTH,PROD-LB-400,18944,2965,28.03
2026-06-06,REG-NORTH,PROD-DM-300,8375,1185,18.25
2026-06-06,REG-NORTH,PROD-VD-500,5452,500,19.05
2026-06-06,REG-CENTRAL,PROD-HS-100,41137,5802,25.17
2026-06-06,REG-CENTRAL,PROD-HS-110,19326,2198,26.27
2026-06-06,REG-CENTRAL,PROD-AS-200,18517,2704,27.84
2026-06-06,REG-CENTRAL,PROD-LB-400,11637,1787,17.81
2026-06-06,REG-CENTRAL,PROD-DM-300,8128,1192,19.05
2026-06-06,REG-CENTRAL,PROD-VD-500,6383,977,20.48
2026-06-07,REG-COASTAL,PROD-HS-100,23272,3072,13.79
2026-06-07,REG-COASTAL,PROD-HS-110,16783,2289,19.1
2026-06-07,REG-COASTAL,PROD-AS-200,15514,2154,20.97
2026-06-07,REG-COASTAL,PROD-LB-400,17281,2519,23.1
2026-06-07,REG-COASTAL,PROD-DM-300,11512,1804,24.58
2026-06-07,REG-COASTAL,PROD-VD-500,6259,917,24.73
2026-06-07,REG-SOUTH,PROD-HS-100,20694,2537,15.19
2026-06-07,REG-SOUTH,PROD-HS-110,14015,1231,20.75
2026-06-07,REG-SOUTH,PROD-AS-200,14245,2186,21.57
2026-06-07,REG-SOUTH,PROD-LB-400,13177,2224,24.56
2026-06-07,REG-SOUTH,PROD-DM-300,9071,1157,25.2
2026-06-07,REG-SOUTH,PROD-VD-500,5812,780,25.94
2026-06-07,REG-DELTA,PROD-HS-100,19361,2272,17.05
2026-06-07,REG-DELTA,PROD-HS-110,12887,1388,22.37
2026-06-07,REG-DELTA,PROD-AS-200,13190,1877,23.62
2026-06-07,REG-DELTA,PROD-LB-400,11523,1777,25.92
2026-06-07,REG-DELTA,PROD-DM-300,7156,684,26.42
2026-06-07,REG-DELTA,PROD-VD-500,5922,830,27.98
2026-06-07,REG-ISLAND,PROD-HS-100,14185,1831,17.25
2026-06-07,REG-ISLAND,PROD-HS-110,10223,1099,24.46
2026-06-07,REG-ISLAND,PROD-AS-200,7929,1266,23.14
2026-06-07,REG-ISLAND,PROD-LB-400,7942,1070,26.43
2026-06-07,REG-ISLAND,PROD-DM-300,5741,815,27.83
2026-06-07,REG-ISLAND,PROD-VD-500,2097,200,17.4
2026-06-07,REG-NORTH,PROD-HS-100,23822,2871,23.89
2026-06-07,REG-NORTH,PROD-HS-110,13843,2201,25.09
2026-06-07,REG-NORTH,PROD-AS-200,12248,1574,25.17
2026-06-07,REG-NORTH,PROD-LB-400,13075,1499,28.65
2026-06-07,REG-NORTH,PROD-DM-300,5353,541,18.09
2026-06-07,REG-NORTH,PROD-VD-500,3392,515,18.93
2026-06-07,REG-CENTRAL,PROD-HS-100,24314,4082,24.92
2026-06-07,REG-CENTRAL,PROD-HS-110,13215,2147,25.74
2026-06-07,REG-CENTRAL,PROD-AS-200,13184,2288,27.52
2026-06-07,REG-CENTRAL,PROD-LB-400,7251,1057,17.8
2026-06-07,REG-CENTRAL,PROD-DM-300,5370,696,20.06
2026-06-07,REG-CENTRAL,PROD-VD-500,4002,603,20.73
2026-06-08,REG-COASTAL,PROD-HS-100,38662,5215,13.8
2026-06-08,REG-COASTAL,PROD-HS-110,25687,3490,19.04
2026-06-08,REG-COASTAL,PROD-AS-200,26088,2994,20.71
2026-06-08,REG-COASTAL,PROD-LB-400,29049,4810,22.4
2026-06-08,REG-COASTAL,PROD-DM-300,13508,1543,23.23
2026-06-08,REG-COASTAL,PROD-VD-500,10075,1472,24.65
2026-06-08,REG-SOUTH,PROD-HS-100,34233,5051,14.77
2026-06-08,REG-SOUTH,PROD-HS-110,24557,3418,20.89
2026-06-08,REG-SOUTH,PROD-AS-200,24637,3423,22.59
2026-06-08,REG-SOUTH,PROD-LB-400,19025,2852,23.14
2026-06-08,REG-SOUTH,PROD-DM-300,13684,1480,24.65
2026-06-08,REG-SOUTH,PROD-VD-500,9510,1127,27.49
2026-06-08,REG-DELTA,PROD-HS-100,34336,5619,16.49
2026-06-08,REG-DELTA,PROD-HS-110,22760,3513,21.29
2026-06-08,REG-DELTA,PROD-AS-200,21189,3152,23.55
2026-06-08,REG-DELTA,PROD-LB-400,18600,2501,25.88
2026-06-08,REG-DELTA,PROD-DM-300,12525,1822,26.36
2026-06-08,REG-DELTA,PROD-VD-500,8716,1273,28.52
2026-06-08,REG-ISLAND,PROD-HS-100,23438,2350,17.23
2026-06-08,REG-ISLAND,PROD-HS-110,14757,1699,23.49
2026-06-08,REG-ISLAND,PROD-AS-200,14367,1971,25.4
2026-06-08,REG-ISLAND,PROD-LB-400,13048,1754,26.51
2026-06-08,REG-ISLAND,PROD-DM-300,9700,1131,27.91
2026-06-08,REG-ISLAND,PROD-VD-500,3900,428,17.62
2026-06-08,REG-NORTH,PROD-HS-100,35729,5081,23.18
2026-06-08,REG-NORTH,PROD-HS-110,18771,2315,25.12
2026-06-08,REG-NORTH,PROD-AS-200,18900,2265,25.28
2026-06-08,REG-NORTH,PROD-LB-400,21226,2891,28.56
2026-06-08,REG-NORTH,PROD-DM-300,8582,1249,17.76
2026-06-08,REG-NORTH,PROD-VD-500,5521,680,18.76
2026-06-08,REG-CENTRAL,PROD-HS-100,37634,5133,25.73
2026-06-08,REG-CENTRAL,PROD-HS-110,20364,2430,26.97
2026-06-08,REG-CENTRAL,PROD-AS-200,20710,2665,27.59
2026-06-08,REG-CENTRAL,PROD-LB-400,13658,2083,19.07
2026-06-08,REG-CENTRAL,PROD-DM-300,9048,1208,19.85
2026-06-08,REG-CENTRAL,PROD-VD-500,4866,569,21.27
2026-06-09,REG-COASTAL,PROD-HS-100,39875,3966,14.36
2026-06-09,REG-COASTAL,PROD-HS-110,30313,3438,18.87
2026-06-09,REG-COASTAL,PROD-AS-200,25806,2882,20.22
2026-06-09,REG-COASTAL,PROD-LB-400,25542,4209,22.29
2026-06-09,REG-COASTAL,PROD-DM-300,15207,2364,23.74
2026-06-09,REG-COASTAL,PROD-VD-500,10971,1515,25.02
2026-06-09,REG-SOUTH,PROD-HS-100,35883,5256,14.91
2026-06-09,REG-SOUTH,PROD-HS-110,22625,3562,19.75
2026-06-09,REG-SOUTH,PROD-AS-200,22169,2700,22.15
2026-06-09,REG-SOUTH,PROD-LB-400,20593,2644,24.03
2026-06-09,REG-SOUTH,PROD-DM-300,12770,1823,24.6
2026-06-09,REG-SOUTH,PROD-VD-500,10421,1529,26.7
2026-06-09,REG-DELTA,PROD-HS-100,33087,3696,16.22
2026-06-09,REG-DELTA,PROD-HS-110,19450,2116,22.69
2026-06-09,REG-DELTA,PROD-AS-200,20518,3296,23.02
2026-06-09,REG-DELTA,PROD-LB-400,18589,2700,24.44
2026-06-09,REG-DELTA,PROD-DM-300,14207,2188,26.59
2026-06-09,REG-DELTA,PROD-VD-500,8361,978,27.14
2026-06-09,REG-ISLAND,PROD-HS-100,21833,3120,17.06
2026-06-09,REG-ISLAND,PROD-HS-110,16441,1751,23.96
2026-06-09,REG-ISLAND,PROD-AS-200,15657,2252,25.2
2026-06-09,REG-ISLAND,PROD-LB-400,13686,1626,26.92
2026-06-09,REG-ISLAND,PROD-DM-300,9355,936,27.42
2026-06-09,REG-ISLAND,PROD-VD-500,3850,420,17.96
2026-06-09,REG-NORTH,PROD-HS-100,37584,4878,23.46
2026-06-09,REG-NORTH,PROD-HS-110,20920,2854,25.34
2026-06-09,REG-NORTH,PROD-AS-200,20125,2831,26.05
2026-06-09,REG-NORTH,PROD-LB-400,20356,2519,27.48
2026-06-09,REG-NORTH,PROD-DM-300,8932,1277,18.54
2026-06-09,REG-NORTH,PROD-VD-500,4971,686,18.63
2026-06-09,REG-CENTRAL,PROD-HS-100,38361,5425,25.08
2026-06-09,REG-CENTRAL,PROD-HS-110,21706,3065,26.48
2026-06-09,REG-CENTRAL,PROD-AS-200,19738,2326,27.99
2026-06-09,REG-CENTRAL,PROD-LB-400,11521,1247,17.53
2026-06-09,REG-CENTRAL,PROD-DM-300,6983,744,18.4
2026-06-09,REG-CENTRAL,PROD-VD-500,4878,818,20.71
2026-06-10,REG-COASTAL,PROD-HS-100,43354,6270,14.74
2026-06-10,REG-COASTAL,PROD-HS-110,28351,3262,18.99
2026-06-10,REG-COASTAL,PROD-AS-200,27026,3921,21.47
2026-06-10,REG-COASTAL,PROD-LB-400,22491,3544,22.66
2026-06-10,REG-COASTAL,PROD-DM-300,14034,1977,22.33
2026-06-10,REG-COASTAL,PROD-VD-500,12061,1721,25.85
2026-06-10,REG-SOUTH,PROD-HS-100,35443,5492,14.26
2026-06-10,REG-SOUTH,PROD-HS-110,21375,3698,19.24
2026-06-10,REG-SOUTH,PROD-AS-200,23191,2909,22.84
2026-06-10,REG-SOUTH,PROD-LB-400,18909,2106,22.92
2026-06-10,REG-SOUTH,PROD-DM-300,13743,2029,24.15
2026-06-10,REG-SOUTH,PROD-VD-500,10577,1682,26.32
2026-06-10,REG-DELTA,PROD-HS-100,28066,3530,15.65
2026-06-10,REG-DELTA,PROD-HS-110,20240,2614,22.26
2026-06-10,REG-DELTA,PROD-AS-200,19508,2421,23.22
2026-06-10,REG-DELTA,PROD-LB-400,19652,3032,24.62
2026-06-10,REG-DELTA,PROD-DM-300,12598,1609,25.5
2026-06-10,REG-DELTA,PROD-VD-500,9266,1181,27.31
2026-06-10,REG-ISLAND,PROD-HS-100,22959,3865,17.17
2026-06-10,REG-ISLAND,PROD-HS-110,15908,2126,24.22
2026-06-10,REG-ISLAND,PROD-AS-200,13513,1260,25.53
2026-06-10,REG-ISLAND,PROD-LB-400,13350,1663,26.32
2026-06-10,REG-ISLAND,PROD-DM-300,10902,1808,28.42
2026-06-10,REG-ISLAND,PROD-VD-500,4159,662,18.41
2026-06-10,REG-NORTH,PROD-HS-100,41864,5360,23.63
2026-06-10,REG-NORTH,PROD-HS-110,25083,3803,25.7
2026-06-10,REG-NORTH,PROD-AS-200,20621,2418,26.3
2026-06-10,REG-NORTH,PROD-LB-400,21932,3760,29.12
2026-06-10,REG-NORTH,PROD-DM-300,7207,852,18.91
2026-06-10,REG-NORTH,PROD-VD-500,5998,964,19.36
2026-06-10,REG-CENTRAL,PROD-HS-100,35608,4878,24.72
2026-06-10,REG-CENTRAL,PROD-HS-110,20845,2989,26.41
2026-06-10,REG-CENTRAL,PROD-AS-200,20525,2160,27.41
2026-06-10,REG-CENTRAL,PROD-LB-400,10826,1622,16.58
2026-06-10,REG-CENTRAL,PROD-DM-300,6664,832,17.57
2026-06-10,REG-CENTRAL,PROD-VD-500,5480,751,21.4
2026-06-11,REG-COASTAL,PROD-HS-100,41821,5920,13.76
2026-06-11,REG-COASTAL,PROD-HS-110,26868,4141,19.47
2026-06-11,REG-COASTAL,PROD-AS-200,29045,4052,21.62
2026-06-11,REG-COASTAL,PROD-LB-400,22883,3476,21.9
2026-06-11,REG-COASTAL,PROD-DM-300,16195,2779,22.86
2026-06-11,REG-COASTAL,PROD-VD-500,11496,1485,24.42
2026-06-11,REG-SOUTH,PROD-HS-100,34753,5280,15.72
2026-06-11,REG-SOUTH,PROD-HS-110,22505,3063,20.4
2026-06-11,REG-SOUTH,PROD-AS-200,21231,3166,22.22
2026-06-11,REG-SOUTH,PROD-LB-400,21254,2910,23.13
2026-06-11,REG-SOUTH,PROD-DM-300,15087,1990,24.71
2026-06-11,REG-SOUTH,PROD-VD-500,10823,1445,27.18
2026-06-11,REG-DELTA,PROD-HS-100,31390,4696,16.57
2026-06-11,REG-DELTA,PROD-HS-110,22075,3104,22.77
2026-06-11,REG-DELTA,PROD-AS-200,20411,3135,22.97
2026-06-11,REG-DELTA,PROD-LB-400,18913,1725,24.8
2026-06-11,REG-DELTA,PROD-DM-300,14501,2103,26.72
2026-06-11,REG-DELTA,PROD-VD-500,7803,1063,27.51
2026-06-11,REG-ISLAND,PROD-HS-100,24542,4127,17.66
2026-06-11,REG-ISLAND,PROD-HS-110,14392,1850,23.53
2026-06-11,REG-ISLAND,PROD-AS-200,15380,2420,24.32
2026-06-11,REG-ISLAND,PROD-LB-400,15262,2485,25.4
2026-06-11,REG-ISLAND,PROD-DM-300,8830,1308,28.28
2026-06-11,REG-ISLAND,PROD-VD-500,3871,465,18.31
2026-06-11,REG-NORTH,PROD-HS-100,39495,5473,23.37
2026-06-11,REG-NORTH,PROD-HS-110,22705,3284,25.69
2026-06-11,REG-NORTH,PROD-AS-200,22881,3991,25.88
2026-06-11,REG-NORTH,PROD-LB-400,19214,2647,27.84
2026-06-11,REG-NORTH,PROD-DM-300,8276,1194,17.19
2026-06-11,REG-NORTH,PROD-VD-500,5725,770,19.82
2026-06-11,REG-CENTRAL,PROD-HS-100,35075,3749,24.88
2026-06-11,REG-CENTRAL,PROD-HS-110,18934,2470,25.49
2026-06-11,REG-CENTRAL,PROD-AS-200,20010,2892,29.01
2026-06-11,REG-CENTRAL,PROD-LB-400,11574,1638,17.55
2026-06-11,REG-CENTRAL,PROD-DM-300,8177,1265,19.2
2026-06-11,REG-CENTRAL,PROD-VD-500,5887,979,21.06
2026-06-12,REG-COASTAL,PROD-HS-100,39832,5729,14.76
2026-06-12,REG-COASTAL,PROD-HS-110,26510,4007,18.64
2026-06-12,REG-COASTAL,PROD-AS-200,28517,4271,21.73
2026-06-12,REG-COASTAL,PROD-LB-400,25108,2373,22.42
2026-06-12,REG-COASTAL,PROD-DM-300,17135,2388,23.3
2026-06-12,REG-COASTAL,PROD-VD-500,12679,1775,25.3
2026-06-12,REG-SOUTH,PROD-HS-100,32788,4733,15.02
2026-06-12,REG-SOUTH,PROD-HS-110,23516,3209,20.43
2026-06-12,REG-SOUTH,PROD-AS-200,22378,3391,21.45
2026-06-12,REG-SOUTH,PROD-LB-400,23977,3913,23.47
2026-06-12,REG-SOUTH,PROD-DM-300,15517,2138,24.91
2026-06-12,REG-SOUTH,PROD-VD-500,8580,1362,25.87
2026-06-12,REG-DELTA,PROD-HS-100,32837,4676,17.73
2026-06-12,REG-DELTA,PROD-HS-110,21467,3183,22.74
2026-06-12,REG-DELTA,PROD-AS-200,23016,3347,24.1
2026-06-12,REG-DELTA,PROD-LB-400,21698,3007,25.6
2026-06-12,REG-DELTA,PROD-DM-300,12905,1821,26.52
2026-06-12,REG-DELTA,PROD-VD-500,8326,1262,27.7
2026-06-12,REG-ISLAND,PROD-HS-100,24352,3808,17.18
2026-06-12,REG-ISLAND,PROD-HS-110,14964,2295,24.27
2026-06-12,REG-ISLAND,PROD-AS-200,17228,2742,25.28
2026-06-12,REG-ISLAND,PROD-LB-400,13847,2176,26.05
2026-06-12,REG-ISLAND,PROD-DM-300,8768,1150,27.7
2026-06-12,REG-ISLAND,PROD-VD-500,3925,574,17.36
2026-06-12,REG-NORTH,PROD-HS-100,42533,6554,24.05
2026-06-12,REG-NORTH,PROD-HS-110,21950,2589,24.51
2026-06-12,REG-NORTH,PROD-AS-200,19066,2693,26.71
2026-06-12,REG-NORTH,PROD-LB-400,20272,3386,28.14
2026-06-12,REG-NORTH,PROD-DM-300,8789,1110,18.55
2026-06-12,REG-NORTH,PROD-VD-500,5421,666,19.81
2026-06-12,REG-CENTRAL,PROD-HS-100,37508,4017,25.57
2026-06-12,REG-CENTRAL,PROD-HS-110,19592,2646,26.19
2026-06-12,REG-CENTRAL,PROD-AS-200,20823,3056,28.11
2026-06-12,REG-CENTRAL,PROD-LB-400,11649,1408,18.03
2026-06-12,REG-CENTRAL,PROD-DM-300,8424,1317,20.08
2026-06-12,REG-CENTRAL,PROD-VD-500,5688,1007,21.09
2026-06-13,REG-COASTAL,PROD-HS-100,37018,4844,13.42
2026-06-13,REG-COASTAL,PROD-HS-110,27091,4593,19.34
2026-06-13,REG-COASTAL,PROD-AS-200,25774,3511,20.67
2026-06-13,REG-COASTAL,PROD-LB-400,25974,4052,22.1
2026-06-13,REG-COASTAL,PROD-DM-300,16790,2625,24.46
2026-06-13,REG-COASTAL,PROD-VD-500,10028,1421,25.17
2026-06-13,REG-SOUTH,PROD-HS-100,34248,4402,15.38
2026-06-13,REG-SOUTH,PROD-HS-110,23173,2526,21.69
2026-06-13,REG-SOUTH,PROD-AS-200,21604,2550,22.68
2026-06-13,REG-SOUTH,PROD-LB-400,21413,3007,23.9
2026-06-13,REG-SOUTH,PROD-DM-300,11735,1597,24.43
2026-06-13,REG-SOUTH,PROD-VD-500,8779,1397,26.08
2026-06-13,REG-DELTA,PROD-HS-100,34158,4264,17.29
2026-06-13,REG-DELTA,PROD-HS-110,20250,1829,22.22
2026-06-13,REG-DELTA,PROD-AS-200,20643,3101,23.33
2026-06-13,REG-DELTA,PROD-LB-400,18964,3036,24.1
2026-06-13,REG-DELTA,PROD-DM-300,12618,1501,27.45
2026-06-13,REG-DELTA,PROD-VD-500,8465,1124,28.45
2026-06-13,REG-ISLAND,PROD-HS-100,24806,3351,17.36
2026-06-13,REG-ISLAND,PROD-HS-110,15949,2418,23.41
2026-06-13,REG-ISLAND,PROD-AS-200,12802,1939,25.5
2026-06-13,REG-ISLAND,PROD-LB-400,12427,1225,26.3
2026-06-13,REG-ISLAND,PROD-DM-300,10312,1237,28.54
2026-06-13,REG-ISLAND,PROD-VD-500,4139,526,17.98
2026-06-13,REG-NORTH,PROD-HS-100,38729,5519,23.5
2026-06-13,REG-NORTH,PROD-HS-110,21488,3262,25.24
2026-06-13,REG-NORTH,PROD-AS-200,19785,2786,25.76
2026-06-13,REG-NORTH,PROD-LB-400,20829,2798,27.74
2026-06-13,REG-NORTH,PROD-DM-300,8310,1133,17.99
2026-06-13,REG-NORTH,PROD-VD-500,5666,721,19.7
2026-06-13,REG-CENTRAL,PROD-HS-100,33533,4496,25.61
2026-06-13,REG-CENTRAL,PROD-HS-110,20530,3583,27.51
2026-06-13,REG-CENTRAL,PROD-AS-200,20493,2627,27.83
2026-06-13,REG-CENTRAL,PROD-LB-400,11268,1712,17.34
2026-06-13,REG-CENTRAL,PROD-DM-300,8317,1057,19.73
2026-06-13,REG-CENTRAL,PROD-VD-500,5016,683,20.06
2026-06-14,REG-COASTAL,PROD-HS-100,25225,2935,13.81
2026-06-14,REG-COASTAL,PROD-HS-110,16795,2442,19.5
2026-06-14,REG-COASTAL,PROD-AS-200,17498,1806,21.38
2026-06-14,REG-COASTAL,PROD-LB-400,14960,2528,22.48
2026-06-14,REG-COASTAL,PROD-DM-300,10807,1755,24.01
2026-06-14,REG-COASTAL,PROD-VD-500,7097,1104,25.39
2026-06-14,REG-SOUTH,PROD-HS-100,20004,2735,13.62
2026-06-14,REG-SOUTH,PROD-HS-110,16191,2830,20.78
2026-06-14,REG-SOUTH,PROD-AS-200,13827,1854,22.3
2026-06-14,REG-SOUTH,PROD-LB-400,12417,1437,23.26
2026-06-14,REG-SOUTH,PROD-DM-300,9033,1282,24.68
2026-06-14,REG-SOUTH,PROD-VD-500,6338,857,26.48
2026-06-14,REG-DELTA,PROD-HS-100,19778,2995,15.82
2026-06-14,REG-DELTA,PROD-HS-110,12127,1771,21.35
2026-06-14,REG-DELTA,PROD-AS-200,12122,1812,23.43
2026-06-14,REG-DELTA,PROD-LB-400,10987,1525,24.26
2026-06-14,REG-DELTA,PROD-DM-300,6749,1065,25.26
2026-06-14,REG-DELTA,PROD-VD-500,5264,707,26.65
2026-06-14,REG-ISLAND,PROD-HS-100,14130,2177,17.15
2026-06-14,REG-ISLAND,PROD-HS-110,9071,983,23.24
2026-06-14,REG-ISLAND,PROD-AS-200,10014,1240,25.73
2026-06-14,REG-ISLAND,PROD-LB-400,9153,1259,26.14
2026-06-14,REG-ISLAND,PROD-DM-300,5786,803,27.99
2026-06-14,REG-ISLAND,PROD-VD-500,2159,213,17.53
2026-06-14,REG-NORTH,PROD-HS-100,24413,4521,23.4
2026-06-14,REG-NORTH,PROD-HS-110,13703,2123,25.28
2026-06-14,REG-NORTH,PROD-AS-200,12699,1841,26.61
2026-06-14,REG-NORTH,PROD-LB-400,11958,1346,28.84
2026-06-14,REG-NORTH,PROD-DM-300,5503,827,17.13
2026-06-14,REG-NORTH,PROD-VD-500,3286,410,18.55
2026-06-14,REG-CENTRAL,PROD-HS-100,20576,2486,24.65
2026-06-14,REG-CENTRAL,PROD-HS-110,12583,1774,26.24
2026-06-14,REG-CENTRAL,PROD-AS-200,12544,1883,27.13
2026-06-14,REG-CENTRAL,PROD-LB-400,6861,798,17.78
2026-06-14,REG-CENTRAL,PROD-DM-300,4553,585,19.36
2026-06-14,REG-CENTRAL,PROD-VD-500,3300,352,21.21
2026-06-15,REG-COASTAL,PROD-HS-100,36418,4803,12.79
2026-06-15,REG-COASTAL,PROD-HS-110,31728,4739,19.95
2026-06-15,REG-COASTAL,PROD-AS-200,27766,4691,20.71
2026-06-15,REG-COASTAL,PROD-LB-400,21805,3218,21.97
2026-06-15,REG-COASTAL,PROD-DM-300,13955,2105,23.94
2026-06-15,REG-COASTAL,PROD-VD-500,11076,1715,24.06
2026-06-15,REG-SOUTH,PROD-HS-100,39218,6039,15.23
2026-06-15,REG-SOUTH,PROD-HS-110,25220,3473,20.29
2026-06-15,REG-SOUTH,PROD-AS-200,17278,1527,22
2026-06-15,REG-SOUTH,PROD-LB-400,19750,3017,22.64
2026-06-15,REG-SOUTH,PROD-DM-300,14601,1862,25.43
2026-06-15,REG-SOUTH,PROD-VD-500,10762,1812,27.04
2026-06-15,REG-DELTA,PROD-HS-100,33468,4694,16.24
2026-06-15,REG-DELTA,PROD-HS-110,19427,2220,21.46
2026-06-15,REG-DELTA,PROD-AS-200,21653,2704,24.29
2026-06-15,REG-DELTA,PROD-LB-400,18953,2432,25.22
2026-06-15,REG-DELTA,PROD-DM-300,12268,1954,25.79
2026-06-15,REG-DELTA,PROD-VD-500,10584,1559,29.02
2026-06-15,REG-ISLAND,PROD-HS-100,23212,3550,17.35
2026-06-15,REG-ISLAND,PROD-HS-110,15554,2186,23.33
2026-06-15,REG-ISLAND,PROD-AS-200,15489,2254,25.02
2026-06-15,REG-ISLAND,PROD-LB-400,15544,2269,26.87
2026-06-15,REG-ISLAND,PROD-DM-300,9529,1141,27.68
2026-06-15,REG-ISLAND,PROD-VD-500,4438,618,19.2
2026-06-15,REG-NORTH,PROD-HS-100,34965,5142,22.82
2026-06-15,REG-NORTH,PROD-HS-110,21208,2462,24.44
2026-06-15,REG-NORTH,PROD-AS-200,20647,3005,26.89
2026-06-15,REG-NORTH,PROD-LB-400,20234,3760,27.69
2026-06-15,REG-NORTH,PROD-DM-300,8764,1084,18.64
2026-06-15,REG-NORTH,PROD-VD-500,5794,853,20.25
2026-06-15,REG-CENTRAL,PROD-HS-100,34216,4783,23.6
2026-06-15,REG-CENTRAL,PROD-HS-110,21084,3394,26.76
2026-06-15,REG-CENTRAL,PROD-AS-200,21623,3192,27.63
2026-06-15,REG-CENTRAL,PROD-LB-400,11731,1306,18.01
2026-06-15,REG-CENTRAL,PROD-DM-300,7477,1000,19.57
2026-06-15,REG-CENTRAL,PROD-VD-500,4927,485,21.25
2026-06-16,REG-COASTAL,PROD-HS-100,45518,6159,14.66
2026-06-16,REG-COASTAL,PROD-HS-110,31664,4253,19.73
2026-06-16,REG-COASTAL,PROD-AS-200,25868,3754,21.53
2026-06-16,REG-COASTAL,PROD-LB-400,22653,2740,21.93
2026-06-16,REG-COASTAL,PROD-DM-300,16145,1925,23.66
2026-06-16,REG-COASTAL,PROD-VD-500,10155,1372,23.24
2026-06-16,REG-SOUTH,PROD-HS-100,38514,5777,15.3
2026-06-16,REG-SOUTH,PROD-HS-110,22085,2088,20.9
2026-06-16,REG-SOUTH,PROD-AS-200,20131,2471,22.02
2026-06-16,REG-SOUTH,PROD-LB-400,21108,2844,24.06
2026-06-16,REG-SOUTH,PROD-DM-300,13503,2149,25.34
2026-06-16,REG-SOUTH,PROD-VD-500,9820,1454,25.74
2026-06-16,REG-DELTA,PROD-HS-100,31336,3693,17.04
2026-06-16,REG-DELTA,PROD-HS-110,20027,1970,22.07
2026-06-16,REG-DELTA,PROD-AS-200,19143,2107,24.27
2026-06-16,REG-DELTA,PROD-LB-400,17840,1975,24.94
2026-06-16,REG-DELTA,PROD-DM-300,13350,2238,26.15
2026-06-16,REG-DELTA,PROD-VD-500,10545,1663,27.33
2026-06-16,REG-ISLAND,PROD-HS-100,21777,2792,17.12
2026-06-16,REG-ISLAND,PROD-HS-110,17308,3128,23.17
2026-06-16,REG-ISLAND,PROD-AS-200,15539,2055,24.7
2026-06-16,REG-ISLAND,PROD-LB-400,13719,1886,26.35
2026-06-16,REG-ISLAND,PROD-DM-300,10233,1353,27.24
2026-06-16,REG-ISLAND,PROD-VD-500,3643,434,18.03
2026-06-16,REG-NORTH,PROD-HS-100,38273,5771,22.79
2026-06-16,REG-NORTH,PROD-HS-110,22525,2420,25.58
2026-06-16,REG-NORTH,PROD-AS-200,22456,3876,27.01
2026-06-16,REG-NORTH,PROD-LB-400,20537,2831,28.38
2026-06-16,REG-NORTH,PROD-DM-300,7557,749,17.64
2026-06-16,REG-NORTH,PROD-VD-500,5141,664,18.73
2026-06-16,REG-CENTRAL,PROD-HS-100,37676,5786,25.64
2026-06-16,REG-CENTRAL,PROD-HS-110,17871,2247,25.74
2026-06-16,REG-CENTRAL,PROD-AS-200,21569,3482,27.36
2026-06-16,REG-CENTRAL,PROD-LB-400,9889,1531,18.25
2026-06-16,REG-CENTRAL,PROD-DM-300,7645,1118,19.84
2026-06-16,REG-CENTRAL,PROD-VD-500,5235,740,20.91
2026-06-17,REG-COASTAL,PROD-HS-100,39871,4345,13.05
2026-06-17,REG-COASTAL,PROD-HS-110,24201,3081,18.86
2026-06-17,REG-COASTAL,PROD-AS-200,25740,3899,21.67
2026-06-17,REG-COASTAL,PROD-LB-400,25888,4035,21.79
2026-06-17,REG-COASTAL,PROD-DM-300,18828,2837,23.62
2026-06-17,REG-COASTAL,PROD-VD-500,11578,1855,24.99
2026-06-17,REG-SOUTH,PROD-HS-100,33955,5184,15.25
2026-06-17,REG-SOUTH,PROD-HS-110,23640,3293,21.28
2026-06-17,REG-SOUTH,PROD-AS-200,23363,3974,22.36
2026-06-17,REG-SOUTH,PROD-LB-400,21616,3163,24.25
2026-06-17,REG-SOUTH,PROD-DM-300,14777,2358,24.59
2026-06-17,REG-SOUTH,PROD-VD-500,11147,1334,25.82
2026-06-17,REG-DELTA,PROD-HS-100,29544,4234,15.28
2026-06-17,REG-DELTA,PROD-HS-110,21772,2887,22.97
2026-06-17,REG-DELTA,PROD-AS-200,19151,2243,23.65
2026-06-17,REG-DELTA,PROD-LB-400,22493,3741,25
2026-06-17,REG-DELTA,PROD-DM-300,16077,2804,26.87
2026-06-17,REG-DELTA,PROD-VD-500,8570,1178,28.99
2026-06-17,REG-ISLAND,PROD-HS-100,21293,2702,17.21
2026-06-17,REG-ISLAND,PROD-HS-110,15138,2128,23.96
2026-06-17,REG-ISLAND,PROD-AS-200,17155,2126,25.69
2026-06-17,REG-ISLAND,PROD-LB-400,16453,2768,26.32
2026-06-17,REG-ISLAND,PROD-DM-300,8532,1117,27.57
2026-06-17,REG-ISLAND,PROD-VD-500,3569,404,17.68
2026-06-17,REG-NORTH,PROD-HS-100,35371,4827,23.05
2026-06-17,REG-NORTH,PROD-HS-110,24125,3368,25.04
2026-06-17,REG-NORTH,PROD-AS-200,21971,2894,25.61
2026-06-17,REG-NORTH,PROD-LB-400,18583,2392,27.68
2026-06-17,REG-NORTH,PROD-DM-300,6750,943,17.87
2026-06-17,REG-NORTH,PROD-VD-500,5547,876,19.71
2026-06-17,REG-CENTRAL,PROD-HS-100,36395,4712,25.47
2026-06-17,REG-CENTRAL,PROD-HS-110,20689,2512,25.49
2026-06-17,REG-CENTRAL,PROD-AS-200,17493,2109,28.07
2026-06-17,REG-CENTRAL,PROD-LB-400,11926,1633,18.19
2026-06-17,REG-CENTRAL,PROD-DM-300,7114,1048,19.69
2026-06-17,REG-CENTRAL,PROD-VD-500,4965,725,20
2026-06-18,REG-COASTAL,PROD-HS-100,36575,4623,13.63
2026-06-18,REG-COASTAL,PROD-HS-110,29118,4906,19.65
2026-06-18,REG-COASTAL,PROD-AS-200,24320,3002,20.86
2026-06-18,REG-COASTAL,PROD-LB-400,26629,3888,22.38
2026-06-18,REG-COASTAL,PROD-DM-300,15467,2225,22.95
2026-06-18,REG-COASTAL,PROD-VD-500,12114,1506,24.05
2026-06-18,REG-SOUTH,PROD-HS-100,33663,5157,14.35
2026-06-18,REG-SOUTH,PROD-HS-110,22759,3321,20.92
2026-06-18,REG-SOUTH,PROD-AS-200,23257,3533,22.21
2026-06-18,REG-SOUTH,PROD-LB-400,21717,3264,23.57
2026-06-18,REG-SOUTH,PROD-DM-300,15159,2076,25.31
2026-06-18,REG-SOUTH,PROD-VD-500,10266,1215,27.18
2026-06-18,REG-DELTA,PROD-HS-100,32369,5038,15.8
2026-06-18,REG-DELTA,PROD-HS-110,22309,3089,22.45
2026-06-18,REG-DELTA,PROD-AS-200,20642,2497,23.14
2026-06-18,REG-DELTA,PROD-LB-400,22757,3139,25.44
2026-06-18,REG-DELTA,PROD-DM-300,11985,1491,27.47
2026-06-18,REG-DELTA,PROD-VD-500,7655,1153,27.67
2026-06-18,REG-ISLAND,PROD-HS-100,23270,3687,16.61
2026-06-18,REG-ISLAND,PROD-HS-110,17732,2526,23.36
2026-06-18,REG-ISLAND,PROD-AS-200,15407,1866,24.31
2026-06-18,REG-ISLAND,PROD-LB-400,13335,1786,26.37
2026-06-18,REG-ISLAND,PROD-DM-300,10111,1308,28.4
2026-06-18,REG-ISLAND,PROD-VD-500,3350,477,17
2026-06-18,REG-NORTH,PROD-HS-100,37139,5075,22.77
2026-06-18,REG-NORTH,PROD-HS-110,23129,3532,24.87
2026-06-18,REG-NORTH,PROD-AS-200,19224,2918,26.39
2026-06-18,REG-NORTH,PROD-LB-400,21412,2895,27.23
2026-06-18,REG-NORTH,PROD-DM-300,8466,1345,18.74
2026-06-18,REG-NORTH,PROD-VD-500,5567,873,18.19
2026-06-18,REG-CENTRAL,PROD-HS-100,41363,6483,25.22
2026-06-18,REG-CENTRAL,PROD-HS-110,21155,3222,27.34
2026-06-18,REG-CENTRAL,PROD-AS-200,18598,2417,27.47
2026-06-18,REG-CENTRAL,PROD-LB-400,12170,1750,19.23
2026-06-18,REG-CENTRAL,PROD-DM-300,8560,1021,20.43
2026-06-18,REG-CENTRAL,PROD-VD-500,6052,883,20.84
2026-06-19,REG-COASTAL,PROD-HS-100,43768,6568,14.82
2026-06-19,REG-COASTAL,PROD-HS-110,28443,3778,19.38
2026-06-19,REG-COASTAL,PROD-AS-200,25336,3595,20.41
2026-06-19,REG-COASTAL,PROD-LB-400,25159,3166,22.15
2026-06-19,REG-COASTAL,PROD-DM-300,18381,2868,23.98
2026-06-19,REG-COASTAL,PROD-VD-500,10734,1590,24.58
2026-06-19,REG-SOUTH,PROD-HS-100,34921,4196,14.91
2026-06-19,REG-SOUTH,PROD-HS-110,22898,3009,21.07
2026-06-19,REG-SOUTH,PROD-AS-200,20648,2478,22.38
2026-06-19,REG-SOUTH,PROD-LB-400,22362,2746,23.95
2026-06-19,REG-SOUTH,PROD-DM-300,13509,1903,24.18
2026-06-19,REG-SOUTH,PROD-VD-500,7836,861,25.55
2026-06-19,REG-DELTA,PROD-HS-100,32125,5635,16.16
2026-06-19,REG-DELTA,PROD-HS-110,21177,3189,22.04
2026-06-19,REG-DELTA,PROD-AS-200,20772,3207,22.52
2026-06-19,REG-DELTA,PROD-LB-400,19022,2549,25.78
2026-06-19,REG-DELTA,PROD-DM-300,13348,2144,27
2026-06-19,REG-DELTA,PROD-VD-500,8165,971,26.84
2026-06-19,REG-ISLAND,PROD-HS-100,23449,3805,17.83
2026-06-19,REG-ISLAND,PROD-HS-110,16613,2654,23.54
2026-06-19,REG-ISLAND,PROD-AS-200,15258,2189,24.94
2026-06-19,REG-ISLAND,PROD-LB-400,14317,1946,26.27
2026-06-19,REG-ISLAND,PROD-DM-300,9466,1067,28
2026-06-19,REG-ISLAND,PROD-VD-500,4140,708,18.26
2026-06-19,REG-NORTH,PROD-HS-100,41817,6386,24.09
2026-06-19,REG-NORTH,PROD-HS-110,18952,2410,23.9
2026-06-19,REG-NORTH,PROD-AS-200,21645,2830,26.39
2026-06-19,REG-NORTH,PROD-LB-400,19512,2314,28.01
2026-06-19,REG-NORTH,PROD-DM-300,7473,923,18.04
2026-06-19,REG-NORTH,PROD-VD-500,5387,751,18.54
2026-06-19,REG-CENTRAL,PROD-HS-100,33811,4063,24.85
2026-06-19,REG-CENTRAL,PROD-HS-110,19915,2874,26.79
2026-06-19,REG-CENTRAL,PROD-AS-200,20057,2878,27.8
2026-06-19,REG-CENTRAL,PROD-LB-400,11662,1519,18.51
2026-06-19,REG-CENTRAL,PROD-DM-300,8698,1447,20.09
2026-06-19,REG-CENTRAL,PROD-VD-500,6020,858,20.81
2026-06-20,REG-COASTAL,PROD-HS-100,42285,6438,13.34
2026-06-20,REG-COASTAL,PROD-HS-110,29176,3791,20.13
2026-06-20,REG-COASTAL,PROD-AS-200,26872,4454,21.17
2026-06-20,REG-COASTAL,PROD-LB-400,24214,3080,22.7
2026-06-20,REG-COASTAL,PROD-DM-300,15348,1760,23.63
2026-06-20,REG-COASTAL,PROD-VD-500,11716,1700,26.08
2026-06-20,REG-SOUTH,PROD-HS-100,41026,6138,15.87
2026-06-20,REG-SOUTH,PROD-HS-110,23425,3561,20.35
2026-06-20,REG-SOUTH,PROD-AS-200,25630,4989,21.73
2026-06-20,REG-SOUTH,PROD-LB-400,19134,2000,23.57
2026-06-20,REG-SOUTH,PROD-DM-300,14020,1900,25.84
2026-06-20,REG-SOUTH,PROD-VD-500,9861,1190,26.52
2026-06-20,REG-DELTA,PROD-HS-100,28903,3514,15.33
2026-06-20,REG-DELTA,PROD-HS-110,22284,2810,21.95
2026-06-20,REG-DELTA,PROD-AS-200,19319,2570,22.54
2026-06-20,REG-DELTA,PROD-LB-400,19033,2532,26.61
2026-06-20,REG-DELTA,PROD-DM-300,14002,2137,26.54
2026-06-20,REG-DELTA,PROD-VD-500,8543,1192,27.84
2026-06-20,REG-ISLAND,PROD-HS-100,26201,4423,17.88
2026-06-20,REG-ISLAND,PROD-HS-110,15901,2249,24.42
2026-06-20,REG-ISLAND,PROD-AS-200,13777,1689,23.89
2026-06-20,REG-ISLAND,PROD-LB-400,13168,1437,25.23
2026-06-20,REG-ISLAND,PROD-DM-300,9196,1209,26.98
2026-06-20,REG-ISLAND,PROD-VD-500,3870,491,17.51
2026-06-20,REG-NORTH,PROD-HS-100,36500,4628,25.06
2026-06-20,REG-NORTH,PROD-HS-110,21194,2902,24.36
2026-06-20,REG-NORTH,PROD-AS-200,19129,2551,25.86
2026-06-20,REG-NORTH,PROD-LB-400,21697,2525,27.59
2026-06-20,REG-NORTH,PROD-DM-300,8227,1368,18.79
2026-06-20,REG-NORTH,PROD-VD-500,6083,1068,19.44
2026-06-20,REG-CENTRAL,PROD-HS-100,35219,5025,23.98
2026-06-20,REG-CENTRAL,PROD-HS-110,21414,2785,26.42
2026-06-20,REG-CENTRAL,PROD-AS-200,21755,2911,27.75
2026-06-20,REG-CENTRAL,PROD-LB-400,11665,1663,17.52
2026-06-20,REG-CENTRAL,PROD-DM-300,8217,1005,19.23
2026-06-20,REG-CENTRAL,PROD-VD-500,5503,856,20.93
2026-06-21,REG-COASTAL,PROD-HS-100,24634,3301,13.22
2026-06-21,REG-COASTAL,PROD-HS-110,16426,2115,19.6
2026-06-21,REG-COASTAL,PROD-AS-200,15789,1701,20.21
2026-06-21,REG-COASTAL,PROD-LB-400,14491,1289,22.23
2026-06-21,REG-COASTAL,PROD-DM-300,9708,1352,22.96
2026-06-21,REG-COASTAL,PROD-VD-500,7569,1197,24.51
2026-06-21,REG-SOUTH,PROD-HS-100,24919,4121,15.72
2026-06-21,REG-SOUTH,PROD-HS-110,14543,2598,20.56
2026-06-21,REG-SOUTH,PROD-AS-200,13712,1960,22.95
2026-06-21,REG-SOUTH,PROD-LB-400,13384,1807,22.57
2026-06-21,REG-SOUTH,PROD-DM-300,10127,1520,25.17
2026-06-21,REG-SOUTH,PROD-VD-500,5350,748,27.72
2026-06-21,REG-DELTA,PROD-HS-100,20761,3126,17.07
2026-06-21,REG-DELTA,PROD-HS-110,13397,1789,21.94
2026-06-21,REG-DELTA,PROD-AS-200,11939,1681,23.69
2026-06-21,REG-DELTA,PROD-LB-400,12345,1842,24.95
2026-06-21,REG-DELTA,PROD-DM-300,8060,996,25.59
2026-06-21,REG-DELTA,PROD-VD-500,4697,668,27.79
2026-06-21,REG-ISLAND,PROD-HS-100,15217,2574,18.22
2026-06-21,REG-ISLAND,PROD-HS-110,10688,1545,23.93
2026-06-21,REG-ISLAND,PROD-AS-200,8686,1115,23.96
2026-06-21,REG-ISLAND,PROD-LB-400,9198,1371,26.53
2026-06-21,REG-ISLAND,PROD-DM-300,5241,704,27.01
2026-06-21,REG-ISLAND,PROD-VD-500,2733,457,18.81
2026-06-21,REG-NORTH,PROD-HS-100,25069,3617,23.5
2026-06-21,REG-NORTH,PROD-HS-110,13806,1571,25.7
2026-06-21,REG-NORTH,PROD-AS-200,13241,2078,27.03
2026-06-21,REG-NORTH,PROD-LB-400,12268,1763,28.62
2026-06-21,REG-NORTH,PROD-DM-300,4693,645,16.73
2026-06-21,REG-NORTH,PROD-VD-500,3100,453,19.04
2026-06-21,REG-CENTRAL,PROD-HS-100,23532,3143,24.77
2026-06-21,REG-CENTRAL,PROD-HS-110,12626,1599,26.13
2026-06-21,REG-CENTRAL,PROD-AS-200,12441,2078,28.24
2026-06-21,REG-CENTRAL,PROD-LB-400,7622,1285,17.85
2026-06-21,REG-CENTRAL,PROD-DM-300,5341,862,19.39
2026-06-21,REG-CENTRAL,PROD-VD-500,3344,404,20.85
2026-06-22,REG-COASTAL,PROD-HS-100,39626,5625,13.28
2026-06-22,REG-COASTAL,PROD-HS-110,23813,2594,18.25
2026-06-22,REG-COASTAL,PROD-AS-200,27005,3730,21.81
2026-06-22,REG-COASTAL,PROD-LB-400,23653,3528,22.82
2026-06-22,REG-COASTAL,PROD-DM-300,16224,2085,23.29
2026-06-22,REG-COASTAL,PROD-VD-500,11663,1554,25.15
2026-06-22,REG-SOUTH,PROD-HS-100,37864,5563,15
2026-06-22,REG-SOUTH,PROD-HS-110,20860,3091,21.33
2026-06-22,REG-SOUTH,PROD-AS-200,21577,2211,22.57
2026-06-22,REG-SOUTH,PROD-LB-400,21862,2681,24.16
2026-06-22,REG-SOUTH,PROD-DM-300,15481,2537,25.04
2026-06-22,REG-SOUTH,PROD-VD-500,10139,1311,27.08
2026-06-22,REG-DELTA,PROD-HS-100,32843,5031,15.43
2026-06-22,REG-DELTA,PROD-HS-110,18938,2495,21.81
2026-06-22,REG-DELTA,PROD-AS-200,20500,3339,23.57
2026-06-22,REG-DELTA,PROD-LB-400,19848,2360,24.56
2026-06-22,REG-DELTA,PROD-DM-300,12745,1956,26.12
2026-06-22,REG-DELTA,PROD-VD-500,9829,1504,28.91
2026-06-22,REG-ISLAND,PROD-HS-100,23713,2873,17.1
2026-06-22,REG-ISLAND,PROD-HS-110,15276,2066,23.34
2026-06-22,REG-ISLAND,PROD-AS-200,14801,1352,24.54
2026-06-22,REG-ISLAND,PROD-LB-400,16552,2200,27.29
2026-06-22,REG-ISLAND,PROD-DM-300,9428,1489,27.57
2026-06-22,REG-ISLAND,PROD-VD-500,3607,608,18.4
2026-06-22,REG-NORTH,PROD-HS-100,39679,6164,23.8
2026-06-22,REG-NORTH,PROD-HS-110,22799,2754,25.18
2026-06-22,REG-NORTH,PROD-AS-200,22377,3597,26.12
2026-06-22,REG-NORTH,PROD-LB-400,19961,3136,28.18
2026-06-22,REG-NORTH,PROD-DM-300,7229,993,17.52
2026-06-22,REG-NORTH,PROD-VD-500,5015,557,19.05
2026-06-22,REG-CENTRAL,PROD-HS-100,37658,5888,25.52
2026-06-22,REG-CENTRAL,PROD-HS-110,20301,2527,25.8
2026-06-22,REG-CENTRAL,PROD-AS-200,21619,2841,27.37
2026-06-22,REG-CENTRAL,PROD-LB-400,9908,1220,18.25
2026-06-22,REG-CENTRAL,PROD-DM-300,6810,618,19.66
2026-06-22,REG-CENTRAL,PROD-VD-500,5172,659,21.09
2026-06-23,REG-COASTAL,PROD-HS-100,43571,5466,14.13
2026-06-23,REG-COASTAL,PROD-HS-110,26713,4455,19.02
2026-06-23,REG-COASTAL,PROD-AS-200,27056,4033,21.7
2026-06-23,REG-COASTAL,PROD-LB-400,23834,3260,22.78
2026-06-23,REG-COASTAL,PROD-DM-300,16587,2555,24.4
2026-06-23,REG-COASTAL,PROD-VD-500,11528,1828,25.19
2026-06-23,REG-SOUTH,PROD-HS-100,37261,5250,15.14
2026-06-23,REG-SOUTH,PROD-HS-110,22722,2376,20.35
2026-06-23,REG-SOUTH,PROD-AS-200,22930,3140,22.98
2026-06-23,REG-SOUTH,PROD-LB-400,19094,2419,23.82
2026-06-23,REG-SOUTH,PROD-DM-300,15874,2231,24.72
2026-06-23,REG-SOUTH,PROD-VD-500,10044,1371,26.12
2026-06-23,REG-DELTA,PROD-HS-100,30130,4025,15.82
2026-06-23,REG-DELTA,PROD-HS-110,17837,1867,20.42
2026-06-23,REG-DELTA,PROD-AS-200,21704,2650,23.12
2026-06-23,REG-DELTA,PROD-LB-400,20759,2943,24.21
2026-06-23,REG-DELTA,PROD-DM-300,13874,1776,26.88
2026-06-23,REG-DELTA,PROD-VD-500,8439,1439,28
2026-06-23,REG-ISLAND,PROD-HS-100,24986,3784,16.75
2026-06-23,REG-ISLAND,PROD-HS-110,15590,2280,23.03
2026-06-23,REG-ISLAND,PROD-AS-200,17517,2911,25.53
2026-06-23,REG-ISLAND,PROD-LB-400,17417,2855,26.14
2026-06-23,REG-ISLAND,PROD-DM-300,9165,1414,28.39
2026-06-23,REG-ISLAND,PROD-VD-500,3553,351,18.51
2026-06-23,REG-NORTH,PROD-HS-100,41024,6624,23.66
2026-06-23,REG-NORTH,PROD-HS-110,25036,3668,25.11
2026-06-23,REG-NORTH,PROD-AS-200,23476,2577,27.18
2026-06-23,REG-NORTH,PROD-LB-400,17734,2289,27.73
2026-06-23,REG-NORTH,PROD-DM-300,7154,803,17.84
2026-06-23,REG-NORTH,PROD-VD-500,5320,777,18.17
2026-06-23,REG-CENTRAL,PROD-HS-100,36054,3628,25.51
2026-06-23,REG-CENTRAL,PROD-HS-110,23508,3527,26.15
2026-06-23,REG-CENTRAL,PROD-AS-200,19045,2672,28.13
2026-06-23,REG-CENTRAL,PROD-LB-400,10822,1556,17.68
2026-06-23,REG-CENTRAL,PROD-DM-300,7187,866,19.51
2026-06-23,REG-CENTRAL,PROD-VD-500,5600,827,20.4
2026-06-24,REG-COASTAL,PROD-HS-100,38956,4791,12.75
2026-06-24,REG-COASTAL,PROD-HS-110,24577,2951,19.86
2026-06-24,REG-COASTAL,PROD-AS-200,24007,3281,20.62
2026-06-24,REG-COASTAL,PROD-LB-400,26906,4269,22.39
2026-06-24,REG-COASTAL,PROD-DM-300,18565,2438,24.14
2026-06-24,REG-COASTAL,PROD-VD-500,11055,1731,24.47
2026-06-24,REG-SOUTH,PROD-HS-100,40162,5415,15.92
2026-06-24,REG-SOUTH,PROD-HS-110,22231,2934,20
2026-06-24,REG-SOUTH,PROD-AS-200,26805,4219,23.53
2026-06-24,REG-SOUTH,PROD-LB-400,22931,3229,24.57
2026-06-24,REG-SOUTH,PROD-DM-300,15914,2015,24.56
2026-06-24,REG-SOUTH,PROD-VD-500,8615,1184,26.35
2026-06-24,REG-DELTA,PROD-HS-100,31697,3387,16.66
2026-06-24,REG-DELTA,PROD-HS-110,22068,2970,22.1
2026-06-24,REG-DELTA,PROD-AS-200,22481,3437,23.25
2026-06-24,REG-DELTA,PROD-LB-400,23168,3806,25.61
2026-06-24,REG-DELTA,PROD-DM-300,11346,1429,26.1
2026-06-24,REG-DELTA,PROD-VD-500,8937,1373,27.31
2026-06-24,REG-ISLAND,PROD-HS-100,26033,4007,17.52
2026-06-24,REG-ISLAND,PROD-HS-110,16480,2192,23.35
2026-06-24,REG-ISLAND,PROD-AS-200,16293,2296,25.54
2026-06-24,REG-ISLAND,PROD-LB-400,12363,1517,26.39
2026-06-24,REG-ISLAND,PROD-DM-300,8568,1199,28.79
2026-06-24,REG-ISLAND,PROD-VD-500,3784,460,18.26
2026-06-24,REG-NORTH,PROD-HS-100,37553,4480,23.76
2026-06-24,REG-NORTH,PROD-HS-110,24704,3397,25.22
2026-06-24,REG-NORTH,PROD-AS-200,18524,2990,26.11
2026-06-24,REG-NORTH,PROD-LB-400,19128,2629,27.64
2026-06-24,REG-NORTH,PROD-DM-300,6658,840,17.58
2026-06-24,REG-NORTH,PROD-VD-500,6245,928,19.91
2026-06-24,REG-CENTRAL,PROD-HS-100,39010,5869,26.22
2026-06-24,REG-CENTRAL,PROD-HS-110,21188,2585,26.02
2026-06-24,REG-CENTRAL,PROD-AS-200,17765,2444,28.64
2026-06-24,REG-CENTRAL,PROD-LB-400,11035,1479,18.2
2026-06-24,REG-CENTRAL,PROD-DM-300,7949,1038,18.83
2026-06-24,REG-CENTRAL,PROD-VD-500,5424,824,19.57
2026-06-25,REG-COASTAL,PROD-HS-100,45673,6501,14.42
2026-06-25,REG-COASTAL,PROD-HS-110,25986,3062,19.51
2026-06-25,REG-COASTAL,PROD-AS-200,27253,4058,20.97
2026-06-25,REG-COASTAL,PROD-LB-400,24465,3425,21
2026-06-25,REG-COASTAL,PROD-DM-300,18470,1531,24.66
2026-06-25,REG-COASTAL,PROD-VD-500,9864,1219,24.08
2026-06-25,REG-SOUTH,PROD-HS-100,40441,6532,16.17
2026-06-25,REG-SOUTH,PROD-HS-110,21038,2533,21.03
2026-06-25,REG-SOUTH,PROD-AS-200,24219,3501,21.81
2026-06-25,REG-SOUTH,PROD-LB-400,24250,4313,23.93
2026-06-25,REG-SOUTH,PROD-DM-300,12093,1685,26.28
2026-06-25,REG-SOUTH,PROD-VD-500,10245,1702,26.95
2026-06-25,REG-DELTA,PROD-HS-100,34758,4594,17.16
2026-06-25,REG-DELTA,PROD-HS-110,22021,2610,22.18
2026-06-25,REG-DELTA,PROD-AS-200,22623,3489,23.48
2026-06-25,REG-DELTA,PROD-LB-400,19839,2647,25.17
2026-06-25,REG-DELTA,PROD-DM-300,12661,1652,26.4
2026-06-25,REG-DELTA,PROD-VD-500,8241,870,27.4
2026-06-25,REG-ISLAND,PROD-HS-100,26252,3871,17.65
2026-06-25,REG-ISLAND,PROD-HS-110,17785,2679,23.6
2026-06-25,REG-ISLAND,PROD-AS-200,15328,2311,24.89
2026-06-25,REG-ISLAND,PROD-LB-400,13369,1897,26.07
2026-06-25,REG-ISLAND,PROD-DM-300,9500,1471,27.5
2026-06-25,REG-ISLAND,PROD-VD-500,3917,460,17.91
2026-06-25,REG-NORTH,PROD-HS-100,39407,5095,23.31
2026-06-25,REG-NORTH,PROD-HS-110,19328,2856,24.05
2026-06-25,REG-NORTH,PROD-AS-200,19764,1814,26.44
2026-06-25,REG-NORTH,PROD-LB-400,18648,1984,27.1
2026-06-25,REG-NORTH,PROD-DM-300,9044,1566,17.51
2026-06-25,REG-NORTH,PROD-VD-500,5984,875,19.13
2026-06-25,REG-CENTRAL,PROD-HS-100,38602,5671,25.16
2026-06-25,REG-CENTRAL,PROD-HS-110,23700,3204,27.59
2026-06-25,REG-CENTRAL,PROD-AS-200,18649,2169,28.07
2026-06-25,REG-CENTRAL,PROD-LB-400,11199,1275,18.08
2026-06-25,REG-CENTRAL,PROD-DM-300,8119,978,19.78
2026-06-25,REG-CENTRAL,PROD-VD-500,5559,821,19.99
2026-06-26,REG-COASTAL,PROD-HS-100,49088,6715,15.21
2026-06-26,REG-COASTAL,PROD-HS-110,27143,3942,19.24
2026-06-26,REG-COASTAL,PROD-AS-200,26432,3376,20.31
2026-06-26,REG-COASTAL,PROD-LB-400,26065,3248,22.05
2026-06-26,REG-COASTAL,PROD-DM-300,16302,2061,24.64
2026-06-26,REG-COASTAL,PROD-VD-500,9786,1380,24.87
2026-06-26,REG-SOUTH,PROD-HS-100,38546,5196,15.82
2026-06-26,REG-SOUTH,PROD-HS-110,22053,2746,20.11
2026-06-26,REG-SOUTH,PROD-AS-200,23928,3674,22.31
2026-06-26,REG-SOUTH,PROD-LB-400,20128,2565,23.17
2026-06-26,REG-SOUTH,PROD-DM-300,13387,2020,24.98
2026-06-26,REG-SOUTH,PROD-VD-500,9350,1399,26.5
2026-06-26,REG-DELTA,PROD-HS-100,34203,5620,15.88
2026-06-26,REG-DELTA,PROD-HS-110,25180,3145,23.19
2026-06-26,REG-DELTA,PROD-AS-200,20097,2664,23.49
2026-06-26,REG-DELTA,PROD-LB-400,20692,2664,26.43
2026-06-26,REG-DELTA,PROD-DM-300,12672,2025,26.82
2026-06-26,REG-DELTA,PROD-VD-500,8010,1031,27.92
2026-06-26,REG-ISLAND,PROD-HS-100,22808,2742,16.27
2026-06-26,REG-ISLAND,PROD-HS-110,16102,2247,24.22
2026-06-26,REG-ISLAND,PROD-AS-200,15065,2211,24.58
2026-06-26,REG-ISLAND,PROD-LB-400,13222,1732,26.35
2026-06-26,REG-ISLAND,PROD-DM-300,9180,1185,27.57
2026-06-26,REG-ISLAND,PROD-VD-500,3885,441,17.84
2026-06-26,REG-NORTH,PROD-HS-100,36591,4568,22.74
2026-06-26,REG-NORTH,PROD-HS-110,20216,2792,24.68
2026-06-26,REG-NORTH,PROD-AS-200,19559,2339,26.78
2026-06-26,REG-NORTH,PROD-LB-400,16718,2246,27.62
2026-06-26,REG-NORTH,PROD-DM-300,8165,1455,17.52
2026-06-26,REG-NORTH,PROD-VD-500,6902,883,19.8
2026-06-26,REG-CENTRAL,PROD-HS-100,36356,4367,24.63
2026-06-26,REG-CENTRAL,PROD-HS-110,23861,3599,26.8
2026-06-26,REG-CENTRAL,PROD-AS-200,19611,2676,27.81
2026-06-26,REG-CENTRAL,PROD-LB-400,11358,1441,17.61
2026-06-26,REG-CENTRAL,PROD-DM-300,8429,1195,19.77
2026-06-26,REG-CENTRAL,PROD-VD-500,4484,662,19.91
2026-06-27,REG-COASTAL,PROD-HS-100,40906,6130,12.93
2026-06-27,REG-COASTAL,PROD-HS-110,31374,5726,19.91
2026-06-27,REG-COASTAL,PROD-AS-200,28714,4083,20.01
2026-06-27,REG-COASTAL,PROD-LB-400,24171,3087,22.48
2026-06-27,REG-COASTAL,PROD-DM-300,15909,2612,23.01
2026-06-27,REG-COASTAL,PROD-VD-500,11078,1373,25.47
2026-06-27,REG-SOUTH,PROD-HS-100,37773,4122,15.12
2026-06-27,REG-SOUTH,PROD-HS-110,24944,3766,20.76
2026-06-27,REG-SOUTH,PROD-AS-200,23171,2598,22.94
2026-06-27,REG-SOUTH,PROD-LB-400,19883,1660,24.83
2026-06-27,REG-SOUTH,PROD-DM-300,12465,1893,24.93
2026-06-27,REG-SOUTH,PROD-VD-500,9534,1668,25.79
2026-06-27,REG-DELTA,PROD-HS-100,33839,4458,16.42
2026-06-27,REG-DELTA,PROD-HS-110,21447,3617,22.26
2026-06-27,REG-DELTA,PROD-AS-200,21042,2421,23.33
2026-06-27,REG-DELTA,PROD-LB-400,18314,3120,24.79
2026-06-27,REG-DELTA,PROD-DM-300,12321,1588,26.9
2026-06-27,REG-DELTA,PROD-VD-500,8471,1419,26.92
2026-06-27,REG-ISLAND,PROD-HS-100,24869,3852,16.42
2026-06-27,REG-ISLAND,PROD-HS-110,15742,2047,23.33
2026-06-27,REG-ISLAND,PROD-AS-200,15479,2200,24.55
2026-06-27,REG-ISLAND,PROD-LB-400,14652,2242,25.91
2026-06-27,REG-ISLAND,PROD-DM-300,8914,1127,26.94
2026-06-27,REG-ISLAND,PROD-VD-500,3940,509,17.96
2026-06-27,REG-NORTH,PROD-HS-100,45075,6586,24.66
2026-06-27,REG-NORTH,PROD-HS-110,23100,2835,24.74
2026-06-27,REG-NORTH,PROD-AS-200,21945,3791,26.74
2026-06-27,REG-NORTH,PROD-LB-400,18755,1746,27.61
2026-06-27,REG-NORTH,PROD-DM-300,8784,1460,18.88
2026-06-27,REG-NORTH,PROD-VD-500,5155,748,19.16
2026-06-27,REG-CENTRAL,PROD-HS-100,35823,3940,25.14
2026-06-27,REG-CENTRAL,PROD-HS-110,21152,2645,26.03
2026-06-27,REG-CENTRAL,PROD-AS-200,18123,2286,26.44
2026-06-27,REG-CENTRAL,PROD-LB-400,10210,1291,17.95
2026-06-27,REG-CENTRAL,PROD-DM-300,7367,786,19.82
2026-06-27,REG-CENTRAL,PROD-VD-500,5677,826,21.66
2026-06-28,REG-COASTAL,PROD-HS-100,37904,5476,14.69
2026-06-28,REG-COASTAL,PROD-HS-110,16184,2099,19.16
2026-06-28,REG-COASTAL,PROD-AS-200,16101,1842,20.25
2026-06-28,REG-COASTAL,PROD-LB-400,14276,1741,21.54
2026-06-28,REG-COASTAL,PROD-DM-300,9226,1322,23.52
2026-06-28,REG-COASTAL,PROD-VD-500,6968,940,25.22
2026-06-28,REG-SOUTH,PROD-HS-100,35132,5893,16.5
2026-06-28,REG-SOUTH,PROD-HS-110,14599,2465,19.63
2026-06-28,REG-SOUTH,PROD-AS-200,14694,2151,22.56
2026-06-28,REG-SOUTH,PROD-LB-400,14559,2217,23.24
2026-06-28,REG-SOUTH,PROD-DM-300,8436,1159,25.18
2026-06-28,REG-SOUTH,PROD-VD-500,6199,819,26.63
2026-06-28,REG-DELTA,PROD-HS-100,26038,3960,16.56
2026-06-28,REG-DELTA,PROD-HS-110,12894,1327,21.87
2026-06-28,REG-DELTA,PROD-AS-200,13858,2357,23.09
2026-06-28,REG-DELTA,PROD-LB-400,12091,1898,25.11
2026-06-28,REG-DELTA,PROD-DM-300,8029,1190,25.81
2026-06-28,REG-DELTA,PROD-VD-500,5048,611,27.73
2026-06-28,REG-ISLAND,PROD-HS-100,20090,2543,17.56
2026-06-28,REG-ISLAND,PROD-HS-110,8907,809,22.56
2026-06-28,REG-ISLAND,PROD-AS-200,9230,1050,24.94
2026-06-28,REG-ISLAND,PROD-LB-400,8322,990,26.66
2026-06-28,REG-ISLAND,PROD-DM-300,5791,852,27.75
2026-06-28,REG-ISLAND,PROD-VD-500,2382,266,18.4
2026-06-28,REG-NORTH,PROD-HS-100,31444,3937,23.59
2026-06-28,REG-NORTH,PROD-HS-110,14593,2048,25.14
2026-06-28,REG-NORTH,PROD-AS-200,13138,1904,26.62
2026-06-28,REG-NORTH,PROD-LB-400,11619,1321,27.83
2026-06-28,REG-NORTH,PROD-DM-300,5034,668,17.68
2026-06-28,REG-NORTH,PROD-VD-500,3814,577,20.75
2026-06-28,REG-CENTRAL,PROD-HS-100,29404,4100,24.69
2026-06-28,REG-CENTRAL,PROD-HS-110,13238,1966,26.52
2026-06-28,REG-CENTRAL,PROD-AS-200,12153,1496,27.05
2026-06-28,REG-CENTRAL,PROD-LB-400,7026,1146,17.29
2026-06-28,REG-CENTRAL,PROD-DM-300,5433,818,19.81
2026-06-28,REG-CENTRAL,PROD-VD-500,4061,662,21.38
2026-06-29,REG-COASTAL,PROD-HS-100,43259,6036,13.81
2026-06-29,REG-COASTAL,PROD-HS-110,25538,3515,19.13
2026-06-29,REG-COASTAL,PROD-AS-200,26671,3148,20.63
2026-06-29,REG-COASTAL,PROD-LB-400,25821,3601,21.55
2026-06-29,REG-COASTAL,PROD-DM-300,15129,2431,23.26
2026-06-29,REG-COASTAL,PROD-VD-500,10338,1177,25.59
2026-06-29,REG-SOUTH,PROD-HS-100,39729,5086,15.04
2026-06-29,REG-SOUTH,PROD-HS-110,21653,2957,21.08
2026-06-29,REG-SOUTH,PROD-AS-200,24411,3389,21.72
2026-06-29,REG-SOUTH,PROD-LB-400,20053,2622,23.12
2026-06-29,REG-SOUTH,PROD-DM-300,15552,1986,24.8
2026-06-29,REG-SOUTH,PROD-VD-500,10249,1451,26.66
2026-06-29,REG-DELTA,PROD-HS-100,31628,3969,16.38
2026-06-29,REG-DELTA,PROD-HS-110,20961,2902,23.18
2026-06-29,REG-DELTA,PROD-AS-200,21470,2559,23.43
2026-06-29,REG-DELTA,PROD-LB-400,20952,2819,25.58
2026-06-29,REG-DELTA,PROD-DM-300,13999,2009,26.88
2026-06-29,REG-DELTA,PROD-VD-500,8450,1210,28.73
2026-06-29,REG-ISLAND,PROD-HS-100,25305,3023,17.42
2026-06-29,REG-ISLAND,PROD-HS-110,16500,2424,24.06
2026-06-29,REG-ISLAND,PROD-AS-200,14277,2032,24.2
2026-06-29,REG-ISLAND,PROD-LB-400,14765,1771,26.36
2026-06-29,REG-ISLAND,PROD-DM-300,7724,1006,26.98
2026-06-29,REG-ISLAND,PROD-VD-500,3953,657,17.72
2026-06-29,REG-NORTH,PROD-HS-100,37737,5223,23.6
2026-06-29,REG-NORTH,PROD-HS-110,24494,3610,24.89
2026-06-29,REG-NORTH,PROD-AS-200,22126,2785,27.13
2026-06-29,REG-NORTH,PROD-LB-400,17126,2105,27.71
2026-06-29,REG-NORTH,PROD-DM-300,8271,1034,18.8
2026-06-29,REG-NORTH,PROD-VD-500,5260,688,19.05
2026-06-29,REG-CENTRAL,PROD-HS-100,36720,4691,25.56
2026-06-29,REG-CENTRAL,PROD-HS-110,21057,2729,26.91
2026-06-29,REG-CENTRAL,PROD-AS-200,18342,2349,27.39
2026-06-29,REG-CENTRAL,PROD-LB-400,10429,1358,17.61
2026-06-29,REG-CENTRAL,PROD-DM-300,8682,1282,20.16
2026-06-29,REG-CENTRAL,PROD-VD-500,5959,769,21.9
2026-06-30,REG-COASTAL,PROD-HS-100,47170,7019,13.62
2026-06-30,REG-COASTAL,PROD-HS-110,25614,3280,19.02
2026-06-30,REG-COASTAL,PROD-AS-200,26061,4056,20.43
2026-06-30,REG-COASTAL,PROD-LB-400,27273,3997,22.1
2026-06-30,REG-COASTAL,PROD-DM-300,14380,1210,23.15
2026-06-30,REG-COASTAL,PROD-VD-500,13075,2097,25.47
2026-06-30,REG-SOUTH,PROD-HS-100,38544,5509,15.9
2026-06-30,REG-SOUTH,PROD-HS-110,23852,3067,21.17
2026-06-30,REG-SOUTH,PROD-AS-200,24784,3632,22.65
2026-06-30,REG-SOUTH,PROD-LB-400,20141,2523,23.55
2026-06-30,REG-SOUTH,PROD-DM-300,13226,1790,24.75
2026-06-30,REG-SOUTH,PROD-VD-500,9607,1331,26.11
2026-06-30,REG-DELTA,PROD-HS-100,31178,3465,15.98
2026-06-30,REG-DELTA,PROD-HS-110,22710,2761,22.36
2026-06-30,REG-DELTA,PROD-AS-200,24662,3340,24.62
2026-06-30,REG-DELTA,PROD-LB-400,20977,2855,25.74
2026-06-30,REG-DELTA,PROD-DM-300,11174,1508,26.12
2026-06-30,REG-DELTA,PROD-VD-500,7837,1038,28.21
2026-06-30,REG-ISLAND,PROD-HS-100,24523,3235,17.07
2026-06-30,REG-ISLAND,PROD-HS-110,17027,2772,23.76
2026-06-30,REG-ISLAND,PROD-AS-200,16866,2289,25.66
2026-06-30,REG-ISLAND,PROD-LB-400,12061,1533,26.12
2026-06-30,REG-ISLAND,PROD-DM-300,9251,1384,28.1
2026-06-30,REG-ISLAND,PROD-VD-500,3950,503,18.24
2026-06-30,REG-NORTH,PROD-HS-100,39140,5187,23.38
2026-06-30,REG-NORTH,PROD-HS-110,24139,2667,24.4
2026-06-30,REG-NORTH,PROD-AS-200,18710,2807,27.14
2026-06-30,REG-NORTH,PROD-LB-400,21912,3126,28.81
2026-06-30,REG-NORTH,PROD-DM-300,8323,935,18.61
2026-06-30,REG-NORTH,PROD-VD-500,5739,699,18.39
2026-06-30,REG-CENTRAL,PROD-HS-100,35218,4626,24.49
2026-06-30,REG-CENTRAL,PROD-HS-110,16998,2130,25.63
2026-06-30,REG-CENTRAL,PROD-AS-200,19021,2669,27.86
2026-06-30,REG-CENTRAL,PROD-LB-400,11123,1471,17.65
2026-06-30,REG-CENTRAL,PROD-DM-300,7815,1154,18.92
2026-06-30,REG-CENTRAL,PROD-VD-500,5803,896,20.53
2026-07-01,REG-COASTAL,PROD-HS-100,48425,6914,13.93
2026-07-01,REG-COASTAL,PROD-HS-110,26296,3968,18.94
2026-07-01,REG-COASTAL,PROD-AS-200,28390,3880,20.93
2026-07-01,REG-COASTAL,PROD-LB-400,25915,3719,22.42
2026-07-01,REG-COASTAL,PROD-DM-300,15879,1724,24.49
2026-07-01,REG-COASTAL,PROD-VD-500,9207,1039,25.29
2026-07-01,REG-SOUTH,PROD-HS-100,41077,7345,15.81
2026-07-01,REG-SOUTH,PROD-HS-110,24560,2704,21.43
2026-07-01,REG-SOUTH,PROD-AS-200,22814,3217,22.19
2026-07-01,REG-SOUTH,PROD-LB-400,23331,3584,23.45
2026-07-01,REG-SOUTH,PROD-DM-300,11222,1623,24
2026-07-01,REG-SOUTH,PROD-VD-500,9479,1320,26.32
2026-07-01,REG-DELTA,PROD-HS-100,33441,4645,16.05
2026-07-01,REG-DELTA,PROD-HS-110,22782,2973,21.55
2026-07-01,REG-DELTA,PROD-AS-200,23950,3658,22.98
2026-07-01,REG-DELTA,PROD-LB-400,16825,2537,25.24
2026-07-01,REG-DELTA,PROD-DM-300,11457,1358,26.16
2026-07-01,REG-DELTA,PROD-VD-500,9143,1391,27.99
2026-07-01,REG-ISLAND,PROD-HS-100,24409,3254,17.26
2026-07-01,REG-ISLAND,PROD-HS-110,16034,2388,22.12
2026-07-01,REG-ISLAND,PROD-AS-200,12494,1309,25.65
2026-07-01,REG-ISLAND,PROD-LB-400,12602,1640,25.91
2026-07-01,REG-ISLAND,PROD-DM-300,8940,1677,27.3
2026-07-01,REG-ISLAND,PROD-VD-500,4119,561,17.88
2026-07-01,REG-NORTH,PROD-HS-100,38208,4746,22.97
2026-07-01,REG-NORTH,PROD-HS-110,20055,2078,24.76
2026-07-01,REG-NORTH,PROD-AS-200,17387,2266,26.44
2026-07-01,REG-NORTH,PROD-LB-400,18765,2686,26.62
2026-07-01,REG-NORTH,PROD-DM-300,7912,1136,17.74
2026-07-01,REG-NORTH,PROD-VD-500,6782,1103,19.25
2026-07-01,REG-CENTRAL,PROD-HS-100,39824,5083,25.98
2026-07-01,REG-CENTRAL,PROD-HS-110,19896,2569,26.06
2026-07-01,REG-CENTRAL,PROD-AS-200,20316,2557,27.75
2026-07-01,REG-CENTRAL,PROD-LB-400,12734,1716,18.3
2026-07-01,REG-CENTRAL,PROD-DM-300,9023,1136,20.33
2026-07-01,REG-CENTRAL,PROD-VD-500,5699,666,20.21
2026-07-02,REG-COASTAL,PROD-HS-100,40289,4886,13.52
2026-07-02,REG-COASTAL,PROD-HS-110,25050,3584,18.27
2026-07-02,REG-COASTAL,PROD-AS-200,25985,2908,19.49
2026-07-02,REG-COASTAL,PROD-LB-400,28426,4790,21.64
2026-07-02,REG-COASTAL,PROD-DM-300,14962,1641,22.93
2026-07-02,REG-COASTAL,PROD-VD-500,9872,1420,24.86
2026-07-02,REG-SOUTH,PROD-HS-100,39619,4905,15.53
2026-07-02,REG-SOUTH,PROD-HS-110,26950,4429,21.8
2026-07-02,REG-SOUTH,PROD-AS-200,26025,4108,23.09
2026-07-02,REG-SOUTH,PROD-LB-400,20241,3355,23.78
2026-07-02,REG-SOUTH,PROD-DM-300,14289,2250,24.82
2026-07-02,REG-SOUTH,PROD-VD-500,9161,1631,26.06
2026-07-02,REG-DELTA,PROD-HS-100,30568,4094,14.5
2026-07-02,REG-DELTA,PROD-HS-110,23982,2891,21.86
2026-07-02,REG-DELTA,PROD-AS-200,17112,2589,23.42
2026-07-02,REG-DELTA,PROD-LB-400,18983,2647,24.31
2026-07-02,REG-DELTA,PROD-DM-300,13636,1826,26.13
2026-07-02,REG-DELTA,PROD-VD-500,9311,1600,26.59
2026-07-02,REG-ISLAND,PROD-HS-100,25170,4134,17.53
2026-07-02,REG-ISLAND,PROD-HS-110,15296,1857,24.48
2026-07-02,REG-ISLAND,PROD-AS-200,14381,1961,25.35
2026-07-02,REG-ISLAND,PROD-LB-400,12454,1565,25.8
2026-07-02,REG-ISLAND,PROD-DM-300,9620,1293,28.04
2026-07-02,REG-ISLAND,PROD-VD-500,4622,721,18.4
2026-07-02,REG-NORTH,PROD-HS-100,37773,5199,23.32
2026-07-02,REG-NORTH,PROD-HS-110,20847,2498,25
2026-07-02,REG-NORTH,PROD-AS-200,20344,3421,26.44
2026-07-02,REG-NORTH,PROD-LB-400,20473,2181,28.45
2026-07-02,REG-NORTH,PROD-DM-300,8078,1306,17.73
2026-07-02,REG-NORTH,PROD-VD-500,5797,734,19.11
2026-07-02,REG-CENTRAL,PROD-HS-100,37201,5216,25.38
2026-07-02,REG-CENTRAL,PROD-HS-110,20628,2731,25.68
2026-07-02,REG-CENTRAL,PROD-AS-200,18697,2634,27.98
2026-07-02,REG-CENTRAL,PROD-LB-400,11518,1514,18.09
2026-07-02,REG-CENTRAL,PROD-DM-300,8542,1199,19.43
2026-07-02,REG-CENTRAL,PROD-VD-500,5003,735,20.72
2026-07-03,REG-COASTAL,PROD-HS-100,46850,7911,14.02
2026-07-03,REG-COASTAL,PROD-HS-110,28895,3495,19.39
2026-07-03,REG-COASTAL,PROD-AS-200,28753,4807,20.71
2026-07-03,REG-COASTAL,PROD-LB-400,22184,2933,22.13
2026-07-03,REG-COASTAL,PROD-DM-300,12281,1612,22.46
2026-07-03,REG-COASTAL,PROD-VD-500,10746,1367,25.49
2026-07-03,REG-SOUTH,PROD-HS-100,40330,5562,15.3
2026-07-03,REG-SOUTH,PROD-HS-110,25423,3925,20.71
2026-07-03,REG-SOUTH,PROD-AS-200,23339,3689,22.23
2026-07-03,REG-SOUTH,PROD-LB-400,18545,2454,23.49
2026-07-03,REG-SOUTH,PROD-DM-300,14163,2075,25.39
2026-07-03,REG-SOUTH,PROD-VD-500,9246,945,26.78
2026-07-03,REG-DELTA,PROD-HS-100,32809,5037,15.73
2026-07-03,REG-DELTA,PROD-HS-110,22136,3176,23.04
2026-07-03,REG-DELTA,PROD-AS-200,18432,2319,23.63
2026-07-03,REG-DELTA,PROD-LB-400,18933,2367,25.02
2026-07-03,REG-DELTA,PROD-DM-300,13550,1774,26.52
2026-07-03,REG-DELTA,PROD-VD-500,8731,1350,26.84
2026-07-03,REG-ISLAND,PROD-HS-100,24677,3798,16.97
2026-07-03,REG-ISLAND,PROD-HS-110,15568,2120,23.07
2026-07-03,REG-ISLAND,PROD-AS-200,13752,1682,23.71
2026-07-03,REG-ISLAND,PROD-LB-400,14794,2202,27.2
2026-07-03,REG-ISLAND,PROD-DM-300,10218,1658,27.88
2026-07-03,REG-ISLAND,PROD-VD-500,4013,409,18.11
2026-07-03,REG-NORTH,PROD-HS-100,39617,5833,22.73
2026-07-03,REG-NORTH,PROD-HS-110,19163,2401,24.69
2026-07-03,REG-NORTH,PROD-AS-200,19830,2852,26.49
2026-07-03,REG-NORTH,PROD-LB-400,20279,2058,27.32
2026-07-03,REG-NORTH,PROD-DM-300,8685,1068,18.35
2026-07-03,REG-NORTH,PROD-VD-500,5822,879,19.62
2026-07-03,REG-CENTRAL,PROD-HS-100,36663,4256,24.79
2026-07-03,REG-CENTRAL,PROD-HS-110,20122,2277,25.82
2026-07-03,REG-CENTRAL,PROD-AS-200,20160,2421,28.57
2026-07-03,REG-CENTRAL,PROD-LB-400,14483,2158,18.4
2026-07-03,REG-CENTRAL,PROD-DM-300,7286,1050,19.25
2026-07-03,REG-CENTRAL,PROD-VD-500,5060,787,21.26
2026-07-04,REG-COASTAL,PROD-HS-100,47984,5909,14.88
2026-07-04,REG-COASTAL,PROD-HS-110,27894,3246,19.47
2026-07-04,REG-COASTAL,PROD-AS-200,26357,3922,20.75
2026-07-04,REG-COASTAL,PROD-LB-400,22950,3412,21.71
2026-07-04,REG-COASTAL,PROD-DM-300,14530,1980,22.94
2026-07-04,REG-COASTAL,PROD-VD-500,11717,1766,25.26
2026-07-04,REG-SOUTH,PROD-HS-100,42944,7751,14.88
2026-07-04,REG-SOUTH,PROD-HS-110,22588,3028,20.96
2026-07-04,REG-SOUTH,PROD-AS-200,24162,3105,22.03
2026-07-04,REG-SOUTH,PROD-LB-400,20157,2723,22.79
2026-07-04,REG-SOUTH,PROD-DM-300,14622,1805,25.63
2026-07-04,REG-SOUTH,PROD-VD-500,9945,1698,26.18
2026-07-04,REG-DELTA,PROD-HS-100,35241,4734,16.57
2026-07-04,REG-DELTA,PROD-HS-110,21850,3110,21.61
2026-07-04,REG-DELTA,PROD-AS-200,19298,3010,24.09
2026-07-04,REG-DELTA,PROD-LB-400,20569,2330,25.51
2026-07-04,REG-DELTA,PROD-DM-300,13657,1470,27.39
2026-07-04,REG-DELTA,PROD-VD-500,10435,1744,27.59
2026-07-04,REG-ISLAND,PROD-HS-100,28607,3274,18.75
2026-07-04,REG-ISLAND,PROD-HS-110,15256,2265,24.28
2026-07-04,REG-ISLAND,PROD-AS-200,15053,1937,25.03
2026-07-04,REG-ISLAND,PROD-LB-400,15558,2154,26.54
2026-07-04,REG-ISLAND,PROD-DM-300,9558,1049,27.99
2026-07-04,REG-ISLAND,PROD-VD-500,3894,482,17.68
2026-07-04,REG-NORTH,PROD-HS-100,39541,5746,24.09
2026-07-04,REG-NORTH,PROD-HS-110,21081,3358,25.32
2026-07-04,REG-NORTH,PROD-AS-200,20893,2280,25.82
2026-07-04,REG-NORTH,PROD-LB-400,21825,3087,28.22
2026-07-04,REG-NORTH,PROD-DM-300,7662,914,19.17
2026-07-04,REG-NORTH,PROD-VD-500,4856,642,18.98
2026-07-04,REG-CENTRAL,PROD-HS-100,39849,5563,25.49
2026-07-04,REG-CENTRAL,PROD-HS-110,21615,2872,26.78
2026-07-04,REG-CENTRAL,PROD-AS-200,19390,2713,27.52
2026-07-04,REG-CENTRAL,PROD-LB-400,10932,1556,17.86
2026-07-04,REG-CENTRAL,PROD-DM-300,8189,918,19.13
2026-07-04,REG-CENTRAL,PROD-VD-500,5228,637,20.96
2026-07-05,REG-COASTAL,PROD-HS-100,36582,5143,14.38
2026-07-05,REG-COASTAL,PROD-HS-110,17764,2641,19.22
2026-07-05,REG-COASTAL,PROD-AS-200,16538,2369,21.34
2026-07-05,REG-COASTAL,PROD-LB-400,15294,2102,22.4
2026-07-05,REG-COASTAL,PROD-DM-300,9339,1251,24.29
2026-07-05,REG-COASTAL,PROD-VD-500,6119,941,24.31
2026-07-05,REG-SOUTH,PROD-HS-100,32423,5015,15.38
2026-07-05,REG-SOUTH,PROD-HS-110,15088,2502,19.79
2026-07-05,REG-SOUTH,PROD-AS-200,14540,2382,22.47
2026-07-05,REG-SOUTH,PROD-LB-400,13798,2388,23.05
2026-07-05,REG-SOUTH,PROD-DM-300,8896,1193,24.61
2026-07-05,REG-SOUTH,PROD-VD-500,6196,950,25.97
2026-07-05,REG-DELTA,PROD-HS-100,28009,4326,16.45
2026-07-05,REG-DELTA,PROD-HS-110,14976,2131,21.88
2026-07-05,REG-DELTA,PROD-AS-200,12705,1731,23.35
2026-07-05,REG-DELTA,PROD-LB-400,12356,1798,25.56
2026-07-05,REG-DELTA,PROD-DM-300,8185,1108,26.71
2026-07-05,REG-DELTA,PROD-VD-500,5502,653,27.87
2026-07-05,REG-ISLAND,PROD-HS-100,20513,2785,16.88
2026-07-05,REG-ISLAND,PROD-HS-110,8652,889,23.67
2026-07-05,REG-ISLAND,PROD-AS-200,8783,1131,24.68
2026-07-05,REG-ISLAND,PROD-LB-400,8143,1161,26.25
2026-07-05,REG-ISLAND,PROD-DM-300,6193,797,28.86
2026-07-05,REG-ISLAND,PROD-VD-500,2264,235,17.8
2026-07-05,REG-NORTH,PROD-HS-100,33712,5451,24.38
2026-07-05,REG-NORTH,PROD-HS-110,13523,1702,25.53
2026-07-05,REG-NORTH,PROD-AS-200,13657,2156,27.13
2026-07-05,REG-NORTH,PROD-LB-400,11284,1402,27.68
2026-07-05,REG-NORTH,PROD-DM-300,4750,583,17.15
2026-07-05,REG-NORTH,PROD-VD-500,3416,487,19.66
2026-07-05,REG-CENTRAL,PROD-HS-100,28766,4278,24.15
2026-07-05,REG-CENTRAL,PROD-HS-110,13520,1989,26.88
2026-07-05,REG-CENTRAL,PROD-AS-200,11833,1346,29.29
2026-07-05,REG-CENTRAL,PROD-LB-400,7476,1380,17.27
2026-07-05,REG-CENTRAL,PROD-DM-300,5669,848,19.6
2026-07-05,REG-CENTRAL,PROD-VD-500,3335,403,21.56
2026-07-06,REG-COASTAL,PROD-HS-100,46121,7030,13.59
2026-07-06,REG-COASTAL,PROD-HS-110,26466,4312,18.55
2026-07-06,REG-COASTAL,PROD-AS-200,25310,2980,20.15
2026-07-06,REG-COASTAL,PROD-LB-400,23509,3391,21.33
2026-07-06,REG-COASTAL,PROD-DM-300,16673,2513,24.12
2026-07-06,REG-COASTAL,PROD-VD-500,11842,1561,25.51
2026-07-06,REG-SOUTH,PROD-HS-100,38785,5529,15.3
2026-07-06,REG-SOUTH,PROD-HS-110,21482,2967,19.55
2026-07-06,REG-SOUTH,PROD-AS-200,23603,2854,21.77
2026-07-06,REG-SOUTH,PROD-LB-400,22159,3387,23.29
2026-07-06,REG-SOUTH,PROD-DM-300,16029,2335,25.27
2026-07-06,REG-SOUTH,PROD-VD-500,8424,1168,25.64
2026-07-06,REG-DELTA,PROD-HS-100,34894,6062,15.95
2026-07-06,REG-DELTA,PROD-HS-110,23135,3212,22.44
2026-07-06,REG-DELTA,PROD-AS-200,21963,3777,24.02
2026-07-06,REG-DELTA,PROD-LB-400,19146,2833,24.42
2026-07-06,REG-DELTA,PROD-DM-300,11875,1412,26.62
2026-07-06,REG-DELTA,PROD-VD-500,7401,889,27.13
2026-07-06,REG-ISLAND,PROD-HS-100,23090,2295,17.19
2026-07-06,REG-ISLAND,PROD-HS-110,16055,2368,23.8
2026-07-06,REG-ISLAND,PROD-AS-200,15449,2269,25.35
2026-07-06,REG-ISLAND,PROD-LB-400,14070,1944,26.59
2026-07-06,REG-ISLAND,PROD-DM-300,8902,1249,27.53
2026-07-06,REG-ISLAND,PROD-VD-500,4018,587,17.69
2026-07-06,REG-NORTH,PROD-HS-100,39185,6683,23.62
2026-07-06,REG-NORTH,PROD-HS-110,20781,3073,24.32
2026-07-06,REG-NORTH,PROD-AS-200,19291,3007,25.13
2026-07-06,REG-NORTH,PROD-LB-400,18771,2761,27.7
2026-07-06,REG-NORTH,PROD-DM-300,7986,943,18.2
2026-07-06,REG-NORTH,PROD-VD-500,5104,679,19.67
2026-07-06,REG-CENTRAL,PROD-HS-100,39087,5463,25.15
2026-07-06,REG-CENTRAL,PROD-HS-110,20398,3013,26.58
2026-07-06,REG-CENTRAL,PROD-AS-200,21018,3446,26.99
2026-07-06,REG-CENTRAL,PROD-LB-400,11426,1677,17.89
2026-07-06,REG-CENTRAL,PROD-DM-300,7365,904,19.29
2026-07-06,REG-CENTRAL,PROD-VD-500,5779,784,21.53
2026-07-07,REG-COASTAL,PROD-HS-100,46095,7175,13.57
2026-07-07,REG-COASTAL,PROD-HS-110,26627,3060,18.98
2026-07-07,REG-COASTAL,PROD-AS-200,29101,3525,20.83
2026-07-07,REG-COASTAL,PROD-LB-400,24858,4082,22.22
2026-07-07,REG-COASTAL,PROD-DM-300,16699,2592,23.24
2026-07-07,REG-COASTAL,PROD-VD-500,11166,1554,25.23
2026-07-07,REG-SOUTH,PROD-HS-100,38194,4968,14.74
2026-07-07,REG-SOUTH,PROD-HS-110,29959,4908,20.95
2026-07-07,REG-SOUTH,PROD-AS-200,23200,3942,21.83
2026-07-07,REG-SOUTH,PROD-LB-400,23269,3883,23.93
2026-07-07,REG-SOUTH,PROD-DM-300,13634,2190,26.07
2026-07-07,REG-SOUTH,PROD-VD-500,9072,1616,26.63
2026-07-07,REG-DELTA,PROD-HS-100,34941,6568,15.6
2026-07-07,REG-DELTA,PROD-HS-110,21508,3421,21.35
2026-07-07,REG-DELTA,PROD-AS-200,21766,3246,22.78
2026-07-07,REG-DELTA,PROD-LB-400,17950,2109,25.14
2026-07-07,REG-DELTA,PROD-DM-300,12014,1753,26.45
2026-07-07,REG-DELTA,PROD-VD-500,9104,1299,27.48
2026-07-07,REG-ISLAND,PROD-HS-100,27252,5265,17.46
2026-07-07,REG-ISLAND,PROD-HS-110,15737,2404,22.68
2026-07-07,REG-ISLAND,PROD-AS-200,14664,1897,25.69
2026-07-07,REG-ISLAND,PROD-LB-400,13455,1851,26.8
2026-07-07,REG-ISLAND,PROD-DM-300,9862,1524,28.36
2026-07-07,REG-ISLAND,PROD-VD-500,4178,725,18.47
2026-07-07,REG-NORTH,PROD-HS-100,41241,4277,23.94
2026-07-07,REG-NORTH,PROD-HS-110,19209,2606,25.16
2026-07-07,REG-NORTH,PROD-AS-200,18344,2215,26.23
2026-07-07,REG-NORTH,PROD-LB-400,19403,2542,28.58
2026-07-07,REG-NORTH,PROD-DM-300,8613,1213,17.37
2026-07-07,REG-NORTH,PROD-VD-500,5896,820,19.91
2026-07-07,REG-CENTRAL,PROD-HS-100,34923,3813,24.21
2026-07-07,REG-CENTRAL,PROD-HS-110,19591,2569,25.41
2026-07-07,REG-CENTRAL,PROD-AS-200,19340,2917,27.51
2026-07-07,REG-CENTRAL,PROD-LB-400,12769,1884,17.7
2026-07-07,REG-CENTRAL,PROD-DM-300,7432,1119,18.84
2026-07-07,REG-CENTRAL,PROD-VD-500,5914,901,20.13
2026-07-08,REG-COASTAL,PROD-HS-100,42598,4707,13.85
2026-07-08,REG-COASTAL,PROD-HS-110,30870,4292,18.89
2026-07-08,REG-COASTAL,PROD-AS-200,27665,4211,20.39
2026-07-08,REG-COASTAL,PROD-LB-400,26241,4390,21.42
2026-07-08,REG-COASTAL,PROD-DM-300,15570,2104,24.05
2026-07-08,REG-COASTAL,PROD-VD-500,11487,1536,25.58
2026-07-08,REG-SOUTH,PROD-HS-100,39778,4554,15.47
2026-07-08,REG-SOUTH,PROD-HS-110,28205,3929,20.59
2026-07-08,REG-SOUTH,PROD-AS-200,23573,3667,22.54
2026-07-08,REG-SOUTH,PROD-LB-400,20537,2926,23.8
2026-07-08,REG-SOUTH,PROD-DM-300,13232,2022,25.13
2026-07-08,REG-SOUTH,PROD-VD-500,10345,1922,26
2026-07-08,REG-DELTA,PROD-HS-100,33728,4734,16.66
2026-07-08,REG-DELTA,PROD-HS-110,21744,2602,21.46
2026-07-08,REG-DELTA,PROD-AS-200,17302,2068,23.08
2026-07-08,REG-DELTA,PROD-LB-400,20029,2228,26.41
2026-07-08,REG-DELTA,PROD-DM-300,13289,2169,25.56
2026-07-08,REG-DELTA,PROD-VD-500,8818,988,27.67
2026-07-08,REG-ISLAND,PROD-HS-100,27028,4151,17.4
2026-07-08,REG-ISLAND,PROD-HS-110,14400,2183,23.4
2026-07-08,REG-ISLAND,PROD-AS-200,14085,1580,24.86
2026-07-08,REG-ISLAND,PROD-LB-400,14200,1736,25.44
2026-07-08,REG-ISLAND,PROD-DM-300,9537,1049,28.11
2026-07-08,REG-ISLAND,PROD-VD-500,3394,489,16.79
2026-07-08,REG-NORTH,PROD-HS-100,41740,6696,24.1
2026-07-08,REG-NORTH,PROD-HS-110,20224,2680,25.99
2026-07-08,REG-NORTH,PROD-AS-200,20006,2539,26.96
2026-07-08,REG-NORTH,PROD-LB-400,18579,2133,27.27
2026-07-08,REG-NORTH,PROD-DM-300,8296,995,17.06
2026-07-08,REG-NORTH,PROD-VD-500,5068,655,19.19
2026-07-08,REG-CENTRAL,PROD-HS-100,36596,4182,24.9
2026-07-08,REG-CENTRAL,PROD-HS-110,21519,3422,25.93
2026-07-08,REG-CENTRAL,PROD-AS-200,19861,2978,28.28
2026-07-08,REG-CENTRAL,PROD-LB-400,12528,1764,17.88
2026-07-08,REG-CENTRAL,PROD-DM-300,8579,1213,19.96
2026-07-08,REG-CENTRAL,PROD-VD-500,4618,659,20.51
2026-07-09,REG-COASTAL,PROD-HS-100,48132,8426,13.98
2026-07-09,REG-COASTAL,PROD-HS-110,27131,3230,19.5
2026-07-09,REG-COASTAL,PROD-AS-200,30076,4849,20.54
2026-07-09,REG-COASTAL,PROD-LB-400,23936,3689,22.55
2026-07-09,REG-COASTAL,PROD-DM-300,16549,2220,23.88
2026-07-09,REG-COASTAL,PROD-VD-500,10429,1099,25.08
2026-07-09,REG-SOUTH,PROD-HS-100,40461,5336,15.17
2026-07-09,REG-SOUTH,PROD-HS-110,26273,3968,21.18
2026-07-09,REG-SOUTH,PROD-AS-200,19727,2866,22.48
2026-07-09,REG-SOUTH,PROD-LB-400,18987,2320,23.57
2026-07-09,REG-SOUTH,PROD-DM-300,12929,1527,24.42
2026-07-09,REG-SOUTH,PROD-VD-500,9586,1227,26.04
2026-07-09,REG-DELTA,PROD-HS-100,30996,4282,14.74
2026-07-09,REG-DELTA,PROD-HS-110,19507,2346,22
2026-07-09,REG-DELTA,PROD-AS-200,21354,3260,23.23
2026-07-09,REG-DELTA,PROD-LB-400,18369,2759,24.43
2026-07-09,REG-DELTA,PROD-DM-300,13563,2184,26.34
2026-07-09,REG-DELTA,PROD-VD-500,9803,1145,28.11
2026-07-09,REG-ISLAND,PROD-HS-100,25978,3381,16.81
2026-07-09,REG-ISLAND,PROD-HS-110,15832,2147,23.55
2026-07-09,REG-ISLAND,PROD-AS-200,14173,1714,25.43
2026-07-09,REG-ISLAND,PROD-LB-400,14047,1979,26.7
2026-07-09,REG-ISLAND,PROD-DM-300,8789,1226,27.3
2026-07-09,REG-ISLAND,PROD-VD-500,4026,561,18.83
2026-07-09,REG-NORTH,PROD-HS-100,41885,6623,24.27
2026-07-09,REG-NORTH,PROD-HS-110,21018,2780,25.33
2026-07-09,REG-NORTH,PROD-AS-200,20544,3314,26.59
2026-07-09,REG-NORTH,PROD-LB-400,21917,2493,27.2
2026-07-09,REG-NORTH,PROD-DM-300,8347,1069,18.43
2026-07-09,REG-NORTH,PROD-VD-500,4810,534,20.36
2026-07-09,REG-CENTRAL,PROD-HS-100,36232,4412,24.48
2026-07-09,REG-CENTRAL,PROD-HS-110,22643,3751,26.06
2026-07-09,REG-CENTRAL,PROD-AS-200,22472,3832,27.53
2026-07-09,REG-CENTRAL,PROD-LB-400,13217,2141,18.31
2026-07-09,REG-CENTRAL,PROD-DM-300,7501,906,20.35
2026-07-09,REG-CENTRAL,PROD-VD-500,5191,821,20.52
2026-07-10,REG-COASTAL,PROD-HS-100,45843,6593,13.75
2026-07-10,REG-COASTAL,PROD-HS-110,29422,5206,19.75
2026-07-10,REG-COASTAL,PROD-AS-200,24641,4295,19.75
2026-07-10,REG-COASTAL,PROD-LB-400,25897,3480,22.78
2026-07-10,REG-COASTAL,PROD-DM-300,17685,2945,24.77
2026-07-10,REG-COASTAL,PROD-VD-500,10602,1578,24.59
2026-07-10,REG-SOUTH,PROD-HS-100,38713,6181,14.8
2026-07-10,REG-SOUTH,PROD-HS-110,21406,2399,21.67
2026-07-10,REG-SOUTH,PROD-AS-200,21057,3308,22.33
2026-07-10,REG-SOUTH,PROD-LB-400,23488,3618,24.5
2026-07-10,REG-SOUTH,PROD-DM-300,13640,1591,26.19
2026-07-10,REG-SOUTH,PROD-VD-500,10800,1634,26.8
2026-07-10,REG-DELTA,PROD-HS-100,33222,3831,15.48
2026-07-10,REG-DELTA,PROD-HS-110,19419,2552,21.32
2026-07-10,REG-DELTA,PROD-AS-200,18666,2074,23.08
2026-07-10,REG-DELTA,PROD-LB-400,20299,3142,24.72
2026-07-10,REG-DELTA,PROD-DM-300,13484,1545,27.13
2026-07-10,REG-DELTA,PROD-VD-500,8775,1253,27.45
2026-07-10,REG-ISLAND,PROD-HS-100,24724,3084,17.37
2026-07-10,REG-ISLAND,PROD-HS-110,16341,2509,24.44
2026-07-10,REG-ISLAND,PROD-AS-200,16720,2404,25.84
2026-07-10,REG-ISLAND,PROD-LB-400,16032,2310,26.85
2026-07-10,REG-ISLAND,PROD-DM-300,10897,1462,27.43
2026-07-10,REG-ISLAND,PROD-VD-500,3288,453,18.06
2026-07-10,REG-NORTH,PROD-HS-100,38396,5781,23.55
2026-07-10,REG-NORTH,PROD-HS-110,20872,2908,23.95
2026-07-10,REG-NORTH,PROD-AS-200,19765,2628,25.85
2026-07-10,REG-NORTH,PROD-LB-400,22616,3050,28.23
2026-07-10,REG-NORTH,PROD-DM-300,7241,1052,18.04
2026-07-10,REG-NORTH,PROD-VD-500,5049,593,18.49
2026-07-10,REG-CENTRAL,PROD-HS-100,36858,4458,26.07
2026-07-10,REG-CENTRAL,PROD-HS-110,20559,2398,26.13
2026-07-10,REG-CENTRAL,PROD-AS-200,22579,3244,28.31
2026-07-10,REG-CENTRAL,PROD-LB-400,12006,1833,18.2
2026-07-10,REG-CENTRAL,PROD-DM-300,7979,862,19.5
2026-07-10,REG-CENTRAL,PROD-VD-500,5322,710,20.14
2026-07-11,REG-COASTAL,PROD-HS-100,53490,7822,15.7
2026-07-11,REG-COASTAL,PROD-HS-110,25871,3804,18.97
2026-07-11,REG-COASTAL,PROD-AS-200,24056,3345,20.65
2026-07-11,REG-COASTAL,PROD-LB-400,24377,2451,21.6
2026-07-11,REG-COASTAL,PROD-DM-300,16192,2148,24.21
2026-07-11,REG-COASTAL,PROD-VD-500,11239,1432,25.81
2026-07-11,REG-SOUTH,PROD-HS-100,42300,7224,15.76
2026-07-11,REG-SOUTH,PROD-HS-110,21944,2542,20.21
2026-07-11,REG-SOUTH,PROD-AS-200,21872,2312,23.01
2026-07-11,REG-SOUTH,PROD-LB-400,22297,2877,23.43
2026-07-11,REG-SOUTH,PROD-DM-300,15320,1916,26.18
2026-07-11,REG-SOUTH,PROD-VD-500,10668,1637,26.25
2026-07-11,REG-DELTA,PROD-HS-100,36554,4478,16.4
2026-07-11,REG-DELTA,PROD-HS-110,17403,1514,21.5
2026-07-11,REG-DELTA,PROD-AS-200,19391,2601,24.23
2026-07-11,REG-DELTA,PROD-LB-400,18849,2578,24.5
2026-07-11,REG-DELTA,PROD-DM-300,16633,2816,27.36
2026-07-11,REG-DELTA,PROD-VD-500,7188,692,26.51
2026-07-11,REG-ISLAND,PROD-HS-100,25426,3510,17.15
2026-07-11,REG-ISLAND,PROD-HS-110,17093,3271,23
2026-07-11,REG-ISLAND,PROD-AS-200,16916,2406,25.86
2026-07-11,REG-ISLAND,PROD-LB-400,15663,2348,26.47
2026-07-11,REG-ISLAND,PROD-DM-300,9188,1337,27.64
2026-07-11,REG-ISLAND,PROD-VD-500,3810,571,18.4
2026-07-11,REG-NORTH,PROD-HS-100,41210,5364,23.91
2026-07-11,REG-NORTH,PROD-HS-110,23843,3372,25.34
2026-07-11,REG-NORTH,PROD-AS-200,20073,2902,26.46
2026-07-11,REG-NORTH,PROD-LB-400,17962,2711,27.83
2026-07-11,REG-NORTH,PROD-DM-300,6596,761,18.07
2026-07-11,REG-NORTH,PROD-VD-500,5248,660,19.36
2026-07-11,REG-CENTRAL,PROD-HS-100,35375,4373,23.98
2026-07-11,REG-CENTRAL,PROD-HS-110,22627,3097,26.83
2026-07-11,REG-CENTRAL,PROD-AS-200,19304,2314,28.22
2026-07-11,REG-CENTRAL,PROD-LB-400,10713,1240,18.15
2026-07-11,REG-CENTRAL,PROD-DM-300,7803,1232,18.88
2026-07-11,REG-CENTRAL,PROD-VD-500,5508,752,20.5
2026-07-12,REG-COASTAL,PROD-HS-100,35721,4001,14.71
2026-07-12,REG-COASTAL,PROD-HS-110,19457,2597,19.95
2026-07-12,REG-COASTAL,PROD-AS-200,16113,2512,19.6
2026-07-12,REG-COASTAL,PROD-LB-400,15595,2302,21.27
2026-07-12,REG-COASTAL,PROD-DM-300,10215,1014,24.09
2026-07-12,REG-COASTAL,PROD-VD-500,7829,1432,25.38
2026-07-12,REG-SOUTH,PROD-HS-100,31149,4257,14.81
2026-07-12,REG-SOUTH,PROD-HS-110,13010,1660,20.34
2026-07-12,REG-SOUTH,PROD-AS-200,14026,1988,20.94
2026-07-12,REG-SOUTH,PROD-LB-400,14683,1812,23.84
2026-07-12,REG-SOUTH,PROD-DM-300,7892,948,25.25
2026-07-12,REG-SOUTH,PROD-VD-500,6100,885,26.08
2026-07-12,REG-DELTA,PROD-HS-100,29071,3652,16.37
2026-07-12,REG-DELTA,PROD-HS-110,12552,1546,22.1
2026-07-12,REG-DELTA,PROD-AS-200,11453,1811,23.12
2026-07-12,REG-DELTA,PROD-LB-400,12353,1550,25.06
2026-07-12,REG-DELTA,PROD-DM-300,8327,1175,26.2
2026-07-12,REG-DELTA,PROD-VD-500,5247,669,27.91
2026-07-12,REG-ISLAND,PROD-HS-100,18767,2307,16.38
2026-07-12,REG-ISLAND,PROD-HS-110,9598,1179,23.26
2026-07-12,REG-ISLAND,PROD-AS-200,9065,1228,25.04
2026-07-12,REG-ISLAND,PROD-LB-400,9246,1273,26.31
2026-07-12,REG-ISLAND,PROD-DM-300,5534,728,27.78
2026-07-12,REG-ISLAND,PROD-VD-500,2372,334,18.7
2026-07-12,REG-NORTH,PROD-HS-100,33335,4327,24.27
2026-07-12,REG-NORTH,PROD-HS-110,12909,1462,24.78
2026-07-12,REG-NORTH,PROD-AS-200,12291,1744,26.7
2026-07-12,REG-NORTH,PROD-LB-400,13389,1591,27.89
2026-07-12,REG-NORTH,PROD-DM-300,5272,762,17.35
2026-07-12,REG-NORTH,PROD-VD-500,3256,294,19.75
2026-07-12,REG-CENTRAL,PROD-HS-100,29773,4219,24.93
2026-07-12,REG-CENTRAL,PROD-HS-110,12642,1583,26.08
2026-07-12,REG-CENTRAL,PROD-AS-200,11387,1035,27.53
2026-07-12,REG-CENTRAL,PROD-LB-400,6944,1086,17.91
2026-07-12,REG-CENTRAL,PROD-DM-300,4893,586,20.51
2026-07-12,REG-CENTRAL,PROD-VD-500,3465,479,21.18
2026-07-13,REG-COASTAL,PROD-HS-100,49094,7108,14.48
2026-07-13,REG-COASTAL,PROD-HS-110,27248,3975,19.19
2026-07-13,REG-COASTAL,PROD-AS-200,26162,3400,20.81
2026-07-13,REG-COASTAL,PROD-LB-400,24343,3247,23.23
2026-07-13,REG-COASTAL,PROD-DM-300,16928,1864,23.43
2026-07-13,REG-COASTAL,PROD-VD-500,10563,1416,24.01
2026-07-13,REG-SOUTH,PROD-HS-100,40553,6201,15.5
2026-07-13,REG-SOUTH,PROD-HS-110,21872,3075,20.21
2026-07-13,REG-SOUTH,PROD-AS-200,27624,4248,22.87
2026-07-13,REG-SOUTH,PROD-LB-400,23921,3149,23.55
2026-07-13,REG-SOUTH,PROD-DM-300,14143,2194,24.89
2026-07-13,REG-SOUTH,PROD-VD-500,8874,1133,26.79
2026-07-13,REG-DELTA,PROD-HS-100,34488,5705,15.79
2026-07-13,REG-DELTA,PROD-HS-110,24109,2708,23.24
2026-07-13,REG-DELTA,PROD-AS-200,24162,3522,24.48
2026-07-13,REG-DELTA,PROD-LB-400,19069,2077,24.7
2026-07-13,REG-DELTA,PROD-DM-300,12784,1882,26.33
2026-07-13,REG-DELTA,PROD-VD-500,8445,1462,28.04
2026-07-13,REG-ISLAND,PROD-HS-100,27134,4291,17.34
2026-07-13,REG-ISLAND,PROD-HS-110,16629,2197,24.13
2026-07-13,REG-ISLAND,PROD-AS-200,15420,2150,25.09
2026-07-13,REG-ISLAND,PROD-LB-400,14260,1984,27.59
2026-07-13,REG-ISLAND,PROD-DM-300,9042,1097,28.58
2026-07-13,REG-ISLAND,PROD-VD-500,4016,609,18.62
2026-07-13,REG-NORTH,PROD-HS-100,40635,6061,23.57
2026-07-13,REG-NORTH,PROD-HS-110,19775,2276,25.14
2026-07-13,REG-NORTH,PROD-AS-200,20155,3026,26.72
2026-07-13,REG-NORTH,PROD-LB-400,18947,2612,27.45
2026-07-13,REG-NORTH,PROD-DM-300,8056,1063,18.02
2026-07-13,REG-NORTH,PROD-VD-500,5530,658,19.89
2026-07-13,REG-CENTRAL,PROD-HS-100,38252,5113,25.55
2026-07-13,REG-CENTRAL,PROD-HS-110,21058,2870,25.62
2026-07-13,REG-CENTRAL,PROD-AS-200,20054,2949,27.86
2026-07-13,REG-CENTRAL,PROD-LB-400,10402,1384,18.79
2026-07-13,REG-CENTRAL,PROD-DM-300,7673,1005,19.5
2026-07-13,REG-CENTRAL,PROD-VD-500,6063,736,20.73
2026-07-14,REG-COASTAL,PROD-HS-100,48813,7284,14.56
2026-07-14,REG-COASTAL,PROD-HS-110,26149,3664,19.9
2026-07-14,REG-COASTAL,PROD-AS-200,28829,4470,20.5
2026-07-14,REG-COASTAL,PROD-LB-400,29027,3707,22.85
2026-07-14,REG-COASTAL,PROD-DM-300,15387,2390,23.89
2026-07-14,REG-COASTAL,PROD-VD-500,11482,1274,25.39
2026-07-14,REG-SOUTH,PROD-HS-100,42639,5937,15.4
2026-07-14,REG-SOUTH,PROD-HS-110,25153,3694,21.08
2026-07-14,REG-SOUTH,PROD-AS-200,22492,3138,21.6
2026-07-14,REG-SOUTH,PROD-LB-400,19829,2651,22.37
2026-07-14,REG-SOUTH,PROD-DM-300,14595,2171,24.08
2026-07-14,REG-SOUTH,PROD-VD-500,8901,1025,26.61
2026-07-14,REG-DELTA,PROD-HS-100,35191,5181,16.06
2026-07-14,REG-DELTA,PROD-HS-110,23892,3351,21.9
2026-07-14,REG-DELTA,PROD-AS-200,18481,2655,22.97
2026-07-14,REG-DELTA,PROD-LB-400,19517,2522,25.4
2026-07-14,REG-DELTA,PROD-DM-300,13222,2033,27.09
2026-07-14,REG-DELTA,PROD-VD-500,7536,1081,26.9
2026-07-14,REG-ISLAND,PROD-HS-100,26051,3046,17.23
2026-07-14,REG-ISLAND,PROD-HS-110,15705,2452,23.97
2026-07-14,REG-ISLAND,PROD-AS-200,16356,2013,24.19
2026-07-14,REG-ISLAND,PROD-LB-400,15071,2208,26.36
2026-07-14,REG-ISLAND,PROD-DM-300,8904,1382,27.96
2026-07-14,REG-ISLAND,PROD-VD-500,3726,484,17.43
2026-07-14,REG-NORTH,PROD-HS-100,41026,5854,23.37
2026-07-14,REG-NORTH,PROD-HS-110,20463,2876,24.46
2026-07-14,REG-NORTH,PROD-AS-200,18790,1937,25.15
2026-07-14,REG-NORTH,PROD-LB-400,18406,2229,27.47
2026-07-14,REG-NORTH,PROD-DM-300,8890,1276,18.71
2026-07-14,REG-NORTH,PROD-VD-500,5976,769,19.21
2026-07-14,REG-CENTRAL,PROD-HS-100,38876,5072,25.67
2026-07-14,REG-CENTRAL,PROD-HS-110,20587,3010,26.96
2026-07-14,REG-CENTRAL,PROD-AS-200,19950,2359,27.57
2026-07-14,REG-CENTRAL,PROD-LB-400,12330,1831,18.2
2026-07-14,REG-CENTRAL,PROD-DM-300,8013,940,19.54
2026-07-14,REG-CENTRAL,PROD-VD-500,5311,845,20.21
2026-07-15,REG-COASTAL,PROD-HS-100,46204,5941,13.73
2026-07-15,REG-COASTAL,PROD-HS-110,25957,3288,19.48
2026-07-15,REG-COASTAL,PROD-AS-200,30108,4373,20.85
2026-07-15,REG-COASTAL,PROD-LB-400,23388,3161,22.25
2026-07-15,REG-COASTAL,PROD-DM-300,16917,2653,23.27
2026-07-15,REG-COASTAL,PROD-VD-500,11032,1515,24.78
2026-07-15,REG-SOUTH,PROD-HS-100,39402,5603,15.43
2026-07-15,REG-SOUTH,PROD-HS-110,24231,3307,21.16
2026-07-15,REG-SOUTH,PROD-AS-200,19575,2172,21.59
2026-07-15,REG-SOUTH,PROD-LB-400,20119,2465,22.93
2026-07-15,REG-SOUTH,PROD-DM-300,13080,1828,24.84
2026-07-15,REG-SOUTH,PROD-VD-500,9806,1642,25.75
2026-07-15,REG-DELTA,PROD-HS-100,35896,4675,16.85
2026-07-15,REG-DELTA,PROD-HS-110,19288,2316,21.43
2026-07-15,REG-DELTA,PROD-AS-200,21955,3406,23.51
2026-07-15,REG-DELTA,PROD-LB-400,18606,2381,24.51
2026-07-15,REG-DELTA,PROD-DM-300,11881,1170,27.53
2026-07-15,REG-DELTA,PROD-VD-500,8631,1201,27.62
2026-07-15,REG-ISLAND,PROD-HS-100,28384,4466,17.54
2026-07-15,REG-ISLAND,PROD-HS-110,14469,1726,23.51
2026-07-15,REG-ISLAND,PROD-AS-200,15679,1823,25.71
2026-07-15,REG-ISLAND,PROD-LB-400,15278,2178,26.31
2026-07-15,REG-ISLAND,PROD-DM-300,9889,1408,28.18
2026-07-15,REG-ISLAND,PROD-VD-500,4112,522,18.22
2026-07-15,REG-NORTH,PROD-HS-100,36440,4421,22.56
2026-07-15,REG-NORTH,PROD-HS-110,20187,2929,25.08
2026-07-15,REG-NORTH,PROD-AS-200,21582,2954,27.15
2026-07-15,REG-NORTH,PROD-LB-400,17676,2553,27.9
2026-07-15,REG-NORTH,PROD-DM-300,9328,1416,18.44
2026-07-15,REG-NORTH,PROD-VD-500,5060,489,18.66
2026-07-15,REG-CENTRAL,PROD-HS-100,35807,4754,23.85
2026-07-15,REG-CENTRAL,PROD-HS-110,20797,2431,26.31
2026-07-15,REG-CENTRAL,PROD-AS-200,19988,2326,28.17
2026-07-15,REG-CENTRAL,PROD-LB-400,12239,1787,17.9
2026-07-15,REG-CENTRAL,PROD-DM-300,7328,1095,19.48
2026-07-15,REG-CENTRAL,PROD-VD-500,5081,571,21.07
2026-07-16,REG-COASTAL,PROD-HS-100,50894,8195,14
2026-07-16,REG-COASTAL,PROD-HS-110,28444,3943,19.34
2026-07-16,REG-COASTAL,PROD-AS-200,25050,4048,20.84
2026-07-16,REG-COASTAL,PROD-LB-400,24644,3282,22.46
2026-07-16,REG-COASTAL,PROD-DM-300,17034,2210,24.75
2026-07-16,REG-COASTAL,PROD-VD-500,11114,1240,25.12
2026-07-16,REG-SOUTH,PROD-HS-100,38841,4706,15.29
2026-07-16,REG-SOUTH,PROD-HS-110,21790,3554,20.63
2026-07-16,REG-SOUTH,PROD-AS-200,22464,3255,23.14
2026-07-16,REG-SOUTH,PROD-LB-400,25628,4526,23.32
2026-07-16,REG-SOUTH,PROD-DM-300,14331,1739,25.34
2026-07-16,REG-SOUTH,PROD-VD-500,8803,939,26.21
2026-07-16,REG-DELTA,PROD-HS-100,38939,5307,17.37
2026-07-16,REG-DELTA,PROD-HS-110,19910,2055,22.29
2026-07-16,REG-DELTA,PROD-AS-200,21111,2839,23.04
2026-07-16,REG-DELTA,PROD-LB-400,23742,3559,25.23
2026-07-16,REG-DELTA,PROD-DM-300,13224,1855,26.08
2026-07-16,REG-DELTA,PROD-VD-500,9634,1579,27.59
2026-07-16,REG-ISLAND,PROD-HS-100,26333,3921,17.61
2026-07-16,REG-ISLAND,PROD-HS-110,13996,1516,22.21
2026-07-16,REG-ISLAND,PROD-AS-200,17595,3011,25.1
2026-07-16,REG-ISLAND,PROD-LB-400,14602,1568,26.49
2026-07-16,REG-ISLAND,PROD-DM-300,9555,1493,28.29
2026-07-16,REG-ISLAND,PROD-VD-500,3531,433,17.6
2026-07-16,REG-NORTH,PROD-HS-100,39277,4951,23.71
2026-07-16,REG-NORTH,PROD-HS-110,22770,3018,25.42
2026-07-16,REG-NORTH,PROD-AS-200,23685,2481,27.32
2026-07-16,REG-NORTH,PROD-LB-400,21364,3315,27.98
2026-07-16,REG-NORTH,PROD-DM-300,7507,991,18.46
2026-07-16,REG-NORTH,PROD-VD-500,5046,751,19.17
2026-07-16,REG-CENTRAL,PROD-HS-100,38169,4983,25.08
2026-07-16,REG-CENTRAL,PROD-HS-110,22357,2382,26.04
2026-07-16,REG-CENTRAL,PROD-AS-200,18967,2416,27.86
2026-07-16,REG-CENTRAL,PROD-LB-400,10175,1256,18.09
2026-07-16,REG-CENTRAL,PROD-DM-300,7900,1203,19.13
2026-07-16,REG-CENTRAL,PROD-VD-500,5551,859,20.4
2026-07-17,REG-COASTAL,PROD-HS-100,46514,5536,14.59
2026-07-17,REG-COASTAL,PROD-HS-110,22471,2606,19.16
2026-07-17,REG-COASTAL,PROD-AS-200,23882,3295,20.5
2026-07-17,REG-COASTAL,PROD-LB-400,27901,4649,21.87
2026-07-17,REG-COASTAL,PROD-DM-300,16140,2099,22.39
2026-07-17,REG-COASTAL,PROD-VD-500,10571,1340,24.1
2026-07-17,REG-SOUTH,PROD-HS-100,39320,5868,15.47
2026-07-17,REG-SOUTH,PROD-HS-110,21498,2837,20.99
2026-07-17,REG-SOUTH,PROD-AS-200,24303,3619,22.29
2026-07-17,REG-SOUTH,PROD-LB-400,23457,3283,23.9
2026-07-17,REG-SOUTH,PROD-DM-300,16644,2163,25.95
2026-07-17,REG-SOUTH,PROD-VD-500,10765,1168,25.94
2026-07-17,REG-DELTA,PROD-HS-100,32955,4149,15.15
2026-07-17,REG-DELTA,PROD-HS-110,21739,1610,22.37
2026-07-17,REG-DELTA,PROD-AS-200,22556,3350,23.03
2026-07-17,REG-DELTA,PROD-LB-400,22709,3555,25.54
2026-07-17,REG-DELTA,PROD-DM-300,13068,1380,26.03
2026-07-17,REG-DELTA,PROD-VD-500,7564,911,27.95
2026-07-17,REG-ISLAND,PROD-HS-100,27902,4434,17.53
2026-07-17,REG-ISLAND,PROD-HS-110,15612,1974,23.97
2026-07-17,REG-ISLAND,PROD-AS-200,16927,2356,24.57
2026-07-17,REG-ISLAND,PROD-LB-400,15668,2137,26.58
2026-07-17,REG-ISLAND,PROD-DM-300,8330,1238,27.38
2026-07-17,REG-ISLAND,PROD-VD-500,4074,691,17.99
2026-07-17,REG-NORTH,PROD-HS-100,41993,5919,24.03
2026-07-17,REG-NORTH,PROD-HS-110,23355,3217,24.71
2026-07-17,REG-NORTH,PROD-AS-200,22351,3151,27.04
2026-07-17,REG-NORTH,PROD-LB-400,18072,3221,27.2
2026-07-17,REG-NORTH,PROD-DM-300,7741,978,17.61
2026-07-17,REG-NORTH,PROD-VD-500,5835,868,20.03
2026-07-17,REG-CENTRAL,PROD-HS-100,36437,5045,25.23
2026-07-17,REG-CENTRAL,PROD-HS-110,20796,2943,25.61
2026-07-17,REG-CENTRAL,PROD-AS-200,17770,2121,27.85
2026-07-17,REG-CENTRAL,PROD-LB-400,11328,1708,18.22
2026-07-17,REG-CENTRAL,PROD-DM-300,6875,797,19.54
2026-07-17,REG-CENTRAL,PROD-VD-500,5997,637,21.7
2026-07-18,REG-COASTAL,PROD-HS-100,45000,5979,14.05
2026-07-18,REG-COASTAL,PROD-HS-110,28990,3271,19.92
2026-07-18,REG-COASTAL,PROD-AS-200,27699,4306,20.74
2026-07-18,REG-COASTAL,PROD-LB-400,28353,3808,22.4
2026-07-18,REG-COASTAL,PROD-DM-300,17382,2747,23.12
2026-07-18,REG-COASTAL,PROD-VD-500,11297,1454,24.79
2026-07-18,REG-SOUTH,PROD-HS-100,43066,5876,15.8
2026-07-18,REG-SOUTH,PROD-HS-110,24413,4078,19.31
2026-07-18,REG-SOUTH,PROD-AS-200,22715,3615,21.34
2026-07-18,REG-SOUTH,PROD-LB-400,24545,4111,24.47
2026-07-18,REG-SOUTH,PROD-DM-300,14519,2070,24.85
2026-07-18,REG-SOUTH,PROD-VD-500,8998,1580,25.94
2026-07-18,REG-DELTA,PROD-HS-100,34354,5583,15.81
2026-07-18,REG-DELTA,PROD-HS-110,21312,2991,22.1
2026-07-18,REG-DELTA,PROD-AS-200,22989,3452,23.68
2026-07-18,REG-DELTA,PROD-LB-400,22538,2944,24.83
2026-07-18,REG-DELTA,PROD-DM-300,10780,1373,26.72
2026-07-18,REG-DELTA,PROD-VD-500,7902,849,28.79
2026-07-18,REG-ISLAND,PROD-HS-100,26567,3906,16.8
2026-07-18,REG-ISLAND,PROD-HS-110,17155,2173,23.97
2026-07-18,REG-ISLAND,PROD-AS-200,15791,2926,24.18
2026-07-18,REG-ISLAND,PROD-LB-400,12144,1423,26.21
2026-07-18,REG-ISLAND,PROD-DM-300,8669,1247,27.19
2026-07-18,REG-ISLAND,PROD-VD-500,4086,564,17.26
2026-07-18,REG-NORTH,PROD-HS-100,42272,5536,24.18
2026-07-18,REG-NORTH,PROD-HS-110,22261,3526,23.75
2026-07-18,REG-NORTH,PROD-AS-200,20441,2408,26.6
2026-07-18,REG-NORTH,PROD-LB-400,17405,2874,27.37
2026-07-18,REG-NORTH,PROD-DM-300,8272,1095,18.89
2026-07-18,REG-NORTH,PROD-VD-500,6130,892,19.05
2026-07-18,REG-CENTRAL,PROD-HS-100,35771,5457,24.65
2026-07-18,REG-CENTRAL,PROD-HS-110,19087,2752,26.69
2026-07-18,REG-CENTRAL,PROD-AS-200,18617,2004,28.21
2026-07-18,REG-CENTRAL,PROD-LB-400,11934,1865,18.24
2026-07-18,REG-CENTRAL,PROD-DM-300,8222,1262,20.41
2026-07-18,REG-CENTRAL,PROD-VD-500,6333,691,20.74
2026-07-19,REG-COASTAL,PROD-HS-100,38715,5445,14.41
2026-07-19,REG-COASTAL,PROD-HS-110,17754,2180,20.12
2026-07-19,REG-COASTAL,PROD-AS-200,16489,1800,21.04
2026-07-19,REG-COASTAL,PROD-LB-400,16750,2773,22.58
2026-07-19,REG-COASTAL,PROD-DM-300,9349,1286,23.71
2026-07-19,REG-COASTAL,PROD-VD-500,6147,899,23.75
2026-07-19,REG-SOUTH,PROD-HS-100,31719,5144,15.01
2026-07-19,REG-SOUTH,PROD-HS-110,13181,1791,20.49
2026-07-19,REG-SOUTH,PROD-AS-200,14784,2255,21.6
2026-07-19,REG-SOUTH,PROD-LB-400,13315,1755,23.35
2026-07-19,REG-SOUTH,PROD-DM-300,8252,1053,25.35
2026-07-19,REG-SOUTH,PROD-VD-500,5814,879,25.7
2026-07-19,REG-DELTA,PROD-HS-100,27547,4382,16.27
2026-07-19,REG-DELTA,PROD-HS-110,13514,1945,21.38
2026-07-19,REG-DELTA,PROD-AS-200,12808,1379,23.52
2026-07-19,REG-DELTA,PROD-LB-400,11455,1385,24.38
2026-07-19,REG-DELTA,PROD-DM-300,8097,1121,26.32
2026-07-19,REG-DELTA,PROD-VD-500,5866,767,28.17
2026-07-19,REG-ISLAND,PROD-HS-100,22583,3976,17.28
2026-07-19,REG-ISLAND,PROD-HS-110,10641,1533,24.75
2026-07-19,REG-ISLAND,PROD-AS-200,10388,1509,24.13
2026-07-19,REG-ISLAND,PROD-LB-400,8505,1251,27.07
2026-07-19,REG-ISLAND,PROD-DM-300,5727,755,27.17
2026-07-19,REG-ISLAND,PROD-VD-500,2168,294,18.02
2026-07-19,REG-NORTH,PROD-HS-100,31247,4692,24.25
2026-07-19,REG-NORTH,PROD-HS-110,13750,1932,24.67
2026-07-19,REG-NORTH,PROD-AS-200,12976,1693,26.86
2026-07-19,REG-NORTH,PROD-LB-400,10933,1389,29.1
2026-07-19,REG-NORTH,PROD-DM-300,4904,641,18.7
2026-07-19,REG-NORTH,PROD-VD-500,3470,399,19.56
2026-07-19,REG-CENTRAL,PROD-HS-100,29999,3893,25.25
2026-07-19,REG-CENTRAL,PROD-HS-110,13084,1690,25.78
2026-07-19,REG-CENTRAL,PROD-AS-200,13032,1783,28.7
2026-07-19,REG-CENTRAL,PROD-LB-400,6670,608,17.62
2026-07-19,REG-CENTRAL,PROD-DM-300,4317,550,18.93
2026-07-19,REG-CENTRAL,PROD-VD-500,3270,337,20.51
2026-07-20,REG-COASTAL,PROD-HS-100,47490,5629,14.11
2026-07-20,REG-COASTAL,PROD-HS-110,26787,3037,19.79
2026-07-20,REG-COASTAL,PROD-AS-200,25100,2565,20.71
2026-07-20,REG-COASTAL,PROD-LB-400,29618,3605,22.56
2026-07-20,REG-COASTAL,PROD-DM-300,16547,2162,24.14
2026-07-20,REG-COASTAL,PROD-VD-500,10754,1808,25.34
2026-07-20,REG-SOUTH,PROD-HS-100,41817,6901,15.56
2026-07-20,REG-SOUTH,PROD-HS-110,25576,2938,21.04
2026-07-20,REG-SOUTH,PROD-AS-200,25207,3250,22.41
2026-07-20,REG-SOUTH,PROD-LB-400,21867,2548,24.74
2026-07-20,REG-SOUTH,PROD-DM-300,13260,1852,24.75
2026-07-20,REG-SOUTH,PROD-VD-500,8388,1163,25.62
2026-07-20,REG-DELTA,PROD-HS-100,35784,4562,16.11
2026-07-20,REG-DELTA,PROD-HS-110,22510,3496,23.45
2026-07-20,REG-DELTA,PROD-AS-200,21012,3457,24.11
2026-07-20,REG-DELTA,PROD-LB-400,18143,2124,25.07
2026-07-20,REG-DELTA,PROD-DM-300,12210,2024,25.09
2026-07-20,REG-DELTA,PROD-VD-500,8931,1223,27.53
2026-07-20,REG-ISLAND,PROD-HS-100,25571,3254,16.84
2026-07-20,REG-ISLAND,PROD-HS-110,15498,2092,23.07
2026-07-20,REG-ISLAND,PROD-AS-200,16193,2219,25.69
2026-07-20,REG-ISLAND,PROD-LB-400,13431,1746,25.79
2026-07-20,REG-ISLAND,PROD-DM-300,9652,1288,27.97
2026-07-20,REG-ISLAND,PROD-VD-500,4217,707,18.19
2026-07-20,REG-NORTH,PROD-HS-100,35434,4418,22.2
2026-07-20,REG-NORTH,PROD-HS-110,22641,2693,25.28
2026-07-20,REG-NORTH,PROD-AS-200,20399,2822,26.55
2026-07-20,REG-NORTH,PROD-LB-400,20341,3362,28.25
2026-07-20,REG-NORTH,PROD-DM-300,9503,1377,18.47
2026-07-20,REG-NORTH,PROD-VD-500,6760,986,19.51
2026-07-20,REG-CENTRAL,PROD-HS-100,39595,5813,25.02
2026-07-20,REG-CENTRAL,PROD-HS-110,22055,4161,27.24
2026-07-20,REG-CENTRAL,PROD-AS-200,19272,2771,27.87
2026-07-20,REG-CENTRAL,PROD-LB-400,11017,1217,17.69
2026-07-20,REG-CENTRAL,PROD-DM-300,8856,1430,18.99
2026-07-20,REG-CENTRAL,PROD-VD-500,5606,748,21.5
2026-07-21,REG-COASTAL,PROD-HS-100,53262,7430,14.72
2026-07-21,REG-COASTAL,PROD-HS-110,26237,3321,19.29
2026-07-21,REG-COASTAL,PROD-AS-200,28999,4304,20.56
2026-07-21,REG-COASTAL,PROD-LB-400,24178,3712,21.34
2026-07-21,REG-COASTAL,PROD-DM-300,12851,1429,23.75
2026-07-21,REG-COASTAL,PROD-VD-500,11738,1736,25.45
2026-07-21,REG-SOUTH,PROD-HS-100,43054,6243,16.17
2026-07-21,REG-SOUTH,PROD-HS-110,25164,3761,19.53
2026-07-21,REG-SOUTH,PROD-AS-200,21900,2736,22.84
2026-07-21,REG-SOUTH,PROD-LB-400,21673,2744,23.84
2026-07-21,REG-SOUTH,PROD-DM-300,13662,1742,25.31
2026-07-21,REG-SOUTH,PROD-VD-500,10602,1572,26.96
2026-07-21,REG-DELTA,PROD-HS-100,33492,4285,15.6
2026-07-21,REG-DELTA,PROD-HS-110,19473,2705,21.66
2026-07-21,REG-DELTA,PROD-AS-200,20273,2387,24.17
2026-07-21,REG-DELTA,PROD-LB-400,18092,2299,25.15
2026-07-21,REG-DELTA,PROD-DM-300,12573,1530,26.55
2026-07-21,REG-DELTA,PROD-VD-500,8844,1336,27.81
2026-07-21,REG-ISLAND,PROD-HS-100,24300,3343,16.31
2026-07-21,REG-ISLAND,PROD-HS-110,17235,2815,23.52
2026-07-21,REG-ISLAND,PROD-AS-200,15899,2528,25.18
2026-07-21,REG-ISLAND,PROD-LB-400,13177,1139,26.63
2026-07-21,REG-ISLAND,PROD-DM-300,8755,1274,27.81
2026-07-21,REG-ISLAND,PROD-VD-500,3935,508,17.76
2026-07-21,REG-NORTH,PROD-HS-100,37391,3946,22.74
2026-07-21,REG-NORTH,PROD-HS-110,22092,3047,24.51
2026-07-21,REG-NORTH,PROD-AS-200,21364,3057,25.5
2026-07-21,REG-NORTH,PROD-LB-400,19221,1797,27.75
2026-07-21,REG-NORTH,PROD-DM-300,9828,1402,17.81
2026-07-21,REG-NORTH,PROD-VD-500,5779,860,20
2026-07-21,REG-CENTRAL,PROD-HS-100,38776,4769,24.73
2026-07-21,REG-CENTRAL,PROD-HS-110,19080,2476,26.11
2026-07-21,REG-CENTRAL,PROD-AS-200,19719,2353,27.39
2026-07-21,REG-CENTRAL,PROD-LB-400,12059,1829,17.28
2026-07-21,REG-CENTRAL,PROD-DM-300,7748,1033,19.87
2026-07-21,REG-CENTRAL,PROD-VD-500,4900,477,20.67
2026-07-22,REG-COASTAL,PROD-HS-100,46741,8526,13.55
2026-07-22,REG-COASTAL,PROD-HS-110,29747,4500,20.13
2026-07-22,REG-COASTAL,PROD-AS-200,24634,3376,21.3
2026-07-22,REG-COASTAL,PROD-LB-400,26096,4296,21.95
2026-07-22,REG-COASTAL,PROD-DM-300,15314,2420,24.65
2026-07-22,REG-COASTAL,PROD-VD-500,11258,1730,24.43
2026-07-22,REG-SOUTH,PROD-HS-100,40291,5283,15.34
2026-07-22,REG-SOUTH,PROD-HS-110,23411,3064,20.29
2026-07-22,REG-SOUTH,PROD-AS-200,22935,3211,21.92
2026-07-22,REG-SOUTH,PROD-LB-400,22566,3269,23.08
2026-07-22,REG-SOUTH,PROD-DM-300,13666,1896,25.48
2026-07-22,REG-SOUTH,PROD-VD-500,9773,1077,26.84
2026-07-22,REG-DELTA,PROD-HS-100,35883,5195,15.86
2026-07-22,REG-DELTA,PROD-HS-110,21792,3080,23.1
2026-07-22,REG-DELTA,PROD-AS-200,21101,1811,23.13
2026-07-22,REG-DELTA,PROD-LB-400,18864,2191,24.92
2026-07-22,REG-DELTA,PROD-DM-300,12414,1659,26.69
2026-07-22,REG-DELTA,PROD-VD-500,9409,1139,26.17
2026-07-22,REG-ISLAND,PROD-HS-100,24918,3318,16.84
2026-07-22,REG-ISLAND,PROD-HS-110,15244,1514,23.55
2026-07-22,REG-ISLAND,PROD-AS-200,15943,2527,24.8
2026-07-22,REG-ISLAND,PROD-LB-400,14674,1946,26.57
2026-07-22,REG-ISLAND,PROD-DM-300,9368,1277,27.06
2026-07-22,REG-ISLAND,PROD-VD-500,3863,470,18.85
2026-07-22,REG-NORTH,PROD-HS-100,42077,7191,23.6
2026-07-22,REG-NORTH,PROD-HS-110,22632,2676,25.82
2026-07-22,REG-NORTH,PROD-AS-200,20583,2710,27.16
2026-07-22,REG-NORTH,PROD-LB-400,19515,2581,28.18
2026-07-22,REG-NORTH,PROD-DM-300,6991,735,16.33
2026-07-22,REG-NORTH,PROD-VD-500,5391,752,19.25
2026-07-22,REG-CENTRAL,PROD-HS-100,38085,6309,25.52
2026-07-22,REG-CENTRAL,PROD-HS-110,22780,3900,26.08
2026-07-22,REG-CENTRAL,PROD-AS-200,18998,3334,26.64
2026-07-22,REG-CENTRAL,PROD-LB-400,9712,1233,18.51
2026-07-22,REG-CENTRAL,PROD-DM-300,7254,913,18.93
2026-07-22,REG-CENTRAL,PROD-VD-500,5620,574,21.11
2026-07-23,REG-COASTAL,PROD-HS-100,52668,8163,14.29
2026-07-23,REG-COASTAL,PROD-HS-110,27092,4377,18.39
2026-07-23,REG-COASTAL,PROD-AS-200,24877,3071,19.84
2026-07-23,REG-COASTAL,PROD-LB-400,28175,3874,23.08
2026-07-23,REG-COASTAL,PROD-DM-300,15492,2365,23.27
2026-07-23,REG-COASTAL,PROD-VD-500,10474,1461,24.56
2026-07-23,REG-SOUTH,PROD-HS-100,39612,5090,14.6
2026-07-23,REG-SOUTH,PROD-HS-110,21672,2519,20.82
2026-07-23,REG-SOUTH,PROD-AS-200,24706,3612,22.54
2026-07-23,REG-SOUTH,PROD-LB-400,21229,2784,24.24
2026-07-23,REG-SOUTH,PROD-DM-300,14232,2046,25.44
2026-07-23,REG-SOUTH,PROD-VD-500,10248,1613,26.49
2026-07-23,REG-DELTA,PROD-HS-100,34052,5120,15.95
2026-07-23,REG-DELTA,PROD-HS-110,22153,2930,22.75
2026-07-23,REG-DELTA,PROD-AS-200,23861,3427,23.96
2026-07-23,REG-DELTA,PROD-LB-400,16627,2073,24.42
2026-07-23,REG-DELTA,PROD-DM-300,12980,1204,26.46
2026-07-23,REG-DELTA,PROD-VD-500,8107,1080,28.8
2026-07-23,REG-ISLAND,PROD-HS-100,28442,3948,18
2026-07-23,REG-ISLAND,PROD-HS-110,15026,1659,23.29
2026-07-23,REG-ISLAND,PROD-AS-200,14017,1283,25.73
2026-07-23,REG-ISLAND,PROD-LB-400,16619,2328,27.02
2026-07-23,REG-ISLAND,PROD-DM-300,8352,928,26.42
2026-07-23,REG-ISLAND,PROD-VD-500,4103,589,17.93
2026-07-23,REG-NORTH,PROD-HS-100,40986,5790,23.09
2026-07-23,REG-NORTH,PROD-HS-110,23670,3339,24.47
2026-07-23,REG-NORTH,PROD-AS-200,21641,3169,26.62
2026-07-23,REG-NORTH,PROD-LB-400,18761,2819,29.09
2026-07-23,REG-NORTH,PROD-DM-300,7451,1041,17.32
2026-07-23,REG-NORTH,PROD-VD-500,5802,710,19
2026-07-23,REG-CENTRAL,PROD-HS-100,39883,5330,26.38
2026-07-23,REG-CENTRAL,PROD-HS-110,20377,2556,25.94
2026-07-23,REG-CENTRAL,PROD-AS-200,19258,2824,27.44
2026-07-23,REG-CENTRAL,PROD-LB-400,10341,1284,17.45
2026-07-23,REG-CENTRAL,PROD-DM-300,7838,1245,19.17
2026-07-23,REG-CENTRAL,PROD-VD-500,6128,956,20.94
2026-07-24,REG-COASTAL,PROD-HS-100,45190,4507,13.95
2026-07-24,REG-COASTAL,PROD-HS-110,27397,3649,19.18
2026-07-24,REG-COASTAL,PROD-AS-200,27621,4157,20.75
2026-07-24,REG-COASTAL,PROD-LB-400,25783,3919,23.31
2026-07-24,REG-COASTAL,PROD-DM-300,14576,1636,23.32
2026-07-24,REG-COASTAL,PROD-VD-500,11466,1674,25.77
2026-07-24,REG-SOUTH,PROD-HS-100,43386,6585,14.88
2026-07-24,REG-SOUTH,PROD-HS-110,24844,2997,21.48
2026-07-24,REG-SOUTH,PROD-AS-200,24804,3422,22.39
2026-07-24,REG-SOUTH,PROD-LB-400,24279,3314,24.61
2026-07-24,REG-SOUTH,PROD-DM-300,15358,2331,25.59
2026-07-24,REG-SOUTH,PROD-VD-500,8712,1203,27.11
2026-07-24,REG-DELTA,PROD-HS-100,32739,3654,15.48
2026-07-24,REG-DELTA,PROD-HS-110,20542,2467,21.12
2026-07-24,REG-DELTA,PROD-AS-200,24609,3477,23.93
2026-07-24,REG-DELTA,PROD-LB-400,20929,2677,25.82
2026-07-24,REG-DELTA,PROD-DM-300,12440,1714,26.62
2026-07-24,REG-DELTA,PROD-VD-500,8499,1057,28.19
2026-07-24,REG-ISLAND,PROD-HS-100,26774,3537,16.69
2026-07-24,REG-ISLAND,PROD-HS-110,17069,2779,22.97
2026-07-24,REG-ISLAND,PROD-AS-200,16807,2498,25.74
2026-07-24,REG-ISLAND,PROD-LB-400,13327,1824,26.81
2026-07-24,REG-ISLAND,PROD-DM-300,8875,1143,27.42
2026-07-24,REG-ISLAND,PROD-VD-500,4108,593,18.6
2026-07-24,REG-NORTH,PROD-HS-100,41499,7160,23.96
2026-07-24,REG-NORTH,PROD-HS-110,22496,2852,24.4
2026-07-24,REG-NORTH,PROD-AS-200,19635,3412,26.6
2026-07-24,REG-NORTH,PROD-LB-400,19172,2235,28.76
2026-07-24,REG-NORTH,PROD-DM-300,7378,822,17.67
2026-07-24,REG-NORTH,PROD-VD-500,6720,891,20.03
2026-07-24,REG-CENTRAL,PROD-HS-100,36565,4184,25.24
2026-07-24,REG-CENTRAL,PROD-HS-110,18937,2349,26.12
2026-07-24,REG-CENTRAL,PROD-AS-200,18412,1994,27.87
2026-07-24,REG-CENTRAL,PROD-LB-400,11415,1599,18.11
2026-07-24,REG-CENTRAL,PROD-DM-300,8649,1125,19.9
2026-07-24,REG-CENTRAL,PROD-VD-500,5579,669,20.46
2026-07-25,REG-COASTAL,PROD-HS-100,46427,5731,13.68
2026-07-25,REG-COASTAL,PROD-HS-110,28450,4400,19.36
2026-07-25,REG-COASTAL,PROD-AS-200,27049,3703,21.2
2026-07-25,REG-COASTAL,PROD-LB-400,27557,3971,21.72
2026-07-25,REG-COASTAL,PROD-DM-300,15574,1747,24.22
2026-07-25,REG-COASTAL,PROD-VD-500,10544,1611,24.95
2026-07-25,REG-SOUTH,PROD-HS-100,39940,7371,14.82
2026-07-25,REG-SOUTH,PROD-HS-110,27573,3299,21.46
2026-07-25,REG-SOUTH,PROD-AS-200,23648,3574,23.29
2026-07-25,REG-SOUTH,PROD-LB-400,22165,3015,23.35
2026-07-25,REG-SOUTH,PROD-DM-300,13998,2305,25.36
2026-07-25,REG-SOUTH,PROD-VD-500,8979,1049,26.52
2026-07-25,REG-DELTA,PROD-HS-100,34211,4145,15.81
2026-07-25,REG-DELTA,PROD-HS-110,23249,3433,22.52
2026-07-25,REG-DELTA,PROD-AS-200,22248,2787,24.15
2026-07-25,REG-DELTA,PROD-LB-400,18862,2734,24.51
2026-07-25,REG-DELTA,PROD-DM-300,11388,1626,26.17
2026-07-25,REG-DELTA,PROD-VD-500,8863,1202,27.76
2026-07-25,REG-ISLAND,PROD-HS-100,28574,3456,18.01
2026-07-25,REG-ISLAND,PROD-HS-110,18351,2495,23.99
2026-07-25,REG-ISLAND,PROD-AS-200,14264,1861,25.31
2026-07-25,REG-ISLAND,PROD-LB-400,13544,1913,25.79
2026-07-25,REG-ISLAND,PROD-DM-300,9189,1358,27.97
2026-07-25,REG-ISLAND,PROD-VD-500,3987,467,18.72
2026-07-25,REG-NORTH,PROD-HS-100,38642,5404,23.46
2026-07-25,REG-NORTH,PROD-HS-110,18437,2465,25.31
2026-07-25,REG-NORTH,PROD-AS-200,19531,3467,26.68
2026-07-25,REG-NORTH,PROD-LB-400,20999,3714,27.05
2026-07-25,REG-NORTH,PROD-DM-300,8287,1085,17.92
2026-07-25,REG-NORTH,PROD-VD-500,5583,640,18.72
2026-07-25,REG-CENTRAL,PROD-HS-100,36799,4689,24.22
2026-07-25,REG-CENTRAL,PROD-HS-110,21020,3713,26.83
2026-07-25,REG-CENTRAL,PROD-AS-200,19512,2720,28.08
2026-07-25,REG-CENTRAL,PROD-LB-400,12128,1500,18.07
2026-07-25,REG-CENTRAL,PROD-DM-300,8625,1466,19.09
2026-07-25,REG-CENTRAL,PROD-VD-500,5275,631,19.93
2026-07-26,REG-COASTAL,PROD-HS-100,39571,4887,13.79
2026-07-26,REG-COASTAL,PROD-HS-110,19207,2215,19.67
2026-07-26,REG-COASTAL,PROD-AS-200,17145,2250,20.63
2026-07-26,REG-COASTAL,PROD-LB-400,16599,2590,21.72
2026-07-26,REG-COASTAL,PROD-DM-300,8652,1203,23.13
2026-07-26,REG-COASTAL,PROD-VD-500,6584,846,25.28
2026-07-26,REG-SOUTH,PROD-HS-100,32836,3411,15.45
2026-07-26,REG-SOUTH,PROD-HS-110,14606,2047,19.78
2026-07-26,REG-SOUTH,PROD-AS-200,14963,2166,23.02
2026-07-26,REG-SOUTH,PROD-LB-400,13327,2018,23.41
2026-07-26,REG-SOUTH,PROD-DM-300,8647,1231,25.75
2026-07-26,REG-SOUTH,PROD-VD-500,5546,705,26.03
2026-07-26,REG-DELTA,PROD-HS-100,27693,4287,15.98
2026-07-26,REG-DELTA,PROD-HS-110,13497,1866,21.78
2026-07-26,REG-DELTA,PROD-AS-200,11102,1529,23.81
2026-07-26,REG-DELTA,PROD-LB-400,11782,1511,24.34
2026-07-26,REG-DELTA,PROD-DM-300,8109,956,26.11
2026-07-26,REG-DELTA,PROD-VD-500,5306,598,27.53
2026-07-26,REG-ISLAND,PROD-HS-100,20001,3083,16.33
2026-07-26,REG-ISLAND,PROD-HS-110,10174,1424,23.03
2026-07-26,REG-ISLAND,PROD-AS-200,9162,1301,24.8
2026-07-26,REG-ISLAND,PROD-LB-400,7959,1008,26.73
2026-07-26,REG-ISLAND,PROD-DM-300,5688,713,28.27
2026-07-26,REG-ISLAND,PROD-VD-500,2660,440,18.05
2026-07-26,REG-NORTH,PROD-HS-100,30185,3387,23.12
2026-07-26,REG-NORTH,PROD-HS-110,13800,1972,25.27
2026-07-26,REG-NORTH,PROD-AS-200,12042,1643,26.33
2026-07-26,REG-NORTH,PROD-LB-400,13038,1835,27.59
2026-07-26,REG-NORTH,PROD-DM-300,4985,487,18.14
2026-07-26,REG-NORTH,PROD-VD-500,3607,358,19.34
2026-07-26,REG-CENTRAL,PROD-HS-100,30370,4035,24.57
2026-07-26,REG-CENTRAL,PROD-HS-110,13064,1571,26.67
2026-07-26,REG-CENTRAL,PROD-AS-200,12224,1309,27.7
2026-07-26,REG-CENTRAL,PROD-LB-400,7907,1070,18.28
2026-07-26,REG-CENTRAL,PROD-DM-300,5168,618,19.87
2026-07-26,REG-CENTRAL,PROD-VD-500,3218,357,21.19
2026-07-27,REG-COASTAL,PROD-HS-100,45636,4782,13.91
2026-07-27,REG-COASTAL,PROD-HS-110,28587,4551,18.38
2026-07-27,REG-COASTAL,PROD-AS-200,29224,4298,20.96
2026-07-27,REG-COASTAL,PROD-LB-400,23739,3947,22.39
2026-07-27,REG-COASTAL,PROD-DM-300,14376,1990,22.77
2026-07-27,REG-COASTAL,PROD-VD-500,10879,1487,25.45
2026-07-27,REG-SOUTH,PROD-HS-100,36226,3605,14.05
2026-07-27,REG-SOUTH,PROD-HS-110,27166,3630,20.45
2026-07-27,REG-SOUTH,PROD-AS-200,23865,2778,22.22
2026-07-27,REG-SOUTH,PROD-LB-400,21487,3478,23.12
2026-07-27,REG-SOUTH,PROD-DM-300,14397,1938,25.43
2026-07-27,REG-SOUTH,PROD-VD-500,10490,1455,26.57
2026-07-27,REG-DELTA,PROD-HS-100,37291,4864,16.39
2026-07-27,REG-DELTA,PROD-HS-110,21427,3067,22.04
2026-07-27,REG-DELTA,PROD-AS-200,18353,2378,23.42
2026-07-27,REG-DELTA,PROD-LB-400,19722,2938,25.09
2026-07-27,REG-DELTA,PROD-DM-300,12901,2114,26.57
2026-07-27,REG-DELTA,PROD-VD-500,9869,1443,27.72
2026-07-27,REG-ISLAND,PROD-HS-100,26104,3161,16.86
2026-07-27,REG-ISLAND,PROD-HS-110,14324,2261,24.03
2026-07-27,REG-ISLAND,PROD-AS-200,16580,2404,25.68
2026-07-27,REG-ISLAND,PROD-LB-400,14189,2023,25.35
2026-07-27,REG-ISLAND,PROD-DM-300,8491,1234,27.7
2026-07-27,REG-ISLAND,PROD-VD-500,3823,484,17.67
2026-07-27,REG-NORTH,PROD-HS-100,41458,6160,23.27
2026-07-27,REG-NORTH,PROD-HS-110,19451,2391,24.03
2026-07-27,REG-NORTH,PROD-AS-200,23612,3954,26.82
2026-07-27,REG-NORTH,PROD-LB-400,18511,1995,27.44
2026-07-27,REG-NORTH,PROD-DM-300,9295,1150,17.75
2026-07-27,REG-NORTH,PROD-VD-500,5076,624,19.44
2026-07-27,REG-CENTRAL,PROD-HS-100,37465,5188,24.91
2026-07-27,REG-CENTRAL,PROD-HS-110,20879,3134,26.6
2026-07-27,REG-CENTRAL,PROD-AS-200,23122,3515,27.31
2026-07-27,REG-CENTRAL,PROD-LB-400,11881,1226,18.03
2026-07-27,REG-CENTRAL,PROD-DM-300,8556,1252,19.69
2026-07-27,REG-CENTRAL,PROD-VD-500,4802,563,19.44
2026-07-28,REG-COASTAL,PROD-HS-100,46191,4340,14.33
2026-07-28,REG-COASTAL,PROD-HS-110,29066,4506,19.62
2026-07-28,REG-COASTAL,PROD-AS-200,23731,3546,20.37
2026-07-28,REG-COASTAL,PROD-LB-400,23873,3749,22.04
2026-07-28,REG-COASTAL,PROD-DM-300,16164,2532,23.3
2026-07-28,REG-COASTAL,PROD-VD-500,11760,1918,25.24
2026-07-28,REG-SOUTH,PROD-HS-100,40900,5129,14.64
2026-07-28,REG-SOUTH,PROD-HS-110,23724,3339,21.46
2026-07-28,REG-SOUTH,PROD-AS-200,21195,2615,22.8
2026-07-28,REG-SOUTH,PROD-LB-400,22498,3482,24.7
2026-07-28,REG-SOUTH,PROD-DM-300,13646,1853,25.04
2026-07-28,REG-SOUTH,PROD-VD-500,9643,1387,25.48
2026-07-28,REG-DELTA,PROD-HS-100,31890,3472,15.17
2026-07-28,REG-DELTA,PROD-HS-110,22144,3953,22.43
2026-07-28,REG-DELTA,PROD-AS-200,18631,2806,24.2
2026-07-28,REG-DELTA,PROD-LB-400,22163,3187,25.03
2026-07-28,REG-DELTA,PROD-DM-300,14726,2078,27.14
2026-07-28,REG-DELTA,PROD-VD-500,9952,1447,26.58
2026-07-28,REG-ISLAND,PROD-HS-100,26412,2952,17.16
2026-07-28,REG-ISLAND,PROD-HS-110,15822,1959,23.42
2026-07-28,REG-ISLAND,PROD-AS-200,15638,2225,25.36
2026-07-28,REG-ISLAND,PROD-LB-400,15553,2467,26.02
2026-07-28,REG-ISLAND,PROD-DM-300,9544,1369,27.71
2026-07-28,REG-ISLAND,PROD-VD-500,3338,423,17.35
2026-07-28,REG-NORTH,PROD-HS-100,38180,3468,22.82
2026-07-28,REG-NORTH,PROD-HS-110,20991,2555,26.41
2026-07-28,REG-NORTH,PROD-AS-200,20439,2864,25.69
2026-07-28,REG-NORTH,PROD-LB-400,20107,2698,28.03
2026-07-28,REG-NORTH,PROD-DM-300,8470,1424,17.88
2026-07-28,REG-NORTH,PROD-VD-500,5034,632,18.97
2026-07-28,REG-CENTRAL,PROD-HS-100,36089,4487,24.79
2026-07-28,REG-CENTRAL,PROD-HS-110,21197,2873,26.25
2026-07-28,REG-CENTRAL,PROD-AS-200,22287,3288,27.7
2026-07-28,REG-CENTRAL,PROD-LB-400,10286,1350,17.63
2026-07-28,REG-CENTRAL,PROD-DM-300,7555,1297,19.68
2026-07-28,REG-CENTRAL,PROD-VD-500,5323,593,21.4
2026-07-29,REG-COASTAL,PROD-HS-100,52205,5596,14.59
2026-07-29,REG-COASTAL,PROD-HS-110,28491,4339,18.9
2026-07-29,REG-COASTAL,PROD-AS-200,27509,3451,21.03
2026-07-29,REG-COASTAL,PROD-LB-400,24735,3096,22.71
2026-07-29,REG-COASTAL,PROD-DM-300,16750,2407,23.79
2026-07-29,REG-COASTAL,PROD-VD-500,11624,1276,25.68
2026-07-29,REG-SOUTH,PROD-HS-100,41744,6021,14.77
2026-07-29,REG-SOUTH,PROD-HS-110,24912,3940,22.01
2026-07-29,REG-SOUTH,PROD-AS-200,21493,2717,22.87
2026-07-29,REG-SOUTH,PROD-LB-400,22026,3344,22.87
2026-07-29,REG-SOUTH,PROD-DM-300,14770,1895,25.34
2026-07-29,REG-SOUTH,PROD-VD-500,11250,1761,27.83
2026-07-29,REG-DELTA,PROD-HS-100,34455,4907,16.02
2026-07-29,REG-DELTA,PROD-HS-110,23628,3823,21.86
2026-07-29,REG-DELTA,PROD-AS-200,20268,2246,23.19
2026-07-29,REG-DELTA,PROD-LB-400,22393,3243,24.84
2026-07-29,REG-DELTA,PROD-DM-300,12572,1533,25.61
2026-07-29,REG-DELTA,PROD-VD-500,8884,1208,28.01
2026-07-29,REG-ISLAND,PROD-HS-100,28777,4698,17.86
2026-07-29,REG-ISLAND,PROD-HS-110,15272,2279,23.45
2026-07-29,REG-ISLAND,PROD-AS-200,15579,2460,23.55
2026-07-29,REG-ISLAND,PROD-LB-400,13824,1916,26.23
2026-07-29,REG-ISLAND,PROD-DM-300,8380,1201,27.83
2026-07-29,REG-ISLAND,PROD-VD-500,4066,623,18.61
2026-07-29,REG-NORTH,PROD-HS-100,41262,6759,23.89
2026-07-29,REG-NORTH,PROD-HS-110,23228,3914,25.75
2026-07-29,REG-NORTH,PROD-AS-200,19264,1653,26.6
2026-07-29,REG-NORTH,PROD-LB-400,17092,2485,27.15
2026-07-29,REG-NORTH,PROD-DM-300,6962,989,17.88
2026-07-29,REG-NORTH,PROD-VD-500,4768,615,19.87
2026-07-29,REG-CENTRAL,PROD-HS-100,37067,4454,25.92
2026-07-29,REG-CENTRAL,PROD-HS-110,22686,3559,26.49
2026-07-29,REG-CENTRAL,PROD-AS-200,17615,2003,28.91
2026-07-29,REG-CENTRAL,PROD-LB-400,10571,1418,18.02
2026-07-29,REG-CENTRAL,PROD-DM-300,7079,860,19.08
2026-07-29,REG-CENTRAL,PROD-VD-500,5359,614,20.72
2026-07-30,REG-COASTAL,PROD-HS-100,58143,8143,15.38
2026-07-30,REG-COASTAL,PROD-HS-110,28922,3427,19.55
2026-07-30,REG-COASTAL,PROD-AS-200,28195,4009,21.27
2026-07-30,REG-COASTAL,PROD-LB-400,26219,4111,21.36
2026-07-30,REG-COASTAL,PROD-DM-300,18211,3037,24.79
2026-07-30,REG-COASTAL,PROD-VD-500,13336,1836,25.22
2026-07-30,REG-SOUTH,PROD-HS-100,38119,4545,14.7
2026-07-30,REG-SOUTH,PROD-HS-110,24201,3360,21.27
2026-07-30,REG-SOUTH,PROD-AS-200,22988,3106,22.7
2026-07-30,REG-SOUTH,PROD-LB-400,21084,2527,21.91
2026-07-30,REG-SOUTH,PROD-DM-300,14888,2182,24.39
2026-07-30,REG-SOUTH,PROD-VD-500,8930,1031,25.9
2026-07-30,REG-DELTA,PROD-HS-100,33964,3852,15.99
2026-07-30,REG-DELTA,PROD-HS-110,22002,4141,21.65
2026-07-30,REG-DELTA,PROD-AS-200,20430,3220,23.64
2026-07-30,REG-DELTA,PROD-LB-400,21023,2630,25.13
2026-07-30,REG-DELTA,PROD-DM-300,12057,1750,26.98
2026-07-30,REG-DELTA,PROD-VD-500,8893,1282,28.08
2026-07-30,REG-ISLAND,PROD-HS-100,28223,3517,17.53
2026-07-30,REG-ISLAND,PROD-HS-110,15033,2087,22.44
2026-07-30,REG-ISLAND,PROD-AS-200,14661,2268,24.99
2026-07-30,REG-ISLAND,PROD-LB-400,13636,1983,27.29
2026-07-30,REG-ISLAND,PROD-DM-300,8885,1370,27.63
2026-07-30,REG-ISLAND,PROD-VD-500,3771,555,17.87
2026-07-30,REG-NORTH,PROD-HS-100,39684,5296,23.77
2026-07-30,REG-NORTH,PROD-HS-110,23298,2232,24.9
2026-07-30,REG-NORTH,PROD-AS-200,20762,3174,26.45
2026-07-30,REG-NORTH,PROD-LB-400,18776,2121,28.37
2026-07-30,REG-NORTH,PROD-DM-300,8396,1162,17.6
2026-07-30,REG-NORTH,PROD-VD-500,5140,707,18.47
2026-07-30,REG-CENTRAL,PROD-HS-100,36966,4718,24.62
2026-07-30,REG-CENTRAL,PROD-HS-110,19718,3476,25.58
2026-07-30,REG-CENTRAL,PROD-AS-200,19133,2123,27.79
2026-07-30,REG-CENTRAL,PROD-LB-400,11066,1694,16.98
2026-07-30,REG-CENTRAL,PROD-DM-300,8101,1038,19.25
2026-07-30,REG-CENTRAL,PROD-VD-500,5361,560,19.76
2026-07-31,REG-COASTAL,PROD-HS-100,53430,6904,14.01
2026-07-31,REG-COASTAL,PROD-HS-110,29176,4316,19.89
2026-07-31,REG-COASTAL,PROD-AS-200,26426,4443,20.8
2026-07-31,REG-COASTAL,PROD-LB-400,25730,4462,22.65
2026-07-31,REG-COASTAL,PROD-DM-300,17169,2162,23.19
2026-07-31,REG-COASTAL,PROD-VD-500,9550,1440,24.28
2026-07-31,REG-SOUTH,PROD-HS-100,45261,7519,15.63
2026-07-31,REG-SOUTH,PROD-HS-110,26214,4269,20.39
2026-07-31,REG-SOUTH,PROD-AS-200,25030,4527,22.46
2026-07-31,REG-SOUTH,PROD-LB-400,24529,2681,23.07
2026-07-31,REG-SOUTH,PROD-DM-300,14230,2080,25.42
2026-07-31,REG-SOUTH,PROD-VD-500,9426,1277,26.04
2026-07-31,REG-DELTA,PROD-HS-100,39619,6634,16.65
2026-07-31,REG-DELTA,PROD-HS-110,24105,3672,22.91
2026-07-31,REG-DELTA,PROD-AS-200,21965,3775,22.71
2026-07-31,REG-DELTA,PROD-LB-400,17460,1803,24.97
2026-07-31,REG-DELTA,PROD-DM-300,12810,2098,26.78
2026-07-31,REG-DELTA,PROD-VD-500,8905,1232,28.74
2026-07-31,REG-ISLAND,PROD-HS-100,25020,3705,15.99
2026-07-31,REG-ISLAND,PROD-HS-110,17535,2618,23.02
2026-07-31,REG-ISLAND,PROD-AS-200,15861,2023,25.44
2026-07-31,REG-ISLAND,PROD-LB-400,13027,2048,26.39
2026-07-31,REG-ISLAND,PROD-DM-300,10107,1501,28.12
2026-07-31,REG-ISLAND,PROD-VD-500,3820,510,17.89
2026-07-31,REG-NORTH,PROD-HS-100,40287,6131,22.71
2026-07-31,REG-NORTH,PROD-HS-110,19445,2030,25.54
2026-07-31,REG-NORTH,PROD-AS-200,21642,2355,27.4
2026-07-31,REG-NORTH,PROD-LB-400,20018,2694,28.21
2026-07-31,REG-NORTH,PROD-DM-300,9482,1491,18.37
2026-07-31,REG-NORTH,PROD-VD-500,5770,847,19.23
2026-07-31,REG-CENTRAL,PROD-HS-100,39010,6123,25.1
2026-07-31,REG-CENTRAL,PROD-HS-110,19330,3011,25.11
2026-07-31,REG-CENTRAL,PROD-AS-200,21781,3964,28.15
2026-07-31,REG-CENTRAL,PROD-LB-400,12648,1553,18.65
2026-07-31,REG-CENTRAL,PROD-DM-300,8630,1408,19.47
2026-07-31,REG-CENTRAL,PROD-VD-500,6448,1029,21.59
2026-08-01,REG-COASTAL,PROD-HS-100,48144,6784,13.85
2026-08-01,REG-COASTAL,PROD-HS-110,27918,3946,18.67
2026-08-01,REG-COASTAL,PROD-AS-200,28289,4839,20.68
2026-08-01,REG-COASTAL,PROD-LB-400,27942,4587,22.87
2026-08-01,REG-COASTAL,PROD-DM-300,15441,2495,23.2
2026-08-01,REG-COASTAL,PROD-VD-500,10715,1552,25.81
2026-08-01,REG-SOUTH,PROD-HS-100,38218,3184,14.83
2026-08-01,REG-SOUTH,PROD-HS-110,27218,4544,21.17
2026-08-01,REG-SOUTH,PROD-AS-200,24666,3116,21.86
2026-08-01,REG-SOUTH,PROD-LB-400,18960,2737,23.18
2026-08-01,REG-SOUTH,PROD-DM-300,12482,1733,24.21
2026-08-01,REG-SOUTH,PROD-VD-500,9581,1346,26.06
2026-08-01,REG-DELTA,PROD-HS-100,35263,3639,16.61
2026-08-01,REG-DELTA,PROD-HS-110,21428,3003,21.96
2026-08-01,REG-DELTA,PROD-AS-200,20010,2860,23.82
2026-08-01,REG-DELTA,PROD-LB-400,18382,1559,25.22
2026-08-01,REG-DELTA,PROD-DM-300,13063,1844,26.52
2026-08-01,REG-DELTA,PROD-VD-500,8876,1286,27.4
2026-08-01,REG-ISLAND,PROD-HS-100,27723,4176,17.66
2026-08-01,REG-ISLAND,PROD-HS-110,14839,2057,23.37
2026-08-01,REG-ISLAND,PROD-AS-200,14382,1948,25.64
2026-08-01,REG-ISLAND,PROD-LB-400,14745,2216,26.43
2026-08-01,REG-ISLAND,PROD-DM-300,9802,1401,28.77
2026-08-01,REG-ISLAND,PROD-VD-500,3973,682,17.6
2026-08-01,REG-NORTH,PROD-HS-100,40534,4367,23.3
2026-08-01,REG-NORTH,PROD-HS-110,20663,2831,24.23
2026-08-01,REG-NORTH,PROD-AS-200,20891,3286,26.04
2026-08-01,REG-NORTH,PROD-LB-400,20829,2730,27.97
2026-08-01,REG-NORTH,PROD-DM-300,8511,1221,18.55
2026-08-01,REG-NORTH,PROD-VD-500,6058,891,19.21
2026-08-01,REG-CENTRAL,PROD-HS-100,37427,3906,25.45
2026-08-01,REG-CENTRAL,PROD-HS-110,21944,3014,26.59
2026-08-01,REG-CENTRAL,PROD-AS-200,20735,3167,27.28
2026-08-01,REG-CENTRAL,PROD-LB-400,12428,1689,18.48
2026-08-01,REG-CENTRAL,PROD-DM-300,8864,1338,19.65
2026-08-01,REG-CENTRAL,PROD-VD-500,5338,741,20.8
2026-08-02,REG-COASTAL,PROD-HS-100,39871,6558,13.54
2026-08-02,REG-COASTAL,PROD-HS-110,19112,3219,19.69
2026-08-02,REG-COASTAL,PROD-AS-200,15991,2434,20.86
2026-08-02,REG-COASTAL,PROD-LB-400,14179,1421,21.59
2026-08-02,REG-COASTAL,PROD-DM-300,9348,1038,22.4
2026-08-02,REG-COASTAL,PROD-VD-500,6507,909,24.99
2026-08-02,REG-SOUTH,PROD-HS-100,32821,4574,14.64
2026-08-02,REG-SOUTH,PROD-HS-110,14925,2533,20.55
2026-08-02,REG-SOUTH,PROD-AS-200,12999,1832,21.48
2026-08-02,REG-SOUTH,PROD-LB-400,14370,2134,24.18
2026-08-02,REG-SOUTH,PROD-DM-300,8673,1149,24.35
2026-08-02,REG-SOUTH,PROD-VD-500,6453,953,26.32
2026-08-02,REG-DELTA,PROD-HS-100,27174,2979,16.11
2026-08-02,REG-DELTA,PROD-HS-110,13462,2344,21.38
2026-08-02,REG-DELTA,PROD-AS-200,13676,1985,23.43
2026-08-02,REG-DELTA,PROD-LB-400,12396,1708,25.57
2026-08-02,REG-DELTA,PROD-DM-300,7524,1131,25.47
2026-08-02,REG-DELTA,PROD-VD-500,5400,795,28.25
2026-08-02,REG-ISLAND,PROD-HS-100,22379,3723,16.64
2026-08-02,REG-ISLAND,PROD-HS-110,9808,1155,23.77
2026-08-02,REG-ISLAND,PROD-AS-200,10083,1502,25.31
2026-08-02,REG-ISLAND,PROD-LB-400,9077,1225,26.26
2026-08-02,REG-ISLAND,PROD-DM-300,5516,660,27.91
2026-08-02,REG-ISLAND,PROD-VD-500,2272,276,17.98
2026-08-02,REG-NORTH,PROD-HS-100,32237,3984,23.76
2026-08-02,REG-NORTH,PROD-HS-110,14035,1992,24.83
2026-08-02,REG-NORTH,PROD-AS-200,13621,1930,26.57
2026-08-02,REG-NORTH,PROD-LB-400,12667,1697,28.06
2026-08-02,REG-NORTH,PROD-DM-300,4423,587,17.05
2026-08-02,REG-NORTH,PROD-VD-500,3541,501,18.88
2026-08-02,REG-CENTRAL,PROD-HS-100,30963,3757,25.45
2026-08-02,REG-CENTRAL,PROD-HS-110,12869,1751,26.6
2026-08-02,REG-CENTRAL,PROD-AS-200,12808,1722,28.43
2026-08-02,REG-CENTRAL,PROD-LB-400,7888,910,18.66
2026-08-02,REG-CENTRAL,PROD-DM-300,4492,599,18.9
2026-08-02,REG-CENTRAL,PROD-VD-500,3465,501,21.79
2026-08-03,REG-COASTAL,PROD-HS-100,49140,7781,14.55
2026-08-03,REG-COASTAL,PROD-HS-110,30045,3449,19.02
2026-08-03,REG-COASTAL,PROD-AS-200,23736,2964,19.95
2026-08-03,REG-COASTAL,PROD-LB-400,24807,3365,22.27
2026-08-03,REG-COASTAL,PROD-DM-300,15736,2035,23.03
2026-08-03,REG-COASTAL,PROD-VD-500,11458,1599,25.54
2026-08-03,REG-SOUTH,PROD-HS-100,37645,5509,13.63
2026-08-03,REG-SOUTH,PROD-HS-110,20696,3444,20.34
2026-08-03,REG-SOUTH,PROD-AS-200,19502,2144,22.17
2026-08-03,REG-SOUTH,PROD-LB-400,18394,1728,23.54
2026-08-03,REG-SOUTH,PROD-DM-300,14752,2495,25.27
2026-08-03,REG-SOUTH,PROD-VD-500,10830,1673,26.16
2026-08-03,REG-DELTA,PROD-HS-100,31531,4379,16.59
2026-08-03,REG-DELTA,PROD-HS-110,20175,2942,21.07
2026-08-03,REG-DELTA,PROD-AS-200,20590,2705,23.85
2026-08-03,REG-DELTA,PROD-LB-400,20600,2853,25.17
2026-08-03,REG-DELTA,PROD-DM-300,14238,1981,26.02
2026-08-03,REG-DELTA,PROD-VD-500,8768,1161,27.46
2026-08-03,REG-ISLAND,PROD-HS-100,23450,4044,17.3
2026-08-03,REG-ISLAND,PROD-HS-110,16501,1992,25.1
2026-08-03,REG-ISLAND,PROD-AS-200,14764,1750,25.12
2026-08-03,REG-ISLAND,PROD-LB-400,16120,2345,27.12
2026-08-03,REG-ISLAND,PROD-DM-300,9978,1496,27.99
2026-08-03,REG-ISLAND,PROD-VD-500,3980,525,17.81
2026-08-03,REG-NORTH,PROD-HS-100,36120,4728,23.03
2026-08-03,REG-NORTH,PROD-HS-110,22901,2901,24.78
2026-08-03,REG-NORTH,PROD-AS-200,20995,3097,25.9
2026-08-03,REG-NORTH,PROD-LB-400,22455,3117,28.44
2026-08-03,REG-NORTH,PROD-DM-300,7396,847,18.29
2026-08-03,REG-NORTH,PROD-VD-500,5847,909,19.75
2026-08-03,REG-CENTRAL,PROD-HS-100,38790,5431,25.5
2026-08-03,REG-CENTRAL,PROD-HS-110,21172,2284,26.45
2026-08-03,REG-CENTRAL,PROD-AS-200,21532,2844,27.56
2026-08-03,REG-CENTRAL,PROD-LB-400,9338,1134,16.61
2026-08-03,REG-CENTRAL,PROD-DM-300,7532,1101,19.61
2026-08-03,REG-CENTRAL,PROD-VD-500,5147,725,20.47
