reservationId,productionOrderId,materialSku,requiredQuantity,unitOfMeasure
MR-0000001,PO-0000001,MAT-SEAL,1234,each
MR-0000002,PO-0000001,MAT-PUMP-CAP,1262,each
MR-0000003,PO-0000002,MAT-PUMP-CAP,1138,each
MR-0000004,PO-0000002,MAT-CARTON,1152,each
MR-0000005,PO-0000003,MAT-CARTON,1059,each
MR-0000006,PO-0000003,MAT-LABEL,1052,each
MR-0000007,PO-0000004,MAT-LABEL,1243,each
MR-0000008,PO-0000004,MAT-BULK-CREAM,99.63,litre
MR-0000009,PO-0000005,MAT-BULK-CREAM,115.3,litre
MR-0000010,PO-0000005,MAT-SEAL,1451,each
MR-0000011,PO-0000005,MAT-PUMP-CAP,1510,each
MR-0000012,PO-0000006,MAT-SEAL,1098,each
MR-0000013,PO-0000006,MAT-PUMP-CAP,1106,each
MR-0000014,PO-0000007,MAT-PUMP-CAP,766,each
MR-0000015,PO-0000007,MAT-CARTON,770,each
MR-0000016,PO-0000008,MAT-LABEL,1203,each
MR-0000017,PO-0000008,MAT-BULK-CREAM,97.13,litre
MR-0000018,PO-0000009,MAT-LABEL,1608,each
MR-0000019,PO-0000009,MAT-BULK-CREAM,132.66,litre
MR-0000020,PO-0000009,MAT-SEAL,1594,each
MR-0000021,PO-0000010,MAT-BULK-CREAM,102.82,litre
MR-0000022,PO-0000010,MAT-SEAL,1306,each
MR-0000023,PO-0000011,MAT-PUMP-CAP,1209,each
MR-0000024,PO-0000011,MAT-CARTON,1189,each
MR-0000025,PO-0000012,MAT-CARTON,1566,each
MR-0000026,PO-0000012,MAT-LABEL,1495,each
MR-0000027,PO-0000012,MAT-BULK-CREAM,116.97,litre
MR-0000028,PO-0000013,MAT-CARTON,852,each
MR-0000029,PO-0000013,MAT-LABEL,850,each
MR-0000030,PO-0000014,MAT-LABEL,841,each
MR-0000031,PO-0000014,MAT-BULK-CREAM,65.32,litre
MR-0000032,PO-0000015,MAT-BULK-CREAM,73.06,litre
MR-0000033,PO-0000015,MAT-SEAL,927,each
MR-0000034,PO-0000016,MAT-PUMP-CAP,949,each
MR-0000035,PO-0000016,MAT-CARTON,980,each
MR-0000036,PO-0000017,MAT-PUMP-CAP,1340,each
MR-0000037,PO-0000017,MAT-CARTON,1288,each
MR-0000038,PO-0000018,MAT-BULK-CREAM,50.95,litre
MR-0000039,PO-0000018,MAT-SEAL,653,each
MR-0000040,PO-0000019,MAT-SEAL,630,each
MR-0000041,PO-0000019,MAT-PUMP-CAP,649,each
MR-0000042,PO-0000020,MAT-SEAL,935,each
MR-0000043,PO-0000020,MAT-PUMP-CAP,969,each
MR-0000044,PO-0000021,MAT-PUMP-CAP,1197,each
MR-0000045,PO-0000021,MAT-CARTON,1200,each
MR-0000046,PO-0000022,MAT-CARTON,1155,each
MR-0000047,PO-0000022,MAT-LABEL,1185,each
MR-0000048,PO-0000023,MAT-SEAL,1266,each
MR-0000049,PO-0000023,MAT-PUMP-CAP,1316,each
MR-0000050,PO-0000024,MAT-BULK-CREAM,53.86,litre
MR-0000051,PO-0000024,MAT-SEAL,673,each
MR-0000052,PO-0000025,MAT-SEAL,1054,each
MR-0000053,PO-0000025,MAT-PUMP-CAP,1042,each
MR-0000054,PO-0000026,MAT-PUMP-CAP,973,each
MR-0000055,PO-0000026,MAT-CARTON,976,each
MR-0000056,PO-0000027,MAT-CARTON,672,each
MR-0000057,PO-0000027,MAT-LABEL,653,each
MR-0000058,PO-0000028,MAT-LABEL,1052,each
MR-0000059,PO-0000028,MAT-BULK-CREAM,80.64,litre
MR-0000060,PO-0000029,MAT-BULK-CREAM,85.15,litre
MR-0000061,PO-0000029,MAT-SEAL,1075,each
MR-0000062,PO-0000030,MAT-SEAL,1132,each
MR-0000063,PO-0000030,MAT-PUMP-CAP,1134,each
MR-0000064,PO-0000031,MAT-PUMP-CAP,888,each
MR-0000065,PO-0000031,MAT-CARTON,860,each
MR-0000066,PO-0000032,MAT-CARTON,933,each
MR-0000067,PO-0000032,MAT-LABEL,927,each
MR-0000068,PO-0000033,MAT-SEAL,954,each
MR-0000069,PO-0000033,MAT-PUMP-CAP,982,each
MR-0000070,PO-0000034,MAT-SEAL,932,each
MR-0000071,PO-0000034,MAT-PUMP-CAP,937,each
MR-0000072,PO-0000035,MAT-LABEL,580,each
MR-0000073,PO-0000035,MAT-BULK-CREAM,44.48,litre
MR-0000074,PO-0000036,MAT-BULK-CREAM,47.17,litre
MR-0000075,PO-0000036,MAT-SEAL,596,each
MR-0000076,PO-0000037,MAT-SEAL,569,each
MR-0000077,PO-0000037,MAT-PUMP-CAP,571,each
MR-0000078,PO-0000038,MAT-SEAL,675,each
MR-0000079,PO-0000038,MAT-PUMP-CAP,660,each
MR-0000080,PO-0000039,MAT-SEAL,972,each
MR-0000081,PO-0000039,MAT-PUMP-CAP,975,each
MR-0000082,PO-0000040,MAT-CARTON,670,each
MR-0000083,PO-0000040,MAT-LABEL,651,each
MR-0000084,PO-0000041,MAT-PUMP-CAP,436,each
MR-0000085,PO-0000041,MAT-CARTON,429,each
MR-0000086,PO-0000042,MAT-CARTON,860,each
MR-0000087,PO-0000042,MAT-LABEL,885,each
MR-0000088,PO-0000043,MAT-LABEL,527,each
MR-0000089,PO-0000043,MAT-BULK-CREAM,43.06,litre
MR-0000090,PO-0000044,MAT-BULK-CREAM,43.17,litre
MR-0000091,PO-0000044,MAT-SEAL,553,each
MR-0000092,PO-0000045,MAT-SEAL,490,each
MR-0000093,PO-0000045,MAT-PUMP-CAP,514,each
MR-0000094,PO-0000046,MAT-PUMP-CAP,841,each
MR-0000095,PO-0000046,MAT-CARTON,825,each
MR-0000096,PO-0000047,MAT-CARTON,553,each
MR-0000097,PO-0000047,MAT-LABEL,559,each
MR-0000098,PO-0000048,MAT-LABEL,725,each
MR-0000099,PO-0000048,MAT-BULK-CREAM,57.63,litre
MR-0000100,PO-0000049,MAT-BULK-CREAM,61.26,litre
MR-0000101,PO-0000049,MAT-SEAL,765,each
MR-0000102,PO-0000050,MAT-SEAL,735,each
MR-0000103,PO-0000050,MAT-PUMP-CAP,764,each
MR-0000104,PO-0000051,MAT-LABEL,420,each
MR-0000105,PO-0000051,MAT-BULK-CREAM,33,litre
MR-0000106,PO-0000052,MAT-LABEL,634,each
MR-0000107,PO-0000052,MAT-BULK-CREAM,52.21,litre
MR-0000108,PO-0000053,MAT-SEAL,852,each
MR-0000109,PO-0000053,MAT-PUMP-CAP,909,each
MR-0000110,PO-0000054,MAT-CARTON,767,each
MR-0000111,PO-0000054,MAT-LABEL,747,each
MR-0000112,PO-0000055,MAT-PUMP-CAP,814,each
MR-0000113,PO-0000055,MAT-CARTON,783,each
MR-0000114,PO-0000056,MAT-CARTON,759,each
MR-0000115,PO-0000056,MAT-LABEL,741,each
MR-0000116,PO-0000057,MAT-PUMP-CAP,561,each
MR-0000117,PO-0000057,MAT-CARTON,554,each
MR-0000118,PO-0000058,MAT-CARTON,908,each
MR-0000119,PO-0000058,MAT-LABEL,921,each
MR-0000120,PO-0000059,MAT-LABEL,529,each
MR-0000121,PO-0000059,MAT-BULK-CREAM,42.27,litre
MR-0000122,PO-0000060,MAT-SEAL,838,each
MR-0000123,PO-0000060,MAT-PUMP-CAP,846,each
MR-0000124,PO-0000061,MAT-SEAL,1122,each
MR-0000125,PO-0000061,MAT-PUMP-CAP,1148,each
MR-0000126,PO-0000062,MAT-PUMP-CAP,505,each
MR-0000127,PO-0000062,MAT-CARTON,500,each
MR-0000128,PO-0000063,MAT-LABEL,673,each
MR-0000129,PO-0000063,MAT-BULK-CREAM,53.79,litre
MR-0000130,PO-0000064,MAT-BULK-CREAM,57.99,litre
MR-0000131,PO-0000064,MAT-SEAL,709,each
MR-0000132,PO-0000065,MAT-BULK-CREAM,52.83,litre
MR-0000133,PO-0000065,MAT-SEAL,656,each
MR-0000134,PO-0000066,MAT-SEAL,1395,each
MR-0000135,PO-0000066,MAT-PUMP-CAP,1423,each
MR-0000136,PO-0000066,MAT-CARTON,1401,each
MR-0000137,PO-0000067,MAT-PUMP-CAP,1414,each
MR-0000138,PO-0000067,MAT-CARTON,1418,each
MR-0000139,PO-0000068,MAT-CARTON,902,each
MR-0000140,PO-0000068,MAT-LABEL,891,each
MR-0000141,PO-0000069,MAT-BULK-CREAM,61.28,litre
MR-0000142,PO-0000069,MAT-SEAL,760,each
MR-0000143,PO-0000070,MAT-BULK-CREAM,107.2,litre
MR-0000144,PO-0000070,MAT-SEAL,1324,each
MR-0000145,PO-0000071,MAT-PUMP-CAP,1357,each
MR-0000146,PO-0000071,MAT-CARTON,1315,each
MR-0000147,PO-0000072,MAT-PUMP-CAP,882,each
MR-0000148,PO-0000072,MAT-CARTON,866,each
MR-0000149,PO-0000073,MAT-SEAL,931,each
MR-0000150,PO-0000073,MAT-PUMP-CAP,923,each
MR-0000151,PO-0000074,MAT-LABEL,1018,each
MR-0000152,PO-0000074,MAT-BULK-CREAM,81.22,litre
MR-0000153,PO-0000075,MAT-PUMP-CAP,1223,each
MR-0000154,PO-0000075,MAT-CARTON,1219,each
MR-0000155,PO-0000076,MAT-SEAL,925,each
MR-0000156,PO-0000076,MAT-PUMP-CAP,971,each
MR-0000157,PO-0000077,MAT-CARTON,990,each
MR-0000158,PO-0000077,MAT-LABEL,1006,each
MR-0000159,PO-0000078,MAT-CARTON,1085,each
MR-0000160,PO-0000078,MAT-LABEL,1087,each
MR-0000161,PO-0000079,MAT-LABEL,993,each
MR-0000162,PO-0000079,MAT-BULK-CREAM,77.73,litre
MR-0000163,PO-0000080,MAT-BULK-CREAM,68.64,litre
MR-0000164,PO-0000080,MAT-SEAL,864,each
MR-0000165,PO-0000081,MAT-SEAL,1484,each
MR-0000166,PO-0000081,MAT-PUMP-CAP,1585,each
MR-0000167,PO-0000081,MAT-CARTON,1469,each
MR-0000168,PO-0000082,MAT-PUMP-CAP,937,each
MR-0000169,PO-0000082,MAT-CARTON,896,each
MR-0000170,PO-0000083,MAT-PUMP-CAP,761,each
MR-0000171,PO-0000083,MAT-CARTON,761,each
MR-0000172,PO-0000084,MAT-BULK-CREAM,94.66,litre
MR-0000173,PO-0000084,MAT-SEAL,1154,each
MR-0000174,PO-0000085,MAT-CARTON,930,each
MR-0000175,PO-0000085,MAT-LABEL,904,each
MR-0000176,PO-0000086,MAT-LABEL,948,each
MR-0000177,PO-0000086,MAT-BULK-CREAM,75.94,litre
MR-0000178,PO-0000087,MAT-LABEL,1235,each
MR-0000179,PO-0000087,MAT-BULK-CREAM,101.62,litre
MR-0000180,PO-0000088,MAT-LABEL,975,each
MR-0000181,PO-0000088,MAT-BULK-CREAM,77.59,litre
MR-0000182,PO-0000089,MAT-BULK-CREAM,75.83,litre
MR-0000183,PO-0000089,MAT-SEAL,945,each
MR-0000184,PO-0000090,MAT-SEAL,679,each
MR-0000185,PO-0000090,MAT-PUMP-CAP,681,each
MR-0000186,PO-0000091,MAT-CARTON,1333,each
MR-0000187,PO-0000091,MAT-LABEL,1315,each
MR-0000188,PO-0000092,MAT-CARTON,1039,each
MR-0000189,PO-0000092,MAT-LABEL,989,each
MR-0000190,PO-0000093,MAT-LABEL,792,each
MR-0000191,PO-0000093,MAT-BULK-CREAM,61.13,litre
MR-0000192,PO-0000094,MAT-PUMP-CAP,698,each
MR-0000193,PO-0000094,MAT-CARTON,700,each
MR-0000194,PO-0000095,MAT-PUMP-CAP,948,each
MR-0000195,PO-0000095,MAT-CARTON,912,each
MR-0000196,PO-0000096,MAT-PUMP-CAP,1106,each
MR-0000197,PO-0000096,MAT-CARTON,1124,each
MR-0000198,PO-0000097,MAT-BULK-CREAM,116.68,litre
MR-0000199,PO-0000097,MAT-SEAL,1487,each
MR-0000200,PO-0000097,MAT-PUMP-CAP,1517,each
MR-0000201,PO-0000098,MAT-PUMP-CAP,1233,each
MR-0000202,PO-0000098,MAT-CARTON,1204,each
MR-0000203,PO-0000099,MAT-SEAL,567,each
MR-0000204,PO-0000099,MAT-PUMP-CAP,591,each
MR-0000205,PO-0000100,MAT-SEAL,1171,each
MR-0000206,PO-0000100,MAT-PUMP-CAP,1221,each
MR-0000207,PO-0000101,MAT-BULK-CREAM,45.79,litre
MR-0000208,PO-0000101,MAT-SEAL,559,each
MR-0000209,PO-0000102,MAT-SEAL,680,each
MR-0000210,PO-0000102,MAT-PUMP-CAP,702,each
MR-0000211,PO-0000103,MAT-PUMP-CAP,1229,each
MR-0000212,PO-0000103,MAT-CARTON,1201,each
MR-0000213,PO-0000104,MAT-BULK-CREAM,50.93,litre
MR-0000214,PO-0000104,MAT-SEAL,624,each
MR-0000215,PO-0000105,MAT-SEAL,569,each
MR-0000216,PO-0000105,MAT-PUMP-CAP,574,each
MR-0000217,PO-0000106,MAT-PUMP-CAP,801,each
MR-0000218,PO-0000106,MAT-CARTON,806,each
MR-0000219,PO-0000107,MAT-CARTON,392,each
MR-0000220,PO-0000107,MAT-LABEL,393,each
MR-0000221,PO-0000108,MAT-PUMP-CAP,539,each
MR-0000222,PO-0000108,MAT-CARTON,532,each
MR-0000223,PO-0000109,MAT-SEAL,667,each
MR-0000224,PO-0000109,MAT-PUMP-CAP,693,each
MR-0000225,PO-0000110,MAT-SEAL,813,each
MR-0000226,PO-0000110,MAT-PUMP-CAP,824,each
MR-0000227,PO-0000111,MAT-CARTON,702,each
MR-0000228,PO-0000111,MAT-LABEL,705,each
MR-0000229,PO-0000112,MAT-CARTON,906,each
MR-0000230,PO-0000112,MAT-LABEL,897,each
MR-0000231,PO-0000113,MAT-LABEL,521,each
MR-0000232,PO-0000113,MAT-BULK-CREAM,41.91,litre
MR-0000233,PO-0000114,MAT-BULK-CREAM,73.23,litre
MR-0000234,PO-0000114,MAT-SEAL,932,each
MR-0000235,PO-0000115,MAT-PUMP-CAP,604,each
MR-0000236,PO-0000115,MAT-CARTON,608,each
MR-0000237,PO-0000116,MAT-LABEL,764,each
MR-0000238,PO-0000116,MAT-BULK-CREAM,60.09,litre
MR-0000239,PO-0000117,MAT-CARTON,853,each
MR-0000240,PO-0000117,MAT-LABEL,871,each
MR-0000241,PO-0000118,MAT-LABEL,650,each
MR-0000242,PO-0000118,MAT-BULK-CREAM,52.16,litre
MR-0000243,PO-0000119,MAT-PUMP-CAP,641,each
MR-0000244,PO-0000119,MAT-CARTON,647,each
MR-0000245,PO-0000120,MAT-LABEL,616,each
MR-0000246,PO-0000120,MAT-BULK-CREAM,47.63,litre
MR-0000247,PO-0000121,MAT-SEAL,835,each
MR-0000248,PO-0000121,MAT-PUMP-CAP,842,each
MR-0000249,PO-0000122,MAT-PUMP-CAP,853,each
MR-0000250,PO-0000122,MAT-CARTON,838,each
MR-0000251,PO-0000123,MAT-PUMP-CAP,979,each
MR-0000252,PO-0000123,MAT-CARTON,954,each
MR-0000253,PO-0000124,MAT-LABEL,665,each
MR-0000254,PO-0000124,MAT-BULK-CREAM,50.37,litre
MR-0000255,PO-0000125,MAT-BULK-CREAM,85.83,litre
MR-0000256,PO-0000125,MAT-SEAL,1068,each
MR-0000257,PO-0000126,MAT-SEAL,759,each
MR-0000258,PO-0000126,MAT-PUMP-CAP,779,each
MR-0000259,PO-0000127,MAT-PUMP-CAP,840,each
MR-0000260,PO-0000127,MAT-CARTON,837,each
MR-0000261,PO-0000128,MAT-CARTON,516,each
MR-0000262,PO-0000128,MAT-LABEL,506,each
MR-0000263,PO-0000129,MAT-LABEL,538,each
MR-0000264,PO-0000129,MAT-BULK-CREAM,42.33,litre
MR-0000265,PO-0000130,MAT-BULK-CREAM,73.67,litre
MR-0000266,PO-0000130,MAT-SEAL,930,each
MR-0000267,PO-0000131,MAT-SEAL,666,each
MR-0000268,PO-0000131,MAT-PUMP-CAP,679,each
MR-0000269,PO-0000132,MAT-PUMP-CAP,796,each
MR-0000270,PO-0000132,MAT-CARTON,749,each
MR-0000271,PO-0000133,MAT-CARTON,1419,each
MR-0000272,PO-0000133,MAT-LABEL,1408,each
MR-0000273,PO-0000133,MAT-BULK-CREAM,111.31,litre
MR-0000274,PO-0000134,MAT-LABEL,676,each
MR-0000275,PO-0000134,MAT-BULK-CREAM,51.99,litre
MR-0000276,PO-0000135,MAT-BULK-CREAM,72.02,litre
MR-0000277,PO-0000135,MAT-SEAL,901,each
MR-0000278,PO-0000136,MAT-SEAL,1109,each
MR-0000279,PO-0000136,MAT-PUMP-CAP,1137,each
MR-0000280,PO-0000137,MAT-PUMP-CAP,786,each
MR-0000281,PO-0000137,MAT-CARTON,788,each
MR-0000282,PO-0000138,MAT-CARTON,1256,each
MR-0000283,PO-0000138,MAT-LABEL,1188,each
MR-0000284,PO-0000139,MAT-BULK-CREAM,85.05,litre
MR-0000285,PO-0000139,MAT-SEAL,1070,each
MR-0000286,PO-0000140,MAT-LABEL,1412,each
MR-0000287,PO-0000140,MAT-BULK-CREAM,106.52,litre
MR-0000288,PO-0000140,MAT-SEAL,1380,each
MR-0000289,PO-0000141,MAT-SEAL,908,each
MR-0000290,PO-0000141,MAT-PUMP-CAP,922,each
MR-0000291,PO-0000142,MAT-SEAL,652,each
MR-0000292,PO-0000142,MAT-PUMP-CAP,683,each
MR-0000293,PO-0000143,MAT-CARTON,945,each
MR-0000294,PO-0000143,MAT-LABEL,934,each
MR-0000295,PO-0000144,MAT-SEAL,1474,each
MR-0000296,PO-0000144,MAT-PUMP-CAP,1494,each
MR-0000297,PO-0000144,MAT-CARTON,1530,each
MR-0000298,PO-0000145,MAT-SEAL,669,each
MR-0000299,PO-0000145,MAT-PUMP-CAP,679,each
MR-0000300,PO-0000146,MAT-SEAL,1458,each
MR-0000301,PO-0000146,MAT-PUMP-CAP,1532,each
MR-0000302,PO-0000146,MAT-CARTON,1534,each
MR-0000303,PO-0000147,MAT-PUMP-CAP,1122,each
MR-0000304,PO-0000147,MAT-CARTON,1106,each
MR-0000305,PO-0000148,MAT-PUMP-CAP,820,each
MR-0000306,PO-0000148,MAT-CARTON,840,each
MR-0000307,PO-0000149,MAT-SEAL,920,each
MR-0000308,PO-0000149,MAT-PUMP-CAP,933,each
MR-0000309,PO-0000150,MAT-CARTON,701,each
MR-0000310,PO-0000150,MAT-LABEL,712,each
MR-0000311,PO-0000151,MAT-PUMP-CAP,1288,each
MR-0000312,PO-0000151,MAT-CARTON,1288,each
MR-0000313,PO-0000152,MAT-CARTON,1097,each
MR-0000314,PO-0000152,MAT-LABEL,1084,each
MR-0000315,PO-0000153,MAT-LABEL,767,each
MR-0000316,PO-0000153,MAT-BULK-CREAM,61.41,litre
MR-0000317,PO-0000154,MAT-PUMP-CAP,1171,each
MR-0000318,PO-0000154,MAT-CARTON,1161,each
MR-0000319,PO-0000155,MAT-SEAL,644,each
MR-0000320,PO-0000155,MAT-PUMP-CAP,652,each
MR-0000321,PO-0000156,MAT-LABEL,800,each
MR-0000322,PO-0000156,MAT-BULK-CREAM,64.52,litre
MR-0000323,PO-0000157,MAT-BULK-CREAM,70.46,litre
MR-0000324,PO-0000157,MAT-SEAL,852,each
MR-0000325,PO-0000158,MAT-BULK-CREAM,54.58,litre
MR-0000326,PO-0000158,MAT-SEAL,707,each
MR-0000327,PO-0000159,MAT-CARTON,1292,each
MR-0000328,PO-0000159,MAT-LABEL,1281,each
MR-0000329,PO-0000160,MAT-CARTON,782,each
MR-0000330,PO-0000160,MAT-LABEL,808,each
MR-0000331,PO-0000161,MAT-CARTON,652,each
MR-0000332,PO-0000161,MAT-LABEL,667,each
MR-0000333,PO-0000162,MAT-CARTON,862,each
MR-0000334,PO-0000162,MAT-LABEL,857,each
MR-0000335,PO-0000163,MAT-LABEL,1299,each
MR-0000336,PO-0000163,MAT-BULK-CREAM,99.71,litre
MR-0000337,PO-0000164,MAT-CARTON,666,each
MR-0000338,PO-0000164,MAT-LABEL,650,each
MR-0000339,PO-0000165,MAT-LABEL,1037,each
MR-0000340,PO-0000165,MAT-BULK-CREAM,82.57,litre
MR-0000341,PO-0000166,MAT-PUMP-CAP,945,each
MR-0000342,PO-0000166,MAT-CARTON,920,each
MR-0000343,PO-0000167,MAT-SEAL,742,each
MR-0000344,PO-0000167,MAT-PUMP-CAP,739,each
MR-0000345,PO-0000168,MAT-LABEL,805,each
MR-0000346,PO-0000168,MAT-BULK-CREAM,64.97,litre
MR-0000347,PO-0000169,MAT-SEAL,1136,each
MR-0000348,PO-0000169,MAT-PUMP-CAP,1158,each
MR-0000349,PO-0000170,MAT-SEAL,1034,each
MR-0000350,PO-0000170,MAT-PUMP-CAP,1070,each
MR-0000351,PO-0000171,MAT-PUMP-CAP,714,each
MR-0000352,PO-0000171,MAT-CARTON,693,each
MR-0000353,PO-0000172,MAT-CARTON,748,each
MR-0000354,PO-0000172,MAT-LABEL,720,each
MR-0000355,PO-0000173,MAT-LABEL,852,each
MR-0000356,PO-0000173,MAT-BULK-CREAM,65.28,litre
MR-0000357,PO-0000174,MAT-BULK-CREAM,65.65,litre
MR-0000358,PO-0000174,MAT-SEAL,819,each
MR-0000359,PO-0000175,MAT-SEAL,611,each
MR-0000360,PO-0000175,MAT-PUMP-CAP,622,each
MR-0000361,PO-0000176,MAT-PUMP-CAP,843,each
MR-0000362,PO-0000176,MAT-CARTON,832,each
MR-0000363,PO-0000177,MAT-BULK-CREAM,54.86,litre
MR-0000364,PO-0000177,MAT-SEAL,694,each
MR-0000365,PO-0000178,MAT-LABEL,866,each
MR-0000366,PO-0000178,MAT-BULK-CREAM,69.52,litre
MR-0000367,PO-0000179,MAT-PUMP-CAP,818,each
MR-0000368,PO-0000179,MAT-CARTON,779,each
MR-0000369,PO-0000180,MAT-SEAL,532,each
MR-0000370,PO-0000180,MAT-PUMP-CAP,549,each
MR-0000371,PO-0000181,MAT-CARTON,543,each
MR-0000372,PO-0000181,MAT-LABEL,528,each
MR-0000373,PO-0000182,MAT-BULK-CREAM,41.12,litre
MR-0000374,PO-0000182,MAT-SEAL,503,each
MR-0000375,PO-0000183,MAT-SEAL,763,each
MR-0000376,PO-0000183,MAT-PUMP-CAP,778,each
MR-0000377,PO-0000184,MAT-BULK-CREAM,68,litre
MR-0000378,PO-0000184,MAT-SEAL,876,each
MR-0000379,PO-0000185,MAT-LABEL,602,each
MR-0000380,PO-0000185,MAT-BULK-CREAM,47.97,litre
MR-0000381,PO-0000186,MAT-LABEL,724,each
MR-0000382,PO-0000186,MAT-BULK-CREAM,57.99,litre
MR-0000383,PO-0000187,MAT-PUMP-CAP,1004,each
MR-0000384,PO-0000187,MAT-CARTON,991,each
MR-0000385,PO-0000188,MAT-CARTON,491,each
MR-0000386,PO-0000188,MAT-LABEL,490,each
MR-0000387,PO-0000189,MAT-LABEL,1099,each
MR-0000388,PO-0000189,MAT-BULK-CREAM,86.66,litre
MR-0000389,PO-0000190,MAT-BULK-CREAM,85.5,litre
MR-0000390,PO-0000190,MAT-SEAL,1062,each
MR-0000391,PO-0000191,MAT-PUMP-CAP,811,each
MR-0000392,PO-0000191,MAT-CARTON,808,each
MR-0000393,PO-0000192,MAT-PUMP-CAP,509,each
MR-0000394,PO-0000192,MAT-CARTON,502,each
MR-0000395,PO-0000193,MAT-CARTON,612,each
MR-0000396,PO-0000193,MAT-LABEL,596,each
MR-0000397,PO-0000194,MAT-LABEL,1035,each
MR-0000398,PO-0000194,MAT-BULK-CREAM,81.83,litre
MR-0000399,PO-0000195,MAT-BULK-CREAM,89.56,litre
MR-0000400,PO-0000195,MAT-SEAL,1113,each
MR-0000401,PO-0000196,MAT-SEAL,1050,each
MR-0000402,PO-0000196,MAT-PUMP-CAP,1073,each
MR-0000403,PO-0000197,MAT-PUMP-CAP,1539,each
MR-0000404,PO-0000197,MAT-CARTON,1505,each
MR-0000405,PO-0000197,MAT-LABEL,1482,each
MR-0000406,PO-0000198,MAT-CARTON,1159,each
MR-0000407,PO-0000198,MAT-LABEL,1152,each
MR-0000408,PO-0000199,MAT-PUMP-CAP,1331,each
MR-0000409,PO-0000199,MAT-CARTON,1315,each
MR-0000410,PO-0000200,MAT-BULK-CREAM,93.76,litre
MR-0000411,PO-0000200,MAT-SEAL,1145,each
MR-0000412,PO-0000201,MAT-SEAL,1148,each
MR-0000413,PO-0000201,MAT-PUMP-CAP,1189,each
MR-0000414,PO-0000202,MAT-PUMP-CAP,720,each
MR-0000415,PO-0000202,MAT-CARTON,709,each
MR-0000416,PO-0000203,MAT-CARTON,1289,each
MR-0000417,PO-0000203,MAT-LABEL,1314,each
MR-0000418,PO-0000204,MAT-LABEL,1226,each
MR-0000419,PO-0000204,MAT-BULK-CREAM,100.75,litre
MR-0000420,PO-0000205,MAT-BULK-CREAM,101.43,litre
MR-0000421,PO-0000205,MAT-SEAL,1248,each
MR-0000422,PO-0000206,MAT-SEAL,953,each
MR-0000423,PO-0000206,MAT-PUMP-CAP,970,each
MR-0000424,PO-0000207,MAT-BULK-CREAM,102.39,litre
MR-0000425,PO-0000207,MAT-SEAL,1311,each
MR-0000426,PO-0000208,MAT-BULK-CREAM,130.07,litre
MR-0000427,PO-0000208,MAT-SEAL,1586,each
MR-0000428,PO-0000208,MAT-PUMP-CAP,1594,each
MR-0000429,PO-0000209,MAT-BULK-CREAM,55.84,litre
MR-0000430,PO-0000209,MAT-SEAL,704,each
MR-0000431,PO-0000210,MAT-BULK-CREAM,84.8,litre
MR-0000432,PO-0000210,MAT-SEAL,1093,each
MR-0000433,PO-0000211,MAT-SEAL,1304,each
MR-0000434,PO-0000211,MAT-PUMP-CAP,1362,each
MR-0000435,PO-0000212,MAT-CARTON,1195,each
MR-0000436,PO-0000212,MAT-LABEL,1202,each
MR-0000437,PO-0000213,MAT-LABEL,983,each
MR-0000438,PO-0000213,MAT-BULK-CREAM,79.17,litre
MR-0000439,PO-0000214,MAT-BULK-CREAM,92.43,litre
MR-0000440,PO-0000214,MAT-SEAL,1151,each
MR-0000441,PO-0000215,MAT-SEAL,1451,each
MR-0000442,PO-0000215,MAT-PUMP-CAP,1503,each
MR-0000443,PO-0000215,MAT-CARTON,1476,each
MR-0000444,PO-0000216,MAT-PUMP-CAP,1391,each
MR-0000445,PO-0000216,MAT-CARTON,1350,each
MR-0000446,PO-0000217,MAT-CARTON,859,each
MR-0000447,PO-0000217,MAT-LABEL,844,each
MR-0000448,PO-0000218,MAT-PUMP-CAP,1424,each
MR-0000449,PO-0000218,MAT-CARTON,1445,each
MR-0000450,PO-0000218,MAT-LABEL,1387,each
MR-0000451,PO-0000219,MAT-BULK-CREAM,116.27,litre
MR-0000452,PO-0000219,MAT-SEAL,1451,each
MR-0000453,PO-0000219,MAT-PUMP-CAP,1456,each
MR-0000454,PO-0000220,MAT-SEAL,1415,each
MR-0000455,PO-0000220,MAT-PUMP-CAP,1473,each
MR-0000456,PO-0000220,MAT-CARTON,1423,each
MR-0000457,PO-0000221,MAT-LABEL,820,each
MR-0000458,PO-0000221,MAT-BULK-CREAM,64.43,litre
MR-0000459,PO-0000222,MAT-SEAL,784,each
MR-0000460,PO-0000222,MAT-PUMP-CAP,799,each
MR-0000461,PO-0000223,MAT-LABEL,1035,each
MR-0000462,PO-0000223,MAT-BULK-CREAM,79.75,litre
MR-0000463,PO-0000224,MAT-BULK-CREAM,105.65,litre
MR-0000464,PO-0000224,MAT-SEAL,1342,each
MR-0000465,PO-0000225,MAT-PUMP-CAP,1044,each
MR-0000466,PO-0000225,MAT-CARTON,1040,each
MR-0000467,PO-0000226,MAT-PUMP-CAP,808,each
MR-0000468,PO-0000226,MAT-CARTON,818,each
MR-0000469,PO-0000227,MAT-CARTON,1211,each
MR-0000470,PO-0000227,MAT-LABEL,1201,each
MR-0000471,PO-0000228,MAT-LABEL,818,each
MR-0000472,PO-0000228,MAT-BULK-CREAM,65.71,litre
MR-0000473,PO-0000229,MAT-BULK-CREAM,63.88,litre
MR-0000474,PO-0000229,MAT-SEAL,835,each
MR-0000475,PO-0000230,MAT-SEAL,850,each
MR-0000476,PO-0000230,MAT-PUMP-CAP,867,each
MR-0000477,PO-0000231,MAT-PUMP-CAP,890,each
MR-0000478,PO-0000231,MAT-CARTON,888,each
MR-0000479,PO-0000232,MAT-SEAL,518,each
MR-0000480,PO-0000232,MAT-PUMP-CAP,514,each
MR-0000481,PO-0000233,MAT-LABEL,1019,each
MR-0000482,PO-0000233,MAT-BULK-CREAM,83.75,litre
MR-0000483,PO-0000234,MAT-SEAL,778,each
MR-0000484,PO-0000234,MAT-PUMP-CAP,808,each
MR-0000485,PO-0000235,MAT-SEAL,853,each
MR-0000486,PO-0000235,MAT-PUMP-CAP,858,each
MR-0000487,PO-0000236,MAT-LABEL,695,each
MR-0000488,PO-0000236,MAT-BULK-CREAM,55.01,litre
MR-0000489,PO-0000237,MAT-CARTON,426,each
MR-0000490,PO-0000237,MAT-LABEL,432,each
MR-0000491,PO-0000238,MAT-BULK-CREAM,36.54,litre
MR-0000492,PO-0000238,MAT-SEAL,473,each
MR-0000493,PO-0000239,MAT-BULK-CREAM,41.15,litre
MR-0000494,PO-0000239,MAT-SEAL,522,each
MR-0000495,PO-0000240,MAT-SEAL,472,each
MR-0000496,PO-0000240,MAT-PUMP-CAP,483,each
MR-0000497,PO-0000241,MAT-PUMP-CAP,642,each
MR-0000498,PO-0000241,MAT-CARTON,635,each
MR-0000499,PO-0000242,MAT-CARTON,522,each
MR-0000500,PO-0000242,MAT-LABEL,507,each
MR-0000501,PO-0000243,MAT-LABEL,903,each
MR-0000502,PO-0000243,MAT-BULK-CREAM,70.62,litre
MR-0000503,PO-0000244,MAT-BULK-CREAM,50.87,litre
MR-0000504,PO-0000244,MAT-SEAL,649,each
MR-0000505,PO-0000245,MAT-LABEL,521,each
MR-0000506,PO-0000245,MAT-BULK-CREAM,42.32,litre
MR-0000507,PO-0000246,MAT-PUMP-CAP,767,each
MR-0000508,PO-0000246,MAT-CARTON,756,each
MR-0000509,PO-0000247,MAT-BULK-CREAM,71.33,litre
MR-0000510,PO-0000247,MAT-SEAL,874,each
MR-0000511,PO-0000248,MAT-BULK-CREAM,48.34,litre
MR-0000512,PO-0000248,MAT-SEAL,582,each
MR-0000513,PO-0000249,MAT-BULK-CREAM,52.79,litre
MR-0000514,PO-0000249,MAT-SEAL,658,each
MR-0000515,PO-0000250,MAT-LABEL,564,each
MR-0000516,PO-0000250,MAT-BULK-CREAM,43.91,litre
MR-0000517,PO-0000251,MAT-BULK-CREAM,56.43,litre
MR-0000518,PO-0000251,MAT-SEAL,711,each
MR-0000519,PO-0000252,MAT-PUMP-CAP,538,each
MR-0000520,PO-0000252,MAT-CARTON,532,each
MR-0000521,PO-0000253,MAT-PUMP-CAP,744,each
MR-0000522,PO-0000253,MAT-CARTON,765,each
MR-0000523,PO-0000254,MAT-LABEL,651,each
MR-0000524,PO-0000254,MAT-BULK-CREAM,50.55,litre
MR-0000525,PO-0000255,MAT-CARTON,770,each
MR-0000526,PO-0000255,MAT-LABEL,762,each
MR-0000527,PO-0000256,MAT-SEAL,627,each
MR-0000528,PO-0000256,MAT-PUMP-CAP,631,each
MR-0000529,PO-0000257,MAT-SEAL,529,each
MR-0000530,PO-0000257,MAT-PUMP-CAP,540,each
MR-0000531,PO-0000258,MAT-CARTON,587,each
MR-0000532,PO-0000258,MAT-LABEL,564,each
MR-0000533,PO-0000259,MAT-BULK-CREAM,76.2,litre
MR-0000534,PO-0000259,MAT-SEAL,924,each
MR-0000535,PO-0000260,MAT-BULK-CREAM,71.67,litre
MR-0000536,PO-0000260,MAT-SEAL,875,each
MR-0000537,PO-0000261,MAT-PUMP-CAP,1363,each
MR-0000538,PO-0000261,MAT-CARTON,1321,each
MR-0000539,PO-0000262,MAT-PUMP-CAP,1504,each
MR-0000540,PO-0000262,MAT-CARTON,1480,each
MR-0000541,PO-0000262,MAT-LABEL,1508,each
MR-0000542,PO-0000263,MAT-CARTON,1126,each
MR-0000543,PO-0000263,MAT-LABEL,1100,each
MR-0000544,PO-0000264,MAT-LABEL,865,each
MR-0000545,PO-0000264,MAT-BULK-CREAM,70,litre
MR-0000546,PO-0000265,MAT-CARTON,712,each
MR-0000547,PO-0000265,MAT-LABEL,732,each
MR-0000548,PO-0000266,MAT-SEAL,786,each
MR-0000549,PO-0000266,MAT-PUMP-CAP,795,each
MR-0000550,PO-0000267,MAT-PUMP-CAP,759,each
MR-0000551,PO-0000267,MAT-CARTON,759,each
MR-0000552,PO-0000268,MAT-CARTON,801,each
MR-0000553,PO-0000268,MAT-LABEL,791,each
MR-0000554,PO-0000269,MAT-SEAL,974,each
MR-0000555,PO-0000269,MAT-PUMP-CAP,982,each
MR-0000556,PO-0000270,MAT-BULK-CREAM,115.19,litre
MR-0000557,PO-0000270,MAT-SEAL,1456,each
MR-0000558,PO-0000270,MAT-PUMP-CAP,1436,each
MR-0000559,PO-0000271,MAT-SEAL,917,each
MR-0000560,PO-0000271,MAT-PUMP-CAP,937,each
MR-0000561,PO-0000272,MAT-CARTON,929,each
MR-0000562,PO-0000272,MAT-LABEL,920,each
MR-0000563,PO-0000273,MAT-CARTON,810,each
MR-0000564,PO-0000273,MAT-LABEL,794,each
MR-0000565,PO-0000274,MAT-BULK-CREAM,129,litre
MR-0000566,PO-0000274,MAT-SEAL,1574,each
MR-0000567,PO-0000274,MAT-PUMP-CAP,1606,each
MR-0000568,PO-0000275,MAT-BULK-CREAM,115.14,litre
MR-0000569,PO-0000275,MAT-SEAL,1468,each
MR-0000570,PO-0000275,MAT-PUMP-CAP,1493,each
MR-0000571,PO-0000276,MAT-SEAL,1400,each
MR-0000572,PO-0000276,MAT-PUMP-CAP,1389,each
MR-0000573,PO-0000276,MAT-CARTON,1416,each
MR-0000574,PO-0000277,MAT-CARTON,1393,each
MR-0000575,PO-0000277,MAT-LABEL,1393,each
MR-0000576,PO-0000278,MAT-LABEL,1430,each
MR-0000577,PO-0000278,MAT-BULK-CREAM,115.25,litre
MR-0000578,PO-0000278,MAT-SEAL,1455,each
MR-0000579,PO-0000279,MAT-SEAL,755,each
MR-0000580,PO-0000279,MAT-PUMP-CAP,777,each
MR-0000581,PO-0000280,MAT-CARTON,652,each
MR-0000582,PO-0000280,MAT-LABEL,647,each
MR-0000583,PO-0000281,MAT-PUMP-CAP,831,each
MR-0000584,PO-0000281,MAT-CARTON,834,each
MR-0000585,PO-0000282,MAT-CARTON,963,each
MR-0000586,PO-0000282,MAT-LABEL,962,each
MR-0000587,PO-0000283,MAT-SEAL,1200,each
MR-0000588,PO-0000283,MAT-PUMP-CAP,1225,each
MR-0000589,PO-0000284,MAT-BULK-CREAM,108.28,litre
MR-0000590,PO-0000284,MAT-SEAL,1319,each
MR-0000591,PO-0000285,MAT-SEAL,1038,each
MR-0000592,PO-0000285,MAT-PUMP-CAP,1044,each
MR-0000593,PO-0000286,MAT-PUMP-CAP,664,each
MR-0000594,PO-0000286,MAT-CARTON,662,each
MR-0000595,PO-0000287,MAT-CARTON,870,each
MR-0000596,PO-0000287,MAT-LABEL,863,each
MR-0000597,PO-0000288,MAT-BULK-CREAM,68.65,litre
MR-0000598,PO-0000288,MAT-SEAL,855,each
MR-0000599,PO-0000289,MAT-SEAL,1251,each
MR-0000600,PO-0000289,MAT-PUMP-CAP,1265,each
MR-0000601,PO-0000290,MAT-SEAL,1420,each
MR-0000602,PO-0000290,MAT-PUMP-CAP,1436,each
MR-0000603,PO-0000290,MAT-CARTON,1386,each
MR-0000604,PO-0000291,MAT-PUMP-CAP,835,each
MR-0000605,PO-0000291,MAT-CARTON,811,each
MR-0000606,PO-0000292,MAT-CARTON,1380,each
MR-0000607,PO-0000292,MAT-LABEL,1353,each
MR-0000608,PO-0000293,MAT-LABEL,751,each
MR-0000609,PO-0000293,MAT-BULK-CREAM,60.64,litre
MR-0000610,PO-0000294,MAT-PUMP-CAP,867,each
MR-0000611,PO-0000294,MAT-CARTON,862,each
MR-0000612,PO-0000295,MAT-CARTON,971,each
MR-0000613,PO-0000295,MAT-LABEL,993,each
MR-0000614,PO-0000296,MAT-CARTON,607,each
MR-0000615,PO-0000296,MAT-LABEL,600,each
MR-0000616,PO-0000297,MAT-SEAL,525,each
MR-0000617,PO-0000297,MAT-PUMP-CAP,535,each
MR-0000618,PO-0000298,MAT-BULK-CREAM,42.94,litre
MR-0000619,PO-0000298,MAT-SEAL,533,each
MR-0000620,PO-0000299,MAT-PUMP-CAP,973,each
MR-0000621,PO-0000299,MAT-CARTON,969,each
MR-0000622,PO-0000300,MAT-CARTON,565,each
MR-0000623,PO-0000300,MAT-LABEL,566,each
MR-0000624,PO-0000301,MAT-CARTON,956,each
MR-0000625,PO-0000301,MAT-LABEL,942,each
MR-0000626,PO-0000302,MAT-CARTON,393,each
MR-0000627,PO-0000302,MAT-LABEL,404,each
MR-0000628,PO-0000303,MAT-LABEL,851,each
MR-0000629,PO-0000303,MAT-BULK-CREAM,67.27,litre
MR-0000630,PO-0000304,MAT-BULK-CREAM,73.64,litre
MR-0000631,PO-0000304,MAT-SEAL,910,each
MR-0000632,PO-0000305,MAT-SEAL,795,each
MR-0000633,PO-0000305,MAT-PUMP-CAP,811,each
MR-0000634,PO-0000306,MAT-PUMP-CAP,535,each
MR-0000635,PO-0000306,MAT-CARTON,541,each
MR-0000636,PO-0000307,MAT-CARTON,842,each
MR-0000637,PO-0000307,MAT-LABEL,830,each
MR-0000638,PO-0000308,MAT-LABEL,522,each
MR-0000639,PO-0000308,MAT-BULK-CREAM,43.41,litre
MR-0000640,PO-0000309,MAT-LABEL,783,each
MR-0000641,PO-0000309,MAT-BULK-CREAM,61.95,litre
MR-0000642,PO-0000310,MAT-SEAL,823,each
MR-0000643,PO-0000310,MAT-PUMP-CAP,835,each
MR-0000644,PO-0000311,MAT-PUMP-CAP,458,each
MR-0000645,PO-0000311,MAT-CARTON,466,each
MR-0000646,PO-0000312,MAT-LABEL,631,each
MR-0000647,PO-0000312,MAT-BULK-CREAM,50.11,litre
MR-0000648,PO-0000313,MAT-LABEL,828,each
MR-0000649,PO-0000313,MAT-BULK-CREAM,66.25,litre
MR-0000650,PO-0000314,MAT-SEAL,563,each
MR-0000651,PO-0000314,MAT-PUMP-CAP,587,each
MR-0000652,PO-0000315,MAT-LABEL,526,each
MR-0000653,PO-0000315,MAT-BULK-CREAM,42,litre
MR-0000654,PO-0000316,MAT-PUMP-CAP,784,each
MR-0000655,PO-0000316,MAT-CARTON,777,each
MR-0000656,PO-0000317,MAT-BULK-CREAM,43.55,litre
MR-0000657,PO-0000317,MAT-SEAL,548,each
MR-0000658,PO-0000318,MAT-LABEL,790,each
MR-0000659,PO-0000318,MAT-BULK-CREAM,64.25,litre
MR-0000660,PO-0000319,MAT-LABEL,535,each
MR-0000661,PO-0000319,MAT-BULK-CREAM,42.57,litre
MR-0000662,PO-0000320,MAT-BULK-CREAM,85.37,litre
MR-0000663,PO-0000320,MAT-SEAL,1089,each
MR-0000664,PO-0000321,MAT-SEAL,1125,each
MR-0000665,PO-0000321,MAT-PUMP-CAP,1112,each
MR-0000666,PO-0000322,MAT-PUMP-CAP,634,each
MR-0000667,PO-0000322,MAT-CARTON,650,each
MR-0000668,PO-0000323,MAT-BULK-CREAM,89.91,litre
MR-0000669,PO-0000323,MAT-SEAL,1112,each
MR-0000670,PO-0000324,MAT-LABEL,1073,each
MR-0000671,PO-0000324,MAT-BULK-CREAM,87.19,litre
MR-0000672,PO-0000325,MAT-BULK-CREAM,79.57,litre
MR-0000673,PO-0000325,MAT-SEAL,990,each
MR-0000674,PO-0000326,MAT-LABEL,724,each
MR-0000675,PO-0000326,MAT-BULK-CREAM,59.53,litre
MR-0000676,PO-0000327,MAT-PUMP-CAP,1355,each
MR-0000677,PO-0000327,MAT-CARTON,1370,each
MR-0000678,PO-0000328,MAT-PUMP-CAP,1479,each
MR-0000679,PO-0000328,MAT-CARTON,1446,each
MR-0000680,PO-0000328,MAT-LABEL,1406,each
MR-0000681,PO-0000329,MAT-PUMP-CAP,1169,each
MR-0000682,PO-0000329,MAT-CARTON,1188,each
MR-0000683,PO-0000330,MAT-BULK-CREAM,128.29,litre
MR-0000684,PO-0000330,MAT-SEAL,1584,each
MR-0000685,PO-0000330,MAT-PUMP-CAP,1616,each
MR-0000686,PO-0000331,MAT-SEAL,1281,each
MR-0000687,PO-0000331,MAT-PUMP-CAP,1354,each
MR-0000688,PO-0000332,MAT-PUMP-CAP,1552,each
MR-0000689,PO-0000332,MAT-CARTON,1533,each
MR-0000690,PO-0000332,MAT-LABEL,1493,each
MR-0000691,PO-0000333,MAT-CARTON,1512,each
MR-0000692,PO-0000333,MAT-LABEL,1519,each
MR-0000693,PO-0000333,MAT-BULK-CREAM,119.92,litre
MR-0000694,PO-0000334,MAT-BULK-CREAM,93.34,litre
MR-0000695,PO-0000334,MAT-SEAL,1156,each
MR-0000696,PO-0000335,MAT-LABEL,1236,each
MR-0000697,PO-0000335,MAT-BULK-CREAM,100.25,litre
MR-0000698,PO-0000336,MAT-SEAL,1039,each
MR-0000699,PO-0000336,MAT-PUMP-CAP,1046,each
MR-0000700,PO-0000337,MAT-CARTON,1163,each
MR-0000701,PO-0000337,MAT-LABEL,1136,each
MR-0000702,PO-0000338,MAT-PUMP-CAP,1386,each
MR-0000703,PO-0000338,MAT-CARTON,1357,each
MR-0000704,PO-0000339,MAT-LABEL,1227,each
MR-0000705,PO-0000339,MAT-BULK-CREAM,95.02,litre
MR-0000706,PO-0000340,MAT-BULK-CREAM,59.1,litre
MR-0000707,PO-0000340,MAT-SEAL,751,each
MR-0000708,PO-0000341,MAT-SEAL,1003,each
MR-0000709,PO-0000341,MAT-PUMP-CAP,1065,each
MR-0000710,PO-0000342,MAT-LABEL,800,each
MR-0000711,PO-0000342,MAT-BULK-CREAM,64.03,litre
MR-0000712,PO-0000343,MAT-LABEL,1039,each
MR-0000713,PO-0000343,MAT-BULK-CREAM,83,litre
MR-0000714,PO-0000344,MAT-PUMP-CAP,1483,each
MR-0000715,PO-0000344,MAT-CARTON,1459,each
MR-0000716,PO-0000344,MAT-LABEL,1449,each
MR-0000717,PO-0000345,MAT-SEAL,1012,each
MR-0000718,PO-0000345,MAT-PUMP-CAP,1073,each
MR-0000719,PO-0000346,MAT-PUMP-CAP,723,each
MR-0000720,PO-0000346,MAT-CARTON,710,each
MR-0000721,PO-0000347,MAT-CARTON,1424,each
MR-0000722,PO-0000347,MAT-LABEL,1389,each
MR-0000723,PO-0000347,MAT-BULK-CREAM,113.2,litre
MR-0000724,PO-0000348,MAT-LABEL,1064,each
MR-0000725,PO-0000348,MAT-BULK-CREAM,86.1,litre
MR-0000726,PO-0000349,MAT-BULK-CREAM,58.56,litre
MR-0000727,PO-0000349,MAT-SEAL,746,each
MR-0000728,PO-0000350,MAT-LABEL,1092,each
MR-0000729,PO-0000350,MAT-BULK-CREAM,90.07,litre
MR-0000730,PO-0000351,MAT-CARTON,817,each
MR-0000731,PO-0000351,MAT-LABEL,813,each
MR-0000732,PO-0000352,MAT-CARTON,1340,each
MR-0000733,PO-0000352,MAT-LABEL,1340,each
MR-0000734,PO-0000353,MAT-LABEL,644,each
MR-0000735,PO-0000353,MAT-BULK-CREAM,51.82,litre
MR-0000736,PO-0000354,MAT-BULK-CREAM,69.05,litre
MR-0000737,PO-0000354,MAT-SEAL,857,each
MR-0000738,PO-0000355,MAT-LABEL,986,each
MR-0000739,PO-0000355,MAT-BULK-CREAM,79.47,litre
MR-0000740,PO-0000356,MAT-CARTON,858,each
MR-0000741,PO-0000356,MAT-LABEL,867,each
MR-0000742,PO-0000357,MAT-BULK-CREAM,79.48,litre
MR-0000743,PO-0000357,MAT-SEAL,966,each
MR-0000744,PO-0000358,MAT-LABEL,570,each
MR-0000745,PO-0000358,MAT-BULK-CREAM,45.06,litre
MR-0000746,PO-0000359,MAT-BULK-CREAM,46.41,litre
MR-0000747,PO-0000359,MAT-SEAL,589,each
MR-0000748,PO-0000360,MAT-PUMP-CAP,972,each
MR-0000749,PO-0000360,MAT-CARTON,953,each
MR-0000750,PO-0000361,MAT-BULK-CREAM,90.4,litre
MR-0000751,PO-0000361,MAT-SEAL,1127,each
MR-0000752,PO-0000362,MAT-SEAL,574,each
MR-0000753,PO-0000362,MAT-PUMP-CAP,600,each
MR-0000754,PO-0000363,MAT-PUMP-CAP,1040,each
MR-0000755,PO-0000363,MAT-CARTON,1041,each
MR-0000756,PO-0000364,MAT-SEAL,1142,each
MR-0000757,PO-0000364,MAT-PUMP-CAP,1182,each
MR-0000758,PO-0000365,MAT-PUMP-CAP,604,each
MR-0000759,PO-0000365,MAT-CARTON,598,each
MR-0000760,PO-0000366,MAT-PUMP-CAP,693,each
MR-0000761,PO-0000366,MAT-CARTON,696,each
MR-0000762,PO-0000367,MAT-PUMP-CAP,891,each
MR-0000763,PO-0000367,MAT-CARTON,886,each
MR-0000764,PO-0000368,MAT-LABEL,513,each
MR-0000765,PO-0000368,MAT-BULK-CREAM,41.26,litre
MR-0000766,PO-0000369,MAT-BULK-CREAM,37.2,litre
MR-0000767,PO-0000369,MAT-SEAL,467,each
MR-0000768,PO-0000370,MAT-SEAL,490,each
MR-0000769,PO-0000370,MAT-PUMP-CAP,505,each
MR-0000770,PO-0000371,MAT-PUMP-CAP,429,each
MR-0000771,PO-0000371,MAT-CARTON,427,each
MR-0000772,PO-0000372,MAT-CARTON,765,each
MR-0000773,PO-0000372,MAT-LABEL,750,each
MR-0000774,PO-0000373,MAT-CARTON,446,each
MR-0000775,PO-0000373,MAT-LABEL,459,each
MR-0000776,PO-0000374,MAT-SEAL,578,each
MR-0000777,PO-0000374,MAT-PUMP-CAP,595,each
MR-0000778,PO-0000375,MAT-PUMP-CAP,849,each
MR-0000779,PO-0000375,MAT-CARTON,835,each
MR-0000780,PO-0000376,MAT-CARTON,721,each
MR-0000781,PO-0000376,MAT-LABEL,708,each
MR-0000782,PO-0000377,MAT-CARTON,935,each
MR-0000783,PO-0000377,MAT-LABEL,925,each
MR-0000784,PO-0000378,MAT-LABEL,719,each
MR-0000785,PO-0000378,MAT-BULK-CREAM,58.76,litre
MR-0000786,PO-0000379,MAT-BULK-CREAM,76.01,litre
MR-0000787,PO-0000379,MAT-SEAL,962,each
MR-0000788,PO-0000380,MAT-PUMP-CAP,983,each
MR-0000789,PO-0000380,MAT-CARTON,964,each
MR-0000790,PO-0000381,MAT-BULK-CREAM,73.06,litre
MR-0000791,PO-0000381,MAT-SEAL,908,each
MR-0000792,PO-0000382,MAT-PUMP-CAP,1001,each
MR-0000793,PO-0000382,MAT-CARTON,964,each
MR-0000794,PO-0000383,MAT-SEAL,932,each
MR-0000795,PO-0000383,MAT-PUMP-CAP,965,each
MR-0000796,PO-0000384,MAT-LABEL,697,each
MR-0000797,PO-0000384,MAT-BULK-CREAM,57.89,litre
MR-0000798,PO-0000385,MAT-BULK-CREAM,45.94,litre
MR-0000799,PO-0000385,MAT-SEAL,578,each
MR-0000800,PO-0000386,MAT-PUMP-CAP,1077,each
MR-0000801,PO-0000386,MAT-CARTON,1033,each
MR-0000802,PO-0000387,MAT-PUMP-CAP,519,each
MR-0000803,PO-0000387,MAT-CARTON,524,each
MR-0000804,PO-0000388,MAT-BULK-CREAM,87.13,litre
MR-0000805,PO-0000388,MAT-SEAL,1069,each
MR-0000806,PO-0000389,MAT-LABEL,691,each
MR-0000807,PO-0000389,MAT-BULK-CREAM,56.16,litre
MR-0000808,PO-0000390,MAT-BULK-CREAM,122.04,litre
MR-0000809,PO-0000390,MAT-SEAL,1509,each
MR-0000810,PO-0000390,MAT-PUMP-CAP,1498,each
MR-0000811,PO-0000391,MAT-SEAL,1511,each
MR-0000812,PO-0000391,MAT-PUMP-CAP,1544,each
MR-0000813,PO-0000391,MAT-CARTON,1516,each
MR-0000814,PO-0000392,MAT-PUMP-CAP,1253,each
MR-0000815,PO-0000392,MAT-CARTON,1274,each
MR-0000816,PO-0000393,MAT-CARTON,1538,each
MR-0000817,PO-0000393,MAT-LABEL,1470,each
MR-0000818,PO-0000393,MAT-BULK-CREAM,117.32,litre
MR-0000819,PO-0000394,MAT-LABEL,1094,each
MR-0000820,PO-0000394,MAT-BULK-CREAM,85.24,litre
MR-0000821,PO-0000395,MAT-SEAL,1515,each
MR-0000822,PO-0000395,MAT-PUMP-CAP,1549,each
MR-0000823,PO-0000395,MAT-CARTON,1503,each
MR-0000824,PO-0000396,MAT-SEAL,1570,each
MR-0000825,PO-0000396,MAT-PUMP-CAP,1586,each
MR-0000826,PO-0000396,MAT-CARTON,1555,each
MR-0000827,PO-0000397,MAT-PUMP-CAP,1379,each
MR-0000828,PO-0000397,MAT-CARTON,1399,each
MR-0000829,PO-0000398,MAT-CARTON,1138,each
MR-0000830,PO-0000398,MAT-LABEL,1133,each
MR-0000831,PO-0000399,MAT-LABEL,1174,each
MR-0000832,PO-0000399,MAT-BULK-CREAM,95.38,litre
MR-0000833,PO-0000400,MAT-BULK-CREAM,91.48,litre
MR-0000834,PO-0000400,MAT-SEAL,1148,each
MR-0000835,PO-0000401,MAT-SEAL,1544,each
MR-0000836,PO-0000401,MAT-PUMP-CAP,1585,each
MR-0000837,PO-0000401,MAT-CARTON,1577,each
MR-0000838,PO-0000402,MAT-PUMP-CAP,1216,each
MR-0000839,PO-0000402,MAT-CARTON,1220,each
MR-0000840,PO-0000403,MAT-CARTON,1600,each
MR-0000841,PO-0000403,MAT-LABEL,1549,each
MR-0000842,PO-0000403,MAT-BULK-CREAM,123.19,litre
MR-0000843,PO-0000404,MAT-LABEL,1475,each
MR-0000844,PO-0000404,MAT-BULK-CREAM,118.61,litre
MR-0000845,PO-0000404,MAT-SEAL,1486,each
MR-0000846,PO-0000405,MAT-BULK-CREAM,56.92,litre
MR-0000847,PO-0000405,MAT-SEAL,717,each
MR-0000848,PO-0000406,MAT-SEAL,1475,each
MR-0000849,PO-0000406,MAT-PUMP-CAP,1468,each
MR-0000850,PO-0000406,MAT-CARTON,1500,each
MR-0000851,PO-0000407,MAT-BULK-CREAM,74.53,litre
MR-0000852,PO-0000407,MAT-SEAL,935,each
MR-0000853,PO-0000408,MAT-SEAL,860,each
MR-0000854,PO-0000408,MAT-PUMP-CAP,851,each
MR-0000855,PO-0000409,MAT-BULK-CREAM,90.61,litre
MR-0000856,PO-0000409,MAT-SEAL,1129,each
MR-0000857,PO-0000410,MAT-LABEL,850,each
MR-0000858,PO-0000410,MAT-BULK-CREAM,66.63,litre
MR-0000859,PO-0000411,MAT-PUMP-CAP,1044,each
MR-0000860,PO-0000411,MAT-CARTON,1016,each
MR-0000861,PO-0000412,MAT-CARTON,781,each
MR-0000862,PO-0000412,MAT-LABEL,768,each
MR-0000863,PO-0000413,MAT-LABEL,1032,each
MR-0000864,PO-0000413,MAT-BULK-CREAM,80.65,litre
MR-0000865,PO-0000414,MAT-BULK-CREAM,52.98,litre
MR-0000866,PO-0000414,MAT-SEAL,660,each
MR-0000867,PO-0000415,MAT-CARTON,1256,each
MR-0000868,PO-0000415,MAT-LABEL,1256,each
MR-0000869,PO-0000416,MAT-BULK-CREAM,103.42,litre
MR-0000870,PO-0000416,MAT-SEAL,1270,each
MR-0000871,PO-0000417,MAT-CARTON,814,each
MR-0000872,PO-0000417,MAT-LABEL,814,each
MR-0000873,PO-0000418,MAT-LABEL,950,each
MR-0000874,PO-0000418,MAT-BULK-CREAM,74.57,litre
MR-0000875,PO-0000419,MAT-PUMP-CAP,957,each
MR-0000876,PO-0000419,MAT-CARTON,942,each
MR-0000877,PO-0000420,MAT-PUMP-CAP,819,each
MR-0000878,PO-0000420,MAT-CARTON,807,each
MR-0000879,PO-0000421,MAT-LABEL,819,each
MR-0000880,PO-0000421,MAT-BULK-CREAM,66.65,litre
MR-0000881,PO-0000422,MAT-LABEL,745,each
MR-0000882,PO-0000422,MAT-BULK-CREAM,63.13,litre
MR-0000883,PO-0000423,MAT-BULK-CREAM,97.53,litre
MR-0000884,PO-0000423,MAT-SEAL,1174,each
MR-0000885,PO-0000424,MAT-BULK-CREAM,93.5,litre
MR-0000886,PO-0000424,MAT-SEAL,1156,each
MR-0000887,PO-0000425,MAT-SEAL,683,each
MR-0000888,PO-0000425,MAT-PUMP-CAP,711,each
MR-0000889,PO-0000426,MAT-PUMP-CAP,1267,each
MR-0000890,PO-0000426,MAT-CARTON,1234,each
MR-0000891,PO-0000427,MAT-BULK-CREAM,44.42,litre
MR-0000892,PO-0000427,MAT-SEAL,556,each
MR-0000893,PO-0000428,MAT-SEAL,997,each
MR-0000894,PO-0000428,MAT-PUMP-CAP,1012,each
MR-0000895,PO-0000429,MAT-BULK-CREAM,81.42,litre
MR-0000896,PO-0000429,MAT-SEAL,1028,each
MR-0000897,PO-0000430,MAT-SEAL,562,each
MR-0000898,PO-0000430,MAT-PUMP-CAP,565,each
MR-0000899,PO-0000431,MAT-PUMP-CAP,617,each
MR-0000900,PO-0000431,MAT-CARTON,605,each
MR-0000901,PO-0000432,MAT-CARTON,414,each
MR-0000902,PO-0000432,MAT-LABEL,418,each
MR-0000903,PO-0000433,MAT-LABEL,483,each
MR-0000904,PO-0000433,MAT-BULK-CREAM,38.11,litre
MR-0000905,PO-0000434,MAT-BULK-CREAM,66.57,litre
MR-0000906,PO-0000434,MAT-SEAL,845,each
MR-0000907,PO-0000435,MAT-SEAL,898,each
MR-0000908,PO-0000435,MAT-PUMP-CAP,899,each
MR-0000909,PO-0000436,MAT-PUMP-CAP,661,each
MR-0000910,PO-0000436,MAT-CARTON,672,each
MR-0000911,PO-0000437,MAT-BULK-CREAM,53.49,litre
MR-0000912,PO-0000437,MAT-SEAL,660,each
MR-0000913,PO-0000438,MAT-SEAL,651,each
MR-0000914,PO-0000438,MAT-PUMP-CAP,654,each
MR-0000915,PO-0000439,MAT-BULK-CREAM,61.85,litre
MR-0000916,PO-0000439,MAT-SEAL,778,each
MR-0000917,PO-0000440,MAT-CARTON,775,each
MR-0000918,PO-0000440,MAT-LABEL,779,each
MR-0000919,PO-0000441,MAT-LABEL,508,each
MR-0000920,PO-0000441,MAT-BULK-CREAM,40.56,litre
MR-0000921,PO-0000442,MAT-LABEL,440,each
MR-0000922,PO-0000442,MAT-BULK-CREAM,35.14,litre
MR-0000923,PO-0000443,MAT-BULK-CREAM,45.27,litre
MR-0000924,PO-0000443,MAT-SEAL,554,each
MR-0000925,PO-0000444,MAT-CARTON,855,each
MR-0000926,PO-0000444,MAT-LABEL,832,each
MR-0000927,PO-0000445,MAT-BULK-CREAM,66.1,litre
MR-0000928,PO-0000445,MAT-SEAL,838,each
MR-0000929,PO-0000446,MAT-SEAL,628,each
MR-0000930,PO-0000446,MAT-PUMP-CAP,634,each
MR-0000931,PO-0000447,MAT-PUMP-CAP,661,each
MR-0000932,PO-0000447,MAT-CARTON,639,each
MR-0000933,PO-0000448,MAT-CARTON,1121,each
MR-0000934,PO-0000448,MAT-LABEL,1080,each
MR-0000935,PO-0000449,MAT-LABEL,614,each
MR-0000936,PO-0000449,MAT-BULK-CREAM,49,litre
MR-0000937,PO-0000450,MAT-BULK-CREAM,48.55,litre
MR-0000938,PO-0000450,MAT-SEAL,638,each
MR-0000939,PO-0000451,MAT-SEAL,1002,each
MR-0000940,PO-0000451,MAT-PUMP-CAP,1015,each
MR-0000941,PO-0000452,MAT-CARTON,704,each
MR-0000942,PO-0000452,MAT-LABEL,699,each
MR-0000943,PO-0000453,MAT-LABEL,541,each
MR-0000944,PO-0000453,MAT-BULK-CREAM,42.59,litre
MR-0000945,PO-0000454,MAT-LABEL,1186,each
MR-0000946,PO-0000454,MAT-BULK-CREAM,94.57,litre
MR-0000947,PO-0000455,MAT-CARTON,1582,each
MR-0000948,PO-0000455,MAT-LABEL,1627,each
MR-0000949,PO-0000455,MAT-BULK-CREAM,124.89,litre
MR-0000950,PO-0000456,MAT-SEAL,725,each
MR-0000951,PO-0000456,MAT-PUMP-CAP,757,each
MR-0000952,PO-0000457,MAT-CARTON,1115,each
MR-0000953,PO-0000457,MAT-LABEL,1090,each
MR-0000954,PO-0000458,MAT-CARTON,1477,each
MR-0000955,PO-0000458,MAT-LABEL,1488,each
MR-0000956,PO-0000458,MAT-BULK-CREAM,119.49,litre
MR-0000957,PO-0000459,MAT-LABEL,1287,each
MR-0000958,PO-0000459,MAT-BULK-CREAM,102.86,litre
MR-0000959,PO-0000460,MAT-BULK-CREAM,75.68,litre
MR-0000960,PO-0000460,MAT-SEAL,951,each
MR-0000961,PO-0000461,MAT-PUMP-CAP,1454,each
MR-0000962,PO-0000461,MAT-CARTON,1474,each
MR-0000963,PO-0000461,MAT-LABEL,1447,each
MR-0000964,PO-0000462,MAT-PUMP-CAP,744,each
MR-0000965,PO-0000462,MAT-CARTON,758,each
MR-0000966,PO-0000463,MAT-CARTON,1571,each
MR-0000967,PO-0000463,MAT-LABEL,1520,each
MR-0000968,PO-0000463,MAT-BULK-CREAM,121.08,litre
MR-0000969,PO-0000464,MAT-BULK-CREAM,93.12,litre
MR-0000970,PO-0000464,MAT-SEAL,1150,each
MR-0000971,PO-0000465,MAT-SEAL,1001,each
MR-0000972,PO-0000465,MAT-PUMP-CAP,991,each
MR-0000973,PO-0000466,MAT-SEAL,1146,each
MR-0000974,PO-0000466,MAT-PUMP-CAP,1198,each
MR-0000975,PO-0000467,MAT-PUMP-CAP,1581,each
MR-0000976,PO-0000467,MAT-CARTON,1624,each
MR-0000977,PO-0000467,MAT-LABEL,1536,each
MR-0000978,PO-0000468,MAT-CARTON,959,each
MR-0000979,PO-0000468,MAT-LABEL,916,each
MR-0000980,PO-0000469,MAT-BULK-CREAM,98.84,litre
MR-0000981,PO-0000469,MAT-SEAL,1201,each
MR-0000982,PO-0000470,MAT-BULK-CREAM,73.02,litre
MR-0000983,PO-0000470,MAT-SEAL,901,each
MR-0000984,PO-0000471,MAT-PUMP-CAP,1246,each
MR-0000985,PO-0000471,MAT-CARTON,1232,each
MR-0000986,PO-0000472,MAT-SEAL,1000,each
MR-0000987,PO-0000472,MAT-PUMP-CAP,1045,each
MR-0000988,PO-0000473,MAT-SEAL,907,each
MR-0000989,PO-0000473,MAT-PUMP-CAP,918,each
MR-0000990,PO-0000474,MAT-BULK-CREAM,78.97,litre
MR-0000991,PO-0000474,MAT-SEAL,974,each
MR-0000992,PO-0000475,MAT-SEAL,905,each
MR-0000993,PO-0000475,MAT-PUMP-CAP,885,each
MR-0000994,PO-0000476,MAT-BULK-CREAM,103.68,litre
MR-0000995,PO-0000476,MAT-SEAL,1305,each
MR-0000996,PO-0000477,MAT-BULK-CREAM,54.94,litre
MR-0000997,PO-0000477,MAT-SEAL,696,each
MR-0000998,PO-0000478,MAT-LABEL,945,each
MR-0000999,PO-0000478,MAT-BULK-CREAM,75.88,litre
MR-0001000,PO-0000479,MAT-SEAL,1275,each
MR-0001001,PO-0000479,MAT-PUMP-CAP,1293,each
MR-0001002,PO-0000480,MAT-SEAL,930,each
MR-0001003,PO-0000480,MAT-PUMP-CAP,938,each
MR-0001004,PO-0000481,MAT-PUMP-CAP,1184,each
MR-0001005,PO-0000481,MAT-CARTON,1180,each
MR-0001006,PO-0000482,MAT-CARTON,1056,each
MR-0001007,PO-0000482,MAT-LABEL,1065,each
MR-0001008,PO-0000483,MAT-CARTON,821,each
MR-0001009,PO-0000483,MAT-LABEL,833,each
MR-0001010,PO-0000484,MAT-BULK-CREAM,107.79,litre
MR-0001011,PO-0000484,MAT-SEAL,1250,each
MR-0001012,PO-0000485,MAT-SEAL,1026,each
MR-0001013,PO-0000485,MAT-PUMP-CAP,1058,each
MR-0001014,PO-0000486,MAT-BULK-CREAM,43.43,litre
MR-0001015,PO-0000486,MAT-SEAL,546,each
MR-0001016,PO-0000487,MAT-SEAL,736,each
MR-0001017,PO-0000487,MAT-PUMP-CAP,777,each
MR-0001018,PO-0000488,MAT-LABEL,562,each
MR-0001019,PO-0000488,MAT-BULK-CREAM,46.28,litre
MR-0001020,PO-0000489,MAT-PUMP-CAP,1146,each
MR-0001021,PO-0000489,MAT-CARTON,1109,each
MR-0001022,PO-0000490,MAT-LABEL,898,each
MR-0001023,PO-0000490,MAT-BULK-CREAM,73.93,litre
MR-0001024,PO-0000491,MAT-BULK-CREAM,55.94,litre
MR-0001025,PO-0000491,MAT-SEAL,696,each
MR-0001026,PO-0000492,MAT-BULK-CREAM,91.34,litre
MR-0001027,PO-0000492,MAT-SEAL,1110,each
MR-0001028,PO-0000493,MAT-PUMP-CAP,643,each
MR-0001029,PO-0000493,MAT-CARTON,635,each
MR-0001030,PO-0000494,MAT-BULK-CREAM,44.11,litre
MR-0001031,PO-0000494,MAT-SEAL,537,each
MR-0001032,PO-0000495,MAT-PUMP-CAP,606,each
MR-0001033,PO-0000495,MAT-CARTON,612,each
MR-0001034,PO-0000496,MAT-PUMP-CAP,773,each
MR-0001035,PO-0000496,MAT-CARTON,767,each
MR-0001036,PO-0000497,MAT-CARTON,874,each
MR-0001037,PO-0000497,MAT-LABEL,835,each
MR-0001038,PO-0000498,MAT-BULK-CREAM,40.38,litre
MR-0001039,PO-0000498,MAT-SEAL,499,each
MR-0001040,PO-0000499,MAT-SEAL,816,each
MR-0001041,PO-0000499,MAT-PUMP-CAP,853,each
MR-0001042,PO-0000500,MAT-SEAL,634,each
MR-0001043,PO-0000500,MAT-PUMP-CAP,655,each
MR-0001044,PO-0000501,MAT-CARTON,850,each
MR-0001045,PO-0000501,MAT-LABEL,866,each
MR-0001046,PO-0000502,MAT-BULK-CREAM,34.54,litre
MR-0001047,PO-0000502,MAT-SEAL,422,each
MR-0001048,PO-0000503,MAT-BULK-CREAM,49.65,litre
MR-0001049,PO-0000503,MAT-SEAL,613,each
MR-0001050,PO-0000504,MAT-PUMP-CAP,898,each
MR-0001051,PO-0000504,MAT-CARTON,895,each
MR-0001052,PO-0000505,MAT-SEAL,632,each
MR-0001053,PO-0000505,MAT-PUMP-CAP,628,each
MR-0001054,PO-0000506,MAT-LABEL,936,each
MR-0001055,PO-0000506,MAT-BULK-CREAM,72.99,litre
MR-0001056,PO-0000507,MAT-PUMP-CAP,435,each
MR-0001057,PO-0000507,MAT-CARTON,426,each
MR-0001058,PO-0000508,MAT-PUMP-CAP,573,each
MR-0001059,PO-0000508,MAT-CARTON,563,each
MR-0001060,PO-0000509,MAT-LABEL,1030,each
MR-0001061,PO-0000509,MAT-BULK-CREAM,79.73,litre
MR-0001062,PO-0000510,MAT-BULK-CREAM,68.52,litre
MR-0001063,PO-0000510,MAT-SEAL,865,each
MR-0001064,PO-0000511,MAT-SEAL,1079,each
MR-0001065,PO-0000511,MAT-PUMP-CAP,1104,each
MR-0001066,PO-0000512,MAT-PUMP-CAP,641,each
MR-0001067,PO-0000512,MAT-CARTON,644,each
MR-0001068,PO-0000513,MAT-CARTON,1114,each
MR-0001069,PO-0000513,MAT-LABEL,1059,each
MR-0001070,PO-0000514,MAT-LABEL,635,each
MR-0001071,PO-0000514,MAT-BULK-CREAM,49.52,litre
MR-0001072,PO-0000515,MAT-BULK-CREAM,52.12,litre
MR-0001073,PO-0000515,MAT-SEAL,659,each
MR-0001074,PO-0000516,MAT-SEAL,967,each
MR-0001075,PO-0000516,MAT-PUMP-CAP,984,each
MR-0001076,PO-0000517,MAT-PUMP-CAP,695,each
MR-0001077,PO-0000517,MAT-CARTON,660,each
MR-0001078,PO-0000518,MAT-CARTON,879,each
MR-0001079,PO-0000518,MAT-LABEL,828,each
MR-0001080,PO-0000519,MAT-LABEL,1500,each
MR-0001081,PO-0000519,MAT-BULK-CREAM,117.87,litre
MR-0001082,PO-0000519,MAT-SEAL,1481,each
MR-0001083,PO-0000520,MAT-SEAL,705,each
MR-0001084,PO-0000520,MAT-PUMP-CAP,705,each
MR-0001085,PO-0000521,MAT-SEAL,848,each
MR-0001086,PO-0000521,MAT-PUMP-CAP,862,each
MR-0001087,PO-0000522,MAT-SEAL,916,each
MR-0001088,PO-0000522,MAT-PUMP-CAP,960,each
MR-0001089,PO-0000523,MAT-CARTON,962,each
MR-0001090,PO-0000523,MAT-LABEL,942,each
MR-0001091,PO-0000524,MAT-BULK-CREAM,71.91,litre
MR-0001092,PO-0000524,MAT-SEAL,866,each
MR-0001093,PO-0000525,MAT-BULK-CREAM,58.73,litre
MR-0001094,PO-0000525,MAT-SEAL,722,each
MR-0001095,PO-0000526,MAT-SEAL,1350,each
MR-0001096,PO-0000526,MAT-PUMP-CAP,1386,each
MR-0001097,PO-0000527,MAT-PUMP-CAP,1514,each
MR-0001098,PO-0000527,MAT-CARTON,1505,each
MR-0001099,PO-0000527,MAT-LABEL,1477,each
MR-0001100,PO-0000528,MAT-CARTON,1358,each
MR-0001101,PO-0000528,MAT-LABEL,1401,each
MR-0001102,PO-0000529,MAT-LABEL,1293,each
MR-0001103,PO-0000529,MAT-BULK-CREAM,102.52,litre
MR-0001104,PO-0000530,MAT-BULK-CREAM,120.46,litre
MR-0001105,PO-0000530,MAT-SEAL,1510,each
MR-0001106,PO-0000530,MAT-PUMP-CAP,1528,each
MR-0001107,PO-0000531,MAT-SEAL,671,each
MR-0001108,PO-0000531,MAT-PUMP-CAP,704,each
MR-0001109,PO-0000532,MAT-PUMP-CAP,855,each
MR-0001110,PO-0000532,MAT-CARTON,837,each
MR-0001111,PO-0000533,MAT-CARTON,1443,each
MR-0001112,PO-0000533,MAT-LABEL,1463,each
MR-0001113,PO-0000533,MAT-BULK-CREAM,111.46,litre
MR-0001114,PO-0000534,MAT-SEAL,1276,each
MR-0001115,PO-0000534,MAT-PUMP-CAP,1301,each
MR-0001116,PO-0000535,MAT-PUMP-CAP,1528,each
MR-0001117,PO-0000535,MAT-CARTON,1523,each
MR-0001118,PO-0000535,MAT-LABEL,1529,each
MR-0001119,PO-0000536,MAT-PUMP-CAP,762,each
MR-0001120,PO-0000536,MAT-CARTON,739,each
MR-0001121,PO-0000537,MAT-CARTON,909,each
MR-0001122,PO-0000537,MAT-LABEL,873,each
MR-0001123,PO-0000538,MAT-PUMP-CAP,1474,each
MR-0001124,PO-0000538,MAT-CARTON,1488,each
MR-0001125,PO-0000538,MAT-LABEL,1459,each
MR-0001126,PO-0000539,MAT-BULK-CREAM,95.1,litre
MR-0001127,PO-0000539,MAT-SEAL,1207,each
MR-0001128,PO-0000540,MAT-LABEL,726,each
MR-0001129,PO-0000540,MAT-BULK-CREAM,57.9,litre
MR-0001130,PO-0000541,MAT-PUMP-CAP,1401,each
MR-0001131,PO-0000541,MAT-CARTON,1349,each
MR-0001132,PO-0000542,MAT-SEAL,1170,each
MR-0001133,PO-0000542,MAT-PUMP-CAP,1219,each
MR-0001134,PO-0000543,MAT-LABEL,1417,each
MR-0001135,PO-0000543,MAT-BULK-CREAM,114.42,litre
MR-0001136,PO-0000543,MAT-SEAL,1429,each
MR-0001137,PO-0000544,MAT-BULK-CREAM,94.44,litre
MR-0001138,PO-0000544,MAT-SEAL,1171,each
MR-0001139,PO-0000545,MAT-SEAL,1087,each
MR-0001140,PO-0000545,MAT-PUMP-CAP,1136,each
MR-0001141,PO-0000546,MAT-LABEL,947,each
MR-0001142,PO-0000546,MAT-BULK-CREAM,77.74,litre
MR-0001143,PO-0000547,MAT-LABEL,639,each
MR-0001144,PO-0000547,MAT-BULK-CREAM,51.97,litre
MR-0001145,PO-0000548,MAT-SEAL,1178,each
MR-0001146,PO-0000548,MAT-PUMP-CAP,1194,each
MR-0001147,PO-0000549,MAT-BULK-CREAM,68.38,litre
MR-0001148,PO-0000549,MAT-SEAL,833,each
MR-0001149,PO-0000550,MAT-SEAL,988,each
MR-0001150,PO-0000550,MAT-PUMP-CAP,1013,each
MR-0001151,PO-0000551,MAT-LABEL,1079,each
MR-0001152,PO-0000551,MAT-BULK-CREAM,82.88,litre
MR-0001153,PO-0000552,MAT-SEAL,826,each
MR-0001154,PO-0000552,MAT-PUMP-CAP,834,each
MR-0001155,PO-0000553,MAT-BULK-CREAM,79.75,litre
MR-0001156,PO-0000553,MAT-SEAL,1001,each
MR-0001157,PO-0000554,MAT-BULK-CREAM,63.06,litre
MR-0001158,PO-0000554,MAT-SEAL,789,each
MR-0001159,PO-0000555,MAT-PUMP-CAP,1045,each
MR-0001160,PO-0000555,MAT-CARTON,1016,each
MR-0001161,PO-0000556,MAT-CARTON,822,each
MR-0001162,PO-0000556,MAT-LABEL,814,each
MR-0001163,PO-0000557,MAT-CARTON,1019,each
MR-0001164,PO-0000557,MAT-LABEL,991,each
MR-0001165,PO-0000558,MAT-LABEL,705,each
MR-0001166,PO-0000558,MAT-BULK-CREAM,55.86,litre
MR-0001167,PO-0000559,MAT-SEAL,494,each
MR-0001168,PO-0000559,MAT-PUMP-CAP,498,each
MR-0001169,PO-0000560,MAT-SEAL,646,each
MR-0001170,PO-0000560,MAT-PUMP-CAP,659,each
MR-0001171,PO-0000561,MAT-SEAL,688,each
MR-0001172,PO-0000561,MAT-PUMP-CAP,712,each
MR-0001173,PO-0000562,MAT-CARTON,527,each
MR-0001174,PO-0000562,MAT-LABEL,528,each
MR-0001175,PO-0000563,MAT-LABEL,490,each
MR-0001176,PO-0000563,MAT-BULK-CREAM,38.06,litre
MR-0001177,PO-0000564,MAT-BULK-CREAM,60.66,litre
MR-0001178,PO-0000564,MAT-SEAL,763,each
MR-0001179,PO-0000565,MAT-SEAL,417,each
MR-0001180,PO-0000565,MAT-PUMP-CAP,441,each
MR-0001181,PO-0000566,MAT-PUMP-CAP,456,each
MR-0001182,PO-0000566,MAT-CARTON,441,each
MR-0001183,PO-0000567,MAT-CARTON,651,each
MR-0001184,PO-0000567,MAT-LABEL,635,each
MR-0001185,PO-0000568,MAT-SEAL,820,each
MR-0001186,PO-0000568,MAT-PUMP-CAP,851,each
MR-0001187,PO-0000569,MAT-CARTON,809,each
MR-0001188,PO-0000569,MAT-LABEL,810,each
MR-0001189,PO-0000570,MAT-PUMP-CAP,936,each
MR-0001190,PO-0000570,MAT-CARTON,954,each
MR-0001191,PO-0000571,MAT-PUMP-CAP,976,each
MR-0001192,PO-0000571,MAT-CARTON,969,each
MR-0001193,PO-0000572,MAT-CARTON,793,each
MR-0001194,PO-0000572,MAT-LABEL,774,each
MR-0001195,PO-0000573,MAT-SEAL,571,each
MR-0001196,PO-0000573,MAT-PUMP-CAP,573,each
MR-0001197,PO-0000574,MAT-LABEL,798,each
MR-0001198,PO-0000574,MAT-BULK-CREAM,62.88,litre
MR-0001199,PO-0000575,MAT-BULK-CREAM,56.48,litre
MR-0001200,PO-0000575,MAT-SEAL,681,each
MR-0001201,PO-0000576,MAT-SEAL,604,each
MR-0001202,PO-0000576,MAT-PUMP-CAP,619,each
MR-0001203,PO-0000577,MAT-PUMP-CAP,661,each
MR-0001204,PO-0000577,MAT-CARTON,641,each
MR-0001205,PO-0000578,MAT-LABEL,740,each
MR-0001206,PO-0000578,MAT-BULK-CREAM,59.65,litre
MR-0001207,PO-0000579,MAT-LABEL,981,each
MR-0001208,PO-0000579,MAT-BULK-CREAM,77.54,litre
MR-0001209,PO-0000580,MAT-BULK-CREAM,87.41,litre
MR-0001210,PO-0000580,MAT-SEAL,1134,each
MR-0001211,PO-0000581,MAT-PUMP-CAP,1023,each
MR-0001212,PO-0000581,MAT-CARTON,1017,each
MR-0001213,PO-0000582,MAT-LABEL,1050,each
MR-0001214,PO-0000582,MAT-BULK-CREAM,85.34,litre
MR-0001215,PO-0000583,MAT-CARTON,1347,each
MR-0001216,PO-0000583,MAT-LABEL,1337,each
MR-0001217,PO-0000584,MAT-LABEL,865,each
MR-0001218,PO-0000584,MAT-BULK-CREAM,70.64,litre
MR-0001219,PO-0000585,MAT-BULK-CREAM,57.96,litre
MR-0001220,PO-0000585,MAT-SEAL,714,each
MR-0001221,PO-0000586,MAT-SEAL,1447,each
MR-0001222,PO-0000586,MAT-PUMP-CAP,1492,each
MR-0001223,PO-0000586,MAT-CARTON,1511,each
MR-0001224,PO-0000587,MAT-PUMP-CAP,883,each
MR-0001225,PO-0000587,MAT-CARTON,868,each
MR-0001226,PO-0000588,MAT-CARTON,1514,each
MR-0001227,PO-0000588,MAT-LABEL,1566,each
MR-0001228,PO-0000588,MAT-BULK-CREAM,122.58,litre
MR-0001229,PO-0000589,MAT-BULK-CREAM,60.37,litre
MR-0001230,PO-0000589,MAT-SEAL,748,each
MR-0001231,PO-0000590,MAT-BULK-CREAM,106.91,litre
MR-0001232,PO-0000590,MAT-SEAL,1327,each
MR-0001233,PO-0000591,MAT-SEAL,653,each
MR-0001234,PO-0000591,MAT-PUMP-CAP,671,each
MR-0001235,PO-0000592,MAT-PUMP-CAP,1228,each
MR-0001236,PO-0000592,MAT-CARTON,1171,each
MR-0001237,PO-0000593,MAT-BULK-CREAM,79.28,litre
MR-0001238,PO-0000593,MAT-SEAL,979,each
MR-0001239,PO-0000594,MAT-BULK-CREAM,107.61,litre
MR-0001240,PO-0000594,MAT-SEAL,1355,each
MR-0001241,PO-0000595,MAT-CARTON,1128,each
MR-0001242,PO-0000595,MAT-LABEL,1097,each
MR-0001243,PO-0000596,MAT-SEAL,821,each
MR-0001244,PO-0000596,MAT-PUMP-CAP,830,each
MR-0001245,PO-0000597,MAT-PUMP-CAP,856,each
MR-0001246,PO-0000597,MAT-CARTON,869,each
MR-0001247,PO-0000598,MAT-CARTON,1444,each
MR-0001248,PO-0000598,MAT-LABEL,1423,each
MR-0001249,PO-0000598,MAT-BULK-CREAM,112.26,litre
MR-0001250,PO-0000599,MAT-LABEL,871,each
MR-0001251,PO-0000599,MAT-BULK-CREAM,71.03,litre
MR-0001252,PO-0000600,MAT-BULK-CREAM,94.99,litre
MR-0001253,PO-0000600,MAT-SEAL,1186,each
MR-0001254,PO-0000601,MAT-PUMP-CAP,614,each
MR-0001255,PO-0000601,MAT-CARTON,619,each
MR-0001256,PO-0000602,MAT-BULK-CREAM,54.86,litre
MR-0001257,PO-0000602,MAT-SEAL,676,each
MR-0001258,PO-0000603,MAT-LABEL,1032,each
MR-0001259,PO-0000603,MAT-BULK-CREAM,80.82,litre
MR-0001260,PO-0000604,MAT-PUMP-CAP,846,each
MR-0001261,PO-0000604,MAT-CARTON,824,each
MR-0001262,PO-0000605,MAT-SEAL,892,each
MR-0001263,PO-0000605,MAT-PUMP-CAP,944,each
MR-0001264,PO-0000606,MAT-BULK-CREAM,64.53,litre
MR-0001265,PO-0000606,MAT-SEAL,836,each
MR-0001266,PO-0000607,MAT-CARTON,944,each
MR-0001267,PO-0000607,MAT-LABEL,952,each
MR-0001268,PO-0000608,MAT-LABEL,791,each
MR-0001269,PO-0000608,MAT-BULK-CREAM,60.29,litre
MR-0001270,PO-0000609,MAT-SEAL,768,each
MR-0001271,PO-0000609,MAT-PUMP-CAP,771,each
MR-0001272,PO-0000610,MAT-LABEL,833,each
MR-0001273,PO-0000610,MAT-BULK-CREAM,68.46,litre
MR-0001274,PO-0000611,MAT-PUMP-CAP,1268,each
MR-0001275,PO-0000611,MAT-CARTON,1259,each
MR-0001276,PO-0000612,MAT-CARTON,1256,each
MR-0001277,PO-0000612,MAT-LABEL,1202,each
MR-0001278,PO-0000613,MAT-LABEL,785,each
MR-0001279,PO-0000613,MAT-BULK-CREAM,61.87,litre
MR-0001280,PO-0000614,MAT-PUMP-CAP,1248,each
MR-0001281,PO-0000614,MAT-CARTON,1255,each
MR-0001282,PO-0000615,MAT-SEAL,1011,each
MR-0001283,PO-0000615,MAT-PUMP-CAP,1008,each
MR-0001284,PO-0000616,MAT-PUMP-CAP,641,each
MR-0001285,PO-0000616,MAT-CARTON,640,each
MR-0001286,PO-0000617,MAT-LABEL,1070,each
MR-0001287,PO-0000617,MAT-BULK-CREAM,88.42,litre
MR-0001288,PO-0000618,MAT-PUMP-CAP,1160,each
MR-0001289,PO-0000618,MAT-CARTON,1175,each
MR-0001290,PO-0000619,MAT-PUMP-CAP,881,each
MR-0001291,PO-0000619,MAT-CARTON,888,each
MR-0001292,PO-0000620,MAT-CARTON,713,each
MR-0001293,PO-0000620,MAT-LABEL,711,each
MR-0001294,PO-0000621,MAT-PUMP-CAP,586,each
MR-0001295,PO-0000621,MAT-CARTON,599,each
MR-0001296,PO-0000622,MAT-LABEL,972,each
MR-0001297,PO-0000622,MAT-BULK-CREAM,73.74,litre
MR-0001298,PO-0000623,MAT-PUMP-CAP,560,each
MR-0001299,PO-0000623,MAT-CARTON,529,each
MR-0001300,PO-0000624,MAT-CARTON,934,each
MR-0001301,PO-0000624,MAT-LABEL,920,each
MR-0001302,PO-0000625,MAT-SEAL,430,each
MR-0001303,PO-0000625,MAT-PUMP-CAP,436,each
MR-0001304,PO-0000626,MAT-PUMP-CAP,576,each
MR-0001305,PO-0000626,MAT-CARTON,570,each
MR-0001306,PO-0000627,MAT-LABEL,617,each
MR-0001307,PO-0000627,MAT-BULK-CREAM,49.76,litre
MR-0001308,PO-0000628,MAT-CARTON,580,each
MR-0001309,PO-0000628,MAT-LABEL,568,each
MR-0001310,PO-0000629,MAT-LABEL,836,each
MR-0001311,PO-0000629,MAT-BULK-CREAM,68.26,litre
MR-0001312,PO-0000630,MAT-SEAL,436,each
MR-0001313,PO-0000630,MAT-PUMP-CAP,459,each
MR-0001314,PO-0000631,MAT-PUMP-CAP,501,each
MR-0001315,PO-0000631,MAT-CARTON,491,each
MR-0001316,PO-0000632,MAT-LABEL,517,each
MR-0001317,PO-0000632,MAT-BULK-CREAM,41.82,litre
MR-0001318,PO-0000633,MAT-LABEL,759,each
MR-0001319,PO-0000633,MAT-BULK-CREAM,60.11,litre
MR-0001320,PO-0000634,MAT-BULK-CREAM,73.47,litre
MR-0001321,PO-0000634,MAT-SEAL,885,each
MR-0001322,PO-0000635,MAT-CARTON,934,each
MR-0001323,PO-0000635,MAT-LABEL,890,each
MR-0001324,PO-0000636,MAT-LABEL,446,each
MR-0001325,PO-0000636,MAT-BULK-CREAM,34.99,litre
MR-0001326,PO-0000637,MAT-SEAL,902,each
MR-0001327,PO-0000637,MAT-PUMP-CAP,932,each
MR-0001328,PO-0000638,MAT-PUMP-CAP,463,each
MR-0001329,PO-0000638,MAT-CARTON,456,each
MR-0001330,PO-0000639,MAT-BULK-CREAM,43.6,litre
MR-0001331,PO-0000639,MAT-SEAL,549,each
MR-0001332,PO-0000640,MAT-BULK-CREAM,75.53,litre
MR-0001333,PO-0000640,MAT-SEAL,942,each
MR-0001334,PO-0000641,MAT-SEAL,620,each
MR-0001335,PO-0000641,MAT-PUMP-CAP,655,each
MR-0001336,PO-0000642,MAT-BULK-CREAM,86.4,litre
MR-0001337,PO-0000642,MAT-SEAL,1101,each
MR-0001338,PO-0000643,MAT-SEAL,618,each
MR-0001339,PO-0000643,MAT-PUMP-CAP,637,each
MR-0001340,PO-0000644,MAT-CARTON,1065,each
MR-0001341,PO-0000644,MAT-LABEL,1074,each
MR-0001342,PO-0000645,MAT-CARTON,1131,each
MR-0001343,PO-0000645,MAT-LABEL,1127,each
MR-0001344,PO-0000646,MAT-SEAL,818,each
MR-0001345,PO-0000646,MAT-PUMP-CAP,818,each
MR-0001346,PO-0000647,MAT-BULK-CREAM,68.08,litre
MR-0001347,PO-0000647,MAT-SEAL,851,each
MR-0001348,PO-0000648,MAT-LABEL,889,each
MR-0001349,PO-0000648,MAT-BULK-CREAM,70.92,litre
MR-0001350,PO-0000649,MAT-LABEL,1054,each
MR-0001351,PO-0000649,MAT-BULK-CREAM,84.07,litre
MR-0001352,PO-0000650,MAT-LABEL,877,each
MR-0001353,PO-0000650,MAT-BULK-CREAM,67.61,litre
MR-0001354,PO-0000651,MAT-SEAL,947,each
MR-0001355,PO-0000651,MAT-PUMP-CAP,984,each
MR-0001356,PO-0000652,MAT-PUMP-CAP,1341,each
MR-0001357,PO-0000652,MAT-CARTON,1327,each
MR-0001358,PO-0000653,MAT-CARTON,1483,each
MR-0001359,PO-0000653,MAT-LABEL,1455,each
MR-0001360,PO-0000653,MAT-BULK-CREAM,117.27,litre
MR-0001361,PO-0000654,MAT-BULK-CREAM,121.86,litre
MR-0001362,PO-0000654,MAT-SEAL,1479,each
MR-0001363,PO-0000654,MAT-PUMP-CAP,1524,each
MR-0001364,PO-0000655,MAT-LABEL,1497,each
MR-0001365,PO-0000655,MAT-BULK-CREAM,121.34,litre
MR-0001366,PO-0000655,MAT-SEAL,1563,each
MR-0001367,PO-0000656,MAT-SEAL,1011,each
MR-0001368,PO-0000656,MAT-PUMP-CAP,1035,each
MR-0001369,PO-0000657,MAT-PUMP-CAP,811,each
MR-0001370,PO-0000657,MAT-CARTON,828,each
MR-0001371,PO-0000658,MAT-CARTON,1570,each
MR-0001372,PO-0000658,MAT-LABEL,1478,each
MR-0001373,PO-0000658,MAT-BULK-CREAM,120.25,litre
MR-0001374,PO-0000659,MAT-LABEL,954,each
MR-0001375,PO-0000659,MAT-BULK-CREAM,75.69,litre
MR-0001376,PO-0000660,MAT-LABEL,857,each
MR-0001377,PO-0000660,MAT-BULK-CREAM,67.53,litre
MR-0001378,PO-0000661,MAT-PUMP-CAP,1464,each
MR-0001379,PO-0000661,MAT-CARTON,1465,each
MR-0001380,PO-0000661,MAT-LABEL,1428,each
MR-0001381,PO-0000662,MAT-SEAL,1137,each
MR-0001382,PO-0000662,MAT-PUMP-CAP,1153,each
MR-0001383,PO-0000663,MAT-CARTON,1385,each
MR-0001384,PO-0000663,MAT-LABEL,1348,each
MR-0001385,PO-0000664,MAT-LABEL,1540,each
MR-0001386,PO-0000664,MAT-BULK-CREAM,122.74,litre
MR-0001387,PO-0000664,MAT-SEAL,1556,each
MR-0001388,PO-0000665,MAT-BULK-CREAM,108.86,litre
MR-0001389,PO-0000665,MAT-SEAL,1361,each
MR-0001390,PO-0000666,MAT-PUMP-CAP,751,each
MR-0001391,PO-0000666,MAT-CARTON,771,each
MR-0001392,PO-0000667,MAT-CARTON,1179,each
MR-0001393,PO-0000667,MAT-LABEL,1152,each
MR-0001394,PO-0000668,MAT-BULK-CREAM,96.99,litre
MR-0001395,PO-0000668,MAT-SEAL,1236,each
MR-0001396,PO-0000669,MAT-SEAL,1200,each
MR-0001397,PO-0000669,MAT-PUMP-CAP,1235,each
MR-0001398,PO-0000670,MAT-LABEL,1150,each
MR-0001399,PO-0000670,MAT-BULK-CREAM,95.9,litre
MR-0001400,PO-0000671,MAT-BULK-CREAM,63.39,litre
MR-0001401,PO-0000671,MAT-SEAL,791,each
MR-0001402,PO-0000672,MAT-CARTON,1299,each
MR-0001403,PO-0000672,MAT-LABEL,1321,each
MR-0001404,PO-0000673,MAT-SEAL,1250,each
MR-0001405,PO-0000673,MAT-PUMP-CAP,1302,each
MR-0001406,PO-0000674,MAT-BULK-CREAM,100,litre
MR-0001407,PO-0000674,MAT-SEAL,1209,each
MR-0001408,PO-0000675,MAT-SEAL,1104,each
MR-0001409,PO-0000675,MAT-PUMP-CAP,1096,each
MR-0001410,PO-0000676,MAT-PUMP-CAP,760,each
MR-0001411,PO-0000676,MAT-CARTON,766,each
MR-0001412,PO-0000677,MAT-BULK-CREAM,61.14,litre
MR-0001413,PO-0000677,MAT-SEAL,783,each
MR-0001414,PO-0000678,MAT-LABEL,1215,each
MR-0001415,PO-0000678,MAT-BULK-CREAM,96.65,litre
MR-0001416,PO-0000679,MAT-BULK-CREAM,84.62,litre
MR-0001417,PO-0000679,MAT-SEAL,1056,each
MR-0001418,PO-0000680,MAT-SEAL,1114,each
MR-0001419,PO-0000680,MAT-PUMP-CAP,1157,each
MR-0001420,PO-0000681,MAT-BULK-CREAM,44.26,litre
MR-0001421,PO-0000681,MAT-SEAL,559,each
MR-0001422,PO-0000682,MAT-SEAL,1022,each
MR-0001423,PO-0000682,MAT-PUMP-CAP,1063,each
MR-0001424,PO-0000683,MAT-SEAL,918,each
MR-0001425,PO-0000683,MAT-PUMP-CAP,934,each
MR-0001426,PO-0000684,MAT-SEAL,880,each
MR-0001427,PO-0000684,MAT-PUMP-CAP,917,each
MR-0001428,PO-0000685,MAT-LABEL,929,each
MR-0001429,PO-0000685,MAT-BULK-CREAM,75.55,litre
MR-0001430,PO-0000686,MAT-PUMP-CAP,1100,each
MR-0001431,PO-0000686,MAT-CARTON,1074,each
MR-0001432,PO-0000687,MAT-SEAL,845,each
MR-0001433,PO-0000687,MAT-PUMP-CAP,871,each
MR-0001434,PO-0000688,MAT-PUMP-CAP,608,each
MR-0001435,PO-0000688,MAT-CARTON,616,each
MR-0001436,PO-0000689,MAT-BULK-CREAM,72.86,litre
MR-0001437,PO-0000689,MAT-SEAL,921,each
MR-0001438,PO-0000690,MAT-SEAL,609,each
MR-0001439,PO-0000690,MAT-PUMP-CAP,633,each
MR-0001440,PO-0000691,MAT-PUMP-CAP,739,each
MR-0001441,PO-0000691,MAT-CARTON,751,each
MR-0001442,PO-0000692,MAT-CARTON,723,each
MR-0001443,PO-0000692,MAT-LABEL,695,each
MR-0001444,PO-0000693,MAT-LABEL,471,each
MR-0001445,PO-0000693,MAT-BULK-CREAM,38.51,litre
MR-0001446,PO-0000694,MAT-BULK-CREAM,39.11,litre
MR-0001447,PO-0000694,MAT-SEAL,503,each
MR-0001448,PO-0000695,MAT-SEAL,875,each
MR-0001449,PO-0000695,MAT-PUMP-CAP,925,each
MR-0001450,PO-0000696,MAT-PUMP-CAP,457,each
MR-0001451,PO-0000696,MAT-CARTON,451,each
MR-0001452,PO-0000697,MAT-CARTON,637,each
MR-0001453,PO-0000697,MAT-LABEL,646,each
MR-0001454,PO-0000698,MAT-BULK-CREAM,58.04,litre
MR-0001455,PO-0000698,MAT-SEAL,727,each
MR-0001456,PO-0000699,MAT-PUMP-CAP,806,each
MR-0001457,PO-0000699,MAT-CARTON,805,each
MR-0001458,PO-0000700,MAT-CARTON,422,each
MR-0001459,PO-0000700,MAT-LABEL,413,each
MR-0001460,PO-0000701,MAT-LABEL,859,each
MR-0001461,PO-0000701,MAT-BULK-CREAM,68.62,litre
MR-0001462,PO-0000702,MAT-PUMP-CAP,579,each
MR-0001463,PO-0000702,MAT-CARTON,558,each
MR-0001464,PO-0000703,MAT-BULK-CREAM,46.09,litre
MR-0001465,PO-0000703,MAT-SEAL,587,each
MR-0001466,PO-0000704,MAT-SEAL,833,each
MR-0001467,PO-0000704,MAT-PUMP-CAP,863,each
MR-0001468,PO-0000705,MAT-BULK-CREAM,74.79,litre
MR-0001469,PO-0000705,MAT-SEAL,900,each
MR-0001470,PO-0000706,MAT-SEAL,1070,each
MR-0001471,PO-0000706,MAT-PUMP-CAP,1065,each
MR-0001472,PO-0000707,MAT-PUMP-CAP,1085,each
MR-0001473,PO-0000707,MAT-CARTON,1087,each
MR-0001474,PO-0000708,MAT-CARTON,628,each
MR-0001475,PO-0000708,MAT-LABEL,619,each
MR-0001476,PO-0000709,MAT-LABEL,825,each
MR-0001477,PO-0000709,MAT-BULK-CREAM,67.97,litre
MR-0001478,PO-0000710,MAT-BULK-CREAM,65.63,litre
MR-0001479,PO-0000710,MAT-SEAL,809,each
MR-0001480,PO-0000711,MAT-SEAL,995,each
MR-0001481,PO-0000711,MAT-PUMP-CAP,1000,each
MR-0001482,PO-0000712,MAT-PUMP-CAP,779,each
MR-0001483,PO-0000712,MAT-CARTON,761,each
MR-0001484,PO-0000713,MAT-CARTON,581,each
MR-0001485,PO-0000713,MAT-LABEL,589,each
MR-0001486,PO-0000714,MAT-BULK-CREAM,108.29,litre
MR-0001487,PO-0000714,MAT-SEAL,1368,each
MR-0001488,PO-0000715,MAT-BULK-CREAM,101.37,litre
MR-0001489,PO-0000715,MAT-SEAL,1305,each
MR-0001490,PO-0000716,MAT-SEAL,717,each
MR-0001491,PO-0000716,MAT-PUMP-CAP,713,each
MR-0001492,PO-0000717,MAT-PUMP-CAP,851,each
MR-0001493,PO-0000717,MAT-CARTON,874,each
MR-0001494,PO-0000718,MAT-CARTON,1094,each
MR-0001495,PO-0000718,MAT-LABEL,1081,each
MR-0001496,PO-0000719,MAT-LABEL,1088,each
MR-0001497,PO-0000719,MAT-BULK-CREAM,89.49,litre
MR-0001498,PO-0000720,MAT-BULK-CREAM,107.06,litre
MR-0001499,PO-0000720,MAT-SEAL,1320,each
MR-0001500,PO-0000721,MAT-SEAL,936,each
MR-0001501,PO-0000721,MAT-PUMP-CAP,943,each
MR-0001502,PO-0000722,MAT-LABEL,1308,each
MR-0001503,PO-0000722,MAT-BULK-CREAM,98.67,litre
MR-0001504,PO-0000723,MAT-CARTON,961,each
MR-0001505,PO-0000723,MAT-LABEL,928,each
MR-0001506,PO-0000724,MAT-LABEL,1160,each
MR-0001507,PO-0000724,MAT-BULK-CREAM,95.01,litre
MR-0001508,PO-0000725,MAT-LABEL,793,each
MR-0001509,PO-0000725,MAT-BULK-CREAM,64.14,litre
MR-0001510,PO-0000726,MAT-SEAL,688,each
MR-0001511,PO-0000726,MAT-PUMP-CAP,734,each
MR-0001512,PO-0000727,MAT-PUMP-CAP,1444,each
MR-0001513,PO-0000727,MAT-CARTON,1384,each
MR-0001514,PO-0000728,MAT-BULK-CREAM,110.35,litre
MR-0001515,PO-0000728,MAT-SEAL,1326,each
MR-0001516,PO-0000729,MAT-LABEL,814,each
MR-0001517,PO-0000729,MAT-BULK-CREAM,64.51,litre
MR-0001518,PO-0000730,MAT-BULK-CREAM,92.1,litre
MR-0001519,PO-0000730,MAT-SEAL,1149,each
MR-0001520,PO-0000731,MAT-PUMP-CAP,839,each
MR-0001521,PO-0000731,MAT-CARTON,805,each
MR-0001522,PO-0000732,MAT-BULK-CREAM,63.68,litre
MR-0001523,PO-0000732,MAT-SEAL,795,each
MR-0001524,PO-0000733,MAT-PUMP-CAP,882,each
MR-0001525,PO-0000733,MAT-CARTON,841,each
MR-0001526,PO-0000734,MAT-SEAL,699,each
MR-0001527,PO-0000734,MAT-PUMP-CAP,719,each
MR-0001528,PO-0000735,MAT-SEAL,1243,each
MR-0001529,PO-0000735,MAT-PUMP-CAP,1276,each
MR-0001530,PO-0000736,MAT-PUMP-CAP,669,each
MR-0001531,PO-0000736,MAT-CARTON,686,each
MR-0001532,PO-0000737,MAT-CARTON,1027,each
MR-0001533,PO-0000737,MAT-LABEL,1009,each
MR-0001534,PO-0000738,MAT-LABEL,1039,each
MR-0001535,PO-0000738,MAT-BULK-CREAM,82.68,litre
MR-0001536,PO-0000739,MAT-CARTON,675,each
MR-0001537,PO-0000739,MAT-LABEL,699,each
MR-0001538,PO-0000740,MAT-SEAL,749,each
MR-0001539,PO-0000740,MAT-PUMP-CAP,762,each
MR-0001540,PO-0000741,MAT-CARTON,1356,each
MR-0001541,PO-0000741,MAT-LABEL,1334,each
MR-0001542,PO-0000742,MAT-CARTON,754,each
MR-0001543,PO-0000742,MAT-LABEL,763,each
MR-0001544,PO-0000743,MAT-BULK-CREAM,76.75,litre
MR-0001545,PO-0000743,MAT-SEAL,983,each
MR-0001546,PO-0000744,MAT-SEAL,809,each
MR-0001547,PO-0000744,MAT-PUMP-CAP,841,each
MR-0001548,PO-0000745,MAT-SEAL,1350,each
MR-0001549,PO-0000745,MAT-PUMP-CAP,1376,each
MR-0001550,PO-0000746,MAT-CARTON,986,each
MR-0001551,PO-0000746,MAT-LABEL,974,each
MR-0001552,PO-0000747,MAT-SEAL,586,each
MR-0001553,PO-0000747,MAT-PUMP-CAP,612,each
MR-0001554,PO-0000748,MAT-PUMP-CAP,511,each
MR-0001555,PO-0000748,MAT-CARTON,495,each
MR-0001556,PO-0000749,MAT-SEAL,1090,each
MR-0001557,PO-0000749,MAT-PUMP-CAP,1124,each
MR-0001558,PO-0000750,MAT-PUMP-CAP,876,each
MR-0001559,PO-0000750,MAT-CARTON,836,each
MR-0001560,PO-0000751,MAT-PUMP-CAP,629,each
MR-0001561,PO-0000751,MAT-CARTON,623,each
MR-0001562,PO-0000752,MAT-CARTON,897,each
MR-0001563,PO-0000752,MAT-LABEL,887,each
MR-0001564,PO-0000753,MAT-LABEL,1044,each
MR-0001565,PO-0000753,MAT-BULK-CREAM,86.33,litre
MR-0001566,PO-0000754,MAT-SEAL,527,each
MR-0001567,PO-0000754,MAT-PUMP-CAP,528,each
MR-0001568,PO-0000755,MAT-CARTON,788,each
MR-0001569,PO-0000755,MAT-LABEL,813,each
MR-0001570,PO-0000756,MAT-PUMP-CAP,482,each
MR-0001571,PO-0000756,MAT-CARTON,473,each
MR-0001572,PO-0000757,MAT-CARTON,673,each
MR-0001573,PO-0000757,MAT-LABEL,690,each
MR-0001574,PO-0000758,MAT-LABEL,467,each
MR-0001575,PO-0000758,MAT-BULK-CREAM,37.38,litre
MR-0001576,PO-0000759,MAT-BULK-CREAM,31.87,litre
MR-0001577,PO-0000759,MAT-SEAL,408,each
MR-0001578,PO-0000760,MAT-SEAL,622,each
MR-0001579,PO-0000760,MAT-PUMP-CAP,620,each
MR-0001580,PO-0000761,MAT-PUMP-CAP,658,each
MR-0001581,PO-0000761,MAT-CARTON,653,each
MR-0001582,PO-0000762,MAT-LABEL,775,each
MR-0001583,PO-0000762,MAT-BULK-CREAM,60.67,litre
MR-0001584,PO-0000763,MAT-CARTON,931,each
MR-0001585,PO-0000763,MAT-LABEL,926,each
MR-0001586,PO-0000764,MAT-SEAL,840,each
MR-0001587,PO-0000764,MAT-PUMP-CAP,871,each
MR-0001588,PO-0000765,MAT-BULK-CREAM,62.21,litre
MR-0001589,PO-0000765,MAT-SEAL,767,each
MR-0001590,PO-0000766,MAT-PUMP-CAP,473,each
MR-0001591,PO-0000766,MAT-CARTON,478,each
MR-0001592,PO-0000767,MAT-BULK-CREAM,44.06,litre
MR-0001593,PO-0000767,MAT-SEAL,567,each
MR-0001594,PO-0000768,MAT-BULK-CREAM,58.49,litre
MR-0001595,PO-0000768,MAT-SEAL,718,each
MR-0001596,PO-0000769,MAT-BULK-CREAM,72.65,litre
MR-0001597,PO-0000769,MAT-SEAL,903,each
MR-0001598,PO-0000770,MAT-BULK-CREAM,55.39,litre
MR-0001599,PO-0000770,MAT-SEAL,682,each
MR-0001600,PO-0000771,MAT-SEAL,542,each
MR-0001601,PO-0000771,MAT-PUMP-CAP,541,each
MR-0001602,PO-0000772,MAT-PUMP-CAP,1053,each
MR-0001603,PO-0000772,MAT-CARTON,1069,each
MR-0001604,PO-0000773,MAT-CARTON,888,each
MR-0001605,PO-0000773,MAT-LABEL,885,each
MR-0001606,PO-0000774,MAT-LABEL,1037,each
MR-0001607,PO-0000774,MAT-BULK-CREAM,78.77,litre
MR-0001608,PO-0000775,MAT-BULK-CREAM,73.61,litre
MR-0001609,PO-0000775,MAT-SEAL,930,each
MR-0001610,PO-0000776,MAT-SEAL,744,each
MR-0001611,PO-0000776,MAT-PUMP-CAP,759,each
MR-0001612,PO-0000777,MAT-PUMP-CAP,931,each
MR-0001613,PO-0000777,MAT-CARTON,925,each
MR-0001614,PO-0000778,MAT-CARTON,885,each
MR-0001615,PO-0000778,MAT-LABEL,894,each
MR-0001616,PO-0000779,MAT-LABEL,706,each
MR-0001617,PO-0000779,MAT-BULK-CREAM,56.15,litre
MR-0001618,PO-0000780,MAT-BULK-CREAM,83.28,litre
MR-0001619,PO-0000780,MAT-SEAL,1062,each
MR-0001620,PO-0000781,MAT-SEAL,1375,each
MR-0001621,PO-0000781,MAT-PUMP-CAP,1408,each
MR-0001622,PO-0000781,MAT-CARTON,1403,each
MR-0001623,PO-0000782,MAT-PUMP-CAP,1360,each
MR-0001624,PO-0000782,MAT-CARTON,1354,each
MR-0001625,PO-0000783,MAT-CARTON,1417,each
MR-0001626,PO-0000783,MAT-LABEL,1451,each
MR-0001627,PO-0000783,MAT-BULK-CREAM,115.28,litre
MR-0001628,PO-0000784,MAT-LABEL,1027,each
MR-0001629,PO-0000784,MAT-BULK-CREAM,82.74,litre
MR-0001630,PO-0000785,MAT-SEAL,1485,each
MR-0001631,PO-0000785,MAT-PUMP-CAP,1484,each
MR-0001632,PO-0000785,MAT-CARTON,1502,each
MR-0001633,PO-0000786,MAT-PUMP-CAP,718,each
MR-0001634,PO-0000786,MAT-CARTON,726,each
MR-0001635,PO-0000787,MAT-PUMP-CAP,897,each
MR-0001636,PO-0000787,MAT-CARTON,855,each
MR-0001637,PO-0000788,MAT-CARTON,1492,each
MR-0001638,PO-0000788,MAT-LABEL,1460,each
MR-0001639,PO-0000788,MAT-BULK-CREAM,113.81,litre
MR-0001640,PO-0000789,MAT-CARTON,1100,each
MR-0001641,PO-0000789,MAT-LABEL,1090,each
MR-0001642,PO-0000790,MAT-PUMP-CAP,1001,each
MR-0001643,PO-0000790,MAT-CARTON,979,each
MR-0001644,PO-0000791,MAT-SEAL,1038,each
MR-0001645,PO-0000791,MAT-PUMP-CAP,1024,each
MR-0001646,PO-0000792,MAT-PUMP-CAP,1475,each
MR-0001647,PO-0000792,MAT-CARTON,1478,each
MR-0001648,PO-0000792,MAT-LABEL,1467,each
MR-0001649,PO-0000793,MAT-CARTON,1112,each
MR-0001650,PO-0000793,MAT-LABEL,1086,each
MR-0001651,PO-0000794,MAT-LABEL,869,each
MR-0001652,PO-0000794,MAT-BULK-CREAM,67.88,litre
MR-0001653,PO-0000795,MAT-BULK-CREAM,108.44,litre
MR-0001654,PO-0000795,MAT-SEAL,1327,each
MR-0001655,PO-0000796,MAT-PUMP-CAP,1087,each
MR-0001656,PO-0000796,MAT-CARTON,1083,each
MR-0001657,PO-0000797,MAT-SEAL,802,each
MR-0001658,PO-0000797,MAT-PUMP-CAP,798,each
MR-0001659,PO-0000798,MAT-PUMP-CAP,651,each
MR-0001660,PO-0000798,MAT-CARTON,664,each
MR-0001661,PO-0000799,MAT-CARTON,819,each
MR-0001662,PO-0000799,MAT-LABEL,795,each
MR-0001663,PO-0000800,MAT-SEAL,1145,each
MR-0001664,PO-0000800,MAT-PUMP-CAP,1112,each
MR-0001665,PO-0000801,MAT-PUMP-CAP,1399,each
MR-0001666,PO-0000801,MAT-CARTON,1408,each
MR-0001667,PO-0000801,MAT-LABEL,1450,each
MR-0001668,PO-0000802,MAT-CARTON,696,each
MR-0001669,PO-0000802,MAT-LABEL,702,each
MR-0001670,PO-0000803,MAT-PUMP-CAP,849,each
MR-0001671,PO-0000803,MAT-CARTON,830,each
MR-0001672,PO-0000804,MAT-BULK-CREAM,71.86,litre
MR-0001673,PO-0000804,MAT-SEAL,917,each
MR-0001674,PO-0000805,MAT-CARTON,1246,each
MR-0001675,PO-0000805,MAT-LABEL,1259,each
MR-0001676,PO-0000806,MAT-BULK-CREAM,88.29,litre
MR-0001677,PO-0000806,MAT-SEAL,1067,each
MR-0001678,PO-0000807,MAT-LABEL,1137,each
MR-0001679,PO-0000807,MAT-BULK-CREAM,91.64,litre
MR-0001680,PO-0000808,MAT-PUMP-CAP,1093,each
MR-0001681,PO-0000808,MAT-CARTON,1065,each
MR-0001682,PO-0000809,MAT-BULK-CREAM,91.06,litre
MR-0001683,PO-0000809,MAT-SEAL,1148,each
MR-0001684,PO-0000810,MAT-SEAL,1181,each
MR-0001685,PO-0000810,MAT-PUMP-CAP,1187,each
MR-0001686,PO-0000811,MAT-CARTON,546,each
MR-0001687,PO-0000811,MAT-LABEL,544,each
MR-0001688,PO-0000812,MAT-CARTON,1055,each
MR-0001689,PO-0000812,MAT-LABEL,1077,each
MR-0001690,PO-0000813,MAT-LABEL,993,each
MR-0001691,PO-0000813,MAT-BULK-CREAM,80.52,litre
MR-0001692,PO-0000814,MAT-PUMP-CAP,662,each
MR-0001693,PO-0000814,MAT-CARTON,642,each
MR-0001694,PO-0000815,MAT-LABEL,1044,each
MR-0001695,PO-0000815,MAT-BULK-CREAM,85.02,litre
MR-0001696,PO-0000816,MAT-PUMP-CAP,684,each
MR-0001697,PO-0000816,MAT-CARTON,679,each
MR-0001698,PO-0000817,MAT-CARTON,849,each
MR-0001699,PO-0000817,MAT-LABEL,868,each
MR-0001700,PO-0000818,MAT-LABEL,826,each
MR-0001701,PO-0000818,MAT-BULK-CREAM,65.86,litre
MR-0001702,PO-0000819,MAT-BULK-CREAM,58.43,litre
MR-0001703,PO-0000819,MAT-SEAL,736,each
MR-0001704,PO-0000820,MAT-SEAL,546,each
MR-0001705,PO-0000820,MAT-PUMP-CAP,546,each
MR-0001706,PO-0000821,MAT-PUMP-CAP,473,each
MR-0001707,PO-0000821,MAT-CARTON,456,each
MR-0001708,PO-0000822,MAT-CARTON,749,each
MR-0001709,PO-0000822,MAT-LABEL,730,each
MR-0001710,PO-0000823,MAT-LABEL,792,each
MR-0001711,PO-0000823,MAT-BULK-CREAM,62.27,litre
MR-0001712,PO-0000824,MAT-BULK-CREAM,68.99,litre
MR-0001713,PO-0000824,MAT-SEAL,869,each
MR-0001714,PO-0000825,MAT-LABEL,629,each
MR-0001715,PO-0000825,MAT-BULK-CREAM,50.86,litre
MR-0001716,PO-0000826,MAT-LABEL,769,each
MR-0001717,PO-0000826,MAT-BULK-CREAM,60.84,litre
MR-0001718,PO-0000827,MAT-LABEL,607,each
MR-0001719,PO-0000827,MAT-BULK-CREAM,49.46,litre
MR-0001720,PO-0000828,MAT-PUMP-CAP,622,each
MR-0001721,PO-0000828,MAT-CARTON,617,each
MR-0001722,PO-0000829,MAT-BULK-CREAM,50.53,litre
MR-0001723,PO-0000829,MAT-SEAL,619,each
MR-0001724,PO-0000830,MAT-CARTON,926,each
MR-0001725,PO-0000830,MAT-LABEL,946,each
MR-0001726,PO-0000831,MAT-PUMP-CAP,510,each
MR-0001727,PO-0000831,MAT-CARTON,498,each
MR-0001728,PO-0000832,MAT-SEAL,677,each
MR-0001729,PO-0000832,MAT-PUMP-CAP,689,each
MR-0001730,PO-0000833,MAT-PUMP-CAP,597,each
MR-0001731,PO-0000833,MAT-CARTON,588,each
MR-0001732,PO-0000834,MAT-LABEL,545,each
MR-0001733,PO-0000834,MAT-BULK-CREAM,43.96,litre
MR-0001734,PO-0000835,MAT-BULK-CREAM,65.77,litre
MR-0001735,PO-0000835,MAT-SEAL,790,each
MR-0001736,PO-0000836,MAT-SEAL,941,each
MR-0001737,PO-0000836,MAT-PUMP-CAP,945,each
MR-0001738,PO-0000837,MAT-PUMP-CAP,988,each
MR-0001739,PO-0000837,MAT-CARTON,994,each
MR-0001740,PO-0000838,MAT-CARTON,799,each
MR-0001741,PO-0000838,MAT-LABEL,804,each
MR-0001742,PO-0000839,MAT-LABEL,595,each
MR-0001743,PO-0000839,MAT-BULK-CREAM,45.89,litre
MR-0001744,PO-0000840,MAT-BULK-CREAM,44.62,litre
MR-0001745,PO-0000840,MAT-SEAL,573,each
MR-0001746,PO-0000841,MAT-SEAL,994,each
MR-0001747,PO-0000841,MAT-PUMP-CAP,1048,each
MR-0001748,PO-0000842,MAT-LABEL,573,each
MR-0001749,PO-0000842,MAT-BULK-CREAM,45.27,litre
MR-0001750,PO-0000843,MAT-CARTON,1203,each
MR-0001751,PO-0000843,MAT-LABEL,1234,each
MR-0001752,PO-0000844,MAT-LABEL,1131,each
MR-0001753,PO-0000844,MAT-BULK-CREAM,94.56,litre
MR-0001754,PO-0000845,MAT-BULK-CREAM,57.71,litre
MR-0001755,PO-0000845,MAT-SEAL,738,each
MR-0001756,PO-0000846,MAT-SEAL,725,each
MR-0001757,PO-0000846,MAT-PUMP-CAP,703,each
MR-0001758,PO-0000847,MAT-CARTON,1336,each
MR-0001759,PO-0000847,MAT-LABEL,1328,each
MR-0001760,PO-0000848,MAT-CARTON,1416,each
MR-0001761,PO-0000848,MAT-LABEL,1430,each
MR-0001762,PO-0000848,MAT-BULK-CREAM,115.28,litre
MR-0001763,PO-0000849,MAT-BULK-CREAM,77.75,litre
MR-0001764,PO-0000849,MAT-SEAL,966,each
MR-0001765,PO-0000850,MAT-SEAL,1491,each
MR-0001766,PO-0000850,MAT-PUMP-CAP,1566,each
MR-0001767,PO-0000850,MAT-CARTON,1515,each
MR-0001768,PO-0000851,MAT-SEAL,1491,each
MR-0001769,PO-0000851,MAT-PUMP-CAP,1544,each
MR-0001770,PO-0000851,MAT-CARTON,1466,each
MR-0001771,PO-0000852,MAT-PUMP-CAP,920,each
MR-0001772,PO-0000852,MAT-CARTON,875,each
MR-0001773,PO-0000853,MAT-BULK-CREAM,128.68,litre
MR-0001774,PO-0000853,MAT-SEAL,1622,each
MR-0001775,PO-0000853,MAT-PUMP-CAP,1635,each
MR-0001776,PO-0000854,MAT-LABEL,1314,each
MR-0001777,PO-0000854,MAT-BULK-CREAM,104.74,litre
MR-0001778,PO-0000855,MAT-BULK-CREAM,85.44,litre
MR-0001779,PO-0000855,MAT-SEAL,1059,each
MR-0001780,PO-0000856,MAT-SEAL,1045,each
MR-0001781,PO-0000856,MAT-PUMP-CAP,1075,each
MR-0001782,PO-0000857,MAT-LABEL,968,each
MR-0001783,PO-0000857,MAT-BULK-CREAM,77.32,litre
MR-0001784,PO-0000858,MAT-CARTON,1272,each
MR-0001785,PO-0000858,MAT-LABEL,1234,each
MR-0001786,PO-0000859,MAT-LABEL,1269,each
MR-0001787,PO-0000859,MAT-BULK-CREAM,102.34,litre
MR-0001788,PO-0000860,MAT-SEAL,1260,each
MR-0001789,PO-0000860,MAT-PUMP-CAP,1260,each
MR-0001790,PO-0000861,MAT-PUMP-CAP,1319,each
MR-0001791,PO-0000861,MAT-CARTON,1291,each
MR-0001792,PO-0000862,MAT-LABEL,875,each
MR-0001793,PO-0000862,MAT-BULK-CREAM,70.3,litre
MR-0001794,PO-0000863,MAT-PUMP-CAP,681,each
MR-0001795,PO-0000863,MAT-CARTON,659,each
MR-0001796,PO-0000864,MAT-PUMP-CAP,808,each
MR-0001797,PO-0000864,MAT-CARTON,824,each
MR-0001798,PO-0000865,MAT-LABEL,1436,each
MR-0001799,PO-0000865,MAT-BULK-CREAM,115.94,litre
MR-0001800,PO-0000865,MAT-SEAL,1451,each
MR-0001801,PO-0000866,MAT-PUMP-CAP,987,each
MR-0001802,PO-0000866,MAT-CARTON,951,each
MR-0001803,PO-0000867,MAT-SEAL,1238,each
MR-0001804,PO-0000867,MAT-PUMP-CAP,1234,each
MR-0001805,PO-0000868,MAT-LABEL,672,each
MR-0001806,PO-0000868,MAT-BULK-CREAM,55.18,litre
MR-0001807,PO-0000869,MAT-CARTON,1069,each
MR-0001808,PO-0000869,MAT-LABEL,1044,each
MR-0001809,PO-0000870,MAT-PUMP-CAP,761,each
MR-0001810,PO-0000870,MAT-CARTON,778,each
MR-0001811,PO-0000871,MAT-CARTON,1463,each
MR-0001812,PO-0000871,MAT-LABEL,1426,each
MR-0001813,PO-0000871,MAT-BULK-CREAM,111.98,litre
MR-0001814,PO-0000872,MAT-BULK-CREAM,57.45,litre
MR-0001815,PO-0000872,MAT-SEAL,748,each
MR-0001816,PO-0000873,MAT-BULK-CREAM,59.76,litre
MR-0001817,PO-0000873,MAT-SEAL,757,each
MR-0001818,PO-0000874,MAT-SEAL,848,each
MR-0001819,PO-0000874,MAT-PUMP-CAP,882,each
MR-0001820,PO-0000875,MAT-CARTON,1018,each
MR-0001821,PO-0000875,MAT-LABEL,1012,each
MR-0001822,PO-0000876,MAT-LABEL,963,each
MR-0001823,PO-0000876,MAT-BULK-CREAM,77.96,litre
MR-0001824,PO-0000877,MAT-LABEL,980,each
MR-0001825,PO-0000877,MAT-BULK-CREAM,77.86,litre
MR-0001826,PO-0000878,MAT-PUMP-CAP,1006,each
MR-0001827,PO-0000878,MAT-CARTON,1021,each
MR-0001828,PO-0000879,MAT-BULK-CREAM,95.89,litre
MR-0001829,PO-0000879,MAT-SEAL,1187,each
MR-0001830,PO-0000880,MAT-SEAL,602,each
MR-0001831,PO-0000880,MAT-PUMP-CAP,617,each
MR-0001832,PO-0000881,MAT-LABEL,917,each
MR-0001833,PO-0000881,MAT-BULK-CREAM,73.03,litre
MR-0001834,PO-0000882,MAT-BULK-CREAM,64.25,litre
MR-0001835,PO-0000882,MAT-SEAL,830,each
MR-0001836,PO-0000883,MAT-LABEL,720,each
MR-0001837,PO-0000883,MAT-BULK-CREAM,56.61,litre
MR-0001838,PO-0000884,MAT-BULK-CREAM,49.1,litre
MR-0001839,PO-0000884,MAT-SEAL,614,each
MR-0001840,PO-0000885,MAT-SEAL,808,each
MR-0001841,PO-0000885,MAT-PUMP-CAP,812,each
MR-0001842,PO-0000886,MAT-PUMP-CAP,559,each
MR-0001843,PO-0000886,MAT-CARTON,534,each
MR-0001844,PO-0000887,MAT-CARTON,702,each
MR-0001845,PO-0000887,MAT-LABEL,699,each
MR-0001846,PO-0000888,MAT-LABEL,786,each
MR-0001847,PO-0000888,MAT-BULK-CREAM,62.38,litre
MR-0001848,PO-0000889,MAT-BULK-CREAM,62.38,litre
MR-0001849,PO-0000889,MAT-SEAL,766,each
MR-0001850,PO-0000890,MAT-SEAL,614,each
MR-0001851,PO-0000890,MAT-PUMP-CAP,609,each
MR-0001852,PO-0000891,MAT-LABEL,517,each
MR-0001853,PO-0000891,MAT-BULK-CREAM,40.83,litre
MR-0001854,PO-0000892,MAT-SEAL,572,each
MR-0001855,PO-0000892,MAT-PUMP-CAP,590,each
MR-0001856,PO-0000893,MAT-PUMP-CAP,484,each
MR-0001857,PO-0000893,MAT-CARTON,473,each
MR-0001858,PO-0000894,MAT-CARTON,707,each
MR-0001859,PO-0000894,MAT-LABEL,695,each
MR-0001860,PO-0000895,MAT-SEAL,590,each
MR-0001861,PO-0000895,MAT-PUMP-CAP,575,each
MR-0001862,PO-0000896,MAT-PUMP-CAP,465,each
MR-0001863,PO-0000896,MAT-CARTON,460,each
MR-0001864,PO-0000897,MAT-BULK-CREAM,45.77,litre
MR-0001865,PO-0000897,MAT-SEAL,565,each
MR-0001866,PO-0000898,MAT-CARTON,624,each
MR-0001867,PO-0000898,MAT-LABEL,606,each
MR-0001868,PO-0000899,MAT-LABEL,729,each
MR-0001869,PO-0000899,MAT-BULK-CREAM,57.05,litre
MR-0001870,PO-0000900,MAT-LABEL,634,each
MR-0001871,PO-0000900,MAT-BULK-CREAM,49.78,litre
MR-0001872,PO-0000901,MAT-LABEL,970,each
MR-0001873,PO-0000901,MAT-BULK-CREAM,78.3,litre
MR-0001874,PO-0000902,MAT-PUMP-CAP,925,each
MR-0001875,PO-0000902,MAT-CARTON,910,each
MR-0001876,PO-0000903,MAT-CARTON,603,each
MR-0001877,PO-0000903,MAT-LABEL,590,each
MR-0001878,PO-0000904,MAT-LABEL,535,each
MR-0001879,PO-0000904,MAT-BULK-CREAM,41.84,litre
MR-0001880,PO-0000905,MAT-BULK-CREAM,87.87,litre
MR-0001881,PO-0000905,MAT-SEAL,1112,each
MR-0001882,PO-0000906,MAT-SEAL,1099,each
MR-0001883,PO-0000906,MAT-PUMP-CAP,1154,each
MR-0001884,PO-0000907,MAT-PUMP-CAP,860,each
MR-0001885,PO-0000907,MAT-CARTON,832,each
MR-0001886,PO-0000908,MAT-CARTON,1090,each
MR-0001887,PO-0000908,MAT-LABEL,1060,each
MR-0001888,PO-0000909,MAT-LABEL,1542,each
MR-0001889,PO-0000909,MAT-BULK-CREAM,119.19,litre
MR-0001890,PO-0000909,MAT-SEAL,1496,each
MR-0001891,PO-0000910,MAT-BULK-CREAM,74.42,litre
MR-0001892,PO-0000910,MAT-SEAL,913,each
MR-0001893,PO-0000911,MAT-SEAL,794,each
MR-0001894,PO-0000911,MAT-PUMP-CAP,793,each
MR-0001895,PO-0000912,MAT-PUMP-CAP,791,each
MR-0001896,PO-0000912,MAT-CARTON,762,each
MR-0001897,PO-0000913,MAT-CARTON,891,each
MR-0001898,PO-0000913,MAT-LABEL,895,each
MR-0001899,PO-0000914,MAT-PUMP-CAP,1088,each
MR-0001900,PO-0000914,MAT-CARTON,1130,each
MR-0001901,PO-0000915,MAT-BULK-CREAM,124.06,litre
MR-0001902,PO-0000915,MAT-SEAL,1525,each
MR-0001903,PO-0000915,MAT-PUMP-CAP,1537,each
MR-0001904,PO-0000916,MAT-SEAL,1411,each
MR-0001905,PO-0000916,MAT-PUMP-CAP,1460,each
MR-0001906,PO-0000916,MAT-CARTON,1403,each
MR-0001907,PO-0000917,MAT-PUMP-CAP,1049,each
MR-0001908,PO-0000917,MAT-CARTON,1018,each
MR-0001909,PO-0000918,MAT-CARTON,747,each
MR-0001910,PO-0000918,MAT-LABEL,728,each
MR-0001911,PO-0000919,MAT-SEAL,853,each
MR-0001912,PO-0000919,MAT-PUMP-CAP,899,each
MR-0001913,PO-0000920,MAT-LABEL,1387,each
MR-0001914,PO-0000920,MAT-BULK-CREAM,114.43,litre
MR-0001915,PO-0000920,MAT-SEAL,1425,each
MR-0001916,PO-0000921,MAT-SEAL,770,each
MR-0001917,PO-0000921,MAT-PUMP-CAP,770,each
MR-0001918,PO-0000922,MAT-PUMP-CAP,1372,each
MR-0001919,PO-0000922,MAT-CARTON,1342,each
MR-0001920,PO-0000923,MAT-CARTON,1451,each
MR-0001921,PO-0000923,MAT-LABEL,1403,each
MR-0001922,PO-0000923,MAT-BULK-CREAM,115.59,litre
MR-0001923,PO-0000924,MAT-BULK-CREAM,111.1,litre
MR-0001924,PO-0000924,MAT-SEAL,1381,each
MR-0001925,PO-0000925,MAT-SEAL,1303,each
MR-0001926,PO-0000925,MAT-PUMP-CAP,1333,each
MR-0001927,PO-0000926,MAT-PUMP-CAP,821,each
MR-0001928,PO-0000926,MAT-CARTON,794,each
MR-0001929,PO-0000927,MAT-CARTON,1041,each
MR-0001930,PO-0000927,MAT-LABEL,1025,each
MR-0001931,PO-0000928,MAT-BULK-CREAM,94.23,litre
MR-0001932,PO-0000928,MAT-SEAL,1191,each
MR-0001933,PO-0000929,MAT-BULK-CREAM,64.82,litre
MR-0001934,PO-0000929,MAT-SEAL,810,each
MR-0001935,PO-0000930,MAT-PUMP-CAP,1043,each
MR-0001936,PO-0000930,MAT-CARTON,1051,each
MR-0001937,PO-0000931,MAT-PUMP-CAP,777,each
MR-0001938,PO-0000931,MAT-CARTON,755,each
MR-0001939,PO-0000932,MAT-CARTON,994,each
MR-0001940,PO-0000932,MAT-LABEL,971,each
MR-0001941,PO-0000933,MAT-PUMP-CAP,755,each
MR-0001942,PO-0000933,MAT-CARTON,750,each
MR-0001943,PO-0000934,MAT-SEAL,1349,each
MR-0001944,PO-0000934,MAT-PUMP-CAP,1381,each
MR-0001945,PO-0000935,MAT-CARTON,1101,each
MR-0001946,PO-0000935,MAT-LABEL,1093,each
MR-0001947,PO-0000936,MAT-PUMP-CAP,930,each
MR-0001948,PO-0000936,MAT-CARTON,961,each
MR-0001949,PO-0000937,MAT-CARTON,926,each
MR-0001950,PO-0000937,MAT-LABEL,964,each
MR-0001951,PO-0000938,MAT-LABEL,992,each
MR-0001952,PO-0000938,MAT-BULK-CREAM,77.59,litre
MR-0001953,PO-0000939,MAT-CARTON,758,each
MR-0001954,PO-0000939,MAT-LABEL,763,each
MR-0001955,PO-0000940,MAT-LABEL,721,each
MR-0001956,PO-0000940,MAT-BULK-CREAM,59.43,litre
MR-0001957,PO-0000941,MAT-BULK-CREAM,91.2,litre
MR-0001958,PO-0000941,MAT-SEAL,1208,each
MR-0001959,PO-0000942,MAT-CARTON,751,each
MR-0001960,PO-0000942,MAT-LABEL,736,each
MR-0001961,PO-0000943,MAT-BULK-CREAM,69.87,litre
MR-0001962,PO-0000943,MAT-SEAL,876,each
MR-0001963,PO-0000944,MAT-BULK-CREAM,68.5,litre
MR-0001964,PO-0000944,MAT-SEAL,881,each
MR-0001965,PO-0000945,MAT-CARTON,613,each
MR-0001966,PO-0000945,MAT-LABEL,627,each
MR-0001967,PO-0000946,MAT-CARTON,1134,each
MR-0001968,PO-0000946,MAT-LABEL,1146,each
MR-0001969,PO-0000947,MAT-CARTON,828,each
MR-0001970,PO-0000947,MAT-LABEL,852,each
MR-0001971,PO-0000948,MAT-LABEL,733,each
MR-0001972,PO-0000948,MAT-BULK-CREAM,60.82,litre
MR-0001973,PO-0000949,MAT-BULK-CREAM,70.84,litre
MR-0001974,PO-0000949,MAT-SEAL,866,each
MR-0001975,PO-0000950,MAT-SEAL,632,each
MR-0001976,PO-0000950,MAT-PUMP-CAP,646,each
MR-0001977,PO-0000951,MAT-PUMP-CAP,638,each
MR-0001978,PO-0000951,MAT-CARTON,627,each
MR-0001979,PO-0000952,MAT-LABEL,878,each
MR-0001980,PO-0000952,MAT-BULK-CREAM,70.2,litre
MR-0001981,PO-0000953,MAT-LABEL,802,each
MR-0001982,PO-0000953,MAT-BULK-CREAM,64.26,litre
MR-0001983,PO-0000954,MAT-BULK-CREAM,34.27,litre
MR-0001984,PO-0000954,MAT-SEAL,427,each
MR-0001985,PO-0000955,MAT-SEAL,458,each
MR-0001986,PO-0000955,MAT-PUMP-CAP,461,each
MR-0001987,PO-0000956,MAT-PUMP-CAP,687,each
MR-0001988,PO-0000956,MAT-CARTON,706,each
MR-0001989,PO-0000957,MAT-SEAL,551,each
MR-0001990,PO-0000957,MAT-PUMP-CAP,548,each
MR-0001991,PO-0000958,MAT-BULK-CREAM,54.02,litre
MR-0001992,PO-0000958,MAT-SEAL,678,each
MR-0001993,PO-0000959,MAT-LABEL,952,each
MR-0001994,PO-0000959,MAT-BULK-CREAM,77.49,litre
MR-0001995,PO-0000960,MAT-LABEL,773,each
MR-0001996,PO-0000960,MAT-BULK-CREAM,61.43,litre
MR-0001997,PO-0000961,MAT-BULK-CREAM,64.27,litre
MR-0001998,PO-0000961,MAT-SEAL,778,each
MR-0001999,PO-0000962,MAT-PUMP-CAP,672,each
MR-0002000,PO-0000962,MAT-CARTON,660,each
MR-0002001,PO-0000963,MAT-BULK-CREAM,57.9,litre
MR-0002002,PO-0000963,MAT-SEAL,715,each
MR-0002003,PO-0000964,MAT-LABEL,1054,each
MR-0002004,PO-0000964,MAT-BULK-CREAM,84.95,litre
MR-0002005,PO-0000965,MAT-BULK-CREAM,53.64,litre
MR-0002006,PO-0000965,MAT-SEAL,671,each
MR-0002007,PO-0000966,MAT-SEAL,1053,each
MR-0002008,PO-0000966,MAT-PUMP-CAP,1072,each
MR-0002009,PO-0000967,MAT-CARTON,945,each
MR-0002010,PO-0000967,MAT-LABEL,943,each
MR-0002011,PO-0000968,MAT-CARTON,622,each
MR-0002012,PO-0000968,MAT-LABEL,600,each
MR-0002013,PO-0000969,MAT-LABEL,963,each
MR-0002014,PO-0000969,MAT-BULK-CREAM,79,litre
MR-0002015,PO-0000970,MAT-BULK-CREAM,48.12,litre
MR-0002016,PO-0000970,MAT-SEAL,610,each
MR-0002017,PO-0000971,MAT-SEAL,1179,each
MR-0002018,PO-0000971,MAT-PUMP-CAP,1204,each
MR-0002019,PO-0000972,MAT-PUMP-CAP,1435,each
MR-0002020,PO-0000972,MAT-CARTON,1394,each
MR-0002021,PO-0000972,MAT-LABEL,1428,each
MR-0002022,PO-0000973,MAT-CARTON,760,each
MR-0002023,PO-0000973,MAT-LABEL,765,each
MR-0002024,PO-0000974,MAT-LABEL,1399,each
MR-0002025,PO-0000974,MAT-BULK-CREAM,114.28,litre
MR-0002026,PO-0000974,MAT-SEAL,1392,each
MR-0002027,PO-0000975,MAT-BULK-CREAM,88.29,litre
MR-0002028,PO-0000975,MAT-SEAL,1056,each
MR-0002029,PO-0000976,MAT-SEAL,1443,each
MR-0002030,PO-0000976,MAT-PUMP-CAP,1494,each
MR-0002031,PO-0000976,MAT-CARTON,1464,each
MR-0002032,PO-0000977,MAT-PUMP-CAP,1126,each
MR-0002033,PO-0000977,MAT-CARTON,1132,each
MR-0002034,PO-0000978,MAT-CARTON,1412,each
MR-0002035,PO-0000978,MAT-LABEL,1358,each
MR-0002036,PO-0000979,MAT-LABEL,1028,each
MR-0002037,PO-0000979,MAT-BULK-CREAM,83.14,litre
MR-0002038,PO-0000980,MAT-PUMP-CAP,935,each
MR-0002039,PO-0000980,MAT-CARTON,931,each
MR-0002040,PO-0000981,MAT-SEAL,1450,each
MR-0002041,PO-0000981,MAT-PUMP-CAP,1496,each
MR-0002042,PO-0000981,MAT-CARTON,1482,each
MR-0002043,PO-0000982,MAT-PUMP-CAP,1100,each
MR-0002044,PO-0000982,MAT-CARTON,1120,each
MR-0002045,PO-0000983,MAT-CARTON,1453,each
MR-0002046,PO-0000983,MAT-LABEL,1456,each
MR-0002047,PO-0000983,MAT-BULK-CREAM,115.35,litre
MR-0002048,PO-0000984,MAT-LABEL,1196,each
MR-0002049,PO-0000984,MAT-BULK-CREAM,98.97,litre
MR-0002050,PO-0000985,MAT-BULK-CREAM,99.85,litre
MR-0002051,PO-0000985,MAT-SEAL,1267,each
MR-0002052,PO-0000986,MAT-PUMP-CAP,1378,each
MR-0002053,PO-0000986,MAT-CARTON,1387,each
MR-0002054,PO-0000987,MAT-PUMP-CAP,1104,each
MR-0002055,PO-0000987,MAT-CARTON,1078,each
MR-0002056,PO-0000988,MAT-PUMP-CAP,860,each
MR-0002057,PO-0000988,MAT-CARTON,848,each
MR-0002058,PO-0000989,MAT-BULK-CREAM,116.88,litre
MR-0002059,PO-0000989,MAT-SEAL,1463,each
MR-0002060,PO-0000989,MAT-PUMP-CAP,1511,each
MR-0002061,PO-0000990,MAT-SEAL,919,each
MR-0002062,PO-0000990,MAT-PUMP-CAP,955,each
MR-0002063,PO-0000991,MAT-PUMP-CAP,1388,each
MR-0002064,PO-0000991,MAT-CARTON,1379,each
MR-0002065,PO-0000992,MAT-CARTON,1402,each
MR-0002066,PO-0000992,MAT-LABEL,1374,each
MR-0002067,PO-0000993,MAT-SEAL,1129,each
MR-0002068,PO-0000993,MAT-PUMP-CAP,1153,each
MR-0002069,PO-0000994,MAT-BULK-CREAM,63.05,litre
MR-0002070,PO-0000994,MAT-SEAL,785,each
MR-0002071,PO-0000995,MAT-PUMP-CAP,820,each
MR-0002072,PO-0000995,MAT-CARTON,816,each
MR-0002073,PO-0000996,MAT-CARTON,1031,each
MR-0002074,PO-0000996,MAT-LABEL,1031,each
MR-0002075,PO-0000997,MAT-CARTON,783,each
MR-0002076,PO-0000997,MAT-LABEL,786,each
MR-0002077,PO-0000998,MAT-LABEL,1052,each
MR-0002078,PO-0000998,MAT-BULK-CREAM,83.46,litre
MR-0002079,PO-0000999,MAT-BULK-CREAM,114.54,litre
MR-0002080,PO-0000999,MAT-SEAL,1479,each
MR-0002081,PO-0000999,MAT-PUMP-CAP,1443,each
MR-0002082,PO-0001000,MAT-SEAL,1293,each
MR-0002083,PO-0001000,MAT-PUMP-CAP,1328,each
MR-0002084,PO-0001001,MAT-PUMP-CAP,942,each
MR-0002085,PO-0001001,MAT-CARTON,964,each
MR-0002086,PO-0001002,MAT-SEAL,1177,each
MR-0002087,PO-0001002,MAT-PUMP-CAP,1214,each
MR-0002088,PO-0001003,MAT-LABEL,1295,each
MR-0002089,PO-0001003,MAT-BULK-CREAM,102.36,litre
MR-0002090,PO-0001004,MAT-SEAL,660,each
MR-0002091,PO-0001004,MAT-PUMP-CAP,686,each
MR-0002092,PO-0001005,MAT-PUMP-CAP,730,each
MR-0002093,PO-0001005,MAT-CARTON,722,each
MR-0002094,PO-0001006,MAT-PUMP-CAP,924,each
MR-0002095,PO-0001006,MAT-CARTON,919,each
MR-0002096,PO-0001007,MAT-SEAL,959,each
MR-0002097,PO-0001007,MAT-PUMP-CAP,954,each
MR-0002098,PO-0001008,MAT-BULK-CREAM,53.9,litre
MR-0002099,PO-0001008,MAT-SEAL,672,each
MR-0002100,PO-0001009,MAT-LABEL,643,each
MR-0002101,PO-0001009,MAT-BULK-CREAM,52.31,litre
MR-0002102,PO-0001010,MAT-LABEL,1040,each
MR-0002103,PO-0001010,MAT-BULK-CREAM,82.23,litre
MR-0002104,PO-0001011,MAT-PUMP-CAP,1088,each
MR-0002105,PO-0001011,MAT-CARTON,1058,each
MR-0002106,PO-0001012,MAT-CARTON,773,each
MR-0002107,PO-0001012,MAT-LABEL,804,each
MR-0002108,PO-0001013,MAT-LABEL,756,each
MR-0002109,PO-0001013,MAT-BULK-CREAM,59.98,litre
MR-0002110,PO-0001014,MAT-BULK-CREAM,63.74,litre
MR-0002111,PO-0001014,MAT-SEAL,783,each
MR-0002112,PO-0001015,MAT-SEAL,894,each
MR-0002113,PO-0001015,MAT-PUMP-CAP,882,each
MR-0002114,PO-0001016,MAT-PUMP-CAP,720,each
MR-0002115,PO-0001016,MAT-CARTON,710,each
MR-0002116,PO-0001017,MAT-BULK-CREAM,40.89,litre
MR-0002117,PO-0001017,MAT-SEAL,508,each
MR-0002118,PO-0001018,MAT-CARTON,685,each
MR-0002119,PO-0001018,MAT-LABEL,678,each
MR-0002120,PO-0001019,MAT-BULK-CREAM,36.71,litre
MR-0002121,PO-0001019,MAT-SEAL,464,each
MR-0002122,PO-0001020,MAT-PUMP-CAP,805,each
MR-0002123,PO-0001020,MAT-CARTON,785,each
MR-0002124,PO-0001021,MAT-SEAL,937,each
MR-0002125,PO-0001021,MAT-PUMP-CAP,948,each
MR-0002126,PO-0001022,MAT-CARTON,503,each
MR-0002127,PO-0001022,MAT-LABEL,517,each
MR-0002128,PO-0001023,MAT-PUMP-CAP,717,each
MR-0002129,PO-0001023,MAT-CARTON,712,each
MR-0002130,PO-0001024,MAT-PUMP-CAP,923,each
MR-0002131,PO-0001024,MAT-CARTON,921,each
MR-0002132,PO-0001025,MAT-CARTON,533,each
MR-0002133,PO-0001025,MAT-LABEL,511,each
MR-0002134,PO-0001026,MAT-CARTON,522,each
MR-0002135,PO-0001026,MAT-LABEL,507,each
MR-0002136,PO-0001027,MAT-PUMP-CAP,748,each
MR-0002137,PO-0001027,MAT-CARTON,730,each
MR-0002138,PO-0001028,MAT-CARTON,807,each
MR-0002139,PO-0001028,MAT-LABEL,774,each
MR-0002140,PO-0001029,MAT-LABEL,502,each
MR-0002141,PO-0001029,MAT-BULK-CREAM,39.62,litre
MR-0002142,PO-0001030,MAT-BULK-CREAM,70.37,litre
MR-0002143,PO-0001030,MAT-SEAL,880,each
MR-0002144,PO-0001031,MAT-SEAL,553,each
MR-0002145,PO-0001031,MAT-PUMP-CAP,561,each
MR-0002146,PO-0001032,MAT-PUMP-CAP,746,each
MR-0002147,PO-0001032,MAT-CARTON,723,each
MR-0002148,PO-0001033,MAT-CARTON,1034,each
MR-0002149,PO-0001033,MAT-LABEL,989,each
MR-0002150,PO-0001034,MAT-BULK-CREAM,66.43,litre
MR-0002151,PO-0001034,MAT-SEAL,834,each
MR-0002152,PO-0001035,MAT-SEAL,542,each
MR-0002153,PO-0001035,MAT-PUMP-CAP,553,each
MR-0002154,PO-0001036,MAT-SEAL,1158,each
MR-0002155,PO-0001036,MAT-PUMP-CAP,1180,each
MR-0002156,PO-0001037,MAT-PUMP-CAP,940,each
MR-0002157,PO-0001037,MAT-CARTON,917,each
MR-0002158,PO-0001038,MAT-CARTON,1271,each
MR-0002159,PO-0001038,MAT-LABEL,1254,each
MR-0002160,PO-0001039,MAT-LABEL,703,each
MR-0002161,PO-0001039,MAT-BULK-CREAM,54.93,litre
MR-0002162,PO-0001040,MAT-BULK-CREAM,109.9,litre
MR-0002163,PO-0001040,MAT-SEAL,1406,each
MR-0002164,PO-0001041,MAT-BULK-CREAM,57.87,litre
MR-0002165,PO-0001041,MAT-SEAL,700,each
MR-0002166,PO-0001042,MAT-PUMP-CAP,840,each
MR-0002167,PO-0001042,MAT-CARTON,818,each
MR-0002168,PO-0001043,MAT-CARTON,1294,each
MR-0002169,PO-0001043,MAT-LABEL,1314,each
MR-0002170,PO-0001044,MAT-LABEL,1388,each
MR-0002171,PO-0001044,MAT-BULK-CREAM,108.79,litre
MR-0002172,PO-0001045,MAT-SEAL,1224,each
MR-0002173,PO-0001045,MAT-PUMP-CAP,1246,each
MR-0002174,PO-0001046,MAT-PUMP-CAP,1398,each
MR-0002175,PO-0001046,MAT-CARTON,1398,each
MR-0002176,PO-0001047,MAT-CARTON,1421,each
MR-0002177,PO-0001047,MAT-LABEL,1392,each
MR-0002178,PO-0001047,MAT-BULK-CREAM,110.19,litre
MR-0002179,PO-0001048,MAT-CARTON,1470,each
MR-0002180,PO-0001048,MAT-LABEL,1477,each
MR-0002181,PO-0001048,MAT-BULK-CREAM,119.93,litre
MR-0002182,PO-0001049,MAT-LABEL,958,each
MR-0002183,PO-0001049,MAT-BULK-CREAM,74.01,litre
MR-0002184,PO-0001050,MAT-CARTON,1411,each
MR-0002185,PO-0001050,MAT-LABEL,1404,each
MR-0002186,PO-0001051,MAT-SEAL,1172,each
MR-0002187,PO-0001051,MAT-PUMP-CAP,1228,each
MR-0002188,PO-0001052,MAT-CARTON,1006,each
MR-0002189,PO-0001052,MAT-LABEL,950,each
MR-0002190,PO-0001053,MAT-CARTON,1243,each
MR-0002191,PO-0001053,MAT-LABEL,1269,each
MR-0002192,PO-0001054,MAT-BULK-CREAM,56.76,litre
MR-0002193,PO-0001054,MAT-SEAL,736,each
MR-0002194,PO-0001055,MAT-CARTON,738,each
MR-0002195,PO-0001055,MAT-LABEL,731,each
MR-0002196,PO-0001056,MAT-BULK-CREAM,50.52,litre
MR-0002197,PO-0001056,MAT-SEAL,665,each
MR-0002198,PO-0001057,MAT-CARTON,909,each
MR-0002199,PO-0001057,MAT-LABEL,916,each
MR-0002200,PO-0001058,MAT-SEAL,1023,each
MR-0002201,PO-0001058,MAT-PUMP-CAP,1073,each
MR-0002202,PO-0001059,MAT-SEAL,1006,each
MR-0002203,PO-0001059,MAT-PUMP-CAP,1054,each
MR-0002204,PO-0001060,MAT-SEAL,613,each
MR-0002205,PO-0001060,MAT-PUMP-CAP,639,each
MR-0002206,PO-0001061,MAT-PUMP-CAP,1258,each
MR-0002207,PO-0001061,MAT-CARTON,1308,each
MR-0002208,PO-0001062,MAT-CARTON,1189,each
MR-0002209,PO-0001062,MAT-LABEL,1162,each
MR-0002210,PO-0001063,MAT-PUMP-CAP,1317,each
MR-0002211,PO-0001063,MAT-CARTON,1239,each
MR-0002212,PO-0001064,MAT-CARTON,1196,each
MR-0002213,PO-0001064,MAT-LABEL,1199,each
MR-0002214,PO-0001065,MAT-SEAL,758,each
MR-0002215,PO-0001065,MAT-PUMP-CAP,781,each
MR-0002216,PO-0001066,MAT-PUMP-CAP,1090,each
MR-0002217,PO-0001066,MAT-CARTON,1081,each
MR-0002218,PO-0001067,MAT-CARTON,640,each
MR-0002219,PO-0001067,MAT-LABEL,619,each
MR-0002220,PO-0001068,MAT-BULK-CREAM,47.32,litre
MR-0002221,PO-0001068,MAT-SEAL,597,each
MR-0002222,PO-0001069,MAT-SEAL,621,each
MR-0002223,PO-0001069,MAT-PUMP-CAP,628,each
MR-0002224,PO-0001070,MAT-SEAL,817,each
MR-0002225,PO-0001070,MAT-PUMP-CAP,821,each
MR-0002226,PO-0001071,MAT-CARTON,668,each
MR-0002227,PO-0001071,MAT-LABEL,658,each
MR-0002228,PO-0001072,MAT-SEAL,745,each
MR-0002229,PO-0001072,MAT-PUMP-CAP,746,each
MR-0002230,PO-0001073,MAT-BULK-CREAM,51.69,litre
MR-0002231,PO-0001073,MAT-SEAL,640,each
MR-0002232,PO-0001074,MAT-SEAL,889,each
MR-0002233,PO-0001074,MAT-PUMP-CAP,917,each
MR-0002234,PO-0001075,MAT-LABEL,777,each
MR-0002235,PO-0001075,MAT-BULK-CREAM,61.4,litre
MR-0002236,PO-0001076,MAT-CARTON,975,each
MR-0002237,PO-0001076,MAT-LABEL,994,each
MR-0002238,PO-0001077,MAT-SEAL,1032,each
MR-0002239,PO-0001077,MAT-PUMP-CAP,1071,each
MR-0002240,PO-0001078,MAT-LABEL,456,each
MR-0002241,PO-0001078,MAT-BULK-CREAM,38.22,litre
MR-0002242,PO-0001079,MAT-BULK-CREAM,45.7,litre
MR-0002243,PO-0001079,MAT-SEAL,593,each
MR-0002244,PO-0001080,MAT-SEAL,420,each
MR-0002245,PO-0001080,MAT-PUMP-CAP,432,each
MR-0002246,PO-0001081,MAT-CARTON,578,each
MR-0002247,PO-0001081,MAT-LABEL,579,each
MR-0002248,PO-0001082,MAT-CARTON,667,each
MR-0002249,PO-0001082,MAT-LABEL,662,each
MR-0002250,PO-0001083,MAT-LABEL,843,each
MR-0002251,PO-0001083,MAT-BULK-CREAM,67.16,litre
MR-0002252,PO-0001084,MAT-BULK-CREAM,50.91,litre
MR-0002253,PO-0001084,MAT-SEAL,618,each
MR-0002254,PO-0001085,MAT-SEAL,906,each
MR-0002255,PO-0001085,MAT-PUMP-CAP,930,each
MR-0002256,PO-0001086,MAT-PUMP-CAP,687,each
MR-0002257,PO-0001086,MAT-CARTON,689,each
MR-0002258,PO-0001087,MAT-BULK-CREAM,34.06,litre
MR-0002259,PO-0001087,MAT-SEAL,421,each
MR-0002260,PO-0001088,MAT-PUMP-CAP,810,each
MR-0002261,PO-0001088,MAT-CARTON,822,each
MR-0002262,PO-0001089,MAT-LABEL,592,each
MR-0002263,PO-0001089,MAT-BULK-CREAM,47.4,litre
MR-0002264,PO-0001090,MAT-CARTON,540,each
MR-0002265,PO-0001090,MAT-LABEL,519,each
MR-0002266,PO-0001091,MAT-BULK-CREAM,49.63,litre
MR-0002267,PO-0001091,MAT-SEAL,606,each
MR-0002268,PO-0001092,MAT-LABEL,725,each
MR-0002269,PO-0001092,MAT-BULK-CREAM,58.07,litre
MR-0002270,PO-0001093,MAT-CARTON,964,each
MR-0002271,PO-0001093,MAT-LABEL,996,each
MR-0002272,PO-0001094,MAT-BULK-CREAM,89.72,litre
MR-0002273,PO-0001094,MAT-SEAL,1128,each
MR-0002274,PO-0001095,MAT-BULK-CREAM,41.38,litre
MR-0002275,PO-0001095,MAT-SEAL,515,each
MR-0002276,PO-0001096,MAT-SEAL,754,each
MR-0002277,PO-0001096,MAT-PUMP-CAP,779,each
MR-0002278,PO-0001097,MAT-PUMP-CAP,874,each
MR-0002279,PO-0001097,MAT-CARTON,869,each
MR-0002280,PO-0001098,MAT-CARTON,932,each
MR-0002281,PO-0001098,MAT-LABEL,921,each
MR-0002282,PO-0001099,MAT-LABEL,1092,each
MR-0002283,PO-0001099,MAT-BULK-CREAM,88.78,litre
MR-0002284,PO-0001100,MAT-BULK-CREAM,41.07,litre
MR-0002285,PO-0001100,MAT-SEAL,525,each
MR-0002286,PO-0001101,MAT-SEAL,800,each
MR-0002287,PO-0001101,MAT-PUMP-CAP,810,each
MR-0002288,PO-0001102,MAT-PUMP-CAP,1391,each
MR-0002289,PO-0001102,MAT-CARTON,1396,each
MR-0002290,PO-0001103,MAT-CARTON,732,each
MR-0002291,PO-0001103,MAT-LABEL,722,each
MR-0002292,PO-0001104,MAT-LABEL,1342,each
MR-0002293,PO-0001104,MAT-BULK-CREAM,109.59,litre
MR-0002294,PO-0001105,MAT-BULK-CREAM,130,litre
MR-0002295,PO-0001105,MAT-SEAL,1547,each
MR-0002296,PO-0001105,MAT-PUMP-CAP,1578,each
MR-0002297,PO-0001106,MAT-BULK-CREAM,84.2,litre
MR-0002298,PO-0001106,MAT-SEAL,1055,each
MR-0002299,PO-0001107,MAT-PUMP-CAP,1670,each
MR-0002300,PO-0001107,MAT-CARTON,1624,each
MR-0002301,PO-0001107,MAT-LABEL,1590,each
MR-0002302,PO-0001108,MAT-CARTON,836,each
MR-0002303,PO-0001108,MAT-LABEL,824,each
MR-0002304,PO-0001109,MAT-LABEL,785,each
MR-0002305,PO-0001109,MAT-BULK-CREAM,65.09,litre
MR-0002306,PO-0001110,MAT-LABEL,1309,each
MR-0002307,PO-0001110,MAT-BULK-CREAM,108.35,litre
MR-0002308,PO-0001111,MAT-SEAL,1176,each
MR-0002309,PO-0001111,MAT-PUMP-CAP,1177,each
MR-0002310,PO-0001112,MAT-PUMP-CAP,1259,each
MR-0002311,PO-0001112,MAT-CARTON,1232,each
MR-0002312,PO-0001113,MAT-LABEL,740,each
MR-0002313,PO-0001113,MAT-BULK-CREAM,58.13,litre
MR-0002314,PO-0001114,MAT-SEAL,1049,each
MR-0002315,PO-0001114,MAT-PUMP-CAP,1058,each
MR-0002316,PO-0001115,MAT-CARTON,1001,each
MR-0002317,PO-0001115,MAT-LABEL,970,each
MR-0002318,PO-0001116,MAT-SEAL,1131,each
MR-0002319,PO-0001116,MAT-PUMP-CAP,1162,each
MR-0002320,PO-0001117,MAT-PUMP-CAP,1150,each
MR-0002321,PO-0001117,MAT-CARTON,1103,each
MR-0002322,PO-0001118,MAT-CARTON,945,each
MR-0002323,PO-0001118,MAT-LABEL,950,each
MR-0002324,PO-0001119,MAT-BULK-CREAM,113.09,litre
MR-0002325,PO-0001119,MAT-SEAL,1433,each
MR-0002326,PO-0001119,MAT-PUMP-CAP,1478,each
MR-0002327,PO-0001120,MAT-PUMP-CAP,1209,each
MR-0002328,PO-0001120,MAT-CARTON,1193,each
MR-0002329,PO-0001121,MAT-PUMP-CAP,1165,each
MR-0002330,PO-0001121,MAT-CARTON,1147,each
MR-0002331,PO-0001122,MAT-CARTON,1298,each
MR-0002332,PO-0001122,MAT-LABEL,1285,each
MR-0002333,PO-0001123,MAT-LABEL,1220,each
MR-0002334,PO-0001123,MAT-BULK-CREAM,97.38,litre
MR-0002335,PO-0001124,MAT-BULK-CREAM,72.51,litre
MR-0002336,PO-0001124,MAT-SEAL,913,each
MR-0002337,PO-0001125,MAT-SEAL,866,each
MR-0002338,PO-0001125,MAT-PUMP-CAP,866,each
MR-0002339,PO-0001126,MAT-PUMP-CAP,1082,each
MR-0002340,PO-0001126,MAT-CARTON,1049,each
MR-0002341,PO-0001127,MAT-CARTON,1068,each
MR-0002342,PO-0001127,MAT-LABEL,1019,each
MR-0002343,PO-0001128,MAT-BULK-CREAM,85.67,litre
MR-0002344,PO-0001128,MAT-SEAL,1104,each
MR-0002345,PO-0001129,MAT-BULK-CREAM,116.47,litre
MR-0002346,PO-0001129,MAT-SEAL,1428,each
MR-0002347,PO-0001129,MAT-PUMP-CAP,1480,each
MR-0002348,PO-0001130,MAT-LABEL,848,each
MR-0002349,PO-0001130,MAT-BULK-CREAM,69.8,litre
MR-0002350,PO-0001131,MAT-PUMP-CAP,937,each
MR-0002351,PO-0001131,MAT-CARTON,901,each
MR-0002352,PO-0001132,MAT-SEAL,1358,each
MR-0002353,PO-0001132,MAT-PUMP-CAP,1377,each
MR-0002354,PO-0001133,MAT-LABEL,1241,each
MR-0002355,PO-0001133,MAT-BULK-CREAM,95.62,litre
MR-0002356,PO-0001134,MAT-PUMP-CAP,883,each
MR-0002357,PO-0001134,MAT-CARTON,859,each
MR-0002358,PO-0001135,MAT-PUMP-CAP,974,each
MR-0002359,PO-0001135,MAT-CARTON,963,each
MR-0002360,PO-0001136,MAT-BULK-CREAM,87.36,litre
MR-0002361,PO-0001136,MAT-SEAL,1080,each
MR-0002362,PO-0001137,MAT-SEAL,1027,each
MR-0002363,PO-0001137,MAT-PUMP-CAP,1037,each
MR-0002364,PO-0001138,MAT-SEAL,652,each
MR-0002365,PO-0001138,MAT-PUMP-CAP,687,each
MR-0002366,PO-0001139,MAT-SEAL,923,each
MR-0002367,PO-0001139,MAT-PUMP-CAP,949,each
MR-0002368,PO-0001140,MAT-CARTON,535,each
MR-0002369,PO-0001140,MAT-LABEL,544,each
MR-0002370,PO-0001141,MAT-PUMP-CAP,611,each
MR-0002371,PO-0001141,MAT-CARTON,590,each
MR-0002372,PO-0001142,MAT-CARTON,940,each
MR-0002373,PO-0001142,MAT-LABEL,904,each
MR-0002374,PO-0001143,MAT-BULK-CREAM,44.71,litre
MR-0002375,PO-0001143,MAT-SEAL,543,each
MR-0002376,PO-0001144,MAT-BULK-CREAM,49.09,litre
MR-0002377,PO-0001144,MAT-SEAL,605,each
MR-0002378,PO-0001145,MAT-SEAL,717,each
MR-0002379,PO-0001145,MAT-PUMP-CAP,738,each
MR-0002380,PO-0001146,MAT-LABEL,701,each
MR-0002381,PO-0001146,MAT-BULK-CREAM,57.15,litre
MR-0002382,PO-0001147,MAT-CARTON,852,each
MR-0002383,PO-0001147,MAT-LABEL,831,each
MR-0002384,PO-0001148,MAT-LABEL,647,each
MR-0002385,PO-0001148,MAT-BULK-CREAM,51.18,litre
MR-0002386,PO-0001149,MAT-BULK-CREAM,68.29,litre
MR-0002387,PO-0001149,MAT-SEAL,872,each
MR-0002388,PO-0001150,MAT-BULK-CREAM,64.49,litre
MR-0002389,PO-0001150,MAT-SEAL,833,each
MR-0002390,PO-0001151,MAT-LABEL,568,each
MR-0002391,PO-0001151,MAT-BULK-CREAM,43.85,litre
MR-0002392,PO-0001152,MAT-CARTON,965,each
MR-0002393,PO-0001152,MAT-LABEL,958,each
MR-0002394,PO-0001153,MAT-SEAL,832,each
MR-0002395,PO-0001153,MAT-PUMP-CAP,859,each
MR-0002396,PO-0001154,MAT-CARTON,807,each
MR-0002397,PO-0001154,MAT-LABEL,792,each
MR-0002398,PO-0001155,MAT-LABEL,771,each
MR-0002399,PO-0001155,MAT-BULK-CREAM,61.6,litre
MR-0002400,PO-0001156,MAT-PUMP-CAP,757,each
MR-0002401,PO-0001156,MAT-CARTON,784,each
MR-0002402,PO-0001157,MAT-BULK-CREAM,63.1,litre
MR-0002403,PO-0001157,MAT-SEAL,778,each
MR-0002404,PO-0001158,MAT-CARTON,1121,each
MR-0002405,PO-0001158,MAT-LABEL,1112,each
MR-0002406,PO-0001159,MAT-LABEL,511,each
MR-0002407,PO-0001159,MAT-BULK-CREAM,38.99,litre
MR-0002408,PO-0001160,MAT-BULK-CREAM,44.95,litre
MR-0002409,PO-0001160,MAT-SEAL,561,each
MR-0002410,PO-0001161,MAT-SEAL,962,each
MR-0002411,PO-0001161,MAT-PUMP-CAP,1000,each
MR-0002412,PO-0001162,MAT-PUMP-CAP,780,each
MR-0002413,PO-0001162,MAT-CARTON,787,each
MR-0002414,PO-0001163,MAT-SEAL,700,each
MR-0002415,PO-0001163,MAT-PUMP-CAP,699,each
MR-0002416,PO-0001164,MAT-SEAL,1092,each
MR-0002417,PO-0001164,MAT-PUMP-CAP,1157,each
MR-0002418,PO-0001165,MAT-BULK-CREAM,59.17,litre
MR-0002419,PO-0001165,MAT-SEAL,761,each
MR-0002420,PO-0001166,MAT-SEAL,642,each
MR-0002421,PO-0001166,MAT-PUMP-CAP,663,each
MR-0002422,PO-0001167,MAT-PUMP-CAP,1010,each
MR-0002423,PO-0001167,MAT-CARTON,978,each
MR-0002424,PO-0001168,MAT-SEAL,1401,each
MR-0002425,PO-0001168,MAT-PUMP-CAP,1395,each
MR-0002426,PO-0001169,MAT-LABEL,1429,each
MR-0002427,PO-0001169,MAT-BULK-CREAM,114.4,litre
MR-0002428,PO-0001169,MAT-SEAL,1470,each
MR-0002429,PO-0001170,MAT-PUMP-CAP,1096,each
MR-0002430,PO-0001170,MAT-CARTON,1094,each
MR-0002431,PO-0001171,MAT-SEAL,831,each
MR-0002432,PO-0001171,MAT-PUMP-CAP,848,each
MR-0002433,PO-0001172,MAT-PUMP-CAP,1478,each
MR-0002434,PO-0001172,MAT-CARTON,1424,each
MR-0002435,PO-0001172,MAT-LABEL,1461,each
MR-0002436,PO-0001173,MAT-CARTON,718,each
MR-0002437,PO-0001173,MAT-LABEL,684,each
MR-0002438,PO-0001174,MAT-LABEL,1012,each
MR-0002439,PO-0001174,MAT-BULK-CREAM,82.97,litre
MR-0002440,PO-0001175,MAT-BULK-CREAM,97.46,litre
MR-0002441,PO-0001175,MAT-SEAL,1236,each
MR-0002442,PO-0001176,MAT-BULK-CREAM,80.61,litre
MR-0002443,PO-0001176,MAT-SEAL,1003,each
MR-0002444,PO-0001177,MAT-PUMP-CAP,1439,each
MR-0002445,PO-0001177,MAT-CARTON,1417,each
MR-0002446,PO-0001177,MAT-LABEL,1390,each
MR-0002447,PO-0001178,MAT-CARTON,871,each
MR-0002448,PO-0001178,MAT-LABEL,873,each
MR-0002449,PO-0001179,MAT-CARTON,1443,each
MR-0002450,PO-0001179,MAT-LABEL,1475,each
MR-0002451,PO-0001179,MAT-BULK-CREAM,114.23,litre
MR-0002452,PO-0001180,MAT-SEAL,698,each
MR-0002453,PO-0001180,MAT-PUMP-CAP,703,each
MR-0002454,PO-0001181,MAT-SEAL,1247,each
MR-0002455,PO-0001181,MAT-PUMP-CAP,1243,each
MR-0002456,PO-0001182,MAT-PUMP-CAP,1178,each
MR-0002457,PO-0001182,MAT-CARTON,1161,each
MR-0002458,PO-0001183,MAT-SEAL,690,each
MR-0002459,PO-0001183,MAT-PUMP-CAP,703,each
MR-0002460,PO-0001184,MAT-BULK-CREAM,51.52,litre
MR-0002461,PO-0001184,MAT-SEAL,651,each
MR-0002462,PO-0001185,MAT-SEAL,1064,each
MR-0002463,PO-0001185,MAT-PUMP-CAP,1080,each
MR-0002464,PO-0001186,MAT-CARTON,1483,each
MR-0002465,PO-0001186,MAT-LABEL,1421,each
MR-0002466,PO-0001186,MAT-BULK-CREAM,111.58,litre
MR-0002467,PO-0001187,MAT-CARTON,733,each
MR-0002468,PO-0001187,MAT-LABEL,716,each
MR-0002469,PO-0001188,MAT-LABEL,1348,each
MR-0002470,PO-0001188,MAT-BULK-CREAM,105.52,litre
MR-0002471,PO-0001189,MAT-BULK-CREAM,118.25,litre
MR-0002472,PO-0001189,MAT-SEAL,1459,each
MR-0002473,PO-0001189,MAT-PUMP-CAP,1473,each
MR-0002474,PO-0001190,MAT-SEAL,1016,each
MR-0002475,PO-0001190,MAT-PUMP-CAP,1021,each
MR-0002476,PO-0001191,MAT-PUMP-CAP,1129,each
MR-0002477,PO-0001191,MAT-CARTON,1119,each
MR-0002478,PO-0001192,MAT-CARTON,859,each
MR-0002479,PO-0001192,MAT-LABEL,876,each
MR-0002480,PO-0001193,MAT-SEAL,1146,each
MR-0002481,PO-0001193,MAT-PUMP-CAP,1165,each
MR-0002482,PO-0001194,MAT-BULK-CREAM,114,litre
MR-0002483,PO-0001194,MAT-SEAL,1427,each
MR-0002484,PO-0001194,MAT-PUMP-CAP,1489,each
MR-0002485,PO-0001195,MAT-SEAL,889,each
MR-0002486,PO-0001195,MAT-PUMP-CAP,903,each
MR-0002487,PO-0001196,MAT-PUMP-CAP,1301,each
MR-0002488,PO-0001196,MAT-CARTON,1339,each
MR-0002489,PO-0001197,MAT-BULK-CREAM,55.18,litre
MR-0002490,PO-0001197,MAT-SEAL,700,each
MR-0002491,PO-0001198,MAT-SEAL,1244,each
MR-0002492,PO-0001198,MAT-PUMP-CAP,1274,each
MR-0002493,PO-0001199,MAT-SEAL,948,each
MR-0002494,PO-0001199,MAT-PUMP-CAP,1008,each
MR-0002495,PO-0001200,MAT-LABEL,687,each
MR-0002496,PO-0001200,MAT-BULK-CREAM,54.54,litre
MR-0002497,PO-0001201,MAT-BULK-CREAM,76.36,litre
MR-0002498,PO-0001201,MAT-SEAL,952,each
MR-0002499,PO-0001202,MAT-BULK-CREAM,41.97,litre
MR-0002500,PO-0001202,MAT-SEAL,536,each
MR-0002501,PO-0001203,MAT-LABEL,1050,each
MR-0002502,PO-0001203,MAT-BULK-CREAM,82.67,litre
MR-0002503,PO-0001204,MAT-CARTON,901,each
MR-0002504,PO-0001204,MAT-LABEL,911,each
MR-0002505,PO-0001205,MAT-LABEL,1015,each
MR-0002506,PO-0001205,MAT-BULK-CREAM,81.83,litre
MR-0002507,PO-0001206,MAT-CARTON,914,each
MR-0002508,PO-0001206,MAT-LABEL,914,each
MR-0002509,PO-0001207,MAT-LABEL,974,each
MR-0002510,PO-0001207,MAT-BULK-CREAM,78.34,litre
MR-0002511,PO-0001208,MAT-LABEL,569,each
MR-0002512,PO-0001208,MAT-BULK-CREAM,46.23,litre
MR-0002513,PO-0001209,MAT-BULK-CREAM,57.52,litre
MR-0002514,PO-0001209,MAT-SEAL,718,each
MR-0002515,PO-0001210,MAT-SEAL,903,each
MR-0002516,PO-0001210,MAT-PUMP-CAP,921,each
MR-0002517,PO-0001211,MAT-PUMP-CAP,628,each
MR-0002518,PO-0001211,MAT-CARTON,600,each
MR-0002519,PO-0001212,MAT-CARTON,714,each
MR-0002520,PO-0001212,MAT-LABEL,738,each
MR-0002521,PO-0001213,MAT-LABEL,800,each
MR-0002522,PO-0001213,MAT-BULK-CREAM,64.85,litre
MR-0002523,PO-0001214,MAT-BULK-CREAM,50.48,litre
MR-0002524,PO-0001214,MAT-SEAL,639,each
MR-0002525,PO-0001215,MAT-BULK-CREAM,56.56,litre
MR-0002526,PO-0001215,MAT-SEAL,712,each
MR-0002527,PO-0001216,MAT-LABEL,430,each
MR-0002528,PO-0001216,MAT-BULK-CREAM,33.72,litre
MR-0002529,PO-0001217,MAT-BULK-CREAM,38.48,litre
MR-0002530,PO-0001217,MAT-SEAL,486,each
MR-0002531,PO-0001218,MAT-PUMP-CAP,511,each
MR-0002532,PO-0001218,MAT-CARTON,512,each
MR-0002533,PO-0001219,MAT-SEAL,501,each
MR-0002534,PO-0001219,MAT-PUMP-CAP,512,each
MR-0002535,PO-0001220,MAT-LABEL,757,each
MR-0002536,PO-0001220,MAT-BULK-CREAM,60.62,litre
MR-0002537,PO-0001221,MAT-LABEL,889,each
MR-0002538,PO-0001221,MAT-BULK-CREAM,71.77,litre
MR-0002539,PO-0001222,MAT-LABEL,534,each
MR-0002540,PO-0001222,MAT-BULK-CREAM,43.66,litre
MR-0002541,PO-0001223,MAT-CARTON,520,each
MR-0002542,PO-0001223,MAT-LABEL,497,each
MR-0002543,PO-0001224,MAT-LABEL,813,each
MR-0002544,PO-0001224,MAT-BULK-CREAM,64.23,litre
MR-0002545,PO-0001225,MAT-BULK-CREAM,46.75,litre
MR-0002546,PO-0001225,MAT-SEAL,576,each
MR-0002547,PO-0001226,MAT-SEAL,1003,each
MR-0002548,PO-0001226,MAT-PUMP-CAP,1061,each
MR-0002549,PO-0001227,MAT-PUMP-CAP,599,each
MR-0002550,PO-0001227,MAT-CARTON,599,each
MR-0002551,PO-0001228,MAT-CARTON,506,each
MR-0002552,PO-0001228,MAT-LABEL,528,each
MR-0002553,PO-0001229,MAT-LABEL,526,each
MR-0002554,PO-0001229,MAT-BULK-CREAM,42.36,litre
MR-0002555,PO-0001230,MAT-BULK-CREAM,62.63,litre
MR-0002556,PO-0001230,MAT-SEAL,789,each
MR-0002557,PO-0001231,MAT-SEAL,585,each
MR-0002558,PO-0001231,MAT-PUMP-CAP,596,each
MR-0002559,PO-0001232,MAT-PUMP-CAP,1539,each
MR-0002560,PO-0001232,MAT-CARTON,1523,each
MR-0002561,PO-0001232,MAT-LABEL,1437,each
MR-0002562,PO-0001233,MAT-LABEL,1151,each
MR-0002563,PO-0001233,MAT-BULK-CREAM,90.71,litre
MR-0002564,PO-0001234,MAT-LABEL,838,each
MR-0002565,PO-0001234,MAT-BULK-CREAM,67.61,litre
MR-0002566,PO-0001235,MAT-BULK-CREAM,108.86,litre
MR-0002567,PO-0001235,MAT-SEAL,1424,each
MR-0002568,PO-0001235,MAT-PUMP-CAP,1460,each
MR-0002569,PO-0001236,MAT-CARTON,1260,each
MR-0002570,PO-0001236,MAT-LABEL,1265,each
MR-0002571,PO-0001237,MAT-PUMP-CAP,1423,each
MR-0002572,PO-0001237,MAT-CARTON,1389,each
MR-0002573,PO-0001238,MAT-LABEL,1188,each
MR-0002574,PO-0001238,MAT-BULK-CREAM,94.68,litre
MR-0002575,PO-0001239,MAT-LABEL,1018,each
MR-0002576,PO-0001239,MAT-BULK-CREAM,80.31,litre
MR-0002577,PO-0001240,MAT-BULK-CREAM,93.94,litre
MR-0002578,PO-0001240,MAT-SEAL,1135,each
MR-0002579,PO-0001241,MAT-SEAL,968,each
MR-0002580,PO-0001241,MAT-PUMP-CAP,1023,each
MR-0002581,PO-0001242,MAT-PUMP-CAP,766,each
MR-0002582,PO-0001242,MAT-CARTON,769,each
MR-0002583,PO-0001243,MAT-CARTON,1322,each
MR-0002584,PO-0001243,MAT-LABEL,1331,each
MR-0002585,PO-0001244,MAT-BULK-CREAM,109.32,litre
MR-0002586,PO-0001244,MAT-SEAL,1364,each
MR-0002587,PO-0001245,MAT-BULK-CREAM,112.47,litre
MR-0002588,PO-0001245,MAT-SEAL,1377,each
MR-0002589,PO-0001246,MAT-SEAL,1243,each
MR-0002590,PO-0001246,MAT-PUMP-CAP,1263,each
MR-0002591,PO-0001247,MAT-PUMP-CAP,972,each
MR-0002592,PO-0001247,MAT-CARTON,984,each
MR-0002593,PO-0001248,MAT-CARTON,1494,each
MR-0002594,PO-0001248,MAT-LABEL,1489,each
MR-0002595,PO-0001248,MAT-BULK-CREAM,120.4,litre
MR-0002596,PO-0001249,MAT-BULK-CREAM,57.49,litre
MR-0002597,PO-0001249,MAT-SEAL,728,each
MR-0002598,PO-0001250,MAT-LABEL,1047,each
MR-0002599,PO-0001250,MAT-BULK-CREAM,82.04,litre
MR-0002600,PO-0001251,MAT-PUMP-CAP,1011,each
MR-0002601,PO-0001251,MAT-CARTON,1020,each
MR-0002602,PO-0001252,MAT-CARTON,703,each
MR-0002603,PO-0001252,MAT-LABEL,675,each
MR-0002604,PO-0001253,MAT-LABEL,1214,each
MR-0002605,PO-0001253,MAT-BULK-CREAM,97.71,litre
MR-0002606,PO-0001254,MAT-BULK-CREAM,78.76,litre
MR-0002607,PO-0001254,MAT-SEAL,980,each
MR-0002608,PO-0001255,MAT-CARTON,1119,each
MR-0002609,PO-0001255,MAT-LABEL,1132,each
MR-0002610,PO-0001256,MAT-PUMP-CAP,938,each
MR-0002611,PO-0001256,MAT-CARTON,926,each
MR-0002612,PO-0001257,MAT-SEAL,668,each
MR-0002613,PO-0001257,MAT-PUMP-CAP,681,each
MR-0002614,PO-0001258,MAT-SEAL,940,each
MR-0002615,PO-0001258,MAT-PUMP-CAP,955,each
MR-0002616,PO-0001259,MAT-BULK-CREAM,101.52,litre
MR-0002617,PO-0001259,MAT-SEAL,1280,each
MR-0002618,PO-0001260,MAT-SEAL,699,each
MR-0002619,PO-0001260,MAT-PUMP-CAP,673,each
MR-0002620,PO-0001261,MAT-PUMP-CAP,810,each
MR-0002621,PO-0001261,MAT-CARTON,809,each
MR-0002622,PO-0001262,MAT-CARTON,827,each
MR-0002623,PO-0001262,MAT-LABEL,823,each
MR-0002624,PO-0001263,MAT-LABEL,1486,each
MR-0002625,PO-0001263,MAT-BULK-CREAM,118.64,litre
MR-0002626,PO-0001263,MAT-SEAL,1496,each
MR-0002627,PO-0001264,MAT-BULK-CREAM,58.79,litre
MR-0002628,PO-0001264,MAT-SEAL,722,each
MR-0002629,PO-0001265,MAT-LABEL,1169,each
MR-0002630,PO-0001265,MAT-BULK-CREAM,93.37,litre
MR-0002631,PO-0001266,MAT-PUMP-CAP,1092,each
MR-0002632,PO-0001266,MAT-CARTON,1064,each
MR-0002633,PO-0001267,MAT-CARTON,813,each
MR-0002634,PO-0001267,MAT-LABEL,811,each
MR-0002635,PO-0001268,MAT-LABEL,992,each
MR-0002636,PO-0001268,MAT-BULK-CREAM,79.12,litre
MR-0002637,PO-0001269,MAT-BULK-CREAM,89.05,litre
MR-0002638,PO-0001269,MAT-SEAL,1130,each
MR-0002639,PO-0001270,MAT-PUMP-CAP,899,each
MR-0002640,PO-0001270,MAT-CARTON,919,each
MR-0002641,PO-0001271,MAT-CARTON,671,each
MR-0002642,PO-0001271,MAT-LABEL,670,each
MR-0002643,PO-0001272,MAT-CARTON,515,each
MR-0002644,PO-0001272,MAT-LABEL,519,each
MR-0002645,PO-0001273,MAT-LABEL,659,each
MR-0002646,PO-0001273,MAT-BULK-CREAM,51.96,litre
MR-0002647,PO-0001274,MAT-BULK-CREAM,50.59,litre
MR-0002648,PO-0001274,MAT-SEAL,618,each
MR-0002649,PO-0001275,MAT-SEAL,870,each
MR-0002650,PO-0001275,MAT-PUMP-CAP,921,each
MR-0002651,PO-0001276,MAT-PUMP-CAP,423,each
MR-0002652,PO-0001276,MAT-CARTON,406,each
MR-0002653,PO-0001277,MAT-CARTON,468,each
MR-0002654,PO-0001277,MAT-LABEL,451,each
MR-0002655,PO-0001278,MAT-LABEL,750,each
MR-0002656,PO-0001278,MAT-BULK-CREAM,59.65,litre
MR-0002657,PO-0001279,MAT-BULK-CREAM,63.35,litre
MR-0002658,PO-0001279,MAT-SEAL,798,each
MR-0002659,PO-0001280,MAT-PUMP-CAP,688,each
MR-0002660,PO-0001280,MAT-CARTON,693,each
MR-0002661,PO-0001281,MAT-CARTON,433,each
MR-0002662,PO-0001281,MAT-LABEL,434,each
MR-0002663,PO-0001282,MAT-SEAL,896,each
MR-0002664,PO-0001282,MAT-PUMP-CAP,933,each
MR-0002665,PO-0001283,MAT-SEAL,658,each
MR-0002666,PO-0001283,MAT-PUMP-CAP,657,each
MR-0002667,PO-0001284,MAT-BULK-CREAM,53.77,litre
MR-0002668,PO-0001284,MAT-SEAL,670,each
MR-0002669,PO-0001285,MAT-PUMP-CAP,855,each
MR-0002670,PO-0001285,MAT-CARTON,861,each
MR-0002671,PO-0001286,MAT-PUMP-CAP,510,each
MR-0002672,PO-0001286,MAT-CARTON,516,each
MR-0002673,PO-0001287,MAT-PUMP-CAP,996,each
MR-0002674,PO-0001287,MAT-CARTON,976,each
MR-0002675,PO-0001288,MAT-CARTON,988,each
MR-0002676,PO-0001288,MAT-LABEL,1007,each
MR-0002677,PO-0001289,MAT-LABEL,996,each
MR-0002678,PO-0001289,MAT-BULK-CREAM,81.14,litre
MR-0002679,PO-0001290,MAT-SEAL,994,each
MR-0002680,PO-0001290,MAT-PUMP-CAP,1030,each
MR-0002681,PO-0001291,MAT-SEAL,1022,each
MR-0002682,PO-0001291,MAT-PUMP-CAP,1023,each
MR-0002683,PO-0001292,MAT-PUMP-CAP,1147,each
MR-0002684,PO-0001292,MAT-CARTON,1159,each
MR-0002685,PO-0001293,MAT-CARTON,1116,each
MR-0002686,PO-0001293,MAT-LABEL,1042,each
MR-0002687,PO-0001294,MAT-BULK-CREAM,80.65,litre
MR-0002688,PO-0001294,MAT-SEAL,1015,each
MR-0002689,PO-0001295,MAT-PUMP-CAP,925,each
MR-0002690,PO-0001295,MAT-CARTON,952,each
MR-0002691,PO-0001296,MAT-SEAL,1014,each
MR-0002692,PO-0001296,MAT-PUMP-CAP,1025,each
MR-0002693,PO-0001297,MAT-PUMP-CAP,1486,each
MR-0002694,PO-0001297,MAT-CARTON,1425,each
MR-0002695,PO-0001297,MAT-LABEL,1401,each
MR-0002696,PO-0001298,MAT-LABEL,1271,each
MR-0002697,PO-0001298,MAT-BULK-CREAM,100.72,litre
MR-0002698,PO-0001299,MAT-LABEL,895,each
MR-0002699,PO-0001299,MAT-BULK-CREAM,72.42,litre
MR-0002700,PO-0001300,MAT-BULK-CREAM,73.89,litre
MR-0002701,PO-0001300,MAT-SEAL,918,each
MR-0002702,PO-0001301,MAT-SEAL,778,each
MR-0002703,PO-0001301,MAT-PUMP-CAP,813,each
MR-0002704,PO-0001302,MAT-CARTON,845,each
MR-0002705,PO-0001302,MAT-LABEL,808,each
MR-0002706,PO-0001303,MAT-CARTON,1148,each
MR-0002707,PO-0001303,MAT-LABEL,1169,each
MR-0002708,PO-0001304,MAT-LABEL,1331,each
MR-0002709,PO-0001304,MAT-BULK-CREAM,105.22,litre
MR-0002710,PO-0001305,MAT-BULK-CREAM,96.28,litre
MR-0002711,PO-0001305,MAT-SEAL,1170,each
MR-0002712,PO-0001306,MAT-LABEL,991,each
MR-0002713,PO-0001306,MAT-BULK-CREAM,79.72,litre
MR-0002714,PO-0001307,MAT-PUMP-CAP,1469,each
MR-0002715,PO-0001307,MAT-CARTON,1512,each
MR-0002716,PO-0001307,MAT-LABEL,1497,each
MR-0002717,PO-0001308,MAT-LABEL,1410,each
MR-0002718,PO-0001308,MAT-BULK-CREAM,111.03,litre
MR-0002719,PO-0001308,MAT-SEAL,1397,each
MR-0002720,PO-0001309,MAT-LABEL,1643,each
MR-0002721,PO-0001309,MAT-BULK-CREAM,126.67,litre
MR-0002722,PO-0001309,MAT-SEAL,1578,each
MR-0002723,PO-0001310,MAT-LABEL,767,each
MR-0002724,PO-0001310,MAT-BULK-CREAM,62.29,litre
MR-0002725,PO-0001311,MAT-SEAL,1438,each
MR-0002726,PO-0001311,MAT-PUMP-CAP,1404,each
MR-0002727,PO-0001311,MAT-CARTON,1404,each
MR-0002728,PO-0001312,MAT-PUMP-CAP,1534,each
MR-0002729,PO-0001312,MAT-CARTON,1464,each
MR-0002730,PO-0001312,MAT-LABEL,1485,each
MR-0002731,PO-0001313,MAT-LABEL,1385,each
MR-0002732,PO-0001313,MAT-BULK-CREAM,108.91,litre
MR-0002733,PO-0001313,MAT-SEAL,1398,each
MR-0002734,PO-0001314,MAT-BULK-CREAM,115.23,litre
MR-0002735,PO-0001314,MAT-SEAL,1421,each
MR-0002736,PO-0001314,MAT-PUMP-CAP,1478,each
MR-0002737,PO-0001315,MAT-SEAL,1430,each
MR-0002738,PO-0001315,MAT-PUMP-CAP,1421,each
MR-0002739,PO-0001315,MAT-CARTON,1430,each
MR-0002740,PO-0001316,MAT-PUMP-CAP,1194,each
MR-0002741,PO-0001316,MAT-CARTON,1156,each
MR-0002742,PO-0001317,MAT-CARTON,1463,each
MR-0002743,PO-0001317,MAT-LABEL,1478,each
MR-0002744,PO-0001317,MAT-BULK-CREAM,116.63,litre
MR-0002745,PO-0001318,MAT-SEAL,1133,each
MR-0002746,PO-0001318,MAT-PUMP-CAP,1200,each
MR-0002747,PO-0001319,MAT-BULK-CREAM,80.67,litre
MR-0002748,PO-0001319,MAT-SEAL,985,each
MR-0002749,PO-0001320,MAT-SEAL,942,each
MR-0002750,PO-0001320,MAT-PUMP-CAP,986,each
MR-0002751,PO-0001321,MAT-PUMP-CAP,1116,each
MR-0002752,PO-0001321,MAT-CARTON,1096,each
MR-0002753,PO-0001322,MAT-BULK-CREAM,105.94,litre
MR-0002754,PO-0001322,MAT-SEAL,1336,each
MR-0002755,PO-0001323,MAT-LABEL,657,each
MR-0002756,PO-0001323,MAT-BULK-CREAM,52.02,litre
MR-0002757,PO-0001324,MAT-CARTON,1192,each
MR-0002758,PO-0001324,MAT-LABEL,1172,each
MR-0002759,PO-0001325,MAT-SEAL,859,each
MR-0002760,PO-0001325,MAT-PUMP-CAP,845,each
MR-0002761,PO-0001326,MAT-PUMP-CAP,976,each
MR-0002762,PO-0001326,MAT-CARTON,942,each
MR-0002763,PO-0001327,MAT-CARTON,1071,each
MR-0002764,PO-0001327,MAT-LABEL,1058,each
MR-0002765,PO-0001328,MAT-SEAL,909,each
MR-0002766,PO-0001328,MAT-PUMP-CAP,906,each
MR-0002767,PO-0001329,MAT-CARTON,1182,each
MR-0002768,PO-0001329,MAT-LABEL,1204,each
MR-0002769,PO-0001330,MAT-SEAL,1231,each
MR-0002770,PO-0001330,MAT-PUMP-CAP,1258,each
MR-0002771,PO-0001331,MAT-BULK-CREAM,62.78,litre
MR-0002772,PO-0001331,MAT-SEAL,781,each
MR-0002773,PO-0001332,MAT-BULK-CREAM,65.69,litre
MR-0002774,PO-0001332,MAT-SEAL,814,each
MR-0002775,PO-0001333,MAT-SEAL,712,each
MR-0002776,PO-0001333,MAT-PUMP-CAP,751,each
MR-0002777,PO-0001334,MAT-SEAL,1072,each
MR-0002778,PO-0001334,MAT-PUMP-CAP,1088,each
MR-0002779,PO-0001335,MAT-SEAL,1098,each
MR-0002780,PO-0001335,MAT-PUMP-CAP,1116,each
MR-0002781,PO-0001336,MAT-PUMP-CAP,804,each
MR-0002782,PO-0001336,MAT-CARTON,802,each
MR-0002783,PO-0001337,MAT-CARTON,557,each
MR-0002784,PO-0001337,MAT-LABEL,561,each
MR-0002785,PO-0001338,MAT-LABEL,687,each
MR-0002786,PO-0001338,MAT-BULK-CREAM,54.32,litre
MR-0002787,PO-0001339,MAT-BULK-CREAM,53.2,litre
MR-0002788,PO-0001339,MAT-SEAL,637,each
MR-0002789,PO-0001340,MAT-SEAL,437,each
MR-0002790,PO-0001340,MAT-PUMP-CAP,446,each
MR-0002791,PO-0001341,MAT-PUMP-CAP,703,each
MR-0002792,PO-0001341,MAT-CARTON,700,each
MR-0002793,PO-0001342,MAT-CARTON,809,each
MR-0002794,PO-0001342,MAT-LABEL,817,each
MR-0002795,PO-0001343,MAT-BULK-CREAM,36.04,litre
MR-0002796,PO-0001343,MAT-SEAL,459,each
MR-0002797,PO-0001344,MAT-CARTON,709,each
MR-0002798,PO-0001344,MAT-LABEL,681,each
MR-0002799,PO-0001345,MAT-SEAL,902,each
MR-0002800,PO-0001345,MAT-PUMP-CAP,949,each
MR-0002801,PO-0001346,MAT-PUMP-CAP,910,each
MR-0002802,PO-0001346,MAT-CARTON,933,each
MR-0002803,PO-0001347,MAT-PUMP-CAP,735,each
MR-0002804,PO-0001347,MAT-CARTON,735,each
MR-0002805,PO-0001348,MAT-BULK-CREAM,39.52,litre
MR-0002806,PO-0001348,MAT-SEAL,502,each
MR-0002807,PO-0001349,MAT-BULK-CREAM,50.29,litre
MR-0002808,PO-0001349,MAT-SEAL,635,each
MR-0002809,PO-0001350,MAT-CARTON,533,each
MR-0002810,PO-0001350,MAT-LABEL,544,each
MR-0002811,PO-0001351,MAT-SEAL,1132,each
MR-0002812,PO-0001351,MAT-PUMP-CAP,1144,each
MR-0002813,PO-0001352,MAT-PUMP-CAP,620,each
MR-0002814,PO-0001352,MAT-CARTON,633,each
MR-0002815,PO-0001353,MAT-CARTON,1054,each
MR-0002816,PO-0001353,MAT-LABEL,1070,each
MR-0002817,PO-0001354,MAT-LABEL,701,each
MR-0002818,PO-0001354,MAT-BULK-CREAM,57.05,litre
MR-0002819,PO-0001355,MAT-BULK-CREAM,85.49,litre
MR-0002820,PO-0001355,MAT-SEAL,1038,each
MR-0002821,PO-0001356,MAT-SEAL,615,each
MR-0002822,PO-0001356,MAT-PUMP-CAP,630,each
MR-0002823,PO-0001357,MAT-PUMP-CAP,586,each
MR-0002824,PO-0001357,MAT-CARTON,563,each
MR-0002825,PO-0001358,MAT-CARTON,904,each
MR-0002826,PO-0001358,MAT-LABEL,939,each
MR-0002827,PO-0001359,MAT-LABEL,917,each
MR-0002828,PO-0001359,MAT-BULK-CREAM,76.04,litre
MR-0002829,PO-0001360,MAT-BULK-CREAM,87.15,litre
MR-0002830,PO-0001360,MAT-SEAL,1045,each
MR-0002831,PO-0001361,MAT-CARTON,1313,each
MR-0002832,PO-0001361,MAT-LABEL,1299,each
MR-0002833,PO-0001362,MAT-PUMP-CAP,1039,each
MR-0002834,PO-0001362,MAT-CARTON,1006,each
MR-0002835,PO-0001363,MAT-CARTON,999,each
MR-0002836,PO-0001363,MAT-LABEL,982,each
MR-0002837,PO-0001364,MAT-LABEL,1486,each
MR-0002838,PO-0001364,MAT-BULK-CREAM,115.64,litre
MR-0002839,PO-0001364,MAT-SEAL,1438,each
MR-0002840,PO-0001365,MAT-BULK-CREAM,86.76,litre
MR-0002841,PO-0001365,MAT-SEAL,1071,each
MR-0002842,PO-0001366,MAT-SEAL,802,each
MR-0002843,PO-0001366,MAT-PUMP-CAP,808,each
MR-0002844,PO-0001367,MAT-BULK-CREAM,115.34,litre
MR-0002845,PO-0001367,MAT-SEAL,1409,each
MR-0002846,PO-0001367,MAT-PUMP-CAP,1445,each
MR-0002847,PO-0001368,MAT-CARTON,1362,each
MR-0002848,PO-0001368,MAT-LABEL,1355,each
MR-0002849,PO-0001369,MAT-LABEL,1259,each
MR-0002850,PO-0001369,MAT-BULK-CREAM,98.28,litre
MR-0002851,PO-0001370,MAT-SEAL,1178,each
MR-0002852,PO-0001370,MAT-PUMP-CAP,1202,each
MR-0002853,PO-0001371,MAT-SEAL,708,each
MR-0002854,PO-0001371,MAT-PUMP-CAP,722,each
MR-0002855,PO-0001372,MAT-CARTON,1489,each
MR-0002856,PO-0001372,MAT-LABEL,1466,each
MR-0002857,PO-0001372,MAT-BULK-CREAM,116.55,litre
MR-0002858,PO-0001373,MAT-BULK-CREAM,109.84,litre
MR-0002859,PO-0001373,MAT-SEAL,1359,each
MR-0002860,PO-0001374,MAT-LABEL,1074,each
MR-0002861,PO-0001374,MAT-BULK-CREAM,84.06,litre
MR-0002862,PO-0001375,MAT-BULK-CREAM,89.97,litre
MR-0002863,PO-0001375,MAT-SEAL,1079,each
MR-0002864,PO-0001376,MAT-SEAL,981,each
MR-0002865,PO-0001376,MAT-PUMP-CAP,1035,each
MR-0002866,PO-0001377,MAT-SEAL,803,each
MR-0002867,PO-0001377,MAT-PUMP-CAP,832,each
MR-0002868,PO-0001378,MAT-LABEL,1084,each
MR-0002869,PO-0001378,MAT-BULK-CREAM,85.74,litre
MR-0002870,PO-0001379,MAT-BULK-CREAM,96.15,litre
MR-0002871,PO-0001379,MAT-SEAL,1214,each
MR-0002872,PO-0001380,MAT-LABEL,1126,each
MR-0002873,PO-0001380,MAT-BULK-CREAM,93.43,litre
MR-0002874,PO-0001381,MAT-BULK-CREAM,85.03,litre
MR-0002875,PO-0001381,MAT-SEAL,1088,each
MR-0002876,PO-0001382,MAT-CARTON,878,each
MR-0002877,PO-0001382,MAT-LABEL,885,each
MR-0002878,PO-0001383,MAT-LABEL,778,each
MR-0002879,PO-0001383,MAT-BULK-CREAM,61.58,litre
MR-0002880,PO-0001384,MAT-BULK-CREAM,106.82,litre
MR-0002881,PO-0001384,MAT-SEAL,1333,each
MR-0002882,PO-0001385,MAT-SEAL,692,each
MR-0002883,PO-0001385,MAT-PUMP-CAP,697,each
MR-0002884,PO-0001386,MAT-CARTON,1282,each
MR-0002885,PO-0001386,MAT-LABEL,1321,each
MR-0002886,PO-0001387,MAT-CARTON,980,each
MR-0002887,PO-0001387,MAT-LABEL,941,each
MR-0002888,PO-0001388,MAT-SEAL,1013,each
MR-0002889,PO-0001388,MAT-PUMP-CAP,1059,each
MR-0002890,PO-0001389,MAT-PUMP-CAP,1129,each
MR-0002891,PO-0001389,MAT-CARTON,1077,each
MR-0002892,PO-0001390,MAT-PUMP-CAP,1439,each
MR-0002893,PO-0001390,MAT-CARTON,1383,each
MR-0002894,PO-0001390,MAT-LABEL,1387,each
MR-0002895,PO-0001391,MAT-BULK-CREAM,53.87,litre
MR-0002896,PO-0001391,MAT-SEAL,678,each
MR-0002897,PO-0001392,MAT-CARTON,1034,each
MR-0002898,PO-0001392,MAT-LABEL,998,each
MR-0002899,PO-0001393,MAT-SEAL,947,each
MR-0002900,PO-0001393,MAT-PUMP-CAP,931,each
MR-0002901,PO-0001394,MAT-PUMP-CAP,724,each
MR-0002902,PO-0001394,MAT-CARTON,690,each
MR-0002903,PO-0001395,MAT-PUMP-CAP,552,each
MR-0002904,PO-0001395,MAT-CARTON,572,each
MR-0002905,PO-0001396,MAT-LABEL,670,each
MR-0002906,PO-0001396,MAT-BULK-CREAM,54.08,litre
MR-0002907,PO-0001397,MAT-LABEL,1102,each
MR-0002908,PO-0001397,MAT-BULK-CREAM,88.62,litre
MR-0002909,PO-0001398,MAT-LABEL,1030,each
MR-0002910,PO-0001398,MAT-BULK-CREAM,83.24,litre
MR-0002911,PO-0001399,MAT-BULK-CREAM,68.12,litre
MR-0002912,PO-0001399,MAT-SEAL,867,each
MR-0002913,PO-0001400,MAT-SEAL,585,each
MR-0002914,PO-0001400,MAT-PUMP-CAP,596,each
MR-0002915,PO-0001401,MAT-PUMP-CAP,916,each
MR-0002916,PO-0001401,MAT-CARTON,902,each
MR-0002917,PO-0001402,MAT-CARTON,500,each
MR-0002918,PO-0001402,MAT-LABEL,486,each
MR-0002919,PO-0001403,MAT-LABEL,812,each
MR-0002920,PO-0001403,MAT-BULK-CREAM,65.38,litre
MR-0002921,PO-0001404,MAT-BULK-CREAM,47,litre
MR-0002922,PO-0001404,MAT-SEAL,585,each
MR-0002923,PO-0001405,MAT-SEAL,877,each
MR-0002924,PO-0001405,MAT-PUMP-CAP,909,each
MR-0002925,PO-0001406,MAT-PUMP-CAP,895,each
MR-0002926,PO-0001406,MAT-CARTON,875,each
MR-0002927,PO-0001407,MAT-CARTON,796,each
MR-0002928,PO-0001407,MAT-LABEL,751,each
MR-0002929,PO-0001408,MAT-BULK-CREAM,51.73,litre
MR-0002930,PO-0001408,MAT-SEAL,651,each
MR-0002931,PO-0001409,MAT-CARTON,804,each
MR-0002932,PO-0001409,MAT-LABEL,791,each
MR-0002933,PO-0001410,MAT-CARTON,874,each
MR-0002934,PO-0001410,MAT-LABEL,885,each
MR-0002935,PO-0001411,MAT-LABEL,565,each
MR-0002936,PO-0001411,MAT-BULK-CREAM,46.67,litre
MR-0002937,PO-0001412,MAT-LABEL,491,each
MR-0002938,PO-0001412,MAT-BULK-CREAM,38.92,litre
MR-0002939,PO-0001413,MAT-BULK-CREAM,48.64,litre
MR-0002940,PO-0001413,MAT-SEAL,601,each
MR-0002941,PO-0001414,MAT-SEAL,722,each
MR-0002942,PO-0001414,MAT-PUMP-CAP,761,each
MR-0002943,PO-0001415,MAT-CARTON,1005,each
MR-0002944,PO-0001415,MAT-LABEL,1016,each
MR-0002945,PO-0001416,MAT-SEAL,1014,each
MR-0002946,PO-0001416,MAT-PUMP-CAP,1073,each
MR-0002947,PO-0001417,MAT-PUMP-CAP,647,each
MR-0002948,PO-0001417,MAT-CARTON,622,each
MR-0002949,PO-0001418,MAT-LABEL,962,each
MR-0002950,PO-0001418,MAT-BULK-CREAM,77.59,litre
MR-0002951,PO-0001419,MAT-LABEL,574,each
MR-0002952,PO-0001419,MAT-BULK-CREAM,45.77,litre
MR-0002953,PO-0001420,MAT-SEAL,1107,each
MR-0002954,PO-0001420,MAT-PUMP-CAP,1116,each
MR-0002955,PO-0001421,MAT-SEAL,929,each
MR-0002956,PO-0001421,MAT-PUMP-CAP,948,each
MR-0002957,PO-0001422,MAT-BULK-CREAM,39.91,litre
MR-0002958,PO-0001422,MAT-SEAL,511,each
MR-0002959,PO-0001423,MAT-CARTON,680,each
MR-0002960,PO-0001423,MAT-LABEL,664,each
MR-0002961,PO-0001424,MAT-LABEL,923,each
MR-0002962,PO-0001424,MAT-BULK-CREAM,73.73,litre
MR-0002963,PO-0001425,MAT-SEAL,1203,each
MR-0002964,PO-0001425,MAT-PUMP-CAP,1253,each
MR-0002965,PO-0001426,MAT-SEAL,1424,each
MR-0002966,PO-0001426,MAT-PUMP-CAP,1417,each
MR-0002967,PO-0001426,MAT-CARTON,1434,each
MR-0002968,PO-0001427,MAT-PUMP-CAP,1517,each
MR-0002969,PO-0001427,MAT-CARTON,1548,each
MR-0002970,PO-0001427,MAT-LABEL,1484,each
MR-0002971,PO-0001428,MAT-CARTON,1266,each
MR-0002972,PO-0001428,MAT-LABEL,1264,each
MR-0002973,PO-0001429,MAT-LABEL,1055,each
MR-0002974,PO-0001429,MAT-BULK-CREAM,85.02,litre
MR-0002975,PO-0001430,MAT-BULK-CREAM,74.94,litre
MR-0002976,PO-0001430,MAT-SEAL,908,each
MR-0002977,PO-0001431,MAT-SEAL,982,each
MR-0002978,PO-0001431,MAT-PUMP-CAP,987,each
MR-0002979,PO-0001432,MAT-PUMP-CAP,756,each
MR-0002980,PO-0001432,MAT-CARTON,749,each
MR-0002981,PO-0001433,MAT-SEAL,1005,each
MR-0002982,PO-0001433,MAT-PUMP-CAP,1029,each
MR-0002983,PO-0001434,MAT-LABEL,1059,each
MR-0002984,PO-0001434,MAT-BULK-CREAM,87.71,litre
MR-0002985,PO-0001435,MAT-LABEL,1455,each
MR-0002986,PO-0001435,MAT-BULK-CREAM,115.98,litre
MR-0002987,PO-0001435,MAT-SEAL,1464,each
MR-0002988,PO-0001436,MAT-LABEL,1067,each
MR-0002989,PO-0001436,MAT-BULK-CREAM,82.43,litre
MR-0002990,PO-0001437,MAT-PUMP-CAP,692,each
MR-0002991,PO-0001437,MAT-CARTON,710,each
MR-0002992,PO-0001438,MAT-CARTON,956,each
MR-0002993,PO-0001438,MAT-LABEL,992,each
MR-0002994,PO-0001439,MAT-LABEL,674,each
MR-0002995,PO-0001439,MAT-BULK-CREAM,54.16,litre
MR-0002996,PO-0001440,MAT-BULK-CREAM,113.35,litre
MR-0002997,PO-0001440,MAT-SEAL,1470,each
MR-0002998,PO-0001440,MAT-PUMP-CAP,1463,each
MR-0002999,PO-0001441,MAT-SEAL,835,each
MR-0003000,PO-0001441,MAT-PUMP-CAP,845,each
MR-0003001,PO-0001442,MAT-BULK-CREAM,108.69,litre
MR-0003002,PO-0001442,MAT-SEAL,1370,each
MR-0003003,PO-0001443,MAT-LABEL,993,each
MR-0003004,PO-0001443,MAT-BULK-CREAM,79.23,litre
MR-0003005,PO-0001444,MAT-BULK-CREAM,69.69,litre
MR-0003006,PO-0001444,MAT-SEAL,871,each
MR-0003007,PO-0001445,MAT-SEAL,1342,each
MR-0003008,PO-0001445,MAT-PUMP-CAP,1392,each
MR-0003009,PO-0001446,MAT-PUMP-CAP,806,each
MR-0003010,PO-0001446,MAT-CARTON,770,each
MR-0003011,PO-0001447,MAT-CARTON,1228,each
MR-0003012,PO-0001447,MAT-LABEL,1204,each
MR-0003013,PO-0001448,MAT-LABEL,1266,each
MR-0003014,PO-0001448,MAT-BULK-CREAM,104.12,litre
MR-0003015,PO-0001449,MAT-SEAL,1379,each
MR-0003016,PO-0001449,MAT-PUMP-CAP,1365,each
MR-0003017,PO-0001450,MAT-SEAL,1179,each
MR-0003018,PO-0001450,MAT-PUMP-CAP,1208,each
MR-0003019,PO-0001451,MAT-CARTON,691,each
MR-0003020,PO-0001451,MAT-LABEL,680,each
MR-0003021,PO-0001452,MAT-CARTON,1109,each
MR-0003022,PO-0001452,MAT-LABEL,1125,each
MR-0003023,PO-0001453,MAT-LABEL,1211,each
MR-0003024,PO-0001453,MAT-BULK-CREAM,95.14,litre
MR-0003025,PO-0001454,MAT-BULK-CREAM,66.66,litre
MR-0003026,PO-0001454,MAT-SEAL,809,each
MR-0003027,PO-0001455,MAT-SEAL,1258,each
MR-0003028,PO-0001455,MAT-PUMP-CAP,1281,each
MR-0003029,PO-0001456,MAT-PUMP-CAP,1246,each
MR-0003030,PO-0001456,MAT-CARTON,1272,each
MR-0003031,PO-0001457,MAT-CARTON,718,each
MR-0003032,PO-0001457,MAT-LABEL,717,each
MR-0003033,PO-0001458,MAT-PUMP-CAP,1102,each
MR-0003034,PO-0001458,MAT-CARTON,1077,each
MR-0003035,PO-0001459,MAT-PUMP-CAP,597,each
MR-0003036,PO-0001459,MAT-CARTON,613,each
MR-0003037,PO-0001460,MAT-PUMP-CAP,729,each
MR-0003038,PO-0001460,MAT-CARTON,734,each
MR-0003039,PO-0001461,MAT-CARTON,727,each
MR-0003040,PO-0001461,MAT-LABEL,727,each
MR-0003041,PO-0001462,MAT-LABEL,1001,each
MR-0003042,PO-0001462,MAT-BULK-CREAM,79.75,litre
MR-0003043,PO-0001463,MAT-PUMP-CAP,636,each
MR-0003044,PO-0001463,MAT-CARTON,631,each
MR-0003045,PO-0001464,MAT-PUMP-CAP,894,each
MR-0003046,PO-0001464,MAT-CARTON,900,each
MR-0003047,PO-0001465,MAT-SEAL,904,each
MR-0003048,PO-0001465,MAT-PUMP-CAP,885,each
MR-0003049,PO-0001466,MAT-PUMP-CAP,699,each
MR-0003050,PO-0001466,MAT-CARTON,699,each
MR-0003051,PO-0001467,MAT-CARTON,900,each
MR-0003052,PO-0001467,MAT-LABEL,893,each
MR-0003053,PO-0001468,MAT-LABEL,503,each
MR-0003054,PO-0001468,MAT-BULK-CREAM,39.13,litre
MR-0003055,PO-0001469,MAT-BULK-CREAM,54.4,litre
MR-0003056,PO-0001469,MAT-SEAL,680,each
MR-0003057,PO-0001470,MAT-SEAL,646,each
MR-0003058,PO-0001470,MAT-PUMP-CAP,639,each
MR-0003059,PO-0001471,MAT-PUMP-CAP,537,each
MR-0003060,PO-0001471,MAT-CARTON,526,each
MR-0003061,PO-0001472,MAT-BULK-CREAM,65.04,litre
MR-0003062,PO-0001472,MAT-SEAL,804,each
MR-0003063,PO-0001473,MAT-PUMP-CAP,426,each
MR-0003064,PO-0001473,MAT-CARTON,407,each
MR-0003065,PO-0001474,MAT-SEAL,594,each
MR-0003066,PO-0001474,MAT-PUMP-CAP,592,each
MR-0003067,PO-0001475,MAT-PUMP-CAP,466,each
MR-0003068,PO-0001475,MAT-CARTON,455,each
MR-0003069,PO-0001476,MAT-CARTON,730,each
MR-0003070,PO-0001476,MAT-LABEL,732,each
MR-0003071,PO-0001477,MAT-SEAL,498,each
MR-0003072,PO-0001477,MAT-PUMP-CAP,510,each
MR-0003073,PO-0001478,MAT-PUMP-CAP,727,each
MR-0003074,PO-0001478,MAT-CARTON,734,each
MR-0003075,PO-0001479,MAT-LABEL,652,each
MR-0003076,PO-0001479,MAT-BULK-CREAM,53.4,litre
MR-0003077,PO-0001480,MAT-BULK-CREAM,64.61,litre
MR-0003078,PO-0001480,MAT-SEAL,783,each
MR-0003079,PO-0001481,MAT-SEAL,870,each
MR-0003080,PO-0001481,MAT-PUMP-CAP,865,each
MR-0003081,PO-0001482,MAT-PUMP-CAP,1166,each
MR-0003082,PO-0001482,MAT-CARTON,1169,each
MR-0003083,PO-0001483,MAT-CARTON,717,each
MR-0003084,PO-0001483,MAT-LABEL,697,each
MR-0003085,PO-0001484,MAT-LABEL,896,each
MR-0003086,PO-0001484,MAT-BULK-CREAM,71.4,litre
MR-0003087,PO-0001485,MAT-BULK-CREAM,89.25,litre
MR-0003088,PO-0001485,MAT-SEAL,1097,each
MR-0003089,PO-0001486,MAT-BULK-CREAM,79.44,litre
MR-0003090,PO-0001486,MAT-SEAL,1010,each
MR-0003091,PO-0001487,MAT-PUMP-CAP,1165,each
MR-0003092,PO-0001487,MAT-CARTON,1153,each
MR-0003093,PO-0001488,MAT-CARTON,647,each
MR-0003094,PO-0001488,MAT-LABEL,654,each
MR-0003095,PO-0001489,MAT-LABEL,832,each
MR-0003096,PO-0001489,MAT-BULK-CREAM,63.74,litre
MR-0003097,PO-0001490,MAT-SEAL,1369,each
MR-0003098,PO-0001490,MAT-PUMP-CAP,1369,each
MR-0003099,PO-0001491,MAT-SEAL,1430,each
MR-0003100,PO-0001491,MAT-PUMP-CAP,1365,each
MR-0003101,PO-0001492,MAT-CARTON,1196,each
MR-0003102,PO-0001492,MAT-LABEL,1171,each
MR-0003103,PO-0001493,MAT-BULK-CREAM,56.38,litre
MR-0003104,PO-0001493,MAT-SEAL,719,each
MR-0003105,PO-0001494,MAT-LABEL,1165,each
MR-0003106,PO-0001494,MAT-BULK-CREAM,92.24,litre
MR-0003107,PO-0001495,MAT-BULK-CREAM,112.62,litre
MR-0003108,PO-0001495,MAT-SEAL,1359,each
MR-0003109,PO-0001495,MAT-PUMP-CAP,1375,each
MR-0003110,PO-0001496,MAT-SEAL,1202,each
MR-0003111,PO-0001496,MAT-PUMP-CAP,1229,each
MR-0003112,PO-0001497,MAT-BULK-CREAM,101.94,litre
MR-0003113,PO-0001497,MAT-SEAL,1248,each
MR-0003114,PO-0001498,MAT-CARTON,1025,each
MR-0003115,PO-0001498,MAT-LABEL,1002,each
MR-0003116,PO-0001499,MAT-SEAL,1101,each
MR-0003117,PO-0001499,MAT-PUMP-CAP,1171,each
MR-0003118,PO-0001500,MAT-BULK-CREAM,120.87,litre
MR-0003119,PO-0001500,MAT-SEAL,1515,each
MR-0003120,PO-0001500,MAT-PUMP-CAP,1529,each
MR-0003121,PO-0001501,MAT-SEAL,1472,each
MR-0003122,PO-0001501,MAT-PUMP-CAP,1465,each
MR-0003123,PO-0001501,MAT-CARTON,1497,each
MR-0003124,PO-0001502,MAT-CARTON,945,each
MR-0003125,PO-0001502,MAT-LABEL,932,each
MR-0003126,PO-0001503,MAT-CARTON,711,each
MR-0003127,PO-0001503,MAT-LABEL,705,each
MR-0003128,PO-0001504,MAT-LABEL,718,each
MR-0003129,PO-0001504,MAT-BULK-CREAM,56.13,litre
MR-0003130,PO-0001505,MAT-BULK-CREAM,68.04,litre
MR-0003131,PO-0001505,MAT-SEAL,883,each
MR-0003132,PO-0001506,MAT-SEAL,768,each
MR-0003133,PO-0001506,MAT-PUMP-CAP,770,each
MR-0003134,PO-0001507,MAT-BULK-CREAM,80.4,litre
MR-0003135,PO-0001507,MAT-SEAL,1037,each
MR-0003136,PO-0001508,MAT-LABEL,749,each
MR-0003137,PO-0001508,MAT-BULK-CREAM,57.47,litre
MR-0003138,PO-0001509,MAT-BULK-CREAM,92.12,litre
MR-0003139,PO-0001509,MAT-SEAL,1171,each
MR-0003140,PO-0001510,MAT-SEAL,1239,each
MR-0003141,PO-0001510,MAT-PUMP-CAP,1267,each
MR-0003142,PO-0001511,MAT-PUMP-CAP,909,each
MR-0003143,PO-0001511,MAT-CARTON,898,each
MR-0003144,PO-0001512,MAT-CARTON,620,each
MR-0003145,PO-0001512,MAT-LABEL,612,each
MR-0003146,PO-0001513,MAT-LABEL,727,each
MR-0003147,PO-0001513,MAT-BULK-CREAM,56.49,litre
MR-0003148,PO-0001514,MAT-BULK-CREAM,64.01,litre
MR-0003149,PO-0001514,MAT-SEAL,792,each
MR-0003150,PO-0001515,MAT-LABEL,717,each
MR-0003151,PO-0001515,MAT-BULK-CREAM,58.85,litre
MR-0003152,PO-0001516,MAT-PUMP-CAP,1015,each
MR-0003153,PO-0001516,MAT-CARTON,1008,each
MR-0003154,PO-0001517,MAT-CARTON,1195,each
MR-0003155,PO-0001517,MAT-LABEL,1200,each
MR-0003156,PO-0001518,MAT-LABEL,742,each
MR-0003157,PO-0001518,MAT-BULK-CREAM,59.56,litre
MR-0003158,PO-0001519,MAT-SEAL,676,each
MR-0003159,PO-0001519,MAT-PUMP-CAP,679,each
MR-0003160,PO-0001520,MAT-SEAL,1145,each
MR-0003161,PO-0001520,MAT-PUMP-CAP,1174,each
MR-0003162,PO-0001521,MAT-PUMP-CAP,1249,each
MR-0003163,PO-0001521,MAT-CARTON,1229,each
MR-0003164,PO-0001522,MAT-CARTON,1121,each
MR-0003165,PO-0001522,MAT-LABEL,1077,each
MR-0003166,PO-0001523,MAT-LABEL,795,each
MR-0003167,PO-0001523,MAT-BULK-CREAM,64.6,litre
MR-0003168,PO-0001524,MAT-LABEL,613,each
MR-0003169,PO-0001524,MAT-BULK-CREAM,48.66,litre
MR-0003170,PO-0001525,MAT-LABEL,559,each
MR-0003171,PO-0001525,MAT-BULK-CREAM,44.35,litre
MR-0003172,PO-0001526,MAT-PUMP-CAP,1031,each
MR-0003173,PO-0001526,MAT-CARTON,1021,each
MR-0003174,PO-0001527,MAT-BULK-CREAM,53.03,litre
MR-0003175,PO-0001527,MAT-SEAL,671,each
MR-0003176,PO-0001528,MAT-PUMP-CAP,644,each
MR-0003177,PO-0001528,MAT-CARTON,618,each
MR-0003178,PO-0001529,MAT-BULK-CREAM,59.03,litre
MR-0003179,PO-0001529,MAT-SEAL,717,each
MR-0003180,PO-0001530,MAT-SEAL,1203,each
MR-0003181,PO-0001530,MAT-PUMP-CAP,1254,each
MR-0003182,PO-0001531,MAT-PUMP-CAP,565,each
MR-0003183,PO-0001531,MAT-CARTON,568,each
MR-0003184,PO-0001532,MAT-CARTON,791,each
MR-0003185,PO-0001532,MAT-LABEL,799,each
MR-0003186,PO-0001533,MAT-LABEL,486,each
MR-0003187,PO-0001533,MAT-BULK-CREAM,37.38,litre
MR-0003188,PO-0001534,MAT-BULK-CREAM,61.59,litre
MR-0003189,PO-0001534,MAT-SEAL,764,each
MR-0003190,PO-0001535,MAT-SEAL,528,each
MR-0003191,PO-0001535,MAT-PUMP-CAP,536,each
MR-0003192,PO-0001536,MAT-PUMP-CAP,847,each
MR-0003193,PO-0001536,MAT-CARTON,792,each
MR-0003194,PO-0001537,MAT-CARTON,794,each
MR-0003195,PO-0001537,MAT-LABEL,773,each
MR-0003196,PO-0001538,MAT-PUMP-CAP,472,each
MR-0003197,PO-0001538,MAT-CARTON,460,each
MR-0003198,PO-0001539,MAT-CARTON,543,each
MR-0003199,PO-0001539,MAT-LABEL,531,each
MR-0003200,PO-0001540,MAT-CARTON,678,each
MR-0003201,PO-0001540,MAT-LABEL,668,each
MR-0003202,PO-0001541,MAT-PUMP-CAP,696,each
MR-0003203,PO-0001541,MAT-CARTON,708,each
MR-0003204,PO-0001542,MAT-SEAL,793,each
MR-0003205,PO-0001542,MAT-PUMP-CAP,823,each
MR-0003206,PO-0001543,MAT-PUMP-CAP,575,each
MR-0003207,PO-0001543,MAT-CARTON,581,each
MR-0003208,PO-0001544,MAT-CARTON,476,each
MR-0003209,PO-0001544,MAT-LABEL,458,each
MR-0003210,PO-0001545,MAT-CARTON,544,each
MR-0003211,PO-0001545,MAT-LABEL,538,each
MR-0003212,PO-0001546,MAT-SEAL,905,each
MR-0003213,PO-0001546,MAT-PUMP-CAP,930,each
MR-0003214,PO-0001547,MAT-PUMP-CAP,531,each
MR-0003215,PO-0001547,MAT-CARTON,536,each
MR-0003216,PO-0001548,MAT-CARTON,732,each
MR-0003217,PO-0001548,MAT-LABEL,723,each
MR-0003218,PO-0001549,MAT-LABEL,731,each
MR-0003219,PO-0001549,MAT-BULK-CREAM,59.54,litre
MR-0003220,PO-0001550,MAT-CARTON,852,each
MR-0003221,PO-0001550,MAT-LABEL,831,each
MR-0003222,PO-0001551,MAT-SEAL,813,each
MR-0003223,PO-0001551,MAT-PUMP-CAP,819,each
MR-0003224,PO-0001552,MAT-CARTON,699,each
MR-0003225,PO-0001552,MAT-LABEL,686,each
MR-0003226,PO-0001553,MAT-CARTON,596,each
MR-0003227,PO-0001553,MAT-LABEL,579,each
MR-0003228,PO-0001554,MAT-CARTON,676,each
MR-0003229,PO-0001554,MAT-LABEL,690,each
MR-0003230,PO-0001555,MAT-BULK-CREAM,60.97,litre
MR-0003231,PO-0001555,MAT-SEAL,754,each
MR-0003232,PO-0001556,MAT-SEAL,1591,each
MR-0003233,PO-0001556,MAT-PUMP-CAP,1601,each
MR-0003234,PO-0001556,MAT-CARTON,1580,each
MR-0003235,PO-0001557,MAT-PUMP-CAP,1237,each
MR-0003236,PO-0001557,MAT-CARTON,1266,each
MR-0003237,PO-0001558,MAT-CARTON,1110,each
MR-0003238,PO-0001558,MAT-LABEL,1094,each
MR-0003239,PO-0001559,MAT-LABEL,966,each
MR-0003240,PO-0001559,MAT-BULK-CREAM,76.31,litre
MR-0003241,PO-0001560,MAT-SEAL,1313,each
MR-0003242,PO-0001560,MAT-PUMP-CAP,1353,each
MR-0003243,PO-0001561,MAT-SEAL,743,each
MR-0003244,PO-0001561,MAT-PUMP-CAP,749,each
MR-0003245,PO-0001562,MAT-PUMP-CAP,1210,each
MR-0003246,PO-0001562,MAT-CARTON,1210,each
MR-0003247,PO-0001563,MAT-CARTON,1093,each
MR-0003248,PO-0001563,MAT-LABEL,1066,each
MR-0003249,PO-0001564,MAT-LABEL,740,each
MR-0003250,PO-0001564,MAT-BULK-CREAM,57.8,litre
MR-0003251,PO-0001565,MAT-BULK-CREAM,126.3,litre
MR-0003252,PO-0001565,MAT-SEAL,1601,each
MR-0003253,PO-0001565,MAT-PUMP-CAP,1639,each
MR-0003254,PO-0001566,MAT-BULK-CREAM,109.25,litre
MR-0003255,PO-0001566,MAT-SEAL,1349,each
MR-0003256,PO-0001567,MAT-PUMP-CAP,1173,each
MR-0003257,PO-0001567,MAT-CARTON,1198,each
MR-0003258,PO-0001568,MAT-CARTON,770,each
MR-0003259,PO-0001568,MAT-LABEL,770,each
MR-0003260,PO-0001569,MAT-LABEL,1473,each
MR-0003261,PO-0001569,MAT-BULK-CREAM,116.53,litre
MR-0003262,PO-0001569,MAT-SEAL,1448,each
MR-0003263,PO-0001570,MAT-BULK-CREAM,108.22,litre
MR-0003264,PO-0001570,MAT-SEAL,1308,each
MR-0003265,PO-0001571,MAT-SEAL,1467,each
MR-0003266,PO-0001571,MAT-PUMP-CAP,1478,each
MR-0003267,PO-0001571,MAT-CARTON,1474,each
MR-0003268,PO-0001572,MAT-BULK-CREAM,66.13,litre
MR-0003269,PO-0001572,MAT-SEAL,824,each
MR-0003270,PO-0001573,MAT-SEAL,770,each
MR-0003271,PO-0001573,MAT-PUMP-CAP,814,each
MR-0003272,PO-0001574,MAT-BULK-CREAM,83.4,litre
MR-0003273,PO-0001574,MAT-SEAL,1042,each
MR-0003274,PO-0001575,MAT-SEAL,1045,each
MR-0003275,PO-0001575,MAT-PUMP-CAP,1068,each
MR-0003276,PO-0001576,MAT-BULK-CREAM,114.19,litre
MR-0003277,PO-0001576,MAT-SEAL,1410,each
MR-0003278,PO-0001576,MAT-PUMP-CAP,1475,each
MR-0003279,PO-0001577,MAT-CARTON,1238,each
MR-0003280,PO-0001577,MAT-LABEL,1222,each
MR-0003281,PO-0001578,MAT-LABEL,776,each
MR-0003282,PO-0001578,MAT-BULK-CREAM,60.27,litre
MR-0003283,PO-0001579,MAT-BULK-CREAM,63.37,litre
MR-0003284,PO-0001579,MAT-SEAL,770,each
MR-0003285,PO-0001580,MAT-LABEL,928,each
MR-0003286,PO-0001580,MAT-BULK-CREAM,74.52,litre
MR-0003287,PO-0001581,MAT-PUMP-CAP,1298,each
MR-0003288,PO-0001581,MAT-CARTON,1286,each
MR-0003289,PO-0001582,MAT-LABEL,1181,each
MR-0003290,PO-0001582,MAT-BULK-CREAM,95.6,litre
MR-0003291,PO-0001583,MAT-BULK-CREAM,114.77,litre
MR-0003292,PO-0001583,MAT-SEAL,1456,each
MR-0003293,PO-0001583,MAT-PUMP-CAP,1454,each
MR-0003294,PO-0001584,MAT-SEAL,927,each
MR-0003295,PO-0001584,MAT-PUMP-CAP,907,each
MR-0003296,PO-0001585,MAT-SEAL,1162,each
MR-0003297,PO-0001585,MAT-PUMP-CAP,1185,each
MR-0003298,PO-0001586,MAT-PUMP-CAP,966,each
MR-0003299,PO-0001586,MAT-CARTON,938,each
MR-0003300,PO-0001587,MAT-BULK-CREAM,77.46,litre
MR-0003301,PO-0001587,MAT-SEAL,969,each
MR-0003302,PO-0001588,MAT-PUMP-CAP,584,each
MR-0003303,PO-0001588,MAT-CARTON,572,each
MR-0003304,PO-0001589,MAT-PUMP-CAP,907,each
MR-0003305,PO-0001589,MAT-CARTON,879,each
MR-0003306,PO-0001590,MAT-PUMP-CAP,612,each
MR-0003307,PO-0001590,MAT-CARTON,616,each
MR-0003308,PO-0001591,MAT-LABEL,855,each
MR-0003309,PO-0001591,MAT-BULK-CREAM,69.79,litre
MR-0003310,PO-0001592,MAT-BULK-CREAM,85.38,litre
MR-0003311,PO-0001592,MAT-SEAL,1068,each
MR-0003312,PO-0001593,MAT-BULK-CREAM,74.94,litre
MR-0003313,PO-0001593,MAT-SEAL,921,each
MR-0003314,PO-0001594,MAT-CARTON,894,each
MR-0003315,PO-0001594,MAT-LABEL,845,each
MR-0003316,PO-0001595,MAT-CARTON,525,each
MR-0003317,PO-0001595,MAT-LABEL,514,each
MR-0003318,PO-0001596,MAT-PUMP-CAP,855,each
MR-0003319,PO-0001596,MAT-CARTON,821,each
MR-0003320,PO-0001597,MAT-CARTON,638,each
MR-0003321,PO-0001597,MAT-LABEL,628,each
MR-0003322,PO-0001598,MAT-LABEL,852,each
MR-0003323,PO-0001598,MAT-BULK-CREAM,67.93,litre
MR-0003324,PO-0001599,MAT-BULK-CREAM,70.58,litre
MR-0003325,PO-0001599,MAT-SEAL,903,each
MR-0003326,PO-0001600,MAT-SEAL,479,each
MR-0003327,PO-0001600,MAT-PUMP-CAP,467,each
MR-0003328,PO-0001601,MAT-SEAL,452,each
MR-0003329,PO-0001601,MAT-PUMP-CAP,467,each
MR-0003330,PO-0001602,MAT-CARTON,483,each
MR-0003331,PO-0001602,MAT-LABEL,476,each
MR-0003332,PO-0001603,MAT-SEAL,824,each
MR-0003333,PO-0001603,MAT-PUMP-CAP,860,each
MR-0003334,PO-0001604,MAT-CARTON,854,each
MR-0003335,PO-0001604,MAT-LABEL,850,each
MR-0003336,PO-0001605,MAT-LABEL,797,each
MR-0003337,PO-0001605,MAT-BULK-CREAM,62.17,litre
MR-0003338,PO-0001606,MAT-LABEL,770,each
MR-0003339,PO-0001606,MAT-BULK-CREAM,59.12,litre
MR-0003340,PO-0001607,MAT-CARTON,944,each
MR-0003341,PO-0001607,MAT-LABEL,917,each
MR-0003342,PO-0001608,MAT-SEAL,732,each
MR-0003343,PO-0001608,MAT-PUMP-CAP,751,each
MR-0003344,PO-0001609,MAT-BULK-CREAM,47.02,litre
MR-0003345,PO-0001609,MAT-SEAL,606,each
MR-0003346,PO-0001610,MAT-LABEL,628,each
MR-0003347,PO-0001610,MAT-BULK-CREAM,51.8,litre
MR-0003348,PO-0001611,MAT-SEAL,517,each
MR-0003349,PO-0001611,MAT-PUMP-CAP,500,each
MR-0003350,PO-0001612,MAT-PUMP-CAP,686,each
MR-0003351,PO-0001612,MAT-CARTON,681,each
MR-0003352,PO-0001613,MAT-LABEL,819,each
MR-0003353,PO-0001613,MAT-BULK-CREAM,66.58,litre
MR-0003354,PO-0001614,MAT-LABEL,729,each
MR-0003355,PO-0001614,MAT-BULK-CREAM,57.33,litre
MR-0003356,PO-0001615,MAT-SEAL,810,each
MR-0003357,PO-0001615,MAT-PUMP-CAP,841,each
MR-0003358,PO-0001616,MAT-SEAL,1077,each
MR-0003359,PO-0001616,MAT-PUMP-CAP,1089,each
MR-0003360,PO-0001617,MAT-PUMP-CAP,528,each
MR-0003361,PO-0001617,MAT-CARTON,518,each
MR-0003362,PO-0001618,MAT-CARTON,635,each
MR-0003363,PO-0001618,MAT-LABEL,620,each
MR-0003364,PO-0001619,MAT-LABEL,781,each
MR-0003365,PO-0001619,MAT-BULK-CREAM,63.71,litre
MR-0003366,PO-0001620,MAT-LABEL,1438,each
MR-0003367,PO-0001620,MAT-BULK-CREAM,115.27,litre
MR-0003368,PO-0001620,MAT-SEAL,1493,each
MR-0003369,PO-0001621,MAT-PUMP-CAP,1303,each
MR-0003370,PO-0001621,MAT-CARTON,1252,each
MR-0003371,PO-0001622,MAT-PUMP-CAP,1632,each
MR-0003372,PO-0001622,MAT-CARTON,1628,each
MR-0003373,PO-0001622,MAT-LABEL,1590,each
MR-0003374,PO-0001623,MAT-CARTON,966,each
MR-0003375,PO-0001623,MAT-LABEL,941,each
MR-0003376,PO-0001624,MAT-BULK-CREAM,86.32,litre
MR-0003377,PO-0001624,MAT-SEAL,1067,each
MR-0003378,PO-0001625,MAT-BULK-CREAM,118.96,litre
MR-0003379,PO-0001625,MAT-SEAL,1521,each
MR-0003380,PO-0001625,MAT-PUMP-CAP,1582,each
MR-0003381,PO-0001626,MAT-SEAL,1158,each
MR-0003382,PO-0001626,MAT-PUMP-CAP,1185,each
MR-0003383,PO-0001627,MAT-PUMP-CAP,1321,each
MR-0003384,PO-0001627,MAT-CARTON,1351,each
MR-0003385,PO-0001628,MAT-LABEL,1233,each
MR-0003386,PO-0001628,MAT-BULK-CREAM,99.12,litre
MR-0003387,PO-0001629,MAT-LABEL,691,each
MR-0003388,PO-0001629,MAT-BULK-CREAM,56.13,litre
MR-0003389,PO-0001630,MAT-BULK-CREAM,96.49,litre
MR-0003390,PO-0001630,MAT-SEAL,1205,each
MR-0003391,PO-0001631,MAT-PUMP-CAP,746,each
MR-0003392,PO-0001631,MAT-CARTON,750,each
MR-0003393,PO-0001632,MAT-BULK-CREAM,97.82,litre
MR-0003394,PO-0001632,MAT-SEAL,1251,each
MR-0003395,PO-0001633,MAT-LABEL,1026,each
MR-0003396,PO-0001633,MAT-BULK-CREAM,82.05,litre
MR-0003397,PO-0001634,MAT-LABEL,1051,each
MR-0003398,PO-0001634,MAT-BULK-CREAM,83.95,litre
MR-0003399,PO-0001635,MAT-PUMP-CAP,910,each
MR-0003400,PO-0001635,MAT-CARTON,887,each
MR-0003401,PO-0001636,MAT-PUMP-CAP,1174,each
MR-0003402,PO-0001636,MAT-CARTON,1170,each
MR-0003403,PO-0001637,MAT-SEAL,1033,each
MR-0003404,PO-0001637,MAT-PUMP-CAP,1069,each
MR-0003405,PO-0001638,MAT-LABEL,1467,each
MR-0003406,PO-0001638,MAT-BULK-CREAM,113.59,litre
MR-0003407,PO-0001638,MAT-SEAL,1389,each
MR-0003408,PO-0001639,MAT-BULK-CREAM,97.59,litre
MR-0003409,PO-0001639,MAT-SEAL,1212,each
MR-0003410,PO-0001640,MAT-SEAL,1110,each
MR-0003411,PO-0001640,MAT-PUMP-CAP,1112,each
MR-0003412,PO-0001641,MAT-LABEL,945,each
MR-0003413,PO-0001641,MAT-BULK-CREAM,76.02,litre
MR-0003414,PO-0001642,MAT-CARTON,1438,each
MR-0003415,PO-0001642,MAT-LABEL,1367,each
MR-0003416,PO-0001642,MAT-BULK-CREAM,112.65,litre
MR-0003417,PO-0001643,MAT-SEAL,828,each
MR-0003418,PO-0001643,MAT-PUMP-CAP,849,each
MR-0003419,PO-0001644,MAT-CARTON,1171,each
MR-0003420,PO-0001644,MAT-LABEL,1168,each
MR-0003421,PO-0001645,MAT-PUMP-CAP,1137,each
MR-0003422,PO-0001645,MAT-CARTON,1137,each
MR-0003423,PO-0001646,MAT-BULK-CREAM,51.03,litre
MR-0003424,PO-0001646,MAT-SEAL,645,each
MR-0003425,PO-0001647,MAT-CARTON,711,each
MR-0003426,PO-0001647,MAT-LABEL,705,each
MR-0003427,PO-0001648,MAT-LABEL,1389,each
MR-0003428,PO-0001648,MAT-BULK-CREAM,113.91,litre
MR-0003429,PO-0001648,MAT-SEAL,1379,each
MR-0003430,PO-0001649,MAT-BULK-CREAM,114.59,litre
MR-0003431,PO-0001649,MAT-SEAL,1471,each
MR-0003432,PO-0001649,MAT-PUMP-CAP,1472,each
MR-0003433,PO-0001650,MAT-LABEL,1222,each
MR-0003434,PO-0001650,MAT-BULK-CREAM,94.15,litre
MR-0003435,PO-0001651,MAT-PUMP-CAP,1436,each
MR-0003436,PO-0001651,MAT-CARTON,1398,each
MR-0003437,PO-0001651,MAT-LABEL,1385,each
MR-0003438,PO-0001652,MAT-CARTON,735,each
MR-0003439,PO-0001652,MAT-LABEL,753,each
MR-0003440,PO-0001653,MAT-SEAL,1088,each
MR-0003441,PO-0001653,MAT-PUMP-CAP,1098,each
MR-0003442,PO-0001654,MAT-PUMP-CAP,810,each
MR-0003443,PO-0001654,MAT-CARTON,797,each
MR-0003444,PO-0001655,MAT-SEAL,656,each
MR-0003445,PO-0001655,MAT-PUMP-CAP,691,each
MR-0003446,PO-0001656,MAT-BULK-CREAM,66.92,litre
MR-0003447,PO-0001656,MAT-SEAL,833,each
MR-0003448,PO-0001657,MAT-LABEL,639,each
MR-0003449,PO-0001657,MAT-BULK-CREAM,52.69,litre
MR-0003450,PO-0001658,MAT-BULK-CREAM,70.81,litre
MR-0003451,PO-0001658,MAT-SEAL,908,each
MR-0003452,PO-0001659,MAT-CARTON,676,each
MR-0003453,PO-0001659,MAT-LABEL,680,each
MR-0003454,PO-0001660,MAT-LABEL,903,each
MR-0003455,PO-0001660,MAT-BULK-CREAM,73.81,litre
MR-0003456,PO-0001661,MAT-PUMP-CAP,630,each
MR-0003457,PO-0001661,MAT-CARTON,612,each
MR-0003458,PO-0001662,MAT-CARTON,481,each
MR-0003459,PO-0001662,MAT-LABEL,479,each
MR-0003460,PO-0001663,MAT-BULK-CREAM,43.12,litre
MR-0003461,PO-0001663,MAT-SEAL,547,each
MR-0003462,PO-0001664,MAT-BULK-CREAM,65.17,litre
MR-0003463,PO-0001664,MAT-SEAL,778,each
MR-0003464,PO-0001665,MAT-SEAL,799,each
MR-0003465,PO-0001665,MAT-PUMP-CAP,809,each
MR-0003466,PO-0001666,MAT-PUMP-CAP,532,each
MR-0003467,PO-0001666,MAT-CARTON,523,each
MR-0003468,PO-0001667,MAT-LABEL,506,each
MR-0003469,PO-0001667,MAT-BULK-CREAM,41.93,litre
MR-0003470,PO-0001668,MAT-BULK-CREAM,42.96,litre
MR-0003471,PO-0001668,MAT-SEAL,531,each
MR-0003472,PO-0001669,MAT-BULK-CREAM,33.85,litre
MR-0003473,PO-0001669,MAT-SEAL,436,each
MR-0003474,PO-0001670,MAT-PUMP-CAP,732,each
MR-0003475,PO-0001670,MAT-CARTON,699,each
MR-0003476,PO-0001671,MAT-LABEL,524,each
MR-0003477,PO-0001671,MAT-BULK-CREAM,42.73,litre
MR-0003478,PO-0001672,MAT-LABEL,594,each
MR-0003479,PO-0001672,MAT-BULK-CREAM,47.2,litre
MR-0003480,PO-0001673,MAT-PUMP-CAP,757,each
MR-0003481,PO-0001673,MAT-CARTON,736,each
MR-0003482,PO-0001674,MAT-PUMP-CAP,755,each
MR-0003483,PO-0001674,MAT-CARTON,756,each
MR-0003484,PO-0001675,MAT-CARTON,879,each
MR-0003485,PO-0001675,MAT-LABEL,846,each
MR-0003486,PO-0001676,MAT-SEAL,1066,each
MR-0003487,PO-0001676,MAT-PUMP-CAP,1078,each
MR-0003488,PO-0001677,MAT-PUMP-CAP,1032,each
MR-0003489,PO-0001677,MAT-CARTON,1057,each
MR-0003490,PO-0001678,MAT-CARTON,668,each
MR-0003491,PO-0001678,MAT-LABEL,661,each
MR-0003492,PO-0001679,MAT-LABEL,1035,each
MR-0003493,PO-0001679,MAT-BULK-CREAM,82.56,litre
MR-0003494,PO-0001680,MAT-BULK-CREAM,53.46,litre
MR-0003495,PO-0001680,MAT-SEAL,665,each
MR-0003496,PO-0001681,MAT-SEAL,985,each
MR-0003497,PO-0001681,MAT-PUMP-CAP,1001,each
MR-0003498,PO-0001682,MAT-CARTON,702,each
MR-0003499,PO-0001682,MAT-LABEL,693,each
MR-0003500,PO-0001683,MAT-SEAL,962,each
MR-0003501,PO-0001683,MAT-PUMP-CAP,994,each
MR-0003502,PO-0001684,MAT-LABEL,940,each
MR-0003503,PO-0001684,MAT-BULK-CREAM,72.2,litre
MR-0003504,PO-0001685,MAT-BULK-CREAM,85.47,litre
MR-0003505,PO-0001685,MAT-SEAL,1021,each
MR-0003506,PO-0001686,MAT-PUMP-CAP,985,each
MR-0003507,PO-0001686,MAT-CARTON,952,each
MR-0003508,PO-0001687,MAT-PUMP-CAP,920,each
MR-0003509,PO-0001687,MAT-CARTON,917,each
MR-0003510,PO-0001688,MAT-PUMP-CAP,1460,each
MR-0003511,PO-0001688,MAT-CARTON,1432,each
MR-0003512,PO-0001688,MAT-LABEL,1433,each
MR-0003513,PO-0001689,MAT-SEAL,883,each
MR-0003514,PO-0001689,MAT-PUMP-CAP,928,each
MR-0003515,PO-0001690,MAT-BULK-CREAM,76.87,litre
MR-0003516,PO-0001690,MAT-SEAL,955,each
MR-0003517,PO-0001691,MAT-SEAL,1011,each
MR-0003518,PO-0001691,MAT-PUMP-CAP,1045,each
MR-0003519,PO-0001692,MAT-PUMP-CAP,1202,each
MR-0003520,PO-0001692,MAT-CARTON,1164,each
MR-0003521,PO-0001693,MAT-CARTON,1002,each
MR-0003522,PO-0001693,MAT-LABEL,1005,each
MR-0003523,PO-0001694,MAT-BULK-CREAM,74.07,litre
MR-0003524,PO-0001694,MAT-SEAL,934,each
MR-0003525,PO-0001695,MAT-BULK-CREAM,69.82,litre
MR-0003526,PO-0001695,MAT-SEAL,858,each
MR-0003527,PO-0001696,MAT-SEAL,947,each
MR-0003528,PO-0001696,MAT-PUMP-CAP,954,each
MR-0003529,PO-0001697,MAT-LABEL,1075,each
MR-0003530,PO-0001697,MAT-BULK-CREAM,86.51,litre
MR-0003531,PO-0001698,MAT-PUMP-CAP,1146,each
MR-0003532,PO-0001698,MAT-CARTON,1122,each
MR-0003533,PO-0001699,MAT-LABEL,1006,each
MR-0003534,PO-0001699,MAT-BULK-CREAM,80.12,litre
MR-0003535,PO-0001700,MAT-BULK-CREAM,78.01,litre
MR-0003536,PO-0001700,MAT-SEAL,990,each
MR-0003537,PO-0001701,MAT-SEAL,1424,each
MR-0003538,PO-0001701,MAT-PUMP-CAP,1418,each
MR-0003539,PO-0001701,MAT-CARTON,1431,each
MR-0003540,PO-0001702,MAT-CARTON,1273,each
MR-0003541,PO-0001702,MAT-LABEL,1244,each
MR-0003542,PO-0001703,MAT-LABEL,962,each
MR-0003543,PO-0001703,MAT-BULK-CREAM,76.18,litre
MR-0003544,PO-0001704,MAT-BULK-CREAM,56.24,litre
MR-0003545,PO-0001704,MAT-SEAL,690,each
MR-0003546,PO-0001705,MAT-SEAL,680,each
MR-0003547,PO-0001705,MAT-PUMP-CAP,689,each
MR-0003548,PO-0001706,MAT-PUMP-CAP,902,each
MR-0003549,PO-0001706,MAT-CARTON,910,each
MR-0003550,PO-0001707,MAT-CARTON,824,each
MR-0003551,PO-0001707,MAT-LABEL,812,each
MR-0003552,PO-0001708,MAT-LABEL,1230,each
MR-0003553,PO-0001708,MAT-BULK-CREAM,95.65,litre
MR-0003554,PO-0001709,MAT-BULK-CREAM,73.1,litre
MR-0003555,PO-0001709,MAT-SEAL,900,each
MR-0003556,PO-0001710,MAT-SEAL,1097,each
MR-0003557,PO-0001710,MAT-PUMP-CAP,1173,each
MR-0003558,PO-0001711,MAT-BULK-CREAM,113.93,litre
MR-0003559,PO-0001711,MAT-SEAL,1398,each
MR-0003560,PO-0001711,MAT-PUMP-CAP,1450,each
MR-0003561,PO-0001712,MAT-LABEL,884,each
MR-0003562,PO-0001712,MAT-BULK-CREAM,68.93,litre
MR-0003563,PO-0001713,MAT-LABEL,774,each
MR-0003564,PO-0001713,MAT-BULK-CREAM,60.65,litre
MR-0003565,PO-0001714,MAT-BULK-CREAM,114.51,litre
MR-0003566,PO-0001714,MAT-SEAL,1482,each
MR-0003567,PO-0001714,MAT-PUMP-CAP,1519,each
MR-0003568,PO-0001715,MAT-SEAL,1330,each
MR-0003569,PO-0001715,MAT-PUMP-CAP,1370,each
MR-0003570,PO-0001716,MAT-LABEL,751,each
MR-0003571,PO-0001716,MAT-BULK-CREAM,59.22,litre
MR-0003572,PO-0001717,MAT-LABEL,1099,each
MR-0003573,PO-0001717,MAT-BULK-CREAM,88.8,litre
MR-0003574,PO-0001718,MAT-SEAL,978,each
MR-0003575,PO-0001718,MAT-PUMP-CAP,1009,each
MR-0003576,PO-0001719,MAT-BULK-CREAM,78.41,litre
MR-0003577,PO-0001719,MAT-SEAL,935,each
MR-0003578,PO-0001720,MAT-PUMP-CAP,862,each
MR-0003579,PO-0001720,MAT-CARTON,844,each
MR-0003580,PO-0001721,MAT-CARTON,672,each
MR-0003581,PO-0001721,MAT-LABEL,657,each
MR-0003582,PO-0001722,MAT-BULK-CREAM,72.35,litre
MR-0003583,PO-0001722,MAT-SEAL,928,each
MR-0003584,PO-0001723,MAT-LABEL,755,each
MR-0003585,PO-0001723,MAT-BULK-CREAM,60.03,litre
MR-0003586,PO-0001724,MAT-PUMP-CAP,1143,each
MR-0003587,PO-0001724,MAT-CARTON,1177,each
MR-0003588,PO-0001725,MAT-SEAL,496,each
MR-0003589,PO-0001725,MAT-PUMP-CAP,476,each
MR-0003590,PO-0001726,MAT-PUMP-CAP,816,each
MR-0003591,PO-0001726,MAT-CARTON,808,each
MR-0003592,PO-0001727,MAT-CARTON,914,each
MR-0003593,PO-0001727,MAT-LABEL,867,each
MR-0003594,PO-0001728,MAT-LABEL,413,each
MR-0003595,PO-0001728,MAT-BULK-CREAM,32.52,litre
MR-0003596,PO-0001729,MAT-BULK-CREAM,48.4,litre
MR-0003597,PO-0001729,MAT-SEAL,608,each
MR-0003598,PO-0001730,MAT-SEAL,741,each
MR-0003599,PO-0001730,MAT-PUMP-CAP,733,each
MR-0003600,PO-0001731,MAT-PUMP-CAP,425,each
MR-0003601,PO-0001731,MAT-CARTON,426,each
MR-0003602,PO-0001732,MAT-CARTON,578,each
MR-0003603,PO-0001732,MAT-LABEL,558,each
MR-0003604,PO-0001733,MAT-LABEL,812,each
MR-0003605,PO-0001733,MAT-BULK-CREAM,66.58,litre
MR-0003606,PO-0001734,MAT-PUMP-CAP,797,each
MR-0003607,PO-0001734,MAT-CARTON,768,each
MR-0003608,PO-0001735,MAT-PUMP-CAP,876,each
MR-0003609,PO-0001735,MAT-CARTON,868,each
MR-0003610,PO-0001736,MAT-PUMP-CAP,647,each
MR-0003611,PO-0001736,MAT-CARTON,642,each
MR-0003612,PO-0001737,MAT-CARTON,755,each
MR-0003613,PO-0001737,MAT-LABEL,747,each
MR-0003614,PO-0001738,MAT-LABEL,537,each
MR-0003615,PO-0001738,MAT-BULK-CREAM,42.36,litre
MR-0003616,PO-0001739,MAT-PUMP-CAP,688,each
MR-0003617,PO-0001739,MAT-CARTON,699,each
MR-0003618,PO-0001740,MAT-SEAL,637,each
MR-0003619,PO-0001740,MAT-PUMP-CAP,672,each
MR-0003620,PO-0001741,MAT-PUMP-CAP,540,each
MR-0003621,PO-0001741,MAT-CARTON,538,each
MR-0003622,PO-0001742,MAT-PUMP-CAP,783,each
MR-0003623,PO-0001742,MAT-CARTON,771,each
MR-0003624,PO-0001743,MAT-CARTON,629,each
MR-0003625,PO-0001743,MAT-LABEL,630,each
MR-0003626,PO-0001744,MAT-LABEL,740,each
MR-0003627,PO-0001744,MAT-BULK-CREAM,59.33,litre
MR-0003628,PO-0001745,MAT-BULK-CREAM,69.44,litre
MR-0003629,PO-0001745,MAT-SEAL,835,each
MR-0003630,PO-0001746,MAT-SEAL,500,each
MR-0003631,PO-0001746,MAT-PUMP-CAP,521,each
MR-0003632,PO-0001747,MAT-PUMP-CAP,1047,each
MR-0003633,PO-0001747,MAT-CARTON,1054,each
MR-0003634,PO-0001748,MAT-CARTON,930,each
MR-0003635,PO-0001748,MAT-LABEL,898,each
MR-0003636,PO-0001749,MAT-LABEL,800,each
MR-0003637,PO-0001749,MAT-BULK-CREAM,65.07,litre
MR-0003638,PO-0001750,MAT-BULK-CREAM,114.5,litre
MR-0003639,PO-0001750,MAT-SEAL,1475,each
MR-0003640,PO-0001750,MAT-PUMP-CAP,1467,each
MR-0003641,PO-0001751,MAT-SEAL,1122,each
MR-0003642,PO-0001751,MAT-PUMP-CAP,1207,each
MR-0003643,PO-0001752,MAT-PUMP-CAP,1172,each
MR-0003644,PO-0001752,MAT-CARTON,1165,each
MR-0003645,PO-0001753,MAT-CARTON,1340,each
MR-0003646,PO-0001753,MAT-LABEL,1296,each
MR-0003647,PO-0001754,MAT-LABEL,956,each
MR-0003648,PO-0001754,MAT-BULK-CREAM,78.09,litre
MR-0003649,PO-0001755,MAT-BULK-CREAM,125.53,litre
MR-0003650,PO-0001755,MAT-SEAL,1578,each
MR-0003651,PO-0001755,MAT-PUMP-CAP,1611,each
MR-0003652,PO-0001756,MAT-SEAL,984,each
MR-0003653,PO-0001756,MAT-PUMP-CAP,1027,each
MR-0003654,PO-0001757,MAT-LABEL,1392,each
MR-0003655,PO-0001757,MAT-BULK-CREAM,116.44,litre
MR-0003656,PO-0001757,MAT-SEAL,1433,each
MR-0003657,PO-0001758,MAT-CARTON,947,each
MR-0003658,PO-0001758,MAT-LABEL,947,each
MR-0003659,PO-0001759,MAT-LABEL,1202,each
MR-0003660,PO-0001759,MAT-BULK-CREAM,95.69,litre
MR-0003661,PO-0001760,MAT-BULK-CREAM,129.8,litre
MR-0003662,PO-0001760,MAT-SEAL,1613,each
MR-0003663,PO-0001760,MAT-PUMP-CAP,1559,each
MR-0003664,PO-0001761,MAT-SEAL,1409,each
MR-0003665,PO-0001761,MAT-PUMP-CAP,1392,each
MR-0003666,PO-0001762,MAT-PUMP-CAP,1595,each
MR-0003667,PO-0001762,MAT-CARTON,1620,each
MR-0003668,PO-0001762,MAT-LABEL,1600,each
MR-0003669,PO-0001763,MAT-CARTON,1427,each
MR-0003670,PO-0001763,MAT-LABEL,1447,each
MR-0003671,PO-0001763,MAT-BULK-CREAM,115.64,litre
MR-0003672,PO-0001764,MAT-LABEL,1560,each
MR-0003673,PO-0001764,MAT-BULK-CREAM,124.76,litre
MR-0003674,PO-0001764,MAT-SEAL,1587,each
MR-0003675,PO-0001765,MAT-BULK-CREAM,56.16,litre
MR-0003676,PO-0001765,MAT-SEAL,702,each
MR-0003677,PO-0001766,MAT-CARTON,751,each
MR-0003678,PO-0001766,MAT-LABEL,764,each
MR-0003679,PO-0001767,MAT-BULK-CREAM,110.49,litre
MR-0003680,PO-0001767,MAT-SEAL,1360,each
MR-0003681,PO-0001768,MAT-LABEL,1211,each
MR-0003682,PO-0001768,MAT-BULK-CREAM,95.71,litre
MR-0003683,PO-0001769,MAT-PUMP-CAP,842,each
MR-0003684,PO-0001769,MAT-CARTON,823,each
MR-0003685,PO-0001770,MAT-SEAL,1413,each
MR-0003686,PO-0001770,MAT-PUMP-CAP,1461,each
MR-0003687,PO-0001770,MAT-CARTON,1414,each
MR-0003688,PO-0001771,MAT-PUMP-CAP,781,each
MR-0003689,PO-0001771,MAT-CARTON,775,each
MR-0003690,PO-0001772,MAT-CARTON,719,each
MR-0003691,PO-0001772,MAT-LABEL,711,each
MR-0003692,PO-0001773,MAT-LABEL,726,each
MR-0003693,PO-0001773,MAT-BULK-CREAM,54.2,litre
MR-0003694,PO-0001774,MAT-SEAL,1065,each
MR-0003695,PO-0001774,MAT-PUMP-CAP,1091,each
MR-0003696,PO-0001775,MAT-SEAL,853,each
MR-0003697,PO-0001775,MAT-PUMP-CAP,852,each
MR-0003698,PO-0001776,MAT-PUMP-CAP,786,each
MR-0003699,PO-0001776,MAT-CARTON,769,each
MR-0003700,PO-0001777,MAT-CARTON,839,each
MR-0003701,PO-0001777,MAT-LABEL,820,each
MR-0003702,PO-0001778,MAT-BULK-CREAM,102.66,litre
MR-0003703,PO-0001778,MAT-SEAL,1288,each
MR-0003704,PO-0001779,MAT-BULK-CREAM,57.55,litre
MR-0003705,PO-0001779,MAT-SEAL,700,each
MR-0003706,PO-0001780,MAT-LABEL,699,each
MR-0003707,PO-0001780,MAT-BULK-CREAM,53.97,litre
MR-0003708,PO-0001781,MAT-PUMP-CAP,1004,each
MR-0003709,PO-0001781,MAT-CARTON,1016,each
MR-0003710,PO-0001782,MAT-CARTON,573,each
MR-0003711,PO-0001782,MAT-LABEL,597,each
MR-0003712,PO-0001783,MAT-PUMP-CAP,1136,each
MR-0003713,PO-0001783,MAT-CARTON,1130,each
MR-0003714,PO-0001784,MAT-CARTON,922,each
MR-0003715,PO-0001784,MAT-LABEL,912,each
MR-0003716,PO-0001785,MAT-CARTON,1103,each
MR-0003717,PO-0001785,MAT-LABEL,1135,each
MR-0003718,PO-0001786,MAT-LABEL,916,each
MR-0003719,PO-0001786,MAT-BULK-CREAM,75.28,litre
MR-0003720,PO-0001787,MAT-SEAL,1126,each
MR-0003721,PO-0001787,MAT-PUMP-CAP,1145,each
MR-0003722,PO-0001788,MAT-SEAL,702,each
MR-0003723,PO-0001788,MAT-PUMP-CAP,724,each
MR-0003724,PO-0001789,MAT-SEAL,445,each
MR-0003725,PO-0001789,MAT-PUMP-CAP,453,each
MR-0003726,PO-0001790,MAT-SEAL,457,each
MR-0003727,PO-0001790,MAT-PUMP-CAP,461,each
MR-0003728,PO-0001791,MAT-LABEL,478,each
MR-0003729,PO-0001791,MAT-BULK-CREAM,37.01,litre
MR-0003730,PO-0001792,MAT-CARTON,899,each
MR-0003731,PO-0001792,MAT-LABEL,905,each
MR-0003732,PO-0001793,MAT-LABEL,874,each
MR-0003733,PO-0001793,MAT-BULK-CREAM,71.92,litre
MR-0003734,PO-0001794,MAT-BULK-CREAM,37.42,litre
MR-0003735,PO-0001794,MAT-SEAL,461,each
MR-0003736,PO-0001795,MAT-SEAL,660,each
MR-0003737,PO-0001795,MAT-PUMP-CAP,673,each
MR-0003738,PO-0001796,MAT-CARTON,442,each
MR-0003739,PO-0001796,MAT-LABEL,449,each
MR-0003740,PO-0001797,MAT-LABEL,566,each
MR-0003741,PO-0001797,MAT-BULK-CREAM,45.4,litre
MR-0003742,PO-0001798,MAT-LABEL,946,each
MR-0003743,PO-0001798,MAT-BULK-CREAM,74.41,litre
MR-0003744,PO-0001799,MAT-SEAL,602,each
MR-0003745,PO-0001799,MAT-PUMP-CAP,600,each
MR-0003746,PO-0001800,MAT-SEAL,985,each
MR-0003747,PO-0001800,MAT-PUMP-CAP,967,each
MR-0003748,PO-0001801,MAT-PUMP-CAP,904,each
MR-0003749,PO-0001801,MAT-CARTON,860,each
MR-0003750,PO-0001802,MAT-BULK-CREAM,60.14,litre
MR-0003751,PO-0001802,MAT-SEAL,742,each
MR-0003752,PO-0001803,MAT-BULK-CREAM,39.24,litre
MR-0003753,PO-0001803,MAT-SEAL,472,each
MR-0003754,PO-0001804,MAT-LABEL,532,each
MR-0003755,PO-0001804,MAT-BULK-CREAM,42.5,litre
MR-0003756,PO-0001805,MAT-CARTON,519,each
MR-0003757,PO-0001805,MAT-LABEL,516,each
MR-0003758,PO-0001806,MAT-SEAL,572,each
MR-0003759,PO-0001806,MAT-PUMP-CAP,606,each
MR-0003760,PO-0001807,MAT-PUMP-CAP,696,each
MR-0003761,PO-0001807,MAT-CARTON,704,each
MR-0003762,PO-0001808,MAT-LABEL,889,each
MR-0003763,PO-0001808,MAT-BULK-CREAM,73.73,litre
MR-0003764,PO-0001809,MAT-LABEL,995,each
MR-0003765,PO-0001809,MAT-BULK-CREAM,82.47,litre
MR-0003766,PO-0001810,MAT-LABEL,749,each
MR-0003767,PO-0001810,MAT-BULK-CREAM,60.46,litre
MR-0003768,PO-0001811,MAT-CARTON,498,each
MR-0003769,PO-0001811,MAT-LABEL,494,each
MR-0003770,PO-0001812,MAT-PUMP-CAP,637,each
MR-0003771,PO-0001812,MAT-CARTON,617,each
MR-0003772,PO-0001813,MAT-CARTON,924,each
MR-0003773,PO-0001813,MAT-LABEL,864,each
MR-0003774,PO-0001814,MAT-LABEL,1050,each
MR-0003775,PO-0001814,MAT-BULK-CREAM,84.9,litre
MR-0003776,PO-0001815,MAT-BULK-CREAM,100.98,litre
MR-0003777,PO-0001815,MAT-SEAL,1237,each
MR-0003778,PO-0001816,MAT-CARTON,1501,each
MR-0003779,PO-0001816,MAT-LABEL,1502,each
MR-0003780,PO-0001816,MAT-BULK-CREAM,119.87,litre
MR-0003781,PO-0001817,MAT-PUMP-CAP,898,each
MR-0003782,PO-0001817,MAT-CARTON,898,each
MR-0003783,PO-0001818,MAT-LABEL,1128,each
MR-0003784,PO-0001818,MAT-BULK-CREAM,90.63,litre
MR-0003785,PO-0001819,MAT-LABEL,1114,each
MR-0003786,PO-0001819,MAT-BULK-CREAM,88.32,litre
MR-0003787,PO-0001820,MAT-BULK-CREAM,106.46,litre
MR-0003788,PO-0001820,MAT-SEAL,1289,each
MR-0003789,PO-0001821,MAT-SEAL,1113,each
MR-0003790,PO-0001821,MAT-PUMP-CAP,1167,each
MR-0003791,PO-0001822,MAT-PUMP-CAP,981,each
MR-0003792,PO-0001822,MAT-CARTON,948,each
MR-0003793,PO-0001823,MAT-CARTON,1007,each
MR-0003794,PO-0001823,MAT-LABEL,969,each
MR-0003795,PO-0001824,MAT-LABEL,1366,each
MR-0003796,PO-0001824,MAT-BULK-CREAM,111.25,litre
MR-0003797,PO-0001825,MAT-BULK-CREAM,86.12,litre
MR-0003798,PO-0001825,MAT-SEAL,1064,each
MR-0003799,PO-0001826,MAT-SEAL,1427,each
MR-0003800,PO-0001826,MAT-PUMP-CAP,1454,each
MR-0003801,PO-0001826,MAT-CARTON,1482,each
MR-0003802,PO-0001827,MAT-LABEL,821,each
MR-0003803,PO-0001827,MAT-BULK-CREAM,66.43,litre
MR-0003804,PO-0001828,MAT-CARTON,1122,each
MR-0003805,PO-0001828,MAT-LABEL,1114,each
MR-0003806,PO-0001829,MAT-LABEL,1372,each
MR-0003807,PO-0001829,MAT-BULK-CREAM,111.56,litre
MR-0003808,PO-0001829,MAT-SEAL,1385,each
MR-0003809,PO-0001830,MAT-SEAL,711,each
MR-0003810,PO-0001830,MAT-PUMP-CAP,750,each
MR-0003811,PO-0001831,MAT-PUMP-CAP,1134,each
MR-0003812,PO-0001831,MAT-CARTON,1112,each
MR-0003813,PO-0001832,MAT-CARTON,1332,each
MR-0003814,PO-0001832,MAT-LABEL,1368,each
MR-0003815,PO-0001833,MAT-LABEL,900,each
MR-0003816,PO-0001833,MAT-BULK-CREAM,70.38,litre
MR-0003817,PO-0001834,MAT-BULK-CREAM,86.21,litre
MR-0003818,PO-0001834,MAT-SEAL,1074,each
MR-0003819,PO-0001835,MAT-CARTON,1279,each
MR-0003820,PO-0001835,MAT-LABEL,1235,each
MR-0003821,PO-0001836,MAT-PUMP-CAP,816,each
MR-0003822,PO-0001836,MAT-CARTON,766,each
MR-0003823,PO-0001837,MAT-SEAL,784,each
MR-0003824,PO-0001837,MAT-PUMP-CAP,819,each
MR-0003825,PO-0001838,MAT-PUMP-CAP,921,each
MR-0003826,PO-0001838,MAT-CARTON,875,each
MR-0003827,PO-0001839,MAT-BULK-CREAM,65.28,litre
MR-0003828,PO-0001839,MAT-SEAL,820,each
MR-0003829,PO-0001840,MAT-SEAL,1308,each
MR-0003830,PO-0001840,MAT-PUMP-CAP,1305,each
MR-0003831,PO-0001841,MAT-PUMP-CAP,704,each
MR-0003832,PO-0001841,MAT-CARTON,694,each
MR-0003833,PO-0001842,MAT-BULK-CREAM,58.2,litre
MR-0003834,PO-0001842,MAT-SEAL,733,each
MR-0003835,PO-0001843,MAT-SEAL,1395,each
MR-0003836,PO-0001843,MAT-PUMP-CAP,1423,each
MR-0003837,PO-0001843,MAT-CARTON,1403,each
MR-0003838,PO-0001844,MAT-BULK-CREAM,98.8,litre
MR-0003839,PO-0001844,MAT-SEAL,1272,each
MR-0003840,PO-0001845,MAT-SEAL,563,each
MR-0003841,PO-0001845,MAT-PUMP-CAP,557,each
MR-0003842,PO-0001846,MAT-PUMP-CAP,948,each
MR-0003843,PO-0001846,MAT-CARTON,937,each
MR-0003844,PO-0001847,MAT-BULK-CREAM,88.43,litre
MR-0003845,PO-0001847,MAT-SEAL,1134,each
MR-0003846,PO-0001848,MAT-PUMP-CAP,783,each
MR-0003847,PO-0001848,MAT-CARTON,788,each
MR-0003848,PO-0001849,MAT-SEAL,1105,each
MR-0003849,PO-0001849,MAT-PUMP-CAP,1060,each
MR-0003850,PO-0001850,MAT-LABEL,697,each
MR-0003851,PO-0001850,MAT-BULK-CREAM,57.93,litre
MR-0003852,PO-0001851,MAT-BULK-CREAM,96.85,litre
MR-0003853,PO-0001851,MAT-SEAL,1250,each
MR-0003854,PO-0001852,MAT-SEAL,1247,each
MR-0003855,PO-0001852,MAT-PUMP-CAP,1239,each
MR-0003856,PO-0001853,MAT-LABEL,849,each
MR-0003857,PO-0001853,MAT-BULK-CREAM,67.49,litre
MR-0003858,PO-0001854,MAT-BULK-CREAM,73.21,litre
MR-0003859,PO-0001854,MAT-SEAL,912,each
MR-0003860,PO-0001855,MAT-SEAL,731,each
MR-0003861,PO-0001855,MAT-PUMP-CAP,770,each
MR-0003862,PO-0001856,MAT-PUMP-CAP,431,each
MR-0003863,PO-0001856,MAT-CARTON,424,each
MR-0003864,PO-0001857,MAT-LABEL,576,each
MR-0003865,PO-0001857,MAT-BULK-CREAM,47.52,litre
MR-0003866,PO-0001858,MAT-PUMP-CAP,639,each
MR-0003867,PO-0001858,MAT-CARTON,616,each
MR-0003868,PO-0001859,MAT-BULK-CREAM,60.38,litre
MR-0003869,PO-0001859,MAT-SEAL,756,each
MR-0003870,PO-0001860,MAT-CARTON,434,each
MR-0003871,PO-0001860,MAT-LABEL,430,each
MR-0003872,PO-0001861,MAT-LABEL,905,each
MR-0003873,PO-0001861,MAT-BULK-CREAM,71.01,litre
MR-0003874,PO-0001862,MAT-LABEL,592,each
MR-0003875,PO-0001862,MAT-BULK-CREAM,48.66,litre
MR-0003876,PO-0001863,MAT-SEAL,947,each
MR-0003877,PO-0001863,MAT-PUMP-CAP,1010,each
MR-0003878,PO-0001864,MAT-CARTON,431,each
MR-0003879,PO-0001864,MAT-LABEL,422,each
MR-0003880,PO-0001865,MAT-PUMP-CAP,616,each
MR-0003881,PO-0001865,MAT-CARTON,627,each
MR-0003882,PO-0001866,MAT-BULK-CREAM,72.62,litre
MR-0003883,PO-0001866,MAT-SEAL,928,each
MR-0003884,PO-0001867,MAT-CARTON,597,each
MR-0003885,PO-0001867,MAT-LABEL,565,each
MR-0003886,PO-0001868,MAT-SEAL,665,each
MR-0003887,PO-0001868,MAT-PUMP-CAP,682,each
MR-0003888,PO-0001869,MAT-LABEL,976,each
MR-0003889,PO-0001869,MAT-BULK-CREAM,78.7,litre
MR-0003890,PO-0001870,MAT-BULK-CREAM,47.78,litre
MR-0003891,PO-0001870,MAT-SEAL,597,each
MR-0003892,PO-0001871,MAT-PUMP-CAP,759,each
MR-0003893,PO-0001871,MAT-CARTON,782,each
MR-0003894,PO-0001872,MAT-PUMP-CAP,506,each
MR-0003895,PO-0001872,MAT-CARTON,504,each
MR-0003896,PO-0001873,MAT-CARTON,586,each
MR-0003897,PO-0001873,MAT-LABEL,581,each
MR-0003898,PO-0001874,MAT-BULK-CREAM,57.15,litre
MR-0003899,PO-0001874,MAT-SEAL,736,each
MR-0003900,PO-0001875,MAT-BULK-CREAM,61.37,litre
MR-0003901,PO-0001875,MAT-SEAL,758,each
MR-0003902,PO-0001876,MAT-SEAL,703,each
MR-0003903,PO-0001876,MAT-PUMP-CAP,721,each
MR-0003904,PO-0001877,MAT-PUMP-CAP,1055,each
MR-0003905,PO-0001877,MAT-CARTON,993,each
MR-0003906,PO-0001878,MAT-BULK-CREAM,88.17,litre
MR-0003907,PO-0001878,MAT-SEAL,1111,each
MR-0003908,PO-0001879,MAT-LABEL,1356,each
MR-0003909,PO-0001879,MAT-BULK-CREAM,109.17,litre
MR-0003910,PO-0001880,MAT-PUMP-CAP,1070,each
MR-0003911,PO-0001880,MAT-CARTON,1059,each
MR-0003912,PO-0001881,MAT-SEAL,1141,each
MR-0003913,PO-0001881,MAT-PUMP-CAP,1172,each
MR-0003914,PO-0001882,MAT-PUMP-CAP,901,each
MR-0003915,PO-0001882,MAT-CARTON,883,each
MR-0003916,PO-0001883,MAT-CARTON,819,each
MR-0003917,PO-0001883,MAT-LABEL,811,each
MR-0003918,PO-0001884,MAT-LABEL,1261,each
MR-0003919,PO-0001884,MAT-BULK-CREAM,99.78,litre
MR-0003920,PO-0001885,MAT-BULK-CREAM,54.84,litre
MR-0003921,PO-0001885,MAT-SEAL,706,each
MR-0003922,PO-0001886,MAT-SEAL,680,each
MR-0003923,PO-0001886,MAT-PUMP-CAP,700,each
MR-0003924,PO-0001887,MAT-PUMP-CAP,1318,each
MR-0003925,PO-0001887,MAT-CARTON,1315,each
MR-0003926,PO-0001888,MAT-CARTON,1489,each
MR-0003927,PO-0001888,MAT-LABEL,1478,each
MR-0003928,PO-0001888,MAT-BULK-CREAM,120.13,litre
MR-0003929,PO-0001889,MAT-SEAL,1222,each
MR-0003930,PO-0001889,MAT-PUMP-CAP,1265,each
MR-0003931,PO-0001890,MAT-BULK-CREAM,100.71,litre
MR-0003932,PO-0001890,MAT-SEAL,1280,each
MR-0003933,PO-0001891,MAT-SEAL,1277,each
MR-0003934,PO-0001891,MAT-PUMP-CAP,1292,each
MR-0003935,PO-0001892,MAT-CARTON,1435,each
MR-0003936,PO-0001892,MAT-LABEL,1443,each
MR-0003937,PO-0001892,MAT-BULK-CREAM,113.92,litre
MR-0003938,PO-0001893,MAT-CARTON,758,each
MR-0003939,PO-0001893,MAT-LABEL,785,each
MR-0003940,PO-0001894,MAT-BULK-CREAM,110.39,litre
MR-0003941,PO-0001894,MAT-SEAL,1378,each
MR-0003942,PO-0001895,MAT-SEAL,969,each
MR-0003943,PO-0001895,MAT-PUMP-CAP,985,each
MR-0003944,PO-0001896,MAT-PUMP-CAP,818,each
MR-0003945,PO-0001896,MAT-CARTON,799,each
MR-0003946,PO-0001897,MAT-CARTON,646,each
MR-0003947,PO-0001897,MAT-LABEL,641,each
MR-0003948,PO-0001898,MAT-LABEL,1226,each
MR-0003949,PO-0001898,MAT-BULK-CREAM,100.43,litre
MR-0003950,PO-0001899,MAT-BULK-CREAM,75.12,litre
MR-0003951,PO-0001899,MAT-SEAL,957,each
MR-0003952,PO-0001900,MAT-LABEL,939,each
MR-0003953,PO-0001900,MAT-BULK-CREAM,74.1,litre
MR-0003954,PO-0001901,MAT-PUMP-CAP,1024,each
MR-0003955,PO-0001901,MAT-CARTON,993,each
MR-0003956,PO-0001902,MAT-CARTON,1354,each
MR-0003957,PO-0001902,MAT-LABEL,1389,each
MR-0003958,PO-0001903,MAT-LABEL,1256,each
MR-0003959,PO-0001903,MAT-BULK-CREAM,101,litre
MR-0003960,PO-0001904,MAT-BULK-CREAM,110.56,litre
MR-0003961,PO-0001904,MAT-SEAL,1364,each
MR-0003962,PO-0001905,MAT-LABEL,695,each
MR-0003963,PO-0001905,MAT-BULK-CREAM,57.54,litre
MR-0003964,PO-0001906,MAT-PUMP-CAP,823,each
MR-0003965,PO-0001906,MAT-CARTON,826,each
MR-0003966,PO-0001907,MAT-CARTON,1155,each
MR-0003967,PO-0001907,MAT-LABEL,1162,each
MR-0003968,PO-0001908,MAT-SEAL,835,each
MR-0003969,PO-0001908,MAT-PUMP-CAP,856,each
MR-0003970,PO-0001909,MAT-CARTON,955,each
MR-0003971,PO-0001909,MAT-LABEL,955,each
MR-0003972,PO-0001910,MAT-PUMP-CAP,692,each
MR-0003973,PO-0001910,MAT-CARTON,690,each
MR-0003974,PO-0001911,MAT-LABEL,948,each
MR-0003975,PO-0001911,MAT-BULK-CREAM,77.17,litre
MR-0003976,PO-0001912,MAT-LABEL,773,each
MR-0003977,PO-0001912,MAT-BULK-CREAM,61.67,litre
MR-0003978,PO-0001913,MAT-LABEL,756,each
MR-0003979,PO-0001913,MAT-BULK-CREAM,61.42,litre
MR-0003980,PO-0001914,MAT-CARTON,767,each
MR-0003981,PO-0001914,MAT-LABEL,770,each
MR-0003982,PO-0001915,MAT-PUMP-CAP,861,each
MR-0003983,PO-0001915,MAT-CARTON,837,each
MR-0003984,PO-0001916,MAT-LABEL,1236,each
MR-0003985,PO-0001916,MAT-BULK-CREAM,98.34,litre
MR-0003986,PO-0001917,MAT-LABEL,1133,each
MR-0003987,PO-0001917,MAT-BULK-CREAM,88.02,litre
MR-0003988,PO-0001918,MAT-LABEL,516,each
MR-0003989,PO-0001918,MAT-BULK-CREAM,39.96,litre
MR-0003990,PO-0001919,MAT-BULK-CREAM,53.32,litre
MR-0003991,PO-0001919,MAT-SEAL,648,each
MR-0003992,PO-0001920,MAT-SEAL,619,each
MR-0003993,PO-0001920,MAT-PUMP-CAP,622,each
MR-0003994,PO-0001921,MAT-PUMP-CAP,833,each
MR-0003995,PO-0001921,MAT-CARTON,824,each
MR-0003996,PO-0001922,MAT-CARTON,447,each
MR-0003997,PO-0001922,MAT-LABEL,439,each
MR-0003998,PO-0001923,MAT-CARTON,872,each
MR-0003999,PO-0001923,MAT-LABEL,881,each
MR-0004000,PO-0001924,MAT-BULK-CREAM,61.32,litre
MR-0004001,PO-0001924,MAT-SEAL,760,each
MR-0004002,PO-0001925,MAT-LABEL,718,each
MR-0004003,PO-0001925,MAT-BULK-CREAM,56.2,litre
MR-0004004,PO-0001926,MAT-LABEL,900,each
MR-0004005,PO-0001926,MAT-BULK-CREAM,73.59,litre
MR-0004006,PO-0001927,MAT-CARTON,499,each
MR-0004007,PO-0001927,MAT-LABEL,488,each
MR-0004008,PO-0001928,MAT-PUMP-CAP,553,each
MR-0004009,PO-0001928,MAT-CARTON,576,each
MR-0004010,PO-0001929,MAT-SEAL,501,each
MR-0004011,PO-0001929,MAT-PUMP-CAP,513,each
MR-0004012,PO-0001930,MAT-SEAL,426,each
MR-0004013,PO-0001930,MAT-PUMP-CAP,440,each
MR-0004014,PO-0001931,MAT-BULK-CREAM,45.74,litre
MR-0004015,PO-0001931,MAT-SEAL,584,each
MR-0004016,PO-0001932,MAT-CARTON,595,each
MR-0004017,PO-0001932,MAT-LABEL,596,each
MR-0004018,PO-0001933,MAT-CARTON,900,each
MR-0004019,PO-0001933,MAT-LABEL,928,each
MR-0004020,PO-0001934,MAT-LABEL,516,each
MR-0004021,PO-0001934,MAT-BULK-CREAM,41.01,litre
MR-0004022,PO-0001935,MAT-BULK-CREAM,86.49,litre
MR-0004023,PO-0001935,MAT-SEAL,1124,each
MR-0004024,PO-0001936,MAT-SEAL,832,each
MR-0004025,PO-0001936,MAT-PUMP-CAP,822,each
MR-0004026,PO-0001937,MAT-PUMP-CAP,1093,each
MR-0004027,PO-0001937,MAT-CARTON,1057,each
MR-0004028,PO-0001938,MAT-CARTON,1083,each
MR-0004029,PO-0001938,MAT-LABEL,1048,each
MR-0004030,PO-0001939,MAT-BULK-CREAM,51.72,litre
MR-0004031,PO-0001939,MAT-SEAL,661,each
MR-0004032,PO-0001940,MAT-BULK-CREAM,44.2,litre
MR-0004033,PO-0001940,MAT-SEAL,545,each
MR-0004034,PO-0001941,MAT-SEAL,607,each
MR-0004035,PO-0001941,MAT-PUMP-CAP,618,each
MR-0004036,PO-0001942,MAT-PUMP-CAP,730,each
MR-0004037,PO-0001942,MAT-CARTON,745,each
MR-0004038,PO-0001943,MAT-CARTON,954,each
MR-0004039,PO-0001943,MAT-LABEL,974,each
MR-0004040,PO-0001944,MAT-BULK-CREAM,69.59,litre
MR-0004041,PO-0001944,MAT-SEAL,888,each
MR-0004042,PO-0001945,MAT-BULK-CREAM,108.73,litre
MR-0004043,PO-0001945,MAT-SEAL,1356,each
MR-0004044,PO-0001946,MAT-SEAL,1230,each
MR-0004045,PO-0001946,MAT-PUMP-CAP,1264,each
MR-0004046,PO-0001947,MAT-SEAL,885,each
MR-0004047,PO-0001947,MAT-PUMP-CAP,896,each
MR-0004048,PO-0001948,MAT-CARTON,1503,each
MR-0004049,PO-0001948,MAT-LABEL,1484,each
MR-0004050,PO-0001948,MAT-BULK-CREAM,120.42,litre
MR-0004051,PO-0001949,MAT-LABEL,776,each
MR-0004052,PO-0001949,MAT-BULK-CREAM,64.53,litre
MR-0004053,PO-0001950,MAT-BULK-CREAM,58.21,litre
MR-0004054,PO-0001950,MAT-SEAL,724,each
MR-0004055,PO-0001951,MAT-SEAL,1013,each
MR-0004056,PO-0001951,MAT-PUMP-CAP,989,each
MR-0004057,PO-0001952,MAT-CARTON,1167,each
MR-0004058,PO-0001952,MAT-LABEL,1177,each
MR-0004059,PO-0001953,MAT-BULK-CREAM,54.09,litre
MR-0004060,PO-0001953,MAT-SEAL,662,each
MR-0004061,PO-0001954,MAT-LABEL,1441,each
MR-0004062,PO-0001954,MAT-BULK-CREAM,118.76,litre
MR-0004063,PO-0001954,MAT-SEAL,1449,each
MR-0004064,PO-0001955,MAT-BULK-CREAM,99.77,litre
MR-0004065,PO-0001955,MAT-SEAL,1277,each
MR-0004066,PO-0001956,MAT-PUMP-CAP,989,each
MR-0004067,PO-0001956,MAT-CARTON,983,each
MR-0004068,PO-0001957,MAT-PUMP-CAP,1380,each
MR-0004069,PO-0001957,MAT-CARTON,1293,each
MR-0004070,PO-0001958,MAT-CARTON,1012,each
MR-0004071,PO-0001958,MAT-LABEL,988,each
MR-0004072,PO-0001959,MAT-BULK-CREAM,108.95,litre
MR-0004073,PO-0001959,MAT-SEAL,1368,each
MR-0004074,PO-0001960,MAT-SEAL,1218,each
MR-0004075,PO-0001960,MAT-PUMP-CAP,1235,each
MR-0004076,PO-0001961,MAT-LABEL,758,each
MR-0004077,PO-0001961,MAT-BULK-CREAM,60.21,litre
MR-0004078,PO-0001962,MAT-CARTON,626,each
MR-0004079,PO-0001962,MAT-LABEL,631,each
MR-0004080,PO-0001963,MAT-LABEL,1169,each
MR-0004081,PO-0001963,MAT-BULK-CREAM,92.66,litre
MR-0004082,PO-0001964,MAT-BULK-CREAM,98.02,litre
MR-0004083,PO-0001964,MAT-SEAL,1196,each
MR-0004084,PO-0001965,MAT-BULK-CREAM,81.58,litre
MR-0004085,PO-0001965,MAT-SEAL,1037,each
MR-0004086,PO-0001966,MAT-PUMP-CAP,720,each
MR-0004087,PO-0001966,MAT-CARTON,700,each
MR-0004088,PO-0001967,MAT-CARTON,960,each
MR-0004089,PO-0001967,MAT-LABEL,934,each
MR-0004090,PO-0001968,MAT-LABEL,1069,each
MR-0004091,PO-0001968,MAT-BULK-CREAM,82.56,litre
MR-0004092,PO-0001969,MAT-BULK-CREAM,75.65,litre
MR-0004093,PO-0001969,MAT-SEAL,952,each
MR-0004094,PO-0001970,MAT-CARTON,628,each
MR-0004095,PO-0001970,MAT-LABEL,617,each
MR-0004096,PO-0001971,MAT-PUMP-CAP,1320,each
MR-0004097,PO-0001971,MAT-CARTON,1320,each
MR-0004098,PO-0001972,MAT-LABEL,1256,each
MR-0004099,PO-0001972,MAT-BULK-CREAM,102.36,litre
MR-0004100,PO-0001973,MAT-LABEL,1343,each
MR-0004101,PO-0001973,MAT-BULK-CREAM,102.84,litre
MR-0004102,PO-0001974,MAT-BULK-CREAM,104.41,litre
MR-0004103,PO-0001974,MAT-SEAL,1341,each
MR-0004104,PO-0001975,MAT-SEAL,805,each
MR-0004105,PO-0001975,MAT-PUMP-CAP,837,each
MR-0004106,PO-0001976,MAT-PUMP-CAP,579,each
MR-0004107,PO-0001976,MAT-CARTON,577,each
MR-0004108,PO-0001977,MAT-BULK-CREAM,71.34,litre
MR-0004109,PO-0001977,MAT-SEAL,895,each
MR-0004110,PO-0001978,MAT-SEAL,750,each
MR-0004111,PO-0001978,MAT-PUMP-CAP,735,each
MR-0004112,PO-0001979,MAT-SEAL,1147,each
MR-0004113,PO-0001979,MAT-PUMP-CAP,1135,each
MR-0004114,PO-0001980,MAT-PUMP-CAP,725,each
MR-0004115,PO-0001980,MAT-CARTON,725,each
MR-0004116,PO-0001981,MAT-BULK-CREAM,78.01,litre
MR-0004117,PO-0001981,MAT-SEAL,936,each
MR-0004118,PO-0001982,MAT-BULK-CREAM,69.32,litre
MR-0004119,PO-0001982,MAT-SEAL,870,each
MR-0004120,PO-0001983,MAT-LABEL,1108,each
MR-0004121,PO-0001983,MAT-BULK-CREAM,88.18,litre
MR-0004122,PO-0001984,MAT-BULK-CREAM,44.45,litre
MR-0004123,PO-0001984,MAT-SEAL,561,each
MR-0004124,PO-0001985,MAT-SEAL,767,each
MR-0004125,PO-0001985,MAT-PUMP-CAP,765,each
MR-0004126,PO-0001986,MAT-PUMP-CAP,425,each
MR-0004127,PO-0001986,MAT-CARTON,437,each
MR-0004128,PO-0001987,MAT-CARTON,900,each
MR-0004129,PO-0001987,MAT-LABEL,927,each
MR-0004130,PO-0001988,MAT-LABEL,875,each
MR-0004131,PO-0001988,MAT-BULK-CREAM,68.2,litre
MR-0004132,PO-0001989,MAT-BULK-CREAM,66.33,litre
MR-0004133,PO-0001989,MAT-SEAL,821,each
MR-0004134,PO-0001990,MAT-SEAL,618,each
MR-0004135,PO-0001990,MAT-PUMP-CAP,632,each
MR-0004136,PO-0001991,MAT-BULK-CREAM,34.73,litre
MR-0004137,PO-0001991,MAT-SEAL,428,each
MR-0004138,PO-0001992,MAT-CARTON,488,each
MR-0004139,PO-0001992,MAT-LABEL,482,each
MR-0004140,PO-0001993,MAT-SEAL,529,each
MR-0004141,PO-0001993,MAT-PUMP-CAP,537,each
MR-0004142,PO-0001994,MAT-BULK-CREAM,46.77,litre
MR-0004143,PO-0001994,MAT-SEAL,598,each
MR-0004144,PO-0001995,MAT-PUMP-CAP,621,each
MR-0004145,PO-0001995,MAT-CARTON,594,each
MR-0004146,PO-0001996,MAT-PUMP-CAP,961,each
MR-0004147,PO-0001996,MAT-CARTON,954,each
MR-0004148,PO-0001997,MAT-CARTON,726,each
MR-0004149,PO-0001997,MAT-LABEL,721,each
MR-0004150,PO-0001998,MAT-LABEL,890,each
MR-0004151,PO-0001998,MAT-BULK-CREAM,73.27,litre
MR-0004152,PO-0001999,MAT-LABEL,842,each
MR-0004153,PO-0001999,MAT-BULK-CREAM,64.6,litre
MR-0004154,PO-0002000,MAT-BULK-CREAM,82.78,litre
MR-0004155,PO-0002000,MAT-SEAL,1013,each
MR-0004156,PO-0002001,MAT-SEAL,967,each
MR-0004157,PO-0002001,MAT-PUMP-CAP,1010,each
MR-0004158,PO-0002002,MAT-CARTON,978,each
MR-0004159,PO-0002002,MAT-LABEL,956,each
MR-0004160,PO-0002003,MAT-CARTON,594,each
MR-0004161,PO-0002003,MAT-LABEL,585,each
MR-0004162,PO-0002004,MAT-LABEL,1113,each
MR-0004163,PO-0002004,MAT-BULK-CREAM,89.54,litre
MR-0004164,PO-0002005,MAT-CARTON,870,each
MR-0004165,PO-0002005,MAT-LABEL,853,each
MR-0004166,PO-0002006,MAT-SEAL,826,each
MR-0004167,PO-0002006,MAT-PUMP-CAP,832,each
MR-0004168,PO-0002007,MAT-PUMP-CAP,1119,each
MR-0004169,PO-0002007,MAT-CARTON,1129,each
MR-0004170,PO-0002008,MAT-CARTON,1568,each
MR-0004171,PO-0002008,MAT-LABEL,1570,each
MR-0004172,PO-0002008,MAT-BULK-CREAM,123.63,litre
MR-0004173,PO-0002009,MAT-LABEL,691,each
MR-0004174,PO-0002009,MAT-BULK-CREAM,57.39,litre
MR-0004175,PO-0002010,MAT-SEAL,1271,each
MR-0004176,PO-0002010,MAT-PUMP-CAP,1302,each
MR-0004177,PO-0002011,MAT-SEAL,1075,each
MR-0004178,PO-0002011,MAT-PUMP-CAP,1093,each
MR-0004179,PO-0002012,MAT-CARTON,1283,each
MR-0004180,PO-0002012,MAT-LABEL,1280,each
MR-0004181,PO-0002013,MAT-LABEL,1382,each
MR-0004182,PO-0002013,MAT-BULK-CREAM,111.97,litre
MR-0004183,PO-0002014,MAT-LABEL,1200,each
MR-0004184,PO-0002014,MAT-BULK-CREAM,93.69,litre
MR-0004185,PO-0002015,MAT-BULK-CREAM,68.43,litre
MR-0004186,PO-0002015,MAT-SEAL,888,each
MR-0004187,PO-0002016,MAT-SEAL,1175,each
MR-0004188,PO-0002016,MAT-PUMP-CAP,1178,each
MR-0004189,PO-0002017,MAT-CARTON,1394,each
MR-0004190,PO-0002017,MAT-LABEL,1402,each
MR-0004191,PO-0002018,MAT-CARTON,1491,each
MR-0004192,PO-0002018,MAT-LABEL,1480,each
MR-0004193,PO-0002018,MAT-BULK-CREAM,119.89,litre
MR-0004194,PO-0002019,MAT-LABEL,1031,each
MR-0004195,PO-0002019,MAT-BULK-CREAM,80.04,litre
MR-0004196,PO-0002020,MAT-BULK-CREAM,93.73,litre
MR-0004197,PO-0002020,MAT-SEAL,1106,each
MR-0004198,PO-0002021,MAT-SEAL,968,each
MR-0004199,PO-0002021,MAT-PUMP-CAP,941,each
MR-0004200,PO-0002022,MAT-PUMP-CAP,1621,each
MR-0004201,PO-0002022,MAT-CARTON,1586,each
MR-0004202,PO-0002022,MAT-LABEL,1567,each
MR-0004203,PO-0002023,MAT-CARTON,813,each
MR-0004204,PO-0002023,MAT-LABEL,790,each
MR-0004205,PO-0002024,MAT-LABEL,1118,each
MR-0004206,PO-0002024,MAT-BULK-CREAM,90.1,litre
MR-0004207,PO-0002025,MAT-SEAL,1254,each
MR-0004208,PO-0002025,MAT-PUMP-CAP,1241,each
MR-0004209,PO-0002026,MAT-PUMP-CAP,944,each
MR-0004210,PO-0002026,MAT-CARTON,917,each
MR-0004211,PO-0002027,MAT-CARTON,1040,each
MR-0004212,PO-0002027,MAT-LABEL,1038,each
MR-0004213,PO-0002028,MAT-LABEL,1200,each
MR-0004214,PO-0002028,MAT-BULK-CREAM,94.76,litre
MR-0004215,PO-0002029,MAT-PUMP-CAP,1452,each
MR-0004216,PO-0002029,MAT-CARTON,1427,each
MR-0004217,PO-0002029,MAT-LABEL,1413,each
MR-0004218,PO-0002030,MAT-SEAL,920,each
MR-0004219,PO-0002030,MAT-PUMP-CAP,933,each
MR-0004220,PO-0002031,MAT-PUMP-CAP,1354,each
MR-0004221,PO-0002031,MAT-CARTON,1366,each
MR-0004222,PO-0002032,MAT-CARTON,1263,each
MR-0004223,PO-0002032,MAT-LABEL,1233,each
MR-0004224,PO-0002033,MAT-BULK-CREAM,104.27,litre
MR-0004225,PO-0002033,MAT-SEAL,1328,each
MR-0004226,PO-0002034,MAT-BULK-CREAM,68.3,litre
MR-0004227,PO-0002034,MAT-SEAL,842,each
MR-0004228,PO-0002035,MAT-SEAL,1401,each
MR-0004229,PO-0002035,MAT-PUMP-CAP,1431,each
MR-0004230,PO-0002035,MAT-CARTON,1443,each
MR-0004231,PO-0002036,MAT-PUMP-CAP,954,each
MR-0004232,PO-0002036,MAT-CARTON,927,each
MR-0004233,PO-0002037,MAT-LABEL,1233,each
MR-0004234,PO-0002037,MAT-BULK-CREAM,98.7,litre
MR-0004235,PO-0002038,MAT-SEAL,870,each
MR-0004236,PO-0002038,MAT-PUMP-CAP,902,each
MR-0004237,PO-0002039,MAT-SEAL,1297,each
MR-0004238,PO-0002039,MAT-PUMP-CAP,1305,each
MR-0004239,PO-0002040,MAT-LABEL,960,each
MR-0004240,PO-0002040,MAT-BULK-CREAM,74.82,litre
MR-0004241,PO-0002041,MAT-LABEL,664,each
MR-0004242,PO-0002041,MAT-BULK-CREAM,54.12,litre
MR-0004243,PO-0002042,MAT-SEAL,497,each
MR-0004244,PO-0002042,MAT-PUMP-CAP,505,each
MR-0004245,PO-0002043,MAT-SEAL,835,each
MR-0004246,PO-0002043,MAT-PUMP-CAP,833,each
MR-0004247,PO-0002044,MAT-CARTON,767,each
MR-0004248,PO-0002044,MAT-LABEL,763,each
MR-0004249,PO-0002045,MAT-CARTON,896,each
MR-0004250,PO-0002045,MAT-LABEL,865,each
MR-0004251,PO-0002046,MAT-CARTON,614,each
MR-0004252,PO-0002046,MAT-LABEL,630,each
MR-0004253,PO-0002047,MAT-CARTON,839,each
MR-0004254,PO-0002047,MAT-LABEL,817,each
MR-0004255,PO-0002048,MAT-LABEL,963,each
MR-0004256,PO-0002048,MAT-BULK-CREAM,78.02,litre
MR-0004257,PO-0002049,MAT-BULK-CREAM,65.12,litre
MR-0004258,PO-0002049,MAT-SEAL,803,each
MR-0004259,PO-0002050,MAT-SEAL,694,each
MR-0004260,PO-0002050,MAT-PUMP-CAP,727,each
MR-0004261,PO-0002051,MAT-PUMP-CAP,732,each
MR-0004262,PO-0002051,MAT-CARTON,728,each
MR-0004263,PO-0002052,MAT-CARTON,444,each
MR-0004264,PO-0002052,MAT-LABEL,446,each
MR-0004265,PO-0002053,MAT-LABEL,770,each
MR-0004266,PO-0002053,MAT-BULK-CREAM,61.73,litre
MR-0004267,PO-0002054,MAT-BULK-CREAM,70.53,litre
MR-0004268,PO-0002054,MAT-SEAL,873,each
MR-0004269,PO-0002055,MAT-SEAL,404,each
MR-0004270,PO-0002055,MAT-PUMP-CAP,411,each
MR-0004271,PO-0002056,MAT-LABEL,665,each
MR-0004272,PO-0002056,MAT-BULK-CREAM,52.04,litre
MR-0004273,PO-0002057,MAT-LABEL,721,each
MR-0004274,PO-0002057,MAT-BULK-CREAM,55.95,litre
MR-0004275,PO-0002058,MAT-PUMP-CAP,635,each
MR-0004276,PO-0002058,MAT-CARTON,629,each
MR-0004277,PO-0002059,MAT-PUMP-CAP,647,each
MR-0004278,PO-0002059,MAT-CARTON,651,each
MR-0004279,PO-0002060,MAT-CARTON,727,each
MR-0004280,PO-0002060,MAT-LABEL,739,each
MR-0004281,PO-0002061,MAT-LABEL,487,each
MR-0004282,PO-0002061,MAT-BULK-CREAM,38.9,litre
MR-0004283,PO-0002062,MAT-LABEL,608,each
MR-0004284,PO-0002062,MAT-BULK-CREAM,49.82,litre
MR-0004285,PO-0002063,MAT-BULK-CREAM,36.25,litre
MR-0004286,PO-0002063,MAT-SEAL,452,each
MR-0004287,PO-0002064,MAT-LABEL,1072,each
MR-0004288,PO-0002064,MAT-BULK-CREAM,89.89,litre
MR-0004289,PO-0002065,MAT-CARTON,974,each
MR-0004290,PO-0002065,MAT-LABEL,1001,each
MR-0004291,PO-0002066,MAT-SEAL,837,each
MR-0004292,PO-0002066,MAT-PUMP-CAP,877,each
MR-0004293,PO-0002067,MAT-PUMP-CAP,1006,each
MR-0004294,PO-0002067,MAT-CARTON,962,each
MR-0004295,PO-0002068,MAT-CARTON,952,each
MR-0004296,PO-0002068,MAT-LABEL,915,each
MR-0004297,PO-0002069,MAT-LABEL,1018,each
MR-0004298,PO-0002069,MAT-BULK-CREAM,82.77,litre
MR-0004299,PO-0002070,MAT-BULK-CREAM,49.64,litre
MR-0004300,PO-0002070,MAT-SEAL,622,each
MR-0004301,PO-0002071,MAT-SEAL,1011,each
MR-0004302,PO-0002071,MAT-PUMP-CAP,1034,each
MR-0004303,PO-0002072,MAT-PUMP-CAP,710,each
MR-0004304,PO-0002072,MAT-CARTON,718,each
MR-0004305,PO-0002073,MAT-CARTON,779,each
MR-0004306,PO-0002073,MAT-LABEL,777,each
MR-0004307,PO-0002074,MAT-LABEL,943,each
MR-0004308,PO-0002074,MAT-BULK-CREAM,75.91,litre
MR-0004309,PO-0002075,MAT-BULK-CREAM,74.08,litre
MR-0004310,PO-0002075,MAT-SEAL,941,each
MR-0004311,PO-0002076,MAT-SEAL,761,each
MR-0004312,PO-0002076,MAT-PUMP-CAP,773,each
MR-0004313,PO-0002077,MAT-PUMP-CAP,1437,each
MR-0004314,PO-0002077,MAT-CARTON,1434,each
MR-0004315,PO-0002077,MAT-LABEL,1419,each
MR-0004316,PO-0002078,MAT-CARTON,786,each
MR-0004317,PO-0002078,MAT-LABEL,771,each
MR-0004318,PO-0002079,MAT-CARTON,942,each
MR-0004319,PO-0002079,MAT-LABEL,917,each
MR-0004320,PO-0002080,MAT-LABEL,1644,each
MR-0004321,PO-0002080,MAT-BULK-CREAM,128.13,litre
MR-0004322,PO-0002080,MAT-SEAL,1573,each
MR-0004323,PO-0002081,MAT-SEAL,1394,each
MR-0004324,PO-0002081,MAT-PUMP-CAP,1407,each
MR-0004325,PO-0002081,MAT-CARTON,1452,each
MR-0004326,PO-0002082,MAT-PUMP-CAP,1428,each
MR-0004327,PO-0002082,MAT-CARTON,1442,each
MR-0004328,PO-0002082,MAT-LABEL,1418,each
MR-0004329,PO-0002083,MAT-CARTON,994,each
MR-0004330,PO-0002083,MAT-LABEL,968,each
MR-0004331,PO-0002084,MAT-LABEL,1340,each
MR-0004332,PO-0002084,MAT-BULK-CREAM,108.57,litre
MR-0004333,PO-0002085,MAT-CARTON,1511,each
MR-0004334,PO-0002085,MAT-LABEL,1428,each
MR-0004335,PO-0002085,MAT-BULK-CREAM,118.56,litre
MR-0004336,PO-0002086,MAT-SEAL,1322,each
MR-0004337,PO-0002086,MAT-PUMP-CAP,1345,each
MR-0004338,PO-0002087,MAT-PUMP-CAP,867,each
MR-0004339,PO-0002087,MAT-CARTON,827,each
MR-0004340,PO-0002088,MAT-LABEL,995,each
MR-0004341,PO-0002088,MAT-BULK-CREAM,77.87,litre
MR-0004342,PO-0002089,MAT-SEAL,1488,each
MR-0004343,PO-0002089,MAT-PUMP-CAP,1456,each
MR-0004344,PO-0002089,MAT-CARTON,1499,each
MR-0004345,PO-0002090,MAT-LABEL,1462,each
MR-0004346,PO-0002090,MAT-BULK-CREAM,115.87,litre
MR-0004347,PO-0002090,MAT-SEAL,1448,each
MR-0004348,PO-0002091,MAT-PUMP-CAP,1462,each
MR-0004349,PO-0002091,MAT-CARTON,1399,each
MR-0004350,PO-0002091,MAT-LABEL,1388,each
MR-0004351,PO-0002092,MAT-LABEL,1245,each
MR-0004352,PO-0002092,MAT-BULK-CREAM,105.37,litre
MR-0004353,PO-0002093,MAT-SEAL,1441,each
MR-0004354,PO-0002093,MAT-PUMP-CAP,1477,each
MR-0004355,PO-0002093,MAT-CARTON,1476,each
MR-0004356,PO-0002094,MAT-BULK-CREAM,107.45,litre
MR-0004357,PO-0002094,MAT-SEAL,1328,each
MR-0004358,PO-0002095,MAT-LABEL,1149,each
MR-0004359,PO-0002095,MAT-BULK-CREAM,87.48,litre
MR-0004360,PO-0002096,MAT-PUMP-CAP,1307,each
MR-0004361,PO-0002096,MAT-CARTON,1347,each
MR-0004362,PO-0002097,MAT-BULK-CREAM,72.3,litre
MR-0004363,PO-0002097,MAT-SEAL,915,each
MR-0004364,PO-0002098,MAT-LABEL,812,each
MR-0004365,PO-0002098,MAT-BULK-CREAM,67,litre
MR-0004366,PO-0002099,MAT-SEAL,966,each
MR-0004367,PO-0002099,MAT-PUMP-CAP,1017,each
MR-0004368,PO-0002100,MAT-SEAL,1192,each
MR-0004369,PO-0002100,MAT-PUMP-CAP,1203,each
MR-0004370,PO-0002101,MAT-PUMP-CAP,1269,each
MR-0004371,PO-0002101,MAT-CARTON,1272,each
MR-0004372,PO-0002102,MAT-CARTON,763,each
MR-0004373,PO-0002102,MAT-LABEL,741,each
MR-0004374,PO-0002103,MAT-LABEL,1015,each
MR-0004375,PO-0002103,MAT-BULK-CREAM,83.86,litre
MR-0004376,PO-0002104,MAT-BULK-CREAM,54.47,litre
MR-0004377,PO-0002104,MAT-SEAL,674,each
MR-0004378,PO-0002105,MAT-SEAL,812,each
MR-0004379,PO-0002105,MAT-PUMP-CAP,842,each
MR-0004380,PO-0002106,MAT-PUMP-CAP,1022,each
MR-0004381,PO-0002106,MAT-CARTON,1004,each
MR-0004382,PO-0002107,MAT-CARTON,982,each
MR-0004383,PO-0002107,MAT-LABEL,977,each
MR-0004384,PO-0002108,MAT-SEAL,493,each
MR-0004385,PO-0002108,MAT-PUMP-CAP,504,each
MR-0004386,PO-0002109,MAT-SEAL,768,each
MR-0004387,PO-0002109,MAT-PUMP-CAP,761,each
MR-0004388,PO-0002110,MAT-PUMP-CAP,901,each
MR-0004389,PO-0002110,MAT-CARTON,882,each
MR-0004390,PO-0002111,MAT-CARTON,846,each
MR-0004391,PO-0002111,MAT-LABEL,831,each
MR-0004392,PO-0002112,MAT-BULK-CREAM,81.13,litre
MR-0004393,PO-0002112,MAT-SEAL,1011,each
MR-0004394,PO-0002113,MAT-LABEL,522,each
MR-0004395,PO-0002113,MAT-BULK-CREAM,40.49,litre
MR-0004396,PO-0002114,MAT-BULK-CREAM,67.86,litre
MR-0004397,PO-0002114,MAT-SEAL,856,each
MR-0004398,PO-0002115,MAT-SEAL,688,each
MR-0004399,PO-0002115,MAT-PUMP-CAP,700,each
MR-0004400,PO-0002116,MAT-PUMP-CAP,682,each
MR-0004401,PO-0002116,MAT-CARTON,669,each
MR-0004402,PO-0002117,MAT-CARTON,561,each
MR-0004403,PO-0002117,MAT-LABEL,561,each
MR-0004404,PO-0002118,MAT-SEAL,418,each
MR-0004405,PO-0002118,MAT-PUMP-CAP,427,each
MR-0004406,PO-0002119,MAT-BULK-CREAM,46.07,litre
MR-0004407,PO-0002119,MAT-SEAL,582,each
MR-0004408,PO-0002120,MAT-CARTON,683,each
MR-0004409,PO-0002120,MAT-LABEL,674,each
MR-0004410,PO-0002121,MAT-LABEL,786,each
MR-0004411,PO-0002121,MAT-BULK-CREAM,60.89,litre
MR-0004412,PO-0002122,MAT-SEAL,593,each
MR-0004413,PO-0002122,MAT-PUMP-CAP,577,each
MR-0004414,PO-0002123,MAT-CARTON,745,each
MR-0004415,PO-0002123,MAT-LABEL,745,each
MR-0004416,PO-0002124,MAT-BULK-CREAM,54.71,litre
MR-0004417,PO-0002124,MAT-SEAL,690,each
MR-0004418,PO-0002125,MAT-PUMP-CAP,997,each
MR-0004419,PO-0002125,MAT-CARTON,956,each
MR-0004420,PO-0002126,MAT-LABEL,764,each
MR-0004421,PO-0002126,MAT-BULK-CREAM,59.6,litre
MR-0004422,PO-0002127,MAT-SEAL,937,each
MR-0004423,PO-0002127,MAT-PUMP-CAP,960,each
MR-0004424,PO-0002128,MAT-PUMP-CAP,592,each
MR-0004425,PO-0002128,MAT-CARTON,585,each
MR-0004426,PO-0002129,MAT-PUMP-CAP,761,each
MR-0004427,PO-0002129,MAT-CARTON,757,each
MR-0004428,PO-0002130,MAT-BULK-CREAM,62.95,litre
MR-0004429,PO-0002130,MAT-SEAL,802,each
MR-0004430,PO-0002131,MAT-CARTON,697,each
MR-0004431,PO-0002131,MAT-LABEL,684,each
MR-0004432,PO-0002132,MAT-PUMP-CAP,1040,each
MR-0004433,PO-0002132,MAT-CARTON,1047,each
MR-0004434,PO-0002133,MAT-CARTON,1081,each
MR-0004435,PO-0002133,MAT-LABEL,1029,each
MR-0004436,PO-0002134,MAT-LABEL,798,each
MR-0004437,PO-0002134,MAT-BULK-CREAM,63.56,litre
MR-0004438,PO-0002135,MAT-SEAL,922,each
MR-0004439,PO-0002135,MAT-PUMP-CAP,951,each
MR-0004440,PO-0002136,MAT-SEAL,579,each
MR-0004441,PO-0002136,MAT-PUMP-CAP,584,each
MR-0004442,PO-0002137,MAT-PUMP-CAP,900,each
MR-0004443,PO-0002137,MAT-CARTON,883,each
MR-0004444,PO-0002138,MAT-SEAL,1209,each
MR-0004445,PO-0002138,MAT-PUMP-CAP,1200,each
MR-0004446,PO-0002139,MAT-LABEL,1369,each
MR-0004447,PO-0002139,MAT-BULK-CREAM,107,litre
MR-0004448,PO-0002140,MAT-SEAL,1000,each
MR-0004449,PO-0002140,MAT-PUMP-CAP,1023,each
MR-0004450,PO-0002141,MAT-SEAL,1030,each
MR-0004451,PO-0002141,MAT-PUMP-CAP,1059,each
MR-0004452,PO-0002142,MAT-BULK-CREAM,106.35,litre
MR-0004453,PO-0002142,MAT-SEAL,1315,each
MR-0004454,PO-0002143,MAT-CARTON,1194,each
MR-0004455,PO-0002143,MAT-LABEL,1158,each
MR-0004456,PO-0002144,MAT-LABEL,1303,each
MR-0004457,PO-0002144,MAT-BULK-CREAM,103.55,litre
MR-0004458,PO-0002145,MAT-BULK-CREAM,60.54,litre
MR-0004459,PO-0002145,MAT-SEAL,764,each
MR-0004460,PO-0002146,MAT-SEAL,1465,each
MR-0004461,PO-0002146,MAT-PUMP-CAP,1486,each
MR-0004462,PO-0002146,MAT-CARTON,1526,each
MR-0004463,PO-0002147,MAT-PUMP-CAP,1264,each
MR-0004464,PO-0002147,MAT-CARTON,1232,each
MR-0004465,PO-0002148,MAT-CARTON,817,each
MR-0004466,PO-0002148,MAT-LABEL,823,each
MR-0004467,PO-0002149,MAT-PUMP-CAP,919,each
MR-0004468,PO-0002149,MAT-CARTON,923,each
MR-0004469,PO-0002150,MAT-LABEL,832,each
MR-0004470,PO-0002150,MAT-BULK-CREAM,66.8,litre
MR-0004471,PO-0002151,MAT-SEAL,1227,each
MR-0004472,PO-0002151,MAT-PUMP-CAP,1232,each
MR-0004473,PO-0002152,MAT-CARTON,1523,each
MR-0004474,PO-0002152,MAT-LABEL,1502,each
MR-0004475,PO-0002152,MAT-BULK-CREAM,123.34,litre
MR-0004476,PO-0002153,MAT-CARTON,889,each
MR-0004477,PO-0002153,MAT-LABEL,855,each
MR-0004478,PO-0002154,MAT-LABEL,921,each
MR-0004479,PO-0002154,MAT-BULK-CREAM,73.05,litre
MR-0004480,PO-0002155,MAT-SEAL,1019,each
MR-0004481,PO-0002155,MAT-PUMP-CAP,1025,each
MR-0004482,PO-0002156,MAT-PUMP-CAP,964,each
MR-0004483,PO-0002156,MAT-CARTON,962,each
MR-0004484,PO-0002157,MAT-CARTON,1327,each
MR-0004485,PO-0002157,MAT-LABEL,1322,each
MR-0004486,PO-0002158,MAT-BULK-CREAM,52.31,litre
MR-0004487,PO-0002158,MAT-SEAL,646,each
MR-0004488,PO-0002159,MAT-PUMP-CAP,691,each
MR-0004489,PO-0002159,MAT-CARTON,673,each
MR-0004490,PO-0002160,MAT-SEAL,724,each
MR-0004491,PO-0002160,MAT-PUMP-CAP,738,each
MR-0004492,PO-0002161,MAT-LABEL,1340,each
MR-0004493,PO-0002161,MAT-BULK-CREAM,108.24,litre
MR-0004494,PO-0002162,MAT-CARTON,956,each
MR-0004495,PO-0002162,MAT-LABEL,968,each
MR-0004496,PO-0002163,MAT-PUMP-CAP,1463,each
MR-0004497,PO-0002163,MAT-CARTON,1454,each
MR-0004498,PO-0002163,MAT-LABEL,1422,each
MR-0004499,PO-0002164,MAT-BULK-CREAM,80.78,litre
MR-0004500,PO-0002164,MAT-SEAL,1042,each
MR-0004501,PO-0002165,MAT-PUMP-CAP,931,each
MR-0004502,PO-0002165,MAT-CARTON,913,each
MR-0004503,PO-0002166,MAT-CARTON,739,each
MR-0004504,PO-0002166,MAT-LABEL,732,each
MR-0004505,PO-0002167,MAT-CARTON,993,each
MR-0004506,PO-0002167,MAT-LABEL,962,each
MR-0004507,PO-0002168,MAT-LABEL,1303,each
MR-0004508,PO-0002168,MAT-BULK-CREAM,102,litre
MR-0004509,PO-0002169,MAT-SEAL,1051,each
MR-0004510,PO-0002169,MAT-PUMP-CAP,1087,each
MR-0004511,PO-0002170,MAT-SEAL,892,each
MR-0004512,PO-0002170,MAT-PUMP-CAP,901,each
MR-0004513,PO-0002171,MAT-CARTON,947,each
MR-0004514,PO-0002171,MAT-LABEL,901,each
MR-0004515,PO-0002172,MAT-LABEL,797,each
MR-0004516,PO-0002172,MAT-BULK-CREAM,67.47,litre
MR-0004517,PO-0002173,MAT-LABEL,948,each
MR-0004518,PO-0002173,MAT-BULK-CREAM,77.87,litre
MR-0004519,PO-0002174,MAT-CARTON,1093,each
MR-0004520,PO-0002174,MAT-LABEL,1106,each
MR-0004521,PO-0002175,MAT-CARTON,711,each
MR-0004522,PO-0002175,MAT-LABEL,699,each
MR-0004523,PO-0002176,MAT-PUMP-CAP,639,each
MR-0004524,PO-0002176,MAT-CARTON,630,each
MR-0004525,PO-0002177,MAT-BULK-CREAM,72.55,litre
MR-0004526,PO-0002177,MAT-SEAL,927,each
MR-0004527,PO-0002178,MAT-PUMP-CAP,584,each
MR-0004528,PO-0002178,MAT-CARTON,597,each
MR-0004529,PO-0002179,MAT-BULK-CREAM,65.13,litre
MR-0004530,PO-0002179,MAT-SEAL,805,each
MR-0004531,PO-0002180,MAT-SEAL,812,each
MR-0004532,PO-0002180,MAT-PUMP-CAP,836,each
MR-0004533,PO-0002181,MAT-PUMP-CAP,648,each
MR-0004534,PO-0002181,MAT-CARTON,653,each
MR-0004535,PO-0002182,MAT-CARTON,443,each
MR-0004536,PO-0002182,MAT-LABEL,442,each
MR-0004537,PO-0002183,MAT-LABEL,813,each
MR-0004538,PO-0002183,MAT-BULK-CREAM,67.27,litre
MR-0004539,PO-0002184,MAT-BULK-CREAM,48.11,litre
MR-0004540,PO-0002184,MAT-SEAL,597,each
MR-0004541,PO-0002185,MAT-SEAL,809,each
MR-0004542,PO-0002185,MAT-PUMP-CAP,832,each
MR-0004543,PO-0002186,MAT-LABEL,466,each
MR-0004544,PO-0002186,MAT-BULK-CREAM,37.65,litre
MR-0004545,PO-0002187,MAT-PUMP-CAP,432,each
MR-0004546,PO-0002187,MAT-CARTON,433,each
MR-0004547,PO-0002188,MAT-PUMP-CAP,834,each
MR-0004548,PO-0002188,MAT-CARTON,813,each
MR-0004549,PO-0002189,MAT-BULK-CREAM,71.39,litre
MR-0004550,PO-0002189,MAT-SEAL,868,each
MR-0004551,PO-0002190,MAT-PUMP-CAP,910,each
MR-0004552,PO-0002190,MAT-CARTON,903,each
MR-0004553,PO-0002191,MAT-PUMP-CAP,804,each
MR-0004554,PO-0002191,MAT-CARTON,806,each
MR-0004555,PO-0002192,MAT-CARTON,577,each
MR-0004556,PO-0002192,MAT-LABEL,579,each
MR-0004557,PO-0002193,MAT-CARTON,1093,each
MR-0004558,PO-0002193,MAT-LABEL,1082,each
MR-0004559,PO-0002194,MAT-LABEL,790,each
MR-0004560,PO-0002194,MAT-BULK-CREAM,63.83,litre
MR-0004561,PO-0002195,MAT-BULK-CREAM,40.28,litre
MR-0004562,PO-0002195,MAT-SEAL,493,each
MR-0004563,PO-0002196,MAT-SEAL,1145,each
MR-0004564,PO-0002196,MAT-PUMP-CAP,1120,each
MR-0004565,PO-0002197,MAT-SEAL,735,each
MR-0004566,PO-0002197,MAT-PUMP-CAP,745,each
MR-0004567,PO-0002198,MAT-CARTON,1063,each
MR-0004568,PO-0002198,MAT-LABEL,1018,each
MR-0004569,PO-0002199,MAT-LABEL,860,each
MR-0004570,PO-0002199,MAT-BULK-CREAM,70.7,litre
MR-0004571,PO-0002200,MAT-BULK-CREAM,65.23,litre
MR-0004572,PO-0002200,MAT-SEAL,825,each
MR-0004573,PO-0002201,MAT-SEAL,828,each
MR-0004574,PO-0002201,MAT-PUMP-CAP,809,each
MR-0004575,PO-0002202,MAT-PUMP-CAP,1233,each
MR-0004576,PO-0002202,MAT-CARTON,1240,each
MR-0004577,PO-0002203,MAT-CARTON,1536,each
MR-0004578,PO-0002203,MAT-LABEL,1492,each
MR-0004579,PO-0002203,MAT-BULK-CREAM,118.37,litre
MR-0004580,PO-0002204,MAT-CARTON,845,each
MR-0004581,PO-0002204,MAT-LABEL,827,each
MR-0004582,PO-0002205,MAT-SEAL,1138,each
MR-0004583,PO-0002205,MAT-PUMP-CAP,1136,each
MR-0004584,PO-0002206,MAT-SEAL,1352,each
MR-0004585,PO-0002206,MAT-PUMP-CAP,1366,each
MR-0004586,PO-0002207,MAT-PUMP-CAP,1165,each
MR-0004587,PO-0002207,MAT-CARTON,1133,each
MR-0004588,PO-0002208,MAT-CARTON,1400,each
MR-0004589,PO-0002208,MAT-LABEL,1441,each
MR-0004590,PO-0002208,MAT-BULK-CREAM,112.89,litre
MR-0004591,PO-0002209,MAT-LABEL,1567,each
MR-0004592,PO-0002209,MAT-BULK-CREAM,128.78,litre
MR-0004593,PO-0002209,MAT-SEAL,1572,each
MR-0004594,PO-0002210,MAT-PUMP-CAP,1160,each
MR-0004595,PO-0002210,MAT-CARTON,1166,each
MR-0004596,PO-0002211,MAT-SEAL,1082,each
MR-0004597,PO-0002211,MAT-PUMP-CAP,1107,each
MR-0004598,PO-0002212,MAT-PUMP-CAP,1207,each
MR-0004599,PO-0002212,MAT-CARTON,1207,each
MR-0004600,PO-0002213,MAT-LABEL,843,each
MR-0004601,PO-0002213,MAT-BULK-CREAM,67.03,litre
MR-0004602,PO-0002214,MAT-LABEL,722,each
MR-0004603,PO-0002214,MAT-BULK-CREAM,59.12,litre
MR-0004604,PO-0002215,MAT-PUMP-CAP,1374,each
MR-0004605,PO-0002215,MAT-CARTON,1341,each
MR-0004606,PO-0002216,MAT-SEAL,1129,each
MR-0004607,PO-0002216,MAT-PUMP-CAP,1146,each
MR-0004608,PO-0002217,MAT-PUMP-CAP,792,each
MR-0004609,PO-0002217,MAT-CARTON,798,each
MR-0004610,PO-0002218,MAT-CARTON,1408,each
MR-0004611,PO-0002218,MAT-LABEL,1412,each
MR-0004612,PO-0002218,MAT-BULK-CREAM,111.36,litre
MR-0004613,PO-0002219,MAT-BULK-CREAM,58.14,litre
MR-0004614,PO-0002219,MAT-SEAL,719,each
MR-0004615,PO-0002220,MAT-SEAL,672,each
MR-0004616,PO-0002220,MAT-PUMP-CAP,713,each
MR-0004617,PO-0002221,MAT-PUMP-CAP,1049,each
MR-0004618,PO-0002221,MAT-CARTON,1031,each
MR-0004619,PO-0002222,MAT-CARTON,1108,each
MR-0004620,PO-0002222,MAT-LABEL,1085,each
MR-0004621,PO-0002223,MAT-SEAL,1218,each
MR-0004622,PO-0002223,MAT-PUMP-CAP,1271,each
MR-0004623,PO-0002224,MAT-BULK-CREAM,113.67,litre
MR-0004624,PO-0002224,MAT-SEAL,1397,each
MR-0004625,PO-0002224,MAT-PUMP-CAP,1438,each
MR-0004626,PO-0002225,MAT-SEAL,726,each
MR-0004627,PO-0002225,MAT-PUMP-CAP,724,each
MR-0004628,PO-0002226,MAT-PUMP-CAP,786,each
MR-0004629,PO-0002226,MAT-CARTON,796,each
MR-0004630,PO-0002227,MAT-LABEL,1026,each
MR-0004631,PO-0002227,MAT-BULK-CREAM,81.58,litre
MR-0004632,PO-0002228,MAT-BULK-CREAM,63.75,litre
MR-0004633,PO-0002228,MAT-SEAL,799,each
MR-0004634,PO-0002229,MAT-CARTON,1221,each
MR-0004635,PO-0002229,MAT-LABEL,1179,each
MR-0004636,PO-0002230,MAT-SEAL,810,each
MR-0004637,PO-0002230,MAT-PUMP-CAP,809,each
MR-0004638,PO-0002231,MAT-PUMP-CAP,942,each
MR-0004639,PO-0002231,MAT-CARTON,937,each
MR-0004640,PO-0002232,MAT-CARTON,1170,each
MR-0004641,PO-0002232,MAT-LABEL,1126,each
MR-0004642,PO-0002233,MAT-BULK-CREAM,103.28,litre
MR-0004643,PO-0002233,MAT-SEAL,1296,each
MR-0004644,PO-0002234,MAT-PUMP-CAP,1257,each
MR-0004645,PO-0002234,MAT-CARTON,1213,each
MR-0004646,PO-0002235,MAT-LABEL,755,each
MR-0004647,PO-0002235,MAT-BULK-CREAM,58.6,litre
MR-0004648,PO-0002236,MAT-BULK-CREAM,47.48,litre
MR-0004649,PO-0002236,MAT-SEAL,601,each
MR-0004650,PO-0002237,MAT-CARTON,1184,each
MR-0004651,PO-0002237,MAT-LABEL,1197,each
MR-0004652,PO-0002238,MAT-BULK-CREAM,72.58,litre
MR-0004653,PO-0002238,MAT-SEAL,906,each
MR-0004654,PO-0002239,MAT-CARTON,779,each
MR-0004655,PO-0002239,MAT-LABEL,782,each
MR-0004656,PO-0002240,MAT-BULK-CREAM,69.34,litre
MR-0004657,PO-0002240,MAT-SEAL,874,each
MR-0004658,PO-0002241,MAT-CARTON,1056,each
MR-0004659,PO-0002241,MAT-LABEL,1036,each
MR-0004660,PO-0002242,MAT-CARTON,760,each
MR-0004661,PO-0002242,MAT-LABEL,730,each
MR-0004662,PO-0002243,MAT-LABEL,702,each
MR-0004663,PO-0002243,MAT-BULK-CREAM,54.18,litre
MR-0004664,PO-0002244,MAT-BULK-CREAM,58.25,litre
MR-0004665,PO-0002244,MAT-SEAL,725,each
MR-0004666,PO-0002245,MAT-SEAL,794,each
MR-0004667,PO-0002245,MAT-PUMP-CAP,843,each
MR-0004668,PO-0002246,MAT-PUMP-CAP,563,each
MR-0004669,PO-0002246,MAT-CARTON,570,each
MR-0004670,PO-0002247,MAT-PUMP-CAP,810,each
MR-0004671,PO-0002247,MAT-CARTON,800,each
MR-0004672,PO-0002248,MAT-BULK-CREAM,39.25,litre
MR-0004673,PO-0002248,MAT-SEAL,515,each
MR-0004674,PO-0002249,MAT-CARTON,985,each
MR-0004675,PO-0002249,MAT-LABEL,961,each
MR-0004676,PO-0002250,MAT-SEAL,889,each
MR-0004677,PO-0002250,MAT-PUMP-CAP,934,each
MR-0004678,PO-0002251,MAT-PUMP-CAP,734,each
MR-0004679,PO-0002251,MAT-CARTON,737,each
MR-0004680,PO-0002252,MAT-CARTON,541,each
MR-0004681,PO-0002252,MAT-LABEL,528,each
MR-0004682,PO-0002253,MAT-BULK-CREAM,62.3,litre
MR-0004683,PO-0002253,MAT-SEAL,786,each
MR-0004684,PO-0002254,MAT-CARTON,931,each
MR-0004685,PO-0002254,MAT-LABEL,895,each
MR-0004686,PO-0002255,MAT-SEAL,638,each
MR-0004687,PO-0002255,MAT-PUMP-CAP,633,each
MR-0004688,PO-0002256,MAT-PUMP-CAP,889,each
MR-0004689,PO-0002256,MAT-CARTON,884,each
MR-0004690,PO-0002257,MAT-PUMP-CAP,961,each
MR-0004691,PO-0002257,MAT-CARTON,943,each
MR-0004692,PO-0002258,MAT-CARTON,812,each
MR-0004693,PO-0002258,MAT-LABEL,784,each
MR-0004694,PO-0002259,MAT-LABEL,895,each
MR-0004695,PO-0002259,MAT-BULK-CREAM,72.1,litre
MR-0004696,PO-0002260,MAT-BULK-CREAM,78.3,litre
MR-0004697,PO-0002260,MAT-SEAL,960,each
MR-0004698,PO-0002261,MAT-SEAL,502,each
MR-0004699,PO-0002261,MAT-PUMP-CAP,504,each
MR-0004700,PO-0002262,MAT-CARTON,560,each
MR-0004701,PO-0002262,MAT-LABEL,555,each
MR-0004702,PO-0002263,MAT-CARTON,1055,each
MR-0004703,PO-0002263,MAT-LABEL,1062,each
MR-0004704,PO-0002264,MAT-LABEL,843,each
MR-0004705,PO-0002264,MAT-BULK-CREAM,69.03,litre
MR-0004706,PO-0002265,MAT-CARTON,503,each
MR-0004707,PO-0002265,MAT-LABEL,502,each
MR-0004708,PO-0002266,MAT-PUMP-CAP,1566,each
MR-0004709,PO-0002266,MAT-CARTON,1555,each
MR-0004710,PO-0002266,MAT-LABEL,1507,each
MR-0004711,PO-0002267,MAT-PUMP-CAP,1013,each
MR-0004712,PO-0002267,MAT-CARTON,1001,each
MR-0004713,PO-0002268,MAT-CARTON,989,each
MR-0004714,PO-0002268,MAT-LABEL,987,each
MR-0004715,PO-0002269,MAT-LABEL,1419,each
MR-0004716,PO-0002269,MAT-BULK-CREAM,114.03,litre
MR-0004717,PO-0002269,MAT-SEAL,1424,each
MR-0004718,PO-0002270,MAT-BULK-CREAM,87.67,litre
MR-0004719,PO-0002270,MAT-SEAL,1089,each
MR-0004720,PO-0002271,MAT-SEAL,1185,each
MR-0004721,PO-0002271,MAT-PUMP-CAP,1167,each
MR-0004722,PO-0002272,MAT-PUMP-CAP,1463,each
MR-0004723,PO-0002272,MAT-CARTON,1470,each
MR-0004724,PO-0002272,MAT-LABEL,1440,each
MR-0004725,PO-0002273,MAT-LABEL,771,each
MR-0004726,PO-0002273,MAT-BULK-CREAM,60.21,litre
MR-0004727,PO-0002274,MAT-LABEL,1210,each
MR-0004728,PO-0002274,MAT-BULK-CREAM,94.39,litre
MR-0004729,PO-0002275,MAT-BULK-CREAM,61.1,litre
MR-0004730,PO-0002275,MAT-SEAL,757,each
MR-0004731,PO-0002276,MAT-SEAL,1396,each
MR-0004732,PO-0002276,MAT-PUMP-CAP,1401,each
MR-0004733,PO-0002277,MAT-PUMP-CAP,1231,each
MR-0004734,PO-0002277,MAT-CARTON,1209,each
MR-0004735,PO-0002278,MAT-CARTON,782,each
MR-0004736,PO-0002278,MAT-LABEL,788,each
MR-0004737,PO-0002279,MAT-LABEL,1596,each
MR-0004738,PO-0002279,MAT-BULK-CREAM,125.75,litre
MR-0004739,PO-0002279,MAT-SEAL,1577,each
MR-0004740,PO-0002280,MAT-PUMP-CAP,751,each
MR-0004741,PO-0002280,MAT-CARTON,768,each
MR-0004742,PO-0002281,MAT-BULK-CREAM,57.1,litre
MR-0004743,PO-0002281,MAT-SEAL,710,each
MR-0004744,PO-0002282,MAT-CARTON,814,each
MR-0004745,PO-0002282,MAT-LABEL,779,each
MR-0004746,PO-0002283,MAT-SEAL,789,each
MR-0004747,PO-0002283,MAT-PUMP-CAP,791,each
MR-0004748,PO-0002284,MAT-BULK-CREAM,98.1,litre
MR-0004749,PO-0002284,MAT-SEAL,1261,each
MR-0004750,PO-0002285,MAT-LABEL,1263,each
MR-0004751,PO-0002285,MAT-BULK-CREAM,97.08,litre
MR-0004752,PO-0002286,MAT-PUMP-CAP,1388,each
MR-0004753,PO-0002286,MAT-CARTON,1352,each
MR-0004754,PO-0002287,MAT-CARTON,819,each
MR-0004755,PO-0002287,MAT-LABEL,834,each
MR-0004756,PO-0002288,MAT-LABEL,1338,each
MR-0004757,PO-0002288,MAT-BULK-CREAM,105.12,litre
MR-0004758,PO-0002289,MAT-BULK-CREAM,69.55,litre
MR-0004759,PO-0002289,MAT-SEAL,859,each
MR-0004760,PO-0002290,MAT-PUMP-CAP,1075,each
MR-0004761,PO-0002290,MAT-CARTON,1072,each
MR-0004762,PO-0002291,MAT-LABEL,958,each
MR-0004763,PO-0002291,MAT-BULK-CREAM,80.24,litre
MR-0004764,PO-0002292,MAT-CARTON,860,each
MR-0004765,PO-0002292,MAT-LABEL,825,each
MR-0004766,PO-0002293,MAT-SEAL,1392,each
MR-0004767,PO-0002293,MAT-PUMP-CAP,1440,each
MR-0004768,PO-0002293,MAT-CARTON,1450,each
MR-0004769,PO-0002294,MAT-BULK-CREAM,107.29,litre
MR-0004770,PO-0002294,MAT-SEAL,1361,each
MR-0004771,PO-0002295,MAT-PUMP-CAP,1482,each
MR-0004772,PO-0002295,MAT-CARTON,1433,each
MR-0004773,PO-0002295,MAT-LABEL,1450,each
MR-0004774,PO-0002296,MAT-LABEL,853,each
MR-0004775,PO-0002296,MAT-BULK-CREAM,67.94,litre
MR-0004776,PO-0002297,MAT-CARTON,1098,each
MR-0004777,PO-0002297,MAT-LABEL,1071,each
MR-0004778,PO-0002298,MAT-PUMP-CAP,723,each
MR-0004779,PO-0002298,MAT-CARTON,727,each
MR-0004780,PO-0002299,MAT-PUMP-CAP,799,each
MR-0004781,PO-0002299,MAT-CARTON,787,each
MR-0004782,PO-0002300,MAT-CARTON,1009,each
MR-0004783,PO-0002300,MAT-LABEL,1022,each
MR-0004784,PO-0002301,MAT-BULK-CREAM,98.81,litre
MR-0004785,PO-0002301,MAT-SEAL,1201,each
MR-0004786,PO-0002302,MAT-BULK-CREAM,47.92,litre
MR-0004787,PO-0002302,MAT-SEAL,599,each
MR-0004788,PO-0002303,MAT-PUMP-CAP,550,each
MR-0004789,PO-0002303,MAT-CARTON,561,each
MR-0004790,PO-0002304,MAT-CARTON,606,each
MR-0004791,PO-0002304,MAT-LABEL,611,each
MR-0004792,PO-0002305,MAT-PUMP-CAP,936,each
MR-0004793,PO-0002305,MAT-CARTON,966,each
MR-0004794,PO-0002306,MAT-PUMP-CAP,851,each
MR-0004795,PO-0002306,MAT-CARTON,866,each
MR-0004796,PO-0002307,MAT-CARTON,656,each
MR-0004797,PO-0002307,MAT-LABEL,657,each
MR-0004798,PO-0002308,MAT-LABEL,431,each
MR-0004799,PO-0002308,MAT-BULK-CREAM,34.87,litre
MR-0004800,PO-0002309,MAT-BULK-CREAM,40.81,litre
MR-0004801,PO-0002309,MAT-SEAL,506,each
MR-0004802,PO-0002310,MAT-SEAL,479,each
MR-0004803,PO-0002310,MAT-PUMP-CAP,494,each
MR-0004804,PO-0002311,MAT-LABEL,597,each
MR-0004805,PO-0002311,MAT-BULK-CREAM,48.5,litre
MR-0004806,PO-0002312,MAT-CARTON,686,each
MR-0004807,PO-0002312,MAT-LABEL,681,each
MR-0004808,PO-0002313,MAT-LABEL,453,each
MR-0004809,PO-0002313,MAT-BULK-CREAM,35.58,litre
MR-0004810,PO-0002314,MAT-BULK-CREAM,43.72,litre
MR-0004811,PO-0002314,MAT-SEAL,551,each
MR-0004812,PO-0002315,MAT-SEAL,453,each
MR-0004813,PO-0002315,MAT-PUMP-CAP,453,each
MR-0004814,PO-0002316,MAT-BULK-CREAM,53.18,litre
MR-0004815,PO-0002316,MAT-SEAL,679,each
MR-0004816,PO-0002317,MAT-CARTON,722,each
MR-0004817,PO-0002317,MAT-LABEL,696,each
MR-0004818,PO-0002318,MAT-LABEL,824,each
MR-0004819,PO-0002318,MAT-BULK-CREAM,64.51,litre
MR-0004820,PO-0002319,MAT-LABEL,482,each
MR-0004821,PO-0002319,MAT-BULK-CREAM,38.06,litre
MR-0004822,PO-0002320,MAT-PUMP-CAP,930,each
MR-0004823,PO-0002320,MAT-CARTON,900,each
MR-0004824,PO-0002321,MAT-LABEL,502,each
MR-0004825,PO-0002321,MAT-BULK-CREAM,40.89,litre
MR-0004826,PO-0002322,MAT-SEAL,950,each
MR-0004827,PO-0002322,MAT-PUMP-CAP,1009,each
MR-0004828,PO-0002323,MAT-CARTON,1025,each
MR-0004829,PO-0002323,MAT-LABEL,1012,each
MR-0004830,PO-0002324,MAT-SEAL,679,each
MR-0004831,PO-0002324,MAT-PUMP-CAP,725,each
MR-0004832,PO-0002325,MAT-BULK-CREAM,73.97,litre
MR-0004833,PO-0002325,MAT-SEAL,928,each
MR-0004834,PO-0002326,MAT-SEAL,627,each
MR-0004835,PO-0002326,MAT-PUMP-CAP,659,each
MR-0004836,PO-0002327,MAT-BULK-CREAM,71.99,litre
MR-0004837,PO-0002327,MAT-SEAL,882,each
MR-0004838,PO-0002328,MAT-LABEL,775,each
MR-0004839,PO-0002328,MAT-BULK-CREAM,61.48,litre
MR-0004840,PO-0002329,MAT-LABEL,974,each
MR-0004841,PO-0002329,MAT-BULK-CREAM,80.37,litre
MR-0004842,PO-0002330,MAT-BULK-CREAM,98.49,litre
MR-0004843,PO-0002330,MAT-SEAL,1281,each
MR-0004844,PO-0002331,MAT-SEAL,705,each
MR-0004845,PO-0002331,MAT-PUMP-CAP,737,each
MR-0004846,PO-0002332,MAT-PUMP-CAP,1411,each
MR-0004847,PO-0002332,MAT-CARTON,1398,each
MR-0004848,PO-0002332,MAT-LABEL,1479,each
MR-0004849,PO-0002333,MAT-BULK-CREAM,122.26,litre
MR-0004850,PO-0002333,MAT-SEAL,1473,each
MR-0004851,PO-0002333,MAT-PUMP-CAP,1518,each
MR-0004852,PO-0002334,MAT-CARTON,996,each
MR-0004853,PO-0002334,MAT-LABEL,986,each
MR-0004854,PO-0002335,MAT-CARTON,937,each
MR-0004855,PO-0002335,MAT-LABEL,948,each
MR-0004856,PO-0002336,MAT-SEAL,1126,each
MR-0004857,PO-0002336,MAT-PUMP-CAP,1137,each
MR-0004858,PO-0002337,MAT-PUMP-CAP,1405,each
MR-0004859,PO-0002337,MAT-CARTON,1358,each
MR-0004860,PO-0002337,MAT-LABEL,1412,each
MR-0004861,PO-0002338,MAT-CARTON,915,each
MR-0004862,PO-0002338,MAT-LABEL,873,each
MR-0004863,PO-0002339,MAT-LABEL,817,each
MR-0004864,PO-0002339,MAT-BULK-CREAM,65.8,litre
MR-0004865,PO-0002340,MAT-BULK-CREAM,92.2,litre
MR-0004866,PO-0002340,MAT-SEAL,1164,each
MR-0004867,PO-0002341,MAT-PUMP-CAP,1119,each
MR-0004868,PO-0002341,MAT-CARTON,1100,each
MR-0004869,PO-0002342,MAT-PUMP-CAP,1274,each
MR-0004870,PO-0002342,MAT-CARTON,1203,each
MR-0004871,PO-0002343,MAT-CARTON,1192,each
MR-0004872,PO-0002343,MAT-LABEL,1173,each
MR-0004873,PO-0002344,MAT-LABEL,1416,each
MR-0004874,PO-0002344,MAT-BULK-CREAM,113.53,litre
MR-0004875,PO-0002344,MAT-SEAL,1399,each
MR-0004876,PO-0002345,MAT-BULK-CREAM,114.81,litre
MR-0004877,PO-0002345,MAT-SEAL,1420,each
MR-0004878,PO-0002345,MAT-PUMP-CAP,1431,each
MR-0004879,PO-0002346,MAT-SEAL,1200,each
MR-0004880,PO-0002346,MAT-PUMP-CAP,1225,each
MR-0004881,PO-0002347,MAT-PUMP-CAP,890,each
MR-0004882,PO-0002347,MAT-CARTON,914,each
MR-0004883,PO-0002348,MAT-LABEL,878,each
MR-0004884,PO-0002348,MAT-BULK-CREAM,69.3,litre
MR-0004885,PO-0002349,MAT-BULK-CREAM,88.13,litre
MR-0004886,PO-0002349,MAT-SEAL,1080,each
MR-0004887,PO-0002350,MAT-PUMP-CAP,685,each
MR-0004888,PO-0002350,MAT-CARTON,712,each
MR-0004889,PO-0002351,MAT-PUMP-CAP,699,each
MR-0004890,PO-0002351,MAT-CARTON,686,each
MR-0004891,PO-0002352,MAT-BULK-CREAM,86.41,litre
MR-0004892,PO-0002352,MAT-SEAL,1084,each
MR-0004893,PO-0002353,MAT-LABEL,1252,each
MR-0004894,PO-0002353,MAT-BULK-CREAM,103.24,litre
MR-0004895,PO-0002354,MAT-CARTON,706,each
MR-0004896,PO-0002354,MAT-LABEL,681,each
MR-0004897,PO-0002355,MAT-SEAL,998,each
MR-0004898,PO-0002355,MAT-PUMP-CAP,973,each
MR-0004899,PO-0002356,MAT-PUMP-CAP,863,each
MR-0004900,PO-0002356,MAT-CARTON,832,each
MR-0004901,PO-0002357,MAT-BULK-CREAM,67.55,litre
MR-0004902,PO-0002357,MAT-SEAL,839,each
MR-0004903,PO-0002358,MAT-SEAL,635,each
MR-0004904,PO-0002358,MAT-PUMP-CAP,673,each
MR-0004905,PO-0002359,MAT-SEAL,687,each
MR-0004906,PO-0002359,MAT-PUMP-CAP,701,each
MR-0004907,PO-0002360,MAT-LABEL,1414,each
MR-0004908,PO-0002360,MAT-BULK-CREAM,115.26,litre
MR-0004909,PO-0002360,MAT-SEAL,1461,each
MR-0004910,PO-0002361,MAT-PUMP-CAP,1282,each
MR-0004911,PO-0002361,MAT-CARTON,1297,each
MR-0004912,PO-0002362,MAT-CARTON,960,each
MR-0004913,PO-0002362,MAT-LABEL,972,each
MR-0004914,PO-0002363,MAT-PUMP-CAP,622,each
MR-0004915,PO-0002363,MAT-CARTON,590,each
MR-0004916,PO-0002364,MAT-SEAL,563,each
MR-0004917,PO-0002364,MAT-PUMP-CAP,585,each
MR-0004918,PO-0002365,MAT-CARTON,871,each
MR-0004919,PO-0002365,MAT-LABEL,855,each
MR-0004920,PO-0002366,MAT-BULK-CREAM,90.2,litre
MR-0004921,PO-0002366,MAT-SEAL,1138,each
MR-0004922,PO-0002367,MAT-SEAL,939,each
MR-0004923,PO-0002367,MAT-PUMP-CAP,950,each
MR-0004924,PO-0002368,MAT-BULK-CREAM,57.35,litre
MR-0004925,PO-0002368,MAT-SEAL,697,each
MR-0004926,PO-0002369,MAT-BULK-CREAM,83.1,litre
MR-0004927,PO-0002369,MAT-SEAL,1018,each
MR-0004928,PO-0002370,MAT-CARTON,1145,each
MR-0004929,PO-0002370,MAT-LABEL,1139,each
MR-0004930,PO-0002371,MAT-PUMP-CAP,722,each
MR-0004931,PO-0002371,MAT-CARTON,732,each
MR-0004932,PO-0002372,MAT-CARTON,558,each
MR-0004933,PO-0002372,MAT-LABEL,565,each
MR-0004934,PO-0002373,MAT-LABEL,489,each
MR-0004935,PO-0002373,MAT-BULK-CREAM,37.84,litre
MR-0004936,PO-0002374,MAT-BULK-CREAM,56.44,litre
MR-0004937,PO-0002374,MAT-SEAL,714,each
MR-0004938,PO-0002375,MAT-SEAL,613,each
MR-0004939,PO-0002375,MAT-PUMP-CAP,641,each
MR-0004940,PO-0002376,MAT-PUMP-CAP,494,each
MR-0004941,PO-0002376,MAT-CARTON,485,each
MR-0004942,PO-0002377,MAT-SEAL,902,each
MR-0004943,PO-0002377,MAT-PUMP-CAP,909,each
MR-0004944,PO-0002378,MAT-BULK-CREAM,41.51,litre
MR-0004945,PO-0002378,MAT-SEAL,513,each
MR-0004946,PO-0002379,MAT-CARTON,637,each
MR-0004947,PO-0002379,MAT-LABEL,622,each
MR-0004948,PO-0002380,MAT-LABEL,951,each
MR-0004949,PO-0002380,MAT-BULK-CREAM,74.62,litre
MR-0004950,PO-0002381,MAT-CARTON,599,each
MR-0004951,PO-0002381,MAT-LABEL,590,each
MR-0004952,PO-0002382,MAT-BULK-CREAM,55.89,litre
MR-0004953,PO-0002382,MAT-SEAL,720,each
MR-0004954,PO-0002383,MAT-LABEL,663,each
MR-0004955,PO-0002383,MAT-BULK-CREAM,53.74,litre
MR-0004956,PO-0002384,MAT-CARTON,752,each
MR-0004957,PO-0002384,MAT-LABEL,774,each
MR-0004958,PO-0002385,MAT-LABEL,905,each
MR-0004959,PO-0002385,MAT-BULK-CREAM,74.91,litre
MR-0004960,PO-0002386,MAT-SEAL,942,each
MR-0004961,PO-0002386,MAT-PUMP-CAP,992,each
MR-0004962,PO-0002387,MAT-PUMP-CAP,681,each
MR-0004963,PO-0002387,MAT-CARTON,688,each
MR-0004964,PO-0002388,MAT-CARTON,1007,each
MR-0004965,PO-0002388,MAT-LABEL,1000,each
MR-0004966,PO-0002389,MAT-LABEL,1074,each
MR-0004967,PO-0002389,MAT-BULK-CREAM,85.03,litre
MR-0004968,PO-0002390,MAT-BULK-CREAM,72.46,litre
MR-0004969,PO-0002390,MAT-SEAL,924,each
MR-0004970,PO-0002391,MAT-SEAL,951,each
MR-0004971,PO-0002391,MAT-PUMP-CAP,968,each
MR-0004972,PO-0002392,MAT-PUMP-CAP,1083,each
MR-0004973,PO-0002392,MAT-CARTON,1101,each
MR-0004974,PO-0002393,MAT-CARTON,899,each
MR-0004975,PO-0002393,MAT-LABEL,864,each
MR-0004976,PO-0002394,MAT-LABEL,586,each
MR-0004977,PO-0002394,MAT-BULK-CREAM,44.72,litre
MR-0004978,PO-0002395,MAT-LABEL,718,each
MR-0004979,PO-0002395,MAT-BULK-CREAM,57.49,litre
MR-0004980,PO-0002396,MAT-PUMP-CAP,1111,each
MR-0004981,PO-0002396,MAT-CARTON,1106,each
MR-0004982,PO-0002397,MAT-PUMP-CAP,1439,each
MR-0004983,PO-0002397,MAT-CARTON,1387,each
MR-0004984,PO-0002397,MAT-LABEL,1385,each
MR-0004985,PO-0002398,MAT-CARTON,1259,each
MR-0004986,PO-0002398,MAT-LABEL,1296,each
MR-0004987,PO-0002399,MAT-LABEL,761,each
MR-0004988,PO-0002399,MAT-BULK-CREAM,60.12,litre
MR-0004989,PO-0002400,MAT-BULK-CREAM,74.69,litre
MR-0004990,PO-0002400,MAT-SEAL,912,each
MR-0004991,PO-0002401,MAT-SEAL,1317,each
MR-0004992,PO-0002401,MAT-PUMP-CAP,1347,each
MR-0004993,PO-0002402,MAT-PUMP-CAP,1173,each
MR-0004994,PO-0002402,MAT-CARTON,1148,each
MR-0004995,PO-0002403,MAT-CARTON,929,each
MR-0004996,PO-0002403,MAT-LABEL,891,each
MR-0004997,PO-0002404,MAT-LABEL,1486,each
MR-0004998,PO-0002404,MAT-BULK-CREAM,120.83,litre
MR-0004999,PO-0002404,MAT-SEAL,1464,each
MR-0005000,PO-0002405,MAT-BULK-CREAM,52.68,litre
MR-0005001,PO-0002405,MAT-SEAL,669,each
MR-0005002,PO-0002406,MAT-BULK-CREAM,104.49,litre
MR-0005003,PO-0002406,MAT-SEAL,1300,each
MR-0005004,PO-0002407,MAT-PUMP-CAP,766,each
MR-0005005,PO-0002407,MAT-CARTON,749,each
MR-0005006,PO-0002408,MAT-CARTON,1120,each
MR-0005007,PO-0002408,MAT-LABEL,1123,each
MR-0005008,PO-0002409,MAT-LABEL,884,each
MR-0005009,PO-0002409,MAT-BULK-CREAM,68.51,litre
MR-0005010,PO-0002410,MAT-BULK-CREAM,84.15,litre
MR-0005011,PO-0002410,MAT-SEAL,1018,each
MR-0005012,PO-0002411,MAT-SEAL,1190,each
MR-0005013,PO-0002411,MAT-PUMP-CAP,1190,each
MR-0005014,PO-0002412,MAT-PUMP-CAP,1053,each
MR-0005015,PO-0002412,MAT-CARTON,1040,each
MR-0005016,PO-0002413,MAT-LABEL,731,each
MR-0005017,PO-0002413,MAT-BULK-CREAM,57.37,litre
MR-0005018,PO-0002414,MAT-BULK-CREAM,50.19,litre
MR-0005019,PO-0002414,MAT-SEAL,635,each
MR-0005020,PO-0002415,MAT-SEAL,1380,each
MR-0005021,PO-0002415,MAT-PUMP-CAP,1354,each
MR-0005022,PO-0002416,MAT-PUMP-CAP,925,each
MR-0005023,PO-0002416,MAT-CARTON,951,each
MR-0005024,PO-0002417,MAT-SEAL,677,each
MR-0005025,PO-0002417,MAT-PUMP-CAP,703,each
MR-0005026,PO-0002418,MAT-PUMP-CAP,614,each
MR-0005027,PO-0002418,MAT-CARTON,626,each
MR-0005028,PO-0002419,MAT-PUMP-CAP,747,each
MR-0005029,PO-0002419,MAT-CARTON,747,each
MR-0005030,PO-0002420,MAT-LABEL,862,each
MR-0005031,PO-0002420,MAT-BULK-CREAM,67.1,litre
MR-0005032,PO-0002421,MAT-PUMP-CAP,844,each
MR-0005033,PO-0002421,MAT-CARTON,835,each
MR-0005034,PO-0002422,MAT-CARTON,606,each
MR-0005035,PO-0002422,MAT-LABEL,617,each
MR-0005036,PO-0002423,MAT-SEAL,1227,each
MR-0005037,PO-0002423,MAT-PUMP-CAP,1277,each
MR-0005038,PO-0002424,MAT-PUMP-CAP,899,each
MR-0005039,PO-0002424,MAT-CARTON,887,each
MR-0005040,PO-0002425,MAT-SEAL,685,each
MR-0005041,PO-0002425,MAT-PUMP-CAP,665,each
MR-0005042,PO-0002426,MAT-PUMP-CAP,1089,each
MR-0005043,PO-0002426,MAT-CARTON,1094,each
MR-0005044,PO-0002427,MAT-CARTON,1053,each
MR-0005045,PO-0002427,MAT-LABEL,1067,each
MR-0005046,PO-0002428,MAT-PUMP-CAP,847,each
MR-0005047,PO-0002428,MAT-CARTON,839,each
MR-0005048,PO-0002429,MAT-BULK-CREAM,64.27,litre
MR-0005049,PO-0002429,MAT-SEAL,815,each
MR-0005050,PO-0002430,MAT-LABEL,1193,each
MR-0005051,PO-0002430,MAT-BULK-CREAM,93.59,litre
MR-0005052,PO-0002431,MAT-PUMP-CAP,937,each
MR-0005053,PO-0002431,MAT-CARTON,918,each
MR-0005054,PO-0002432,MAT-CARTON,981,each
MR-0005055,PO-0002432,MAT-LABEL,966,each
MR-0005056,PO-0002433,MAT-SEAL,620,each
MR-0005057,PO-0002433,MAT-PUMP-CAP,624,each
MR-0005058,PO-0002434,MAT-CARTON,1066,each
MR-0005059,PO-0002434,MAT-LABEL,1039,each
MR-0005060,PO-0002435,MAT-CARTON,673,each
MR-0005061,PO-0002435,MAT-LABEL,640,each
MR-0005062,PO-0002436,MAT-LABEL,536,each
MR-0005063,PO-0002436,MAT-BULK-CREAM,43.4,litre
MR-0005064,PO-0002437,MAT-CARTON,544,each
MR-0005065,PO-0002437,MAT-LABEL,538,each
MR-0005066,PO-0002438,MAT-LABEL,525,each
MR-0005067,PO-0002438,MAT-BULK-CREAM,42.17,litre
MR-0005068,PO-0002439,MAT-BULK-CREAM,49.99,litre
MR-0005069,PO-0002439,MAT-SEAL,633,each
MR-0005070,PO-0002440,MAT-SEAL,617,each
MR-0005071,PO-0002440,MAT-PUMP-CAP,617,each
MR-0005072,PO-0002441,MAT-PUMP-CAP,856,each
MR-0005073,PO-0002441,MAT-CARTON,858,each
MR-0005074,PO-0002442,MAT-CARTON,712,each
MR-0005075,PO-0002442,MAT-LABEL,689,each
MR-0005076,PO-0002443,MAT-LABEL,588,each
MR-0005077,PO-0002443,MAT-BULK-CREAM,47.21,litre
MR-0005078,PO-0002444,MAT-PUMP-CAP,778,each
MR-0005079,PO-0002444,MAT-CARTON,759,each
MR-0005080,PO-0002445,MAT-PUMP-CAP,483,each
MR-0005081,PO-0002445,MAT-CARTON,465,each
MR-0005082,PO-0002446,MAT-CARTON,632,each
MR-0005083,PO-0002446,MAT-LABEL,629,each
MR-0005084,PO-0002447,MAT-CARTON,966,each
MR-0005085,PO-0002447,MAT-LABEL,963,each
MR-0005086,PO-0002448,MAT-LABEL,611,each
MR-0005087,PO-0002448,MAT-BULK-CREAM,49.78,litre
MR-0005088,PO-0002449,MAT-SEAL,696,each
MR-0005089,PO-0002449,MAT-PUMP-CAP,695,each
MR-0005090,PO-0002450,MAT-SEAL,475,each
MR-0005091,PO-0002450,MAT-PUMP-CAP,478,each
MR-0005092,PO-0002451,MAT-CARTON,836,each
MR-0005093,PO-0002451,MAT-LABEL,822,each
MR-0005094,PO-0002452,MAT-SEAL,1123,each
MR-0005095,PO-0002452,MAT-PUMP-CAP,1149,each
MR-0005096,PO-0002453,MAT-CARTON,903,each
MR-0005097,PO-0002453,MAT-LABEL,915,each
MR-0005098,PO-0002454,MAT-CARTON,562,each
MR-0005099,PO-0002454,MAT-LABEL,549,each
MR-0005100,PO-0002455,MAT-SEAL,672,each
MR-0005101,PO-0002455,MAT-PUMP-CAP,686,each
MR-0005102,PO-0002456,MAT-PUMP-CAP,506,each
MR-0005103,PO-0002456,MAT-CARTON,495,each
MR-0005104,PO-0002457,MAT-PUMP-CAP,643,each
MR-0005105,PO-0002457,MAT-CARTON,623,each
MR-0005106,PO-0002458,MAT-CARTON,1080,each
MR-0005107,PO-0002458,MAT-LABEL,1072,each
MR-0005108,PO-0002459,MAT-LABEL,686,each
MR-0005109,PO-0002459,MAT-BULK-CREAM,54.37,litre
MR-0005110,PO-0002460,MAT-BULK-CREAM,52.65,litre
MR-0005111,PO-0002460,MAT-SEAL,657,each
MR-0005112,PO-0002461,MAT-SEAL,1549,each
MR-0005113,PO-0002461,MAT-PUMP-CAP,1542,each
MR-0005114,PO-0002461,MAT-CARTON,1548,each
MR-0005115,PO-0002462,MAT-PUMP-CAP,1645,each
MR-0005116,PO-0002462,MAT-CARTON,1560,each
MR-0005117,PO-0002462,MAT-LABEL,1571,each
MR-0005118,PO-0002463,MAT-CARTON,949,each
MR-0005119,PO-0002463,MAT-LABEL,923,each
MR-0005120,PO-0002464,MAT-LABEL,1288,each
MR-0005121,PO-0002464,MAT-BULK-CREAM,101.39,litre
MR-0005122,PO-0002465,MAT-BULK-CREAM,120.13,litre
MR-0005123,PO-0002465,MAT-SEAL,1520,each
MR-0005124,PO-0002465,MAT-PUMP-CAP,1563,each
MR-0005125,PO-0002466,MAT-SEAL,962,each
MR-0005126,PO-0002466,MAT-PUMP-CAP,975,each
MR-0005127,PO-0002467,MAT-PUMP-CAP,1041,each
MR-0005128,PO-0002467,MAT-CARTON,991,each
MR-0005129,PO-0002468,MAT-CARTON,1173,each
MR-0005130,PO-0002468,MAT-LABEL,1171,each
MR-0005131,PO-0002469,MAT-PUMP-CAP,703,each
MR-0005132,PO-0002469,MAT-CARTON,703,each
MR-0005133,PO-0002470,MAT-BULK-CREAM,128.91,litre
MR-0005134,PO-0002470,MAT-SEAL,1596,each
MR-0005135,PO-0002470,MAT-PUMP-CAP,1597,each
MR-0005136,PO-0002471,MAT-LABEL,1132,each
MR-0005137,PO-0002471,MAT-BULK-CREAM,91.07,litre
MR-0005138,PO-0002472,MAT-BULK-CREAM,65.43,litre
MR-0005139,PO-0002472,MAT-SEAL,830,each
MR-0005140,PO-0002473,MAT-CARTON,1650,each
MR-0005141,PO-0002473,MAT-LABEL,1589,each
MR-0005142,PO-0002473,MAT-BULK-CREAM,126.08,litre
MR-0005143,PO-0002474,MAT-LABEL,1264,each
MR-0005144,PO-0002474,MAT-BULK-CREAM,99.52,litre
MR-0005145,PO-0002475,MAT-BULK-CREAM,92.7,litre
MR-0005146,PO-0002475,MAT-SEAL,1169,each
MR-0005147,PO-0002476,MAT-SEAL,1504,each
MR-0005148,PO-0002476,MAT-PUMP-CAP,1526,each
MR-0005149,PO-0002476,MAT-CARTON,1547,each
MR-0005150,PO-0002477,MAT-CARTON,1376,each
MR-0005151,PO-0002477,MAT-LABEL,1365,each
MR-0005152,PO-0002478,MAT-BULK-CREAM,110.13,litre
MR-0005153,PO-0002478,MAT-SEAL,1357,each
MR-0005154,PO-0002479,MAT-PUMP-CAP,1110,each
MR-0005155,PO-0002479,MAT-CARTON,1137,each
MR-0005156,PO-0002480,MAT-SEAL,658,each
MR-0005157,PO-0002480,MAT-PUMP-CAP,660,each
MR-0005158,PO-0002481,MAT-PUMP-CAP,1547,each
MR-0005159,PO-0002481,MAT-CARTON,1475,each
MR-0005160,PO-0002481,MAT-LABEL,1454,each
MR-0005161,PO-0002482,MAT-CARTON,1110,each
MR-0005162,PO-0002482,MAT-LABEL,1104,each
MR-0005163,PO-0002483,MAT-LABEL,1029,each
MR-0005164,PO-0002483,MAT-BULK-CREAM,82.83,litre
MR-0005165,PO-0002484,MAT-BULK-CREAM,73.22,litre
MR-0005166,PO-0002484,MAT-SEAL,902,each
MR-0005167,PO-0002485,MAT-SEAL,880,each
MR-0005168,PO-0002485,MAT-PUMP-CAP,879,each
MR-0005169,PO-0002486,MAT-CARTON,1488,each
MR-0005170,PO-0002486,MAT-LABEL,1469,each
MR-0005171,PO-0002486,MAT-BULK-CREAM,118.91,litre
MR-0005172,PO-0002487,MAT-SEAL,1007,each
MR-0005173,PO-0002487,MAT-PUMP-CAP,1044,each
MR-0005174,PO-0002488,MAT-LABEL,773,each
MR-0005175,PO-0002488,MAT-BULK-CREAM,63.29,litre
MR-0005176,PO-0002489,MAT-SEAL,774,each
MR-0005177,PO-0002489,MAT-PUMP-CAP,795,each
MR-0005178,PO-0002490,MAT-SEAL,1289,each
MR-0005179,PO-0002490,MAT-PUMP-CAP,1315,each
MR-0005180,PO-0002491,MAT-PUMP-CAP,852,each
MR-0005181,PO-0002491,MAT-CARTON,852,each
MR-0005182,PO-0002492,MAT-CARTON,776,each
MR-0005183,PO-0002492,MAT-LABEL,758,each
MR-0005184,PO-0002493,MAT-LABEL,1072,each
MR-0005185,PO-0002493,MAT-BULK-CREAM,87.48,litre
MR-0005186,PO-0002494,MAT-PUMP-CAP,588,each
MR-0005187,PO-0002494,MAT-CARTON,580,each
MR-0005188,PO-0002495,MAT-LABEL,666,each
MR-0005189,PO-0002495,MAT-BULK-CREAM,53.95,litre
MR-0005190,PO-0002496,MAT-CARTON,658,each
MR-0005191,PO-0002496,MAT-LABEL,638,each
MR-0005192,PO-0002497,MAT-SEAL,562,each
MR-0005193,PO-0002497,MAT-PUMP-CAP,591,each
MR-0005194,PO-0002498,MAT-LABEL,499,each
MR-0005195,PO-0002498,MAT-BULK-CREAM,38.89,litre
MR-0005196,PO-0002499,MAT-PUMP-CAP,790,each
MR-0005197,PO-0002499,MAT-CARTON,775,each
MR-0005198,PO-0002500,MAT-LABEL,558,each
MR-0005199,PO-0002500,MAT-BULK-CREAM,44.84,litre
MR-0005200,PO-0002501,MAT-BULK-CREAM,66.72,litre
MR-0005201,PO-0002501,MAT-SEAL,866,each
MR-0005202,PO-0002502,MAT-CARTON,424,each
MR-0005203,PO-0002502,MAT-LABEL,420,each
MR-0005204,PO-0002503,MAT-LABEL,851,each
MR-0005205,PO-0002503,MAT-BULK-CREAM,67.31,litre
MR-0005206,PO-0002504,MAT-PUMP-CAP,845,each
MR-0005207,PO-0002504,MAT-CARTON,816,each
MR-0005208,PO-0002505,MAT-SEAL,634,each
MR-0005209,PO-0002505,MAT-PUMP-CAP,664,each
MR-0005210,PO-0002506,MAT-PUMP-CAP,660,each
MR-0005211,PO-0002506,MAT-CARTON,643,each
MR-0005212,PO-0002507,MAT-CARTON,673,each
MR-0005213,PO-0002507,MAT-LABEL,688,each
MR-0005214,PO-0002508,MAT-LABEL,827,each
MR-0005215,PO-0002508,MAT-BULK-CREAM,67.51,litre
MR-0005216,PO-0002509,MAT-SEAL,540,each
MR-0005217,PO-0002509,MAT-PUMP-CAP,565,each
MR-0005218,PO-0002510,MAT-CARTON,515,each
MR-0005219,PO-0002510,MAT-LABEL,506,each
MR-0005220,PO-0002511,MAT-LABEL,804,each
MR-0005221,PO-0002511,MAT-BULK-CREAM,63.8,litre
MR-0005222,PO-0002512,MAT-BULK-CREAM,46.98,litre
MR-0005223,PO-0002512,MAT-SEAL,593,each
MR-0005224,PO-0002513,MAT-BULK-CREAM,69.76,litre
MR-0005225,PO-0002513,MAT-SEAL,887,each
MR-0005226,PO-0002514,MAT-PUMP-CAP,841,each
MR-0005227,PO-0002514,MAT-CARTON,836,each
MR-0005228,PO-0002515,MAT-CARTON,446,each
MR-0005229,PO-0002515,MAT-LABEL,440,each
MR-0005230,PO-0002516,MAT-CARTON,627,each
MR-0005231,PO-0002516,MAT-LABEL,626,each
MR-0005232,PO-0002517,MAT-PUMP-CAP,594,each
MR-0005233,PO-0002517,MAT-CARTON,598,each
MR-0005234,PO-0002518,MAT-LABEL,1116,each
MR-0005235,PO-0002518,MAT-BULK-CREAM,88.83,litre
MR-0005236,PO-0002519,MAT-LABEL,1042,each
MR-0005237,PO-0002519,MAT-BULK-CREAM,83.65,litre
MR-0005238,PO-0002520,MAT-SEAL,792,each
MR-0005239,PO-0002520,MAT-PUMP-CAP,800,each
MR-0005240,PO-0002521,MAT-SEAL,1055,each
MR-0005241,PO-0002521,MAT-PUMP-CAP,1074,each
MR-0005242,PO-0002522,MAT-PUMP-CAP,707,each
MR-0005243,PO-0002522,MAT-CARTON,688,each
MR-0005244,PO-0002523,MAT-LABEL,579,each
MR-0005245,PO-0002523,MAT-BULK-CREAM,46.6,litre
MR-0005246,PO-0002524,MAT-BULK-CREAM,85.27,litre
MR-0005247,PO-0002524,MAT-SEAL,1054,each
MR-0005248,PO-0002525,MAT-BULK-CREAM,92.12,litre
MR-0005249,PO-0002525,MAT-SEAL,1128,each
MR-0005250,PO-0002526,MAT-SEAL,1280,each
MR-0005251,PO-0002526,MAT-PUMP-CAP,1291,each
MR-0005252,PO-0002527,MAT-PUMP-CAP,1309,each
MR-0005253,PO-0002527,MAT-CARTON,1283,each
MR-0005254,PO-0002528,MAT-CARTON,902,each
MR-0005255,PO-0002528,MAT-LABEL,934,each
MR-0005256,PO-0002529,MAT-LABEL,1250,each
MR-0005257,PO-0002529,MAT-BULK-CREAM,100.38,litre
MR-0005258,PO-0002530,MAT-SEAL,1529,each
MR-0005259,PO-0002530,MAT-PUMP-CAP,1566,each
MR-0005260,PO-0002530,MAT-CARTON,1563,each
MR-0005261,PO-0002531,MAT-PUMP-CAP,1412,each
MR-0005262,PO-0002531,MAT-CARTON,1386,each
MR-0005263,PO-0002532,MAT-CARTON,1639,each
MR-0005264,PO-0002532,MAT-LABEL,1557,each
MR-0005265,PO-0002532,MAT-BULK-CREAM,127.52,litre
MR-0005266,PO-0002533,MAT-CARTON,1103,each
MR-0005267,PO-0002533,MAT-LABEL,1121,each
MR-0005268,PO-0002534,MAT-LABEL,698,each
MR-0005269,PO-0002534,MAT-BULK-CREAM,55.71,litre
MR-0005270,PO-0002535,MAT-BULK-CREAM,85.28,litre
MR-0005271,PO-0002535,MAT-SEAL,1099,each
MR-0005272,PO-0002536,MAT-SEAL,736,each
MR-0005273,PO-0002536,MAT-PUMP-CAP,758,each
MR-0005274,PO-0002537,MAT-PUMP-CAP,1011,each
MR-0005275,PO-0002537,MAT-CARTON,1026,each
MR-0005276,PO-0002538,MAT-CARTON,1361,each
MR-0005277,PO-0002538,MAT-LABEL,1298,each
MR-0005278,PO-0002539,MAT-LABEL,799,each
MR-0005279,PO-0002539,MAT-BULK-CREAM,63.37,litre
MR-0005280,PO-0002540,MAT-BULK-CREAM,79.54,litre
MR-0005281,PO-0002540,MAT-SEAL,981,each
MR-0005282,PO-0002541,MAT-SEAL,1482,each
MR-0005283,PO-0002541,MAT-PUMP-CAP,1534,each
MR-0005284,PO-0002541,MAT-CARTON,1550,each
MR-0005285,PO-0002542,MAT-PUMP-CAP,1280,each
MR-0005286,PO-0002542,MAT-CARTON,1234,each
MR-0005287,PO-0002543,MAT-LABEL,820,each
MR-0005288,PO-0002543,MAT-BULK-CREAM,65.69,litre
MR-0005289,PO-0002544,MAT-CARTON,1367,each
MR-0005290,PO-0002544,MAT-LABEL,1417,each
MR-0005291,PO-0002544,MAT-BULK-CREAM,113.79,litre
MR-0005292,PO-0002545,MAT-SEAL,1022,each
MR-0005293,PO-0002545,MAT-PUMP-CAP,1074,each
MR-0005294,PO-0002546,MAT-PUMP-CAP,1399,each
MR-0005295,PO-0002546,MAT-CARTON,1402,each
MR-0005296,PO-0002547,MAT-BULK-CREAM,75.83,litre
MR-0005297,PO-0002547,MAT-SEAL,935,each
MR-0005298,PO-0002548,MAT-PUMP-CAP,1446,each
MR-0005299,PO-0002548,MAT-CARTON,1381,each
MR-0005300,PO-0002549,MAT-BULK-CREAM,84.32,litre
MR-0005301,PO-0002549,MAT-SEAL,1050,each
MR-0005302,PO-0002550,MAT-SEAL,1361,each
MR-0005303,PO-0002550,MAT-PUMP-CAP,1397,each
MR-0005304,PO-0002551,MAT-LABEL,734,each
MR-0005305,PO-0002551,MAT-BULK-CREAM,60.46,litre
MR-0005306,PO-0002552,MAT-CARTON,1471,each
MR-0005307,PO-0002552,MAT-LABEL,1421,each
MR-0005308,PO-0002552,MAT-BULK-CREAM,115.74,litre
MR-0005309,PO-0002553,MAT-SEAL,646,each
MR-0005310,PO-0002553,MAT-PUMP-CAP,645,each
MR-0005311,PO-0002554,MAT-BULK-CREAM,105.31,litre
MR-0005312,PO-0002554,MAT-SEAL,1262,each
MR-0005313,PO-0002555,MAT-PUMP-CAP,717,each
MR-0005314,PO-0002555,MAT-CARTON,712,each
MR-0005315,PO-0002556,MAT-PUMP-CAP,1428,each
MR-0005316,PO-0002556,MAT-CARTON,1429,each
MR-0005317,PO-0002556,MAT-LABEL,1396,each
MR-0005318,PO-0002557,MAT-BULK-CREAM,96.37,litre
MR-0005319,PO-0002557,MAT-SEAL,1209,each
MR-0005320,PO-0002558,MAT-SEAL,791,each
MR-0005321,PO-0002558,MAT-PUMP-CAP,807,each
MR-0005322,PO-0002559,MAT-CARTON,1057,each
MR-0005323,PO-0002559,MAT-LABEL,1088,each
MR-0005324,PO-0002560,MAT-CARTON,942,each
MR-0005325,PO-0002560,MAT-LABEL,920,each
MR-0005326,PO-0002561,MAT-PUMP-CAP,1147,each
MR-0005327,PO-0002561,MAT-CARTON,1109,each
MR-0005328,PO-0002562,MAT-SEAL,588,each
MR-0005329,PO-0002562,MAT-PUMP-CAP,612,each
MR-0005330,PO-0002563,MAT-LABEL,745,each
MR-0005331,PO-0002563,MAT-BULK-CREAM,59.25,litre
MR-0005332,PO-0002564,MAT-PUMP-CAP,586,each
MR-0005333,PO-0002564,MAT-CARTON,575,each
MR-0005334,PO-0002565,MAT-CARTON,886,each
MR-0005335,PO-0002565,MAT-LABEL,893,each
MR-0005336,PO-0002566,MAT-PUMP-CAP,582,each
MR-0005337,PO-0002566,MAT-CARTON,581,each
MR-0005338,PO-0002567,MAT-CARTON,505,each
MR-0005339,PO-0002567,MAT-LABEL,491,each
MR-0005340,PO-0002568,MAT-LABEL,541,each
MR-0005341,PO-0002568,MAT-BULK-CREAM,43.51,litre
MR-0005342,PO-0002569,MAT-BULK-CREAM,35.7,litre
MR-0005343,PO-0002569,MAT-SEAL,437,each
MR-0005344,PO-0002570,MAT-SEAL,452,each
MR-0005345,PO-0002570,MAT-PUMP-CAP,476,each
MR-0005346,PO-0002571,MAT-PUMP-CAP,450,each
MR-0005347,PO-0002571,MAT-CARTON,437,each
MR-0005348,PO-0002572,MAT-CARTON,635,each
MR-0005349,PO-0002572,MAT-LABEL,625,each
MR-0005350,PO-0002573,MAT-LABEL,780,each
MR-0005351,PO-0002573,MAT-BULK-CREAM,60.9,litre
MR-0005352,PO-0002574,MAT-SEAL,920,each
MR-0005353,PO-0002574,MAT-PUMP-CAP,906,each
MR-0005354,PO-0002575,MAT-LABEL,474,each
MR-0005355,PO-0002575,MAT-BULK-CREAM,37.81,litre
MR-0005356,PO-0002576,MAT-PUMP-CAP,687,each
MR-0005357,PO-0002576,MAT-CARTON,717,each
MR-0005358,PO-0002577,MAT-LABEL,864,each
MR-0005359,PO-0002577,MAT-BULK-CREAM,66.5,litre
MR-0005360,PO-0002578,MAT-PUMP-CAP,485,each
MR-0005361,PO-0002578,MAT-CARTON,486,each
MR-0005362,PO-0002579,MAT-CARTON,551,each
MR-0005363,PO-0002579,MAT-LABEL,533,each
MR-0005364,PO-0002580,MAT-SEAL,721,each
MR-0005365,PO-0002580,MAT-PUMP-CAP,769,each
MR-0005366,PO-0002581,MAT-PUMP-CAP,434,each
MR-0005367,PO-0002581,MAT-CARTON,429,each
MR-0005368,PO-0002582,MAT-BULK-CREAM,67.71,litre
MR-0005369,PO-0002582,MAT-SEAL,872,each
MR-0005370,PO-0002583,MAT-CARTON,1119,each
MR-0005371,PO-0002583,MAT-LABEL,1107,each
MR-0005372,PO-0002584,MAT-SEAL,786,each
MR-0005373,PO-0002584,MAT-PUMP-CAP,790,each
MR-0005374,PO-0002585,MAT-BULK-CREAM,89.59,litre
MR-0005375,PO-0002585,MAT-SEAL,1103,each
MR-0005376,PO-0002586,MAT-SEAL,865,each
MR-0005377,PO-0002586,MAT-PUMP-CAP,902,each
MR-0005378,PO-0002587,MAT-PUMP-CAP,1141,each
MR-0005379,PO-0002587,MAT-CARTON,1104,each
MR-0005380,PO-0002588,MAT-CARTON,1040,each
MR-0005381,PO-0002588,MAT-LABEL,1020,each
MR-0005382,PO-0002589,MAT-LABEL,1001,each
MR-0005383,PO-0002589,MAT-BULK-CREAM,77.39,litre
MR-0005384,PO-0002590,MAT-LABEL,828,each
MR-0005385,PO-0002590,MAT-BULK-CREAM,65.88,litre
MR-0005386,PO-0002591,MAT-LABEL,1153,each
MR-0005387,PO-0002591,MAT-BULK-CREAM,92.68,litre
MR-0005388,PO-0002592,MAT-SEAL,830,each
MR-0005389,PO-0002592,MAT-PUMP-CAP,848,each
MR-0005390,PO-0002593,MAT-CARTON,1446,each
MR-0005391,PO-0002593,MAT-LABEL,1414,each
MR-0005392,PO-0002593,MAT-BULK-CREAM,117.21,litre
MR-0005393,PO-0002594,MAT-LABEL,1503,each
MR-0005394,PO-0002594,MAT-BULK-CREAM,120.29,litre
MR-0005395,PO-0002594,MAT-SEAL,1513,each
MR-0005396,PO-0002595,MAT-BULK-CREAM,107.91,litre
MR-0005397,PO-0002595,MAT-SEAL,1356,each
MR-0005398,PO-0002596,MAT-SEAL,800,each
MR-0005399,PO-0002596,MAT-PUMP-CAP,845,each
MR-0005400,PO-0002597,MAT-PUMP-CAP,1339,each
MR-0005401,PO-0002597,MAT-CARTON,1343,each
MR-0005402,PO-0002598,MAT-CARTON,1196,each
MR-0005403,PO-0002598,MAT-LABEL,1192,each
MR-0005404,PO-0002599,MAT-LABEL,1591,each
MR-0005405,PO-0002599,MAT-BULK-CREAM,122.27,litre
MR-0005406,PO-0002599,MAT-SEAL,1575,each
MR-0005407,PO-0002600,MAT-BULK-CREAM,121.54,litre
MR-0005408,PO-0002600,MAT-SEAL,1515,each
MR-0005409,PO-0002600,MAT-PUMP-CAP,1579,each
MR-0005410,PO-0002601,MAT-SEAL,1544,each
MR-0005411,PO-0002601,MAT-PUMP-CAP,1577,each
MR-0005412,PO-0002601,MAT-CARTON,1545,each
MR-0005413,PO-0002602,MAT-CARTON,1137,each
MR-0005414,PO-0002602,MAT-LABEL,1140,each
MR-0005415,PO-0002603,MAT-LABEL,1149,each
MR-0005416,PO-0002603,MAT-BULK-CREAM,88.95,litre
MR-0005417,PO-0002604,MAT-LABEL,1448,each
MR-0005418,PO-0002604,MAT-BULK-CREAM,115.32,litre
MR-0005419,PO-0002604,MAT-SEAL,1435,each
MR-0005420,PO-0002605,MAT-SEAL,1523,each
MR-0005421,PO-0002605,MAT-PUMP-CAP,1560,each
MR-0005422,PO-0002605,MAT-CARTON,1512,each
MR-0005423,PO-0002606,MAT-SEAL,991,each
MR-0005424,PO-0002606,MAT-PUMP-CAP,1012,each
MR-0005425,PO-0002607,MAT-PUMP-CAP,1583,each
MR-0005426,PO-0002607,MAT-CARTON,1537,each
MR-0005427,PO-0002607,MAT-LABEL,1523,each
MR-0005428,PO-0002608,MAT-LABEL,707,each
MR-0005429,PO-0002608,MAT-BULK-CREAM,57.43,litre
MR-0005430,PO-0002609,MAT-BULK-CREAM,69.39,litre
MR-0005431,PO-0002609,MAT-SEAL,859,each
MR-0005432,PO-0002610,MAT-SEAL,1012,each
MR-0005433,PO-0002610,MAT-PUMP-CAP,1030,each
MR-0005434,PO-0002611,MAT-PUMP-CAP,1351,each
MR-0005435,PO-0002611,MAT-CARTON,1364,each
MR-0005436,PO-0002612,MAT-SEAL,1039,each
MR-0005437,PO-0002612,MAT-PUMP-CAP,1078,each
MR-0005438,PO-0002613,MAT-LABEL,1210,each
MR-0005439,PO-0002613,MAT-BULK-CREAM,96.94,litre
MR-0005440,PO-0002614,MAT-SEAL,1204,each
MR-0005441,PO-0002614,MAT-PUMP-CAP,1199,each
MR-0005442,PO-0002615,MAT-SEAL,848,each
MR-0005443,PO-0002615,MAT-PUMP-CAP,844,each
MR-0005444,PO-0002616,MAT-BULK-CREAM,70.09,litre
MR-0005445,PO-0002616,MAT-SEAL,904,each
MR-0005446,PO-0002617,MAT-SEAL,736,each
MR-0005447,PO-0002617,MAT-PUMP-CAP,742,each
MR-0005448,PO-0002618,MAT-PUMP-CAP,1307,each
MR-0005449,PO-0002618,MAT-CARTON,1265,each
MR-0005450,PO-0002619,MAT-BULK-CREAM,70.58,litre
MR-0005451,PO-0002619,MAT-SEAL,878,each
MR-0005452,PO-0002620,MAT-SEAL,944,each
MR-0005453,PO-0002620,MAT-PUMP-CAP,945,each
MR-0005454,PO-0002621,MAT-PUMP-CAP,1483,each
MR-0005455,PO-0002621,MAT-CARTON,1470,each
MR-0005456,PO-0002621,MAT-LABEL,1462,each
MR-0005457,PO-0002622,MAT-CARTON,1299,each
MR-0005458,PO-0002622,MAT-LABEL,1296,each
MR-0005459,PO-0002623,MAT-BULK-CREAM,94.09,litre
MR-0005460,PO-0002623,MAT-SEAL,1178,each
MR-0005461,PO-0002624,MAT-PUMP-CAP,840,each
MR-0005462,PO-0002624,MAT-CARTON,846,each
MR-0005463,PO-0002625,MAT-CARTON,981,each
MR-0005464,PO-0002625,MAT-LABEL,996,each
MR-0005465,PO-0002626,MAT-LABEL,555,each
MR-0005466,PO-0002626,MAT-BULK-CREAM,45.53,litre
MR-0005467,PO-0002627,MAT-SEAL,1226,each
MR-0005468,PO-0002627,MAT-PUMP-CAP,1212,each
MR-0005469,PO-0002628,MAT-PUMP-CAP,665,each
MR-0005470,PO-0002628,MAT-CARTON,652,each
MR-0005471,PO-0002629,MAT-PUMP-CAP,567,each
MR-0005472,PO-0002629,MAT-CARTON,556,each
MR-0005473,PO-0002630,MAT-LABEL,1012,each
MR-0005474,PO-0002630,MAT-BULK-CREAM,80.06,litre
MR-0005475,PO-0002631,MAT-PUMP-CAP,608,each
MR-0005476,PO-0002631,MAT-CARTON,568,each
MR-0005477,PO-0002632,MAT-CARTON,919,each
MR-0005478,PO-0002632,MAT-LABEL,895,each
MR-0005479,PO-0002633,MAT-LABEL,478,each
MR-0005480,PO-0002633,MAT-BULK-CREAM,38.61,litre
MR-0005481,PO-0002634,MAT-BULK-CREAM,67.7,litre
MR-0005482,PO-0002634,MAT-SEAL,856,each
MR-0005483,PO-0002635,MAT-SEAL,565,each
MR-0005484,PO-0002635,MAT-PUMP-CAP,577,each
MR-0005485,PO-0002636,MAT-PUMP-CAP,553,each
MR-0005486,PO-0002636,MAT-CARTON,552,each
MR-0005487,PO-0002637,MAT-CARTON,869,each
MR-0005488,PO-0002637,MAT-LABEL,849,each
MR-0005489,PO-0002638,MAT-BULK-CREAM,77.27,litre
MR-0005490,PO-0002638,MAT-SEAL,948,each
MR-0005491,PO-0002639,MAT-PUMP-CAP,442,each
MR-0005492,PO-0002639,MAT-CARTON,452,each
MR-0005493,PO-0002640,MAT-PUMP-CAP,745,each
MR-0005494,PO-0002640,MAT-CARTON,763,each
MR-0005495,PO-0002641,MAT-LABEL,509,each
MR-0005496,PO-0002641,MAT-BULK-CREAM,40.55,litre
MR-0005497,PO-0002642,MAT-CARTON,459,each
MR-0005498,PO-0002642,MAT-LABEL,463,each
MR-0005499,PO-0002643,MAT-PUMP-CAP,861,each
MR-0005500,PO-0002643,MAT-CARTON,869,each
MR-0005501,PO-0002644,MAT-SEAL,963,each
MR-0005502,PO-0002644,MAT-PUMP-CAP,988,each
MR-0005503,PO-0002645,MAT-LABEL,539,each
MR-0005504,PO-0002645,MAT-BULK-CREAM,43.26,litre
MR-0005505,PO-0002646,MAT-SEAL,751,each
MR-0005506,PO-0002646,MAT-PUMP-CAP,759,each
MR-0005507,PO-0002647,MAT-PUMP-CAP,807,each
MR-0005508,PO-0002647,MAT-CARTON,813,each
MR-0005509,PO-0002648,MAT-CARTON,519,each
MR-0005510,PO-0002648,MAT-LABEL,492,each
MR-0005511,PO-0002649,MAT-LABEL,833,each
MR-0005512,PO-0002649,MAT-BULK-CREAM,68.22,litre
MR-0005513,PO-0002650,MAT-BULK-CREAM,51.89,litre
MR-0005514,PO-0002650,MAT-SEAL,642,each
MR-0005515,PO-0002651,MAT-PUMP-CAP,1162,each
MR-0005516,PO-0002651,MAT-CARTON,1140,each
MR-0005517,PO-0002652,MAT-PUMP-CAP,989,each
MR-0005518,PO-0002652,MAT-CARTON,987,each
MR-0005519,PO-0002653,MAT-PUMP-CAP,951,each
MR-0005520,PO-0002653,MAT-CARTON,909,each
MR-0005521,PO-0002654,MAT-LABEL,644,each
MR-0005522,PO-0002654,MAT-BULK-CREAM,51.55,litre
MR-0005523,PO-0002655,MAT-BULK-CREAM,101.59,litre
MR-0005524,PO-0002655,MAT-SEAL,1264,each
MR-0005525,PO-0002656,MAT-SEAL,806,each
MR-0005526,PO-0002656,MAT-PUMP-CAP,831,each
MR-0005527,PO-0002657,MAT-PUMP-CAP,1586,each
MR-0005528,PO-0002657,MAT-CARTON,1604,each
MR-0005529,PO-0002657,MAT-LABEL,1570,each
MR-0005530,PO-0002658,MAT-CARTON,832,each
MR-0005531,PO-0002658,MAT-LABEL,817,each
MR-0005532,PO-0002659,MAT-LABEL,1213,each
MR-0005533,PO-0002659,MAT-BULK-CREAM,99.02,litre
MR-0005534,PO-0002660,MAT-BULK-CREAM,68.82,litre
MR-0005535,PO-0002660,MAT-SEAL,849,each
MR-0005536,PO-0002661,MAT-PUMP-CAP,1120,each
MR-0005537,PO-0002661,MAT-CARTON,1152,each
MR-0005538,PO-0002662,MAT-CARTON,1422,each
MR-0005539,PO-0002662,MAT-LABEL,1381,each
MR-0005540,PO-0002662,MAT-BULK-CREAM,111.94,litre
MR-0005541,PO-0002663,MAT-CARTON,727,each
MR-0005542,PO-0002663,MAT-LABEL,746,each
MR-0005543,PO-0002664,MAT-BULK-CREAM,58.9,litre
MR-0005544,PO-0002664,MAT-SEAL,724,each
MR-0005545,PO-0002665,MAT-BULK-CREAM,65.92,litre
MR-0005546,PO-0002665,MAT-SEAL,799,each
MR-0005547,PO-0002666,MAT-SEAL,1419,each
MR-0005548,PO-0002666,MAT-PUMP-CAP,1459,each
MR-0005549,PO-0002666,MAT-CARTON,1461,each
MR-0005550,PO-0002667,MAT-PUMP-CAP,748,each
MR-0005551,PO-0002667,MAT-CARTON,752,each
MR-0005552,PO-0002668,MAT-LABEL,1351,each
MR-0005553,PO-0002668,MAT-BULK-CREAM,106.72,litre
MR-0005554,PO-0002669,MAT-LABEL,1437,each
MR-0005555,PO-0002669,MAT-BULK-CREAM,110.5,litre
MR-0005556,PO-0002669,MAT-SEAL,1392,each
MR-0005557,PO-0002670,MAT-BULK-CREAM,105.44,litre
MR-0005558,PO-0002670,MAT-SEAL,1367,each
MR-0005559,PO-0002671,MAT-SEAL,1468,each
MR-0005560,PO-0002671,MAT-PUMP-CAP,1543,each
MR-0005561,PO-0002671,MAT-CARTON,1541,each
MR-0005562,PO-0002672,MAT-SEAL,761,each
MR-0005563,PO-0002672,MAT-PUMP-CAP,776,each
MR-0005564,PO-0002673,MAT-LABEL,1200,each
MR-0005565,PO-0002673,MAT-BULK-CREAM,94.63,litre
MR-0005566,PO-0002674,MAT-CARTON,773,each
MR-0005567,PO-0002674,MAT-LABEL,757,each
MR-0005568,PO-0002675,MAT-PUMP-CAP,665,each
MR-0005569,PO-0002675,MAT-CARTON,664,each
MR-0005570,PO-0002676,MAT-PUMP-CAP,1079,each
MR-0005571,PO-0002676,MAT-CARTON,1065,each
MR-0005572,PO-0002677,MAT-CARTON,1334,each
MR-0005573,PO-0002677,MAT-LABEL,1288,each
MR-0005574,PO-0002678,MAT-PUMP-CAP,705,each
MR-0005575,PO-0002678,MAT-CARTON,674,each
MR-0005576,PO-0002679,MAT-CARTON,818,each
MR-0005577,PO-0002679,MAT-LABEL,796,each
MR-0005578,PO-0002680,MAT-CARTON,1250,each
MR-0005579,PO-0002680,MAT-LABEL,1239,each
MR-0005580,PO-0002681,MAT-PUMP-CAP,1147,each
MR-0005581,PO-0002681,MAT-CARTON,1137,each
MR-0005582,PO-0002682,MAT-SEAL,810,each
MR-0005583,PO-0002682,MAT-PUMP-CAP,835,each
MR-0005584,PO-0002683,MAT-LABEL,1268,each
MR-0005585,PO-0002683,MAT-BULK-CREAM,103.98,litre
MR-0005586,PO-0002684,MAT-BULK-CREAM,94.96,litre
MR-0005587,PO-0002684,MAT-SEAL,1143,each
MR-0005588,PO-0002685,MAT-SEAL,1009,each
MR-0005589,PO-0002685,MAT-PUMP-CAP,1024,each
MR-0005590,PO-0002686,MAT-PUMP-CAP,1042,each
MR-0005591,PO-0002686,MAT-CARTON,1030,each
MR-0005592,PO-0002687,MAT-SEAL,1005,each
MR-0005593,PO-0002687,MAT-PUMP-CAP,1032,each
MR-0005594,PO-0002688,MAT-BULK-CREAM,49.19,litre
MR-0005595,PO-0002688,MAT-SEAL,615,each
MR-0005596,PO-0002689,MAT-SEAL,551,each
MR-0005597,PO-0002689,MAT-PUMP-CAP,580,each
MR-0005598,PO-0002690,MAT-SEAL,976,each
MR-0005599,PO-0002690,MAT-PUMP-CAP,1004,each
MR-0005600,PO-0002691,MAT-CARTON,906,each
MR-0005601,PO-0002691,MAT-LABEL,909,each
MR-0005602,PO-0002692,MAT-BULK-CREAM,98.04,litre
MR-0005603,PO-0002692,MAT-SEAL,1225,each
MR-0005604,PO-0002693,MAT-PUMP-CAP,791,each
MR-0005605,PO-0002693,MAT-CARTON,803,each
MR-0005606,PO-0002694,MAT-CARTON,848,each
MR-0005607,PO-0002694,MAT-LABEL,877,each
MR-0005608,PO-0002695,MAT-SEAL,748,each
MR-0005609,PO-0002695,MAT-PUMP-CAP,762,each
MR-0005610,PO-0002696,MAT-PUMP-CAP,544,each
MR-0005611,PO-0002696,MAT-CARTON,546,each
MR-0005612,PO-0002697,MAT-CARTON,736,each
MR-0005613,PO-0002697,MAT-LABEL,741,each
MR-0005614,PO-0002698,MAT-LABEL,769,each
MR-0005615,PO-0002698,MAT-BULK-CREAM,61.9,litre
MR-0005616,PO-0002699,MAT-BULK-CREAM,44.08,litre
MR-0005617,PO-0002699,MAT-SEAL,531,each
MR-0005618,PO-0002700,MAT-SEAL,873,each
MR-0005619,PO-0002700,MAT-PUMP-CAP,907,each
MR-0005620,PO-0002701,MAT-PUMP-CAP,516,each
MR-0005621,PO-0002701,MAT-CARTON,503,each
MR-0005622,PO-0002702,MAT-SEAL,784,each
MR-0005623,PO-0002702,MAT-PUMP-CAP,784,each
MR-0005624,PO-0002703,MAT-BULK-CREAM,38.95,litre
MR-0005625,PO-0002703,MAT-SEAL,496,each
MR-0005626,PO-0002704,MAT-CARTON,700,each
MR-0005627,PO-0002704,MAT-LABEL,679,each
MR-0005628,PO-0002705,MAT-SEAL,904,each
MR-0005629,PO-0002705,MAT-PUMP-CAP,922,each
MR-0005630,PO-0002706,MAT-CARTON,944,each
MR-0005631,PO-0002706,MAT-LABEL,955,each
MR-0005632,PO-0002707,MAT-SEAL,810,each
MR-0005633,PO-0002707,MAT-PUMP-CAP,835,each
MR-0005634,PO-0002708,MAT-PUMP-CAP,803,each
MR-0005635,PO-0002708,MAT-CARTON,776,each
MR-0005636,PO-0002709,MAT-CARTON,457,each
MR-0005637,PO-0002709,MAT-LABEL,462,each
MR-0005638,PO-0002710,MAT-BULK-CREAM,53.62,litre
MR-0005639,PO-0002710,MAT-SEAL,681,each
MR-0005640,PO-0002711,MAT-SEAL,483,each
MR-0005641,PO-0002711,MAT-PUMP-CAP,496,each
MR-0005642,PO-0002712,MAT-PUMP-CAP,874,each
MR-0005643,PO-0002712,MAT-CARTON,848,each
MR-0005644,PO-0002713,MAT-LABEL,1040,each
MR-0005645,PO-0002713,MAT-BULK-CREAM,81.38,litre
MR-0005646,PO-0002714,MAT-LABEL,642,each
MR-0005647,PO-0002714,MAT-BULK-CREAM,51.01,litre
MR-0005648,PO-0002715,MAT-BULK-CREAM,86.01,litre
MR-0005649,PO-0002715,MAT-SEAL,1082,each
MR-0005650,PO-0002716,MAT-SEAL,501,each
MR-0005651,PO-0002716,MAT-PUMP-CAP,508,each
MR-0005652,PO-0002717,MAT-CARTON,502,each
MR-0005653,PO-0002717,MAT-LABEL,501,each
MR-0005654,PO-0002718,MAT-CARTON,1097,each
MR-0005655,PO-0002718,MAT-LABEL,1091,each
MR-0005656,PO-0002719,MAT-LABEL,776,each
MR-0005657,PO-0002719,MAT-BULK-CREAM,62.5,litre
MR-0005658,PO-0002720,MAT-BULK-CREAM,101.75,litre
MR-0005659,PO-0002720,MAT-SEAL,1326,each
MR-0005660,PO-0002721,MAT-SEAL,869,each
MR-0005661,PO-0002721,MAT-PUMP-CAP,860,each
MR-0005662,PO-0002722,MAT-PUMP-CAP,1017,each
MR-0005663,PO-0002722,MAT-CARTON,996,each
MR-0005664,PO-0002723,MAT-CARTON,1443,each
MR-0005665,PO-0002723,MAT-LABEL,1414,each
MR-0005666,PO-0002723,MAT-BULK-CREAM,112.61,litre
MR-0005667,PO-0002724,MAT-BULK-CREAM,126.04,litre
MR-0005668,PO-0002724,MAT-SEAL,1598,each
MR-0005669,PO-0002724,MAT-PUMP-CAP,1625,each
MR-0005670,PO-0002725,MAT-BULK-CREAM,119.72,litre
MR-0005671,PO-0002725,MAT-SEAL,1514,each
MR-0005672,PO-0002725,MAT-PUMP-CAP,1551,each
MR-0005673,PO-0002726,MAT-SEAL,867,each
MR-0005674,PO-0002726,MAT-PUMP-CAP,877,each
MR-0005675,PO-0002727,MAT-PUMP-CAP,760,each
MR-0005676,PO-0002727,MAT-CARTON,743,each
MR-0005677,PO-0002728,MAT-CARTON,1631,each
MR-0005678,PO-0002728,MAT-LABEL,1590,each
MR-0005679,PO-0002728,MAT-BULK-CREAM,130.47,litre
MR-0005680,PO-0002729,MAT-BULK-CREAM,67.07,litre
MR-0005681,PO-0002729,MAT-SEAL,885,each
MR-0005682,PO-0002730,MAT-BULK-CREAM,85.81,litre
MR-0005683,PO-0002730,MAT-SEAL,1032,each
MR-0005684,PO-0002731,MAT-PUMP-CAP,981,each
MR-0005685,PO-0002731,MAT-CARTON,981,each
MR-0005686,PO-0002732,MAT-CARTON,936,each
MR-0005687,PO-0002732,MAT-LABEL,913,each
MR-0005688,PO-0002733,MAT-CARTON,804,each
MR-0005689,PO-0002733,MAT-LABEL,818,each
MR-0005690,PO-0002734,MAT-LABEL,1181,each
MR-0005691,PO-0002734,MAT-BULK-CREAM,94.55,litre
MR-0005692,PO-0002735,MAT-BULK-CREAM,109.18,litre
MR-0005693,PO-0002735,MAT-SEAL,1338,each
MR-0005694,PO-0002736,MAT-PUMP-CAP,922,each
MR-0005695,PO-0002736,MAT-CARTON,905,each
MR-0005696,PO-0002737,MAT-CARTON,655,each
MR-0005697,PO-0002737,MAT-LABEL,656,each
MR-0005698,PO-0002738,MAT-SEAL,920,each
MR-0005699,PO-0002738,MAT-PUMP-CAP,930,each
MR-0005700,PO-0002739,MAT-SEAL,1136,each
MR-0005701,PO-0002739,MAT-PUMP-CAP,1120,each
MR-0005702,PO-0002740,MAT-SEAL,890,each
MR-0005703,PO-0002740,MAT-PUMP-CAP,913,each
MR-0005704,PO-0002741,MAT-BULK-CREAM,69.5,litre
MR-0005705,PO-0002741,MAT-SEAL,860,each
MR-0005706,PO-0002742,MAT-CARTON,779,each
MR-0005707,PO-0002742,MAT-LABEL,781,each
MR-0005708,PO-0002743,MAT-PUMP-CAP,1349,each
MR-0005709,PO-0002743,MAT-CARTON,1355,each
MR-0005710,PO-0002744,MAT-BULK-CREAM,68.41,litre
MR-0005711,PO-0002744,MAT-SEAL,872,each
MR-0005712,PO-0002745,MAT-LABEL,853,each
MR-0005713,PO-0002745,MAT-BULK-CREAM,69.5,litre
MR-0005714,PO-0002746,MAT-PUMP-CAP,1030,each
MR-0005715,PO-0002746,MAT-CARTON,1030,each
MR-0005716,PO-0002747,MAT-CARTON,1191,each
MR-0005717,PO-0002747,MAT-LABEL,1136,each
MR-0005718,PO-0002748,MAT-LABEL,974,each
MR-0005719,PO-0002748,MAT-BULK-CREAM,78.2,litre
MR-0005720,PO-0002749,MAT-BULK-CREAM,61.61,litre
MR-0005721,PO-0002749,MAT-SEAL,766,each
MR-0005722,PO-0002750,MAT-CARTON,784,each
MR-0005723,PO-0002750,MAT-LABEL,738,each
MR-0005724,PO-0002751,MAT-LABEL,1089,each
MR-0005725,PO-0002751,MAT-BULK-CREAM,87.43,litre
MR-0005726,PO-0002752,MAT-LABEL,909,each
MR-0005727,PO-0002752,MAT-BULK-CREAM,71.23,litre
MR-0005728,PO-0002753,MAT-LABEL,671,each
MR-0005729,PO-0002753,MAT-BULK-CREAM,53.59,litre
MR-0005730,PO-0002754,MAT-SEAL,670,each
MR-0005731,PO-0002754,MAT-PUMP-CAP,659,each
MR-0005732,PO-0002755,MAT-CARTON,933,each
MR-0005733,PO-0002755,MAT-LABEL,921,each
MR-0005734,PO-0002756,MAT-BULK-CREAM,55.9,litre
MR-0005735,PO-0002756,MAT-SEAL,694,each
MR-0005736,PO-0002757,MAT-BULK-CREAM,62.42,litre
MR-0005737,PO-0002757,MAT-SEAL,772,each
MR-0005738,PO-0002758,MAT-BULK-CREAM,97.34,litre
MR-0005739,PO-0002758,MAT-SEAL,1188,each
MR-0005740,PO-0002759,MAT-BULK-CREAM,41.38,litre
MR-0005741,PO-0002759,MAT-SEAL,545,each
MR-0005742,PO-0002760,MAT-CARTON,733,each
MR-0005743,PO-0002760,MAT-LABEL,742,each
MR-0005744,PO-0002761,MAT-PUMP-CAP,774,each
MR-0005745,PO-0002761,MAT-CARTON,751,each
MR-0005746,PO-0002762,MAT-PUMP-CAP,503,each
MR-0005747,PO-0002762,MAT-CARTON,495,each
MR-0005748,PO-0002763,MAT-CARTON,423,each
MR-0005749,PO-0002763,MAT-LABEL,423,each
MR-0005750,PO-0002764,MAT-BULK-CREAM,35.75,litre
MR-0005751,PO-0002764,MAT-SEAL,460,each
MR-0005752,PO-0002765,MAT-SEAL,723,each
MR-0005753,PO-0002765,MAT-PUMP-CAP,710,each
MR-0005754,PO-0002766,MAT-PUMP-CAP,764,each
MR-0005755,PO-0002766,MAT-CARTON,745,each
MR-0005756,PO-0002767,MAT-BULK-CREAM,68.5,litre
MR-0005757,PO-0002767,MAT-SEAL,845,each
MR-0005758,PO-0002768,MAT-SEAL,827,each
MR-0005759,PO-0002768,MAT-PUMP-CAP,873,each
MR-0005760,PO-0002769,MAT-PUMP-CAP,542,each
MR-0005761,PO-0002769,MAT-CARTON,538,each
MR-0005762,PO-0002770,MAT-SEAL,583,each
MR-0005763,PO-0002770,MAT-PUMP-CAP,581,each
MR-0005764,PO-0002771,MAT-BULK-CREAM,57.39,litre
MR-0005765,PO-0002771,MAT-SEAL,700,each
MR-0005766,PO-0002772,MAT-BULK-CREAM,52.5,litre
MR-0005767,PO-0002772,MAT-SEAL,650,each
MR-0005768,PO-0002773,MAT-LABEL,857,each
MR-0005769,PO-0002773,MAT-BULK-CREAM,70.99,litre
MR-0005770,PO-0002774,MAT-LABEL,711,each
MR-0005771,PO-0002774,MAT-BULK-CREAM,57.01,litre
MR-0005772,PO-0002775,MAT-BULK-CREAM,79.29,litre
MR-0005773,PO-0002775,MAT-SEAL,987,each
MR-0005774,PO-0002776,MAT-SEAL,832,each
MR-0005775,PO-0002776,MAT-PUMP-CAP,858,each
MR-0005776,PO-0002777,MAT-PUMP-CAP,499,each
MR-0005777,PO-0002777,MAT-CARTON,502,each
MR-0005778,PO-0002778,MAT-CARTON,973,each
MR-0005779,PO-0002778,MAT-LABEL,981,each
MR-0005780,PO-0002779,MAT-LABEL,679,each
MR-0005781,PO-0002779,MAT-BULK-CREAM,54.62,litre
MR-0005782,PO-0002780,MAT-SEAL,637,each
MR-0005783,PO-0002780,MAT-PUMP-CAP,644,each
MR-0005784,PO-0002781,MAT-SEAL,892,each
MR-0005785,PO-0002781,MAT-PUMP-CAP,901,each
MR-0005786,PO-0002782,MAT-PUMP-CAP,1021,each
MR-0005787,PO-0002782,MAT-CARTON,983,each
MR-0005788,PO-0002783,MAT-CARTON,1445,each
MR-0005789,PO-0002783,MAT-LABEL,1449,each
MR-0005790,PO-0002783,MAT-BULK-CREAM,113.39,litre
MR-0005791,PO-0002784,MAT-LABEL,980,each
MR-0005792,PO-0002784,MAT-BULK-CREAM,77.29,litre
MR-0005793,PO-0002785,MAT-BULK-CREAM,91.02,litre
MR-0005794,PO-0002785,MAT-SEAL,1152,each
MR-0005795,PO-0002786,MAT-SEAL,1331,each
MR-0005796,PO-0002786,MAT-PUMP-CAP,1382,each
MR-0005797,PO-0002787,MAT-CARTON,1193,each
MR-0005798,PO-0002787,MAT-LABEL,1171,each
MR-0005799,PO-0002788,MAT-CARTON,1249,each
MR-0005800,PO-0002788,MAT-LABEL,1246,each
MR-0005801,PO-0002789,MAT-LABEL,1229,each
MR-0005802,PO-0002789,MAT-BULK-CREAM,98.03,litre
MR-0005803,PO-0002790,MAT-BULK-CREAM,118.46,litre
MR-0005804,PO-0002790,MAT-SEAL,1472,each
MR-0005805,PO-0002790,MAT-PUMP-CAP,1504,each
MR-0005806,PO-0002791,MAT-PUMP-CAP,1101,each
MR-0005807,PO-0002791,MAT-CARTON,1068,each
MR-0005808,PO-0002792,MAT-LABEL,722,each
MR-0005809,PO-0002792,MAT-BULK-CREAM,60.01,litre
MR-0005810,PO-0002793,MAT-CARTON,994,each
MR-0005811,PO-0002793,MAT-LABEL,976,each
MR-0005812,PO-0002794,MAT-BULK-CREAM,78.33,litre
MR-0005813,PO-0002794,MAT-SEAL,976,each
MR-0005814,PO-0002795,MAT-BULK-CREAM,53.62,litre
MR-0005815,PO-0002795,MAT-SEAL,677,each
MR-0005816,PO-0002796,MAT-SEAL,1290,each
MR-0005817,PO-0002796,MAT-PUMP-CAP,1325,each
MR-0005818,PO-0002797,MAT-CARTON,1035,each
MR-0005819,PO-0002797,MAT-LABEL,1032,each
MR-0005820,PO-0002798,MAT-CARTON,1399,each
MR-0005821,PO-0002798,MAT-LABEL,1419,each
MR-0005822,PO-0002798,MAT-BULK-CREAM,108.6,litre
MR-0005823,PO-0002799,MAT-LABEL,1513,each
MR-0005824,PO-0002799,MAT-BULK-CREAM,118.71,litre
MR-0005825,PO-0002799,MAT-SEAL,1484,each
MR-0005826,PO-0002800,MAT-SEAL,1063,each
MR-0005827,PO-0002800,MAT-PUMP-CAP,1092,each
MR-0005828,PO-0002801,MAT-SEAL,843,each
MR-0005829,PO-0002801,MAT-PUMP-CAP,872,each
MR-0005830,PO-0002802,MAT-BULK-CREAM,90.91,litre
MR-0005831,PO-0002802,MAT-SEAL,1167,each
MR-0005832,PO-0002803,MAT-PUMP-CAP,1311,each
MR-0005833,PO-0002803,MAT-CARTON,1327,each
MR-0005834,PO-0002804,MAT-CARTON,896,each
MR-0005835,PO-0002804,MAT-LABEL,885,each
MR-0005836,PO-0002805,MAT-LABEL,1456,each
MR-0005837,PO-0002805,MAT-BULK-CREAM,115.85,litre
MR-0005838,PO-0002805,MAT-SEAL,1436,each
MR-0005839,PO-0002806,MAT-CARTON,985,each
MR-0005840,PO-0002806,MAT-LABEL,971,each
MR-0005841,PO-0002807,MAT-LABEL,1496,each
MR-0005842,PO-0002807,MAT-BULK-CREAM,114.15,litre
MR-0005843,PO-0002807,MAT-SEAL,1439,each
MR-0005844,PO-0002808,MAT-LABEL,1075,each
MR-0005845,PO-0002808,MAT-BULK-CREAM,86.32,litre
MR-0005846,PO-0002809,MAT-BULK-CREAM,110.08,litre
MR-0005847,PO-0002809,MAT-SEAL,1402,each
MR-0005848,PO-0002809,MAT-PUMP-CAP,1442,each
MR-0005849,PO-0002810,MAT-SEAL,1459,each
MR-0005850,PO-0002810,MAT-PUMP-CAP,1487,each
MR-0005851,PO-0002810,MAT-CARTON,1429,each
MR-0005852,PO-0002811,MAT-LABEL,652,each
MR-0005853,PO-0002811,MAT-BULK-CREAM,52.87,litre
MR-0005854,PO-0002812,MAT-CARTON,1224,each
MR-0005855,PO-0002812,MAT-LABEL,1214,each
MR-0005856,PO-0002813,MAT-LABEL,1027,each
MR-0005857,PO-0002813,MAT-BULK-CREAM,83.01,litre
MR-0005858,PO-0002814,MAT-CARTON,771,each
MR-0005859,PO-0002814,MAT-LABEL,760,each
MR-0005860,PO-0002815,MAT-SEAL,647,each
MR-0005861,PO-0002815,MAT-PUMP-CAP,668,each
MR-0005862,PO-0002816,MAT-CARTON,687,each
MR-0005863,PO-0002816,MAT-LABEL,695,each
MR-0005864,PO-0002817,MAT-LABEL,786,each
MR-0005865,PO-0002817,MAT-BULK-CREAM,62.83,litre
MR-0005866,PO-0002818,MAT-BULK-CREAM,89.11,litre
MR-0005867,PO-0002818,MAT-SEAL,1159,each
MR-0005868,PO-0002819,MAT-PUMP-CAP,1160,each
MR-0005869,PO-0002819,MAT-CARTON,1181,each
MR-0005870,PO-0002820,MAT-SEAL,1029,each
MR-0005871,PO-0002820,MAT-PUMP-CAP,1095,each
MR-0005872,PO-0002821,MAT-BULK-CREAM,60.9,litre
MR-0005873,PO-0002821,MAT-SEAL,784,each
MR-0005874,PO-0002822,MAT-CARTON,641,each
MR-0005875,PO-0002822,MAT-LABEL,645,each
MR-0005876,PO-0002823,MAT-LABEL,765,each
MR-0005877,PO-0002823,MAT-BULK-CREAM,60.88,litre
MR-0005878,PO-0002824,MAT-LABEL,871,each
MR-0005879,PO-0002824,MAT-BULK-CREAM,66.69,litre
MR-0005880,PO-0002825,MAT-SEAL,396,each
MR-0005881,PO-0002825,MAT-PUMP-CAP,418,each
MR-0005882,PO-0002826,MAT-BULK-CREAM,69.8,litre
MR-0005883,PO-0002826,MAT-SEAL,870,each
MR-0005884,PO-0002827,MAT-CARTON,815,each
MR-0005885,PO-0002827,MAT-LABEL,807,each
MR-0005886,PO-0002828,MAT-LABEL,612,each
MR-0005887,PO-0002828,MAT-BULK-CREAM,49.59,litre
MR-0005888,PO-0002829,MAT-BULK-CREAM,60.51,litre
MR-0005889,PO-0002829,MAT-SEAL,776,each
MR-0005890,PO-0002830,MAT-BULK-CREAM,69.02,litre
MR-0005891,PO-0002830,MAT-SEAL,867,each
MR-0005892,PO-0002831,MAT-PUMP-CAP,988,each
MR-0005893,PO-0002831,MAT-CARTON,987,each
MR-0005894,PO-0002832,MAT-BULK-CREAM,35.5,litre
MR-0005895,PO-0002832,MAT-SEAL,449,each
MR-0005896,PO-0002833,MAT-SEAL,686,each
MR-0005897,PO-0002833,MAT-PUMP-CAP,694,each
MR-0005898,PO-0002834,MAT-SEAL,882,each
MR-0005899,PO-0002834,MAT-PUMP-CAP,932,each
MR-0005900,PO-0002835,MAT-CARTON,623,each
MR-0005901,PO-0002835,MAT-LABEL,621,each
MR-0005902,PO-0002836,MAT-BULK-CREAM,47.38,litre
MR-0005903,PO-0002836,MAT-SEAL,593,each
MR-0005904,PO-0002837,MAT-LABEL,461,each
MR-0005905,PO-0002837,MAT-BULK-CREAM,36.39,litre
MR-0005906,PO-0002838,MAT-BULK-CREAM,35.25,litre
MR-0005907,PO-0002838,MAT-SEAL,430,each
MR-0005908,PO-0002839,MAT-LABEL,767,each
MR-0005909,PO-0002839,MAT-BULK-CREAM,61.67,litre
MR-0005910,PO-0002840,MAT-BULK-CREAM,87.03,litre
MR-0005911,PO-0002840,MAT-SEAL,1058,each
MR-0005912,PO-0002841,MAT-SEAL,942,each
MR-0005913,PO-0002841,MAT-PUMP-CAP,932,each
MR-0005914,PO-0002842,MAT-PUMP-CAP,688,each
MR-0005915,PO-0002842,MAT-CARTON,683,each
MR-0005916,PO-0002843,MAT-CARTON,558,each
MR-0005917,PO-0002843,MAT-LABEL,563,each
MR-0005918,PO-0002844,MAT-LABEL,1063,each
MR-0005919,PO-0002844,MAT-BULK-CREAM,83.48,litre
MR-0005920,PO-0002845,MAT-SEAL,677,each
MR-0005921,PO-0002845,MAT-PUMP-CAP,692,each
MR-0005922,PO-0002846,MAT-SEAL,717,each
MR-0005923,PO-0002846,MAT-PUMP-CAP,735,each
MR-0005924,PO-0002847,MAT-LABEL,1094,each
MR-0005925,PO-0002847,MAT-BULK-CREAM,89.27,litre
MR-0005926,PO-0002848,MAT-CARTON,794,each
MR-0005927,PO-0002848,MAT-LABEL,787,each
MR-0005928,PO-0002849,MAT-LABEL,853,each
MR-0005929,PO-0002849,MAT-BULK-CREAM,66.04,litre
MR-0005930,PO-0002850,MAT-BULK-CREAM,106.6,litre
MR-0005931,PO-0002850,MAT-SEAL,1347,each
MR-0005932,PO-0002851,MAT-SEAL,668,each
MR-0005933,PO-0002851,MAT-PUMP-CAP,682,each
MR-0005934,PO-0002852,MAT-PUMP-CAP,706,each
MR-0005935,PO-0002852,MAT-CARTON,689,each
MR-0005936,PO-0002853,MAT-CARTON,1032,each
MR-0005937,PO-0002853,MAT-LABEL,998,each
MR-0005938,PO-0002854,MAT-LABEL,1314,each
MR-0005939,PO-0002854,MAT-BULK-CREAM,106.88,litre
MR-0005940,PO-0002855,MAT-LABEL,1247,each
MR-0005941,PO-0002855,MAT-BULK-CREAM,98.19,litre
MR-0005942,PO-0002856,MAT-BULK-CREAM,74.91,litre
MR-0005943,PO-0002856,MAT-SEAL,904,each
MR-0005944,PO-0002857,MAT-PUMP-CAP,755,each
MR-0005945,PO-0002857,MAT-CARTON,751,each
MR-0005946,PO-0002858,MAT-CARTON,1505,each
MR-0005947,PO-0002858,MAT-LABEL,1504,each
MR-0005948,PO-0002858,MAT-BULK-CREAM,117.16,litre
MR-0005949,PO-0002859,MAT-LABEL,1067,each
MR-0005950,PO-0002859,MAT-BULK-CREAM,85.67,litre
MR-0005951,PO-0002860,MAT-BULK-CREAM,94.63,litre
MR-0005952,PO-0002860,MAT-SEAL,1221,each
MR-0005953,PO-0002861,MAT-SEAL,945,each
MR-0005954,PO-0002861,MAT-PUMP-CAP,953,each
MR-0005955,PO-0002862,MAT-CARTON,1160,each
MR-0005956,PO-0002862,MAT-LABEL,1163,each
MR-0005957,PO-0002863,MAT-CARTON,1483,each
MR-0005958,PO-0002863,MAT-LABEL,1506,each
MR-0005959,PO-0002863,MAT-BULK-CREAM,119.9,litre
MR-0005960,PO-0002864,MAT-LABEL,993,each
MR-0005961,PO-0002864,MAT-BULK-CREAM,81.1,litre
MR-0005962,PO-0002865,MAT-BULK-CREAM,75.67,litre
MR-0005963,PO-0002865,MAT-SEAL,935,each
MR-0005964,PO-0002866,MAT-BULK-CREAM,90.3,litre
MR-0005965,PO-0002866,MAT-SEAL,1144,each
MR-0005966,PO-0002867,MAT-SEAL,778,each
MR-0005967,PO-0002867,MAT-PUMP-CAP,775,each
MR-0005968,PO-0002868,MAT-LABEL,1032,each
MR-0005969,PO-0002868,MAT-BULK-CREAM,83.34,litre
MR-0005970,PO-0002869,MAT-PUMP-CAP,1157,each
MR-0005971,PO-0002869,MAT-CARTON,1165,each
MR-0005972,PO-0002870,MAT-SEAL,781,each
MR-0005973,PO-0002870,MAT-PUMP-CAP,777,each
MR-0005974,PO-0002871,MAT-PUMP-CAP,1358,each
MR-0005975,PO-0002871,MAT-CARTON,1293,each
MR-0005976,PO-0002872,MAT-CARTON,654,each
MR-0005977,PO-0002872,MAT-LABEL,649,each
MR-0005978,PO-0002873,MAT-SEAL,1308,each
MR-0005979,PO-0002873,MAT-PUMP-CAP,1364,each
MR-0005980,PO-0002874,MAT-BULK-CREAM,97.98,litre
MR-0005981,PO-0002874,MAT-SEAL,1213,each
MR-0005982,PO-0002875,MAT-CARTON,645,each
MR-0005983,PO-0002875,MAT-LABEL,621,each
MR-0005984,PO-0002876,MAT-CARTON,1199,each
MR-0005985,PO-0002876,MAT-LABEL,1233,each
MR-0005986,PO-0002877,MAT-CARTON,757,each
MR-0005987,PO-0002877,MAT-LABEL,733,each
MR-0005988,PO-0002878,MAT-SEAL,698,each
MR-0005989,PO-0002878,MAT-PUMP-CAP,733,each
MR-0005990,PO-0002879,MAT-BULK-CREAM,83.98,litre
MR-0005991,PO-0002879,MAT-SEAL,1015,each
MR-0005992,PO-0002880,MAT-SEAL,902,each
MR-0005993,PO-0002880,MAT-PUMP-CAP,913,each
MR-0005994,PO-0002881,MAT-PUMP-CAP,684,each
MR-0005995,PO-0002881,MAT-CARTON,715,each
MR-0005996,PO-0002882,MAT-CARTON,1122,each
MR-0005997,PO-0002882,MAT-LABEL,1060,each
MR-0005998,PO-0002883,MAT-LABEL,848,each
MR-0005999,PO-0002883,MAT-BULK-CREAM,70.02,litre
MR-0006000,PO-0002884,MAT-SEAL,706,each
MR-0006001,PO-0002884,MAT-PUMP-CAP,736,each
MR-0006002,PO-0002885,MAT-LABEL,817,each
MR-0006003,PO-0002885,MAT-BULK-CREAM,63.09,litre
MR-0006004,PO-0002886,MAT-LABEL,757,each
MR-0006005,PO-0002886,MAT-BULK-CREAM,60.69,litre
MR-0006006,PO-0002887,MAT-BULK-CREAM,62.76,litre
MR-0006007,PO-0002887,MAT-SEAL,780,each
MR-0006008,PO-0002888,MAT-BULK-CREAM,82.65,litre
MR-0006009,PO-0002888,MAT-SEAL,1035,each
MR-0006010,PO-0002889,MAT-CARTON,785,each
MR-0006011,PO-0002889,MAT-LABEL,811,each
MR-0006012,PO-0002890,MAT-SEAL,603,each
MR-0006013,PO-0002890,MAT-PUMP-CAP,604,each
MR-0006014,PO-0002891,MAT-PUMP-CAP,446,each
MR-0006015,PO-0002891,MAT-CARTON,434,each
MR-0006016,PO-0002892,MAT-CARTON,561,each
MR-0006017,PO-0002892,MAT-LABEL,556,each
MR-0006018,PO-0002893,MAT-LABEL,642,each
MR-0006019,PO-0002893,MAT-BULK-CREAM,52.63,litre
MR-0006020,PO-0002894,MAT-BULK-CREAM,64.41,litre
MR-0006021,PO-0002894,MAT-SEAL,789,each
MR-0006022,PO-0002895,MAT-SEAL,798,each
MR-0006023,PO-0002895,MAT-PUMP-CAP,859,each
MR-0006024,PO-0002896,MAT-PUMP-CAP,795,each
MR-0006025,PO-0002896,MAT-CARTON,792,each
MR-0006026,PO-0002897,MAT-BULK-CREAM,48.47,litre
MR-0006027,PO-0002897,MAT-SEAL,612,each
MR-0006028,PO-0002898,MAT-BULK-CREAM,67.34,litre
MR-0006029,PO-0002898,MAT-SEAL,850,each
MR-0006030,PO-0002899,MAT-SEAL,736,each
MR-0006031,PO-0002899,MAT-PUMP-CAP,738,each
MR-0006032,PO-0002900,MAT-SEAL,689,each
MR-0006033,PO-0002900,MAT-PUMP-CAP,716,each
MR-0006034,PO-0002901,MAT-SEAL,801,each
MR-0006035,PO-0002901,MAT-PUMP-CAP,844,each
MR-0006036,PO-0002902,MAT-SEAL,556,each
MR-0006037,PO-0002902,MAT-PUMP-CAP,548,each
MR-0006038,PO-0002903,MAT-BULK-CREAM,56.4,litre
MR-0006039,PO-0002903,MAT-SEAL,716,each
MR-0006040,PO-0002904,MAT-CARTON,532,each
MR-0006041,PO-0002904,MAT-LABEL,526,each
MR-0006042,PO-0002905,MAT-BULK-CREAM,43.77,litre
MR-0006043,PO-0002905,MAT-SEAL,568,each
MR-0006044,PO-0002906,MAT-SEAL,609,each
MR-0006045,PO-0002906,MAT-PUMP-CAP,643,each
MR-0006046,PO-0002907,MAT-PUMP-CAP,555,each
MR-0006047,PO-0002907,MAT-CARTON,553,each
MR-0006048,PO-0002908,MAT-CARTON,685,each
MR-0006049,PO-0002908,MAT-LABEL,695,each
MR-0006050,PO-0002909,MAT-LABEL,1022,each
MR-0006051,PO-0002909,MAT-BULK-CREAM,82.93,litre
MR-0006052,PO-0002910,MAT-SEAL,706,each
MR-0006053,PO-0002910,MAT-PUMP-CAP,729,each
MR-0006054,PO-0002911,MAT-PUMP-CAP,822,each
MR-0006055,PO-0002911,MAT-CARTON,823,each
MR-0006056,PO-0002912,MAT-PUMP-CAP,605,each
MR-0006057,PO-0002912,MAT-CARTON,575,each
MR-0006058,PO-0002913,MAT-SEAL,624,each
MR-0006059,PO-0002913,MAT-PUMP-CAP,643,each
MR-0006060,PO-0002914,MAT-BULK-CREAM,65.77,litre
MR-0006061,PO-0002914,MAT-SEAL,826,each
MR-0006062,PO-0002915,MAT-BULK-CREAM,128.28,litre
MR-0006063,PO-0002915,MAT-SEAL,1614,each
MR-0006064,PO-0002915,MAT-PUMP-CAP,1599,each
MR-0006065,PO-0002916,MAT-SEAL,1231,each
MR-0006066,PO-0002916,MAT-PUMP-CAP,1277,each
MR-0006067,PO-0002917,MAT-PUMP-CAP,971,each
MR-0006068,PO-0002917,MAT-CARTON,961,each
MR-0006069,PO-0002918,MAT-PUMP-CAP,1474,each
MR-0006070,PO-0002918,MAT-CARTON,1444,each
MR-0006071,PO-0002918,MAT-LABEL,1396,each
MR-0006072,PO-0002919,MAT-LABEL,1370,each
MR-0006073,PO-0002919,MAT-BULK-CREAM,109.52,litre
MR-0006074,PO-0002920,MAT-BULK-CREAM,118.47,litre
MR-0006075,PO-0002920,MAT-SEAL,1425,each
MR-0006076,PO-0002920,MAT-PUMP-CAP,1488,each
MR-0006077,PO-0002921,MAT-LABEL,1289,each
MR-0006078,PO-0002921,MAT-BULK-CREAM,104.09,litre
MR-0006079,PO-0002922,MAT-PUMP-CAP,840,each
MR-0006080,PO-0002922,MAT-CARTON,819,each
MR-0006081,PO-0002923,MAT-CARTON,825,each
MR-0006082,PO-0002923,MAT-LABEL,785,each
MR-0006083,PO-0002924,MAT-LABEL,1469,each
MR-0006084,PO-0002924,MAT-BULK-CREAM,122.32,litre
MR-0006085,PO-0002924,MAT-SEAL,1526,each
MR-0006086,PO-0002925,MAT-CARTON,1107,each
MR-0006087,PO-0002925,MAT-LABEL,1111,each
MR-0006088,PO-0002926,MAT-PUMP-CAP,1363,each
MR-0006089,PO-0002926,MAT-CARTON,1315,each
MR-0006090,PO-0002927,MAT-PUMP-CAP,1216,each
MR-0006091,PO-0002927,MAT-CARTON,1206,each
MR-0006092,PO-0002928,MAT-SEAL,836,each
MR-0006093,PO-0002928,MAT-PUMP-CAP,861,each
MR-0006094,PO-0002929,MAT-LABEL,973,each
MR-0006095,PO-0002929,MAT-BULK-CREAM,78.75,litre
MR-0006096,PO-0002930,MAT-BULK-CREAM,83.91,litre
MR-0006097,PO-0002930,MAT-SEAL,1016,each
MR-0006098,PO-0002931,MAT-PUMP-CAP,1167,each
MR-0006099,PO-0002931,MAT-CARTON,1124,each
MR-0006100,PO-0002932,MAT-LABEL,780,each
MR-0006101,PO-0002932,MAT-BULK-CREAM,61.72,litre
MR-0006102,PO-0002933,MAT-LABEL,779,each
MR-0006103,PO-0002933,MAT-BULK-CREAM,64.08,litre
MR-0006104,PO-0002934,MAT-SEAL,792,each
MR-0006105,PO-0002934,MAT-PUMP-CAP,802,each
MR-0006106,PO-0002935,MAT-SEAL,1235,each
MR-0006107,PO-0002935,MAT-PUMP-CAP,1240,each
MR-0006108,PO-0002936,MAT-PUMP-CAP,892,each
MR-0006109,PO-0002936,MAT-CARTON,861,each
MR-0006110,PO-0002937,MAT-CARTON,1221,each
MR-0006111,PO-0002937,MAT-LABEL,1214,each
MR-0006112,PO-0002938,MAT-BULK-CREAM,99.69,litre
MR-0006113,PO-0002938,MAT-SEAL,1286,each
MR-0006114,PO-0002939,MAT-CARTON,654,each
MR-0006115,PO-0002939,MAT-LABEL,658,each
MR-0006116,PO-0002940,MAT-SEAL,1078,each
MR-0006117,PO-0002940,MAT-PUMP-CAP,1103,each
MR-0006118,PO-0002941,MAT-PUMP-CAP,928,each
MR-0006119,PO-0002941,MAT-CARTON,923,each
MR-0006120,PO-0002942,MAT-SEAL,916,each
MR-0006121,PO-0002942,MAT-PUMP-CAP,909,each
MR-0006122,PO-0002943,MAT-LABEL,669,each
MR-0006123,PO-0002943,MAT-BULK-CREAM,53.82,litre
MR-0006124,PO-0002944,MAT-BULK-CREAM,64.95,litre
MR-0006125,PO-0002944,MAT-SEAL,836,each
MR-0006126,PO-0002945,MAT-SEAL,1011,each
MR-0006127,PO-0002945,MAT-PUMP-CAP,1044,each
MR-0006128,PO-0002946,MAT-BULK-CREAM,79.99,litre
MR-0006129,PO-0002946,MAT-SEAL,986,each
MR-0006130,PO-0002947,MAT-SEAL,704,each
MR-0006131,PO-0002947,MAT-PUMP-CAP,708,each
MR-0006132,PO-0002948,MAT-LABEL,618,each
MR-0006133,PO-0002948,MAT-BULK-CREAM,49.07,litre
MR-0006134,PO-0002949,MAT-BULK-CREAM,42.92,litre
MR-0006135,PO-0002949,MAT-SEAL,516,each
MR-0006136,PO-0002950,MAT-CARTON,890,each
MR-0006137,PO-0002950,MAT-LABEL,919,each
MR-0006138,PO-0002951,MAT-LABEL,1075,each
MR-0006139,PO-0002951,MAT-BULK-CREAM,84.93,litre
MR-0006140,PO-0002952,MAT-CARTON,885,each
MR-0006141,PO-0002952,MAT-LABEL,909,each
MR-0006142,PO-0002953,MAT-BULK-CREAM,53.17,litre
MR-0006143,PO-0002953,MAT-SEAL,667,each
MR-0006144,PO-0002954,MAT-SEAL,806,each
MR-0006145,PO-0002954,MAT-PUMP-CAP,788,each
MR-0006146,PO-0002955,MAT-SEAL,502,each
MR-0006147,PO-0002955,MAT-PUMP-CAP,511,each
MR-0006148,PO-0002956,MAT-PUMP-CAP,602,each
MR-0006149,PO-0002956,MAT-CARTON,580,each
MR-0006150,PO-0002957,MAT-CARTON,840,each
MR-0006151,PO-0002957,MAT-LABEL,823,each
MR-0006152,PO-0002958,MAT-LABEL,752,each
MR-0006153,PO-0002958,MAT-BULK-CREAM,58.9,litre
MR-0006154,PO-0002959,MAT-BULK-CREAM,58.26,litre
MR-0006155,PO-0002959,MAT-SEAL,723,each
MR-0006156,PO-0002960,MAT-SEAL,515,each
MR-0006157,PO-0002960,MAT-PUMP-CAP,520,each
MR-0006158,PO-0002961,MAT-PUMP-CAP,482,each
MR-0006159,PO-0002961,MAT-CARTON,475,each
MR-0006160,PO-0002962,MAT-BULK-CREAM,63.74,litre
MR-0006161,PO-0002962,MAT-SEAL,797,each
MR-0006162,PO-0002963,MAT-BULK-CREAM,55.76,litre
MR-0006163,PO-0002963,MAT-SEAL,701,each
MR-0006164,PO-0002964,MAT-BULK-CREAM,41.52,litre
MR-0006165,PO-0002964,MAT-SEAL,524,each
MR-0006166,PO-0002965,MAT-PUMP-CAP,457,each
MR-0006167,PO-0002965,MAT-CARTON,453,each
MR-0006168,PO-0002966,MAT-PUMP-CAP,482,each
MR-0006169,PO-0002966,MAT-CARTON,466,each
MR-0006170,PO-0002967,MAT-CARTON,836,each
MR-0006171,PO-0002967,MAT-LABEL,829,each
MR-0006172,PO-0002968,MAT-PUMP-CAP,697,each
MR-0006173,PO-0002968,MAT-CARTON,680,each
MR-0006174,PO-0002969,MAT-PUMP-CAP,920,each
MR-0006175,PO-0002969,MAT-CARTON,925,each
MR-0006176,PO-0002970,MAT-CARTON,1085,each
MR-0006177,PO-0002970,MAT-LABEL,1083,each
MR-0006178,PO-0002971,MAT-SEAL,824,each
MR-0006179,PO-0002971,MAT-PUMP-CAP,848,each
MR-0006180,PO-0002972,MAT-PUMP-CAP,666,each
MR-0006181,PO-0002972,MAT-CARTON,642,each
MR-0006182,PO-0002973,MAT-CARTON,784,each
MR-0006183,PO-0002973,MAT-LABEL,800,each
MR-0006184,PO-0002974,MAT-BULK-CREAM,49.4,litre
MR-0006185,PO-0002974,MAT-SEAL,621,each
MR-0006186,PO-0002975,MAT-BULK-CREAM,70.14,litre
MR-0006187,PO-0002975,MAT-SEAL,886,each
MR-0006188,PO-0002976,MAT-PUMP-CAP,555,each
MR-0006189,PO-0002976,MAT-CARTON,542,each
MR-0006190,PO-0002977,MAT-PUMP-CAP,1068,each
MR-0006191,PO-0002977,MAT-CARTON,1066,each
MR-0006192,PO-0002978,MAT-CARTON,810,each
MR-0006193,PO-0002978,MAT-LABEL,817,each
MR-0006194,PO-0002979,MAT-LABEL,883,each
MR-0006195,PO-0002979,MAT-BULK-CREAM,71.78,litre
MR-0006196,PO-0002980,MAT-BULK-CREAM,87.4,litre
MR-0006197,PO-0002980,MAT-SEAL,1106,each
MR-0006198,PO-0002981,MAT-SEAL,1023,each
MR-0006199,PO-0002981,MAT-PUMP-CAP,1027,each
MR-0006200,PO-0002982,MAT-PUMP-CAP,1308,each
MR-0006201,PO-0002982,MAT-CARTON,1303,each
MR-0006202,PO-0002983,MAT-LABEL,738,each
MR-0006203,PO-0002983,MAT-BULK-CREAM,62.84,litre
MR-0006204,PO-0002984,MAT-CARTON,1241,each
MR-0006205,PO-0002984,MAT-LABEL,1244,each
MR-0006206,PO-0002985,MAT-BULK-CREAM,75.63,litre
MR-0006207,PO-0002985,MAT-SEAL,929,each
MR-0006208,PO-0002986,MAT-SEAL,1107,each
MR-0006209,PO-0002986,MAT-PUMP-CAP,1135,each
MR-0006210,PO-0002987,MAT-PUMP-CAP,1095,each
MR-0006211,PO-0002987,MAT-CARTON,1068,each
MR-0006212,PO-0002988,MAT-CARTON,1437,each
MR-0006213,PO-0002988,MAT-LABEL,1411,each
MR-0006214,PO-0002988,MAT-BULK-CREAM,110.77,litre
MR-0006215,PO-0002989,MAT-LABEL,813,each
MR-0006216,PO-0002989,MAT-BULK-CREAM,66.91,litre
MR-0006217,PO-0002990,MAT-BULK-CREAM,86.6,litre
MR-0006218,PO-0002990,MAT-SEAL,1077,each
MR-0006219,PO-0002991,MAT-SEAL,1141,each
MR-0006220,PO-0002991,MAT-PUMP-CAP,1160,each
MR-0006221,PO-0002992,MAT-CARTON,1192,each
MR-0006222,PO-0002992,MAT-LABEL,1206,each
MR-0006223,PO-0002993,MAT-CARTON,1238,each
MR-0006224,PO-0002993,MAT-LABEL,1265,each
MR-0006225,PO-0002994,MAT-LABEL,1187,each
MR-0006226,PO-0002994,MAT-BULK-CREAM,96.46,litre
MR-0006227,PO-0002995,MAT-BULK-CREAM,58.35,litre
MR-0006228,PO-0002995,MAT-SEAL,755,each
MR-0006229,PO-0002996,MAT-PUMP-CAP,1052,each
MR-0006230,PO-0002996,MAT-CARTON,1062,each
MR-0006231,PO-0002997,MAT-BULK-CREAM,109.89,litre
MR-0006232,PO-0002997,MAT-SEAL,1415,each
MR-0006233,PO-0002998,MAT-LABEL,712,each
MR-0006234,PO-0002998,MAT-BULK-CREAM,56.85,litre
MR-0006235,PO-0002999,MAT-BULK-CREAM,101.18,litre
MR-0006236,PO-0002999,MAT-SEAL,1271,each
MR-0006237,PO-0003000,MAT-SEAL,981,each
MR-0006238,PO-0003000,MAT-PUMP-CAP,1023,each
MR-0006239,PO-0003001,MAT-LABEL,1211,each
MR-0006240,PO-0003001,MAT-BULK-CREAM,98.51,litre
MR-0006241,PO-0003002,MAT-LABEL,1078,each
MR-0006242,PO-0003002,MAT-BULK-CREAM,85.47,litre
MR-0006243,PO-0003003,MAT-PUMP-CAP,823,each
MR-0006244,PO-0003003,MAT-CARTON,778,each
MR-0006245,PO-0003004,MAT-PUMP-CAP,1262,each
MR-0006246,PO-0003004,MAT-CARTON,1271,each
MR-0006247,PO-0003005,MAT-LABEL,760,each
MR-0006248,PO-0003005,MAT-BULK-CREAM,60.23,litre
MR-0006249,PO-0003006,MAT-PUMP-CAP,1470,each
MR-0006250,PO-0003006,MAT-CARTON,1466,each
MR-0006251,PO-0003006,MAT-LABEL,1481,each
MR-0006252,PO-0003007,MAT-CARTON,1125,each
MR-0006253,PO-0003007,MAT-LABEL,1101,each
MR-0006254,PO-0003008,MAT-BULK-CREAM,118.47,litre
MR-0006255,PO-0003008,MAT-SEAL,1469,each
MR-0006256,PO-0003008,MAT-PUMP-CAP,1467,each
MR-0006257,PO-0003009,MAT-CARTON,745,each
MR-0006258,PO-0003009,MAT-LABEL,733,each
MR-0006259,PO-0003010,MAT-LABEL,710,each
MR-0006260,PO-0003010,MAT-BULK-CREAM,58.15,litre
MR-0006261,PO-0003011,MAT-CARTON,831,each
MR-0006262,PO-0003011,MAT-LABEL,828,each
MR-0006263,PO-0003012,MAT-SEAL,829,each
MR-0006264,PO-0003012,MAT-PUMP-CAP,852,each
MR-0006265,PO-0003013,MAT-BULK-CREAM,44.63,litre
MR-0006266,PO-0003013,MAT-SEAL,561,each
MR-0006267,PO-0003014,MAT-CARTON,935,each
MR-0006268,PO-0003014,MAT-LABEL,933,each
MR-0006269,PO-0003015,MAT-PUMP-CAP,560,each
MR-0006270,PO-0003015,MAT-CARTON,538,each
MR-0006271,PO-0003016,MAT-BULK-CREAM,48.62,litre
MR-0006272,PO-0003016,MAT-SEAL,607,each
MR-0006273,PO-0003017,MAT-CARTON,498,each
MR-0006274,PO-0003017,MAT-LABEL,499,each
MR-0006275,PO-0003018,MAT-PUMP-CAP,1058,each
MR-0006276,PO-0003018,MAT-CARTON,1065,each
MR-0006277,PO-0003019,MAT-PUMP-CAP,853,each
MR-0006278,PO-0003019,MAT-CARTON,867,each
MR-0006279,PO-0003020,MAT-BULK-CREAM,55.31,litre
MR-0006280,PO-0003020,MAT-SEAL,707,each
MR-0006281,PO-0003021,MAT-PUMP-CAP,839,each
MR-0006282,PO-0003021,MAT-CARTON,829,each
MR-0006283,PO-0003022,MAT-CARTON,802,each
MR-0006284,PO-0003022,MAT-LABEL,821,each
MR-0006285,PO-0003023,MAT-LABEL,808,each
MR-0006286,PO-0003023,MAT-BULK-CREAM,62.1,litre
MR-0006287,PO-0003024,MAT-SEAL,705,each
MR-0006288,PO-0003024,MAT-PUMP-CAP,689,each
MR-0006289,PO-0003025,MAT-LABEL,781,each
MR-0006290,PO-0003025,MAT-BULK-CREAM,63.43,litre
MR-0006291,PO-0003026,MAT-PUMP-CAP,476,each
MR-0006292,PO-0003026,MAT-CARTON,476,each
MR-0006293,PO-0003027,MAT-LABEL,548,each
MR-0006294,PO-0003027,MAT-BULK-CREAM,44.5,litre
MR-0006295,PO-0003028,MAT-PUMP-CAP,560,each
MR-0006296,PO-0003028,MAT-CARTON,562,each
MR-0006297,PO-0003029,MAT-BULK-CREAM,64.83,litre
MR-0006298,PO-0003029,MAT-SEAL,791,each
MR-0006299,PO-0003030,MAT-LABEL,676,each
MR-0006300,PO-0003030,MAT-BULK-CREAM,53.87,litre
MR-0006301,PO-0003031,MAT-CARTON,582,each
MR-0006302,PO-0003031,MAT-LABEL,582,each
MR-0006303,PO-0003032,MAT-BULK-CREAM,36.07,litre
MR-0006304,PO-0003032,MAT-SEAL,457,each
MR-0006305,PO-0003033,MAT-LABEL,906,each
MR-0006306,PO-0003033,MAT-BULK-CREAM,72.49,litre
MR-0006307,PO-0003034,MAT-BULK-CREAM,34.11,litre
MR-0006308,PO-0003034,MAT-SEAL,432,each
MR-0006309,PO-0003035,MAT-BULK-CREAM,42.79,litre
MR-0006310,PO-0003035,MAT-SEAL,542,each
MR-0006311,PO-0003036,MAT-SEAL,625,each
MR-0006312,PO-0003036,MAT-PUMP-CAP,629,each
MR-0006313,PO-0003037,MAT-PUMP-CAP,746,each
MR-0006314,PO-0003037,MAT-CARTON,755,each
MR-0006315,PO-0003038,MAT-CARTON,630,each
MR-0006316,PO-0003038,MAT-LABEL,615,each
MR-0006317,PO-0003039,MAT-BULK-CREAM,40.19,litre
MR-0006318,PO-0003039,MAT-SEAL,496,each
MR-0006319,PO-0003040,MAT-SEAL,511,each
MR-0006320,PO-0003040,MAT-PUMP-CAP,516,each
MR-0006321,PO-0003041,MAT-SEAL,791,each
MR-0006322,PO-0003041,MAT-PUMP-CAP,813,each
MR-0006323,PO-0003042,MAT-PUMP-CAP,964,each
MR-0006324,PO-0003042,MAT-CARTON,967,each
MR-0006325,PO-0003043,MAT-CARTON,535,each
MR-0006326,PO-0003043,MAT-LABEL,525,each
MR-0006327,PO-0003044,MAT-LABEL,714,each
MR-0006328,PO-0003044,MAT-BULK-CREAM,54.94,litre
MR-0006329,PO-0003045,MAT-LABEL,1157,each
MR-0006330,PO-0003045,MAT-BULK-CREAM,93.47,litre
MR-0006331,PO-0003046,MAT-PUMP-CAP,1411,each
MR-0006332,PO-0003046,MAT-CARTON,1372,each
MR-0006333,PO-0003046,MAT-LABEL,1400,each
MR-0006334,PO-0003047,MAT-PUMP-CAP,951,each
MR-0006335,PO-0003047,MAT-CARTON,931,each
MR-0006336,PO-0003048,MAT-PUMP-CAP,839,each
MR-0006337,PO-0003048,MAT-CARTON,832,each
MR-0006338,PO-0003049,MAT-LABEL,1422,each
MR-0006339,PO-0003049,MAT-BULK-CREAM,117.64,litre
MR-0006340,PO-0003049,MAT-SEAL,1414,each
MR-0006341,PO-0003050,MAT-BULK-CREAM,125.32,litre
MR-0006342,PO-0003050,MAT-SEAL,1584,each
MR-0006343,PO-0003050,MAT-PUMP-CAP,1586,each
MR-0006344,PO-0003051,MAT-BULK-CREAM,64.25,litre
MR-0006345,PO-0003051,MAT-SEAL,809,each
MR-0006346,PO-0003052,MAT-CARTON,973,each
MR-0006347,PO-0003052,MAT-LABEL,968,each
MR-0006348,PO-0003053,MAT-LABEL,1429,each
MR-0006349,PO-0003053,MAT-BULK-CREAM,119.28,litre
MR-0006350,PO-0003053,MAT-SEAL,1485,each
MR-0006351,PO-0003054,MAT-LABEL,1351,each
MR-0006352,PO-0003054,MAT-BULK-CREAM,105.69,litre
MR-0006353,PO-0003055,MAT-CARTON,1559,each
MR-0006354,PO-0003055,MAT-LABEL,1533,each
MR-0006355,PO-0003055,MAT-BULK-CREAM,121.87,litre
MR-0006356,PO-0003056,MAT-SEAL,1107,each
MR-0006357,PO-0003056,MAT-PUMP-CAP,1118,each
MR-0006358,PO-0003057,MAT-CARTON,934,each
MR-0006359,PO-0003057,MAT-LABEL,930,each
MR-0006360,PO-0003058,MAT-SEAL,1002,each
MR-0006361,PO-0003058,MAT-PUMP-CAP,1003,each
MR-0006362,PO-0003059,MAT-LABEL,1178,each
MR-0006363,PO-0003059,MAT-BULK-CREAM,93.33,litre
MR-0006364,PO-0003060,MAT-BULK-CREAM,104.76,litre
MR-0006365,PO-0003060,MAT-SEAL,1239,each
MR-0006366,PO-0003061,MAT-PUMP-CAP,861,each
MR-0006367,PO-0003061,MAT-CARTON,843,each
MR-0006368,PO-0003062,MAT-LABEL,1059,each
MR-0006369,PO-0003062,MAT-BULK-CREAM,87.15,litre
MR-0006370,PO-0003063,MAT-LABEL,655,each
MR-0006371,PO-0003063,MAT-BULK-CREAM,51.4,litre
MR-0006372,PO-0003064,MAT-PUMP-CAP,1363,each
MR-0006373,PO-0003064,MAT-CARTON,1339,each
MR-0006374,PO-0003065,MAT-SEAL,643,each
MR-0006375,PO-0003065,MAT-PUMP-CAP,661,each
MR-0006376,PO-0003066,MAT-PUMP-CAP,993,each
MR-0006377,PO-0003066,MAT-CARTON,1012,each
MR-0006378,PO-0003067,MAT-CARTON,900,each
MR-0006379,PO-0003067,MAT-LABEL,888,each
MR-0006380,PO-0003068,MAT-BULK-CREAM,115.58,litre
MR-0006381,PO-0003068,MAT-SEAL,1438,each
MR-0006382,PO-0003068,MAT-PUMP-CAP,1451,each
MR-0006383,PO-0003069,MAT-LABEL,647,each
MR-0006384,PO-0003069,MAT-BULK-CREAM,50.3,litre
MR-0006385,PO-0003070,MAT-SEAL,1376,each
MR-0006386,PO-0003070,MAT-PUMP-CAP,1408,each
MR-0006387,PO-0003071,MAT-LABEL,934,each
MR-0006388,PO-0003071,MAT-BULK-CREAM,74.19,litre
MR-0006389,PO-0003072,MAT-LABEL,650,each
MR-0006390,PO-0003072,MAT-BULK-CREAM,51.31,litre
MR-0006391,PO-0003073,MAT-SEAL,1283,each
MR-0006392,PO-0003073,MAT-PUMP-CAP,1302,each
MR-0006393,PO-0003074,MAT-BULK-CREAM,103.71,litre
MR-0006394,PO-0003074,MAT-SEAL,1264,each
MR-0006395,PO-0003075,MAT-SEAL,1427,each
MR-0006396,PO-0003075,MAT-PUMP-CAP,1455,each
MR-0006397,PO-0003075,MAT-CARTON,1421,each
MR-0006398,PO-0003076,MAT-BULK-CREAM,51.38,litre
MR-0006399,PO-0003076,MAT-SEAL,640,each
MR-0006400,PO-0003077,MAT-LABEL,1084,each
MR-0006401,PO-0003077,MAT-BULK-CREAM,86.3,litre
MR-0006402,PO-0003078,MAT-LABEL,1090,each
MR-0006403,PO-0003078,MAT-BULK-CREAM,87.1,litre
MR-0006404,PO-0003079,MAT-PUMP-CAP,951,each
MR-0006405,PO-0003079,MAT-CARTON,934,each
MR-0006406,PO-0003080,MAT-SEAL,641,each
MR-0006407,PO-0003080,MAT-PUMP-CAP,664,each
MR-0006408,PO-0003081,MAT-PUMP-CAP,599,each
MR-0006409,PO-0003081,MAT-CARTON,596,each
MR-0006410,PO-0003082,MAT-BULK-CREAM,70.48,litre
MR-0006411,PO-0003082,MAT-SEAL,871,each
MR-0006412,PO-0003083,MAT-BULK-CREAM,48.79,litre
MR-0006413,PO-0003083,MAT-SEAL,616,each
MR-0006414,PO-0003084,MAT-BULK-CREAM,57.44,litre
MR-0006415,PO-0003084,MAT-SEAL,710,each
MR-0006416,PO-0003085,MAT-SEAL,719,each
MR-0006417,PO-0003085,MAT-PUMP-CAP,712,each
MR-0006418,PO-0003086,MAT-PUMP-CAP,502,each
MR-0006419,PO-0003086,MAT-CARTON,504,each
MR-0006420,PO-0003087,MAT-CARTON,764,each
MR-0006421,PO-0003087,MAT-LABEL,776,each
MR-0006422,PO-0003088,MAT-PUMP-CAP,544,each
MR-0006423,PO-0003088,MAT-CARTON,545,each
MR-0006424,PO-0003089,MAT-BULK-CREAM,58.04,litre
MR-0006425,PO-0003089,MAT-SEAL,731,each
MR-0006426,PO-0003090,MAT-SEAL,578,each
MR-0006427,PO-0003090,MAT-PUMP-CAP,605,each
MR-0006428,PO-0003091,MAT-SEAL,659,each
MR-0006429,PO-0003091,MAT-PUMP-CAP,681,each
MR-0006430,PO-0003092,MAT-CARTON,449,each
MR-0006431,PO-0003092,MAT-LABEL,450,each
MR-0006432,PO-0003093,MAT-PUMP-CAP,887,each
MR-0006433,PO-0003093,MAT-CARTON,891,each
MR-0006434,PO-0003094,MAT-BULK-CREAM,34.44,litre
MR-0006435,PO-0003094,MAT-SEAL,415,each
MR-0006436,PO-0003095,MAT-LABEL,597,each
MR-0006437,PO-0003095,MAT-BULK-CREAM,49.34,litre
MR-0006438,PO-0003096,MAT-LABEL,916,each
MR-0006439,PO-0003096,MAT-BULK-CREAM,75.78,litre
MR-0006440,PO-0003097,MAT-BULK-CREAM,35.7,litre
MR-0006441,PO-0003097,MAT-SEAL,459,each
MR-0006442,PO-0003098,MAT-LABEL,713,each
MR-0006443,PO-0003098,MAT-BULK-CREAM,55.96,litre
MR-0006444,PO-0003099,MAT-PUMP-CAP,945,each
MR-0006445,PO-0003099,MAT-CARTON,930,each
MR-0006446,PO-0003100,MAT-BULK-CREAM,77.05,litre
MR-0006447,PO-0003100,MAT-SEAL,938,each
MR-0006448,PO-0003101,MAT-SEAL,627,each
MR-0006449,PO-0003101,MAT-PUMP-CAP,650,each
MR-0006450,PO-0003102,MAT-PUMP-CAP,850,each
MR-0006451,PO-0003102,MAT-CARTON,841,each
MR-0006452,PO-0003103,MAT-CARTON,1087,each
MR-0006453,PO-0003103,MAT-LABEL,1068,each
MR-0006454,PO-0003104,MAT-SEAL,680,each
MR-0006455,PO-0003104,MAT-PUMP-CAP,674,each
MR-0006456,PO-0003105,MAT-BULK-CREAM,49.55,litre
MR-0006457,PO-0003105,MAT-SEAL,631,each
MR-0006458,PO-0003106,MAT-SEAL,831,each
MR-0006459,PO-0003106,MAT-PUMP-CAP,861,each
MR-0006460,PO-0003107,MAT-PUMP-CAP,785,each
MR-0006461,PO-0003107,MAT-CARTON,777,each
MR-0006462,PO-0003108,MAT-CARTON,1512,each
MR-0006463,PO-0003108,MAT-LABEL,1514,each
MR-0006464,PO-0003108,MAT-BULK-CREAM,121.74,litre
MR-0006465,PO-0003109,MAT-CARTON,1140,each
MR-0006466,PO-0003109,MAT-LABEL,1159,each
MR-0006467,PO-0003110,MAT-LABEL,703,each
MR-0006468,PO-0003110,MAT-BULK-CREAM,56.53,litre
MR-0006469,PO-0003111,MAT-PUMP-CAP,1580,each
MR-0006470,PO-0003111,MAT-CARTON,1574,each
MR-0006471,PO-0003111,MAT-LABEL,1579,each
MR-0006472,PO-0003112,MAT-PUMP-CAP,1244,each
MR-0006473,PO-0003112,MAT-CARTON,1215,each
MR-0006474,PO-0003113,MAT-CARTON,1333,each
MR-0006475,PO-0003113,MAT-LABEL,1350,each
MR-0006476,PO-0003114,MAT-BULK-CREAM,87.95,litre
MR-0006477,PO-0003114,MAT-SEAL,1092,each
MR-0006478,PO-0003115,MAT-SEAL,1362,each
MR-0006479,PO-0003115,MAT-PUMP-CAP,1370,each
MR-0006480,PO-0003116,MAT-CARTON,1368,each
MR-0006481,PO-0003116,MAT-LABEL,1297,each
MR-0006482,PO-0003117,MAT-PUMP-CAP,860,each
MR-0006483,PO-0003117,MAT-CARTON,854,each
MR-0006484,PO-0003118,MAT-LABEL,1394,each
MR-0006485,PO-0003118,MAT-BULK-CREAM,112.53,litre
MR-0006486,PO-0003118,MAT-SEAL,1423,each
MR-0006487,PO-0003119,MAT-PUMP-CAP,1126,each
MR-0006488,PO-0003119,MAT-CARTON,1093,each
MR-0006489,PO-0003120,MAT-BULK-CREAM,110.07,litre
MR-0006490,PO-0003120,MAT-SEAL,1434,each
MR-0006491,PO-0003120,MAT-PUMP-CAP,1404,each
MR-0006492,PO-0003121,MAT-SEAL,1303,each
MR-0006493,PO-0003121,MAT-PUMP-CAP,1339,each
MR-0006494,PO-0003122,MAT-PUMP-CAP,1609,each
MR-0006495,PO-0003122,MAT-CARTON,1559,each
MR-0006496,PO-0003122,MAT-LABEL,1549,each
MR-0006497,PO-0003123,MAT-CARTON,1284,each
MR-0006498,PO-0003123,MAT-LABEL,1242,each
MR-0006499,PO-0003124,MAT-CARTON,1379,each
MR-0006500,PO-0003124,MAT-LABEL,1436,each
MR-0006501,PO-0003124,MAT-BULK-CREAM,112.69,litre
MR-0006502,PO-0003125,MAT-LABEL,1420,each
MR-0006503,PO-0003125,MAT-BULK-CREAM,113.25,litre
MR-0006504,PO-0003125,MAT-SEAL,1427,each
MR-0006505,PO-0003126,MAT-BULK-CREAM,60.64,litre
MR-0006506,PO-0003126,MAT-SEAL,767,each
MR-0006507,PO-0003127,MAT-LABEL,1007,each
MR-0006508,PO-0003127,MAT-BULK-CREAM,80.73,litre
MR-0006509,PO-0003128,MAT-LABEL,852,each
MR-0006510,PO-0003128,MAT-BULK-CREAM,70.4,litre
MR-0006511,PO-0003129,MAT-CARTON,1054,each
MR-0006512,PO-0003129,MAT-LABEL,1040,each
MR-0006513,PO-0003130,MAT-SEAL,790,each
MR-0006514,PO-0003130,MAT-PUMP-CAP,791,each
MR-0006515,PO-0003131,MAT-PUMP-CAP,1034,each
MR-0006516,PO-0003131,MAT-CARTON,1059,each
MR-0006517,PO-0003132,MAT-SEAL,639,each
MR-0006518,PO-0003132,MAT-PUMP-CAP,660,each
MR-0006519,PO-0003133,MAT-LABEL,882,each
MR-0006520,PO-0003133,MAT-BULK-CREAM,70.97,litre
MR-0006521,PO-0003134,MAT-BULK-CREAM,66.74,litre
MR-0006522,PO-0003134,MAT-SEAL,829,each
MR-0006523,PO-0003135,MAT-SEAL,664,each
MR-0006524,PO-0003135,MAT-PUMP-CAP,699,each
MR-0006525,PO-0003136,MAT-BULK-CREAM,53.46,litre
MR-0006526,PO-0003136,MAT-SEAL,643,each
MR-0006527,PO-0003137,MAT-CARTON,808,each
MR-0006528,PO-0003137,MAT-LABEL,828,each
MR-0006529,PO-0003138,MAT-PUMP-CAP,751,each
MR-0006530,PO-0003138,MAT-CARTON,750,each
MR-0006531,PO-0003139,MAT-BULK-CREAM,103.42,litre
MR-0006532,PO-0003139,MAT-SEAL,1260,each
MR-0006533,PO-0003140,MAT-SEAL,1127,each
MR-0006534,PO-0003140,MAT-PUMP-CAP,1139,each
MR-0006535,PO-0003141,MAT-BULK-CREAM,75.58,litre
MR-0006536,PO-0003141,MAT-SEAL,951,each
MR-0006537,PO-0003142,MAT-SEAL,763,each
MR-0006538,PO-0003142,MAT-PUMP-CAP,763,each
MR-0006539,PO-0003143,MAT-PUMP-CAP,871,each
MR-0006540,PO-0003143,MAT-CARTON,873,each
MR-0006541,PO-0003144,MAT-SEAL,1122,each
MR-0006542,PO-0003144,MAT-PUMP-CAP,1109,each
MR-0006543,PO-0003145,MAT-CARTON,996,each
MR-0006544,PO-0003145,MAT-LABEL,943,each
MR-0006545,PO-0003146,MAT-CARTON,1164,each
MR-0006546,PO-0003146,MAT-LABEL,1160,each
MR-0006547,PO-0003147,MAT-BULK-CREAM,69.36,litre
MR-0006548,PO-0003147,MAT-SEAL,888,each
MR-0006549,PO-0003148,MAT-LABEL,488,each
MR-0006550,PO-0003148,MAT-BULK-CREAM,38.87,litre
MR-0006551,PO-0003149,MAT-BULK-CREAM,69.59,litre
MR-0006552,PO-0003149,MAT-SEAL,892,each
MR-0006553,PO-0003150,MAT-SEAL,517,each
MR-0006554,PO-0003150,MAT-PUMP-CAP,523,each
MR-0006555,PO-0003151,MAT-PUMP-CAP,632,each
MR-0006556,PO-0003151,MAT-CARTON,632,each
MR-0006557,PO-0003152,MAT-CARTON,615,each
MR-0006558,PO-0003152,MAT-LABEL,602,each
MR-0006559,PO-0003153,MAT-LABEL,506,each
MR-0006560,PO-0003153,MAT-BULK-CREAM,41.55,litre
MR-0006561,PO-0003154,MAT-BULK-CREAM,69.07,litre
MR-0006562,PO-0003154,MAT-SEAL,831,each
MR-0006563,PO-0003155,MAT-PUMP-CAP,862,each
MR-0006564,PO-0003155,MAT-CARTON,859,each
MR-0006565,PO-0003156,MAT-LABEL,682,each
MR-0006566,PO-0003156,MAT-BULK-CREAM,55.44,litre
MR-0006567,PO-0003157,MAT-CARTON,692,each
MR-0006568,PO-0003157,MAT-LABEL,695,each
MR-0006569,PO-0003158,MAT-LABEL,727,each
MR-0006570,PO-0003158,MAT-BULK-CREAM,59.64,litre
MR-0006571,PO-0003159,MAT-CARTON,570,each
MR-0006572,PO-0003159,MAT-LABEL,559,each
MR-0006573,PO-0003160,MAT-SEAL,748,each
MR-0006574,PO-0003160,MAT-PUMP-CAP,768,each
MR-0006575,PO-0003161,MAT-PUMP-CAP,731,each
MR-0006576,PO-0003161,MAT-CARTON,702,each
MR-0006577,PO-0003162,MAT-LABEL,437,each
MR-0006578,PO-0003162,MAT-BULK-CREAM,35.62,litre
MR-0006579,PO-0003163,MAT-SEAL,503,each
MR-0006580,PO-0003163,MAT-PUMP-CAP,493,each
MR-0006581,PO-0003164,MAT-LABEL,737,each
MR-0006582,PO-0003164,MAT-BULK-CREAM,59.37,litre
MR-0006583,PO-0003165,MAT-BULK-CREAM,58.86,litre
MR-0006584,PO-0003165,MAT-SEAL,725,each
MR-0006585,PO-0003166,MAT-SEAL,902,each
MR-0006586,PO-0003166,MAT-PUMP-CAP,935,each
MR-0006587,PO-0003167,MAT-PUMP-CAP,541,each
MR-0006588,PO-0003167,MAT-CARTON,525,each
MR-0006589,PO-0003168,MAT-CARTON,1128,each
MR-0006590,PO-0003168,MAT-LABEL,1097,each
MR-0006591,PO-0003169,MAT-LABEL,1021,each
MR-0006592,PO-0003169,MAT-BULK-CREAM,79.36,litre
MR-0006593,PO-0003170,MAT-BULK-CREAM,76.04,litre
MR-0006594,PO-0003170,MAT-SEAL,932,each
MR-0006595,PO-0003171,MAT-SEAL,669,each
MR-0006596,PO-0003171,MAT-PUMP-CAP,663,each
MR-0006597,PO-0003172,MAT-BULK-CREAM,123.03,litre
MR-0006598,PO-0003172,MAT-SEAL,1545,each
MR-0006599,PO-0003172,MAT-PUMP-CAP,1573,each
MR-0006600,PO-0003173,MAT-CARTON,1559,each
MR-0006601,PO-0003173,MAT-LABEL,1536,each
MR-0006602,PO-0003173,MAT-BULK-CREAM,121.12,litre
MR-0006603,PO-0003174,MAT-LABEL,1035,each
MR-0006604,PO-0003174,MAT-BULK-CREAM,80.44,litre
MR-0006605,PO-0003175,MAT-BULK-CREAM,97.56,litre
MR-0006606,PO-0003175,MAT-SEAL,1197,each
MR-0006607,PO-0003176,MAT-PUMP-CAP,988,each
MR-0006608,PO-0003176,MAT-CARTON,965,each
MR-0006609,PO-0003177,MAT-PUMP-CAP,1089,each
MR-0006610,PO-0003177,MAT-CARTON,1071,each
MR-0006611,PO-0003178,MAT-CARTON,1480,each
MR-0006612,PO-0003178,MAT-LABEL,1488,each
MR-0006613,PO-0003178,MAT-BULK-CREAM,119.44,litre
MR-0006614,PO-0003179,MAT-LABEL,1219,each
MR-0006615,PO-0003179,MAT-BULK-CREAM,100.08,litre
MR-0006616,PO-0003180,MAT-SEAL,1070,each
MR-0006617,PO-0003180,MAT-PUMP-CAP,1093,each
MR-0006618,PO-0003181,MAT-SEAL,1236,each
MR-0006619,PO-0003181,MAT-PUMP-CAP,1253,each
MR-0006620,PO-0003182,MAT-PUMP-CAP,973,each
MR-0006621,PO-0003182,MAT-CARTON,986,each
MR-0006622,PO-0003183,MAT-CARTON,717,each
MR-0006623,PO-0003183,MAT-LABEL,703,each
MR-0006624,PO-0003184,MAT-LABEL,1418,each
MR-0006625,PO-0003184,MAT-BULK-CREAM,114.14,litre
MR-0006626,PO-0003184,MAT-SEAL,1443,each
MR-0006627,PO-0003185,MAT-SEAL,1544,each
MR-0006628,PO-0003185,MAT-PUMP-CAP,1558,each
MR-0006629,PO-0003185,MAT-CARTON,1523,each
MR-0006630,PO-0003186,MAT-SEAL,1088,each
MR-0006631,PO-0003186,MAT-PUMP-CAP,1119,each
MR-0006632,PO-0003187,MAT-PUMP-CAP,1241,each
MR-0006633,PO-0003187,MAT-CARTON,1271,each
MR-0006634,PO-0003188,MAT-PUMP-CAP,1189,each
MR-0006635,PO-0003188,MAT-CARTON,1170,each
MR-0006636,PO-0003189,MAT-SEAL,776,each
MR-0006637,PO-0003189,MAT-PUMP-CAP,790,each
MR-0006638,PO-0003190,MAT-SEAL,1285,each
MR-0006639,PO-0003190,MAT-PUMP-CAP,1286,each
MR-0006640,PO-0003191,MAT-PUMP-CAP,897,each
MR-0006641,PO-0003191,MAT-CARTON,884,each
MR-0006642,PO-0003192,MAT-CARTON,671,each
MR-0006643,PO-0003192,MAT-LABEL,665,each
MR-0006644,PO-0003193,MAT-LABEL,919,each
MR-0006645,PO-0003193,MAT-BULK-CREAM,71.71,litre
MR-0006646,PO-0003194,MAT-SEAL,1025,each
MR-0006647,PO-0003194,MAT-PUMP-CAP,1023,each
MR-0006648,PO-0003195,MAT-SEAL,1283,each
MR-0006649,PO-0003195,MAT-PUMP-CAP,1294,each
MR-0006650,PO-0003196,MAT-LABEL,747,each
MR-0006651,PO-0003196,MAT-BULK-CREAM,58.4,litre
MR-0006652,PO-0003197,MAT-SEAL,1148,each
MR-0006653,PO-0003197,MAT-PUMP-CAP,1156,each
MR-0006654,PO-0003198,MAT-LABEL,1458,each
MR-0006655,PO-0003198,MAT-BULK-CREAM,117.78,litre
MR-0006656,PO-0003198,MAT-SEAL,1440,each
MR-0006657,PO-0003199,MAT-BULK-CREAM,91.8,litre
MR-0006658,PO-0003199,MAT-SEAL,1170,each
MR-0006659,PO-0003200,MAT-CARTON,1271,each
MR-0006660,PO-0003200,MAT-LABEL,1266,each
MR-0006661,PO-0003201,MAT-PUMP-CAP,766,each
MR-0006662,PO-0003201,MAT-CARTON,734,each
MR-0006663,PO-0003202,MAT-SEAL,999,each
MR-0006664,PO-0003202,MAT-PUMP-CAP,1005,each
MR-0006665,PO-0003203,MAT-BULK-CREAM,88.03,litre
MR-0006666,PO-0003203,MAT-SEAL,1117,each
MR-0006667,PO-0003204,MAT-BULK-CREAM,70.74,litre
MR-0006668,PO-0003204,MAT-SEAL,912,each
MR-0006669,PO-0003205,MAT-LABEL,562,each
MR-0006670,PO-0003205,MAT-BULK-CREAM,45.52,litre
MR-0006671,PO-0003206,MAT-LABEL,1172,each
MR-0006672,PO-0003206,MAT-BULK-CREAM,91.01,litre
MR-0006673,PO-0003207,MAT-BULK-CREAM,87.38,litre
MR-0006674,PO-0003207,MAT-SEAL,1049,each
MR-0006675,PO-0003208,MAT-SEAL,1187,each
MR-0006676,PO-0003208,MAT-PUMP-CAP,1229,each
MR-0006677,PO-0003209,MAT-PUMP-CAP,1099,each
MR-0006678,PO-0003209,MAT-CARTON,1087,each
MR-0006679,PO-0003210,MAT-CARTON,597,each
MR-0006680,PO-0003210,MAT-LABEL,572,each
MR-0006681,PO-0003211,MAT-BULK-CREAM,72.03,litre
MR-0006682,PO-0003211,MAT-SEAL,891,each
MR-0006683,PO-0003212,MAT-CARTON,418,each
MR-0006684,PO-0003212,MAT-LABEL,425,each
MR-0006685,PO-0003213,MAT-LABEL,592,each
MR-0006686,PO-0003213,MAT-BULK-CREAM,47.02,litre
MR-0006687,PO-0003214,MAT-BULK-CREAM,46.65,litre
MR-0006688,PO-0003214,MAT-SEAL,567,each
MR-0006689,PO-0003215,MAT-SEAL,642,each
MR-0006690,PO-0003215,MAT-PUMP-CAP,676,each
MR-0006691,PO-0003216,MAT-CARTON,769,each
MR-0006692,PO-0003216,MAT-LABEL,771,each
MR-0006693,PO-0003217,MAT-CARTON,884,each
MR-0006694,PO-0003217,MAT-LABEL,874,each
MR-0006695,PO-0003218,MAT-LABEL,544,each
MR-0006696,PO-0003218,MAT-BULK-CREAM,43.71,litre
MR-0006697,PO-0003219,MAT-PUMP-CAP,776,each
MR-0006698,PO-0003219,MAT-CARTON,787,each
MR-0006699,PO-0003220,MAT-SEAL,847,each
MR-0006700,PO-0003220,MAT-PUMP-CAP,887,each
MR-0006701,PO-0003221,MAT-LABEL,787,each
MR-0006702,PO-0003221,MAT-BULK-CREAM,63.99,litre
MR-0006703,PO-0003222,MAT-LABEL,449,each
MR-0006704,PO-0003222,MAT-BULK-CREAM,34.42,litre
MR-0006705,PO-0003223,MAT-BULK-CREAM,39.91,litre
MR-0006706,PO-0003223,MAT-SEAL,488,each
MR-0006707,PO-0003224,MAT-SEAL,771,each
MR-0006708,PO-0003224,MAT-PUMP-CAP,773,each
MR-0006709,PO-0003225,MAT-LABEL,655,each
MR-0006710,PO-0003225,MAT-BULK-CREAM,53.83,litre
MR-0006711,PO-0003226,MAT-PUMP-CAP,711,each
MR-0006712,PO-0003226,MAT-CARTON,722,each
MR-0006713,PO-0003227,MAT-PUMP-CAP,1095,each
MR-0006714,PO-0003227,MAT-CARTON,1078,each
MR-0006715,PO-0003228,MAT-BULK-CREAM,63.26,litre
MR-0006716,PO-0003228,MAT-SEAL,800,each
MR-0006717,PO-0003229,MAT-LABEL,984,each
MR-0006718,PO-0003229,MAT-BULK-CREAM,78.42,litre
MR-0006719,PO-0003230,MAT-SEAL,782,each
MR-0006720,PO-0003230,MAT-PUMP-CAP,804,each
MR-0006721,PO-0003231,MAT-SEAL,763,each
MR-0006722,PO-0003231,MAT-PUMP-CAP,815,each
MR-0006723,PO-0003232,MAT-PUMP-CAP,638,each
MR-0006724,PO-0003232,MAT-CARTON,625,each
MR-0006725,PO-0003233,MAT-CARTON,997,each
MR-0006726,PO-0003233,MAT-LABEL,993,each
MR-0006727,PO-0003234,MAT-LABEL,572,each
MR-0006728,PO-0003234,MAT-BULK-CREAM,44.67,litre
MR-0006729,PO-0003235,MAT-SEAL,808,each
MR-0006730,PO-0003235,MAT-PUMP-CAP,811,each
MR-0006731,PO-0003236,MAT-PUMP-CAP,886,each
MR-0006732,PO-0003236,MAT-CARTON,844,each
MR-0006733,PO-0003237,MAT-PUMP-CAP,1368,each
MR-0006734,PO-0003237,MAT-CARTON,1338,each
MR-0006735,PO-0003238,MAT-CARTON,1547,each
MR-0006736,PO-0003238,MAT-LABEL,1502,each
MR-0006737,PO-0003238,MAT-BULK-CREAM,121.66,litre
MR-0006738,PO-0003239,MAT-LABEL,1074,each
MR-0006739,PO-0003239,MAT-BULK-CREAM,82.52,litre
MR-0006740,PO-0003240,MAT-SEAL,1472,each
MR-0006741,PO-0003240,MAT-PUMP-CAP,1497,each
MR-0006742,PO-0003240,MAT-CARTON,1420,each
MR-0006743,PO-0003241,MAT-PUMP-CAP,1046,each
MR-0006744,PO-0003241,MAT-CARTON,1050,each
MR-0006745,PO-0003242,MAT-PUMP-CAP,1515,each
MR-0006746,PO-0003242,MAT-CARTON,1454,each
MR-0006747,PO-0003242,MAT-LABEL,1467,each
MR-0006748,PO-0003243,MAT-CARTON,968,each
MR-0006749,PO-0003243,MAT-LABEL,968,each
MR-0006750,PO-0003244,MAT-LABEL,1373,each
MR-0006751,PO-0003244,MAT-BULK-CREAM,111.39,litre
MR-0006752,PO-0003245,MAT-PUMP-CAP,1443,each
MR-0006753,PO-0003245,MAT-CARTON,1472,each
MR-0006754,PO-0003245,MAT-LABEL,1487,each
MR-0006755,PO-0003246,MAT-SEAL,1059,each
MR-0006756,PO-0003246,MAT-PUMP-CAP,1118,each
MR-0006757,PO-0003247,MAT-CARTON,1117,each
MR-0006758,PO-0003247,MAT-LABEL,1139,each
MR-0006759,PO-0003248,MAT-CARTON,1401,each
MR-0006760,PO-0003248,MAT-LABEL,1399,each
MR-0006761,PO-0003248,MAT-BULK-CREAM,110.22,litre
MR-0006762,PO-0003249,MAT-LABEL,1304,each
MR-0006763,PO-0003249,MAT-BULK-CREAM,109,litre
MR-0006764,PO-0003250,MAT-PUMP-CAP,1193,each
MR-0006765,PO-0003250,MAT-CARTON,1183,each
MR-0006766,PO-0003251,MAT-SEAL,944,each
MR-0006767,PO-0003251,MAT-PUMP-CAP,921,each
MR-0006768,PO-0003252,MAT-PUMP-CAP,1044,each
MR-0006769,PO-0003252,MAT-CARTON,1036,each
MR-0006770,PO-0003253,MAT-CARTON,869,each
MR-0006771,PO-0003253,MAT-LABEL,860,each
MR-0006772,PO-0003254,MAT-BULK-CREAM,113.75,litre
MR-0006773,PO-0003254,MAT-SEAL,1415,each
MR-0006774,PO-0003254,MAT-PUMP-CAP,1431,each
MR-0006775,PO-0003255,MAT-SEAL,920,each
MR-0006776,PO-0003255,MAT-PUMP-CAP,940,each
MR-0006777,PO-0003256,MAT-PUMP-CAP,1182,each
MR-0006778,PO-0003256,MAT-CARTON,1187,each
MR-0006779,PO-0003257,MAT-CARTON,821,each
MR-0006780,PO-0003257,MAT-LABEL,806,each
MR-0006781,PO-0003258,MAT-LABEL,1434,each
MR-0006782,PO-0003258,MAT-BULK-CREAM,115.69,litre
MR-0006783,PO-0003258,MAT-SEAL,1438,each
MR-0006784,PO-0003259,MAT-BULK-CREAM,114.21,litre
MR-0006785,PO-0003259,MAT-SEAL,1429,each
MR-0006786,PO-0003259,MAT-PUMP-CAP,1458,each
MR-0006787,PO-0003260,MAT-SEAL,864,each
MR-0006788,PO-0003260,MAT-PUMP-CAP,883,each
MR-0006789,PO-0003261,MAT-BULK-CREAM,107.84,litre
MR-0006790,PO-0003261,MAT-SEAL,1363,each
MR-0006791,PO-0003262,MAT-SEAL,959,each
MR-0006792,PO-0003262,MAT-PUMP-CAP,950,each
MR-0006793,PO-0003263,MAT-SEAL,1425,each
MR-0006794,PO-0003263,MAT-PUMP-CAP,1470,each
MR-0006795,PO-0003263,MAT-CARTON,1457,each
MR-0006796,PO-0003264,MAT-BULK-CREAM,105.66,litre
MR-0006797,PO-0003264,MAT-SEAL,1347,each
MR-0006798,PO-0003265,MAT-SEAL,1346,each
MR-0006799,PO-0003265,MAT-PUMP-CAP,1341,each
MR-0006800,PO-0003266,MAT-PUMP-CAP,1498,each
MR-0006801,PO-0003266,MAT-CARTON,1492,each
MR-0006802,PO-0003266,MAT-LABEL,1437,each
MR-0006803,PO-0003267,MAT-SEAL,1003,each
MR-0006804,PO-0003267,MAT-PUMP-CAP,1047,each
MR-0006805,PO-0003268,MAT-BULK-CREAM,82.04,litre
MR-0006806,PO-0003268,MAT-SEAL,1037,each
MR-0006807,PO-0003269,MAT-PUMP-CAP,1193,each
MR-0006808,PO-0003269,MAT-CARTON,1171,each
MR-0006809,PO-0003270,MAT-PUMP-CAP,972,each
MR-0006810,PO-0003270,MAT-CARTON,947,each
MR-0006811,PO-0003271,MAT-PUMP-CAP,861,each
MR-0006812,PO-0003271,MAT-CARTON,848,each
MR-0006813,PO-0003272,MAT-LABEL,589,each
MR-0006814,PO-0003272,MAT-BULK-CREAM,45.54,litre
MR-0006815,PO-0003273,MAT-SEAL,668,each
MR-0006816,PO-0003273,MAT-PUMP-CAP,696,each
MR-0006817,PO-0003274,MAT-SEAL,1017,each
MR-0006818,PO-0003274,MAT-PUMP-CAP,1026,each
MR-0006819,PO-0003275,MAT-LABEL,751,each
MR-0006820,PO-0003275,MAT-BULK-CREAM,58.92,litre
MR-0006821,PO-0003276,MAT-PUMP-CAP,810,each
MR-0006822,PO-0003276,MAT-CARTON,808,each
MR-0006823,PO-0003277,MAT-CARTON,886,each
MR-0006824,PO-0003277,MAT-LABEL,864,each
MR-0006825,PO-0003278,MAT-LABEL,892,each
MR-0006826,PO-0003278,MAT-BULK-CREAM,72.85,litre
MR-0006827,PO-0003279,MAT-BULK-CREAM,66.36,litre
MR-0006828,PO-0003279,MAT-SEAL,834,each
MR-0006829,PO-0003280,MAT-SEAL,387,each
MR-0006830,PO-0003280,MAT-PUMP-CAP,405,each
MR-0006831,PO-0003281,MAT-PUMP-CAP,701,each
MR-0006832,PO-0003281,MAT-CARTON,691,each
MR-0006833,PO-0003282,MAT-CARTON,874,each
MR-0006834,PO-0003282,MAT-LABEL,882,each
MR-0006835,PO-0003283,MAT-LABEL,615,each
MR-0006836,PO-0003283,MAT-BULK-CREAM,51.47,litre
MR-0006837,PO-0003284,MAT-CARTON,945,each
MR-0006838,PO-0003284,MAT-LABEL,917,each
MR-0006839,PO-0003285,MAT-PUMP-CAP,463,each
MR-0006840,PO-0003285,MAT-CARTON,447,each
MR-0006841,PO-0003286,MAT-LABEL,645,each
MR-0006842,PO-0003286,MAT-BULK-CREAM,52.97,litre
MR-0006843,PO-0003287,MAT-CARTON,629,each
MR-0006844,PO-0003287,MAT-LABEL,627,each
MR-0006845,PO-0003288,MAT-LABEL,671,each
MR-0006846,PO-0003288,MAT-BULK-CREAM,54.89,litre
MR-0006847,PO-0003289,MAT-BULK-CREAM,68.52,litre
MR-0006848,PO-0003289,MAT-SEAL,805,each
MR-0006849,PO-0003290,MAT-SEAL,583,each
MR-0006850,PO-0003290,MAT-PUMP-CAP,610,each
MR-0006851,PO-0003291,MAT-PUMP-CAP,782,each
MR-0006852,PO-0003291,MAT-CARTON,741,each
MR-0006853,PO-0003292,MAT-CARTON,1087,each
MR-0006854,PO-0003292,MAT-LABEL,1072,each
MR-0006855,PO-0003293,MAT-CARTON,577,each
MR-0006856,PO-0003293,MAT-LABEL,580,each
MR-0006857,PO-0003294,MAT-SEAL,954,each
MR-0006858,PO-0003294,MAT-PUMP-CAP,988,each
MR-0006859,PO-0003295,MAT-CARTON,977,each
MR-0006860,PO-0003295,MAT-LABEL,949,each
MR-0006861,PO-0003296,MAT-PUMP-CAP,763,each
MR-0006862,PO-0003296,MAT-CARTON,768,each
MR-0006863,PO-0003297,MAT-PUMP-CAP,614,each
MR-0006864,PO-0003297,MAT-CARTON,618,each
MR-0006865,PO-0003298,MAT-CARTON,560,each
MR-0006866,PO-0003298,MAT-LABEL,569,each
MR-0006867,PO-0003299,MAT-LABEL,850,each
MR-0006868,PO-0003299,MAT-BULK-CREAM,67.19,litre
MR-0006869,PO-0003300,MAT-BULK-CREAM,60.9,litre
MR-0006870,PO-0003300,MAT-SEAL,765,each
MR-0006871,PO-0003301,MAT-SEAL,644,each
MR-0006872,PO-0003301,MAT-PUMP-CAP,683,each
MR-0006873,PO-0003302,MAT-PUMP-CAP,718,each
MR-0006874,PO-0003302,MAT-CARTON,718,each
MR-0006875,PO-0003303,MAT-CARTON,1029,each
MR-0006876,PO-0003303,MAT-LABEL,1051,each
MR-0006877,PO-0003304,MAT-BULK-CREAM,66.07,litre
MR-0006878,PO-0003304,MAT-SEAL,832,each
MR-0006879,PO-0003305,MAT-BULK-CREAM,86.49,litre
MR-0006880,PO-0003305,MAT-SEAL,1090,each
MR-0006881,PO-0003306,MAT-CARTON,1100,each
MR-0006882,PO-0003306,MAT-LABEL,1107,each
MR-0006883,PO-0003307,MAT-PUMP-CAP,761,each
MR-0006884,PO-0003307,MAT-CARTON,764,each
MR-0006885,PO-0003308,MAT-SEAL,677,each
MR-0006886,PO-0003308,MAT-PUMP-CAP,673,each
MR-0006887,PO-0003309,MAT-LABEL,1457,each
MR-0006888,PO-0003309,MAT-BULK-CREAM,117.61,litre
MR-0006889,PO-0003309,MAT-SEAL,1486,each
MR-0006890,PO-0003310,MAT-SEAL,1460,each
MR-0006891,PO-0003310,MAT-PUMP-CAP,1459,each
MR-0006892,PO-0003310,MAT-CARTON,1470,each
MR-0006893,PO-0003311,MAT-CARTON,705,each
MR-0006894,PO-0003311,MAT-LABEL,686,each
MR-0006895,PO-0003312,MAT-PUMP-CAP,1186,each
MR-0006896,PO-0003312,MAT-CARTON,1174,each
MR-0006897,PO-0003313,MAT-CARTON,810,each
MR-0006898,PO-0003313,MAT-LABEL,820,each
MR-0006899,PO-0003314,MAT-LABEL,1125,each
MR-0006900,PO-0003314,MAT-BULK-CREAM,91.52,litre
MR-0006901,PO-0003315,MAT-SEAL,705,each
MR-0006902,PO-0003315,MAT-PUMP-CAP,726,each
MR-0006903,PO-0003316,MAT-PUMP-CAP,1084,each
MR-0006904,PO-0003316,MAT-CARTON,1071,each
MR-0006905,PO-0003317,MAT-PUMP-CAP,1331,each
MR-0006906,PO-0003317,MAT-CARTON,1362,each
MR-0006907,PO-0003318,MAT-CARTON,1166,each
MR-0006908,PO-0003318,MAT-LABEL,1129,each
MR-0006909,PO-0003319,MAT-BULK-CREAM,100.08,litre
MR-0006910,PO-0003319,MAT-SEAL,1271,each
MR-0006911,PO-0003320,MAT-LABEL,986,each
MR-0006912,PO-0003320,MAT-BULK-CREAM,77.7,litre
MR-0006913,PO-0003321,MAT-PUMP-CAP,631,each
MR-0006914,PO-0003321,MAT-CARTON,622,each
MR-0006915,PO-0003322,MAT-CARTON,962,each
MR-0006916,PO-0003322,MAT-LABEL,959,each
MR-0006917,PO-0003323,MAT-PUMP-CAP,1016,each
MR-0006918,PO-0003323,MAT-CARTON,992,each
MR-0006919,PO-0003324,MAT-PUMP-CAP,791,each
MR-0006920,PO-0003324,MAT-CARTON,801,each
MR-0006921,PO-0003325,MAT-SEAL,1033,each
MR-0006922,PO-0003325,MAT-PUMP-CAP,1081,each
MR-0006923,PO-0003326,MAT-LABEL,1112,each
MR-0006924,PO-0003326,MAT-BULK-CREAM,90.37,litre
MR-0006925,PO-0003327,MAT-CARTON,851,each
MR-0006926,PO-0003327,MAT-LABEL,835,each
MR-0006927,PO-0003328,MAT-LABEL,665,each
MR-0006928,PO-0003328,MAT-BULK-CREAM,54.36,litre
MR-0006929,PO-0003329,MAT-BULK-CREAM,50.36,litre
MR-0006930,PO-0003329,MAT-SEAL,656,each
MR-0006931,PO-0003330,MAT-SEAL,805,each
MR-0006932,PO-0003330,MAT-PUMP-CAP,810,each
MR-0006933,PO-0003331,MAT-PUMP-CAP,1028,each
MR-0006934,PO-0003331,MAT-CARTON,1021,each
MR-0006935,PO-0003332,MAT-CARTON,1342,each
MR-0006936,PO-0003332,MAT-LABEL,1345,each
MR-0006937,PO-0003333,MAT-PUMP-CAP,938,each
MR-0006938,PO-0003333,MAT-CARTON,900,each
MR-0006939,PO-0003334,MAT-BULK-CREAM,68.58,litre
MR-0006940,PO-0003334,MAT-SEAL,865,each
MR-0006941,PO-0003335,MAT-LABEL,1084,each
MR-0006942,PO-0003335,MAT-BULK-CREAM,85.93,litre
MR-0006943,PO-0003336,MAT-CARTON,577,each
MR-0006944,PO-0003336,MAT-LABEL,594,each
MR-0006945,PO-0003337,MAT-LABEL,942,each
MR-0006946,PO-0003337,MAT-BULK-CREAM,78.17,litre
MR-0006947,PO-0003338,MAT-SEAL,878,each
MR-0006948,PO-0003338,MAT-PUMP-CAP,916,each
MR-0006949,PO-0003339,MAT-BULK-CREAM,63.08,litre
MR-0006950,PO-0003339,MAT-SEAL,779,each
MR-0006951,PO-0003340,MAT-LABEL,773,each
MR-0006952,PO-0003340,MAT-BULK-CREAM,62.9,litre
MR-0006953,PO-0003341,MAT-PUMP-CAP,1016,each
MR-0006954,PO-0003341,MAT-CARTON,992,each
MR-0006955,PO-0003342,MAT-CARTON,1203,each
MR-0006956,PO-0003342,MAT-LABEL,1203,each
MR-0006957,PO-0003343,MAT-LABEL,495,each
MR-0006958,PO-0003343,MAT-BULK-CREAM,39.88,litre
MR-0006959,PO-0003344,MAT-BULK-CREAM,60.52,litre
MR-0006960,PO-0003344,MAT-SEAL,774,each
MR-0006961,PO-0003345,MAT-SEAL,807,each
MR-0006962,PO-0003345,MAT-PUMP-CAP,819,each
MR-0006963,PO-0003346,MAT-PUMP-CAP,918,each
MR-0006964,PO-0003346,MAT-CARTON,886,each
MR-0006965,PO-0003347,MAT-LABEL,734,each
MR-0006966,PO-0003347,MAT-BULK-CREAM,57.95,litre
MR-0006967,PO-0003348,MAT-PUMP-CAP,443,each
MR-0006968,PO-0003348,MAT-CARTON,437,each
MR-0006969,PO-0003349,MAT-BULK-CREAM,69.23,litre
MR-0006970,PO-0003349,MAT-SEAL,866,each
MR-0006971,PO-0003350,MAT-SEAL,760,each
MR-0006972,PO-0003350,MAT-PUMP-CAP,786,each
MR-0006973,PO-0003351,MAT-BULK-CREAM,67.74,litre
MR-0006974,PO-0003351,MAT-SEAL,846,each
MR-0006975,PO-0003352,MAT-SEAL,962,each
MR-0006976,PO-0003352,MAT-PUMP-CAP,977,each
MR-0006977,PO-0003353,MAT-BULK-CREAM,75.5,litre
MR-0006978,PO-0003353,MAT-SEAL,952,each
MR-0006979,PO-0003354,MAT-LABEL,648,each
MR-0006980,PO-0003354,MAT-BULK-CREAM,51.6,litre
MR-0006981,PO-0003355,MAT-CARTON,524,each
MR-0006982,PO-0003355,MAT-LABEL,504,each
MR-0006983,PO-0003356,MAT-PUMP-CAP,490,each
MR-0006984,PO-0003356,MAT-CARTON,464,each
MR-0006985,PO-0003357,MAT-BULK-CREAM,63.97,litre
MR-0006986,PO-0003357,MAT-SEAL,806,each
MR-0006987,PO-0003358,MAT-CARTON,656,each
MR-0006988,PO-0003358,MAT-LABEL,641,each
MR-0006989,PO-0003359,MAT-LABEL,1013,each
MR-0006990,PO-0003359,MAT-BULK-CREAM,79.95,litre
MR-0006991,PO-0003360,MAT-BULK-CREAM,57.07,litre
MR-0006992,PO-0003360,MAT-SEAL,723,each
MR-0006993,PO-0003361,MAT-SEAL,495,each
MR-0006994,PO-0003361,MAT-PUMP-CAP,519,each
MR-0006995,PO-0003362,MAT-PUMP-CAP,535,each
MR-0006996,PO-0003362,MAT-CARTON,510,each
MR-0006997,PO-0003363,MAT-CARTON,774,each
MR-0006998,PO-0003363,MAT-LABEL,785,each
MR-0006999,PO-0003364,MAT-LABEL,528,each
MR-0007000,PO-0003364,MAT-BULK-CREAM,43.08,litre
MR-0007001,PO-0003365,MAT-BULK-CREAM,78.02,litre
MR-0007002,PO-0003365,MAT-SEAL,986,each
MR-0007003,PO-0003366,MAT-PUMP-CAP,1005,each
MR-0007004,PO-0003366,MAT-CARTON,983,each
MR-0007005,PO-0003367,MAT-CARTON,1390,each
MR-0007006,PO-0003367,MAT-LABEL,1353,each
MR-0007007,PO-0003368,MAT-CARTON,806,each
MR-0007008,PO-0003368,MAT-LABEL,815,each
MR-0007009,PO-0003369,MAT-LABEL,1442,each
MR-0007010,PO-0003369,MAT-BULK-CREAM,115.86,litre
MR-0007011,PO-0003369,MAT-SEAL,1433,each
MR-0007012,PO-0003370,MAT-BULK-CREAM,87.65,litre
MR-0007013,PO-0003370,MAT-SEAL,1057,each
MR-0007014,PO-0003371,MAT-SEAL,1340,each
MR-0007015,PO-0003371,MAT-PUMP-CAP,1324,each
MR-0007016,PO-0003372,MAT-PUMP-CAP,928,each
MR-0007017,PO-0003372,MAT-CARTON,944,each
MR-0007018,PO-0003373,MAT-CARTON,816,each
MR-0007019,PO-0003373,MAT-LABEL,793,each
MR-0007020,PO-0003374,MAT-LABEL,741,each
MR-0007021,PO-0003374,MAT-BULK-CREAM,59.57,litre
MR-0007022,PO-0003375,MAT-SEAL,952,each
MR-0007023,PO-0003375,MAT-PUMP-CAP,964,each
MR-0007024,PO-0003376,MAT-SEAL,1090,each
MR-0007025,PO-0003376,MAT-PUMP-CAP,1100,each
MR-0007026,PO-0003377,MAT-SEAL,1016,each
MR-0007027,PO-0003377,MAT-PUMP-CAP,1052,each
MR-0007028,PO-0003378,MAT-CARTON,1238,each
MR-0007029,PO-0003378,MAT-LABEL,1202,each
MR-0007030,PO-0003379,MAT-LABEL,1065,each
MR-0007031,PO-0003379,MAT-BULK-CREAM,84.38,litre
MR-0007032,PO-0003380,MAT-BULK-CREAM,65.82,litre
MR-0007033,PO-0003380,MAT-SEAL,812,each
MR-0007034,PO-0003381,MAT-SEAL,718,each
MR-0007035,PO-0003381,MAT-PUMP-CAP,720,each
MR-0007036,PO-0003382,MAT-PUMP-CAP,1203,each
MR-0007037,PO-0003382,MAT-CARTON,1178,each
MR-0007038,PO-0003383,MAT-CARTON,820,each
MR-0007039,PO-0003383,MAT-LABEL,784,each
MR-0007040,PO-0003384,MAT-BULK-CREAM,60.76,litre
MR-0007041,PO-0003384,MAT-SEAL,749,each
MR-0007042,PO-0003385,MAT-SEAL,1050,each
MR-0007043,PO-0003385,MAT-PUMP-CAP,1096,each
MR-0007044,PO-0003386,MAT-PUMP-CAP,857,each
MR-0007045,PO-0003386,MAT-CARTON,838,each
MR-0007046,PO-0003387,MAT-BULK-CREAM,100.56,litre
MR-0007047,PO-0003387,MAT-SEAL,1235,each
MR-0007048,PO-0003388,MAT-PUMP-CAP,1104,each
MR-0007049,PO-0003388,MAT-CARTON,1106,each
MR-0007050,PO-0003389,MAT-BULK-CREAM,70.16,litre
MR-0007051,PO-0003389,MAT-SEAL,911,each
MR-0007052,PO-0003390,MAT-SEAL,1057,each
MR-0007053,PO-0003390,MAT-PUMP-CAP,1097,each
MR-0007054,PO-0003391,MAT-PUMP-CAP,738,each
MR-0007055,PO-0003391,MAT-CARTON,759,each
MR-0007056,PO-0003392,MAT-CARTON,715,each
MR-0007057,PO-0003392,MAT-LABEL,727,each
MR-0007058,PO-0003393,MAT-PUMP-CAP,1071,each
MR-0007059,PO-0003393,MAT-CARTON,1079,each
MR-0007060,PO-0003394,MAT-BULK-CREAM,53.89,litre
MR-0007061,PO-0003394,MAT-SEAL,679,each
MR-0007062,PO-0003395,MAT-SEAL,856,each
MR-0007063,PO-0003395,MAT-PUMP-CAP,855,each
MR-0007064,PO-0003396,MAT-PUMP-CAP,825,each
MR-0007065,PO-0003396,MAT-CARTON,820,each
MR-0007066,PO-0003397,MAT-CARTON,1128,each
MR-0007067,PO-0003397,MAT-LABEL,1143,each
MR-0007068,PO-0003398,MAT-PUMP-CAP,672,each
MR-0007069,PO-0003398,MAT-CARTON,671,each
MR-0007070,PO-0003399,MAT-BULK-CREAM,46.32,litre
MR-0007071,PO-0003399,MAT-SEAL,580,each
MR-0007072,PO-0003400,MAT-CARTON,586,each
MR-0007073,PO-0003400,MAT-LABEL,557,each
MR-0007074,PO-0003401,MAT-PUMP-CAP,897,each
MR-0007075,PO-0003401,MAT-CARTON,876,each
MR-0007076,PO-0003402,MAT-SEAL,947,each
MR-0007077,PO-0003402,MAT-PUMP-CAP,953,each
MR-0007078,PO-0003403,MAT-PUMP-CAP,637,each
MR-0007079,PO-0003403,MAT-CARTON,657,each
MR-0007080,PO-0003404,MAT-BULK-CREAM,73.8,litre
MR-0007081,PO-0003404,MAT-SEAL,926,each
MR-0007082,PO-0003405,MAT-PUMP-CAP,510,each
MR-0007083,PO-0003405,MAT-CARTON,496,each
MR-0007084,PO-0003406,MAT-PUMP-CAP,1134,each
MR-0007085,PO-0003406,MAT-CARTON,1105,each
MR-0007086,PO-0003407,MAT-LABEL,1077,each
MR-0007087,PO-0003407,MAT-BULK-CREAM,86.16,litre
MR-0007088,PO-0003408,MAT-CARTON,780,each
MR-0007089,PO-0003408,MAT-LABEL,734,each
MR-0007090,PO-0003409,MAT-PUMP-CAP,661,each
MR-0007091,PO-0003409,MAT-CARTON,642,each
MR-0007092,PO-0003410,MAT-SEAL,548,each
MR-0007093,PO-0003410,MAT-PUMP-CAP,569,each
MR-0007094,PO-0003411,MAT-PUMP-CAP,473,each
MR-0007095,PO-0003411,MAT-CARTON,460,each
MR-0007096,PO-0003412,MAT-CARTON,587,each
MR-0007097,PO-0003412,MAT-LABEL,593,each
MR-0007098,PO-0003413,MAT-LABEL,700,each
MR-0007099,PO-0003413,MAT-BULK-CREAM,56.88,litre
MR-0007100,PO-0003414,MAT-CARTON,652,each
MR-0007101,PO-0003414,MAT-LABEL,654,each
MR-0007102,PO-0003415,MAT-SEAL,977,each
MR-0007103,PO-0003415,MAT-PUMP-CAP,968,each
MR-0007104,PO-0003416,MAT-BULK-CREAM,37.39,litre
MR-0007105,PO-0003416,MAT-SEAL,474,each
MR-0007106,PO-0003417,MAT-LABEL,474,each
MR-0007107,PO-0003417,MAT-BULK-CREAM,37.58,litre
MR-0007108,PO-0003418,MAT-PUMP-CAP,502,each
MR-0007109,PO-0003418,MAT-CARTON,490,each
MR-0007110,PO-0003419,MAT-SEAL,737,each
MR-0007111,PO-0003419,MAT-PUMP-CAP,746,each
MR-0007112,PO-0003420,MAT-BULK-CREAM,52.42,litre
MR-0007113,PO-0003420,MAT-SEAL,644,each
MR-0007114,PO-0003421,MAT-PUMP-CAP,940,each
MR-0007115,PO-0003421,MAT-CARTON,941,each
MR-0007116,PO-0003422,MAT-SEAL,745,each
MR-0007117,PO-0003422,MAT-PUMP-CAP,738,each
MR-0007118,PO-0003423,MAT-CARTON,627,each
MR-0007119,PO-0003423,MAT-LABEL,622,each
MR-0007120,PO-0003424,MAT-BULK-CREAM,56.27,litre
MR-0007121,PO-0003424,MAT-SEAL,685,each
MR-0007122,PO-0003425,MAT-PUMP-CAP,813,each
MR-0007123,PO-0003425,MAT-CARTON,801,each
MR-0007124,PO-0003426,MAT-BULK-CREAM,60.59,litre
MR-0007125,PO-0003426,MAT-SEAL,745,each
MR-0007126,PO-0003427,MAT-PUMP-CAP,933,each
MR-0007127,PO-0003427,MAT-CARTON,913,each
MR-0007128,PO-0003428,MAT-CARTON,914,each
MR-0007129,PO-0003428,MAT-LABEL,908,each
MR-0007130,PO-0003429,MAT-CARTON,735,each
MR-0007131,PO-0003429,MAT-LABEL,729,each
MR-0007132,PO-0003430,MAT-BULK-CREAM,67.31,litre
MR-0007133,PO-0003430,MAT-SEAL,847,each
MR-0007134,PO-0003431,MAT-SEAL,856,each
MR-0007135,PO-0003431,MAT-PUMP-CAP,828,each
MR-0007136,PO-0003432,MAT-PUMP-CAP,1589,each
MR-0007137,PO-0003432,MAT-CARTON,1548,each
MR-0007138,PO-0003432,MAT-LABEL,1524,each
MR-0007139,PO-0003433,MAT-CARTON,1166,each
MR-0007140,PO-0003433,MAT-LABEL,1190,each
MR-0007141,PO-0003434,MAT-LABEL,1477,each
MR-0007142,PO-0003434,MAT-BULK-CREAM,111.78,litre
MR-0007143,PO-0003434,MAT-SEAL,1397,each
MR-0007144,PO-0003435,MAT-BULK-CREAM,86.38,litre
MR-0007145,PO-0003435,MAT-SEAL,1038,each
MR-0007146,PO-0003436,MAT-PUMP-CAP,1374,each
MR-0007147,PO-0003436,MAT-CARTON,1344,each
MR-0007148,PO-0003437,MAT-CARTON,1264,each
MR-0007149,PO-0003437,MAT-LABEL,1213,each
MR-0007150,PO-0003438,MAT-CARTON,1243,each
MR-0007151,PO-0003438,MAT-LABEL,1233,each
MR-0007152,PO-0003439,MAT-LABEL,1002,each
MR-0007153,PO-0003439,MAT-BULK-CREAM,81.58,litre
MR-0007154,PO-0003440,MAT-SEAL,1435,each
MR-0007155,PO-0003440,MAT-PUMP-CAP,1447,each
MR-0007156,PO-0003440,MAT-CARTON,1466,each
MR-0007157,PO-0003441,MAT-SEAL,764,each
MR-0007158,PO-0003441,MAT-PUMP-CAP,804,each
MR-0007159,PO-0003442,MAT-PUMP-CAP,1444,each
MR-0007160,PO-0003442,MAT-CARTON,1456,each
MR-0007161,PO-0003442,MAT-LABEL,1400,each
MR-0007162,PO-0003443,MAT-LABEL,1428,each
MR-0007163,PO-0003443,MAT-BULK-CREAM,110.69,litre
MR-0007164,PO-0003443,MAT-SEAL,1399,each
MR-0007165,PO-0003444,MAT-LABEL,903,each
MR-0007166,PO-0003444,MAT-BULK-CREAM,71.66,litre
MR-0007167,PO-0003445,MAT-SEAL,1260,each
MR-0007168,PO-0003445,MAT-PUMP-CAP,1299,each
MR-0007169,PO-0003446,MAT-PUMP-CAP,1500,each
MR-0007170,PO-0003446,MAT-CARTON,1490,each
MR-0007171,PO-0003446,MAT-LABEL,1473,each
MR-0007172,PO-0003447,MAT-CARTON,1328,each
MR-0007173,PO-0003447,MAT-LABEL,1355,each
MR-0007174,PO-0003448,MAT-CARTON,1081,each
MR-0007175,PO-0003448,MAT-LABEL,1106,each
MR-0007176,PO-0003449,MAT-CARTON,701,each
MR-0007177,PO-0003449,MAT-LABEL,714,each
MR-0007178,PO-0003450,MAT-SEAL,1284,each
MR-0007179,PO-0003450,MAT-PUMP-CAP,1294,each
MR-0007180,PO-0003451,MAT-PUMP-CAP,1110,each
MR-0007181,PO-0003451,MAT-CARTON,1108,each
MR-0007182,PO-0003452,MAT-CARTON,654,each
MR-0007183,PO-0003452,MAT-LABEL,654,each
MR-0007184,PO-0003453,MAT-LABEL,1309,each
MR-0007185,PO-0003453,MAT-BULK-CREAM,103.48,litre
MR-0007186,PO-0003454,MAT-BULK-CREAM,74.23,litre
MR-0007187,PO-0003454,MAT-SEAL,931,each
MR-0007188,PO-0003455,MAT-SEAL,957,each
MR-0007189,PO-0003455,MAT-PUMP-CAP,980,each
MR-0007190,PO-0003456,MAT-BULK-CREAM,59.03,litre
MR-0007191,PO-0003456,MAT-SEAL,736,each
MR-0007192,PO-0003457,MAT-CARTON,691,each
MR-0007193,PO-0003457,MAT-LABEL,694,each
MR-0007194,PO-0003458,MAT-LABEL,1300,each
MR-0007195,PO-0003458,MAT-BULK-CREAM,104.57,litre
MR-0007196,PO-0003459,MAT-BULK-CREAM,82.17,litre
MR-0007197,PO-0003459,MAT-SEAL,1015,each
MR-0007198,PO-0003460,MAT-SEAL,1422,each
MR-0007199,PO-0003460,MAT-PUMP-CAP,1448,each
MR-0007200,PO-0003460,MAT-CARTON,1391,each
MR-0007201,PO-0003461,MAT-BULK-CREAM,99.31,litre
MR-0007202,PO-0003461,MAT-SEAL,1266,each
MR-0007203,PO-0003462,MAT-CARTON,1256,each
MR-0007204,PO-0003462,MAT-LABEL,1267,each
MR-0007205,PO-0003463,MAT-LABEL,1036,each
MR-0007206,PO-0003463,MAT-BULK-CREAM,82.47,litre
MR-0007207,PO-0003464,MAT-CARTON,522,each
MR-0007208,PO-0003464,MAT-LABEL,501,each
MR-0007209,PO-0003465,MAT-CARTON,1037,each
MR-0007210,PO-0003465,MAT-LABEL,1034,each
MR-0007211,PO-0003466,MAT-LABEL,1039,each
MR-0007212,PO-0003466,MAT-BULK-CREAM,84.14,litre
MR-0007213,PO-0003467,MAT-CARTON,601,each
MR-0007214,PO-0003467,MAT-LABEL,601,each
MR-0007215,PO-0003468,MAT-SEAL,1025,each
MR-0007216,PO-0003468,MAT-PUMP-CAP,1042,each
MR-0007217,PO-0003469,MAT-PUMP-CAP,979,each
MR-0007218,PO-0003469,MAT-CARTON,948,each
MR-0007219,PO-0003470,MAT-LABEL,627,each
MR-0007220,PO-0003470,MAT-BULK-CREAM,51.67,litre
MR-0007221,PO-0003471,MAT-LABEL,1001,each
MR-0007222,PO-0003471,MAT-BULK-CREAM,82.2,litre
MR-0007223,PO-0003472,MAT-LABEL,922,each
MR-0007224,PO-0003472,MAT-BULK-CREAM,74.03,litre
MR-0007225,PO-0003473,MAT-LABEL,687,each
MR-0007226,PO-0003473,MAT-BULK-CREAM,53.3,litre
MR-0007227,PO-0003474,MAT-PUMP-CAP,626,each
MR-0007228,PO-0003474,MAT-CARTON,617,each
MR-0007229,PO-0003475,MAT-SEAL,480,each
MR-0007230,PO-0003475,MAT-PUMP-CAP,492,each
MR-0007231,PO-0003476,MAT-PUMP-CAP,877,each
MR-0007232,PO-0003476,MAT-CARTON,885,each
MR-0007233,PO-0003477,MAT-LABEL,756,each
MR-0007234,PO-0003477,MAT-BULK-CREAM,59.38,litre
MR-0007235,PO-0003478,MAT-LABEL,889,each
MR-0007236,PO-0003478,MAT-BULK-CREAM,70.61,litre
MR-0007237,PO-0003479,MAT-BULK-CREAM,73.38,litre
MR-0007238,PO-0003479,MAT-SEAL,890,each
MR-0007239,PO-0003480,MAT-LABEL,689,each
MR-0007240,PO-0003480,MAT-BULK-CREAM,56.1,litre
MR-0007241,PO-0003481,MAT-BULK-CREAM,40.68,litre
MR-0007242,PO-0003481,MAT-SEAL,520,each
MR-0007243,PO-0003482,MAT-BULK-CREAM,52.65,litre
MR-0007244,PO-0003482,MAT-SEAL,633,each
MR-0007245,PO-0003483,MAT-PUMP-CAP,826,each
MR-0007246,PO-0003483,MAT-CARTON,837,each
MR-0007247,PO-0003484,MAT-BULK-CREAM,63.92,litre
MR-0007248,PO-0003484,MAT-SEAL,796,each
MR-0007249,PO-0003485,MAT-SEAL,604,each
MR-0007250,PO-0003485,MAT-PUMP-CAP,628,each
MR-0007251,PO-0003486,MAT-PUMP-CAP,658,each
MR-0007252,PO-0003486,MAT-CARTON,631,each
MR-0007253,PO-0003487,MAT-LABEL,622,each
MR-0007254,PO-0003487,MAT-BULK-CREAM,49.9,litre
MR-0007255,PO-0003488,MAT-CARTON,758,each
MR-0007256,PO-0003488,MAT-LABEL,759,each
MR-0007257,PO-0003489,MAT-LABEL,869,each
MR-0007258,PO-0003489,MAT-BULK-CREAM,71.53,litre
MR-0007259,PO-0003490,MAT-BULK-CREAM,61.99,litre
MR-0007260,PO-0003490,MAT-SEAL,768,each
MR-0007261,PO-0003491,MAT-LABEL,679,each
MR-0007262,PO-0003491,MAT-BULK-CREAM,54.16,litre
MR-0007263,PO-0003492,MAT-PUMP-CAP,951,each
MR-0007264,PO-0003492,MAT-CARTON,911,each
MR-0007265,PO-0003493,MAT-CARTON,799,each
MR-0007266,PO-0003493,MAT-LABEL,786,each
MR-0007267,PO-0003494,MAT-LABEL,636,each
MR-0007268,PO-0003494,MAT-BULK-CREAM,52.37,litre
MR-0007269,PO-0003495,MAT-BULK-CREAM,57.89,litre
MR-0007270,PO-0003495,MAT-SEAL,721,each
MR-0007271,PO-0003496,MAT-PUMP-CAP,601,each
MR-0007272,PO-0003496,MAT-CARTON,598,each
MR-0007273,PO-0003497,MAT-PUMP-CAP,1249,each
MR-0007274,PO-0003497,MAT-CARTON,1243,each
MR-0007275,PO-0003498,MAT-CARTON,715,each
MR-0007276,PO-0003498,MAT-LABEL,690,each
MR-0007277,PO-0003499,MAT-BULK-CREAM,121.87,litre
MR-0007278,PO-0003499,MAT-SEAL,1586,each
MR-0007279,PO-0003499,MAT-PUMP-CAP,1594,each
MR-0007280,PO-0003500,MAT-BULK-CREAM,87.77,litre
MR-0007281,PO-0003500,MAT-SEAL,1115,each
MR-0007282,PO-0003501,MAT-PUMP-CAP,1280,each
MR-0007283,PO-0003501,MAT-CARTON,1257,each
MR-0007284,PO-0003502,MAT-PUMP-CAP,1493,each
MR-0007285,PO-0003502,MAT-CARTON,1490,each
MR-0007286,PO-0003502,MAT-LABEL,1477,each
MR-0007287,PO-0003503,MAT-CARTON,1295,each
MR-0007288,PO-0003503,MAT-LABEL,1320,each
MR-0007289,PO-0003504,MAT-LABEL,1450,each
MR-0007290,PO-0003504,MAT-BULK-CREAM,114.94,litre
MR-0007291,PO-0003504,MAT-SEAL,1413,each
MR-0007292,PO-0003505,MAT-BULK-CREAM,77.58,litre
MR-0007293,PO-0003505,MAT-SEAL,973,each
MR-0007294,PO-0003506,MAT-SEAL,950,each
MR-0007295,PO-0003506,MAT-PUMP-CAP,940,each
MR-0007296,PO-0003507,MAT-PUMP-CAP,1184,each
MR-0007297,PO-0003507,MAT-CARTON,1146,each
MR-0007298,PO-0003508,MAT-CARTON,732,each
MR-0007299,PO-0003508,MAT-LABEL,736,each
MR-0007300,PO-0003509,MAT-LABEL,1512,each
MR-0007301,PO-0003509,MAT-BULK-CREAM,127.51,litre
MR-0007302,PO-0003509,MAT-SEAL,1588,each
MR-0007303,PO-0003510,MAT-BULK-CREAM,88.49,litre
MR-0007304,PO-0003510,MAT-SEAL,1068,each
MR-0007305,PO-0003511,MAT-SEAL,1490,each
MR-0007306,PO-0003511,MAT-PUMP-CAP,1545,each
MR-0007307,PO-0003511,MAT-CARTON,1558,each
MR-0007308,PO-0003512,MAT-CARTON,1219,each
MR-0007309,PO-0003512,MAT-LABEL,1252,each
MR-0007310,PO-0003513,MAT-CARTON,1145,each
MR-0007311,PO-0003513,MAT-LABEL,1115,each
MR-0007312,PO-0003514,MAT-BULK-CREAM,60.92,litre
MR-0007313,PO-0003514,MAT-SEAL,773,each
MR-0007314,PO-0003515,MAT-CARTON,1426,each
MR-0007315,PO-0003515,MAT-LABEL,1381,each
MR-0007316,PO-0003515,MAT-BULK-CREAM,110.2,litre
MR-0007317,PO-0003516,MAT-BULK-CREAM,107.58,litre
MR-0007318,PO-0003516,MAT-SEAL,1363,each
MR-0007319,PO-0003517,MAT-CARTON,845,each
MR-0007320,PO-0003517,MAT-LABEL,845,each
MR-0007321,PO-0003518,MAT-BULK-CREAM,92.45,litre
MR-0007322,PO-0003518,MAT-SEAL,1149,each
MR-0007323,PO-0003519,MAT-BULK-CREAM,67.07,litre
MR-0007324,PO-0003519,MAT-SEAL,832,each
MR-0007325,PO-0003520,MAT-LABEL,952,each
MR-0007326,PO-0003520,MAT-BULK-CREAM,72.94,litre
MR-0007327,PO-0003521,MAT-CARTON,1093,each
MR-0007328,PO-0003521,MAT-LABEL,1082,each
MR-0007329,PO-0003522,MAT-CARTON,1042,each
MR-0007330,PO-0003522,MAT-LABEL,995,each
MR-0007331,PO-0003523,MAT-LABEL,811,each
MR-0007332,PO-0003523,MAT-BULK-CREAM,62.97,litre
MR-0007333,PO-0003524,MAT-BULK-CREAM,80.46,litre
MR-0007334,PO-0003524,MAT-SEAL,1021,each
MR-0007335,PO-0003525,MAT-PUMP-CAP,1257,each
MR-0007336,PO-0003525,MAT-CARTON,1210,each
MR-0007337,PO-0003526,MAT-PUMP-CAP,928,each
MR-0007338,PO-0003526,MAT-CARTON,928,each
MR-0007339,PO-0003527,MAT-CARTON,675,each
MR-0007340,PO-0003527,MAT-LABEL,658,each
MR-0007341,PO-0003528,MAT-LABEL,1390,each
MR-0007342,PO-0003528,MAT-BULK-CREAM,114.17,litre
MR-0007343,PO-0003528,MAT-SEAL,1390,each
MR-0007344,PO-0003529,MAT-BULK-CREAM,55.11,litre
MR-0007345,PO-0003529,MAT-SEAL,667,each
MR-0007346,PO-0003530,MAT-CARTON,531,each
MR-0007347,PO-0003530,MAT-LABEL,537,each
MR-0007348,PO-0003531,MAT-LABEL,959,each
MR-0007349,PO-0003531,MAT-BULK-CREAM,78.33,litre
MR-0007350,PO-0003532,MAT-CARTON,954,each
MR-0007351,PO-0003532,MAT-LABEL,960,each
MR-0007352,PO-0003533,MAT-PUMP-CAP,1117,each
MR-0007353,PO-0003533,MAT-CARTON,1090,each
MR-0007354,PO-0003534,MAT-LABEL,1077,each
MR-0007355,PO-0003534,MAT-BULK-CREAM,87.49,litre
MR-0007356,PO-0003535,MAT-LABEL,1133,each
MR-0007357,PO-0003535,MAT-BULK-CREAM,88.55,litre
MR-0007358,PO-0003536,MAT-CARTON,1051,each
MR-0007359,PO-0003536,MAT-LABEL,1072,each
MR-0007360,PO-0003537,MAT-CARTON,627,each
MR-0007361,PO-0003537,MAT-LABEL,609,each
MR-0007362,PO-0003538,MAT-LABEL,713,each
MR-0007363,PO-0003538,MAT-BULK-CREAM,54.74,litre
MR-0007364,PO-0003539,MAT-BULK-CREAM,49.9,litre
MR-0007365,PO-0003539,MAT-SEAL,612,each
MR-0007366,PO-0003540,MAT-SEAL,821,each
MR-0007367,PO-0003540,MAT-PUMP-CAP,856,each
MR-0007368,PO-0003541,MAT-LABEL,629,each
MR-0007369,PO-0003541,MAT-BULK-CREAM,48.98,litre
MR-0007370,PO-0003542,MAT-LABEL,568,each
MR-0007371,PO-0003542,MAT-BULK-CREAM,46.72,litre
MR-0007372,PO-0003543,MAT-SEAL,389,each
MR-0007373,PO-0003543,MAT-PUMP-CAP,410,each
MR-0007374,PO-0003544,MAT-CARTON,878,each
MR-0007375,PO-0003544,MAT-LABEL,891,each
MR-0007376,PO-0003545,MAT-LABEL,484,each
MR-0007377,PO-0003545,MAT-BULK-CREAM,38.14,litre
MR-0007378,PO-0003546,MAT-CARTON,672,each
MR-0007379,PO-0003546,MAT-LABEL,664,each
MR-0007380,PO-0003547,MAT-SEAL,626,each
MR-0007381,PO-0003547,MAT-PUMP-CAP,646,each
MR-0007382,PO-0003548,MAT-LABEL,717,each
MR-0007383,PO-0003548,MAT-BULK-CREAM,56.65,litre
MR-0007384,PO-0003549,MAT-SEAL,542,each
MR-0007385,PO-0003549,MAT-PUMP-CAP,539,each
MR-0007386,PO-0003550,MAT-LABEL,954,each
MR-0007387,PO-0003550,MAT-BULK-CREAM,77,litre
MR-0007388,PO-0003551,MAT-SEAL,505,each
MR-0007389,PO-0003551,MAT-PUMP-CAP,514,each
MR-0007390,PO-0003552,MAT-CARTON,1118,each
MR-0007391,PO-0003552,MAT-LABEL,1102,each
MR-0007392,PO-0003553,MAT-CARTON,985,each
MR-0007393,PO-0003553,MAT-LABEL,985,each
MR-0007394,PO-0003554,MAT-LABEL,702,each
MR-0007395,PO-0003554,MAT-BULK-CREAM,54.45,litre
MR-0007396,PO-0003555,MAT-SEAL,588,each
MR-0007397,PO-0003555,MAT-PUMP-CAP,595,each
MR-0007398,PO-0003556,MAT-SEAL,507,each
MR-0007399,PO-0003556,MAT-PUMP-CAP,518,each
MR-0007400,PO-0003557,MAT-PUMP-CAP,1056,each
MR-0007401,PO-0003557,MAT-CARTON,1035,each
MR-0007402,PO-0003558,MAT-CARTON,583,each
MR-0007403,PO-0003558,MAT-LABEL,561,each
MR-0007404,PO-0003559,MAT-LABEL,951,each
MR-0007405,PO-0003559,MAT-BULK-CREAM,76.7,litre
MR-0007406,PO-0003560,MAT-BULK-CREAM,44.92,litre
MR-0007407,PO-0003560,MAT-SEAL,559,each
MR-0007408,PO-0003561,MAT-SEAL,1381,each
MR-0007409,PO-0003561,MAT-PUMP-CAP,1407,each
MR-0007410,PO-0003561,MAT-CARTON,1389,each
MR-0007411,PO-0003562,MAT-PUMP-CAP,1177,each
MR-0007412,PO-0003562,MAT-CARTON,1184,each
MR-0007413,PO-0003563,MAT-CARTON,1091,each
MR-0007414,PO-0003563,MAT-LABEL,1091,each
MR-0007415,PO-0003564,MAT-SEAL,1017,each
MR-0007416,PO-0003564,MAT-PUMP-CAP,1061,each
MR-0007417,PO-0003565,MAT-BULK-CREAM,98.27,litre
MR-0007418,PO-0003565,MAT-SEAL,1233,each
MR-0007419,PO-0003566,MAT-SEAL,830,each
MR-0007420,PO-0003566,MAT-PUMP-CAP,833,each
MR-0007421,PO-0003567,MAT-PUMP-CAP,1372,each
MR-0007422,PO-0003567,MAT-CARTON,1311,each
MR-0007423,PO-0003568,MAT-CARTON,1131,each
MR-0007424,PO-0003568,MAT-LABEL,1135,each
MR-0007425,PO-0003569,MAT-LABEL,1177,each
MR-0007426,PO-0003569,MAT-BULK-CREAM,92.49,litre
MR-0007427,PO-0003570,MAT-BULK-CREAM,58.36,litre
MR-0007428,PO-0003570,MAT-SEAL,710,each
MR-0007429,PO-0003571,MAT-PUMP-CAP,1350,each
MR-0007430,PO-0003571,MAT-CARTON,1371,each
MR-0007431,PO-0003572,MAT-PUMP-CAP,1553,each
MR-0007432,PO-0003572,MAT-CARTON,1572,each
MR-0007433,PO-0003572,MAT-LABEL,1559,each
MR-0007434,PO-0003573,MAT-CARTON,1047,each
MR-0007435,PO-0003573,MAT-LABEL,1051,each
MR-0007436,PO-0003574,MAT-LABEL,927,each
MR-0007437,PO-0003574,MAT-BULK-CREAM,73.98,litre
MR-0007438,PO-0003575,MAT-SEAL,1527,each
MR-0007439,PO-0003575,MAT-PUMP-CAP,1566,each
MR-0007440,PO-0003575,MAT-CARTON,1516,each
MR-0007441,PO-0003576,MAT-SEAL,1191,each
MR-0007442,PO-0003576,MAT-PUMP-CAP,1234,each
MR-0007443,PO-0003577,MAT-PUMP-CAP,850,each
MR-0007444,PO-0003577,MAT-CARTON,858,each
MR-0007445,PO-0003578,MAT-LABEL,1320,each
MR-0007446,PO-0003578,MAT-BULK-CREAM,105.38,litre
MR-0007447,PO-0003579,MAT-BULK-CREAM,71.88,litre
MR-0007448,PO-0003579,MAT-SEAL,889,each
MR-0007449,PO-0003580,MAT-PUMP-CAP,927,each
MR-0007450,PO-0003580,MAT-CARTON,933,each
MR-0007451,PO-0003581,MAT-PUMP-CAP,1409,each
MR-0007452,PO-0003581,MAT-CARTON,1438,each
MR-0007453,PO-0003581,MAT-LABEL,1421,each
MR-0007454,PO-0003582,MAT-SEAL,1249,each
MR-0007455,PO-0003582,MAT-PUMP-CAP,1309,each
MR-0007456,PO-0003583,MAT-LABEL,693,each
MR-0007457,PO-0003583,MAT-BULK-CREAM,53.66,litre
MR-0007458,PO-0003584,MAT-BULK-CREAM,76.37,litre
MR-0007459,PO-0003584,MAT-SEAL,985,each
MR-0007460,PO-0003585,MAT-LABEL,693,each
MR-0007461,PO-0003585,MAT-BULK-CREAM,57.25,litre
MR-0007462,PO-0003586,MAT-BULK-CREAM,94.05,litre
MR-0007463,PO-0003586,MAT-SEAL,1162,each
MR-0007464,PO-0003587,MAT-CARTON,998,each
MR-0007465,PO-0003587,MAT-LABEL,979,each
MR-0007466,PO-0003588,MAT-SEAL,1431,each
MR-0007467,PO-0003588,MAT-PUMP-CAP,1451,each
MR-0007468,PO-0003588,MAT-CARTON,1458,each
MR-0007469,PO-0003589,MAT-CARTON,864,each
MR-0007470,PO-0003589,MAT-LABEL,864,each
MR-0007471,PO-0003590,MAT-SEAL,1404,each
MR-0007472,PO-0003590,MAT-PUMP-CAP,1449,each
MR-0007473,PO-0003590,MAT-CARTON,1401,each
MR-0007474,PO-0003591,MAT-PUMP-CAP,1061,each
MR-0007475,PO-0003591,MAT-CARTON,1060,each
MR-0007476,PO-0003592,MAT-CARTON,659,each
MR-0007477,PO-0003592,MAT-LABEL,663,each
MR-0007478,PO-0003593,MAT-PUMP-CAP,676,each
MR-0007479,PO-0003593,MAT-CARTON,684,each
MR-0007480,PO-0003594,MAT-BULK-CREAM,73.59,litre
MR-0007481,PO-0003594,MAT-SEAL,921,each
MR-0007482,PO-0003595,MAT-LABEL,984,each
MR-0007483,PO-0003595,MAT-BULK-CREAM,80.01,litre
MR-0007484,PO-0003596,MAT-CARTON,979,each
MR-0007485,PO-0003596,MAT-LABEL,964,each
MR-0007486,PO-0003597,MAT-LABEL,776,each
MR-0007487,PO-0003597,MAT-BULK-CREAM,63.54,litre
MR-0007488,PO-0003598,MAT-PUMP-CAP,867,each
MR-0007489,PO-0003598,MAT-CARTON,847,each
MR-0007490,PO-0003599,MAT-SEAL,709,each
MR-0007491,PO-0003599,MAT-PUMP-CAP,736,each
MR-0007492,PO-0003600,MAT-SEAL,896,each
MR-0007493,PO-0003600,MAT-PUMP-CAP,928,each
MR-0007494,PO-0003601,MAT-PUMP-CAP,896,each
MR-0007495,PO-0003601,MAT-CARTON,901,each
MR-0007496,PO-0003602,MAT-CARTON,844,each
MR-0007497,PO-0003602,MAT-LABEL,884,each
MR-0007498,PO-0003603,MAT-LABEL,425,each
MR-0007499,PO-0003603,MAT-BULK-CREAM,33.79,litre
MR-0007500,PO-0003604,MAT-PUMP-CAP,480,each
MR-0007501,PO-0003604,MAT-CARTON,467,each
MR-0007502,PO-0003605,MAT-SEAL,407,each
MR-0007503,PO-0003605,MAT-PUMP-CAP,397,each
MR-0007504,PO-0003606,MAT-PUMP-CAP,652,each
MR-0007505,PO-0003606,MAT-CARTON,635,each
MR-0007506,PO-0003607,MAT-CARTON,423,each
MR-0007507,PO-0003607,MAT-LABEL,409,each
MR-0007508,PO-0003608,MAT-LABEL,755,each
MR-0007509,PO-0003608,MAT-BULK-CREAM,58.23,litre
MR-0007510,PO-0003609,MAT-CARTON,773,each
MR-0007511,PO-0003609,MAT-LABEL,761,each
MR-0007512,PO-0003610,MAT-CARTON,625,each
MR-0007513,PO-0003610,MAT-LABEL,612,each
MR-0007514,PO-0003611,MAT-BULK-CREAM,34.58,litre
MR-0007515,PO-0003611,MAT-SEAL,434,each
MR-0007516,PO-0003612,MAT-SEAL,548,each
MR-0007517,PO-0003612,MAT-PUMP-CAP,547,each
MR-0007518,PO-0003613,MAT-SEAL,408,each
MR-0007519,PO-0003613,MAT-PUMP-CAP,419,each
MR-0007520,PO-0003614,MAT-PUMP-CAP,796,each
MR-0007521,PO-0003614,MAT-CARTON,761,each
MR-0007522,PO-0003615,MAT-SEAL,589,each
MR-0007523,PO-0003615,MAT-PUMP-CAP,587,each
MR-0007524,PO-0003616,MAT-SEAL,959,each
MR-0007525,PO-0003616,MAT-PUMP-CAP,977,each
MR-0007526,PO-0003617,MAT-PUMP-CAP,710,each
MR-0007527,PO-0003617,MAT-CARTON,695,each
MR-0007528,PO-0003618,MAT-CARTON,926,each
MR-0007529,PO-0003618,MAT-LABEL,962,each
MR-0007530,PO-0003619,MAT-LABEL,1012,each
MR-0007531,PO-0003619,MAT-BULK-CREAM,81.74,litre
MR-0007532,PO-0003620,MAT-SEAL,1069,each
MR-0007533,PO-0003620,MAT-PUMP-CAP,1115,each
MR-0007534,PO-0003621,MAT-PUMP-CAP,860,each
MR-0007535,PO-0003621,MAT-CARTON,860,each
MR-0007536,PO-0003622,MAT-PUMP-CAP,815,each
MR-0007537,PO-0003622,MAT-CARTON,828,each
MR-0007538,PO-0003623,MAT-LABEL,1091,each
MR-0007539,PO-0003623,MAT-BULK-CREAM,90.16,litre
MR-0007540,PO-0003624,MAT-LABEL,976,each
MR-0007541,PO-0003624,MAT-BULK-CREAM,78.57,litre
MR-0007542,PO-0003625,MAT-BULK-CREAM,95.78,litre
MR-0007543,PO-0003625,MAT-SEAL,1229,each
MR-0007544,PO-0003626,MAT-SEAL,962,each
MR-0007545,PO-0003626,MAT-PUMP-CAP,949,each
MR-0007546,PO-0003627,MAT-PUMP-CAP,1279,each
MR-0007547,PO-0003627,MAT-CARTON,1266,each
MR-0007548,PO-0003628,MAT-SEAL,1403,each
MR-0007549,PO-0003628,MAT-PUMP-CAP,1447,each
MR-0007550,PO-0003628,MAT-CARTON,1417,each
MR-0007551,PO-0003629,MAT-PUMP-CAP,817,each
MR-0007552,PO-0003629,MAT-CARTON,800,each
MR-0007553,PO-0003630,MAT-BULK-CREAM,87.55,litre
MR-0007554,PO-0003630,MAT-SEAL,1102,each
MR-0007555,PO-0003631,MAT-LABEL,1184,each
MR-0007556,PO-0003631,MAT-BULK-CREAM,91.63,litre
MR-0007557,PO-0003632,MAT-PUMP-CAP,837,each
MR-0007558,PO-0003632,MAT-CARTON,832,each
MR-0007559,PO-0003633,MAT-CARTON,1271,each
MR-0007560,PO-0003633,MAT-LABEL,1258,each
MR-0007561,PO-0003634,MAT-LABEL,1307,each
MR-0007562,PO-0003634,MAT-BULK-CREAM,108.51,litre
MR-0007563,PO-0003635,MAT-BULK-CREAM,117.32,litre
MR-0007564,PO-0003635,MAT-SEAL,1470,each
MR-0007565,PO-0003635,MAT-PUMP-CAP,1514,each
MR-0007566,PO-0003636,MAT-SEAL,953,each
MR-0007567,PO-0003636,MAT-PUMP-CAP,970,each
MR-0007568,PO-0003637,MAT-PUMP-CAP,735,each
MR-0007569,PO-0003637,MAT-CARTON,749,each
MR-0007570,PO-0003638,MAT-CARTON,1100,each
MR-0007571,PO-0003638,MAT-LABEL,1081,each
MR-0007572,PO-0003639,MAT-LABEL,1501,each
MR-0007573,PO-0003639,MAT-BULK-CREAM,117.74,litre
MR-0007574,PO-0003639,MAT-SEAL,1459,each
MR-0007575,PO-0003640,MAT-BULK-CREAM,116.54,litre
MR-0007576,PO-0003640,MAT-SEAL,1468,each
MR-0007577,PO-0003640,MAT-PUMP-CAP,1509,each
MR-0007578,PO-0003641,MAT-SEAL,685,each
MR-0007579,PO-0003641,MAT-PUMP-CAP,714,each
MR-0007580,PO-0003642,MAT-CARTON,689,each
MR-0007581,PO-0003642,MAT-LABEL,704,each
MR-0007582,PO-0003643,MAT-PUMP-CAP,778,each
MR-0007583,PO-0003643,MAT-CARTON,758,each
MR-0007584,PO-0003644,MAT-SEAL,706,each
MR-0007585,PO-0003644,MAT-PUMP-CAP,696,each
MR-0007586,PO-0003645,MAT-SEAL,1196,each
MR-0007587,PO-0003645,MAT-PUMP-CAP,1214,each
MR-0007588,PO-0003646,MAT-PUMP-CAP,1270,each
MR-0007589,PO-0003646,MAT-CARTON,1239,each
MR-0007590,PO-0003647,MAT-BULK-CREAM,76.99,litre
MR-0007591,PO-0003647,MAT-SEAL,965,each
MR-0007592,PO-0003648,MAT-LABEL,1335,each
MR-0007593,PO-0003648,MAT-BULK-CREAM,107.12,litre
MR-0007594,PO-0003649,MAT-CARTON,862,each
MR-0007595,PO-0003649,MAT-LABEL,853,each
MR-0007596,PO-0003650,MAT-LABEL,682,each
MR-0007597,PO-0003650,MAT-BULK-CREAM,57.49,litre
MR-0007598,PO-0003651,MAT-BULK-CREAM,54.06,litre
MR-0007599,PO-0003651,MAT-SEAL,679,each
MR-0007600,PO-0003652,MAT-CARTON,1286,each
MR-0007601,PO-0003652,MAT-LABEL,1237,each
MR-0007602,PO-0003653,MAT-SEAL,1438,each
MR-0007603,PO-0003653,MAT-PUMP-CAP,1483,each
MR-0007604,PO-0003653,MAT-CARTON,1473,each
MR-0007605,PO-0003654,MAT-BULK-CREAM,63.13,litre
MR-0007606,PO-0003654,MAT-SEAL,798,each
MR-0007607,PO-0003655,MAT-SEAL,1464,each
MR-0007608,PO-0003655,MAT-PUMP-CAP,1517,each
MR-0007609,PO-0003655,MAT-CARTON,1471,each
MR-0007610,PO-0003656,MAT-PUMP-CAP,754,each
MR-0007611,PO-0003656,MAT-CARTON,759,each
MR-0007612,PO-0003657,MAT-LABEL,1120,each
MR-0007613,PO-0003657,MAT-BULK-CREAM,88.9,litre
MR-0007614,PO-0003658,MAT-SEAL,1045,each
MR-0007615,PO-0003658,MAT-PUMP-CAP,1049,each
MR-0007616,PO-0003659,MAT-SEAL,1016,each
MR-0007617,PO-0003659,MAT-PUMP-CAP,1048,each
MR-0007618,PO-0003660,MAT-CARTON,1064,each
MR-0007619,PO-0003660,MAT-LABEL,1080,each
MR-0007620,PO-0003661,MAT-BULK-CREAM,45.79,litre
MR-0007621,PO-0003661,MAT-SEAL,562,each
MR-0007622,PO-0003662,MAT-CARTON,1216,each
MR-0007623,PO-0003662,MAT-LABEL,1191,each
MR-0007624,PO-0003663,MAT-SEAL,766,each
MR-0007625,PO-0003663,MAT-PUMP-CAP,780,each
MR-0007626,PO-0003664,MAT-CARTON,892,each
MR-0007627,PO-0003664,MAT-LABEL,866,each
MR-0007628,PO-0003665,MAT-SEAL,845,each
MR-0007629,PO-0003665,MAT-PUMP-CAP,874,each
MR-0007630,PO-0003666,MAT-LABEL,419,each
MR-0007631,PO-0003666,MAT-BULK-CREAM,35.01,litre
MR-0007632,PO-0003667,MAT-CARTON,437,each
MR-0007633,PO-0003667,MAT-LABEL,426,each
MR-0007634,PO-0003668,MAT-CARTON,660,each
MR-0007635,PO-0003668,MAT-LABEL,625,each
MR-0007636,PO-0003669,MAT-BULK-CREAM,42.34,litre
MR-0007637,PO-0003669,MAT-SEAL,514,each
MR-0007638,PO-0003670,MAT-SEAL,838,each
MR-0007639,PO-0003670,MAT-PUMP-CAP,836,each
MR-0007640,PO-0003671,MAT-PUMP-CAP,559,each
MR-0007641,PO-0003671,MAT-CARTON,564,each
MR-0007642,PO-0003672,MAT-BULK-CREAM,76.05,litre
MR-0007643,PO-0003672,MAT-SEAL,961,each
MR-0007644,PO-0003673,MAT-BULK-CREAM,50.49,litre
MR-0007645,PO-0003673,MAT-SEAL,648,each
MR-0007646,PO-0003674,MAT-CARTON,862,each
MR-0007647,PO-0003674,MAT-LABEL,850,each
MR-0007648,PO-0003675,MAT-CARTON,504,each
MR-0007649,PO-0003675,MAT-LABEL,493,each
MR-0007650,PO-0003676,MAT-BULK-CREAM,65.33,litre
MR-0007651,PO-0003676,MAT-SEAL,817,each
MR-0007652,PO-0003677,MAT-BULK-CREAM,77.56,litre
MR-0007653,PO-0003677,MAT-SEAL,948,each
MR-0007654,PO-0003678,MAT-LABEL,790,each
MR-0007655,PO-0003678,MAT-BULK-CREAM,65.35,litre
MR-0007656,PO-0003679,MAT-CARTON,579,each
MR-0007657,PO-0003679,MAT-LABEL,586,each
MR-0007658,PO-0003680,MAT-BULK-CREAM,59.27,litre
MR-0007659,PO-0003680,MAT-SEAL,716,each
MR-0007660,PO-0003681,MAT-SEAL,785,each
MR-0007661,PO-0003681,MAT-PUMP-CAP,806,each
MR-0007662,PO-0003682,MAT-PUMP-CAP,1122,each
MR-0007663,PO-0003682,MAT-CARTON,1095,each
MR-0007664,PO-0003683,MAT-CARTON,1084,each
MR-0007665,PO-0003683,MAT-LABEL,1125,each
MR-0007666,PO-0003684,MAT-BULK-CREAM,80.9,litre
MR-0007667,PO-0003684,MAT-SEAL,1046,each
MR-0007668,PO-0003685,MAT-SEAL,737,each
MR-0007669,PO-0003685,MAT-PUMP-CAP,720,each
MR-0007670,PO-0003686,MAT-SEAL,674,each
MR-0007671,PO-0003686,MAT-PUMP-CAP,669,each
MR-0007672,PO-0003687,MAT-PUMP-CAP,643,each
MR-0007673,PO-0003687,MAT-CARTON,626,each
MR-0007674,PO-0003688,MAT-CARTON,627,each
MR-0007675,PO-0003688,MAT-LABEL,621,each
MR-0007676,PO-0003689,MAT-LABEL,1082,each
MR-0007677,PO-0003689,MAT-BULK-CREAM,87.29,litre
MR-0007678,PO-0003690,MAT-BULK-CREAM,61.81,litre
MR-0007679,PO-0003690,MAT-SEAL,794,each
MR-0007680,PO-0003691,MAT-PUMP-CAP,783,each
MR-0007681,PO-0003691,MAT-CARTON,771,each
MR-0007682,PO-0003692,MAT-PUMP-CAP,1298,each
MR-0007683,PO-0003692,MAT-CARTON,1310,each
MR-0007684,PO-0003693,MAT-CARTON,757,each
MR-0007685,PO-0003693,MAT-LABEL,754,each
MR-0007686,PO-0003694,MAT-LABEL,966,each
MR-0007687,PO-0003694,MAT-BULK-CREAM,78.02,litre
MR-0007688,PO-0003695,MAT-BULK-CREAM,74.49,litre
MR-0007689,PO-0003695,MAT-SEAL,921,each
MR-0007690,PO-0003696,MAT-PUMP-CAP,1496,each
MR-0007691,PO-0003696,MAT-CARTON,1457,each
MR-0007692,PO-0003696,MAT-LABEL,1430,each
MR-0007693,PO-0003697,MAT-PUMP-CAP,707,each
MR-0007694,PO-0003697,MAT-CARTON,706,each
MR-0007695,PO-0003698,MAT-LABEL,1195,each
MR-0007696,PO-0003698,MAT-BULK-CREAM,95.45,litre
MR-0007697,PO-0003699,MAT-LABEL,1427,each
MR-0007698,PO-0003699,MAT-BULK-CREAM,114.39,litre
MR-0007699,PO-0003699,MAT-SEAL,1400,each
MR-0007700,PO-0003700,MAT-BULK-CREAM,90.87,litre
MR-0007701,PO-0003700,MAT-SEAL,1151,each
MR-0007702,PO-0003701,MAT-BULK-CREAM,113.45,litre
MR-0007703,PO-0003701,MAT-SEAL,1432,each
MR-0007704,PO-0003701,MAT-PUMP-CAP,1436,each
MR-0007705,PO-0003702,MAT-CARTON,1515,each
MR-0007706,PO-0003702,MAT-LABEL,1504,each
MR-0007707,PO-0003702,MAT-BULK-CREAM,124.06,litre
MR-0007708,PO-0003703,MAT-CARTON,1015,each
MR-0007709,PO-0003703,MAT-LABEL,998,each
MR-0007710,PO-0003704,MAT-LABEL,1277,each
MR-0007711,PO-0003704,MAT-BULK-CREAM,102.16,litre
MR-0007712,PO-0003705,MAT-BULK-CREAM,91.53,litre
MR-0007713,PO-0003705,MAT-SEAL,1126,each
MR-0007714,PO-0003706,MAT-PUMP-CAP,815,each
MR-0007715,PO-0003706,MAT-CARTON,821,each
MR-0007716,PO-0003707,MAT-CARTON,778,each
MR-0007717,PO-0003707,MAT-LABEL,777,each
MR-0007718,PO-0003708,MAT-LABEL,647,each
MR-0007719,PO-0003708,MAT-BULK-CREAM,50.53,litre
MR-0007720,PO-0003709,MAT-SEAL,759,each
MR-0007721,PO-0003709,MAT-PUMP-CAP,805,each
MR-0007722,PO-0003710,MAT-SEAL,690,each
MR-0007723,PO-0003710,MAT-PUMP-CAP,677,each
MR-0007724,PO-0003711,MAT-PUMP-CAP,1039,each
MR-0007725,PO-0003711,MAT-CARTON,1014,each
MR-0007726,PO-0003712,MAT-CARTON,718,each
MR-0007727,PO-0003712,MAT-LABEL,714,each
MR-0007728,PO-0003713,MAT-BULK-CREAM,82.75,litre
MR-0007729,PO-0003713,MAT-SEAL,1051,each
MR-0007730,PO-0003714,MAT-SEAL,971,each
MR-0007731,PO-0003714,MAT-PUMP-CAP,1010,each
MR-0007732,PO-0003715,MAT-SEAL,914,each
MR-0007733,PO-0003715,MAT-PUMP-CAP,905,each
MR-0007734,PO-0003716,MAT-PUMP-CAP,695,each
MR-0007735,PO-0003716,MAT-CARTON,663,each
MR-0007736,PO-0003717,MAT-CARTON,995,each
MR-0007737,PO-0003717,MAT-LABEL,1020,each
MR-0007738,PO-0003718,MAT-LABEL,791,each
MR-0007739,PO-0003718,MAT-BULK-CREAM,64.62,litre
MR-0007740,PO-0003719,MAT-BULK-CREAM,63.3,litre
MR-0007741,PO-0003719,MAT-SEAL,814,each
MR-0007742,PO-0003720,MAT-SEAL,1067,each
MR-0007743,PO-0003720,MAT-PUMP-CAP,1052,each
MR-0007744,PO-0003721,MAT-LABEL,1307,each
MR-0007745,PO-0003721,MAT-BULK-CREAM,104.42,litre
MR-0007746,PO-0003722,MAT-SEAL,973,each
MR-0007747,PO-0003722,MAT-PUMP-CAP,1020,each
MR-0007748,PO-0003723,MAT-SEAL,838,each
MR-0007749,PO-0003723,MAT-PUMP-CAP,829,each
MR-0007750,PO-0003724,MAT-CARTON,770,each
MR-0007751,PO-0003724,MAT-LABEL,734,each
MR-0007752,PO-0003725,MAT-SEAL,961,each
MR-0007753,PO-0003725,MAT-PUMP-CAP,1002,each
MR-0007754,PO-0003726,MAT-LABEL,946,each
MR-0007755,PO-0003726,MAT-BULK-CREAM,76.41,litre
MR-0007756,PO-0003727,MAT-CARTON,688,each
MR-0007757,PO-0003727,MAT-LABEL,656,each
MR-0007758,PO-0003728,MAT-BULK-CREAM,57.12,litre
MR-0007759,PO-0003728,MAT-SEAL,724,each
MR-0007760,PO-0003729,MAT-PUMP-CAP,1116,each
MR-0007761,PO-0003729,MAT-CARTON,1157,each
MR-0007762,PO-0003730,MAT-SEAL,774,each
MR-0007763,PO-0003730,MAT-PUMP-CAP,795,each
MR-0007764,PO-0003731,MAT-PUMP-CAP,834,each
MR-0007765,PO-0003731,MAT-CARTON,824,each
MR-0007766,PO-0003732,MAT-CARTON,418,each
MR-0007767,PO-0003732,MAT-LABEL,406,each
MR-0007768,PO-0003733,MAT-LABEL,786,each
MR-0007769,PO-0003733,MAT-BULK-CREAM,62.93,litre
MR-0007770,PO-0003734,MAT-BULK-CREAM,55.17,litre
MR-0007771,PO-0003734,MAT-SEAL,700,each
MR-0007772,PO-0003735,MAT-SEAL,525,each
MR-0007773,PO-0003735,MAT-PUMP-CAP,517,each
MR-0007774,PO-0003736,MAT-PUMP-CAP,664,each
MR-0007775,PO-0003736,MAT-CARTON,666,each
MR-0007776,PO-0003737,MAT-CARTON,903,each
MR-0007777,PO-0003737,MAT-LABEL,900,each
MR-0007778,PO-0003738,MAT-SEAL,949,each
MR-0007779,PO-0003738,MAT-PUMP-CAP,963,each
MR-0007780,PO-0003739,MAT-PUMP-CAP,932,each
MR-0007781,PO-0003739,MAT-CARTON,940,each
MR-0007782,PO-0003740,MAT-CARTON,728,each
MR-0007783,PO-0003740,MAT-LABEL,745,each
MR-0007784,PO-0003741,MAT-BULK-CREAM,40.22,litre
MR-0007785,PO-0003741,MAT-SEAL,497,each
MR-0007786,PO-0003742,MAT-BULK-CREAM,58.29,litre
MR-0007787,PO-0003742,MAT-SEAL,707,each
MR-0007788,PO-0003743,MAT-PUMP-CAP,883,each
MR-0007789,PO-0003743,MAT-CARTON,881,each
MR-0007790,PO-0003744,MAT-CARTON,651,each
MR-0007791,PO-0003744,MAT-LABEL,653,each
MR-0007792,PO-0003745,MAT-BULK-CREAM,72.1,litre
MR-0007793,PO-0003745,MAT-SEAL,890,each
MR-0007794,PO-0003746,MAT-BULK-CREAM,39.53,litre
MR-0007795,PO-0003746,MAT-SEAL,484,each
MR-0007796,PO-0003747,MAT-PUMP-CAP,644,each
MR-0007797,PO-0003747,MAT-CARTON,631,each
MR-0007798,PO-0003748,MAT-CARTON,1010,each
MR-0007799,PO-0003748,MAT-LABEL,1012,each
MR-0007800,PO-0003749,MAT-LABEL,587,each
MR-0007801,PO-0003749,MAT-BULK-CREAM,46.28,litre
MR-0007802,PO-0003750,MAT-BULK-CREAM,54.58,litre
MR-0007803,PO-0003750,MAT-SEAL,677,each
MR-0007804,PO-0003751,MAT-SEAL,794,each
MR-0007805,PO-0003751,MAT-PUMP-CAP,811,each
MR-0007806,PO-0003752,MAT-PUMP-CAP,499,each
MR-0007807,PO-0003752,MAT-CARTON,510,each
MR-0007808,PO-0003753,MAT-CARTON,606,each
MR-0007809,PO-0003753,MAT-LABEL,598,each
MR-0007810,PO-0003754,MAT-LABEL,1404,each
MR-0007811,PO-0003754,MAT-BULK-CREAM,116.02,litre
MR-0007812,PO-0003754,MAT-SEAL,1452,each
MR-0007813,PO-0003755,MAT-BULK-CREAM,116.54,litre
MR-0007814,PO-0003755,MAT-SEAL,1461,each
MR-0007815,PO-0003755,MAT-PUMP-CAP,1503,each
MR-0007816,PO-0003756,MAT-SEAL,1272,each
MR-0007817,PO-0003756,MAT-PUMP-CAP,1270,each
MR-0007818,PO-0003757,MAT-LABEL,983,each
MR-0007819,PO-0003757,MAT-BULK-CREAM,78.11,litre
MR-0007820,PO-0003758,MAT-CARTON,1326,each
MR-0007821,PO-0003758,MAT-LABEL,1305,each
MR-0007822,PO-0003759,MAT-LABEL,776,each
MR-0007823,PO-0003759,MAT-BULK-CREAM,64.79,litre
MR-0007824,PO-0003760,MAT-LABEL,1059,each
MR-0007825,PO-0003760,MAT-BULK-CREAM,83.99,litre
MR-0007826,PO-0003761,MAT-SEAL,1013,each
MR-0007827,PO-0003761,MAT-PUMP-CAP,1034,each
MR-0007828,PO-0003762,MAT-SEAL,1489,each
MR-0007829,PO-0003762,MAT-PUMP-CAP,1499,each
MR-0007830,PO-0003762,MAT-CARTON,1476,each
MR-0007831,PO-0003763,MAT-LABEL,881,each
MR-0007832,PO-0003763,MAT-BULK-CREAM,70.19,litre
MR-0007833,PO-0003764,MAT-LABEL,1281,each
MR-0007834,PO-0003764,MAT-BULK-CREAM,102.81,litre
MR-0007835,PO-0003765,MAT-BULK-CREAM,71.53,litre
MR-0007836,PO-0003765,MAT-SEAL,886,each
MR-0007837,PO-0003766,MAT-SEAL,934,each
MR-0007838,PO-0003766,MAT-PUMP-CAP,920,each
MR-0007839,PO-0003767,MAT-PUMP-CAP,1438,each
MR-0007840,PO-0003767,MAT-CARTON,1406,each
MR-0007841,PO-0003767,MAT-LABEL,1432,each
MR-0007842,PO-0003768,MAT-CARTON,1396,each
MR-0007843,PO-0003768,MAT-LABEL,1416,each
MR-0007844,PO-0003768,MAT-BULK-CREAM,113.56,litre
MR-0007845,PO-0003769,MAT-LABEL,683,each
MR-0007846,PO-0003769,MAT-BULK-CREAM,53.79,litre
MR-0007847,PO-0003770,MAT-BULK-CREAM,62.23,litre
MR-0007848,PO-0003770,MAT-SEAL,754,each
MR-0007849,PO-0003771,MAT-SEAL,1222,each
MR-0007850,PO-0003771,MAT-PUMP-CAP,1187,each
MR-0007851,PO-0003772,MAT-BULK-CREAM,93.22,litre
MR-0007852,PO-0003772,MAT-SEAL,1165,each
MR-0007853,PO-0003773,MAT-PUMP-CAP,847,each
MR-0007854,PO-0003773,MAT-CARTON,827,each
MR-0007855,PO-0003774,MAT-BULK-CREAM,77.42,litre
MR-0007856,PO-0003774,MAT-SEAL,973,each
MR-0007857,PO-0003775,MAT-SEAL,909,each
MR-0007858,PO-0003775,MAT-PUMP-CAP,913,each
MR-0007859,PO-0003776,MAT-CARTON,1161,each
MR-0007860,PO-0003776,MAT-LABEL,1164,each
MR-0007861,PO-0003777,MAT-CARTON,1229,each
MR-0007862,PO-0003777,MAT-LABEL,1235,each
MR-0007863,PO-0003778,MAT-PUMP-CAP,826,each
MR-0007864,PO-0003778,MAT-CARTON,807,each
MR-0007865,PO-0003779,MAT-BULK-CREAM,55.18,litre
MR-0007866,PO-0003779,MAT-SEAL,686,each
MR-0007867,PO-0003780,MAT-PUMP-CAP,1289,each
MR-0007868,PO-0003780,MAT-CARTON,1264,each
MR-0007869,PO-0003781,MAT-PUMP-CAP,1350,each
MR-0007870,PO-0003781,MAT-CARTON,1377,each
MR-0007871,PO-0003782,MAT-CARTON,778,each
MR-0007872,PO-0003782,MAT-LABEL,768,each
MR-0007873,PO-0003783,MAT-SEAL,1003,each
MR-0007874,PO-0003783,MAT-PUMP-CAP,1093,each
MR-0007875,PO-0003784,MAT-BULK-CREAM,104.46,litre
MR-0007876,PO-0003784,MAT-SEAL,1334,each
MR-0007877,PO-0003785,MAT-SEAL,690,each
MR-0007878,PO-0003785,MAT-PUMP-CAP,703,each
MR-0007879,PO-0003786,MAT-LABEL,800,each
MR-0007880,PO-0003786,MAT-BULK-CREAM,63.2,litre
MR-0007881,PO-0003787,MAT-LABEL,1099,each
MR-0007882,PO-0003787,MAT-BULK-CREAM,85.22,litre
MR-0007883,PO-0003788,MAT-PUMP-CAP,966,each
MR-0007884,PO-0003788,MAT-CARTON,954,each
MR-0007885,PO-0003789,MAT-PUMP-CAP,1129,each
MR-0007886,PO-0003789,MAT-CARTON,1107,each
MR-0007887,PO-0003790,MAT-SEAL,656,each
MR-0007888,PO-0003790,MAT-PUMP-CAP,681,each
MR-0007889,PO-0003791,MAT-PUMP-CAP,711,each
MR-0007890,PO-0003791,MAT-CARTON,700,each
MR-0007891,PO-0003792,MAT-BULK-CREAM,73.01,litre
MR-0007892,PO-0003792,MAT-SEAL,912,each
MR-0007893,PO-0003793,MAT-LABEL,628,each
MR-0007894,PO-0003793,MAT-BULK-CREAM,51.53,litre
MR-0007895,PO-0003794,MAT-CARTON,784,each
MR-0007896,PO-0003794,MAT-LABEL,783,each
MR-0007897,PO-0003795,MAT-BULK-CREAM,74.61,litre
MR-0007898,PO-0003795,MAT-SEAL,950,each
MR-0007899,PO-0003796,MAT-PUMP-CAP,741,each
MR-0007900,PO-0003796,MAT-CARTON,750,each
MR-0007901,PO-0003797,MAT-CARTON,680,each
MR-0007902,PO-0003797,MAT-LABEL,699,each
MR-0007903,PO-0003798,MAT-LABEL,654,each
MR-0007904,PO-0003798,MAT-BULK-CREAM,52.17,litre
MR-0007905,PO-0003799,MAT-LABEL,822,each
MR-0007906,PO-0003799,MAT-BULK-CREAM,67.53,litre
MR-0007907,PO-0003800,MAT-SEAL,764,each
MR-0007908,PO-0003800,MAT-PUMP-CAP,796,each
MR-0007909,PO-0003801,MAT-PUMP-CAP,498,each
MR-0007910,PO-0003801,MAT-CARTON,480,each
MR-0007911,PO-0003802,MAT-CARTON,695,each
MR-0007912,PO-0003802,MAT-LABEL,659,each
MR-0007913,PO-0003803,MAT-LABEL,520,each
MR-0007914,PO-0003803,MAT-BULK-CREAM,41.24,litre
MR-0007915,PO-0003804,MAT-LABEL,708,each
MR-0007916,PO-0003804,MAT-BULK-CREAM,57.92,litre
MR-0007917,PO-0003805,MAT-SEAL,906,each
MR-0007918,PO-0003805,MAT-PUMP-CAP,918,each
MR-0007919,PO-0003806,MAT-BULK-CREAM,45.19,litre
MR-0007920,PO-0003806,MAT-SEAL,561,each
MR-0007921,PO-0003807,MAT-BULK-CREAM,55.16,litre
MR-0007922,PO-0003807,MAT-SEAL,672,each
MR-0007923,PO-0003808,MAT-BULK-CREAM,41.41,litre
MR-0007924,PO-0003808,MAT-SEAL,534,each
MR-0007925,PO-0003809,MAT-CARTON,797,each
MR-0007926,PO-0003809,MAT-LABEL,772,each
MR-0007927,PO-0003810,MAT-PUMP-CAP,554,each
MR-0007928,PO-0003810,MAT-CARTON,562,each
MR-0007929,PO-0003811,MAT-SEAL,549,each
MR-0007930,PO-0003811,MAT-PUMP-CAP,551,each
MR-0007931,PO-0003812,MAT-CARTON,1089,each
MR-0007932,PO-0003812,MAT-LABEL,1077,each
MR-0007933,PO-0003813,MAT-CARTON,913,each
MR-0007934,PO-0003813,MAT-LABEL,878,each
MR-0007935,PO-0003814,MAT-BULK-CREAM,49.23,litre
MR-0007936,PO-0003814,MAT-SEAL,621,each
MR-0007937,PO-0003815,MAT-SEAL,1027,each
MR-0007938,PO-0003815,MAT-PUMP-CAP,1073,each
MR-0007939,PO-0003816,MAT-SEAL,559,each
MR-0007940,PO-0003816,MAT-PUMP-CAP,584,each
MR-0007941,PO-0003817,MAT-SEAL,1159,each
MR-0007942,PO-0003817,MAT-PUMP-CAP,1164,each
MR-0007943,PO-0003818,MAT-CARTON,810,each
MR-0007944,PO-0003818,MAT-LABEL,791,each
MR-0007945,PO-0003819,MAT-LABEL,698,each
MR-0007946,PO-0003819,MAT-BULK-CREAM,56.57,litre
MR-0007947,PO-0003820,MAT-BULK-CREAM,92.61,litre
MR-0007948,PO-0003820,MAT-SEAL,1182,each
MR-0007949,PO-0003821,MAT-SEAL,1327,each
MR-0007950,PO-0003821,MAT-PUMP-CAP,1350,each
MR-0007951,PO-0003822,MAT-CARTON,1133,each
MR-0007952,PO-0003822,MAT-LABEL,1125,each
MR-0007953,PO-0003823,MAT-CARTON,1528,each
MR-0007954,PO-0003823,MAT-LABEL,1520,each
MR-0007955,PO-0003823,MAT-BULK-CREAM,121.85,litre
MR-0007956,PO-0003824,MAT-PUMP-CAP,947,each
MR-0007957,PO-0003824,MAT-CARTON,939,each
MR-0007958,PO-0003825,MAT-CARTON,1570,each
MR-0007959,PO-0003825,MAT-LABEL,1532,each
MR-0007960,PO-0003825,MAT-BULK-CREAM,121.4,litre
MR-0007961,PO-0003826,MAT-SEAL,807,each
MR-0007962,PO-0003826,MAT-PUMP-CAP,856,each
MR-0007963,PO-0003827,MAT-PUMP-CAP,1474,each
MR-0007964,PO-0003827,MAT-CARTON,1448,each
MR-0007965,PO-0003827,MAT-LABEL,1440,each
MR-0007966,PO-0003828,MAT-CARTON,1184,each
MR-0007967,PO-0003828,MAT-LABEL,1217,each
MR-0007968,PO-0003829,MAT-LABEL,1187,each
MR-0007969,PO-0003829,MAT-BULK-CREAM,93.58,litre
MR-0007970,PO-0003830,MAT-BULK-CREAM,118.66,litre
MR-0007971,PO-0003830,MAT-SEAL,1517,each
MR-0007972,PO-0003830,MAT-PUMP-CAP,1570,each
MR-0007973,PO-0003831,MAT-BULK-CREAM,115.41,litre
MR-0007974,PO-0003831,MAT-SEAL,1513,each
MR-0007975,PO-0003831,MAT-PUMP-CAP,1530,each
MR-0007976,PO-0003832,MAT-PUMP-CAP,746,each
MR-0007977,PO-0003832,MAT-CARTON,753,each
MR-0007978,PO-0003833,MAT-CARTON,1046,each
MR-0007979,PO-0003833,MAT-LABEL,1020,each
MR-0007980,PO-0003834,MAT-BULK-CREAM,95.4,litre
MR-0007981,PO-0003834,MAT-SEAL,1186,each
MR-0007982,PO-0003835,MAT-SEAL,1173,each
MR-0007983,PO-0003835,MAT-PUMP-CAP,1184,each
MR-0007984,PO-0003836,MAT-CARTON,700,each
MR-0007985,PO-0003836,MAT-LABEL,687,each
MR-0007986,PO-0003837,MAT-CARTON,1147,each
MR-0007987,PO-0003837,MAT-LABEL,1117,each
MR-0007988,PO-0003838,MAT-BULK-CREAM,83.63,litre
MR-0007989,PO-0003838,MAT-SEAL,1082,each
MR-0007990,PO-0003839,MAT-BULK-CREAM,106.96,litre
MR-0007991,PO-0003839,MAT-SEAL,1329,each
MR-0007992,PO-0003840,MAT-SEAL,1076,each
MR-0007993,PO-0003840,MAT-PUMP-CAP,1078,each
MR-0007994,PO-0003841,MAT-PUMP-CAP,954,each
MR-0007995,PO-0003841,MAT-CARTON,970,each
MR-0007996,PO-0003842,MAT-CARTON,1494,each
MR-0007997,PO-0003842,MAT-LABEL,1479,each
MR-0007998,PO-0003842,MAT-BULK-CREAM,114.8,litre
MR-0007999,PO-0003843,MAT-LABEL,865,each
MR-0008000,PO-0003843,MAT-BULK-CREAM,69.96,litre
MR-0008001,PO-0003844,MAT-BULK-CREAM,112.76,litre
MR-0008002,PO-0003844,MAT-SEAL,1433,each
MR-0008003,PO-0003844,MAT-PUMP-CAP,1495,each
MR-0008004,PO-0003845,MAT-CARTON,1252,each
MR-0008005,PO-0003845,MAT-LABEL,1215,each
MR-0008006,PO-0003846,MAT-PUMP-CAP,1369,each
MR-0008007,PO-0003846,MAT-CARTON,1368,each
MR-0008008,PO-0003847,MAT-LABEL,782,each
MR-0008009,PO-0003847,MAT-BULK-CREAM,63.13,litre
MR-0008010,PO-0003848,MAT-LABEL,1100,each
MR-0008011,PO-0003848,MAT-BULK-CREAM,94.14,litre
MR-0008012,PO-0003849,MAT-SEAL,629,each
MR-0008013,PO-0003849,MAT-PUMP-CAP,646,each
MR-0008014,PO-0003850,MAT-SEAL,799,each
MR-0008015,PO-0003850,MAT-PUMP-CAP,790,each
MR-0008016,PO-0003851,MAT-PUMP-CAP,1362,each
MR-0008017,PO-0003851,MAT-CARTON,1371,each
MR-0008018,PO-0003852,MAT-SEAL,475,each
MR-0008019,PO-0003852,MAT-PUMP-CAP,492,each
MR-0008020,PO-0003853,MAT-SEAL,588,each
MR-0008021,PO-0003853,MAT-PUMP-CAP,592,each
MR-0008022,PO-0003854,MAT-SEAL,515,each
MR-0008023,PO-0003854,MAT-PUMP-CAP,517,each
MR-0008024,PO-0003855,MAT-PUMP-CAP,562,each
MR-0008025,PO-0003855,MAT-CARTON,560,each
MR-0008026,PO-0003856,MAT-CARTON,1112,each
MR-0008027,PO-0003856,MAT-LABEL,1082,each
MR-0008028,PO-0003857,MAT-CARTON,1080,each
MR-0008029,PO-0003857,MAT-LABEL,1060,each
MR-0008030,PO-0003858,MAT-SEAL,777,each
MR-0008031,PO-0003858,MAT-PUMP-CAP,778,each
MR-0008032,PO-0003859,MAT-SEAL,758,each
MR-0008033,PO-0003859,MAT-PUMP-CAP,781,each
MR-0008034,PO-0003860,MAT-CARTON,932,each
MR-0008035,PO-0003860,MAT-LABEL,961,each
MR-0008036,PO-0003861,MAT-PUMP-CAP,730,each
MR-0008037,PO-0003861,MAT-CARTON,734,each
MR-0008038,PO-0003862,MAT-CARTON,640,each
MR-0008039,PO-0003862,MAT-LABEL,633,each
MR-0008040,PO-0003863,MAT-LABEL,446,each
MR-0008041,PO-0003863,MAT-BULK-CREAM,36.59,litre
MR-0008042,PO-0003864,MAT-LABEL,539,each
MR-0008043,PO-0003864,MAT-BULK-CREAM,44.29,litre
MR-0008044,PO-0003865,MAT-BULK-CREAM,61.71,litre
MR-0008045,PO-0003865,MAT-SEAL,771,each
MR-0008046,PO-0003866,MAT-LABEL,706,each
MR-0008047,PO-0003866,MAT-BULK-CREAM,57.47,litre
MR-0008048,PO-0003867,MAT-CARTON,783,each
MR-0008049,PO-0003867,MAT-LABEL,783,each
MR-0008050,PO-0003868,MAT-LABEL,752,each
MR-0008051,PO-0003868,MAT-BULK-CREAM,60.59,litre
MR-0008052,PO-0003869,MAT-CARTON,819,each
MR-0008053,PO-0003869,MAT-LABEL,790,each
MR-0008054,PO-0003870,MAT-SEAL,510,each
MR-0008055,PO-0003870,MAT-PUMP-CAP,519,each
MR-0008056,PO-0003871,MAT-PUMP-CAP,529,each
MR-0008057,PO-0003871,MAT-CARTON,530,each
MR-0008058,PO-0003872,MAT-BULK-CREAM,50.53,litre
MR-0008059,PO-0003872,MAT-SEAL,630,each
MR-0008060,PO-0003873,MAT-PUMP-CAP,831,each
MR-0008061,PO-0003873,MAT-CARTON,829,each
MR-0008062,PO-0003874,MAT-PUMP-CAP,539,each
MR-0008063,PO-0003874,MAT-CARTON,513,each
MR-0008064,PO-0003875,MAT-LABEL,847,each
MR-0008065,PO-0003875,MAT-BULK-CREAM,70.54,litre
MR-0008066,PO-0003876,MAT-SEAL,820,each
MR-0008067,PO-0003876,MAT-PUMP-CAP,823,each
MR-0008068,PO-0003877,MAT-PUMP-CAP,647,each
MR-0008069,PO-0003877,MAT-CARTON,643,each
MR-0008070,PO-0003878,MAT-CARTON,748,each
MR-0008071,PO-0003878,MAT-LABEL,714,each
MR-0008072,PO-0003879,MAT-LABEL,966,each
MR-0008073,PO-0003879,MAT-BULK-CREAM,76.83,litre
MR-0008074,PO-0003880,MAT-SEAL,1105,each
MR-0008075,PO-0003880,MAT-PUMP-CAP,1155,each
MR-0008076,PO-0003881,MAT-SEAL,860,each
MR-0008077,PO-0003881,MAT-PUMP-CAP,860,each
MR-0008078,PO-0003882,MAT-PUMP-CAP,1132,each
MR-0008079,PO-0003882,MAT-CARTON,1147,each
MR-0008080,PO-0003883,MAT-CARTON,659,each
MR-0008081,PO-0003883,MAT-LABEL,664,each
MR-0008082,PO-0003884,MAT-LABEL,595,each
MR-0008083,PO-0003884,MAT-BULK-CREAM,49.84,litre
MR-0008084,PO-0003885,MAT-BULK-CREAM,63.34,litre
MR-0008085,PO-0003885,MAT-SEAL,784,each
MR-0008086,PO-0003886,MAT-SEAL,799,each
MR-0008087,PO-0003886,MAT-PUMP-CAP,804,each
MR-0008088,PO-0003887,MAT-PUMP-CAP,753,each
MR-0008089,PO-0003887,MAT-CARTON,735,each
MR-0008090,PO-0003888,MAT-PUMP-CAP,1186,each
MR-0008091,PO-0003888,MAT-CARTON,1169,each
MR-0008092,PO-0003889,MAT-LABEL,865,each
MR-0008093,PO-0003889,MAT-BULK-CREAM,70.24,litre
MR-0008094,PO-0003890,MAT-BULK-CREAM,58.96,litre
MR-0008095,PO-0003890,MAT-SEAL,736,each
MR-0008096,PO-0003891,MAT-BULK-CREAM,113.34,litre
MR-0008097,PO-0003891,MAT-SEAL,1430,each
MR-0008098,PO-0003891,MAT-PUMP-CAP,1494,each
MR-0008099,PO-0003892,MAT-PUMP-CAP,824,each
MR-0008100,PO-0003892,MAT-CARTON,819,each
MR-0008101,PO-0003893,MAT-BULK-CREAM,71.75,litre
MR-0008102,PO-0003893,MAT-SEAL,890,each
MR-0008103,PO-0003894,MAT-LABEL,1484,each
MR-0008104,PO-0003894,MAT-BULK-CREAM,120.63,litre
MR-0008105,PO-0003894,MAT-SEAL,1495,each
MR-0008106,PO-0003895,MAT-BULK-CREAM,63.18,litre
MR-0008107,PO-0003895,MAT-SEAL,789,each
MR-0008108,PO-0003896,MAT-BULK-CREAM,70.1,litre
MR-0008109,PO-0003896,MAT-SEAL,873,each
MR-0008110,PO-0003897,MAT-PUMP-CAP,1222,each
MR-0008111,PO-0003897,MAT-CARTON,1206,each
MR-0008112,PO-0003898,MAT-LABEL,1423,each
MR-0008113,PO-0003898,MAT-BULK-CREAM,110.48,litre
MR-0008114,PO-0003898,MAT-SEAL,1423,each
MR-0008115,PO-0003899,MAT-LABEL,1524,each
MR-0008116,PO-0003899,MAT-BULK-CREAM,120.06,litre
MR-0008117,PO-0003899,MAT-SEAL,1548,each
MR-0008118,PO-0003900,MAT-BULK-CREAM,91.96,litre
MR-0008119,PO-0003900,MAT-SEAL,1159,each
MR-0008120,PO-0003901,MAT-BULK-CREAM,90.79,litre
MR-0008121,PO-0003901,MAT-SEAL,1132,each
MR-0008122,PO-0003902,MAT-CARTON,1378,each
MR-0008123,PO-0003902,MAT-LABEL,1348,each
MR-0008124,PO-0003903,MAT-LABEL,865,each
MR-0008125,PO-0003903,MAT-BULK-CREAM,71.4,litre
MR-0008126,PO-0003904,MAT-BULK-CREAM,118.26,litre
MR-0008127,PO-0003904,MAT-SEAL,1483,each
MR-0008128,PO-0003904,MAT-PUMP-CAP,1520,each
MR-0008129,PO-0003905,MAT-SEAL,989,each
MR-0008130,PO-0003905,MAT-PUMP-CAP,1035,each
MR-0008131,PO-0003906,MAT-PUMP-CAP,995,each
MR-0008132,PO-0003906,MAT-CARTON,971,each
MR-0008133,PO-0003907,MAT-CARTON,1094,each
MR-0008134,PO-0003907,MAT-LABEL,1135,each
MR-0008135,PO-0003908,MAT-LABEL,1442,each
MR-0008136,PO-0003908,MAT-BULK-CREAM,110.52,litre
MR-0008137,PO-0003908,MAT-SEAL,1389,each
MR-0008138,PO-0003909,MAT-BULK-CREAM,106.87,litre
MR-0008139,PO-0003909,MAT-SEAL,1329,each
MR-0008140,PO-0003910,MAT-SEAL,1442,each
MR-0008141,PO-0003910,MAT-PUMP-CAP,1498,each
MR-0008142,PO-0003910,MAT-CARTON,1540,each
MR-0008143,PO-0003911,MAT-CARTON,771,each
MR-0008144,PO-0003911,MAT-LABEL,760,each
MR-0008145,PO-0003912,MAT-CARTON,1066,each
MR-0008146,PO-0003912,MAT-LABEL,1056,each
MR-0008147,PO-0003913,MAT-SEAL,1187,each
MR-0008148,PO-0003913,MAT-PUMP-CAP,1147,each
MR-0008149,PO-0003914,MAT-BULK-CREAM,79.61,litre
MR-0008150,PO-0003914,MAT-SEAL,987,each
MR-0008151,PO-0003915,MAT-SEAL,1162,each
MR-0008152,PO-0003915,MAT-PUMP-CAP,1158,each
MR-0008153,PO-0003916,MAT-BULK-CREAM,58.34,litre
MR-0008154,PO-0003916,MAT-SEAL,730,each
MR-0008155,PO-0003917,MAT-LABEL,769,each
MR-0008156,PO-0003917,MAT-BULK-CREAM,63.82,litre
MR-0008157,PO-0003918,MAT-BULK-CREAM,78.03,litre
MR-0008158,PO-0003918,MAT-SEAL,995,each
MR-0008159,PO-0003919,MAT-CARTON,966,each
MR-0008160,PO-0003919,MAT-LABEL,971,each
MR-0008161,PO-0003920,MAT-CARTON,677,each
MR-0008162,PO-0003920,MAT-LABEL,693,each
MR-0008163,PO-0003921,MAT-PUMP-CAP,849,each
MR-0008164,PO-0003921,MAT-CARTON,828,each
MR-0008165,PO-0003922,MAT-BULK-CREAM,80.15,litre
MR-0008166,PO-0003922,MAT-SEAL,1024,each
MR-0008167,PO-0003923,MAT-SEAL,477,each
MR-0008168,PO-0003923,MAT-PUMP-CAP,496,each
MR-0008169,PO-0003924,MAT-SEAL,754,each
MR-0008170,PO-0003924,MAT-PUMP-CAP,764,each
MR-0008171,PO-0003925,MAT-CARTON,1106,each
MR-0008172,PO-0003925,MAT-LABEL,1063,each
MR-0008173,PO-0003926,MAT-BULK-CREAM,48.59,litre
MR-0008174,PO-0003926,MAT-SEAL,588,each
MR-0008175,PO-0003927,MAT-CARTON,679,each
MR-0008176,PO-0003927,MAT-LABEL,646,each
MR-0008177,PO-0003928,MAT-LABEL,701,each
MR-0008178,PO-0003928,MAT-BULK-CREAM,57.63,litre
MR-0008179,PO-0003929,MAT-BULK-CREAM,63.12,litre
MR-0008180,PO-0003929,MAT-SEAL,789,each
MR-0008181,PO-0003930,MAT-PUMP-CAP,844,each
MR-0008182,PO-0003930,MAT-CARTON,855,each
MR-0008183,PO-0003931,MAT-PUMP-CAP,569,each
MR-0008184,PO-0003931,MAT-CARTON,572,each
MR-0008185,PO-0003932,MAT-CARTON,859,each
MR-0008186,PO-0003932,MAT-LABEL,860,each
MR-0008187,PO-0003933,MAT-LABEL,668,each
MR-0008188,PO-0003933,MAT-BULK-CREAM,55.2,litre
MR-0008189,PO-0003934,MAT-PUMP-CAP,854,each
MR-0008190,PO-0003934,MAT-CARTON,857,each
MR-0008191,PO-0003935,MAT-PUMP-CAP,917,each
MR-0008192,PO-0003935,MAT-CARTON,914,each
MR-0008193,PO-0003936,MAT-BULK-CREAM,64.8,litre
MR-0008194,PO-0003936,MAT-SEAL,823,each
MR-0008195,PO-0003937,MAT-PUMP-CAP,989,each
MR-0008196,PO-0003937,MAT-CARTON,987,each
MR-0008197,PO-0003938,MAT-PUMP-CAP,674,each
MR-0008198,PO-0003938,MAT-CARTON,679,each
MR-0008199,PO-0003939,MAT-PUMP-CAP,463,each
MR-0008200,PO-0003939,MAT-CARTON,460,each
MR-0008201,PO-0003940,MAT-PUMP-CAP,678,each
MR-0008202,PO-0003940,MAT-CARTON,675,each
MR-0008203,PO-0003941,MAT-SEAL,868,each
MR-0008204,PO-0003941,MAT-PUMP-CAP,876,each
MR-0008205,PO-0003942,MAT-PUMP-CAP,830,each
MR-0008206,PO-0003942,MAT-CARTON,794,each
MR-0008207,PO-0003943,MAT-CARTON,834,each
MR-0008208,PO-0003943,MAT-LABEL,845,each
MR-0008209,PO-0003944,MAT-LABEL,905,each
MR-0008210,PO-0003944,MAT-BULK-CREAM,73.05,litre
MR-0008211,PO-0003945,MAT-SEAL,609,each
MR-0008212,PO-0003945,MAT-PUMP-CAP,615,each
MR-0008213,PO-0003946,MAT-SEAL,968,each
MR-0008214,PO-0003946,MAT-PUMP-CAP,961,each
MR-0008215,PO-0003947,MAT-BULK-CREAM,77.96,litre
MR-0008216,PO-0003947,MAT-SEAL,1004,each
MR-0008217,PO-0003948,MAT-CARTON,1050,each
MR-0008218,PO-0003948,MAT-LABEL,1007,each
MR-0008219,PO-0003949,MAT-LABEL,1124,each
MR-0008220,PO-0003949,MAT-BULK-CREAM,89.21,litre
MR-0008221,PO-0003950,MAT-BULK-CREAM,111.4,litre
MR-0008222,PO-0003950,MAT-SEAL,1449,each
MR-0008223,PO-0003950,MAT-PUMP-CAP,1402,each
MR-0008224,PO-0003951,MAT-SEAL,1135,each
MR-0008225,PO-0003951,MAT-PUMP-CAP,1159,each
MR-0008226,PO-0003952,MAT-PUMP-CAP,1032,each
MR-0008227,PO-0003952,MAT-CARTON,1019,each
MR-0008228,PO-0003953,MAT-CARTON,1265,each
MR-0008229,PO-0003953,MAT-LABEL,1236,each
MR-0008230,PO-0003954,MAT-LABEL,1115,each
MR-0008231,PO-0003954,MAT-BULK-CREAM,89.05,litre
MR-0008232,PO-0003955,MAT-BULK-CREAM,72.24,litre
MR-0008233,PO-0003955,MAT-SEAL,890,each
MR-0008234,PO-0003956,MAT-SEAL,1035,each
MR-0008235,PO-0003956,MAT-PUMP-CAP,1052,each
MR-0008236,PO-0003957,MAT-PUMP-CAP,800,each
MR-0008237,PO-0003957,MAT-CARTON,811,each
MR-0008238,PO-0003958,MAT-CARTON,1480,each
MR-0008239,PO-0003958,MAT-LABEL,1440,each
MR-0008240,PO-0003958,MAT-BULK-CREAM,115.54,litre
MR-0008241,PO-0003959,MAT-LABEL,1218,each
MR-0008242,PO-0003959,MAT-BULK-CREAM,95,litre
MR-0008243,PO-0003960,MAT-BULK-CREAM,61.04,litre
MR-0008244,PO-0003960,MAT-SEAL,766,each
MR-0008245,PO-0003961,MAT-SEAL,725,each
MR-0008246,PO-0003961,MAT-PUMP-CAP,754,each
MR-0008247,PO-0003962,MAT-PUMP-CAP,713,each
MR-0008248,PO-0003962,MAT-CARTON,731,each
MR-0008249,PO-0003963,MAT-CARTON,996,each
MR-0008250,PO-0003963,MAT-LABEL,976,each
MR-0008251,PO-0003964,MAT-BULK-CREAM,84.57,litre
MR-0008252,PO-0003964,MAT-SEAL,1014,each
MR-0008253,PO-0003965,MAT-PUMP-CAP,1125,each
MR-0008254,PO-0003965,MAT-CARTON,1110,each
MR-0008255,PO-0003966,MAT-SEAL,1528,each
MR-0008256,PO-0003966,MAT-PUMP-CAP,1543,each
MR-0008257,PO-0003966,MAT-CARTON,1547,each
MR-0008258,PO-0003967,MAT-BULK-CREAM,82.18,litre
MR-0008259,PO-0003967,MAT-SEAL,989,each
MR-0008260,PO-0003968,MAT-LABEL,1017,each
MR-0008261,PO-0003968,MAT-BULK-CREAM,80.12,litre
MR-0008262,PO-0003969,MAT-BULK-CREAM,90.44,litre
MR-0008263,PO-0003969,MAT-SEAL,1191,each
MR-0008264,PO-0003970,MAT-SEAL,732,each
MR-0008265,PO-0003970,MAT-PUMP-CAP,772,each
MR-0008266,PO-0003971,MAT-PUMP-CAP,1332,each
MR-0008267,PO-0003971,MAT-CARTON,1309,each
MR-0008268,PO-0003972,MAT-CARTON,1330,each
MR-0008269,PO-0003972,MAT-LABEL,1324,each
MR-0008270,PO-0003973,MAT-LABEL,1177,each
MR-0008271,PO-0003973,MAT-BULK-CREAM,93.69,litre
MR-0008272,PO-0003974,MAT-PUMP-CAP,870,each
MR-0008273,PO-0003974,MAT-CARTON,872,each
MR-0008274,PO-0003975,MAT-SEAL,678,each
MR-0008275,PO-0003975,MAT-PUMP-CAP,662,each
MR-0008276,PO-0003976,MAT-PUMP-CAP,1110,each
MR-0008277,PO-0003976,MAT-CARTON,1096,each
MR-0008278,PO-0003977,MAT-CARTON,1034,each
MR-0008279,PO-0003977,MAT-LABEL,1037,each
MR-0008280,PO-0003978,MAT-BULK-CREAM,65.45,litre
MR-0008281,PO-0003978,MAT-SEAL,796,each
MR-0008282,PO-0003979,MAT-BULK-CREAM,100.66,litre
MR-0008283,PO-0003979,MAT-SEAL,1233,each
MR-0008284,PO-0003980,MAT-CARTON,948,each
MR-0008285,PO-0003980,MAT-LABEL,916,each
MR-0008286,PO-0003981,MAT-PUMP-CAP,1110,each
MR-0008287,PO-0003981,MAT-CARTON,1138,each
MR-0008288,PO-0003982,MAT-SEAL,1178,each
MR-0008289,PO-0003982,MAT-PUMP-CAP,1237,each
MR-0008290,PO-0003983,MAT-PUMP-CAP,757,each
MR-0008291,PO-0003983,MAT-CARTON,748,each
MR-0008292,PO-0003984,MAT-SEAL,783,each
MR-0008293,PO-0003984,MAT-PUMP-CAP,794,each
MR-0008294,PO-0003985,MAT-PUMP-CAP,1260,each
MR-0008295,PO-0003985,MAT-CARTON,1237,each
MR-0008296,PO-0003986,MAT-LABEL,948,each
MR-0008297,PO-0003986,MAT-BULK-CREAM,76.02,litre
MR-0008298,PO-0003987,MAT-LABEL,964,each
MR-0008299,PO-0003987,MAT-BULK-CREAM,80.99,litre
MR-0008300,PO-0003988,MAT-PUMP-CAP,1158,each
MR-0008301,PO-0003988,MAT-CARTON,1144,each
MR-0008302,PO-0003989,MAT-CARTON,1091,each
MR-0008303,PO-0003989,MAT-LABEL,1079,each
MR-0008304,PO-0003990,MAT-SEAL,691,each
MR-0008305,PO-0003990,MAT-PUMP-CAP,729,each
MR-0008306,PO-0003991,MAT-LABEL,891,each
MR-0008307,PO-0003991,MAT-BULK-CREAM,71.4,litre
MR-0008308,PO-0003992,MAT-CARTON,593,each
MR-0008309,PO-0003992,MAT-LABEL,574,each
MR-0008310,PO-0003993,MAT-LABEL,596,each
MR-0008311,PO-0003993,MAT-BULK-CREAM,47.07,litre
MR-0008312,PO-0003994,MAT-BULK-CREAM,58.74,litre
MR-0008313,PO-0003994,MAT-SEAL,758,each
MR-0008314,PO-0003995,MAT-SEAL,683,each
MR-0008315,PO-0003995,MAT-PUMP-CAP,688,each
MR-0008316,PO-0003996,MAT-PUMP-CAP,398,each
MR-0008317,PO-0003996,MAT-CARTON,385,each
MR-0008318,PO-0003997,MAT-BULK-CREAM,51.88,litre
MR-0008319,PO-0003997,MAT-SEAL,645,each
MR-0008320,PO-0003998,MAT-SEAL,789,each
MR-0008321,PO-0003998,MAT-PUMP-CAP,799,each
MR-0008322,PO-0003999,MAT-BULK-CREAM,34.28,litre
MR-0008323,PO-0003999,MAT-SEAL,420,each
MR-0008324,PO-0004000,MAT-CARTON,740,each
MR-0008325,PO-0004000,MAT-LABEL,742,each
MR-0008326,PO-0004001,MAT-CARTON,613,each
MR-0008327,PO-0004001,MAT-LABEL,611,each
MR-0008328,PO-0004002,MAT-LABEL,657,each
MR-0008329,PO-0004002,MAT-BULK-CREAM,52.84,litre
MR-0008330,PO-0004003,MAT-LABEL,616,each
MR-0008331,PO-0004003,MAT-BULK-CREAM,49.8,litre
MR-0008332,PO-0004004,MAT-CARTON,761,each
MR-0008333,PO-0004004,MAT-LABEL,749,each
MR-0008334,PO-0004005,MAT-CARTON,936,each
MR-0008335,PO-0004005,MAT-LABEL,936,each
MR-0008336,PO-0004006,MAT-SEAL,994,each
MR-0008337,PO-0004006,MAT-PUMP-CAP,1009,each
MR-0008338,PO-0004007,MAT-PUMP-CAP,1177,each
MR-0008339,PO-0004007,MAT-CARTON,1133,each
MR-0008340,PO-0004008,MAT-CARTON,700,each
MR-0008341,PO-0004008,MAT-LABEL,660,each
MR-0008342,PO-0004009,MAT-LABEL,893,each
MR-0008343,PO-0004009,MAT-BULK-CREAM,69.81,litre
MR-0008344,PO-0004010,MAT-BULK-CREAM,55.48,litre
MR-0008345,PO-0004010,MAT-SEAL,674,each
MR-0008346,PO-0004011,MAT-SEAL,737,each
MR-0008347,PO-0004011,MAT-PUMP-CAP,737,each
MR-0008348,PO-0004012,MAT-CARTON,751,each
MR-0008349,PO-0004012,MAT-LABEL,739,each
MR-0008350,PO-0004013,MAT-CARTON,850,each
MR-0008351,PO-0004013,MAT-LABEL,855,each
MR-0008352,PO-0004014,MAT-BULK-CREAM,89.27,litre
MR-0008353,PO-0004014,MAT-SEAL,1091,each
MR-0008354,PO-0004015,MAT-LABEL,1079,each
MR-0008355,PO-0004015,MAT-BULK-CREAM,87.85,litre
MR-0008356,PO-0004016,MAT-LABEL,799,each
MR-0008357,PO-0004016,MAT-BULK-CREAM,62.92,litre
MR-0008358,PO-0004017,MAT-BULK-CREAM,59.35,litre
MR-0008359,PO-0004017,MAT-SEAL,747,each
MR-0008360,PO-0004018,MAT-BULK-CREAM,91.58,litre
MR-0008361,PO-0004018,MAT-SEAL,1113,each
MR-0008362,PO-0004019,MAT-LABEL,798,each
MR-0008363,PO-0004019,MAT-BULK-CREAM,62.63,litre
MR-0008364,PO-0004020,MAT-BULK-CREAM,126.74,litre
MR-0008365,PO-0004020,MAT-SEAL,1543,each
MR-0008366,PO-0004020,MAT-PUMP-CAP,1569,each
MR-0008367,PO-0004021,MAT-SEAL,1298,each
MR-0008368,PO-0004021,MAT-PUMP-CAP,1335,each
MR-0008369,PO-0004022,MAT-LABEL,954,each
MR-0008370,PO-0004022,MAT-BULK-CREAM,76.88,litre
MR-0008371,PO-0004023,MAT-CARTON,1092,each
MR-0008372,PO-0004023,MAT-LABEL,1071,each
MR-0008373,PO-0004024,MAT-LABEL,1173,each
MR-0008374,PO-0004024,MAT-BULK-CREAM,93.24,litre
MR-0008375,PO-0004025,MAT-BULK-CREAM,71.31,litre
MR-0008376,PO-0004025,MAT-SEAL,889,each
MR-0008377,PO-0004026,MAT-SEAL,820,each
MR-0008378,PO-0004026,MAT-PUMP-CAP,826,each
MR-0008379,PO-0004027,MAT-PUMP-CAP,1149,each
MR-0008380,PO-0004027,MAT-CARTON,1153,each
MR-0008381,PO-0004028,MAT-LABEL,1494,each
MR-0008382,PO-0004028,MAT-BULK-CREAM,121.32,litre
MR-0008383,PO-0004028,MAT-SEAL,1529,each
MR-0008384,PO-0004029,MAT-LABEL,1614,each
MR-0008385,PO-0004029,MAT-BULK-CREAM,126.51,litre
MR-0008386,PO-0004029,MAT-SEAL,1583,each
MR-0008387,PO-0004030,MAT-BULK-CREAM,57.12,litre
MR-0008388,PO-0004030,MAT-SEAL,709,each
MR-0008389,PO-0004031,MAT-PUMP-CAP,1098,each
MR-0008390,PO-0004031,MAT-CARTON,1115,each
MR-0008391,PO-0004032,MAT-CARTON,858,each
MR-0008392,PO-0004032,MAT-LABEL,850,each
MR-0008393,PO-0004033,MAT-BULK-CREAM,87.92,litre
MR-0008394,PO-0004033,MAT-SEAL,1128,each
MR-0008395,PO-0004034,MAT-BULK-CREAM,78.45,litre
MR-0008396,PO-0004034,MAT-SEAL,1020,each
MR-0008397,PO-0004035,MAT-PUMP-CAP,1090,each
MR-0008398,PO-0004035,MAT-CARTON,1087,each
MR-0008399,PO-0004036,MAT-PUMP-CAP,831,each
MR-0008400,PO-0004036,MAT-CARTON,825,each
MR-0008401,PO-0004037,MAT-CARTON,1276,each
MR-0008402,PO-0004037,MAT-LABEL,1252,each
MR-0008403,PO-0004038,MAT-LABEL,805,each
MR-0008404,PO-0004038,MAT-BULK-CREAM,65.95,litre
MR-0008405,PO-0004039,MAT-PUMP-CAP,896,each
MR-0008406,PO-0004039,MAT-CARTON,905,each
MR-0008407,PO-0004040,MAT-SEAL,763,each
MR-0008408,PO-0004040,MAT-PUMP-CAP,793,each
MR-0008409,PO-0004041,MAT-PUMP-CAP,1360,each
MR-0008410,PO-0004041,MAT-CARTON,1411,each
MR-0008411,PO-0004042,MAT-CARTON,936,each
MR-0008412,PO-0004042,MAT-LABEL,932,each
MR-0008413,PO-0004043,MAT-LABEL,1153,each
MR-0008414,PO-0004043,MAT-BULK-CREAM,94.95,litre
MR-0008415,PO-0004044,MAT-BULK-CREAM,102.09,litre
MR-0008416,PO-0004044,MAT-SEAL,1293,each
MR-0008417,PO-0004045,MAT-PUMP-CAP,1472,each
MR-0008418,PO-0004045,MAT-CARTON,1444,each
MR-0008419,PO-0004045,MAT-LABEL,1455,each
MR-0008420,PO-0004046,MAT-CARTON,743,each
MR-0008421,PO-0004046,MAT-LABEL,740,each
MR-0008422,PO-0004047,MAT-BULK-CREAM,73.03,litre
MR-0008423,PO-0004047,MAT-SEAL,900,each
MR-0008424,PO-0004048,MAT-PUMP-CAP,667,each
MR-0008425,PO-0004048,MAT-CARTON,642,each
MR-0008426,PO-0004049,MAT-LABEL,1118,each
MR-0008427,PO-0004049,MAT-BULK-CREAM,89.86,litre
MR-0008428,PO-0004050,MAT-PUMP-CAP,797,each
MR-0008429,PO-0004050,MAT-CARTON,807,each
MR-0008430,PO-0004051,MAT-CARTON,910,each
MR-0008431,PO-0004051,MAT-LABEL,914,each
MR-0008432,PO-0004052,MAT-BULK-CREAM,94.8,litre
MR-0008433,PO-0004052,MAT-SEAL,1158,each
MR-0008434,PO-0004053,MAT-PUMP-CAP,1210,each
MR-0008435,PO-0004053,MAT-CARTON,1194,each
MR-0008436,PO-0004054,MAT-BULK-CREAM,37.88,litre
MR-0008437,PO-0004054,MAT-SEAL,464,each
MR-0008438,PO-0004055,MAT-SEAL,778,each
MR-0008439,PO-0004055,MAT-PUMP-CAP,770,each
MR-0008440,PO-0004056,MAT-PUMP-CAP,865,each
MR-0008441,PO-0004056,MAT-CARTON,850,each
MR-0008442,PO-0004057,MAT-CARTON,675,each
MR-0008443,PO-0004057,MAT-LABEL,673,each
MR-0008444,PO-0004058,MAT-CARTON,655,each
MR-0008445,PO-0004058,MAT-LABEL,655,each
MR-0008446,PO-0004059,MAT-SEAL,849,each
MR-0008447,PO-0004059,MAT-PUMP-CAP,871,each
MR-0008448,PO-0004060,MAT-SEAL,654,each
MR-0008449,PO-0004060,MAT-PUMP-CAP,648,each
MR-0008450,PO-0004061,MAT-CARTON,474,each
MR-0008451,PO-0004061,MAT-LABEL,467,each
MR-0008452,PO-0004062,MAT-CARTON,551,each
MR-0008453,PO-0004062,MAT-LABEL,550,each
MR-0008454,PO-0004063,MAT-LABEL,656,each
MR-0008455,PO-0004063,MAT-BULK-CREAM,54.54,litre
MR-0008456,PO-0004064,MAT-CARTON,704,each
MR-0008457,PO-0004064,MAT-LABEL,691,each
MR-0008458,PO-0004065,MAT-LABEL,738,each
MR-0008459,PO-0004065,MAT-BULK-CREAM,57.09,litre
MR-0008460,PO-0004066,MAT-CARTON,942,each
MR-0008461,PO-0004066,MAT-LABEL,901,each
MR-0008462,PO-0004067,MAT-BULK-CREAM,75.44,litre
MR-0008463,PO-0004067,MAT-SEAL,932,each
MR-0008464,PO-0004068,MAT-BULK-CREAM,51.18,litre
MR-0008465,PO-0004068,MAT-SEAL,654,each
MR-0008466,PO-0004069,MAT-LABEL,532,each
MR-0008467,PO-0004069,MAT-BULK-CREAM,43.29,litre
MR-0008468,PO-0004070,MAT-SEAL,501,each
MR-0008469,PO-0004070,MAT-PUMP-CAP,515,each
MR-0008470,PO-0004071,MAT-SEAL,796,each
MR-0008471,PO-0004071,MAT-PUMP-CAP,789,each
MR-0008472,PO-0004072,MAT-CARTON,716,each
MR-0008473,PO-0004072,MAT-LABEL,692,each
MR-0008474,PO-0004073,MAT-CARTON,883,each
MR-0008475,PO-0004073,MAT-LABEL,897,each
MR-0008476,PO-0004074,MAT-BULK-CREAM,66.49,litre
MR-0008477,PO-0004074,MAT-SEAL,834,each
MR-0008478,PO-0004075,MAT-SEAL,868,each
MR-0008479,PO-0004075,MAT-PUMP-CAP,907,each
MR-0008480,PO-0004076,MAT-SEAL,545,each
MR-0008481,PO-0004076,MAT-PUMP-CAP,566,each
MR-0008482,PO-0004077,MAT-PUMP-CAP,852,each
MR-0008483,PO-0004077,MAT-CARTON,877,each
MR-0008484,PO-0004078,MAT-CARTON,1164,each
MR-0008485,PO-0004078,MAT-LABEL,1147,each
MR-0008486,PO-0004079,MAT-LABEL,768,each
MR-0008487,PO-0004079,MAT-BULK-CREAM,62.87,litre
MR-0008488,PO-0004080,MAT-BULK-CREAM,70.04,litre
MR-0008489,PO-0004080,MAT-SEAL,842,each
MR-0008490,PO-0004081,MAT-SEAL,1387,each
MR-0008491,PO-0004081,MAT-PUMP-CAP,1433,each
MR-0008492,PO-0004081,MAT-CARTON,1383,each
MR-0008493,PO-0004082,MAT-CARTON,915,each
MR-0008494,PO-0004082,MAT-LABEL,901,each
MR-0008495,PO-0004083,MAT-CARTON,1003,each
MR-0008496,PO-0004083,MAT-LABEL,989,each
MR-0008497,PO-0004084,MAT-LABEL,1286,each
MR-0008498,PO-0004084,MAT-BULK-CREAM,99.83,litre
MR-0008499,PO-0004085,MAT-SEAL,950,each
MR-0008500,PO-0004085,MAT-PUMP-CAP,981,each
MR-0008501,PO-0004086,MAT-SEAL,910,each
MR-0008502,PO-0004086,MAT-PUMP-CAP,892,each
MR-0008503,PO-0004087,MAT-PUMP-CAP,1275,each
MR-0008504,PO-0004087,MAT-CARTON,1291,each
MR-0008505,PO-0004088,MAT-LABEL,849,each
MR-0008506,PO-0004088,MAT-BULK-CREAM,66.33,litre
MR-0008507,PO-0004089,MAT-PUMP-CAP,812,each
MR-0008508,PO-0004089,MAT-CARTON,832,each
MR-0008509,PO-0004090,MAT-BULK-CREAM,112.71,litre
MR-0008510,PO-0004090,MAT-SEAL,1406,each
MR-0008511,PO-0004090,MAT-PUMP-CAP,1412,each
MR-0008512,PO-0004091,MAT-CARTON,1395,each
MR-0008513,PO-0004091,MAT-LABEL,1394,each
MR-0008514,PO-0004091,MAT-BULK-CREAM,112.82,litre
MR-0008515,PO-0004092,MAT-PUMP-CAP,1053,each
MR-0008516,PO-0004092,MAT-CARTON,1060,each
MR-0008517,PO-0004093,MAT-CARTON,828,each
MR-0008518,PO-0004093,MAT-LABEL,834,each
MR-0008519,PO-0004094,MAT-LABEL,1387,each
MR-0008520,PO-0004094,MAT-BULK-CREAM,108.19,litre
MR-0008521,PO-0004095,MAT-SEAL,692,each
MR-0008522,PO-0004095,MAT-PUMP-CAP,715,each
MR-0008523,PO-0004096,MAT-PUMP-CAP,1314,each
MR-0008524,PO-0004096,MAT-CARTON,1291,each
MR-0008525,PO-0004097,MAT-BULK-CREAM,67.04,litre
MR-0008526,PO-0004097,MAT-SEAL,826,each
MR-0008527,PO-0004098,MAT-LABEL,1184,each
MR-0008528,PO-0004098,MAT-BULK-CREAM,96.73,litre
MR-0008529,PO-0004099,MAT-PUMP-CAP,1095,each
MR-0008530,PO-0004099,MAT-CARTON,1068,each
MR-0008531,PO-0004100,MAT-SEAL,687,each
MR-0008532,PO-0004100,MAT-PUMP-CAP,734,each
MR-0008533,PO-0004101,MAT-PUMP-CAP,1120,each
MR-0008534,PO-0004101,MAT-CARTON,1069,each
MR-0008535,PO-0004102,MAT-CARTON,1110,each
MR-0008536,PO-0004102,MAT-LABEL,1099,each
MR-0008537,PO-0004103,MAT-LABEL,1355,each
MR-0008538,PO-0004103,MAT-BULK-CREAM,109.32,litre
MR-0008539,PO-0004104,MAT-SEAL,1309,each
MR-0008540,PO-0004104,MAT-PUMP-CAP,1397,each
MR-0008541,PO-0004105,MAT-SEAL,910,each
MR-0008542,PO-0004105,MAT-PUMP-CAP,943,each
MR-0008543,PO-0004106,MAT-CARTON,1308,each
MR-0008544,PO-0004106,MAT-LABEL,1292,each
MR-0008545,PO-0004107,MAT-CARTON,753,each
MR-0008546,PO-0004107,MAT-LABEL,751,each
MR-0008547,PO-0004108,MAT-BULK-CREAM,59.8,litre
MR-0008548,PO-0004108,MAT-SEAL,763,each
MR-0008549,PO-0004109,MAT-BULK-CREAM,74.42,litre
MR-0008550,PO-0004109,MAT-SEAL,919,each
MR-0008551,PO-0004110,MAT-PUMP-CAP,743,each
MR-0008552,PO-0004110,MAT-CARTON,733,each
MR-0008553,PO-0004111,MAT-CARTON,678,each
MR-0008554,PO-0004111,MAT-LABEL,690,each
MR-0008555,PO-0004112,MAT-CARTON,775,each
MR-0008556,PO-0004112,MAT-LABEL,775,each
MR-0008557,PO-0004113,MAT-LABEL,719,each
MR-0008558,PO-0004113,MAT-BULK-CREAM,56.55,litre
MR-0008559,PO-0004114,MAT-BULK-CREAM,69.06,litre
MR-0008560,PO-0004114,MAT-SEAL,869,each
MR-0008561,PO-0004115,MAT-PUMP-CAP,906,each
MR-0008562,PO-0004115,MAT-CARTON,878,each
MR-0008563,PO-0004116,MAT-CARTON,1219,each
MR-0008564,PO-0004116,MAT-LABEL,1235,each
MR-0008565,PO-0004117,MAT-SEAL,692,each
MR-0008566,PO-0004117,MAT-PUMP-CAP,678,each
MR-0008567,PO-0004118,MAT-LABEL,403,each
MR-0008568,PO-0004118,MAT-BULK-CREAM,33.87,litre
MR-0008569,PO-0004119,MAT-BULK-CREAM,68.88,litre
MR-0008570,PO-0004119,MAT-SEAL,864,each
MR-0008571,PO-0004120,MAT-SEAL,589,each
MR-0008572,PO-0004120,MAT-PUMP-CAP,591,each
MR-0008573,PO-0004121,MAT-PUMP-CAP,640,each
MR-0008574,PO-0004121,MAT-CARTON,639,each
MR-0008575,PO-0004122,MAT-CARTON,559,each
MR-0008576,PO-0004122,MAT-LABEL,546,each
MR-0008577,PO-0004123,MAT-CARTON,662,each
MR-0008578,PO-0004123,MAT-LABEL,674,each
MR-0008579,PO-0004124,MAT-LABEL,428,each
MR-0008580,PO-0004124,MAT-BULK-CREAM,34.8,litre
MR-0008581,PO-0004125,MAT-LABEL,863,each
MR-0008582,PO-0004125,MAT-BULK-CREAM,68.28,litre
MR-0008583,PO-0004126,MAT-LABEL,965,each
MR-0008584,PO-0004126,MAT-BULK-CREAM,76.93,litre
MR-0008585,PO-0004127,MAT-LABEL,816,each
MR-0008586,PO-0004127,MAT-BULK-CREAM,62.38,litre
MR-0008587,PO-0004128,MAT-PUMP-CAP,544,each
MR-0008588,PO-0004128,MAT-CARTON,545,each
MR-0008589,PO-0004129,MAT-CARTON,767,each
MR-0008590,PO-0004129,MAT-LABEL,755,each
MR-0008591,PO-0004130,MAT-LABEL,821,each
MR-0008592,PO-0004130,MAT-BULK-CREAM,63.81,litre
MR-0008593,PO-0004131,MAT-CARTON,524,each
MR-0008594,PO-0004131,MAT-LABEL,536,each
MR-0008595,PO-0004132,MAT-CARTON,745,each
MR-0008596,PO-0004132,MAT-LABEL,748,each
MR-0008597,PO-0004133,MAT-CARTON,708,each
MR-0008598,PO-0004133,MAT-LABEL,703,each
MR-0008599,PO-0004134,MAT-LABEL,836,each
MR-0008600,PO-0004134,MAT-BULK-CREAM,66.5,litre
MR-0008601,PO-0004135,MAT-BULK-CREAM,53.97,litre
MR-0008602,PO-0004135,MAT-SEAL,692,each
MR-0008603,PO-0004136,MAT-SEAL,815,each
MR-0008604,PO-0004136,MAT-PUMP-CAP,799,each
MR-0008605,PO-0004137,MAT-PUMP-CAP,1112,each
MR-0008606,PO-0004137,MAT-CARTON,1089,each
MR-0008607,PO-0004138,MAT-LABEL,900,each
MR-0008608,PO-0004138,MAT-BULK-CREAM,73.64,litre
MR-0008609,PO-0004139,MAT-CARTON,1072,each
MR-0008610,PO-0004139,MAT-LABEL,1037,each
MR-0008611,PO-0004140,MAT-BULK-CREAM,57.61,litre
MR-0008612,PO-0004140,MAT-SEAL,710,each
MR-0008613,PO-0004141,MAT-PUMP-CAP,846,each
MR-0008614,PO-0004141,MAT-CARTON,850,each
MR-0008615,PO-0004142,MAT-CARTON,937,each
MR-0008616,PO-0004142,MAT-LABEL,957,each
MR-0008617,PO-0004143,MAT-CARTON,916,each
MR-0008618,PO-0004143,MAT-LABEL,905,each
MR-0008619,PO-0004144,MAT-LABEL,1082,each
MR-0008620,PO-0004144,MAT-BULK-CREAM,86.57,litre
MR-0008621,PO-0004145,MAT-SEAL,1469,each
MR-0008622,PO-0004145,MAT-PUMP-CAP,1469,each
MR-0008623,PO-0004145,MAT-CARTON,1501,each
MR-0008624,PO-0004146,MAT-SEAL,1338,each
MR-0008625,PO-0004146,MAT-PUMP-CAP,1373,each
MR-0008626,PO-0004147,MAT-PUMP-CAP,893,each
MR-0008627,PO-0004147,MAT-CARTON,865,each
MR-0008628,PO-0004148,MAT-LABEL,955,each
MR-0008629,PO-0004148,MAT-BULK-CREAM,73.38,litre
MR-0008630,PO-0004149,MAT-LABEL,1131,each
MR-0008631,PO-0004149,MAT-BULK-CREAM,87.6,litre
MR-0008632,PO-0004150,MAT-BULK-CREAM,83.5,litre
MR-0008633,PO-0004150,MAT-SEAL,1057,each
MR-0008634,PO-0004151,MAT-SEAL,1220,each
MR-0008635,PO-0004151,MAT-PUMP-CAP,1235,each
MR-0008636,PO-0004152,MAT-PUMP-CAP,815,each
MR-0008637,PO-0004152,MAT-CARTON,827,each
MR-0008638,PO-0004153,MAT-LABEL,884,each
MR-0008639,PO-0004153,MAT-BULK-CREAM,71.37,litre
MR-0008640,PO-0004154,MAT-LABEL,1481,each
MR-0008641,PO-0004154,MAT-BULK-CREAM,117.76,litre
MR-0008642,PO-0004154,MAT-SEAL,1477,each
MR-0008643,PO-0004155,MAT-BULK-CREAM,79.9,litre
MR-0008644,PO-0004155,MAT-SEAL,1006,each
MR-0008645,PO-0004156,MAT-SEAL,1329,each
MR-0008646,PO-0004156,MAT-PUMP-CAP,1361,each
MR-0008647,PO-0004157,MAT-PUMP-CAP,916,each
MR-0008648,PO-0004157,MAT-CARTON,880,each
MR-0008649,PO-0004158,MAT-CARTON,1294,each
MR-0008650,PO-0004158,MAT-LABEL,1254,each
MR-0008651,PO-0004159,MAT-LABEL,818,each
MR-0008652,PO-0004159,MAT-BULK-CREAM,65.75,litre
MR-0008653,PO-0004160,MAT-CARTON,863,each
MR-0008654,PO-0004160,MAT-LABEL,872,each
MR-0008655,PO-0004161,MAT-PUMP-CAP,1339,each
MR-0008656,PO-0004161,MAT-CARTON,1305,each
MR-0008657,PO-0004162,MAT-LABEL,1159,each
MR-0008658,PO-0004162,MAT-BULK-CREAM,94.21,litre
MR-0008659,PO-0004163,MAT-LABEL,765,each
MR-0008660,PO-0004163,MAT-BULK-CREAM,61.42,litre
MR-0008661,PO-0004164,MAT-BULK-CREAM,88.88,litre
MR-0008662,PO-0004164,MAT-SEAL,1111,each
MR-0008663,PO-0004165,MAT-LABEL,1415,each
MR-0008664,PO-0004165,MAT-BULK-CREAM,110.62,litre
MR-0008665,PO-0004165,MAT-SEAL,1360,each
MR-0008666,PO-0004166,MAT-CARTON,814,each
MR-0008667,PO-0004166,MAT-LABEL,784,each
MR-0008668,PO-0004167,MAT-BULK-CREAM,51.88,litre
MR-0008669,PO-0004167,MAT-SEAL,642,each
MR-0008670,PO-0004168,MAT-LABEL,1321,each
MR-0008671,PO-0004168,MAT-BULK-CREAM,105.51,litre
MR-0008672,PO-0004169,MAT-BULK-CREAM,106.57,litre
MR-0008673,PO-0004169,MAT-SEAL,1277,each
MR-0008674,PO-0004170,MAT-SEAL,1250,each
MR-0008675,PO-0004170,MAT-PUMP-CAP,1282,each
MR-0008676,PO-0004171,MAT-CARTON,1226,each
MR-0008677,PO-0004171,MAT-LABEL,1184,each
MR-0008678,PO-0004172,MAT-BULK-CREAM,77.8,litre
MR-0008679,PO-0004172,MAT-SEAL,924,each
MR-0008680,PO-0004173,MAT-LABEL,1146,each
MR-0008681,PO-0004173,MAT-BULK-CREAM,94.22,litre
MR-0008682,PO-0004174,MAT-BULK-CREAM,115.39,litre
MR-0008683,PO-0004174,MAT-SEAL,1473,each
MR-0008684,PO-0004174,MAT-PUMP-CAP,1498,each
MR-0008685,PO-0004175,MAT-PUMP-CAP,900,each
MR-0008686,PO-0004175,MAT-CARTON,866,each
MR-0008687,PO-0004176,MAT-CARTON,1224,each
MR-0008688,PO-0004176,MAT-LABEL,1173,each
MR-0008689,PO-0004177,MAT-LABEL,1019,each
MR-0008690,PO-0004177,MAT-BULK-CREAM,82.99,litre
MR-0008691,PO-0004178,MAT-LABEL,1029,each
MR-0008692,PO-0004178,MAT-BULK-CREAM,84.35,litre
MR-0008693,PO-0004179,MAT-BULK-CREAM,65.52,litre
MR-0008694,PO-0004179,MAT-SEAL,775,each
MR-0008695,PO-0004180,MAT-SEAL,1096,each
MR-0008696,PO-0004180,MAT-PUMP-CAP,1128,each
MR-0008697,PO-0004181,MAT-PUMP-CAP,1154,each
MR-0008698,PO-0004181,MAT-CARTON,1166,each
MR-0008699,PO-0004182,MAT-SEAL,1161,each
MR-0008700,PO-0004182,MAT-PUMP-CAP,1199,each
MR-0008701,PO-0004183,MAT-LABEL,829,each
MR-0008702,PO-0004183,MAT-BULK-CREAM,65.17,litre
MR-0008703,PO-0004184,MAT-BULK-CREAM,37.77,litre
MR-0008704,PO-0004184,MAT-SEAL,475,each
MR-0008705,PO-0004185,MAT-SEAL,704,each
MR-0008706,PO-0004185,MAT-PUMP-CAP,742,each
MR-0008707,PO-0004186,MAT-BULK-CREAM,64.46,litre
MR-0008708,PO-0004186,MAT-SEAL,821,each
MR-0008709,PO-0004187,MAT-CARTON,493,each
MR-0008710,PO-0004187,MAT-LABEL,476,each
MR-0008711,PO-0004188,MAT-LABEL,637,each
MR-0008712,PO-0004188,MAT-BULK-CREAM,50.28,litre
MR-0008713,PO-0004189,MAT-BULK-CREAM,41.42,litre
MR-0008714,PO-0004189,MAT-SEAL,529,each
MR-0008715,PO-0004190,MAT-LABEL,772,each
MR-0008716,PO-0004190,MAT-BULK-CREAM,63.27,litre
MR-0008717,PO-0004191,MAT-CARTON,490,each
MR-0008718,PO-0004191,MAT-LABEL,495,each
MR-0008719,PO-0004192,MAT-LABEL,624,each
MR-0008720,PO-0004192,MAT-BULK-CREAM,51.45,litre
MR-0008721,PO-0004193,MAT-SEAL,473,each
MR-0008722,PO-0004193,MAT-PUMP-CAP,477,each
MR-0008723,PO-0004194,MAT-PUMP-CAP,960,each
MR-0008724,PO-0004194,MAT-CARTON,931,each
MR-0008725,PO-0004195,MAT-SEAL,762,each
MR-0008726,PO-0004195,MAT-PUMP-CAP,776,each
MR-0008727,PO-0004196,MAT-BULK-CREAM,40.81,litre
MR-0008728,PO-0004196,MAT-SEAL,520,each
MR-0008729,PO-0004197,MAT-CARTON,533,each
MR-0008730,PO-0004197,MAT-LABEL,529,each
MR-0008731,PO-0004198,MAT-CARTON,936,each
MR-0008732,PO-0004198,MAT-LABEL,903,each
MR-0008733,PO-0004199,MAT-SEAL,740,each
MR-0008734,PO-0004199,MAT-PUMP-CAP,786,each
MR-0008735,PO-0004200,MAT-BULK-CREAM,46.74,litre
MR-0008736,PO-0004200,MAT-SEAL,577,each
MR-0008737,PO-0004201,MAT-SEAL,629,each
MR-0008738,PO-0004201,MAT-PUMP-CAP,631,each
MR-0008739,PO-0004202,MAT-PUMP-CAP,615,each
MR-0008740,PO-0004202,MAT-CARTON,617,each
MR-0008741,PO-0004203,MAT-CARTON,762,each
MR-0008742,PO-0004203,MAT-LABEL,773,each
MR-0008743,PO-0004204,MAT-LABEL,1088,each
MR-0008744,PO-0004204,MAT-BULK-CREAM,86.56,litre
MR-0008745,PO-0004205,MAT-BULK-CREAM,57.65,litre
MR-0008746,PO-0004205,MAT-SEAL,705,each
MR-0008747,PO-0004206,MAT-PUMP-CAP,764,each
MR-0008748,PO-0004206,MAT-CARTON,749,each
MR-0008749,PO-0004207,MAT-PUMP-CAP,1429,each
MR-0008750,PO-0004207,MAT-CARTON,1445,each
MR-0008751,PO-0004207,MAT-LABEL,1401,each
MR-0008752,PO-0004208,MAT-CARTON,933,each
MR-0008753,PO-0004208,MAT-LABEL,950,each
MR-0008754,PO-0004209,MAT-BULK-CREAM,92.76,litre
MR-0008755,PO-0004209,MAT-SEAL,1127,each
MR-0008756,PO-0004210,MAT-BULK-CREAM,75.3,litre
MR-0008757,PO-0004210,MAT-SEAL,918,each
MR-0008758,PO-0004211,MAT-SEAL,822,each
MR-0008759,PO-0004211,MAT-PUMP-CAP,834,each
MR-0008760,PO-0004212,MAT-PUMP-CAP,1510,each
MR-0008761,PO-0004212,MAT-CARTON,1510,each
MR-0008762,PO-0004212,MAT-LABEL,1505,each
MR-0008763,PO-0004213,MAT-CARTON,1248,each
MR-0008764,PO-0004213,MAT-LABEL,1255,each
MR-0008765,PO-0004214,MAT-SEAL,988,each
MR-0008766,PO-0004214,MAT-PUMP-CAP,1026,each
MR-0008767,PO-0004215,MAT-LABEL,898,each
MR-0008768,PO-0004215,MAT-BULK-CREAM,71,litre
MR-0008769,PO-0004216,MAT-SEAL,1058,each
MR-0008770,PO-0004216,MAT-PUMP-CAP,1039,each
MR-0008771,PO-0004217,MAT-PUMP-CAP,814,each
MR-0008772,PO-0004217,MAT-CARTON,802,each
MR-0008773,PO-0004218,MAT-LABEL,1372,each
MR-0008774,PO-0004218,MAT-BULK-CREAM,114.75,litre
MR-0008775,PO-0004218,MAT-SEAL,1466,each
MR-0008776,PO-0004219,MAT-LABEL,891,each
MR-0008777,PO-0004219,MAT-BULK-CREAM,69.5,litre
MR-0008778,PO-0004220,MAT-BULK-CREAM,68.36,litre
MR-0008779,PO-0004220,MAT-SEAL,875,each
MR-0008780,PO-0004221,MAT-PUMP-CAP,736,each
MR-0008781,PO-0004221,MAT-CARTON,778,each
MR-0008782,PO-0004222,MAT-PUMP-CAP,966,each
MR-0008783,PO-0004222,MAT-CARTON,948,each
MR-0008784,PO-0004223,MAT-CARTON,1255,each
MR-0008785,PO-0004223,MAT-LABEL,1222,each
MR-0008786,PO-0004224,MAT-CARTON,1276,each
MR-0008787,PO-0004224,MAT-LABEL,1266,each
MR-0008788,PO-0004225,MAT-SEAL,1291,each
MR-0008789,PO-0004225,MAT-PUMP-CAP,1256,each
MR-0008790,PO-0004226,MAT-PUMP-CAP,1196,each
MR-0008791,PO-0004226,MAT-CARTON,1143,each
MR-0008792,PO-0004227,MAT-BULK-CREAM,58.39,litre
MR-0008793,PO-0004227,MAT-SEAL,749,each
MR-0008794,PO-0004228,MAT-LABEL,719,each
MR-0008795,PO-0004228,MAT-BULK-CREAM,57.94,litre
MR-0008796,PO-0004229,MAT-SEAL,1060,each
MR-0008797,PO-0004229,MAT-PUMP-CAP,1092,each
MR-0008798,PO-0004230,MAT-SEAL,748,each
MR-0008799,PO-0004230,MAT-PUMP-CAP,772,each
MR-0008800,PO-0004231,MAT-PUMP-CAP,955,each
MR-0008801,PO-0004231,MAT-CARTON,957,each
MR-0008802,PO-0004232,MAT-BULK-CREAM,99.72,litre
MR-0008803,PO-0004232,MAT-SEAL,1239,each
MR-0008804,PO-0004233,MAT-LABEL,1250,each
MR-0008805,PO-0004233,MAT-BULK-CREAM,100.44,litre
MR-0008806,PO-0004234,MAT-SEAL,998,each
MR-0008807,PO-0004234,MAT-PUMP-CAP,1011,each
MR-0008808,PO-0004235,MAT-PUMP-CAP,1250,each
MR-0008809,PO-0004235,MAT-CARTON,1254,each
MR-0008810,PO-0004236,MAT-CARTON,1330,each
MR-0008811,PO-0004236,MAT-LABEL,1355,each
MR-0008812,PO-0004237,MAT-LABEL,1049,each
MR-0008813,PO-0004237,MAT-BULK-CREAM,85.05,litre
MR-0008814,PO-0004238,MAT-LABEL,1370,each
MR-0008815,PO-0004238,MAT-BULK-CREAM,111.08,litre
MR-0008816,PO-0004239,MAT-PUMP-CAP,808,each
MR-0008817,PO-0004239,MAT-CARTON,784,each
MR-0008818,PO-0004240,MAT-SEAL,629,each
MR-0008819,PO-0004240,MAT-PUMP-CAP,614,each
MR-0008820,PO-0004241,MAT-PUMP-CAP,737,each
MR-0008821,PO-0004241,MAT-CARTON,729,each
MR-0008822,PO-0004242,MAT-CARTON,704,each
MR-0008823,PO-0004242,MAT-LABEL,722,each
MR-0008824,PO-0004243,MAT-LABEL,872,each
MR-0008825,PO-0004243,MAT-BULK-CREAM,69.67,litre
MR-0008826,PO-0004244,MAT-CARTON,938,each
MR-0008827,PO-0004244,MAT-LABEL,912,each
MR-0008828,PO-0004245,MAT-CARTON,771,each
MR-0008829,PO-0004245,MAT-LABEL,768,each
MR-0008830,PO-0004246,MAT-BULK-CREAM,81.54,litre
MR-0008831,PO-0004246,MAT-SEAL,1041,each
MR-0008832,PO-0004247,MAT-CARTON,1078,each
MR-0008833,PO-0004247,MAT-LABEL,1083,each
MR-0008834,PO-0004248,MAT-BULK-CREAM,97.93,litre
MR-0008835,PO-0004248,MAT-SEAL,1225,each
MR-0008836,PO-0004249,MAT-BULK-CREAM,55.89,litre
MR-0008837,PO-0004249,MAT-SEAL,695,each
MR-0008838,PO-0004250,MAT-LABEL,619,each
MR-0008839,PO-0004250,MAT-BULK-CREAM,50.58,litre
MR-0008840,PO-0004251,MAT-PUMP-CAP,749,each
MR-0008841,PO-0004251,MAT-CARTON,756,each
MR-0008842,PO-0004252,MAT-CARTON,890,each
MR-0008843,PO-0004252,MAT-LABEL,875,each
MR-0008844,PO-0004253,MAT-LABEL,903,each
MR-0008845,PO-0004253,MAT-BULK-CREAM,70.83,litre
MR-0008846,PO-0004254,MAT-BULK-CREAM,56.14,litre
MR-0008847,PO-0004254,MAT-SEAL,703,each
MR-0008848,PO-0004255,MAT-SEAL,746,each
MR-0008849,PO-0004255,MAT-PUMP-CAP,777,each
MR-0008850,PO-0004256,MAT-PUMP-CAP,821,each
MR-0008851,PO-0004256,MAT-CARTON,771,each
MR-0008852,PO-0004257,MAT-LABEL,439,each
MR-0008853,PO-0004257,MAT-BULK-CREAM,35.62,litre
MR-0008854,PO-0004258,MAT-LABEL,804,each
MR-0008855,PO-0004258,MAT-BULK-CREAM,59.72,litre
MR-0008856,PO-0004259,MAT-SEAL,618,each
MR-0008857,PO-0004259,MAT-PUMP-CAP,611,each
MR-0008858,PO-0004260,MAT-SEAL,535,each
MR-0008859,PO-0004260,MAT-PUMP-CAP,545,each
MR-0008860,PO-0004261,MAT-LABEL,434,each
MR-0008861,PO-0004261,MAT-BULK-CREAM,35.27,litre
MR-0008862,PO-0004262,MAT-CARTON,791,each
MR-0008863,PO-0004262,MAT-LABEL,787,each
MR-0008864,PO-0004263,MAT-LABEL,622,each
MR-0008865,PO-0004263,MAT-BULK-CREAM,51.86,litre
MR-0008866,PO-0004264,MAT-LABEL,701,each
MR-0008867,PO-0004264,MAT-BULK-CREAM,56.13,litre
MR-0008868,PO-0004265,MAT-LABEL,603,each
MR-0008869,PO-0004265,MAT-BULK-CREAM,48.21,litre
MR-0008870,PO-0004266,MAT-SEAL,788,each
MR-0008871,PO-0004266,MAT-PUMP-CAP,817,each
MR-0008872,PO-0004267,MAT-PUMP-CAP,753,each
MR-0008873,PO-0004267,MAT-CARTON,768,each
MR-0008874,PO-0004268,MAT-BULK-CREAM,73.65,litre
MR-0008875,PO-0004268,MAT-SEAL,942,each
MR-0008876,PO-0004269,MAT-BULK-CREAM,53.65,litre
MR-0008877,PO-0004269,MAT-SEAL,655,each
MR-0008878,PO-0004270,MAT-BULK-CREAM,80.46,litre
MR-0008879,PO-0004270,MAT-SEAL,1023,each
MR-0008880,PO-0004271,MAT-CARTON,789,each
MR-0008881,PO-0004271,MAT-LABEL,795,each
MR-0008882,PO-0004272,MAT-CARTON,1096,each
MR-0008883,PO-0004272,MAT-LABEL,1086,each
MR-0008884,PO-0004273,MAT-CARTON,1493,each
MR-0008885,PO-0004273,MAT-LABEL,1482,each
MR-0008886,PO-0004273,MAT-BULK-CREAM,117.02,litre
MR-0008887,PO-0004274,MAT-SEAL,1195,each
MR-0008888,PO-0004274,MAT-PUMP-CAP,1214,each
MR-0008889,PO-0004275,MAT-BULK-CREAM,78.07,litre
MR-0008890,PO-0004275,MAT-SEAL,958,each
MR-0008891,PO-0004276,MAT-LABEL,908,each
MR-0008892,PO-0004276,MAT-BULK-CREAM,72.47,litre
MR-0008893,PO-0004277,MAT-SEAL,1185,each
MR-0008894,PO-0004277,MAT-PUMP-CAP,1205,each
MR-0008895,PO-0004278,MAT-CARTON,1413,each
MR-0008896,PO-0004278,MAT-LABEL,1360,each
MR-0008897,PO-0004279,MAT-LABEL,1264,each
MR-0008898,PO-0004279,MAT-BULK-CREAM,100.41,litre
MR-0008899,PO-0004280,MAT-BULK-CREAM,88.15,litre
MR-0008900,PO-0004280,MAT-SEAL,1112,each
MR-0008901,PO-0004281,MAT-SEAL,1609,each
MR-0008902,PO-0004281,MAT-PUMP-CAP,1651,each
MR-0008903,PO-0004281,MAT-CARTON,1583,each
MR-0008904,PO-0004282,MAT-PUMP-CAP,1285,each
MR-0008905,PO-0004282,MAT-CARTON,1244,each
MR-0008906,PO-0004283,MAT-LABEL,1308,each
MR-0008907,PO-0004283,MAT-BULK-CREAM,102.87,litre
MR-0008908,PO-0004284,MAT-LABEL,873,each
MR-0008909,PO-0004284,MAT-BULK-CREAM,68.99,litre
MR-0008910,PO-0004285,MAT-CARTON,1102,each
MR-0008911,PO-0004285,MAT-LABEL,1066,each
MR-0008912,PO-0004286,MAT-SEAL,1242,each
MR-0008913,PO-0004286,MAT-PUMP-CAP,1232,each
MR-0008914,PO-0004287,MAT-PUMP-CAP,901,each
MR-0008915,PO-0004287,MAT-CARTON,873,each
MR-0008916,PO-0004288,MAT-LABEL,1395,each
MR-0008917,PO-0004288,MAT-BULK-CREAM,111.82,litre
MR-0008918,PO-0004288,MAT-SEAL,1436,each
MR-0008919,PO-0004289,MAT-LABEL,739,each
MR-0008920,PO-0004289,MAT-BULK-CREAM,58.34,litre
MR-0008921,PO-0004290,MAT-PUMP-CAP,1441,each
MR-0008922,PO-0004290,MAT-CARTON,1431,each
MR-0008923,PO-0004290,MAT-LABEL,1409,each
MR-0008924,PO-0004291,MAT-PUMP-CAP,1433,each
MR-0008925,PO-0004291,MAT-CARTON,1391,each
MR-0008926,PO-0004291,MAT-LABEL,1421,each
MR-0008927,PO-0004292,MAT-LABEL,992,each
MR-0008928,PO-0004292,MAT-BULK-CREAM,79.82,litre
MR-0008929,PO-0004293,MAT-LABEL,700,each
MR-0008930,PO-0004293,MAT-BULK-CREAM,55.25,litre
MR-0008931,PO-0004294,MAT-SEAL,1049,each
MR-0008932,PO-0004294,MAT-PUMP-CAP,1066,each
MR-0008933,PO-0004295,MAT-PUMP-CAP,992,each
MR-0008934,PO-0004295,MAT-CARTON,991,each
MR-0008935,PO-0004296,MAT-PUMP-CAP,1229,each
MR-0008936,PO-0004296,MAT-CARTON,1236,each
MR-0008937,PO-0004297,MAT-CARTON,1128,each
MR-0008938,PO-0004297,MAT-LABEL,1123,each
MR-0008939,PO-0004298,MAT-LABEL,642,each
MR-0008940,PO-0004298,MAT-BULK-CREAM,52.41,litre
MR-0008941,PO-0004299,MAT-BULK-CREAM,75.87,litre
MR-0008942,PO-0004299,MAT-SEAL,953,each
MR-0008943,PO-0004300,MAT-CARTON,752,each
MR-0008944,PO-0004300,MAT-LABEL,765,each
MR-0008945,PO-0004301,MAT-BULK-CREAM,57.6,litre
MR-0008946,PO-0004301,MAT-SEAL,706,each
MR-0008947,PO-0004302,MAT-LABEL,913,each
MR-0008948,PO-0004302,MAT-BULK-CREAM,72.74,litre
MR-0008949,PO-0004303,MAT-LABEL,1356,each
MR-0008950,PO-0004303,MAT-BULK-CREAM,111.32,litre
MR-0008951,PO-0004304,MAT-BULK-CREAM,103.07,litre
MR-0008952,PO-0004304,MAT-SEAL,1342,each
MR-0008953,PO-0004305,MAT-SEAL,696,each
MR-0008954,PO-0004305,MAT-PUMP-CAP,696,each
MR-0008955,PO-0004306,MAT-BULK-CREAM,53.36,litre
MR-0008956,PO-0004306,MAT-SEAL,684,each
MR-0008957,PO-0004307,MAT-SEAL,1058,each
MR-0008958,PO-0004307,MAT-PUMP-CAP,1099,each
MR-0008959,PO-0004308,MAT-PUMP-CAP,526,each
MR-0008960,PO-0004308,MAT-CARTON,518,each
MR-0008961,PO-0004309,MAT-SEAL,834,each
MR-0008962,PO-0004309,MAT-PUMP-CAP,829,each
MR-0008963,PO-0004310,MAT-SEAL,885,each
MR-0008964,PO-0004310,MAT-PUMP-CAP,897,each
MR-0008965,PO-0004311,MAT-CARTON,605,each
MR-0008966,PO-0004311,MAT-LABEL,591,each
MR-0008967,PO-0004312,MAT-CARTON,1102,each
MR-0008968,PO-0004312,MAT-LABEL,1073,each
MR-0008969,PO-0004313,MAT-SEAL,845,each
MR-0008970,PO-0004313,MAT-PUMP-CAP,828,each
MR-0008971,PO-0004314,MAT-BULK-CREAM,38.87,litre
MR-0008972,PO-0004314,MAT-SEAL,502,each
MR-0008973,PO-0004315,MAT-SEAL,840,each
MR-0008974,PO-0004315,MAT-PUMP-CAP,832,each
MR-0008975,PO-0004316,MAT-PUMP-CAP,768,each
MR-0008976,PO-0004316,MAT-CARTON,791,each
MR-0008977,PO-0004317,MAT-CARTON,618,each
MR-0008978,PO-0004317,MAT-LABEL,618,each
MR-0008979,PO-0004318,MAT-LABEL,388,each
MR-0008980,PO-0004318,MAT-BULK-CREAM,31.03,litre
MR-0008981,PO-0004319,MAT-BULK-CREAM,72.79,litre
MR-0008982,PO-0004319,MAT-SEAL,914,each
MR-0008983,PO-0004320,MAT-SEAL,663,each
MR-0008984,PO-0004320,MAT-PUMP-CAP,697,each
MR-0008985,PO-0004321,MAT-BULK-CREAM,38.22,litre
MR-0008986,PO-0004321,MAT-SEAL,483,each
MR-0008987,PO-0004322,MAT-BULK-CREAM,68.41,litre
MR-0008988,PO-0004322,MAT-SEAL,850,each
MR-0008989,PO-0004323,MAT-SEAL,670,each
MR-0008990,PO-0004323,MAT-PUMP-CAP,686,each
MR-0008991,PO-0004324,MAT-PUMP-CAP,483,each
MR-0008992,PO-0004324,MAT-CARTON,477,each
MR-0008993,PO-0004325,MAT-SEAL,973,each
MR-0008994,PO-0004325,MAT-PUMP-CAP,978,each
MR-0008995,PO-0004326,MAT-PUMP-CAP,457,each
MR-0008996,PO-0004326,MAT-CARTON,463,each
MR-0008997,PO-0004327,MAT-LABEL,661,each
MR-0008998,PO-0004327,MAT-BULK-CREAM,53.59,litre
MR-0008999,PO-0004328,MAT-BULK-CREAM,55.88,litre
MR-0009000,PO-0004328,MAT-SEAL,717,each
MR-0009001,PO-0004329,MAT-SEAL,1061,each
MR-0009002,PO-0004329,MAT-PUMP-CAP,1049,each
MR-0009003,PO-0004330,MAT-LABEL,1131,each
MR-0009004,PO-0004330,MAT-BULK-CREAM,90.87,litre
MR-0009005,PO-0004331,MAT-LABEL,744,each
MR-0009006,PO-0004331,MAT-BULK-CREAM,59.13,litre
MR-0009007,PO-0004332,MAT-PUMP-CAP,915,each
MR-0009008,PO-0004332,MAT-CARTON,929,each
MR-0009009,PO-0004333,MAT-CARTON,823,each
MR-0009010,PO-0004333,MAT-LABEL,792,each
MR-0009011,PO-0004334,MAT-LABEL,934,each
MR-0009012,PO-0004334,MAT-BULK-CREAM,71.74,litre
MR-0009013,PO-0004335,MAT-BULK-CREAM,59.44,litre
MR-0009014,PO-0004335,MAT-SEAL,750,each
MR-0009015,PO-0004336,MAT-CARTON,1116,each
MR-0009016,PO-0004336,MAT-LABEL,1099,each
MR-0009017,PO-0004337,MAT-PUMP-CAP,592,each
MR-0009018,PO-0004337,MAT-CARTON,577,each
MR-0009019,PO-0004338,MAT-CARTON,726,each
MR-0009020,PO-0004338,MAT-LABEL,735,each
MR-0009021,PO-0004339,MAT-LABEL,1187,each
MR-0009022,PO-0004339,MAT-BULK-CREAM,93.35,litre
MR-0009023,PO-0004340,MAT-LABEL,1393,each
MR-0009024,PO-0004340,MAT-BULK-CREAM,107.54,litre
MR-0009025,PO-0004341,MAT-SEAL,843,each
MR-0009026,PO-0004341,MAT-PUMP-CAP,859,each
MR-0009027,PO-0004342,MAT-PUMP-CAP,1053,each
MR-0009028,PO-0004342,MAT-CARTON,1108,each
MR-0009029,PO-0004343,MAT-LABEL,1390,each
MR-0009030,PO-0004343,MAT-BULK-CREAM,109.55,litre
MR-0009031,PO-0004344,MAT-LABEL,1005,each
MR-0009032,PO-0004344,MAT-BULK-CREAM,80.59,litre
MR-0009033,PO-0004345,MAT-BULK-CREAM,102.88,litre
MR-0009034,PO-0004345,MAT-SEAL,1279,each
MR-0009035,PO-0004346,MAT-SEAL,1545,each
MR-0009036,PO-0004346,MAT-PUMP-CAP,1579,each
MR-0009037,PO-0004346,MAT-CARTON,1577,each
MR-0009038,PO-0004347,MAT-PUMP-CAP,1467,each
MR-0009039,PO-0004347,MAT-CARTON,1513,each
MR-0009040,PO-0004347,MAT-LABEL,1471,each
MR-0009041,PO-0004348,MAT-SEAL,1210,each
MR-0009042,PO-0004348,MAT-PUMP-CAP,1244,each
MR-0009043,PO-0004349,MAT-BULK-CREAM,68.83,litre
MR-0009044,PO-0004349,MAT-SEAL,856,each
MR-0009045,PO-0004350,MAT-BULK-CREAM,118.66,litre
MR-0009046,PO-0004350,MAT-SEAL,1471,each
MR-0009047,PO-0004350,MAT-PUMP-CAP,1502,each
MR-0009048,PO-0004351,MAT-PUMP-CAP,1144,each
MR-0009049,PO-0004351,MAT-CARTON,1151,each
MR-0009050,PO-0004352,MAT-PUMP-CAP,752,each
MR-0009051,PO-0004352,MAT-CARTON,751,each
MR-0009052,PO-0004353,MAT-CARTON,1296,each
MR-0009053,PO-0004353,MAT-LABEL,1271,each
MR-0009054,PO-0004354,MAT-LABEL,705,each
MR-0009055,PO-0004354,MAT-BULK-CREAM,56.46,litre
MR-0009056,PO-0004355,MAT-LABEL,997,each
MR-0009057,PO-0004355,MAT-BULK-CREAM,81.1,litre
MR-0009058,PO-0004356,MAT-LABEL,1135,each
MR-0009059,PO-0004356,MAT-BULK-CREAM,89.63,litre
MR-0009060,PO-0004357,MAT-SEAL,1419,each
MR-0009061,PO-0004357,MAT-PUMP-CAP,1452,each
MR-0009062,PO-0004357,MAT-CARTON,1379,each
MR-0009063,PO-0004358,MAT-BULK-CREAM,72.53,litre
MR-0009064,PO-0004358,MAT-SEAL,887,each
MR-0009065,PO-0004359,MAT-PUMP-CAP,1261,each
MR-0009066,PO-0004359,MAT-CARTON,1266,each
MR-0009067,PO-0004360,MAT-PUMP-CAP,682,each
MR-0009068,PO-0004360,MAT-CARTON,672,each
MR-0009069,PO-0004361,MAT-PUMP-CAP,1000,each
MR-0009070,PO-0004361,MAT-CARTON,962,each
MR-0009071,PO-0004362,MAT-CARTON,837,each
MR-0009072,PO-0004362,MAT-LABEL,813,each
MR-0009073,PO-0004363,MAT-SEAL,1236,each
MR-0009074,PO-0004363,MAT-PUMP-CAP,1281,each
MR-0009075,PO-0004364,MAT-BULK-CREAM,78.38,litre
MR-0009076,PO-0004364,MAT-SEAL,954,each
MR-0009077,PO-0004365,MAT-SEAL,1439,each
MR-0009078,PO-0004365,MAT-PUMP-CAP,1499,each
MR-0009079,PO-0004365,MAT-CARTON,1451,each
MR-0009080,PO-0004366,MAT-PUMP-CAP,671,each
MR-0009081,PO-0004366,MAT-CARTON,694,each
MR-0009082,PO-0004367,MAT-CARTON,971,each
MR-0009083,PO-0004367,MAT-LABEL,949,each
MR-0009084,PO-0004368,MAT-LABEL,1326,each
MR-0009085,PO-0004368,MAT-BULK-CREAM,103.31,litre
MR-0009086,PO-0004369,MAT-BULK-CREAM,107.17,litre
MR-0009087,PO-0004369,MAT-SEAL,1393,each
MR-0009088,PO-0004370,MAT-SEAL,683,each
MR-0009089,PO-0004370,MAT-PUMP-CAP,708,each
MR-0009090,PO-0004371,MAT-BULK-CREAM,50.4,litre
MR-0009091,PO-0004371,MAT-SEAL,633,each
MR-0009092,PO-0004372,MAT-BULK-CREAM,86.92,litre
MR-0009093,PO-0004372,MAT-SEAL,1100,each
MR-0009094,PO-0004373,MAT-PUMP-CAP,896,each
MR-0009095,PO-0004373,MAT-CARTON,897,each
MR-0009096,PO-0004374,MAT-CARTON,1042,each
MR-0009097,PO-0004374,MAT-LABEL,1046,each
MR-0009098,PO-0004375,MAT-LABEL,532,each
MR-0009099,PO-0004375,MAT-BULK-CREAM,42.8,litre
MR-0009100,PO-0004376,MAT-SEAL,505,each
MR-0009101,PO-0004376,MAT-PUMP-CAP,510,each
MR-0009102,PO-0004377,MAT-SEAL,858,each
MR-0009103,PO-0004377,MAT-PUMP-CAP,870,each
MR-0009104,PO-0004378,MAT-PUMP-CAP,1117,each
MR-0009105,PO-0004378,MAT-CARTON,1104,each
MR-0009106,PO-0004379,MAT-BULK-CREAM,35.64,litre
MR-0009107,PO-0004379,MAT-SEAL,454,each
MR-0009108,PO-0004380,MAT-SEAL,774,each
MR-0009109,PO-0004380,MAT-PUMP-CAP,779,each
MR-0009110,PO-0004381,MAT-PUMP-CAP,425,each
MR-0009111,PO-0004381,MAT-CARTON,433,each
MR-0009112,PO-0004382,MAT-PUMP-CAP,679,each
MR-0009113,PO-0004382,MAT-CARTON,700,each
MR-0009114,PO-0004383,MAT-LABEL,561,each
MR-0009115,PO-0004383,MAT-BULK-CREAM,44.47,litre
MR-0009116,PO-0004384,MAT-BULK-CREAM,42.45,litre
MR-0009117,PO-0004384,MAT-SEAL,528,each
MR-0009118,PO-0004385,MAT-SEAL,755,each
MR-0009119,PO-0004385,MAT-PUMP-CAP,789,each
MR-0009120,PO-0004386,MAT-LABEL,691,each
MR-0009121,PO-0004386,MAT-BULK-CREAM,54.86,litre
MR-0009122,PO-0004387,MAT-BULK-CREAM,70.99,litre
MR-0009123,PO-0004387,MAT-SEAL,889,each
MR-0009124,PO-0004388,MAT-SEAL,559,each
MR-0009125,PO-0004388,MAT-PUMP-CAP,572,each
MR-0009126,PO-0004389,MAT-PUMP-CAP,516,each
MR-0009127,PO-0004389,MAT-CARTON,511,each
MR-0009128,PO-0004390,MAT-SEAL,747,each
MR-0009129,PO-0004390,MAT-PUMP-CAP,763,each
MR-0009130,PO-0004391,MAT-PUMP-CAP,681,each
MR-0009131,PO-0004391,MAT-CARTON,670,each
MR-0009132,PO-0004392,MAT-LABEL,832,each
MR-0009133,PO-0004392,MAT-BULK-CREAM,67.8,litre
MR-0009134,PO-0004393,MAT-CARTON,870,each
MR-0009135,PO-0004393,MAT-LABEL,884,each
MR-0009136,PO-0004394,MAT-SEAL,944,each
MR-0009137,PO-0004394,MAT-PUMP-CAP,938,each
MR-0009138,PO-0004395,MAT-BULK-CREAM,89.66,litre
MR-0009139,PO-0004395,MAT-SEAL,1118,each
MR-0009140,PO-0004396,MAT-SEAL,1058,each
MR-0009141,PO-0004396,MAT-PUMP-CAP,1099,each
MR-0009142,PO-0004397,MAT-PUMP-CAP,602,each
MR-0009143,PO-0004397,MAT-CARTON,605,each
MR-0009144,PO-0004398,MAT-CARTON,897,each
MR-0009145,PO-0004398,MAT-LABEL,879,each
MR-0009146,PO-0004399,MAT-BULK-CREAM,47.87,litre
MR-0009147,PO-0004399,MAT-SEAL,582,each
MR-0009148,PO-0004400,MAT-BULK-CREAM,39.48,litre
MR-0009149,PO-0004400,MAT-SEAL,494,each
MR-0009150,PO-0004401,MAT-PUMP-CAP,805,each
MR-0009151,PO-0004401,MAT-CARTON,818,each
MR-0009152,PO-0004402,MAT-CARTON,806,each
MR-0009153,PO-0004402,MAT-LABEL,800,each
MR-0009154,PO-0004403,MAT-LABEL,1343,each
MR-0009155,PO-0004403,MAT-BULK-CREAM,106.68,litre
MR-0009156,PO-0004404,MAT-LABEL,731,each
MR-0009157,PO-0004404,MAT-BULK-CREAM,58.11,litre
MR-0009158,PO-0004405,MAT-BULK-CREAM,104.49,litre
MR-0009159,PO-0004405,MAT-SEAL,1290,each
MR-0009160,PO-0004406,MAT-SEAL,1206,each
MR-0009161,PO-0004406,MAT-PUMP-CAP,1240,each
MR-0009162,PO-0004407,MAT-PUMP-CAP,1000,each
MR-0009163,PO-0004407,MAT-CARTON,954,each
MR-0009164,PO-0004408,MAT-CARTON,759,each
MR-0009165,PO-0004408,MAT-LABEL,736,each
MR-0009166,PO-0004409,MAT-LABEL,764,each
MR-0009167,PO-0004409,MAT-BULK-CREAM,60.77,litre
MR-0009168,PO-0004410,MAT-CARTON,1158,each
MR-0009169,PO-0004410,MAT-LABEL,1171,each
MR-0009170,PO-0004411,MAT-CARTON,1230,each
MR-0009171,PO-0004411,MAT-LABEL,1201,each
MR-0009172,PO-0004412,MAT-PUMP-CAP,1301,each
MR-0009173,PO-0004412,MAT-CARTON,1313,each
MR-0009174,PO-0004413,MAT-LABEL,1429,each
MR-0009175,PO-0004413,MAT-BULK-CREAM,113.27,litre
MR-0009176,PO-0004413,MAT-SEAL,1435,each
MR-0009177,PO-0004414,MAT-LABEL,676,each
MR-0009178,PO-0004414,MAT-BULK-CREAM,54.94,litre
MR-0009179,PO-0004415,MAT-BULK-CREAM,89.29,litre
MR-0009180,PO-0004415,MAT-SEAL,1130,each
MR-0009181,PO-0004416,MAT-SEAL,1445,each
MR-0009182,PO-0004416,MAT-PUMP-CAP,1465,each
MR-0009183,PO-0004416,MAT-CARTON,1466,each
MR-0009184,PO-0004417,MAT-PUMP-CAP,1076,each
MR-0009185,PO-0004417,MAT-CARTON,1102,each
MR-0009186,PO-0004418,MAT-SEAL,1207,each
MR-0009187,PO-0004418,MAT-PUMP-CAP,1237,each
MR-0009188,PO-0004419,MAT-LABEL,1266,each
MR-0009189,PO-0004419,MAT-BULK-CREAM,99.8,litre
MR-0009190,PO-0004420,MAT-SEAL,1247,each
MR-0009191,PO-0004420,MAT-PUMP-CAP,1238,each
MR-0009192,PO-0004421,MAT-PUMP-CAP,741,each
MR-0009193,PO-0004421,MAT-CARTON,682,each
MR-0009194,PO-0004422,MAT-LABEL,1425,each
MR-0009195,PO-0004422,MAT-BULK-CREAM,117.42,litre
MR-0009196,PO-0004422,MAT-SEAL,1451,each
MR-0009197,PO-0004423,MAT-PUMP-CAP,1020,each
MR-0009198,PO-0004423,MAT-CARTON,1018,each
MR-0009199,PO-0004424,MAT-BULK-CREAM,64.24,litre
MR-0009200,PO-0004424,MAT-SEAL,798,each
MR-0009201,PO-0004425,MAT-CARTON,1387,each
MR-0009202,PO-0004425,MAT-LABEL,1362,each
MR-0009203,PO-0004426,MAT-CARTON,797,each
MR-0009204,PO-0004426,MAT-LABEL,771,each
MR-0009205,PO-0004427,MAT-LABEL,967,each
MR-0009206,PO-0004427,MAT-BULK-CREAM,78.97,litre
MR-0009207,PO-0004428,MAT-LABEL,839,each
MR-0009208,PO-0004428,MAT-BULK-CREAM,67.07,litre
MR-0009209,PO-0004429,MAT-BULK-CREAM,68.48,litre
MR-0009210,PO-0004429,MAT-SEAL,869,each
MR-0009211,PO-0004430,MAT-LABEL,1083,each
MR-0009212,PO-0004430,MAT-BULK-CREAM,88.9,litre
MR-0009213,PO-0004431,MAT-CARTON,1032,each
MR-0009214,PO-0004431,MAT-LABEL,1028,each
MR-0009215,PO-0004432,MAT-LABEL,1437,each
MR-0009216,PO-0004432,MAT-BULK-CREAM,115.15,litre
MR-0009217,PO-0004432,MAT-SEAL,1427,each
MR-0009218,PO-0004433,MAT-LABEL,1462,each
MR-0009219,PO-0004433,MAT-BULK-CREAM,114.99,litre
MR-0009220,PO-0004433,MAT-SEAL,1444,each
MR-0009221,PO-0004434,MAT-CARTON,685,each
MR-0009222,PO-0004434,MAT-LABEL,680,each
MR-0009223,PO-0004435,MAT-LABEL,686,each
MR-0009224,PO-0004435,MAT-BULK-CREAM,54.77,litre
MR-0009225,PO-0004436,MAT-BULK-CREAM,71.7,litre
MR-0009226,PO-0004436,MAT-SEAL,896,each
MR-0009227,PO-0004437,MAT-LABEL,1180,each
MR-0009228,PO-0004437,MAT-BULK-CREAM,95.32,litre
MR-0009229,PO-0004438,MAT-BULK-CREAM,86.3,litre
MR-0009230,PO-0004438,MAT-SEAL,1153,each
MR-0009231,PO-0004439,MAT-PUMP-CAP,991,each
MR-0009232,PO-0004439,MAT-CARTON,990,each
MR-0009233,PO-0004440,MAT-PUMP-CAP,1251,each
MR-0009234,PO-0004440,MAT-CARTON,1260,each
MR-0009235,PO-0004441,MAT-LABEL,535,each
MR-0009236,PO-0004441,MAT-BULK-CREAM,43.98,litre
MR-0009237,PO-0004442,MAT-SEAL,845,each
MR-0009238,PO-0004442,MAT-PUMP-CAP,866,each
MR-0009239,PO-0004443,MAT-LABEL,558,each
MR-0009240,PO-0004443,MAT-BULK-CREAM,43.53,litre
MR-0009241,PO-0004444,MAT-BULK-CREAM,50.93,litre
MR-0009242,PO-0004444,MAT-SEAL,650,each
MR-0009243,PO-0004445,MAT-SEAL,455,each
MR-0009244,PO-0004445,MAT-PUMP-CAP,449,each
MR-0009245,PO-0004446,MAT-PUMP-CAP,671,each
MR-0009246,PO-0004446,MAT-CARTON,679,each
MR-0009247,PO-0004447,MAT-CARTON,597,each
MR-0009248,PO-0004447,MAT-LABEL,583,each
MR-0009249,PO-0004448,MAT-LABEL,453,each
MR-0009250,PO-0004448,MAT-BULK-CREAM,35.75,litre
MR-0009251,PO-0004449,MAT-BULK-CREAM,71.58,litre
MR-0009252,PO-0004449,MAT-SEAL,905,each
MR-0009253,PO-0004450,MAT-SEAL,760,each
MR-0009254,PO-0004450,MAT-PUMP-CAP,788,each
MR-0009255,PO-0004451,MAT-BULK-CREAM,71.75,litre
MR-0009256,PO-0004451,MAT-SEAL,885,each
MR-0009257,PO-0004452,MAT-CARTON,689,each
MR-0009258,PO-0004452,MAT-LABEL,668,each
MR-0009259,PO-0004453,MAT-BULK-CREAM,60.1,litre
MR-0009260,PO-0004453,MAT-SEAL,740,each
MR-0009261,PO-0004454,MAT-CARTON,681,each
MR-0009262,PO-0004454,MAT-LABEL,676,each
MR-0009263,PO-0004455,MAT-PUMP-CAP,824,each
MR-0009264,PO-0004455,MAT-CARTON,816,each
MR-0009265,PO-0004456,MAT-CARTON,701,each
MR-0009266,PO-0004456,MAT-LABEL,695,each
MR-0009267,PO-0004457,MAT-BULK-CREAM,63.13,litre
MR-0009268,PO-0004457,MAT-SEAL,766,each
MR-0009269,PO-0004458,MAT-CARTON,804,each
MR-0009270,PO-0004458,MAT-LABEL,788,each
MR-0009271,PO-0004459,MAT-LABEL,625,each
MR-0009272,PO-0004459,MAT-BULK-CREAM,47.99,litre
MR-0009273,PO-0004460,MAT-CARTON,663,each
MR-0009274,PO-0004460,MAT-LABEL,629,each
MR-0009275,PO-0004461,MAT-LABEL,678,each
MR-0009276,PO-0004461,MAT-BULK-CREAM,53.23,litre
MR-0009277,PO-0004462,MAT-PUMP-CAP,942,each
MR-0009278,PO-0004462,MAT-CARTON,957,each
MR-0009279,PO-0004463,MAT-CARTON,854,each
MR-0009280,PO-0004463,MAT-LABEL,826,each
MR-0009281,PO-0004464,MAT-LABEL,945,each
MR-0009282,PO-0004464,MAT-BULK-CREAM,77.15,litre
MR-0009283,PO-0004465,MAT-SEAL,925,each
MR-0009284,PO-0004465,MAT-PUMP-CAP,919,each
MR-0009285,PO-0004466,MAT-SEAL,755,each
MR-0009286,PO-0004466,MAT-PUMP-CAP,756,each
MR-0009287,PO-0004467,MAT-PUMP-CAP,1132,each
MR-0009288,PO-0004467,MAT-CARTON,1123,each
MR-0009289,PO-0004468,MAT-CARTON,1080,each
MR-0009290,PO-0004468,MAT-LABEL,1079,each
MR-0009291,PO-0004469,MAT-LABEL,1334,each
MR-0009292,PO-0004469,MAT-BULK-CREAM,108.42,litre
MR-0009293,PO-0004470,MAT-BULK-CREAM,111.29,litre
MR-0009294,PO-0004470,MAT-SEAL,1423,each
MR-0009295,PO-0004470,MAT-PUMP-CAP,1435,each
MR-0009296,PO-0004471,MAT-SEAL,1270,each
MR-0009297,PO-0004471,MAT-PUMP-CAP,1320,each
MR-0009298,PO-0004472,MAT-PUMP-CAP,935,each
MR-0009299,PO-0004472,MAT-CARTON,942,each
MR-0009300,PO-0004473,MAT-CARTON,1219,each
MR-0009301,PO-0004473,MAT-LABEL,1180,each
MR-0009302,PO-0004474,MAT-BULK-CREAM,131.04,litre
MR-0009303,PO-0004474,MAT-SEAL,1591,each
MR-0009304,PO-0004474,MAT-PUMP-CAP,1609,each
MR-0009305,PO-0004475,MAT-BULK-CREAM,89.83,litre
MR-0009306,PO-0004475,MAT-SEAL,1124,each
MR-0009307,PO-0004476,MAT-SEAL,1279,each
MR-0009308,PO-0004476,MAT-PUMP-CAP,1315,each
MR-0009309,PO-0004477,MAT-SEAL,1343,each
MR-0009310,PO-0004477,MAT-PUMP-CAP,1395,each
MR-0009311,PO-0004478,MAT-CARTON,1121,each
MR-0009312,PO-0004478,MAT-LABEL,1080,each
MR-0009313,PO-0004479,MAT-LABEL,1604,each
MR-0009314,PO-0004479,MAT-BULK-CREAM,123.41,litre
MR-0009315,PO-0004479,MAT-SEAL,1601,each
MR-0009316,PO-0004480,MAT-BULK-CREAM,80.79,litre
MR-0009317,PO-0004480,MAT-SEAL,1031,each
MR-0009318,PO-0004481,MAT-SEAL,1403,each
MR-0009319,PO-0004481,MAT-PUMP-CAP,1438,each
MR-0009320,PO-0004481,MAT-CARTON,1410,each
MR-0009321,PO-0004482,MAT-CARTON,1481,each
MR-0009322,PO-0004482,MAT-LABEL,1473,each
MR-0009323,PO-0004482,MAT-BULK-CREAM,116.89,litre
MR-0009324,PO-0004483,MAT-CARTON,1235,each
MR-0009325,PO-0004483,MAT-LABEL,1244,each
MR-0009326,PO-0004484,MAT-BULK-CREAM,95.5,litre
MR-0009327,PO-0004484,MAT-SEAL,1190,each
MR-0009328,PO-0004485,MAT-SEAL,724,each
MR-0009329,PO-0004485,MAT-PUMP-CAP,775,each
MR-0009330,PO-0004486,MAT-BULK-CREAM,59.57,litre
MR-0009331,PO-0004486,MAT-SEAL,743,each
MR-0009332,PO-0004487,MAT-BULK-CREAM,99.56,litre
MR-0009333,PO-0004487,MAT-SEAL,1267,each
MR-0009334,PO-0004488,MAT-LABEL,1043,each
MR-0009335,PO-0004488,MAT-BULK-CREAM,82.77,litre
MR-0009336,PO-0004489,MAT-CARTON,806,each
MR-0009337,PO-0004489,MAT-LABEL,792,each
MR-0009338,PO-0004490,MAT-SEAL,734,each
MR-0009339,PO-0004490,MAT-PUMP-CAP,728,each
MR-0009340,PO-0004491,MAT-PUMP-CAP,928,each
MR-0009341,PO-0004491,MAT-CARTON,907,each
MR-0009342,PO-0004492,MAT-BULK-CREAM,54.53,litre
MR-0009343,PO-0004492,MAT-SEAL,685,each
MR-0009344,PO-0004493,MAT-SEAL,965,each
MR-0009345,PO-0004493,MAT-PUMP-CAP,1007,each
MR-0009346,PO-0004494,MAT-BULK-CREAM,76.86,litre
MR-0009347,PO-0004494,MAT-SEAL,969,each
MR-0009348,PO-0004495,MAT-SEAL,910,each
MR-0009349,PO-0004495,MAT-PUMP-CAP,945,each
MR-0009350,PO-0004496,MAT-PUMP-CAP,1078,each
MR-0009351,PO-0004496,MAT-CARTON,1118,each
MR-0009352,PO-0004497,MAT-BULK-CREAM,108.28,litre
MR-0009353,PO-0004497,MAT-SEAL,1325,each
MR-0009354,PO-0004498,MAT-LABEL,1242,each
MR-0009355,PO-0004498,MAT-BULK-CREAM,99.32,litre
MR-0009356,PO-0004499,MAT-LABEL,1096,each
MR-0009357,PO-0004499,MAT-BULK-CREAM,88.77,litre
MR-0009358,PO-0004500,MAT-CARTON,946,each
MR-0009359,PO-0004500,MAT-LABEL,955,each
MR-0009360,PO-0004501,MAT-CARTON,747,each
MR-0009361,PO-0004501,MAT-LABEL,741,each
MR-0009362,PO-0004502,MAT-SEAL,1037,each
MR-0009363,PO-0004502,MAT-PUMP-CAP,1071,each
MR-0009364,PO-0004503,MAT-PUMP-CAP,594,each
MR-0009365,PO-0004503,MAT-CARTON,600,each
MR-0009366,PO-0004504,MAT-PUMP-CAP,804,each
MR-0009367,PO-0004504,MAT-CARTON,799,each
MR-0009368,PO-0004505,MAT-LABEL,885,each
MR-0009369,PO-0004505,MAT-BULK-CREAM,74.24,litre
MR-0009370,PO-0004506,MAT-LABEL,849,each
MR-0009371,PO-0004506,MAT-BULK-CREAM,66.73,litre
MR-0009372,PO-0004507,MAT-CARTON,907,each
MR-0009373,PO-0004507,MAT-LABEL,866,each
MR-0009374,PO-0004508,MAT-LABEL,553,each
MR-0009375,PO-0004508,MAT-BULK-CREAM,45.63,litre
MR-0009376,PO-0004509,MAT-BULK-CREAM,64.52,litre
MR-0009377,PO-0004509,MAT-SEAL,810,each
MR-0009378,PO-0004510,MAT-LABEL,419,each
MR-0009379,PO-0004510,MAT-BULK-CREAM,32.57,litre
MR-0009380,PO-0004511,MAT-PUMP-CAP,726,each
MR-0009381,PO-0004511,MAT-CARTON,715,each
MR-0009382,PO-0004512,MAT-PUMP-CAP,449,each
MR-0009383,PO-0004512,MAT-CARTON,447,each
MR-0009384,PO-0004513,MAT-LABEL,871,each
MR-0009385,PO-0004513,MAT-BULK-CREAM,68.75,litre
MR-0009386,PO-0004514,MAT-PUMP-CAP,925,each
MR-0009387,PO-0004514,MAT-CARTON,943,each
MR-0009388,PO-0004515,MAT-CARTON,652,each
MR-0009389,PO-0004515,MAT-LABEL,646,each
MR-0009390,PO-0004516,MAT-CARTON,978,each
MR-0009391,PO-0004516,MAT-LABEL,934,each
MR-0009392,PO-0004517,MAT-BULK-CREAM,42.53,litre
MR-0009393,PO-0004517,MAT-SEAL,534,each
MR-0009394,PO-0004518,MAT-PUMP-CAP,882,each
MR-0009395,PO-0004518,MAT-CARTON,886,each
MR-0009396,PO-0004519,MAT-BULK-CREAM,67.3,litre
MR-0009397,PO-0004519,MAT-SEAL,843,each
MR-0009398,PO-0004520,MAT-LABEL,436,each
MR-0009399,PO-0004520,MAT-BULK-CREAM,35.53,litre
MR-0009400,PO-0004521,MAT-PUMP-CAP,631,each
MR-0009401,PO-0004521,MAT-CARTON,610,each
MR-0009402,PO-0004522,MAT-PUMP-CAP,689,each
MR-0009403,PO-0004522,MAT-CARTON,690,each
MR-0009404,PO-0004523,MAT-CARTON,553,each
MR-0009405,PO-0004523,MAT-LABEL,560,each
MR-0009406,PO-0004524,MAT-LABEL,569,each
MR-0009407,PO-0004524,MAT-BULK-CREAM,46.02,litre
MR-0009408,PO-0004525,MAT-SEAL,1141,each
MR-0009409,PO-0004525,MAT-PUMP-CAP,1180,each
MR-0009410,PO-0004526,MAT-PUMP-CAP,1088,each
MR-0009411,PO-0004526,MAT-CARTON,1071,each
MR-0009412,PO-0004527,MAT-LABEL,894,each
MR-0009413,PO-0004527,MAT-BULK-CREAM,70.48,litre
MR-0009414,PO-0004528,MAT-CARTON,684,each
MR-0009415,PO-0004528,MAT-LABEL,670,each
MR-0009416,PO-0004529,MAT-LABEL,884,each
MR-0009417,PO-0004529,MAT-BULK-CREAM,70.22,litre
MR-0009418,PO-0004530,MAT-BULK-CREAM,65.46,litre
MR-0009419,PO-0004530,MAT-SEAL,838,each
MR-0009420,PO-0004531,MAT-SEAL,769,each
MR-0009421,PO-0004531,MAT-PUMP-CAP,791,each
MR-0009422,PO-0004532,MAT-PUMP-CAP,1406,each
MR-0009423,PO-0004532,MAT-CARTON,1388,each
MR-0009424,PO-0004532,MAT-LABEL,1386,each
MR-0009425,PO-0004533,MAT-PUMP-CAP,992,each
MR-0009426,PO-0004533,MAT-CARTON,993,each
MR-0009427,PO-0004534,MAT-LABEL,910,each
MR-0009428,PO-0004534,MAT-BULK-CREAM,73.58,litre
MR-0009429,PO-0004535,MAT-BULK-CREAM,79.79,litre
MR-0009430,PO-0004535,MAT-SEAL,966,each
MR-0009431,PO-0004536,MAT-SEAL,1283,each
MR-0009432,PO-0004536,MAT-PUMP-CAP,1340,each
MR-0009433,PO-0004537,MAT-PUMP-CAP,1136,each
MR-0009434,PO-0004537,MAT-CARTON,1160,each
MR-0009435,PO-0004538,MAT-LABEL,1063,each
MR-0009436,PO-0004538,MAT-BULK-CREAM,86.18,litre
MR-0009437,PO-0004539,MAT-LABEL,1343,each
MR-0009438,PO-0004539,MAT-BULK-CREAM,110.86,litre
MR-0009439,PO-0004540,MAT-BULK-CREAM,82.93,litre
MR-0009440,PO-0004540,MAT-SEAL,1036,each
MR-0009441,PO-0004541,MAT-PUMP-CAP,1609,each
MR-0009442,PO-0004541,MAT-CARTON,1568,each
MR-0009443,PO-0004541,MAT-LABEL,1532,each
MR-0009444,PO-0004542,MAT-LABEL,1469,each
MR-0009445,PO-0004542,MAT-BULK-CREAM,112.68,litre
MR-0009446,PO-0004542,MAT-SEAL,1419,each
MR-0009447,PO-0004543,MAT-CARTON,1527,each
MR-0009448,PO-0004543,MAT-LABEL,1573,each
MR-0009449,PO-0004543,MAT-BULK-CREAM,123.41,litre
MR-0009450,PO-0004544,MAT-LABEL,1059,each
MR-0009451,PO-0004544,MAT-BULK-CREAM,84.78,litre
MR-0009452,PO-0004545,MAT-CARTON,1503,each
MR-0009453,PO-0004545,MAT-LABEL,1491,each
MR-0009454,PO-0004545,MAT-BULK-CREAM,117.68,litre
MR-0009455,PO-0004546,MAT-PUMP-CAP,1029,each
MR-0009456,PO-0004546,MAT-CARTON,1022,each
MR-0009457,PO-0004547,MAT-PUMP-CAP,763,each
MR-0009458,PO-0004547,MAT-CARTON,772,each
MR-0009459,PO-0004548,MAT-BULK-CREAM,83.34,litre
MR-0009460,PO-0004548,MAT-SEAL,1035,each
MR-0009461,PO-0004549,MAT-BULK-CREAM,113.84,litre
MR-0009462,PO-0004549,MAT-SEAL,1415,each
MR-0009463,PO-0004549,MAT-PUMP-CAP,1464,each
MR-0009464,PO-0004550,MAT-SEAL,899,each
MR-0009465,PO-0004550,MAT-PUMP-CAP,921,each
MR-0009466,PO-0004551,MAT-PUMP-CAP,714,each
MR-0009467,PO-0004551,MAT-CARTON,721,each
MR-0009468,PO-0004552,MAT-BULK-CREAM,117.42,litre
MR-0009469,PO-0004552,MAT-SEAL,1463,each
MR-0009470,PO-0004552,MAT-PUMP-CAP,1525,each
MR-0009471,PO-0004553,MAT-LABEL,688,each
MR-0009472,PO-0004553,MAT-BULK-CREAM,56.46,litre
MR-0009473,PO-0004554,MAT-BULK-CREAM,86.51,litre
MR-0009474,PO-0004554,MAT-SEAL,1067,each
MR-0009475,PO-0004555,MAT-SEAL,1261,each
MR-0009476,PO-0004555,MAT-PUMP-CAP,1323,each
MR-0009477,PO-0004556,MAT-BULK-CREAM,51.45,litre
MR-0009478,PO-0004556,MAT-SEAL,624,each
MR-0009479,PO-0004557,MAT-CARTON,766,each
MR-0009480,PO-0004557,MAT-LABEL,747,each
MR-0009481,PO-0004558,MAT-LABEL,674,each
MR-0009482,PO-0004558,MAT-BULK-CREAM,54.37,litre
MR-0009483,PO-0004559,MAT-BULK-CREAM,56.95,litre
MR-0009484,PO-0004559,MAT-SEAL,726,each
MR-0009485,PO-0004560,MAT-PUMP-CAP,1181,each
MR-0009486,PO-0004560,MAT-CARTON,1130,each
MR-0009487,PO-0004561,MAT-CARTON,968,each
MR-0009488,PO-0004561,MAT-LABEL,964,each
MR-0009489,PO-0004562,MAT-LABEL,935,each
MR-0009490,PO-0004562,MAT-BULK-CREAM,73.11,litre
MR-0009491,PO-0004563,MAT-SEAL,755,each
MR-0009492,PO-0004563,MAT-PUMP-CAP,783,each
MR-0009493,PO-0004564,MAT-BULK-CREAM,69.62,litre
MR-0009494,PO-0004564,MAT-SEAL,887,each
MR-0009495,PO-0004565,MAT-PUMP-CAP,1228,each
MR-0009496,PO-0004565,MAT-CARTON,1187,each
MR-0009497,PO-0004566,MAT-BULK-CREAM,57.82,litre
MR-0009498,PO-0004566,MAT-SEAL,741,each
MR-0009499,PO-0004567,MAT-BULK-CREAM,57.69,litre
MR-0009500,PO-0004567,MAT-SEAL,712,each
MR-0009501,PO-0004568,MAT-SEAL,938,each
MR-0009502,PO-0004568,MAT-PUMP-CAP,974,each
MR-0009503,PO-0004569,MAT-SEAL,686,each
MR-0009504,PO-0004569,MAT-PUMP-CAP,697,each
MR-0009505,PO-0004570,MAT-CARTON,750,each
MR-0009506,PO-0004570,MAT-LABEL,759,each
MR-0009507,PO-0004571,MAT-PUMP-CAP,688,each
MR-0009508,PO-0004571,MAT-CARTON,661,each
MR-0009509,PO-0004572,MAT-CARTON,638,each
MR-0009510,PO-0004572,MAT-LABEL,632,each
MR-0009511,PO-0004573,MAT-SEAL,833,each
MR-0009512,PO-0004573,MAT-PUMP-CAP,849,each
MR-0009513,PO-0004574,MAT-BULK-CREAM,46.77,litre
MR-0009514,PO-0004574,MAT-SEAL,567,each
MR-0009515,PO-0004575,MAT-LABEL,501,each
MR-0009516,PO-0004575,MAT-BULK-CREAM,41.15,litre
MR-0009517,PO-0004576,MAT-PUMP-CAP,929,each
MR-0009518,PO-0004576,MAT-CARTON,932,each
MR-0009519,PO-0004577,MAT-CARTON,790,each
MR-0009520,PO-0004577,MAT-LABEL,805,each
MR-0009521,PO-0004578,MAT-PUMP-CAP,454,each
MR-0009522,PO-0004578,MAT-CARTON,447,each
MR-0009523,PO-0004579,MAT-CARTON,582,each
MR-0009524,PO-0004579,MAT-LABEL,585,each
MR-0009525,PO-0004580,MAT-CARTON,652,each
MR-0009526,PO-0004580,MAT-LABEL,634,each
MR-0009527,PO-0004581,MAT-CARTON,550,each
MR-0009528,PO-0004581,MAT-LABEL,544,each
MR-0009529,PO-0004582,MAT-LABEL,826,each
MR-0009530,PO-0004582,MAT-BULK-CREAM,66.54,litre
MR-0009531,PO-0004583,MAT-PUMP-CAP,884,each
MR-0009532,PO-0004583,MAT-CARTON,885,each
MR-0009533,PO-0004584,MAT-BULK-CREAM,49.59,litre
MR-0009534,PO-0004584,MAT-SEAL,593,each
MR-0009535,PO-0004585,MAT-PUMP-CAP,446,each
MR-0009536,PO-0004585,MAT-CARTON,450,each
MR-0009537,PO-0004586,MAT-SEAL,849,each
MR-0009538,PO-0004586,MAT-PUMP-CAP,850,each
MR-0009539,PO-0004587,MAT-PUMP-CAP,632,each
MR-0009540,PO-0004587,MAT-CARTON,633,each
MR-0009541,PO-0004588,MAT-CARTON,1129,each
MR-0009542,PO-0004588,MAT-LABEL,1142,each
MR-0009543,PO-0004589,MAT-BULK-CREAM,44.27,litre
MR-0009544,PO-0004589,MAT-SEAL,547,each
MR-0009545,PO-0004590,MAT-SEAL,871,each
MR-0009546,PO-0004590,MAT-PUMP-CAP,889,each
MR-0009547,PO-0004591,MAT-SEAL,779,each
MR-0009548,PO-0004591,MAT-PUMP-CAP,797,each
MR-0009549,PO-0004592,MAT-PUMP-CAP,487,each
MR-0009550,PO-0004592,MAT-CARTON,502,each
MR-0009551,PO-0004593,MAT-CARTON,527,each
MR-0009552,PO-0004593,MAT-LABEL,524,each
MR-0009553,PO-0004594,MAT-SEAL,1019,each
MR-0009554,PO-0004594,MAT-PUMP-CAP,1041,each
MR-0009555,PO-0004595,MAT-CARTON,769,each
MR-0009556,PO-0004595,MAT-LABEL,772,each
MR-0009557,PO-0004596,MAT-CARTON,726,each
MR-0009558,PO-0004596,MAT-LABEL,731,each
MR-0009559,PO-0004597,MAT-PUMP-CAP,1189,each
MR-0009560,PO-0004597,MAT-CARTON,1176,each
MR-0009561,PO-0004598,MAT-SEAL,1147,each
MR-0009562,PO-0004598,MAT-PUMP-CAP,1217,each
MR-0009563,PO-0004599,MAT-BULK-CREAM,66.31,litre
MR-0009564,PO-0004599,MAT-SEAL,819,each
MR-0009565,PO-0004600,MAT-SEAL,979,each
MR-0009566,PO-0004600,MAT-PUMP-CAP,995,each
MR-0009567,PO-0004601,MAT-SEAL,1447,each
MR-0009568,PO-0004601,MAT-PUMP-CAP,1481,each
MR-0009569,PO-0004601,MAT-CARTON,1413,each
MR-0009570,PO-0004602,MAT-PUMP-CAP,1439,each
MR-0009571,PO-0004602,MAT-CARTON,1405,each
MR-0009572,PO-0004602,MAT-LABEL,1415,each
MR-0009573,PO-0004603,MAT-CARTON,1265,each
MR-0009574,PO-0004603,MAT-LABEL,1252,each
MR-0009575,PO-0004604,MAT-LABEL,1305,each
MR-0009576,PO-0004604,MAT-BULK-CREAM,102.63,litre
MR-0009577,PO-0004605,MAT-BULK-CREAM,79.07,litre
MR-0009578,PO-0004605,MAT-SEAL,988,each
MR-0009579,PO-0004606,MAT-PUMP-CAP,1043,each
MR-0009580,PO-0004606,MAT-CARTON,1074,each
MR-0009581,PO-0004607,MAT-PUMP-CAP,1419,each
MR-0009582,PO-0004607,MAT-CARTON,1400,each
MR-0009583,PO-0004607,MAT-LABEL,1397,each
MR-0009584,PO-0004608,MAT-PUMP-CAP,1210,each
MR-0009585,PO-0004608,MAT-CARTON,1164,each
MR-0009586,PO-0004609,MAT-LABEL,673,each
MR-0009587,PO-0004609,MAT-BULK-CREAM,53.93,litre
MR-0009588,PO-0004610,MAT-BULK-CREAM,59.39,litre
MR-0009589,PO-0004610,MAT-SEAL,734,each
MR-0009590,PO-0004611,MAT-SEAL,1143,each
MR-0009591,PO-0004611,MAT-PUMP-CAP,1217,each
MR-0009592,PO-0004612,MAT-PUMP-CAP,860,each
MR-0009593,PO-0004612,MAT-CARTON,853,each
MR-0009594,PO-0004613,MAT-SEAL,705,each
MR-0009595,PO-0004613,MAT-PUMP-CAP,722,each
MR-0009596,PO-0004614,MAT-BULK-CREAM,82.9,litre
MR-0009597,PO-0004614,MAT-SEAL,1019,each
MR-0009598,PO-0004615,MAT-SEAL,1275,each
MR-0009599,PO-0004615,MAT-PUMP-CAP,1290,each
MR-0009600,PO-0004616,MAT-PUMP-CAP,931,each
MR-0009601,PO-0004616,MAT-CARTON,907,each
MR-0009602,PO-0004617,MAT-LABEL,1225,each
MR-0009603,PO-0004617,MAT-BULK-CREAM,101.34,litre
MR-0009604,PO-0004618,MAT-BULK-CREAM,58.46,litre
MR-0009605,PO-0004618,MAT-SEAL,717,each
MR-0009606,PO-0004619,MAT-BULK-CREAM,55.36,litre
MR-0009607,PO-0004619,MAT-SEAL,720,each
MR-0009608,PO-0004620,MAT-SEAL,1305,each
MR-0009609,PO-0004620,MAT-PUMP-CAP,1345,each
MR-0009610,PO-0004621,MAT-CARTON,1107,each
MR-0009611,PO-0004621,MAT-LABEL,1093,each
MR-0009612,PO-0004622,MAT-SEAL,1080,each
MR-0009613,PO-0004622,MAT-PUMP-CAP,1057,each
MR-0009614,PO-0004623,MAT-LABEL,1221,each
MR-0009615,PO-0004623,MAT-BULK-CREAM,98.58,litre
MR-0009616,PO-0004624,MAT-BULK-CREAM,52.3,litre
MR-0009617,PO-0004624,MAT-SEAL,646,each
MR-0009618,PO-0004625,MAT-SEAL,1359,each
MR-0009619,PO-0004625,MAT-PUMP-CAP,1395,each
MR-0009620,PO-0004626,MAT-PUMP-CAP,1326,each
MR-0009621,PO-0004626,MAT-CARTON,1307,each
MR-0009622,PO-0004627,MAT-BULK-CREAM,79.49,litre
MR-0009623,PO-0004627,MAT-SEAL,991,each
MR-0009624,PO-0004628,MAT-BULK-CREAM,54.61,litre
MR-0009625,PO-0004628,MAT-SEAL,672,each
MR-0009626,PO-0004629,MAT-CARTON,788,each
MR-0009627,PO-0004629,MAT-LABEL,773,each
MR-0009628,PO-0004630,MAT-SEAL,645,each
MR-0009629,PO-0004630,MAT-PUMP-CAP,661,each
MR-0009630,PO-0004631,MAT-PUMP-CAP,1222,each
MR-0009631,PO-0004631,MAT-CARTON,1193,each
MR-0009632,PO-0004632,MAT-LABEL,770,each
MR-0009633,PO-0004632,MAT-BULK-CREAM,64.9,litre
MR-0009634,PO-0004633,MAT-BULK-CREAM,61.54,litre
MR-0009635,PO-0004633,MAT-SEAL,778,each
MR-0009636,PO-0004634,MAT-CARTON,686,each
MR-0009637,PO-0004634,MAT-LABEL,678,each
MR-0009638,PO-0004635,MAT-SEAL,633,each
MR-0009639,PO-0004635,MAT-PUMP-CAP,651,each
MR-0009640,PO-0004636,MAT-PUMP-CAP,628,each
MR-0009641,PO-0004636,MAT-CARTON,618,each
MR-0009642,PO-0004637,MAT-CARTON,732,each
MR-0009643,PO-0004637,MAT-LABEL,726,each
MR-0009644,PO-0004638,MAT-LABEL,399,each
MR-0009645,PO-0004638,MAT-BULK-CREAM,31.26,litre
MR-0009646,PO-0004639,MAT-BULK-CREAM,68.73,litre
MR-0009647,PO-0004639,MAT-SEAL,861,each
MR-0009648,PO-0004640,MAT-LABEL,545,each
MR-0009649,PO-0004640,MAT-BULK-CREAM,42.58,litre
MR-0009650,PO-0004641,MAT-PUMP-CAP,388,each
MR-0009651,PO-0004641,MAT-CARTON,406,each
MR-0009652,PO-0004642,MAT-CARTON,510,each
MR-0009653,PO-0004642,MAT-LABEL,509,each
MR-0009654,PO-0004643,MAT-PUMP-CAP,601,each
MR-0009655,PO-0004643,MAT-CARTON,602,each
MR-0009656,PO-0004644,MAT-SEAL,824,each
MR-0009657,PO-0004644,MAT-PUMP-CAP,855,each
MR-0009658,PO-0004645,MAT-PUMP-CAP,767,each
MR-0009659,PO-0004645,MAT-CARTON,752,each
MR-0009660,PO-0004646,MAT-LABEL,835,each
MR-0009661,PO-0004646,MAT-BULK-CREAM,68.13,litre
MR-0009662,PO-0004647,MAT-CARTON,951,each
MR-0009663,PO-0004647,MAT-LABEL,966,each
MR-0009664,PO-0004648,MAT-SEAL,630,each
MR-0009665,PO-0004648,MAT-PUMP-CAP,629,each
MR-0009666,PO-0004649,MAT-PUMP-CAP,611,each
MR-0009667,PO-0004649,MAT-CARTON,614,each
MR-0009668,PO-0004650,MAT-LABEL,456,each
MR-0009669,PO-0004650,MAT-BULK-CREAM,36.12,litre
MR-0009670,PO-0004651,MAT-SEAL,799,each
MR-0009671,PO-0004651,MAT-PUMP-CAP,835,each
MR-0009672,PO-0004652,MAT-PUMP-CAP,786,each
MR-0009673,PO-0004652,MAT-CARTON,758,each
MR-0009674,PO-0004653,MAT-BULK-CREAM,54.33,litre
MR-0009675,PO-0004653,MAT-SEAL,670,each
MR-0009676,PO-0004654,MAT-LABEL,579,each
MR-0009677,PO-0004654,MAT-BULK-CREAM,44.86,litre
MR-0009678,PO-0004655,MAT-BULK-CREAM,44.27,litre
MR-0009679,PO-0004655,MAT-SEAL,550,each
MR-0009680,PO-0004656,MAT-SEAL,1035,each
MR-0009681,PO-0004656,MAT-PUMP-CAP,1094,each
MR-0009682,PO-0004657,MAT-CARTON,1077,each
MR-0009683,PO-0004657,MAT-LABEL,1116,each
MR-0009684,PO-0004658,MAT-CARTON,695,each
MR-0009685,PO-0004658,MAT-LABEL,695,each
MR-0009686,PO-0004659,MAT-LABEL,537,each
MR-0009687,PO-0004659,MAT-BULK-CREAM,42.93,litre
MR-0009688,PO-0004660,MAT-BULK-CREAM,59.67,litre
MR-0009689,PO-0004660,MAT-SEAL,724,each
MR-0009690,PO-0004661,MAT-SEAL,822,each
MR-0009691,PO-0004661,MAT-PUMP-CAP,842,each
MR-0009692,PO-0004662,MAT-PUMP-CAP,692,each
MR-0009693,PO-0004662,MAT-CARTON,679,each
MR-0009694,PO-0004663,MAT-CARTON,1413,each
MR-0009695,PO-0004663,MAT-LABEL,1407,each
MR-0009696,PO-0004663,MAT-BULK-CREAM,111.22,litre
MR-0009697,PO-0004664,MAT-LABEL,924,each
MR-0009698,PO-0004664,MAT-BULK-CREAM,76.41,litre
MR-0009699,PO-0004665,MAT-BULK-CREAM,69.15,litre
MR-0009700,PO-0004665,MAT-SEAL,883,each
MR-0009701,PO-0004666,MAT-SEAL,1328,each
MR-0009702,PO-0004666,MAT-PUMP-CAP,1309,each
MR-0009703,PO-0004667,MAT-PUMP-CAP,1290,each
MR-0009704,PO-0004667,MAT-CARTON,1288,each
MR-0009705,PO-0004668,MAT-CARTON,1347,each
MR-0009706,PO-0004668,MAT-LABEL,1316,each
MR-0009707,PO-0004669,MAT-BULK-CREAM,65.85,litre
MR-0009708,PO-0004669,MAT-SEAL,821,each
MR-0009709,PO-0004670,MAT-BULK-CREAM,72.46,litre
MR-0009710,PO-0004670,MAT-SEAL,922,each
MR-0009711,PO-0004671,MAT-SEAL,974,each
MR-0009712,PO-0004671,MAT-PUMP-CAP,969,each
MR-0009713,PO-0004672,MAT-PUMP-CAP,1469,each
MR-0009714,PO-0004672,MAT-CARTON,1438,each
MR-0009715,PO-0004672,MAT-LABEL,1465,each
MR-0009716,PO-0004673,MAT-SEAL,1367,each
MR-0009717,PO-0004673,MAT-PUMP-CAP,1405,each
MR-0009718,PO-0004673,MAT-CARTON,1421,each
MR-0009719,PO-0004674,MAT-SEAL,1508,each
MR-0009720,PO-0004674,MAT-PUMP-CAP,1540,each
MR-0009721,PO-0004674,MAT-CARTON,1511,each
MR-0009722,PO-0004675,MAT-BULK-CREAM,115.16,litre
MR-0009723,PO-0004675,MAT-SEAL,1499,each
MR-0009724,PO-0004675,MAT-PUMP-CAP,1495,each
MR-0009725,PO-0004676,MAT-SEAL,970,each
MR-0009726,PO-0004676,MAT-PUMP-CAP,1023,each
MR-0009727,PO-0004677,MAT-PUMP-CAP,1043,each
MR-0009728,PO-0004677,MAT-CARTON,1065,each
MR-0009729,PO-0004678,MAT-LABEL,1226,each
MR-0009730,PO-0004678,MAT-BULK-CREAM,100.2,litre
MR-0009731,PO-0004679,MAT-SEAL,1329,each
MR-0009732,PO-0004679,MAT-PUMP-CAP,1382,each
MR-0009733,PO-0004680,MAT-SEAL,816,each
MR-0009734,PO-0004680,MAT-PUMP-CAP,845,each
MR-0009735,PO-0004681,MAT-LABEL,972,each
MR-0009736,PO-0004681,MAT-BULK-CREAM,76.69,litre
MR-0009737,PO-0004682,MAT-CARTON,799,each
MR-0009738,PO-0004682,MAT-LABEL,802,each
MR-0009739,PO-0004683,MAT-LABEL,738,each
MR-0009740,PO-0004683,MAT-BULK-CREAM,60.26,litre
MR-0009741,PO-0004684,MAT-BULK-CREAM,88.73,litre
MR-0009742,PO-0004684,MAT-SEAL,1060,each
MR-0009743,PO-0004685,MAT-LABEL,1118,each
MR-0009744,PO-0004685,MAT-BULK-CREAM,86.66,litre
MR-0009745,PO-0004686,MAT-BULK-CREAM,69.8,litre
MR-0009746,PO-0004686,MAT-SEAL,907,each
MR-0009747,PO-0004687,MAT-CARTON,1085,each
MR-0009748,PO-0004687,MAT-LABEL,1073,each
MR-0009749,PO-0004688,MAT-LABEL,1104,each
MR-0009750,PO-0004688,MAT-BULK-CREAM,84.06,litre
MR-0009751,PO-0004689,MAT-CARTON,1114,each
MR-0009752,PO-0004689,MAT-LABEL,1093,each
MR-0009753,PO-0004690,MAT-SEAL,628,each
MR-0009754,PO-0004690,MAT-PUMP-CAP,664,each
MR-0009755,PO-0004691,MAT-PUMP-CAP,895,each
MR-0009756,PO-0004691,MAT-CARTON,907,each
MR-0009757,PO-0004692,MAT-CARTON,1252,each
MR-0009758,PO-0004692,MAT-LABEL,1260,each
MR-0009759,PO-0004693,MAT-LABEL,598,each
MR-0009760,PO-0004693,MAT-BULK-CREAM,48.65,litre
MR-0009761,PO-0004694,MAT-SEAL,782,each
MR-0009762,PO-0004694,MAT-PUMP-CAP,841,each
MR-0009763,PO-0004695,MAT-PUMP-CAP,755,each
MR-0009764,PO-0004695,MAT-CARTON,757,each
MR-0009765,PO-0004696,MAT-BULK-CREAM,69.37,litre
MR-0009766,PO-0004696,MAT-SEAL,895,each
MR-0009767,PO-0004697,MAT-SEAL,904,each
MR-0009768,PO-0004697,MAT-PUMP-CAP,911,each
MR-0009769,PO-0004698,MAT-LABEL,1051,each
MR-0009770,PO-0004698,MAT-BULK-CREAM,84.98,litre
MR-0009771,PO-0004699,MAT-PUMP-CAP,1118,each
MR-0009772,PO-0004699,MAT-CARTON,1117,each
MR-0009773,PO-0004700,MAT-LABEL,633,each
MR-0009774,PO-0004700,MAT-BULK-CREAM,50.86,litre
MR-0009775,PO-0004701,MAT-CARTON,737,each
MR-0009776,PO-0004701,MAT-LABEL,753,each
MR-0009777,PO-0004702,MAT-CARTON,707,each
MR-0009778,PO-0004702,MAT-LABEL,721,each
MR-0009779,PO-0004703,MAT-LABEL,460,each
MR-0009780,PO-0004703,MAT-BULK-CREAM,36.7,litre
MR-0009781,PO-0004704,MAT-BULK-CREAM,37.32,litre
MR-0009782,PO-0004704,MAT-SEAL,461,each
MR-0009783,PO-0004705,MAT-SEAL,620,each
MR-0009784,PO-0004705,MAT-PUMP-CAP,619,each
MR-0009785,PO-0004706,MAT-PUMP-CAP,609,each
MR-0009786,PO-0004706,MAT-CARTON,583,each
MR-0009787,PO-0004707,MAT-CARTON,816,each
MR-0009788,PO-0004707,MAT-LABEL,830,each
MR-0009789,PO-0004708,MAT-LABEL,769,each
MR-0009790,PO-0004708,MAT-BULK-CREAM,61.62,litre
MR-0009791,PO-0004709,MAT-CARTON,856,each
MR-0009792,PO-0004709,MAT-LABEL,815,each
MR-0009793,PO-0004710,MAT-SEAL,512,each
MR-0009794,PO-0004710,MAT-PUMP-CAP,537,each
MR-0009795,PO-0004711,MAT-PUMP-CAP,469,each
MR-0009796,PO-0004711,MAT-CARTON,464,each
MR-0009797,PO-0004712,MAT-LABEL,461,each
MR-0009798,PO-0004712,MAT-BULK-CREAM,36,litre
MR-0009799,PO-0004713,MAT-CARTON,685,each
MR-0009800,PO-0004713,MAT-LABEL,690,each
MR-0009801,PO-0004714,MAT-SEAL,862,each
MR-0009802,PO-0004714,MAT-PUMP-CAP,882,each
MR-0009803,PO-0004715,MAT-SEAL,554,each
MR-0009804,PO-0004715,MAT-PUMP-CAP,575,each
MR-0009805,PO-0004716,MAT-PUMP-CAP,433,each
MR-0009806,PO-0004716,MAT-CARTON,435,each
MR-0009807,PO-0004717,MAT-PUMP-CAP,803,each
MR-0009808,PO-0004717,MAT-CARTON,795,each
MR-0009809,PO-0004718,MAT-SEAL,896,each
MR-0009810,PO-0004718,MAT-PUMP-CAP,887,each
MR-0009811,PO-0004719,MAT-LABEL,862,each
MR-0009812,PO-0004719,MAT-BULK-CREAM,69.41,litre
MR-0009813,PO-0004720,MAT-BULK-CREAM,40.89,litre
MR-0009814,PO-0004720,MAT-SEAL,497,each
MR-0009815,PO-0004721,MAT-SEAL,862,each
MR-0009816,PO-0004721,MAT-PUMP-CAP,879,each
MR-0009817,PO-0004722,MAT-CARTON,932,each
MR-0009818,PO-0004722,MAT-LABEL,907,each
MR-0009819,PO-0004723,MAT-CARTON,536,each
MR-0009820,PO-0004723,MAT-LABEL,521,each
MR-0009821,PO-0004724,MAT-BULK-CREAM,83.53,litre
MR-0009822,PO-0004724,MAT-SEAL,1027,each
MR-0009823,PO-0004725,MAT-LABEL,764,each
MR-0009824,PO-0004725,MAT-BULK-CREAM,59.8,litre
MR-0009825,PO-0004726,MAT-SEAL,1032,each
MR-0009826,PO-0004726,MAT-PUMP-CAP,1114,each
MR-0009827,PO-0004727,MAT-PUMP-CAP,812,each
MR-0009828,PO-0004727,MAT-CARTON,820,each
MR-0009829,PO-0004728,MAT-LABEL,1024,each
MR-0009830,PO-0004728,MAT-BULK-CREAM,81.9,litre
MR-0009831,PO-0004729,MAT-LABEL,1533,each
MR-0009832,PO-0004729,MAT-BULK-CREAM,126.13,litre
MR-0009833,PO-0004729,MAT-SEAL,1540,each
MR-0009834,PO-0004730,MAT-BULK-CREAM,123.25,litre
MR-0009835,PO-0004730,MAT-SEAL,1536,each
MR-0009836,PO-0004730,MAT-PUMP-CAP,1560,each
MR-0009837,PO-0004731,MAT-PUMP-CAP,1355,each
MR-0009838,PO-0004731,MAT-CARTON,1307,each
MR-0009839,PO-0004732,MAT-CARTON,1475,each
MR-0009840,PO-0004732,MAT-LABEL,1460,each
MR-0009841,PO-0004732,MAT-BULK-CREAM,117.86,litre
MR-0009842,PO-0004733,MAT-CARTON,1533,each
MR-0009843,PO-0004733,MAT-LABEL,1537,each
MR-0009844,PO-0004733,MAT-BULK-CREAM,117.84,litre
MR-0009845,PO-0004734,MAT-LABEL,717,each
MR-0009846,PO-0004734,MAT-BULK-CREAM,58.61,litre
MR-0009847,PO-0004735,MAT-BULK-CREAM,119.31,litre
MR-0009848,PO-0004735,MAT-SEAL,1501,each
MR-0009849,PO-0004735,MAT-PUMP-CAP,1556,each
MR-0009850,PO-0004736,MAT-SEAL,1507,each
MR-0009851,PO-0004736,MAT-PUMP-CAP,1585,each
MR-0009852,PO-0004736,MAT-CARTON,1512,each
MR-0009853,PO-0004737,MAT-PUMP-CAP,1242,each
MR-0009854,PO-0004737,MAT-CARTON,1224,each
MR-0009855,PO-0004738,MAT-LABEL,987,each
MR-0009856,PO-0004738,MAT-BULK-CREAM,81.05,litre
MR-0009857,PO-0004739,MAT-BULK-CREAM,104.03,litre
MR-0009858,PO-0004739,MAT-SEAL,1282,each
MR-0009859,PO-0004740,MAT-BULK-CREAM,77.19,litre
MR-0009860,PO-0004740,MAT-SEAL,951,each
MR-0009861,PO-0004741,MAT-SEAL,1434,each
MR-0009862,PO-0004741,MAT-PUMP-CAP,1425,each
MR-0009863,PO-0004741,MAT-CARTON,1457,each
MR-0009864,PO-0004742,MAT-PUMP-CAP,1241,each
MR-0009865,PO-0004742,MAT-CARTON,1283,each
MR-0009866,PO-0004743,MAT-LABEL,707,each
MR-0009867,PO-0004743,MAT-BULK-CREAM,55,litre
MR-0009868,PO-0004744,MAT-SEAL,768,each
MR-0009869,PO-0004744,MAT-PUMP-CAP,780,each
MR-0009870,PO-0004745,MAT-SEAL,1054,each
MR-0009871,PO-0004745,MAT-PUMP-CAP,1035,each
MR-0009872,PO-0004746,MAT-PUMP-CAP,903,each
MR-0009873,PO-0004746,MAT-CARTON,872,each
MR-0009874,PO-0004747,MAT-CARTON,1148,each
MR-0009875,PO-0004747,MAT-LABEL,1131,each
MR-0009876,PO-0004748,MAT-BULK-CREAM,56.8,litre
MR-0009877,PO-0004748,MAT-SEAL,693,each
MR-0009878,PO-0004749,MAT-CARTON,1159,each
MR-0009879,PO-0004749,MAT-LABEL,1171,each
MR-0009880,PO-0004750,MAT-SEAL,1226,each
MR-0009881,PO-0004750,MAT-PUMP-CAP,1253,each
MR-0009882,PO-0004751,MAT-BULK-CREAM,103.08,litre
MR-0009883,PO-0004751,MAT-SEAL,1297,each
MR-0009884,PO-0004752,MAT-BULK-CREAM,78.51,litre
MR-0009885,PO-0004752,MAT-SEAL,949,each
MR-0009886,PO-0004753,MAT-LABEL,1208,each
MR-0009887,PO-0004753,MAT-BULK-CREAM,98.6,litre
MR-0009888,PO-0004754,MAT-BULK-CREAM,98.92,litre
MR-0009889,PO-0004754,MAT-SEAL,1241,each
MR-0009890,PO-0004755,MAT-PUMP-CAP,660,each
MR-0009891,PO-0004755,MAT-CARTON,649,each
MR-0009892,PO-0004756,MAT-LABEL,1114,each
MR-0009893,PO-0004756,MAT-BULK-CREAM,93.42,litre
MR-0009894,PO-0004757,MAT-CARTON,802,each
MR-0009895,PO-0004757,MAT-LABEL,818,each
MR-0009896,PO-0004758,MAT-LABEL,741,each
MR-0009897,PO-0004758,MAT-BULK-CREAM,58.56,litre
MR-0009898,PO-0004759,MAT-CARTON,593,each
MR-0009899,PO-0004759,MAT-LABEL,589,each
MR-0009900,PO-0004760,MAT-CARTON,610,each
MR-0009901,PO-0004760,MAT-LABEL,595,each
MR-0009902,PO-0004761,MAT-PUMP-CAP,545,each
MR-0009903,PO-0004761,MAT-CARTON,539,each
MR-0009904,PO-0004762,MAT-CARTON,1027,each
MR-0009905,PO-0004762,MAT-LABEL,1022,each
MR-0009906,PO-0004763,MAT-PUMP-CAP,858,each
MR-0009907,PO-0004763,MAT-CARTON,872,each
MR-0009908,PO-0004764,MAT-CARTON,911,each
MR-0009909,PO-0004764,MAT-LABEL,888,each
MR-0009910,PO-0004765,MAT-LABEL,819,each
MR-0009911,PO-0004765,MAT-BULK-CREAM,64.77,litre
MR-0009912,PO-0004766,MAT-BULK-CREAM,60.31,litre
MR-0009913,PO-0004766,MAT-SEAL,783,each
MR-0009914,PO-0004767,MAT-CARTON,620,each
MR-0009915,PO-0004767,MAT-LABEL,633,each
MR-0009916,PO-0004768,MAT-LABEL,539,each
MR-0009917,PO-0004768,MAT-BULK-CREAM,42.39,litre
MR-0009918,PO-0004769,MAT-BULK-CREAM,54.61,litre
MR-0009919,PO-0004769,MAT-SEAL,669,each
MR-0009920,PO-0004770,MAT-SEAL,660,each
MR-0009921,PO-0004770,MAT-PUMP-CAP,659,each
MR-0009922,PO-0004771,MAT-PUMP-CAP,683,each
MR-0009923,PO-0004771,MAT-CARTON,659,each
MR-0009924,PO-0004772,MAT-CARTON,837,each
MR-0009925,PO-0004772,MAT-LABEL,854,each
MR-0009926,PO-0004773,MAT-LABEL,683,each
MR-0009927,PO-0004773,MAT-BULK-CREAM,54.64,litre
MR-0009928,PO-0004774,MAT-CARTON,600,each
MR-0009929,PO-0004774,MAT-LABEL,613,each
MR-0009930,PO-0004775,MAT-CARTON,647,each
MR-0009931,PO-0004775,MAT-LABEL,664,each
MR-0009932,PO-0004776,MAT-PUMP-CAP,891,each
MR-0009933,PO-0004776,MAT-CARTON,882,each
MR-0009934,PO-0004777,MAT-LABEL,659,each
MR-0009935,PO-0004777,MAT-BULK-CREAM,53.32,litre
MR-0009936,PO-0004778,MAT-LABEL,510,each
MR-0009937,PO-0004778,MAT-BULK-CREAM,42.2,litre
MR-0009938,PO-0004779,MAT-SEAL,610,each
MR-0009939,PO-0004779,MAT-PUMP-CAP,611,each
MR-0009940,PO-0004780,MAT-CARTON,670,each
MR-0009941,PO-0004780,MAT-LABEL,688,each
MR-0009942,PO-0004781,MAT-BULK-CREAM,49.02,litre
MR-0009943,PO-0004781,MAT-SEAL,621,each
MR-0009944,PO-0004782,MAT-PUMP-CAP,843,each
MR-0009945,PO-0004782,MAT-CARTON,832,each
MR-0009946,PO-0004783,MAT-CARTON,880,each
MR-0009947,PO-0004783,MAT-LABEL,852,each
MR-0009948,PO-0004784,MAT-LABEL,824,each
MR-0009949,PO-0004784,MAT-BULK-CREAM,67.07,litre
MR-0009950,PO-0004785,MAT-BULK-CREAM,52.84,litre
MR-0009951,PO-0004785,MAT-SEAL,689,each
MR-0009952,PO-0004786,MAT-SEAL,731,each
MR-0009953,PO-0004786,MAT-PUMP-CAP,741,each
MR-0009954,PO-0004787,MAT-PUMP-CAP,686,each
MR-0009955,PO-0004787,MAT-CARTON,665,each
MR-0009956,PO-0004788,MAT-CARTON,749,each
MR-0009957,PO-0004788,MAT-LABEL,745,each
MR-0009958,PO-0004789,MAT-LABEL,964,each
MR-0009959,PO-0004789,MAT-BULK-CREAM,75.82,litre
MR-0009960,PO-0004790,MAT-BULK-CREAM,81.54,litre
MR-0009961,PO-0004790,MAT-SEAL,999,each
MR-0009962,PO-0004791,MAT-SEAL,1097,each
MR-0009963,PO-0004791,MAT-PUMP-CAP,1143,each
MR-0009964,PO-0004792,MAT-PUMP-CAP,1015,each
MR-0009965,PO-0004792,MAT-CARTON,1035,each
MR-0009966,PO-0004793,MAT-CARTON,995,each
MR-0009967,PO-0004793,MAT-LABEL,969,each
MR-0009968,PO-0004794,MAT-LABEL,1052,each
MR-0009969,PO-0004794,MAT-BULK-CREAM,83.17,litre
MR-0009970,PO-0004795,MAT-BULK-CREAM,99.38,litre
MR-0009971,PO-0004795,MAT-SEAL,1253,each
MR-0009972,PO-0004796,MAT-SEAL,786,each
MR-0009973,PO-0004796,MAT-PUMP-CAP,806,each
MR-0009974,PO-0004797,MAT-CARTON,1616,each
MR-0009975,PO-0004797,MAT-LABEL,1601,each
MR-0009976,PO-0004797,MAT-BULK-CREAM,127.33,litre
MR-0009977,PO-0004798,MAT-CARTON,996,each
MR-0009978,PO-0004798,MAT-LABEL,997,each
MR-0009979,PO-0004799,MAT-LABEL,1266,each
MR-0009980,PO-0004799,MAT-BULK-CREAM,103.82,litre
MR-0009981,PO-0004800,MAT-BULK-CREAM,65.58,litre
MR-0009982,PO-0004800,MAT-SEAL,795,each
MR-0009983,PO-0004801,MAT-PUMP-CAP,940,each
MR-0009984,PO-0004801,MAT-CARTON,934,each
MR-0009985,PO-0004802,MAT-CARTON,852,each
MR-0009986,PO-0004802,MAT-LABEL,836,each
MR-0009987,PO-0004803,MAT-CARTON,1300,each
MR-0009988,PO-0004803,MAT-LABEL,1296,each
MR-0009989,PO-0004804,MAT-LABEL,1073,each
MR-0009990,PO-0004804,MAT-BULK-CREAM,84.9,litre
MR-0009991,PO-0004805,MAT-BULK-CREAM,85.12,litre
MR-0009992,PO-0004805,MAT-SEAL,1065,each
MR-0009993,PO-0004806,MAT-SEAL,1250,each
MR-0009994,PO-0004806,MAT-PUMP-CAP,1289,each
MR-0009995,PO-0004807,MAT-PUMP-CAP,813,each
MR-0009996,PO-0004807,MAT-CARTON,810,each
MR-0009997,PO-0004808,MAT-LABEL,955,each
MR-0009998,PO-0004808,MAT-BULK-CREAM,78.19,litre
MR-0009999,PO-0004809,MAT-BULK-CREAM,89.51,litre
MR-0010000,PO-0004809,MAT-SEAL,1153,each
MR-0010001,PO-0004810,MAT-LABEL,1043,each
MR-0010002,PO-0004810,MAT-BULK-CREAM,82.61,litre
MR-0010003,PO-0004811,MAT-CARTON,1117,each
MR-0010004,PO-0004811,MAT-LABEL,1121,each
MR-0010005,PO-0004812,MAT-SEAL,977,each
MR-0010006,PO-0004812,MAT-PUMP-CAP,1032,each
MR-0010007,PO-0004813,MAT-SEAL,1055,each
MR-0010008,PO-0004813,MAT-PUMP-CAP,1051,each
MR-0010009,PO-0004814,MAT-LABEL,1237,each
MR-0010010,PO-0004814,MAT-BULK-CREAM,95.33,litre
MR-0010011,PO-0004815,MAT-SEAL,1343,each
MR-0010012,PO-0004815,MAT-PUMP-CAP,1373,each
MR-0010013,PO-0004816,MAT-PUMP-CAP,852,each
MR-0010014,PO-0004816,MAT-CARTON,829,each
MR-0010015,PO-0004817,MAT-LABEL,671,each
MR-0010016,PO-0004817,MAT-BULK-CREAM,53.03,litre
MR-0010017,PO-0004818,MAT-LABEL,1185,each
MR-0010018,PO-0004818,MAT-BULK-CREAM,96.53,litre
MR-0010019,PO-0004819,MAT-SEAL,1231,each
MR-0010020,PO-0004819,MAT-PUMP-CAP,1248,each
MR-0010021,PO-0004820,MAT-SEAL,634,each
MR-0010022,PO-0004820,MAT-PUMP-CAP,647,each
MR-0010023,PO-0004821,MAT-PUMP-CAP,825,each
MR-0010024,PO-0004821,MAT-CARTON,821,each
MR-0010025,PO-0004822,MAT-SEAL,901,each
MR-0010026,PO-0004822,MAT-PUMP-CAP,910,each
MR-0010027,PO-0004823,MAT-PUMP-CAP,898,each
MR-0010028,PO-0004823,MAT-CARTON,855,each
MR-0010029,PO-0004824,MAT-PUMP-CAP,616,each
MR-0010030,PO-0004824,MAT-CARTON,619,each
MR-0010031,PO-0004825,MAT-CARTON,489,each
MR-0010032,PO-0004825,MAT-LABEL,476,each
MR-0010033,PO-0004826,MAT-BULK-CREAM,42.03,litre
MR-0010034,PO-0004826,MAT-SEAL,523,each
MR-0010035,PO-0004827,MAT-SEAL,540,each
MR-0010036,PO-0004827,MAT-PUMP-CAP,549,each
MR-0010037,PO-0004828,MAT-LABEL,911,each
MR-0010038,PO-0004828,MAT-BULK-CREAM,73.57,litre
MR-0010039,PO-0004829,MAT-PUMP-CAP,595,each
MR-0010040,PO-0004829,MAT-CARTON,572,each
MR-0010041,PO-0004830,MAT-SEAL,499,each
MR-0010042,PO-0004830,MAT-PUMP-CAP,513,each
MR-0010043,PO-0004831,MAT-PUMP-CAP,671,each
MR-0010044,PO-0004831,MAT-CARTON,644,each
MR-0010045,PO-0004832,MAT-BULK-CREAM,65.1,litre
MR-0010046,PO-0004832,MAT-SEAL,800,each
MR-0010047,PO-0004833,MAT-LABEL,454,each
MR-0010048,PO-0004833,MAT-BULK-CREAM,36.53,litre
MR-0010049,PO-0004834,MAT-BULK-CREAM,61.83,litre
MR-0010050,PO-0004834,MAT-SEAL,784,each
MR-0010051,PO-0004835,MAT-SEAL,753,each
MR-0010052,PO-0004835,MAT-PUMP-CAP,796,each
MR-0010053,PO-0004836,MAT-PUMP-CAP,624,each
MR-0010054,PO-0004836,MAT-CARTON,604,each
MR-0010055,PO-0004837,MAT-CARTON,875,each
MR-0010056,PO-0004837,MAT-LABEL,859,each
MR-0010057,PO-0004838,MAT-LABEL,845,each
MR-0010058,PO-0004838,MAT-BULK-CREAM,65.77,litre
MR-0010059,PO-0004839,MAT-BULK-CREAM,61.08,litre
MR-0010060,PO-0004839,MAT-SEAL,756,each
MR-0010061,PO-0004840,MAT-PUMP-CAP,565,each
MR-0010062,PO-0004840,MAT-CARTON,557,each
MR-0010063,PO-0004841,MAT-LABEL,782,each
MR-0010064,PO-0004841,MAT-BULK-CREAM,62.98,litre
MR-0010065,PO-0004842,MAT-SEAL,674,each
MR-0010066,PO-0004842,MAT-PUMP-CAP,714,each
MR-0010067,PO-0004843,MAT-SEAL,597,each
MR-0010068,PO-0004843,MAT-PUMP-CAP,606,each
MR-0010069,PO-0004844,MAT-CARTON,958,each
MR-0010070,PO-0004844,MAT-LABEL,913,each
MR-0010071,PO-0004845,MAT-SEAL,919,each
MR-0010072,PO-0004845,MAT-PUMP-CAP,936,each
MR-0010073,PO-0004846,MAT-PUMP-CAP,914,each
MR-0010074,PO-0004846,MAT-CARTON,869,each
MR-0010075,PO-0004847,MAT-PUMP-CAP,1166,each
MR-0010076,PO-0004847,MAT-CARTON,1178,each
MR-0010077,PO-0004848,MAT-CARTON,891,each
MR-0010078,PO-0004848,MAT-LABEL,878,each
MR-0010079,PO-0004849,MAT-BULK-CREAM,71.88,litre
MR-0010080,PO-0004849,MAT-SEAL,899,each
MR-0010081,PO-0004850,MAT-BULK-CREAM,39.71,litre
MR-0010082,PO-0004850,MAT-SEAL,505,each
MR-0010083,PO-0004851,MAT-SEAL,704,each
MR-0010084,PO-0004851,MAT-PUMP-CAP,714,each
MR-0010085,PO-0004852,MAT-PUMP-CAP,1113,each
MR-0010086,PO-0004852,MAT-CARTON,1059,each
MR-0010087,PO-0004853,MAT-CARTON,1061,each
MR-0010088,PO-0004853,MAT-LABEL,1028,each
MR-0010089,PO-0004854,MAT-LABEL,739,each
MR-0010090,PO-0004854,MAT-BULK-CREAM,55.87,litre
MR-0010091,PO-0004855,MAT-BULK-CREAM,52.17,litre
MR-0010092,PO-0004855,MAT-SEAL,633,each
MR-0010093,PO-0004856,MAT-SEAL,1507,each
MR-0010094,PO-0004856,MAT-PUMP-CAP,1548,each
MR-0010095,PO-0004856,MAT-CARTON,1518,each
MR-0010096,PO-0004857,MAT-PUMP-CAP,1333,each
MR-0010097,PO-0004857,MAT-CARTON,1338,each
MR-0010098,PO-0004858,MAT-CARTON,994,each
MR-0010099,PO-0004858,MAT-LABEL,981,each
MR-0010100,PO-0004859,MAT-LABEL,1571,each
MR-0010101,PO-0004859,MAT-BULK-CREAM,123.89,litre
MR-0010102,PO-0004859,MAT-SEAL,1593,each
MR-0010103,PO-0004860,MAT-BULK-CREAM,114.08,litre
MR-0010104,PO-0004860,MAT-SEAL,1375,each
MR-0010105,PO-0004861,MAT-CARTON,1041,each
MR-0010106,PO-0004861,MAT-LABEL,1048,each
MR-0010107,PO-0004862,MAT-PUMP-CAP,1047,each
MR-0010108,PO-0004862,MAT-CARTON,1077,each
MR-0010109,PO-0004863,MAT-CARTON,731,each
MR-0010110,PO-0004863,MAT-LABEL,714,each
MR-0010111,PO-0004864,MAT-LABEL,1111,each
MR-0010112,PO-0004864,MAT-BULK-CREAM,89.61,litre
MR-0010113,PO-0004865,MAT-LABEL,830,each
MR-0010114,PO-0004865,MAT-BULK-CREAM,65.25,litre
MR-0010115,PO-0004866,MAT-LABEL,808,each
MR-0010116,PO-0004866,MAT-BULK-CREAM,63.07,litre
MR-0010117,PO-0004867,MAT-CARTON,1578,each
MR-0010118,PO-0004867,MAT-LABEL,1537,each
MR-0010119,PO-0004867,MAT-BULK-CREAM,127.51,litre
MR-0010120,PO-0004868,MAT-LABEL,983,each
MR-0010121,PO-0004868,MAT-BULK-CREAM,76.52,litre
MR-0010122,PO-0004869,MAT-BULK-CREAM,101.54,litre
MR-0010123,PO-0004869,MAT-SEAL,1281,each
MR-0010124,PO-0004870,MAT-BULK-CREAM,72.22,litre
MR-0010125,PO-0004870,MAT-SEAL,904,each
MR-0010126,PO-0004871,MAT-SEAL,1490,each
MR-0010127,PO-0004871,MAT-PUMP-CAP,1531,each
MR-0010128,PO-0004871,MAT-CARTON,1492,each
MR-0010129,PO-0004872,MAT-PUMP-CAP,861,each
MR-0010130,PO-0004872,MAT-CARTON,847,each
MR-0010131,PO-0004873,MAT-SEAL,1313,each
MR-0010132,PO-0004873,MAT-PUMP-CAP,1340,each
MR-0010133,PO-0004874,MAT-PUMP-CAP,1499,each
MR-0010134,PO-0004874,MAT-CARTON,1466,each
MR-0010135,PO-0004874,MAT-LABEL,1409,each
MR-0010136,PO-0004875,MAT-PUMP-CAP,1412,each
MR-0010137,PO-0004875,MAT-CARTON,1403,each
MR-0010138,PO-0004875,MAT-LABEL,1386,each
MR-0010139,PO-0004876,MAT-PUMP-CAP,1396,each
MR-0010140,PO-0004876,MAT-CARTON,1341,each
MR-0010141,PO-0004877,MAT-LABEL,748,each
MR-0010142,PO-0004877,MAT-BULK-CREAM,60.47,litre
MR-0010143,PO-0004878,MAT-SEAL,1310,each
MR-0010144,PO-0004878,MAT-PUMP-CAP,1339,each
MR-0010145,PO-0004879,MAT-BULK-CREAM,85.84,litre
MR-0010146,PO-0004879,MAT-SEAL,1079,each
MR-0010147,PO-0004880,MAT-SEAL,724,each
MR-0010148,PO-0004880,MAT-PUMP-CAP,749,each
MR-0010149,PO-0004881,MAT-CARTON,1051,each
MR-0010150,PO-0004881,MAT-LABEL,1071,each
MR-0010151,PO-0004882,MAT-CARTON,937,each
MR-0010152,PO-0004882,MAT-LABEL,922,each
MR-0010153,PO-0004883,MAT-LABEL,794,each
MR-0010154,PO-0004883,MAT-BULK-CREAM,65.66,litre
MR-0010155,PO-0004884,MAT-BULK-CREAM,104.39,litre
MR-0010156,PO-0004884,MAT-SEAL,1279,each
MR-0010157,PO-0004885,MAT-CARTON,981,each
MR-0010158,PO-0004885,MAT-LABEL,998,each
MR-0010159,PO-0004886,MAT-PUMP-CAP,1443,each
MR-0010160,PO-0004886,MAT-CARTON,1417,each
MR-0010161,PO-0004886,MAT-LABEL,1378,each
MR-0010162,PO-0004887,MAT-CARTON,891,each
MR-0010163,PO-0004887,MAT-LABEL,898,each
MR-0010164,PO-0004888,MAT-BULK-CREAM,95.2,litre
MR-0010165,PO-0004888,MAT-SEAL,1204,each
MR-0010166,PO-0004889,MAT-BULK-CREAM,51.03,litre
MR-0010167,PO-0004889,MAT-SEAL,647,each
MR-0010168,PO-0004890,MAT-PUMP-CAP,865,each
MR-0010169,PO-0004890,MAT-CARTON,883,each
MR-0010170,PO-0004891,MAT-CARTON,556,each
MR-0010171,PO-0004891,MAT-LABEL,550,each
MR-0010172,PO-0004892,MAT-BULK-CREAM,84.72,litre
MR-0010173,PO-0004892,MAT-SEAL,1019,each
MR-0010174,PO-0004893,MAT-LABEL,789,each
MR-0010175,PO-0004893,MAT-BULK-CREAM,61.98,litre
MR-0010176,PO-0004894,MAT-CARTON,1050,each
MR-0010177,PO-0004894,MAT-LABEL,1047,each
MR-0010178,PO-0004895,MAT-BULK-CREAM,61.46,litre
MR-0010179,PO-0004895,MAT-SEAL,755,each
MR-0010180,PO-0004896,MAT-PUMP-CAP,462,each
MR-0010181,PO-0004896,MAT-CARTON,457,each
MR-0010182,PO-0004897,MAT-CARTON,523,each
MR-0010183,PO-0004897,MAT-LABEL,506,each
MR-0010184,PO-0004898,MAT-LABEL,517,each
MR-0010185,PO-0004898,MAT-BULK-CREAM,42.2,litre
MR-0010186,PO-0004899,MAT-BULK-CREAM,59.45,litre
MR-0010187,PO-0004899,MAT-SEAL,745,each
MR-0010188,PO-0004900,MAT-SEAL,518,each
MR-0010189,PO-0004900,MAT-PUMP-CAP,530,each
MR-0010190,PO-0004901,MAT-PUMP-CAP,822,each
MR-0010191,PO-0004901,MAT-CARTON,817,each
MR-0010192,PO-0004902,MAT-CARTON,677,each
MR-0010193,PO-0004902,MAT-LABEL,686,each
MR-0010194,PO-0004903,MAT-SEAL,764,each
MR-0010195,PO-0004903,MAT-PUMP-CAP,745,each
MR-0010196,PO-0004904,MAT-SEAL,899,each
MR-0010197,PO-0004904,MAT-PUMP-CAP,887,each
MR-0010198,PO-0004905,MAT-BULK-CREAM,36.1,litre
MR-0010199,PO-0004905,MAT-SEAL,444,each
MR-0010200,PO-0004906,MAT-BULK-CREAM,65.37,litre
MR-0010201,PO-0004906,MAT-SEAL,807,each
MR-0010202,PO-0004907,MAT-CARTON,730,each
MR-0010203,PO-0004907,MAT-LABEL,724,each
MR-0010204,PO-0004908,MAT-BULK-CREAM,35.37,litre
MR-0010205,PO-0004908,MAT-SEAL,440,each
MR-0010206,PO-0004909,MAT-CARTON,926,each
MR-0010207,PO-0004909,MAT-LABEL,969,each
MR-0010208,PO-0004910,MAT-LABEL,823,each
MR-0010209,PO-0004910,MAT-BULK-CREAM,65.41,litre
MR-0010210,PO-0004911,MAT-PUMP-CAP,546,each
MR-0010211,PO-0004911,MAT-CARTON,529,each
MR-0010212,PO-0004912,MAT-PUMP-CAP,1007,each
MR-0010213,PO-0004912,MAT-CARTON,1017,each
MR-0010214,PO-0004913,MAT-CARTON,683,each
MR-0010215,PO-0004913,MAT-LABEL,688,each
MR-0010216,PO-0004914,MAT-LABEL,880,each
MR-0010217,PO-0004914,MAT-BULK-CREAM,70.88,litre
MR-0010218,PO-0004915,MAT-BULK-CREAM,92.28,litre
MR-0010219,PO-0004915,MAT-SEAL,1142,each
MR-0010220,PO-0004916,MAT-SEAL,638,each
MR-0010221,PO-0004916,MAT-PUMP-CAP,644,each
MR-0010222,PO-0004917,MAT-PUMP-CAP,817,each
MR-0010223,PO-0004917,MAT-CARTON,799,each
MR-0010224,PO-0004918,MAT-CARTON,670,each
MR-0010225,PO-0004918,MAT-LABEL,669,each
MR-0010226,PO-0004919,MAT-LABEL,720,each
MR-0010227,PO-0004919,MAT-BULK-CREAM,56.41,litre
MR-0010228,PO-0004920,MAT-BULK-CREAM,102.82,litre
MR-0010229,PO-0004920,MAT-SEAL,1284,each
MR-0010230,PO-0004921,MAT-SEAL,1313,each
MR-0010231,PO-0004921,MAT-PUMP-CAP,1340,each
MR-0010232,PO-0004922,MAT-PUMP-CAP,1413,each
MR-0010233,PO-0004922,MAT-CARTON,1323,each
MR-0010234,PO-0004923,MAT-CARTON,731,each
MR-0010235,PO-0004923,MAT-LABEL,757,each
MR-0010236,PO-0004924,MAT-LABEL,1356,each
MR-0010237,PO-0004924,MAT-BULK-CREAM,104.88,litre
MR-0010238,PO-0004925,MAT-BULK-CREAM,97.99,litre
MR-0010239,PO-0004925,MAT-SEAL,1243,each
MR-0010240,PO-0004926,MAT-SEAL,1004,each
MR-0010241,PO-0004926,MAT-PUMP-CAP,1024,each
MR-0010242,PO-0004927,MAT-PUMP-CAP,1056,each
MR-0010243,PO-0004927,MAT-CARTON,1069,each
MR-0010244,PO-0004928,MAT-CARTON,1162,each
MR-0010245,PO-0004928,MAT-LABEL,1165,each
MR-0010246,PO-0004929,MAT-LABEL,1366,each
MR-0010247,PO-0004929,MAT-BULK-CREAM,106.37,litre
MR-0010248,PO-0004930,MAT-BULK-CREAM,56.4,litre
MR-0010249,PO-0004930,MAT-SEAL,706,each
MR-0010250,PO-0004931,MAT-SEAL,833,each
MR-0010251,PO-0004931,MAT-PUMP-CAP,837,each
MR-0010252,PO-0004932,MAT-PUMP-CAP,1047,each
MR-0010253,PO-0004932,MAT-CARTON,1025,each
MR-0010254,PO-0004933,MAT-CARTON,1376,each
MR-0010255,PO-0004933,MAT-LABEL,1360,each
MR-0010256,PO-0004934,MAT-LABEL,1587,each
MR-0010257,PO-0004934,MAT-BULK-CREAM,125.42,litre
MR-0010258,PO-0004934,MAT-SEAL,1540,each
MR-0010259,PO-0004935,MAT-BULK-CREAM,69.21,litre
MR-0010260,PO-0004935,MAT-SEAL,851,each
MR-0010261,PO-0004936,MAT-SEAL,987,each
MR-0010262,PO-0004936,MAT-PUMP-CAP,1018,each
MR-0010263,PO-0004937,MAT-CARTON,904,each
MR-0010264,PO-0004937,MAT-LABEL,880,each
MR-0010265,PO-0004938,MAT-BULK-CREAM,51.61,litre
MR-0010266,PO-0004938,MAT-SEAL,668,each
MR-0010267,PO-0004939,MAT-CARTON,1248,each
MR-0010268,PO-0004939,MAT-LABEL,1279,each
MR-0010269,PO-0004940,MAT-SEAL,1396,each
MR-0010270,PO-0004940,MAT-PUMP-CAP,1444,each
MR-0010271,PO-0004940,MAT-CARTON,1447,each
MR-0010272,PO-0004941,MAT-CARTON,1042,each
MR-0010273,PO-0004941,MAT-LABEL,1023,each
MR-0010274,PO-0004942,MAT-CARTON,765,each
MR-0010275,PO-0004942,MAT-LABEL,757,each
MR-0010276,PO-0004943,MAT-PUMP-CAP,801,each
MR-0010277,PO-0004943,MAT-CARTON,773,each
MR-0010278,PO-0004944,MAT-PUMP-CAP,699,each
MR-0010279,PO-0004944,MAT-CARTON,694,each
MR-0010280,PO-0004945,MAT-CARTON,1062,each
MR-0010281,PO-0004945,MAT-LABEL,1069,each
MR-0010282,PO-0004946,MAT-CARTON,1353,each
MR-0010283,PO-0004946,MAT-LABEL,1362,each
MR-0010284,PO-0004947,MAT-CARTON,1341,each
MR-0010285,PO-0004947,MAT-LABEL,1364,each
MR-0010286,PO-0004948,MAT-PUMP-CAP,1457,each
MR-0010287,PO-0004948,MAT-CARTON,1457,each
MR-0010288,PO-0004948,MAT-LABEL,1466,each
MR-0010289,PO-0004949,MAT-BULK-CREAM,111.39,litre
MR-0010290,PO-0004949,MAT-SEAL,1352,each
MR-0010291,PO-0004949,MAT-PUMP-CAP,1421,each
MR-0010292,PO-0004950,MAT-SEAL,981,each
MR-0010293,PO-0004950,MAT-PUMP-CAP,1012,each
MR-0010294,PO-0004951,MAT-CARTON,757,each
MR-0010295,PO-0004951,MAT-LABEL,769,each
MR-0010296,PO-0004952,MAT-BULK-CREAM,42.69,litre
MR-0010297,PO-0004952,MAT-SEAL,542,each
MR-0010298,PO-0004953,MAT-SEAL,763,each
MR-0010299,PO-0004953,MAT-PUMP-CAP,743,each
MR-0010300,PO-0004954,MAT-BULK-CREAM,97.14,litre
MR-0010301,PO-0004954,MAT-SEAL,1225,each
MR-0010302,PO-0004955,MAT-CARTON,787,each
MR-0010303,PO-0004955,MAT-LABEL,771,each
MR-0010304,PO-0004956,MAT-PUMP-CAP,832,each
MR-0010305,PO-0004956,MAT-CARTON,831,each
MR-0010306,PO-0004957,MAT-SEAL,1053,each
MR-0010307,PO-0004957,MAT-PUMP-CAP,1060,each
MR-0010308,PO-0004958,MAT-SEAL,941,each
MR-0010309,PO-0004958,MAT-PUMP-CAP,986,each
MR-0010310,PO-0004959,MAT-BULK-CREAM,95.45,litre
MR-0010311,PO-0004959,MAT-SEAL,1177,each
MR-0010312,PO-0004960,MAT-CARTON,510,each
MR-0010313,PO-0004960,MAT-LABEL,497,each
MR-0010314,PO-0004961,MAT-PUMP-CAP,846,each
MR-0010315,PO-0004961,MAT-CARTON,835,each
MR-0010316,PO-0004962,MAT-SEAL,859,each
MR-0010317,PO-0004962,MAT-PUMP-CAP,866,each
MR-0010318,PO-0004963,MAT-LABEL,687,each
MR-0010319,PO-0004963,MAT-BULK-CREAM,53.8,litre
MR-0010320,PO-0004964,MAT-BULK-CREAM,52.37,litre
MR-0010321,PO-0004964,MAT-SEAL,643,each
MR-0010322,PO-0004965,MAT-LABEL,757,each
MR-0010323,PO-0004965,MAT-BULK-CREAM,60.44,litre
MR-0010324,PO-0004966,MAT-PUMP-CAP,826,each
MR-0010325,PO-0004966,MAT-CARTON,803,each
MR-0010326,PO-0004967,MAT-LABEL,646,each
MR-0010327,PO-0004967,MAT-BULK-CREAM,50.13,litre
MR-0010328,PO-0004968,MAT-PUMP-CAP,437,each
MR-0010329,PO-0004968,MAT-CARTON,445,each
MR-0010330,PO-0004969,MAT-PUMP-CAP,739,each
MR-0010331,PO-0004969,MAT-CARTON,733,each
MR-0010332,PO-0004970,MAT-PUMP-CAP,894,each
MR-0010333,PO-0004970,MAT-CARTON,878,each
MR-0010334,PO-0004971,MAT-BULK-CREAM,35.82,litre
MR-0010335,PO-0004971,MAT-SEAL,441,each
MR-0010336,PO-0004972,MAT-BULK-CREAM,67.23,litre
MR-0010337,PO-0004972,MAT-SEAL,823,each
MR-0010338,PO-0004973,MAT-PUMP-CAP,752,each
MR-0010339,PO-0004973,MAT-CARTON,784,each
MR-0010340,PO-0004974,MAT-PUMP-CAP,848,each
MR-0010341,PO-0004974,MAT-CARTON,859,each
MR-0010342,PO-0004975,MAT-PUMP-CAP,975,each
MR-0010343,PO-0004975,MAT-CARTON,961,each
MR-0010344,PO-0004976,MAT-SEAL,603,each
MR-0010345,PO-0004976,MAT-PUMP-CAP,613,each
MR-0010346,PO-0004977,MAT-PUMP-CAP,993,each
MR-0010347,PO-0004977,MAT-CARTON,1033,each
MR-0010348,PO-0004978,MAT-CARTON,536,each
MR-0010349,PO-0004978,MAT-LABEL,534,each
MR-0010350,PO-0004979,MAT-CARTON,604,each
MR-0010351,PO-0004979,MAT-LABEL,620,each
MR-0010352,PO-0004980,MAT-BULK-CREAM,88.86,litre
MR-0010353,PO-0004980,MAT-SEAL,1105,each
MR-0010354,PO-0004981,MAT-PUMP-CAP,732,each
MR-0010355,PO-0004981,MAT-CARTON,718,each
MR-0010356,PO-0004982,MAT-PUMP-CAP,584,each
MR-0010357,PO-0004982,MAT-CARTON,568,each
MR-0010358,PO-0004983,MAT-CARTON,811,each
MR-0010359,PO-0004983,MAT-LABEL,812,each
MR-0010360,PO-0004984,MAT-LABEL,1149,each
MR-0010361,PO-0004984,MAT-BULK-CREAM,92.72,litre
MR-0010362,PO-0004985,MAT-BULK-CREAM,90.38,litre
MR-0010363,PO-0004985,MAT-SEAL,1149,each
MR-0010364,PO-0004986,MAT-SEAL,828,each
MR-0010365,PO-0004986,MAT-PUMP-CAP,876,each
MR-0010366,PO-0004987,MAT-CARTON,784,each
MR-0010367,PO-0004987,MAT-LABEL,754,each
MR-0010368,PO-0004988,MAT-CARTON,710,each
MR-0010369,PO-0004988,MAT-LABEL,717,each
MR-0010370,PO-0004989,MAT-LABEL,1346,each
MR-0010371,PO-0004989,MAT-BULK-CREAM,105.82,litre
MR-0010372,PO-0004990,MAT-BULK-CREAM,107.57,litre
MR-0010373,PO-0004990,MAT-SEAL,1359,each
MR-0010374,PO-0004991,MAT-SEAL,752,each
MR-0010375,PO-0004991,MAT-PUMP-CAP,786,each
MR-0010376,PO-0004992,MAT-PUMP-CAP,1278,each
MR-0010377,PO-0004992,MAT-CARTON,1244,each
MR-0010378,PO-0004993,MAT-CARTON,855,each
MR-0010379,PO-0004993,MAT-LABEL,841,each
MR-0010380,PO-0004994,MAT-LABEL,1503,each
MR-0010381,PO-0004994,MAT-BULK-CREAM,121.41,litre
MR-0010382,PO-0004994,MAT-SEAL,1507,each
MR-0010383,PO-0004995,MAT-BULK-CREAM,108.84,litre
MR-0010384,PO-0004995,MAT-SEAL,1373,each
MR-0010385,PO-0004996,MAT-PUMP-CAP,895,each
MR-0010386,PO-0004996,MAT-CARTON,896,each
MR-0010387,PO-0004997,MAT-PUMP-CAP,900,each
MR-0010388,PO-0004997,MAT-CARTON,876,each
MR-0010389,PO-0004998,MAT-SEAL,1530,each
MR-0010390,PO-0004998,MAT-PUMP-CAP,1615,each
MR-0010391,PO-0004998,MAT-CARTON,1568,each
MR-0010392,PO-0004999,MAT-LABEL,1312,each
MR-0010393,PO-0004999,MAT-BULK-CREAM,103.34,litre
MR-0010394,PO-0005000,MAT-BULK-CREAM,127.66,litre
MR-0010395,PO-0005000,MAT-SEAL,1565,each
MR-0010396,PO-0005000,MAT-PUMP-CAP,1603,each
MR-0010397,PO-0005001,MAT-PUMP-CAP,1014,each
MR-0010398,PO-0005001,MAT-CARTON,1015,each
MR-0010399,PO-0005002,MAT-CARTON,1290,each
MR-0010400,PO-0005002,MAT-LABEL,1251,each
MR-0010401,PO-0005003,MAT-LABEL,1146,each
MR-0010402,PO-0005003,MAT-BULK-CREAM,89.54,litre
MR-0010403,PO-0005004,MAT-BULK-CREAM,95.89,litre
MR-0010404,PO-0005004,MAT-SEAL,1178,each
MR-0010405,PO-0005005,MAT-SEAL,1189,each
MR-0010406,PO-0005005,MAT-PUMP-CAP,1224,each
MR-0010407,PO-0005006,MAT-LABEL,1079,each
MR-0010408,PO-0005006,MAT-BULK-CREAM,84.89,litre
MR-0010409,PO-0005007,MAT-CARTON,787,each
MR-0010410,PO-0005007,MAT-LABEL,791,each
MR-0010411,PO-0005008,MAT-LABEL,1395,each
MR-0010412,PO-0005008,MAT-BULK-CREAM,110.54,litre
MR-0010413,PO-0005008,MAT-SEAL,1374,each
MR-0010414,PO-0005009,MAT-BULK-CREAM,89.62,litre
MR-0010415,PO-0005009,MAT-SEAL,1127,each
MR-0010416,PO-0005010,MAT-CARTON,1264,each
MR-0010417,PO-0005010,MAT-LABEL,1267,each
MR-0010418,PO-0005011,MAT-PUMP-CAP,947,each
MR-0010419,PO-0005011,MAT-CARTON,969,each
MR-0010420,PO-0005012,MAT-CARTON,1102,each
MR-0010421,PO-0005012,MAT-LABEL,1111,each
MR-0010422,PO-0005013,MAT-BULK-CREAM,106.15,litre
MR-0010423,PO-0005013,MAT-SEAL,1299,each
MR-0010424,PO-0005014,MAT-BULK-CREAM,80.47,litre
MR-0010425,PO-0005014,MAT-SEAL,1027,each
MR-0010426,PO-0005015,MAT-SEAL,1452,each
MR-0010427,PO-0005015,MAT-PUMP-CAP,1528,each
MR-0010428,PO-0005015,MAT-CARTON,1460,each
MR-0010429,PO-0005016,MAT-CARTON,1141,each
MR-0010430,PO-0005016,MAT-LABEL,1191,each
MR-0010431,PO-0005017,MAT-CARTON,645,each
MR-0010432,PO-0005017,MAT-LABEL,652,each
MR-0010433,PO-0005018,MAT-BULK-CREAM,49.77,litre
MR-0010434,PO-0005018,MAT-SEAL,611,each
MR-0010435,PO-0005019,MAT-CARTON,1023,each
MR-0010436,PO-0005019,MAT-LABEL,1001,each
MR-0010437,PO-0005020,MAT-CARTON,1021,each
MR-0010438,PO-0005020,MAT-LABEL,1023,each
MR-0010439,PO-0005021,MAT-LABEL,852,each
MR-0010440,PO-0005021,MAT-BULK-CREAM,66.94,litre
MR-0010441,PO-0005022,MAT-LABEL,1139,each
MR-0010442,PO-0005022,MAT-BULK-CREAM,91.77,litre
MR-0010443,PO-0005023,MAT-LABEL,767,each
MR-0010444,PO-0005023,MAT-BULK-CREAM,61.63,litre
MR-0010445,PO-0005024,MAT-BULK-CREAM,36.64,litre
MR-0010446,PO-0005024,MAT-SEAL,451,each
MR-0010447,PO-0005025,MAT-SEAL,695,each
MR-0010448,PO-0005025,MAT-PUMP-CAP,687,each
MR-0010449,PO-0005026,MAT-SEAL,419,each
MR-0010450,PO-0005026,MAT-PUMP-CAP,443,each
MR-0010451,PO-0005027,MAT-CARTON,782,each
MR-0010452,PO-0005027,MAT-LABEL,775,each
MR-0010453,PO-0005028,MAT-LABEL,458,each
MR-0010454,PO-0005028,MAT-BULK-CREAM,35.3,litre
MR-0010455,PO-0005029,MAT-BULK-CREAM,62.5,litre
MR-0010456,PO-0005029,MAT-SEAL,790,each
MR-0010457,PO-0005030,MAT-BULK-CREAM,56.25,litre
MR-0010458,PO-0005030,MAT-SEAL,684,each
MR-0010459,PO-0005031,MAT-CARTON,914,each
MR-0010460,PO-0005031,MAT-LABEL,910,each
MR-0010461,PO-0005032,MAT-SEAL,571,each
MR-0010462,PO-0005032,MAT-PUMP-CAP,575,each
MR-0010463,PO-0005033,MAT-LABEL,562,each
MR-0010464,PO-0005033,MAT-BULK-CREAM,44.41,litre
MR-0010465,PO-0005034,MAT-SEAL,625,each
MR-0010466,PO-0005034,MAT-PUMP-CAP,621,each
MR-0010467,PO-0005035,MAT-SEAL,588,each
MR-0010468,PO-0005035,MAT-PUMP-CAP,600,each
MR-0010469,PO-0005036,MAT-LABEL,420,each
MR-0010470,PO-0005036,MAT-BULK-CREAM,33.12,litre
MR-0010471,PO-0005037,MAT-BULK-CREAM,72.49,litre
MR-0010472,PO-0005037,MAT-SEAL,915,each
MR-0010473,PO-0005038,MAT-PUMP-CAP,475,each
MR-0010474,PO-0005038,MAT-CARTON,483,each
MR-0010475,PO-0005039,MAT-LABEL,685,each
MR-0010476,PO-0005039,MAT-BULK-CREAM,55.64,litre
MR-0010477,PO-0005040,MAT-CARTON,533,each
MR-0010478,PO-0005040,MAT-LABEL,513,each
MR-0010479,PO-0005041,MAT-SEAL,790,each
MR-0010480,PO-0005041,MAT-PUMP-CAP,806,each
MR-0010481,PO-0005042,MAT-PUMP-CAP,570,each
MR-0010482,PO-0005042,MAT-CARTON,559,each
MR-0010483,PO-0005043,MAT-LABEL,771,each
MR-0010484,PO-0005043,MAT-BULK-CREAM,61.46,litre
MR-0010485,PO-0005044,MAT-LABEL,1069,each
MR-0010486,PO-0005044,MAT-BULK-CREAM,90.35,litre
MR-0010487,PO-0005045,MAT-SEAL,717,each
MR-0010488,PO-0005045,MAT-PUMP-CAP,723,each
MR-0010489,PO-0005046,MAT-PUMP-CAP,1045,each
MR-0010490,PO-0005046,MAT-CARTON,1060,each
MR-0010491,PO-0005047,MAT-PUMP-CAP,779,each
MR-0010492,PO-0005047,MAT-CARTON,767,each
MR-0010493,PO-0005048,MAT-CARTON,785,each
MR-0010494,PO-0005048,MAT-LABEL,815,each
MR-0010495,PO-0005049,MAT-LABEL,1514,each
MR-0010496,PO-0005049,MAT-BULK-CREAM,122.52,litre
MR-0010497,PO-0005049,MAT-SEAL,1537,each
MR-0010498,PO-0005050,MAT-BULK-CREAM,103.93,litre
MR-0010499,PO-0005050,MAT-SEAL,1306,each
MR-0010500,PO-0005051,MAT-LABEL,1153,each
MR-0010501,PO-0005051,MAT-BULK-CREAM,89.91,litre
MR-0010502,PO-0005052,MAT-BULK-CREAM,66.55,litre
MR-0010503,PO-0005052,MAT-SEAL,847,each
MR-0010504,PO-0005053,MAT-CARTON,1510,each
MR-0010505,PO-0005053,MAT-LABEL,1488,each
MR-0010506,PO-0005053,MAT-BULK-CREAM,118.68,litre
MR-0010507,PO-0005054,MAT-LABEL,691,each
MR-0010508,PO-0005054,MAT-BULK-CREAM,53.88,litre
MR-0010509,PO-0005055,MAT-BULK-CREAM,61.12,litre
MR-0010510,PO-0005055,MAT-SEAL,764,each
MR-0010511,PO-0005056,MAT-SEAL,1449,each
MR-0010512,PO-0005056,MAT-PUMP-CAP,1486,each
MR-0010513,PO-0005056,MAT-CARTON,1544,each
MR-0010514,PO-0005057,MAT-PUMP-CAP,1399,each
MR-0010515,PO-0005057,MAT-CARTON,1387,each
MR-0010516,PO-0005058,MAT-CARTON,764,each
MR-0010517,PO-0005058,MAT-LABEL,769,each
MR-0010518,PO-0005059,MAT-LABEL,1469,each
MR-0010519,PO-0005059,MAT-BULK-CREAM,120.54,litre
MR-0010520,PO-0005059,MAT-SEAL,1535,each
MR-0010521,PO-0005060,MAT-BULK-CREAM,67.05,litre
MR-0010522,PO-0005060,MAT-SEAL,822,each
MR-0010523,PO-0005061,MAT-SEAL,664,each
MR-0010524,PO-0005061,MAT-PUMP-CAP,681,each
MR-0010525,PO-0005062,MAT-PUMP-CAP,747,each
MR-0010526,PO-0005062,MAT-CARTON,741,each
MR-0010527,PO-0005063,MAT-LABEL,973,each
MR-0010528,PO-0005063,MAT-BULK-CREAM,78.46,litre
MR-0010529,PO-0005064,MAT-LABEL,1113,each
MR-0010530,PO-0005064,MAT-BULK-CREAM,87.1,litre
MR-0010531,PO-0005065,MAT-BULK-CREAM,109.8,litre
MR-0010532,PO-0005065,MAT-SEAL,1361,each
MR-0010533,PO-0005066,MAT-PUMP-CAP,930,each
MR-0010534,PO-0005066,MAT-CARTON,907,each
MR-0010535,PO-0005067,MAT-CARTON,914,each
MR-0010536,PO-0005067,MAT-LABEL,903,each
MR-0010537,PO-0005068,MAT-BULK-CREAM,113.56,litre
MR-0010538,PO-0005068,MAT-SEAL,1442,each
MR-0010539,PO-0005068,MAT-PUMP-CAP,1440,each
MR-0010540,PO-0005069,MAT-SEAL,1450,each
MR-0010541,PO-0005069,MAT-PUMP-CAP,1508,each
MR-0010542,PO-0005069,MAT-CARTON,1475,each
MR-0010543,PO-0005070,MAT-PUMP-CAP,1194,each
MR-0010544,PO-0005070,MAT-CARTON,1172,each
MR-0010545,PO-0005071,MAT-PUMP-CAP,712,each
MR-0010546,PO-0005071,MAT-CARTON,707,each
MR-0010547,PO-0005072,MAT-CARTON,1062,each
MR-0010548,PO-0005072,MAT-LABEL,1087,each
MR-0010549,PO-0005073,MAT-LABEL,897,each
MR-0010550,PO-0005073,MAT-BULK-CREAM,73.52,litre
MR-0010551,PO-0005074,MAT-PUMP-CAP,1198,each
MR-0010552,PO-0005074,MAT-CARTON,1172,each
MR-0010553,PO-0005075,MAT-SEAL,1235,each
MR-0010554,PO-0005075,MAT-PUMP-CAP,1247,each
MR-0010555,PO-0005076,MAT-PUMP-CAP,1229,each
MR-0010556,PO-0005076,MAT-CARTON,1224,each
MR-0010557,PO-0005077,MAT-CARTON,952,each
MR-0010558,PO-0005077,MAT-LABEL,946,each
MR-0010559,PO-0005078,MAT-SEAL,1466,each
MR-0010560,PO-0005078,MAT-PUMP-CAP,1453,each
MR-0010561,PO-0005078,MAT-CARTON,1485,each
MR-0010562,PO-0005079,MAT-BULK-CREAM,112.27,litre
MR-0010563,PO-0005079,MAT-SEAL,1368,each
MR-0010564,PO-0005079,MAT-PUMP-CAP,1392,each
MR-0010565,PO-0005080,MAT-SEAL,764,each
MR-0010566,PO-0005080,MAT-PUMP-CAP,793,each
MR-0010567,PO-0005081,MAT-PUMP-CAP,733,each
MR-0010568,PO-0005081,MAT-CARTON,730,each
MR-0010569,PO-0005082,MAT-LABEL,834,each
MR-0010570,PO-0005082,MAT-BULK-CREAM,68.39,litre
MR-0010571,PO-0005083,MAT-LABEL,1082,each
MR-0010572,PO-0005083,MAT-BULK-CREAM,86.97,litre
MR-0010573,PO-0005084,MAT-CARTON,757,each
MR-0010574,PO-0005084,MAT-LABEL,765,each
MR-0010575,PO-0005085,MAT-CARTON,915,each
MR-0010576,PO-0005085,MAT-LABEL,892,each
MR-0010577,PO-0005086,MAT-CARTON,691,each
MR-0010578,PO-0005086,MAT-LABEL,671,each
MR-0010579,PO-0005087,MAT-SEAL,1183,each
MR-0010580,PO-0005087,MAT-PUMP-CAP,1234,each
MR-0010581,PO-0005088,MAT-LABEL,626,each
MR-0010582,PO-0005088,MAT-BULK-CREAM,49.99,litre
MR-0010583,PO-0005089,MAT-BULK-CREAM,58.38,litre
MR-0010584,PO-0005089,MAT-SEAL,750,each
MR-0010585,PO-0005090,MAT-SEAL,692,each
MR-0010586,PO-0005090,MAT-PUMP-CAP,722,each
MR-0010587,PO-0005091,MAT-PUMP-CAP,526,each
MR-0010588,PO-0005091,MAT-CARTON,539,each
MR-0010589,PO-0005092,MAT-CARTON,737,each
MR-0010590,PO-0005092,MAT-LABEL,714,each
MR-0010591,PO-0005093,MAT-LABEL,666,each
MR-0010592,PO-0005093,MAT-BULK-CREAM,51.06,litre
MR-0010593,PO-0005094,MAT-BULK-CREAM,48.94,litre
MR-0010594,PO-0005094,MAT-SEAL,626,each
MR-0010595,PO-0005095,MAT-SEAL,755,each
MR-0010596,PO-0005095,MAT-PUMP-CAP,768,each
MR-0010597,PO-0005096,MAT-CARTON,969,each
MR-0010598,PO-0005096,MAT-LABEL,933,each
MR-0010599,PO-0005097,MAT-CARTON,772,each
MR-0010600,PO-0005097,MAT-LABEL,781,each
MR-0010601,PO-0005098,MAT-LABEL,558,each
MR-0010602,PO-0005098,MAT-BULK-CREAM,45.69,litre
MR-0010603,PO-0005099,MAT-CARTON,870,each
MR-0010604,PO-0005099,MAT-LABEL,879,each
MR-0010605,PO-0005100,MAT-PUMP-CAP,680,each
MR-0010606,PO-0005100,MAT-CARTON,680,each
MR-0010607,PO-0005101,MAT-BULK-CREAM,45.13,litre
MR-0010608,PO-0005101,MAT-SEAL,572,each
MR-0010609,PO-0005102,MAT-BULK-CREAM,75.36,litre
MR-0010610,PO-0005102,MAT-SEAL,912,each
MR-0010611,PO-0005103,MAT-LABEL,502,each
MR-0010612,PO-0005103,MAT-BULK-CREAM,39.36,litre
MR-0010613,PO-0005104,MAT-PUMP-CAP,582,each
MR-0010614,PO-0005104,MAT-CARTON,600,each
MR-0010615,PO-0005105,MAT-BULK-CREAM,59.96,litre
MR-0010616,PO-0005105,MAT-SEAL,770,each
MR-0010617,PO-0005106,MAT-SEAL,572,each
MR-0010618,PO-0005106,MAT-PUMP-CAP,585,each
MR-0010619,PO-0005107,MAT-PUMP-CAP,608,each
MR-0010620,PO-0005107,MAT-CARTON,621,each
MR-0010621,PO-0005108,MAT-CARTON,673,each
MR-0010622,PO-0005108,MAT-LABEL,661,each
MR-0010623,PO-0005109,MAT-BULK-CREAM,63.63,litre
MR-0010624,PO-0005109,MAT-SEAL,806,each
MR-0010625,PO-0005110,MAT-BULK-CREAM,58.01,litre
MR-0010626,PO-0005110,MAT-SEAL,715,each
MR-0010627,PO-0005111,MAT-SEAL,858,each
MR-0010628,PO-0005111,MAT-PUMP-CAP,889,each
MR-0010629,PO-0005112,MAT-PUMP-CAP,855,each
MR-0010630,PO-0005112,MAT-CARTON,865,each
MR-0010631,PO-0005113,MAT-CARTON,1322,each
MR-0010632,PO-0005113,MAT-LABEL,1287,each
MR-0010633,PO-0005114,MAT-LABEL,1147,each
MR-0010634,PO-0005114,MAT-BULK-CREAM,91.97,litre
MR-0010635,PO-0005115,MAT-BULK-CREAM,111.92,litre
MR-0010636,PO-0005115,MAT-SEAL,1428,each
MR-0010637,PO-0005115,MAT-PUMP-CAP,1459,each
MR-0010638,PO-0005116,MAT-SEAL,779,each
MR-0010639,PO-0005116,MAT-PUMP-CAP,795,each
MR-0010640,PO-0005117,MAT-PUMP-CAP,1189,each
MR-0010641,PO-0005117,MAT-CARTON,1200,each
MR-0010642,PO-0005118,MAT-CARTON,799,each
MR-0010643,PO-0005118,MAT-LABEL,792,each
MR-0010644,PO-0005119,MAT-LABEL,966,each
MR-0010645,PO-0005119,MAT-BULK-CREAM,76.85,litre
MR-0010646,PO-0005120,MAT-BULK-CREAM,60.73,litre
MR-0010647,PO-0005120,MAT-SEAL,732,each
MR-0010648,PO-0005121,MAT-SEAL,817,each
MR-0010649,PO-0005121,MAT-PUMP-CAP,831,each
MR-0010650,PO-0005122,MAT-PUMP-CAP,1250,each
MR-0010651,PO-0005122,MAT-CARTON,1247,each
MR-0010652,PO-0005123,MAT-CARTON,1438,each
MR-0010653,PO-0005123,MAT-LABEL,1459,each
MR-0010654,PO-0005123,MAT-BULK-CREAM,118.01,litre
MR-0010655,PO-0005124,MAT-PUMP-CAP,1222,each
MR-0010656,PO-0005124,MAT-CARTON,1202,each
MR-0010657,PO-0005125,MAT-BULK-CREAM,90.84,litre
MR-0010658,PO-0005125,MAT-SEAL,1175,each
MR-0010659,PO-0005126,MAT-SEAL,666,each
MR-0010660,PO-0005126,MAT-PUMP-CAP,679,each
MR-0010661,PO-0005127,MAT-PUMP-CAP,1331,each
MR-0010662,PO-0005127,MAT-CARTON,1340,each
MR-0010663,PO-0005128,MAT-CARTON,1231,each
MR-0010664,PO-0005128,MAT-LABEL,1258,each
MR-0010665,PO-0005129,MAT-PUMP-CAP,1291,each
MR-0010666,PO-0005129,MAT-CARTON,1281,each
MR-0010667,PO-0005130,MAT-BULK-CREAM,102.56,litre
MR-0010668,PO-0005130,MAT-SEAL,1244,each
MR-0010669,PO-0005131,MAT-PUMP-CAP,1359,each
MR-0010670,PO-0005131,MAT-CARTON,1397,each
MR-0010671,PO-0005132,MAT-CARTON,1317,each
MR-0010672,PO-0005132,MAT-LABEL,1319,each
MR-0010673,PO-0005133,MAT-LABEL,730,each
MR-0010674,PO-0005133,MAT-BULK-CREAM,58.05,litre
MR-0010675,PO-0005134,MAT-SEAL,1208,each
MR-0010676,PO-0005134,MAT-PUMP-CAP,1212,each
MR-0010677,PO-0005135,MAT-LABEL,1016,each
MR-0010678,PO-0005135,MAT-BULK-CREAM,78.79,litre
MR-0010679,PO-0005136,MAT-CARTON,970,each
MR-0010680,PO-0005136,MAT-LABEL,980,each
MR-0010681,PO-0005137,MAT-CARTON,1009,each
MR-0010682,PO-0005137,MAT-LABEL,1020,each
MR-0010683,PO-0005138,MAT-LABEL,921,each
MR-0010684,PO-0005138,MAT-BULK-CREAM,74.66,litre
MR-0010685,PO-0005139,MAT-BULK-CREAM,73.23,litre
MR-0010686,PO-0005139,MAT-SEAL,916,each
MR-0010687,PO-0005140,MAT-SEAL,978,each
MR-0010688,PO-0005140,MAT-PUMP-CAP,977,each
MR-0010689,PO-0005141,MAT-LABEL,864,each
MR-0010690,PO-0005141,MAT-BULK-CREAM,66.75,litre
MR-0010691,PO-0005142,MAT-CARTON,934,each
MR-0010692,PO-0005142,MAT-LABEL,904,each
MR-0010693,PO-0005143,MAT-PUMP-CAP,1229,each
MR-0010694,PO-0005143,MAT-CARTON,1242,each
MR-0010695,PO-0005144,MAT-CARTON,1038,each
MR-0010696,PO-0005144,MAT-LABEL,1042,each
MR-0010697,PO-0005145,MAT-SEAL,885,each
MR-0010698,PO-0005145,MAT-PUMP-CAP,911,each
MR-0010699,PO-0005146,MAT-PUMP-CAP,1410,each
MR-0010700,PO-0005146,MAT-CARTON,1379,each
MR-0010701,PO-0005147,MAT-BULK-CREAM,95.26,litre
MR-0010702,PO-0005147,MAT-SEAL,1176,each
MR-0010703,PO-0005148,MAT-LABEL,1149,each
MR-0010704,PO-0005148,MAT-BULK-CREAM,92.13,litre
MR-0010705,PO-0005149,MAT-BULK-CREAM,46.16,litre
MR-0010706,PO-0005149,MAT-SEAL,588,each
MR-0010707,PO-0005150,MAT-CARTON,1025,each
MR-0010708,PO-0005150,MAT-LABEL,1040,each
MR-0010709,PO-0005151,MAT-LABEL,924,each
MR-0010710,PO-0005151,MAT-BULK-CREAM,77.55,litre
MR-0010711,PO-0005152,MAT-LABEL,1077,each
MR-0010712,PO-0005152,MAT-BULK-CREAM,82.92,litre
MR-0010713,PO-0005153,MAT-LABEL,1161,each
MR-0010714,PO-0005153,MAT-BULK-CREAM,89.9,litre
MR-0010715,PO-0005154,MAT-BULK-CREAM,63.61,litre
MR-0010716,PO-0005154,MAT-SEAL,806,each
MR-0010717,PO-0005155,MAT-SEAL,584,each
MR-0010718,PO-0005155,MAT-PUMP-CAP,583,each
MR-0010719,PO-0005156,MAT-LABEL,812,each
MR-0010720,PO-0005156,MAT-BULK-CREAM,67.94,litre
MR-0010721,PO-0005157,MAT-CARTON,499,each
MR-0010722,PO-0005157,MAT-LABEL,515,each
MR-0010723,PO-0005158,MAT-LABEL,646,each
MR-0010724,PO-0005158,MAT-BULK-CREAM,52.76,litre
MR-0010725,PO-0005159,MAT-BULK-CREAM,41.06,litre
MR-0010726,PO-0005159,MAT-SEAL,501,each
MR-0010727,PO-0005160,MAT-PUMP-CAP,819,each
MR-0010728,PO-0005160,MAT-CARTON,794,each
MR-0010729,PO-0005161,MAT-LABEL,463,each
MR-0010730,PO-0005161,MAT-BULK-CREAM,37.26,litre
MR-0010731,PO-0005162,MAT-PUMP-CAP,513,each
MR-0010732,PO-0005162,MAT-CARTON,494,each
MR-0010733,PO-0005163,MAT-SEAL,565,each
MR-0010734,PO-0005163,MAT-PUMP-CAP,568,each
MR-0010735,PO-0005164,MAT-BULK-CREAM,54.67,litre
MR-0010736,PO-0005164,MAT-SEAL,687,each
MR-0010737,PO-0005165,MAT-LABEL,892,each
MR-0010738,PO-0005165,MAT-BULK-CREAM,73.09,litre
MR-0010739,PO-0005166,MAT-SEAL,600,each
MR-0010740,PO-0005166,MAT-PUMP-CAP,607,each
MR-0010741,PO-0005167,MAT-BULK-CREAM,36.07,litre
MR-0010742,PO-0005167,MAT-SEAL,454,each
MR-0010743,PO-0005168,MAT-SEAL,900,each
MR-0010744,PO-0005168,MAT-PUMP-CAP,933,each
MR-0010745,PO-0005169,MAT-CARTON,742,each
MR-0010746,PO-0005169,MAT-LABEL,735,each
MR-0010747,PO-0005170,MAT-BULK-CREAM,50.38,litre
MR-0010748,PO-0005170,MAT-SEAL,615,each
MR-0010749,PO-0005171,MAT-CARTON,655,each
MR-0010750,PO-0005171,MAT-LABEL,681,each
MR-0010751,PO-0005172,MAT-PUMP-CAP,558,each
MR-0010752,PO-0005172,MAT-CARTON,530,each
MR-0010753,PO-0005173,MAT-CARTON,695,each
MR-0010754,PO-0005173,MAT-LABEL,658,each
MR-0010755,PO-0005174,MAT-BULK-CREAM,64.33,litre
MR-0010756,PO-0005174,MAT-SEAL,803,each
MR-0010757,PO-0005175,MAT-BULK-CREAM,59.9,litre
MR-0010758,PO-0005175,MAT-SEAL,735,each
MR-0010759,PO-0005176,MAT-SEAL,820,each
MR-0010760,PO-0005176,MAT-PUMP-CAP,830,each
MR-0010761,PO-0005177,MAT-PUMP-CAP,732,each
MR-0010762,PO-0005177,MAT-CARTON,738,each
MR-0010763,PO-0005178,MAT-CARTON,845,each
MR-0010764,PO-0005178,MAT-LABEL,896,each
MR-0010765,PO-0005179,MAT-LABEL,1056,each
MR-0010766,PO-0005179,MAT-BULK-CREAM,86.3,litre
MR-0010767,PO-0005180,MAT-BULK-CREAM,76.99,litre
MR-0010768,PO-0005180,MAT-SEAL,944,each
MR-0010769,PO-0005181,MAT-SEAL,1207,each
MR-0010770,PO-0005181,MAT-PUMP-CAP,1226,each
MR-0010771,PO-0005182,MAT-PUMP-CAP,1113,each
MR-0010772,PO-0005182,MAT-CARTON,1118,each
MR-0010773,PO-0005183,MAT-CARTON,744,each
MR-0010774,PO-0005183,MAT-LABEL,729,each
MR-0010775,PO-0005184,MAT-BULK-CREAM,56.04,litre
MR-0010776,PO-0005184,MAT-SEAL,720,each
MR-0010777,PO-0005185,MAT-SEAL,727,each
MR-0010778,PO-0005185,MAT-PUMP-CAP,714,each
MR-0010779,PO-0005186,MAT-SEAL,847,each
MR-0010780,PO-0005186,MAT-PUMP-CAP,856,each
MR-0010781,PO-0005187,MAT-SEAL,1264,each
MR-0010782,PO-0005187,MAT-PUMP-CAP,1292,each
MR-0010783,PO-0005188,MAT-SEAL,1093,each
MR-0010784,PO-0005188,MAT-PUMP-CAP,1151,each
MR-0010785,PO-0005189,MAT-LABEL,1582,each
MR-0010786,PO-0005189,MAT-BULK-CREAM,125.85,litre
MR-0010787,PO-0005189,MAT-SEAL,1564,each
MR-0010788,PO-0005190,MAT-BULK-CREAM,114.42,litre
MR-0010789,PO-0005190,MAT-SEAL,1441,each
MR-0010790,PO-0005190,MAT-PUMP-CAP,1427,each
MR-0010791,PO-0005191,MAT-SEAL,1059,each
MR-0010792,PO-0005191,MAT-PUMP-CAP,1100,each
MR-0010793,PO-0005192,MAT-PUMP-CAP,1076,each
MR-0010794,PO-0005192,MAT-CARTON,1068,each
MR-0010795,PO-0005193,MAT-LABEL,1499,each
MR-0010796,PO-0005193,MAT-BULK-CREAM,114.87,litre
MR-0010797,PO-0005193,MAT-SEAL,1507,each
MR-0010798,PO-0005194,MAT-LABEL,854,each
MR-0010799,PO-0005194,MAT-BULK-CREAM,70.48,litre
MR-0010800,PO-0005195,MAT-CARTON,1226,each
MR-0010801,PO-0005195,MAT-LABEL,1191,each
MR-0010802,PO-0005196,MAT-CARTON,1244,each
MR-0010803,PO-0005196,MAT-LABEL,1273,each
MR-0010804,PO-0005197,MAT-CARTON,1405,each
MR-0010805,PO-0005197,MAT-LABEL,1388,each
MR-0010806,PO-0005197,MAT-BULK-CREAM,113.65,litre
MR-0010807,PO-0005198,MAT-PUMP-CAP,734,each
MR-0010808,PO-0005198,MAT-CARTON,712,each
MR-0010809,PO-0005199,MAT-CARTON,1304,each
MR-0010810,PO-0005199,MAT-LABEL,1265,each
MR-0010811,PO-0005200,MAT-LABEL,651,each
MR-0010812,PO-0005200,MAT-BULK-CREAM,52.23,litre
MR-0010813,PO-0005201,MAT-PUMP-CAP,912,each
MR-0010814,PO-0005201,MAT-CARTON,912,each
MR-0010815,PO-0005202,MAT-CARTON,643,each
MR-0010816,PO-0005202,MAT-LABEL,652,each
MR-0010817,PO-0005203,MAT-LABEL,1157,each
MR-0010818,PO-0005203,MAT-BULK-CREAM,92.88,litre
MR-0010819,PO-0005204,MAT-BULK-CREAM,84.63,litre
MR-0010820,PO-0005204,MAT-SEAL,1041,each
MR-0010821,PO-0005205,MAT-LABEL,972,each
MR-0010822,PO-0005205,MAT-BULK-CREAM,79.12,litre
MR-0010823,PO-0005206,MAT-CARTON,1346,each
MR-0010824,PO-0005206,MAT-LABEL,1318,each
MR-0010825,PO-0005207,MAT-CARTON,930,each
MR-0010826,PO-0005207,MAT-LABEL,934,each
MR-0010827,PO-0005208,MAT-PUMP-CAP,1360,each
MR-0010828,PO-0005208,MAT-CARTON,1358,each
MR-0010829,PO-0005209,MAT-PUMP-CAP,1389,each
MR-0010830,PO-0005209,MAT-CARTON,1352,each
MR-0010831,PO-0005210,MAT-LABEL,972,each
MR-0010832,PO-0005210,MAT-BULK-CREAM,74.83,litre
MR-0010833,PO-0005211,MAT-CARTON,845,each
MR-0010834,PO-0005211,MAT-LABEL,858,each
MR-0010835,PO-0005212,MAT-SEAL,948,each
MR-0010836,PO-0005212,MAT-PUMP-CAP,986,each
MR-0010837,PO-0005213,MAT-BULK-CREAM,60.99,litre
MR-0010838,PO-0005213,MAT-SEAL,774,each
MR-0010839,PO-0005214,MAT-CARTON,844,each
MR-0010840,PO-0005214,MAT-LABEL,808,each
MR-0010841,PO-0005215,MAT-CARTON,799,each
MR-0010842,PO-0005215,MAT-LABEL,812,each
MR-0010843,PO-0005216,MAT-PUMP-CAP,1090,each
MR-0010844,PO-0005216,MAT-CARTON,1069,each
MR-0010845,PO-0005217,MAT-CARTON,835,each
MR-0010846,PO-0005217,MAT-LABEL,810,each
MR-0010847,PO-0005218,MAT-LABEL,859,each
MR-0010848,PO-0005218,MAT-BULK-CREAM,68.09,litre
MR-0010849,PO-0005219,MAT-CARTON,650,each
MR-0010850,PO-0005219,MAT-LABEL,644,each
MR-0010851,PO-0005220,MAT-SEAL,509,each
MR-0010852,PO-0005220,MAT-PUMP-CAP,538,each
MR-0010853,PO-0005221,MAT-PUMP-CAP,876,each
MR-0010854,PO-0005221,MAT-CARTON,867,each
MR-0010855,PO-0005222,MAT-CARTON,757,each
MR-0010856,PO-0005222,MAT-LABEL,763,each
MR-0010857,PO-0005223,MAT-LABEL,417,each
MR-0010858,PO-0005223,MAT-BULK-CREAM,33.5,litre
MR-0010859,PO-0005224,MAT-BULK-CREAM,49.28,litre
MR-0010860,PO-0005224,MAT-SEAL,612,each
MR-0010861,PO-0005225,MAT-SEAL,857,each
MR-0010862,PO-0005225,MAT-PUMP-CAP,876,each
MR-0010863,PO-0005226,MAT-PUMP-CAP,507,each
MR-0010864,PO-0005226,MAT-CARTON,512,each
MR-0010865,PO-0005227,MAT-PUMP-CAP,773,each
MR-0010866,PO-0005227,MAT-CARTON,794,each
MR-0010867,PO-0005228,MAT-BULK-CREAM,51.09,litre
MR-0010868,PO-0005228,MAT-SEAL,654,each
MR-0010869,PO-0005229,MAT-BULK-CREAM,43.2,litre
MR-0010870,PO-0005229,MAT-SEAL,527,each
MR-0010871,PO-0005230,MAT-SEAL,450,each
MR-0010872,PO-0005230,MAT-PUMP-CAP,466,each
MR-0010873,PO-0005231,MAT-BULK-CREAM,53.56,litre
MR-0010874,PO-0005231,MAT-SEAL,645,each
MR-0010875,PO-0005232,MAT-SEAL,485,each
MR-0010876,PO-0005232,MAT-PUMP-CAP,498,each
MR-0010877,PO-0005233,MAT-SEAL,881,each
MR-0010878,PO-0005233,MAT-PUMP-CAP,910,each
MR-0010879,PO-0005234,MAT-BULK-CREAM,58.73,litre
MR-0010880,PO-0005234,MAT-SEAL,700,each
MR-0010881,PO-0005235,MAT-BULK-CREAM,81.62,litre
MR-0010882,PO-0005235,MAT-SEAL,1021,each
MR-0010883,PO-0005236,MAT-SEAL,1045,each
MR-0010884,PO-0005236,MAT-PUMP-CAP,1066,each
MR-0010885,PO-0005237,MAT-BULK-CREAM,67.75,litre
MR-0010886,PO-0005237,MAT-SEAL,841,each
MR-0010887,PO-0005238,MAT-PUMP-CAP,535,each
MR-0010888,PO-0005238,MAT-CARTON,519,each
MR-0010889,PO-0005239,MAT-LABEL,1145,each
MR-0010890,PO-0005239,MAT-BULK-CREAM,90.64,litre
MR-0010891,PO-0005240,MAT-BULK-CREAM,59.46,litre
MR-0010892,PO-0005240,MAT-SEAL,744,each
MR-0010893,PO-0005241,MAT-SEAL,909,each
MR-0010894,PO-0005241,MAT-PUMP-CAP,919,each
MR-0010895,PO-0005242,MAT-PUMP-CAP,839,each
MR-0010896,PO-0005242,MAT-CARTON,830,each
MR-0010897,PO-0005243,MAT-CARTON,1037,each
MR-0010898,PO-0005243,MAT-LABEL,1016,each
MR-0010899,PO-0005244,MAT-LABEL,834,each
MR-0010900,PO-0005244,MAT-BULK-CREAM,66.18,litre
MR-0010901,PO-0005245,MAT-BULK-CREAM,87.43,litre
MR-0010902,PO-0005245,MAT-SEAL,1065,each
MR-0010903,PO-0005246,MAT-SEAL,1397,each
MR-0010904,PO-0005246,MAT-PUMP-CAP,1412,each
MR-0010905,PO-0005246,MAT-CARTON,1380,each
MR-0010906,PO-0005247,MAT-BULK-CREAM,78.15,litre
MR-0010907,PO-0005247,MAT-SEAL,988,each
MR-0010908,PO-0005248,MAT-LABEL,1353,each
MR-0010909,PO-0005248,MAT-BULK-CREAM,108.89,litre
MR-0010910,PO-0005249,MAT-PUMP-CAP,1472,each
MR-0010911,PO-0005249,MAT-CARTON,1457,each
MR-0010912,PO-0005249,MAT-LABEL,1442,each
MR-0010913,PO-0005250,MAT-BULK-CREAM,120.28,litre
MR-0010914,PO-0005250,MAT-SEAL,1507,each
MR-0010915,PO-0005250,MAT-PUMP-CAP,1609,each
MR-0010916,PO-0005251,MAT-SEAL,948,each
MR-0010917,PO-0005251,MAT-PUMP-CAP,968,each
MR-0010918,PO-0005252,MAT-PUMP-CAP,1159,each
MR-0010919,PO-0005252,MAT-CARTON,1157,each
MR-0010920,PO-0005253,MAT-CARTON,1455,each
MR-0010921,PO-0005253,MAT-LABEL,1431,each
MR-0010922,PO-0005253,MAT-BULK-CREAM,113.35,litre
MR-0010923,PO-0005254,MAT-LABEL,1578,each
MR-0010924,PO-0005254,MAT-BULK-CREAM,128.64,litre
MR-0010925,PO-0005254,MAT-SEAL,1598,each
MR-0010926,PO-0005255,MAT-BULK-CREAM,103.42,litre
MR-0010927,PO-0005255,MAT-SEAL,1261,each
MR-0010928,PO-0005256,MAT-PUMP-CAP,1331,each
MR-0010929,PO-0005256,MAT-CARTON,1284,each
MR-0010930,PO-0005257,MAT-PUMP-CAP,1585,each
MR-0010931,PO-0005257,MAT-CARTON,1558,each
MR-0010932,PO-0005257,MAT-LABEL,1523,each
MR-0010933,PO-0005258,MAT-CARTON,1515,each
MR-0010934,PO-0005258,MAT-LABEL,1553,each
MR-0010935,PO-0005258,MAT-BULK-CREAM,119.85,litre
MR-0010936,PO-0005259,MAT-LABEL,1578,each
MR-0010937,PO-0005259,MAT-BULK-CREAM,127.62,litre
MR-0010938,PO-0005259,MAT-SEAL,1605,each
MR-0010939,PO-0005260,MAT-BULK-CREAM,79,litre
MR-0010940,PO-0005260,MAT-SEAL,1022,each
MR-0010941,PO-0005261,MAT-PUMP-CAP,1163,each
MR-0010942,PO-0005261,MAT-CARTON,1171,each
MR-0010943,PO-0005262,MAT-CARTON,768,each
MR-0010944,PO-0005262,MAT-LABEL,757,each
MR-0010945,PO-0005263,MAT-SEAL,1352,each
MR-0010946,PO-0005263,MAT-PUMP-CAP,1372,each
MR-0010947,PO-0005264,MAT-PUMP-CAP,1086,each
MR-0010948,PO-0005264,MAT-CARTON,1052,each
MR-0010949,PO-0005265,MAT-PUMP-CAP,745,each
MR-0010950,PO-0005265,MAT-CARTON,738,each
MR-0010951,PO-0005266,MAT-PUMP-CAP,863,each
MR-0010952,PO-0005266,MAT-CARTON,857,each
MR-0010953,PO-0005267,MAT-CARTON,1247,each
MR-0010954,PO-0005267,MAT-LABEL,1245,each
MR-0010955,PO-0005268,MAT-LABEL,1422,each
MR-0010956,PO-0005268,MAT-BULK-CREAM,112.8,litre
MR-0010957,PO-0005268,MAT-SEAL,1411,each
MR-0010958,PO-0005269,MAT-BULK-CREAM,79.55,litre
MR-0010959,PO-0005269,MAT-SEAL,1004,each
MR-0010960,PO-0005270,MAT-SEAL,733,each
MR-0010961,PO-0005270,MAT-PUMP-CAP,731,each
MR-0010962,PO-0005271,MAT-LABEL,1152,each
MR-0010963,PO-0005271,MAT-BULK-CREAM,91.91,litre
MR-0010964,PO-0005272,MAT-CARTON,972,each
MR-0010965,PO-0005272,MAT-LABEL,965,each
MR-0010966,PO-0005273,MAT-LABEL,1193,each
MR-0010967,PO-0005273,MAT-BULK-CREAM,97.29,litre
MR-0010968,PO-0005274,MAT-PUMP-CAP,1357,each
MR-0010969,PO-0005274,MAT-CARTON,1400,each
MR-0010970,PO-0005275,MAT-SEAL,634,each
MR-0010971,PO-0005275,MAT-PUMP-CAP,646,each
MR-0010972,PO-0005276,MAT-PUMP-CAP,996,each
MR-0010973,PO-0005276,MAT-CARTON,945,each
MR-0010974,PO-0005277,MAT-SEAL,862,each
MR-0010975,PO-0005277,MAT-PUMP-CAP,870,each
MR-0010976,PO-0005278,MAT-SEAL,968,each
MR-0010977,PO-0005278,MAT-PUMP-CAP,974,each
MR-0010978,PO-0005279,MAT-SEAL,610,each
MR-0010979,PO-0005279,MAT-PUMP-CAP,619,each
MR-0010980,PO-0005280,MAT-BULK-CREAM,63.74,litre
MR-0010981,PO-0005280,MAT-SEAL,832,each
MR-0010982,PO-0005281,MAT-LABEL,722,each
MR-0010983,PO-0005281,MAT-BULK-CREAM,59.1,litre
MR-0010984,PO-0005282,MAT-SEAL,1027,each
MR-0010985,PO-0005282,MAT-PUMP-CAP,1041,each
MR-0010986,PO-0005283,MAT-LABEL,795,each
MR-0010987,PO-0005283,MAT-BULK-CREAM,63.97,litre
MR-0010988,PO-0005284,MAT-BULK-CREAM,54.58,litre
MR-0010989,PO-0005284,MAT-SEAL,699,each
MR-0010990,PO-0005285,MAT-CARTON,490,each
MR-0010991,PO-0005285,MAT-LABEL,472,each
MR-0010992,PO-0005286,MAT-PUMP-CAP,401,each
MR-0010993,PO-0005286,MAT-CARTON,399,each
MR-0010994,PO-0005287,MAT-CARTON,550,each
MR-0010995,PO-0005287,MAT-LABEL,544,each
MR-0010996,PO-0005288,MAT-CARTON,741,each
MR-0010997,PO-0005288,MAT-LABEL,732,each
MR-0010998,PO-0005289,MAT-BULK-CREAM,70.21,litre
MR-0010999,PO-0005289,MAT-SEAL,878,each
MR-0011000,PO-0005290,MAT-SEAL,431,each
MR-0011001,PO-0005290,MAT-PUMP-CAP,428,each
MR-0011002,PO-0005291,MAT-BULK-CREAM,33.88,litre
MR-0011003,PO-0005291,MAT-SEAL,411,each
MR-0011004,PO-0005292,MAT-BULK-CREAM,59.93,litre
MR-0011005,PO-0005292,MAT-SEAL,753,each
MR-0011006,PO-0005293,MAT-PUMP-CAP,462,each
MR-0011007,PO-0005293,MAT-CARTON,474,each
MR-0011008,PO-0005294,MAT-CARTON,935,each
MR-0011009,PO-0005294,MAT-LABEL,915,each
MR-0011010,PO-0005295,MAT-SEAL,905,each
MR-0011011,PO-0005295,MAT-PUMP-CAP,907,each
MR-0011012,PO-0005296,MAT-BULK-CREAM,64.83,litre
MR-0011013,PO-0005296,MAT-SEAL,821,each
MR-0011014,PO-0005297,MAT-CARTON,820,each
MR-0011015,PO-0005297,MAT-LABEL,815,each
MR-0011016,PO-0005298,MAT-CARTON,821,each
MR-0011017,PO-0005298,MAT-LABEL,838,each
MR-0011018,PO-0005299,MAT-SEAL,917,each
MR-0011019,PO-0005299,MAT-PUMP-CAP,953,each
MR-0011020,PO-0005300,MAT-BULK-CREAM,59.79,litre
MR-0011021,PO-0005300,MAT-SEAL,735,each
MR-0011022,PO-0005301,MAT-SEAL,555,each
MR-0011023,PO-0005301,MAT-PUMP-CAP,568,each
MR-0011024,PO-0005302,MAT-PUMP-CAP,659,each
MR-0011025,PO-0005302,MAT-CARTON,621,each
MR-0011026,PO-0005303,MAT-CARTON,615,each
MR-0011027,PO-0005303,MAT-LABEL,590,each
MR-0011028,PO-0005304,MAT-SEAL,723,each
MR-0011029,PO-0005304,MAT-PUMP-CAP,741,each
MR-0011030,PO-0005305,MAT-CARTON,968,each
MR-0011031,PO-0005305,MAT-LABEL,920,each
MR-0011032,PO-0005306,MAT-SEAL,626,each
MR-0011033,PO-0005306,MAT-PUMP-CAP,650,each
MR-0011034,PO-0005307,MAT-PUMP-CAP,695,each
MR-0011035,PO-0005307,MAT-CARTON,683,each
MR-0011036,PO-0005308,MAT-BULK-CREAM,87.78,litre
MR-0011037,PO-0005308,MAT-SEAL,1055,each
MR-0011038,PO-0005309,MAT-LABEL,1458,each
MR-0011039,PO-0005309,MAT-BULK-CREAM,118.62,litre
MR-0011040,PO-0005309,MAT-SEAL,1501,each
MR-0011041,PO-0005310,MAT-BULK-CREAM,107.66,litre
MR-0011042,PO-0005310,MAT-SEAL,1323,each
MR-0011043,PO-0005311,MAT-SEAL,1061,each
MR-0011044,PO-0005311,MAT-PUMP-CAP,1060,each
MR-0011045,PO-0005312,MAT-PUMP-CAP,1112,each
MR-0011046,PO-0005312,MAT-CARTON,1062,each
MR-0011047,PO-0005313,MAT-LABEL,1236,each
MR-0011048,PO-0005313,MAT-BULK-CREAM,96.21,litre
MR-0011049,PO-0005314,MAT-CARTON,1021,each
MR-0011050,PO-0005314,MAT-LABEL,1000,each
MR-0011051,PO-0005315,MAT-BULK-CREAM,92.37,litre
MR-0011052,PO-0005315,MAT-SEAL,1200,each
MR-0011053,PO-0005316,MAT-SEAL,928,each
MR-0011054,PO-0005316,MAT-PUMP-CAP,992,each
MR-0011055,PO-0005317,MAT-CARTON,1263,each
MR-0011056,PO-0005317,MAT-LABEL,1271,each
MR-0011057,PO-0005318,MAT-CARTON,1019,each
MR-0011058,PO-0005318,MAT-LABEL,1007,each
MR-0011059,PO-0005319,MAT-LABEL,1277,each
MR-0011060,PO-0005319,MAT-BULK-CREAM,101.91,litre
MR-0011061,PO-0005320,MAT-BULK-CREAM,116.59,litre
MR-0011062,PO-0005320,MAT-SEAL,1446,each
MR-0011063,PO-0005320,MAT-PUMP-CAP,1494,each
MR-0011064,PO-0005321,MAT-SEAL,1589,each
MR-0011065,PO-0005321,MAT-PUMP-CAP,1588,each
MR-0011066,PO-0005321,MAT-CARTON,1597,each
MR-0011067,PO-0005322,MAT-PUMP-CAP,744,each
MR-0011068,PO-0005322,MAT-CARTON,733,each
MR-0011069,PO-0005323,MAT-BULK-CREAM,86.31,litre
MR-0011070,PO-0005323,MAT-SEAL,1063,each
MR-0011071,PO-0005324,MAT-BULK-CREAM,66.4,litre
MR-0011072,PO-0005324,MAT-SEAL,823,each
MR-0011073,PO-0005325,MAT-BULK-CREAM,108.59,litre
MR-0011074,PO-0005325,MAT-SEAL,1388,each
MR-0011075,PO-0005326,MAT-PUMP-CAP,939,each
MR-0011076,PO-0005326,MAT-CARTON,917,each
MR-0011077,PO-0005327,MAT-CARTON,679,each
MR-0011078,PO-0005327,MAT-LABEL,663,each
MR-0011079,PO-0005328,MAT-SEAL,1143,each
MR-0011080,PO-0005328,MAT-PUMP-CAP,1160,each
MR-0011081,PO-0005329,MAT-BULK-CREAM,56.49,litre
MR-0011082,PO-0005329,MAT-SEAL,712,each
MR-0011083,PO-0005330,MAT-SEAL,835,each
MR-0011084,PO-0005330,MAT-PUMP-CAP,853,each
MR-0011085,PO-0005331,MAT-PUMP-CAP,1092,each
MR-0011086,PO-0005331,MAT-CARTON,1120,each
MR-0011087,PO-0005332,MAT-CARTON,1435,each
MR-0011088,PO-0005332,MAT-LABEL,1442,each
MR-0011089,PO-0005332,MAT-BULK-CREAM,116.99,litre
MR-0011090,PO-0005333,MAT-LABEL,1324,each
MR-0011091,PO-0005333,MAT-BULK-CREAM,105.41,litre
MR-0011092,PO-0005334,MAT-CARTON,1056,each
MR-0011093,PO-0005334,MAT-LABEL,1049,each
MR-0011094,PO-0005335,MAT-LABEL,810,each
MR-0011095,PO-0005335,MAT-BULK-CREAM,62.89,litre
MR-0011096,PO-0005336,MAT-CARTON,928,each
MR-0011097,PO-0005336,MAT-LABEL,934,each
MR-0011098,PO-0005337,MAT-CARTON,719,each
MR-0011099,PO-0005337,MAT-LABEL,712,each
MR-0011100,PO-0005338,MAT-SEAL,1335,each
MR-0011101,PO-0005338,MAT-PUMP-CAP,1305,each
MR-0011102,PO-0005339,MAT-BULK-CREAM,110.14,litre
MR-0011103,PO-0005339,MAT-SEAL,1330,each
MR-0011104,PO-0005340,MAT-SEAL,1253,each
MR-0011105,PO-0005340,MAT-PUMP-CAP,1313,each
MR-0011106,PO-0005341,MAT-BULK-CREAM,48.41,litre
MR-0011107,PO-0005341,MAT-SEAL,614,each
MR-0011108,PO-0005342,MAT-SEAL,1181,each
MR-0011109,PO-0005342,MAT-PUMP-CAP,1216,each
MR-0011110,PO-0005343,MAT-BULK-CREAM,75.63,litre
MR-0011111,PO-0005343,MAT-SEAL,934,each
MR-0011112,PO-0005344,MAT-BULK-CREAM,60.36,litre
MR-0011113,PO-0005344,MAT-SEAL,771,each
MR-0011114,PO-0005345,MAT-LABEL,584,each
MR-0011115,PO-0005345,MAT-BULK-CREAM,47.07,litre
MR-0011116,PO-0005346,MAT-PUMP-CAP,808,each
MR-0011117,PO-0005346,MAT-CARTON,794,each
MR-0011118,PO-0005347,MAT-CARTON,600,each
MR-0011119,PO-0005347,MAT-LABEL,593,each
MR-0011120,PO-0005348,MAT-SEAL,1055,each
MR-0011121,PO-0005348,MAT-PUMP-CAP,1104,each
MR-0011122,PO-0005349,MAT-PUMP-CAP,659,each
MR-0011123,PO-0005349,MAT-CARTON,651,each
MR-0011124,PO-0005350,MAT-SEAL,530,each
MR-0011125,PO-0005350,MAT-PUMP-CAP,546,each
MR-0011126,PO-0005351,MAT-PUMP-CAP,427,each
MR-0011127,PO-0005351,MAT-CARTON,425,each
MR-0011128,PO-0005352,MAT-BULK-CREAM,44.69,litre
MR-0011129,PO-0005352,MAT-SEAL,568,each
MR-0011130,PO-0005353,MAT-LABEL,790,each
MR-0011131,PO-0005353,MAT-BULK-CREAM,62.9,litre
MR-0011132,PO-0005354,MAT-SEAL,753,each
MR-0011133,PO-0005354,MAT-PUMP-CAP,756,each
MR-0011134,PO-0005355,MAT-CARTON,787,each
MR-0011135,PO-0005355,MAT-LABEL,736,each
MR-0011136,PO-0005356,MAT-BULK-CREAM,59.1,litre
MR-0011137,PO-0005356,MAT-SEAL,711,each
MR-0011138,PO-0005357,MAT-BULK-CREAM,62.09,litre
MR-0011139,PO-0005357,MAT-SEAL,786,each
MR-0011140,PO-0005358,MAT-BULK-CREAM,67.1,litre
MR-0011141,PO-0005358,MAT-SEAL,838,each
MR-0011142,PO-0005359,MAT-SEAL,585,each
MR-0011143,PO-0005359,MAT-PUMP-CAP,594,each
MR-0011144,PO-0005360,MAT-LABEL,741,each
MR-0011145,PO-0005360,MAT-BULK-CREAM,59.92,litre
MR-0011146,PO-0005361,MAT-LABEL,863,each
MR-0011147,PO-0005361,MAT-BULK-CREAM,70.83,litre
MR-0011148,PO-0005362,MAT-CARTON,780,each
MR-0011149,PO-0005362,MAT-LABEL,767,each
MR-0011150,PO-0005363,MAT-SEAL,533,each
MR-0011151,PO-0005363,MAT-PUMP-CAP,535,each
MR-0011152,PO-0005364,MAT-LABEL,563,each
MR-0011153,PO-0005364,MAT-BULK-CREAM,45.72,litre
MR-0011154,PO-0005365,MAT-SEAL,1153,each
MR-0011155,PO-0005365,MAT-PUMP-CAP,1162,each
MR-0011156,PO-0005366,MAT-PUMP-CAP,718,each
MR-0011157,PO-0005366,MAT-CARTON,737,each
MR-0011158,PO-0005367,MAT-PUMP-CAP,1119,each
MR-0011159,PO-0005367,MAT-CARTON,1090,each
MR-0011160,PO-0005368,MAT-SEAL,708,each
MR-0011161,PO-0005368,MAT-PUMP-CAP,743,each
MR-0011162,PO-0005369,MAT-LABEL,1124,each
MR-0011163,PO-0005369,MAT-BULK-CREAM,90.95,litre
MR-0011164,PO-0005370,MAT-SEAL,627,each
MR-0011165,PO-0005370,MAT-PUMP-CAP,645,each
MR-0011166,PO-0005371,MAT-SEAL,653,each
MR-0011167,PO-0005371,MAT-PUMP-CAP,665,each
MR-0011168,PO-0005372,MAT-PUMP-CAP,1050,each
MR-0011169,PO-0005372,MAT-CARTON,1074,each
MR-0011170,PO-0005373,MAT-CARTON,845,each
MR-0011171,PO-0005373,MAT-LABEL,826,each
MR-0011172,PO-0005374,MAT-LABEL,1559,each
MR-0011173,PO-0005374,MAT-BULK-CREAM,123.71,litre
MR-0011174,PO-0005374,MAT-SEAL,1602,each
MR-0011175,PO-0005375,MAT-BULK-CREAM,70.81,litre
MR-0011176,PO-0005375,MAT-SEAL,877,each
MR-0011177,PO-0005376,MAT-SEAL,889,each
MR-0011178,PO-0005376,MAT-PUMP-CAP,883,each
MR-0011179,PO-0005377,MAT-PUMP-CAP,892,each
MR-0011180,PO-0005377,MAT-CARTON,850,each
MR-0011181,PO-0005378,MAT-CARTON,1338,each
MR-0011182,PO-0005378,MAT-LABEL,1336,each
MR-0011183,PO-0005379,MAT-LABEL,1256,each
MR-0011184,PO-0005379,MAT-BULK-CREAM,106.91,litre
MR-0011185,PO-0005380,MAT-LABEL,949,each
MR-0011186,PO-0005380,MAT-BULK-CREAM,79.04,litre
MR-0011187,PO-0005381,MAT-SEAL,1210,each
MR-0011188,PO-0005381,MAT-PUMP-CAP,1275,each
MR-0011189,PO-0005382,MAT-PUMP-CAP,825,each
MR-0011190,PO-0005382,MAT-CARTON,848,each
MR-0011191,PO-0005383,MAT-CARTON,812,each
MR-0011192,PO-0005383,MAT-LABEL,841,each
MR-0011193,PO-0005384,MAT-LABEL,1477,each
MR-0011194,PO-0005384,MAT-BULK-CREAM,112.87,litre
MR-0011195,PO-0005384,MAT-SEAL,1461,each
MR-0011196,PO-0005385,MAT-SEAL,1302,each
MR-0011197,PO-0005385,MAT-PUMP-CAP,1317,each
MR-0011198,PO-0005386,MAT-SEAL,1136,each
MR-0011199,PO-0005386,MAT-PUMP-CAP,1183,each
MR-0011200,PO-0005387,MAT-BULK-CREAM,64.37,litre
MR-0011201,PO-0005387,MAT-SEAL,796,each
MR-0011202,PO-0005388,MAT-CARTON,1095,each
MR-0011203,PO-0005388,MAT-LABEL,1095,each
MR-0011204,PO-0005389,MAT-LABEL,1591,each
MR-0011205,PO-0005389,MAT-BULK-CREAM,125.77,litre
MR-0011206,PO-0005389,MAT-SEAL,1595,each
MR-0011207,PO-0005390,MAT-SEAL,1367,each
MR-0011208,PO-0005390,MAT-PUMP-CAP,1381,each
MR-0011209,PO-0005391,MAT-PUMP-CAP,1174,each
MR-0011210,PO-0005391,MAT-CARTON,1179,each
MR-0011211,PO-0005392,MAT-SEAL,777,each
MR-0011212,PO-0005392,MAT-PUMP-CAP,809,each
MR-0011213,PO-0005393,MAT-LABEL,806,each
MR-0011214,PO-0005393,MAT-BULK-CREAM,67.01,litre
MR-0011215,PO-0005394,MAT-SEAL,1042,each
MR-0011216,PO-0005394,MAT-PUMP-CAP,1042,each
MR-0011217,PO-0005395,MAT-LABEL,1476,each
MR-0011218,PO-0005395,MAT-BULK-CREAM,115.64,litre
MR-0011219,PO-0005395,MAT-SEAL,1473,each
MR-0011220,PO-0005396,MAT-PUMP-CAP,1358,each
MR-0011221,PO-0005396,MAT-CARTON,1360,each
MR-0011222,PO-0005397,MAT-BULK-CREAM,73.65,litre
MR-0011223,PO-0005397,MAT-SEAL,943,each
MR-0011224,PO-0005398,MAT-BULK-CREAM,116.66,litre
MR-0011225,PO-0005398,MAT-SEAL,1494,each
MR-0011226,PO-0005398,MAT-PUMP-CAP,1524,each
MR-0011227,PO-0005399,MAT-PUMP-CAP,1090,each
MR-0011228,PO-0005399,MAT-CARTON,1102,each
MR-0011229,PO-0005400,MAT-SEAL,1248,each
MR-0011230,PO-0005400,MAT-PUMP-CAP,1284,each
MR-0011231,PO-0005401,MAT-BULK-CREAM,111.47,litre
MR-0011232,PO-0005401,MAT-SEAL,1431,each
MR-0011233,PO-0005401,MAT-PUMP-CAP,1460,each
MR-0011234,PO-0005402,MAT-BULK-CREAM,86.29,litre
MR-0011235,PO-0005402,MAT-SEAL,1077,each
MR-0011236,PO-0005403,MAT-LABEL,1244,each
MR-0011237,PO-0005403,MAT-BULK-CREAM,97.91,litre
MR-0011238,PO-0005404,MAT-BULK-CREAM,106.38,litre
MR-0011239,PO-0005404,MAT-SEAL,1354,each
MR-0011240,PO-0005405,MAT-CARTON,1182,each
MR-0011241,PO-0005405,MAT-LABEL,1162,each
MR-0011242,PO-0005406,MAT-BULK-CREAM,60.76,litre
MR-0011243,PO-0005406,MAT-SEAL,756,each
MR-0011244,PO-0005407,MAT-LABEL,837,each
MR-0011245,PO-0005407,MAT-BULK-CREAM,67.75,litre
MR-0011246,PO-0005408,MAT-BULK-CREAM,61.47,litre
MR-0011247,PO-0005408,MAT-SEAL,735,each
MR-0011248,PO-0005409,MAT-BULK-CREAM,49.53,litre
MR-0011249,PO-0005409,MAT-SEAL,628,each
MR-0011250,PO-0005410,MAT-LABEL,974,each
MR-0011251,PO-0005410,MAT-BULK-CREAM,75.71,litre
MR-0011252,PO-0005411,MAT-CARTON,552,each
MR-0011253,PO-0005411,MAT-LABEL,546,each
MR-0011254,PO-0005412,MAT-BULK-CREAM,51.82,litre
MR-0011255,PO-0005412,MAT-SEAL,653,each
MR-0011256,PO-0005413,MAT-LABEL,617,each
MR-0011257,PO-0005413,MAT-BULK-CREAM,48.45,litre
MR-0011258,PO-0005414,MAT-BULK-CREAM,72.88,litre
MR-0011259,PO-0005414,MAT-SEAL,901,each
MR-0011260,PO-0005415,MAT-SEAL,574,each
MR-0011261,PO-0005415,MAT-PUMP-CAP,570,each
MR-0011262,PO-0005416,MAT-PUMP-CAP,487,each
MR-0011263,PO-0005416,MAT-CARTON,490,each
MR-0011264,PO-0005417,MAT-CARTON,769,each
MR-0011265,PO-0005417,MAT-LABEL,792,each
MR-0011266,PO-0005418,MAT-LABEL,451,each
MR-0011267,PO-0005418,MAT-BULK-CREAM,35.35,litre
MR-0011268,PO-0005419,MAT-BULK-CREAM,65.1,litre
MR-0011269,PO-0005419,MAT-SEAL,833,each
MR-0011270,PO-0005420,MAT-SEAL,609,each
MR-0011271,PO-0005420,MAT-PUMP-CAP,612,each
MR-0011272,PO-0005421,MAT-CARTON,552,each
MR-0011273,PO-0005421,MAT-LABEL,528,each
MR-0011274,PO-0005422,MAT-CARTON,640,each
MR-0011275,PO-0005422,MAT-LABEL,629,each
MR-0011276,PO-0005423,MAT-LABEL,751,each
MR-0011277,PO-0005423,MAT-BULK-CREAM,61.27,litre
MR-0011278,PO-0005424,MAT-SEAL,804,each
MR-0011279,PO-0005424,MAT-PUMP-CAP,812,each
MR-0011280,PO-0005425,MAT-SEAL,718,each
MR-0011281,PO-0005425,MAT-PUMP-CAP,739,each
MR-0011282,PO-0005426,MAT-LABEL,603,each
MR-0011283,PO-0005426,MAT-BULK-CREAM,46.21,litre
MR-0011284,PO-0005427,MAT-CARTON,620,each
MR-0011285,PO-0005427,MAT-LABEL,629,each
MR-0011286,PO-0005428,MAT-CARTON,882,each
MR-0011287,PO-0005428,MAT-LABEL,861,each
MR-0011288,PO-0005429,MAT-LABEL,729,each
MR-0011289,PO-0005429,MAT-BULK-CREAM,58.83,litre
MR-0011290,PO-0005430,MAT-BULK-CREAM,70.19,litre
MR-0011291,PO-0005430,MAT-SEAL,882,each
MR-0011292,PO-0005431,MAT-SEAL,1089,each
MR-0011293,PO-0005431,MAT-PUMP-CAP,1111,each
MR-0011294,PO-0005432,MAT-PUMP-CAP,1041,each
MR-0011295,PO-0005432,MAT-CARTON,1042,each
MR-0011296,PO-0005433,MAT-CARTON,703,each
MR-0011297,PO-0005433,MAT-LABEL,704,each
MR-0011298,PO-0005434,MAT-LABEL,726,each
MR-0011299,PO-0005434,MAT-BULK-CREAM,58.31,litre
MR-0011300,PO-0005435,MAT-BULK-CREAM,66.55,litre
MR-0011301,PO-0005435,MAT-SEAL,847,each
MR-0011302,PO-0005436,MAT-SEAL,582,each
MR-0011303,PO-0005436,MAT-PUMP-CAP,600,each
MR-0011304,PO-0005437,MAT-PUMP-CAP,997,each
MR-0011305,PO-0005437,MAT-CARTON,961,each
MR-0011306,PO-0005438,MAT-CARTON,1100,each
MR-0011307,PO-0005438,MAT-LABEL,1100,each
MR-0011308,PO-0005439,MAT-LABEL,1138,each
MR-0011309,PO-0005439,MAT-BULK-CREAM,90.6,litre
MR-0011310,PO-0005440,MAT-BULK-CREAM,123.78,litre
MR-0011311,PO-0005440,MAT-SEAL,1538,each
MR-0011312,PO-0005440,MAT-PUMP-CAP,1551,each
MR-0011313,PO-0005441,MAT-SEAL,988,each
MR-0011314,PO-0005441,MAT-PUMP-CAP,965,each
MR-0011315,PO-0005442,MAT-PUMP-CAP,1600,each
MR-0011316,PO-0005442,MAT-CARTON,1603,each
MR-0011317,PO-0005442,MAT-LABEL,1570,each
MR-0011318,PO-0005443,MAT-LABEL,1483,each
MR-0011319,PO-0005443,MAT-BULK-CREAM,119.69,litre
MR-0011320,PO-0005443,MAT-SEAL,1465,each
MR-0011321,PO-0005444,MAT-LABEL,1550,each
MR-0011322,PO-0005444,MAT-BULK-CREAM,128.38,litre
MR-0011323,PO-0005444,MAT-SEAL,1565,each
MR-0011324,PO-0005445,MAT-BULK-CREAM,73.61,litre
MR-0011325,PO-0005445,MAT-SEAL,906,each
MR-0011326,PO-0005446,MAT-SEAL,745,each
MR-0011327,PO-0005446,MAT-PUMP-CAP,769,each
MR-0011328,PO-0005447,MAT-CARTON,1193,each
MR-0011329,PO-0005447,MAT-LABEL,1177,each
MR-0011330,PO-0005448,MAT-PUMP-CAP,1450,each
MR-0011331,PO-0005448,MAT-CARTON,1424,each
MR-0011332,PO-0005448,MAT-LABEL,1398,each
MR-0011333,PO-0005449,MAT-CARTON,757,each
MR-0011334,PO-0005449,MAT-LABEL,760,each
MR-0011335,PO-0005450,MAT-BULK-CREAM,107.9,litre
MR-0011336,PO-0005450,MAT-SEAL,1329,each
MR-0011337,PO-0005451,MAT-BULK-CREAM,101.71,litre
MR-0011338,PO-0005451,MAT-SEAL,1293,each
MR-0011339,PO-0005452,MAT-PUMP-CAP,897,each
MR-0011340,PO-0005452,MAT-CARTON,894,each
MR-0011341,PO-0005453,MAT-CARTON,705,each
MR-0011342,PO-0005453,MAT-LABEL,722,each
MR-0011343,PO-0005454,MAT-CARTON,1006,each
MR-0011344,PO-0005454,MAT-LABEL,971,each
MR-0011345,PO-0005455,MAT-CARTON,933,each
MR-0011346,PO-0005455,MAT-LABEL,909,each
MR-0011347,PO-0005456,MAT-PUMP-CAP,1241,each
MR-0011348,PO-0005456,MAT-CARTON,1246,each
MR-0011349,PO-0005457,MAT-SEAL,1132,each
MR-0011350,PO-0005457,MAT-PUMP-CAP,1150,each
MR-0011351,PO-0005458,MAT-SEAL,978,each
MR-0011352,PO-0005458,MAT-PUMP-CAP,1036,each
MR-0011353,PO-0005459,MAT-BULK-CREAM,82.36,litre
MR-0011354,PO-0005459,MAT-SEAL,1034,each
MR-0011355,PO-0005460,MAT-SEAL,674,each
MR-0011356,PO-0005460,MAT-PUMP-CAP,665,each
MR-0011357,PO-0005461,MAT-PUMP-CAP,683,each
MR-0011358,PO-0005461,MAT-CARTON,706,each
MR-0011359,PO-0005462,MAT-CARTON,905,each
MR-0011360,PO-0005462,MAT-LABEL,887,each
MR-0011361,PO-0005463,MAT-LABEL,1212,each
MR-0011362,PO-0005463,MAT-BULK-CREAM,101.63,litre
MR-0011363,PO-0005464,MAT-BULK-CREAM,92.99,litre
MR-0011364,PO-0005464,MAT-SEAL,1186,each
MR-0011365,PO-0005465,MAT-SEAL,1074,each
MR-0011366,PO-0005465,MAT-PUMP-CAP,1042,each
MR-0011367,PO-0005466,MAT-LABEL,1004,each
MR-0011368,PO-0005466,MAT-BULK-CREAM,82.66,litre
MR-0011369,PO-0005467,MAT-LABEL,930,each
MR-0011370,PO-0005467,MAT-BULK-CREAM,74.03,litre
MR-0011371,PO-0005468,MAT-LABEL,660,each
MR-0011372,PO-0005468,MAT-BULK-CREAM,51.47,litre
MR-0011373,PO-0005469,MAT-PUMP-CAP,588,each
MR-0011374,PO-0005469,MAT-CARTON,573,each
MR-0011375,PO-0005470,MAT-PUMP-CAP,877,each
MR-0011376,PO-0005470,MAT-CARTON,886,each
MR-0011377,PO-0005471,MAT-CARTON,1080,each
MR-0011378,PO-0005471,MAT-LABEL,1068,each
MR-0011379,PO-0005472,MAT-CARTON,869,each
MR-0011380,PO-0005472,MAT-LABEL,853,each
MR-0011381,PO-0005473,MAT-LABEL,1055,each
MR-0011382,PO-0005473,MAT-BULK-CREAM,83.14,litre
MR-0011383,PO-0005474,MAT-BULK-CREAM,93.6,litre
MR-0011384,PO-0005474,MAT-SEAL,1186,each
MR-0011385,PO-0005475,MAT-SEAL,1174,each
MR-0011386,PO-0005475,MAT-PUMP-CAP,1171,each
MR-0011387,PO-0005476,MAT-BULK-CREAM,53.21,litre
MR-0011388,PO-0005476,MAT-SEAL,680,each
MR-0011389,PO-0005477,MAT-PUMP-CAP,742,each
MR-0011390,PO-0005477,MAT-CARTON,744,each
MR-0011391,PO-0005478,MAT-LABEL,611,each
MR-0011392,PO-0005478,MAT-BULK-CREAM,50.16,litre
MR-0011393,PO-0005479,MAT-LABEL,710,each
MR-0011394,PO-0005479,MAT-BULK-CREAM,57.96,litre
MR-0011395,PO-0005480,MAT-CARTON,857,each
MR-0011396,PO-0005480,MAT-LABEL,847,each
MR-0011397,PO-0005481,MAT-PUMP-CAP,431,each
MR-0011398,PO-0005481,MAT-CARTON,438,each
MR-0011399,PO-0005482,MAT-BULK-CREAM,49.34,litre
MR-0011400,PO-0005482,MAT-SEAL,607,each
MR-0011401,PO-0005483,MAT-LABEL,406,each
MR-0011402,PO-0005483,MAT-BULK-CREAM,33.08,litre
MR-0011403,PO-0005484,MAT-PUMP-CAP,728,each
MR-0011404,PO-0005484,MAT-CARTON,743,each
MR-0011405,PO-0005485,MAT-CARTON,587,each
MR-0011406,PO-0005485,MAT-LABEL,585,each
MR-0011407,PO-0005486,MAT-BULK-CREAM,50.91,litre
MR-0011408,PO-0005486,MAT-SEAL,633,each
MR-0011409,PO-0005487,MAT-BULK-CREAM,53.8,litre
MR-0011410,PO-0005487,MAT-SEAL,664,each
MR-0011411,PO-0005488,MAT-LABEL,670,each
MR-0011412,PO-0005488,MAT-BULK-CREAM,53.02,litre
MR-0011413,PO-0005489,MAT-PUMP-CAP,513,each
MR-0011414,PO-0005489,MAT-CARTON,513,each
MR-0011415,PO-0005490,MAT-SEAL,787,each
MR-0011416,PO-0005490,MAT-PUMP-CAP,808,each
MR-0011417,PO-0005491,MAT-LABEL,770,each
MR-0011418,PO-0005491,MAT-BULK-CREAM,60.34,litre
MR-0011419,PO-0005492,MAT-PUMP-CAP,832,each
MR-0011420,PO-0005492,MAT-CARTON,825,each
MR-0011421,PO-0005493,MAT-CARTON,852,each
MR-0011422,PO-0005493,MAT-LABEL,847,each
MR-0011423,PO-0005494,MAT-LABEL,970,each
MR-0011424,PO-0005494,MAT-BULK-CREAM,76,litre
MR-0011425,PO-0005495,MAT-CARTON,1141,each
MR-0011426,PO-0005495,MAT-LABEL,1123,each
MR-0011427,PO-0005496,MAT-SEAL,645,each
MR-0011428,PO-0005496,MAT-PUMP-CAP,663,each
MR-0011429,PO-0005497,MAT-PUMP-CAP,609,each
MR-0011430,PO-0005497,MAT-CARTON,590,each
MR-0011431,PO-0005498,MAT-CARTON,738,each
MR-0011432,PO-0005498,MAT-LABEL,738,each
MR-0011433,PO-0005499,MAT-LABEL,1004,each
MR-0011434,PO-0005499,MAT-BULK-CREAM,80.05,litre
MR-0011435,PO-0005500,MAT-BULK-CREAM,84.65,litre
MR-0011436,PO-0005500,MAT-SEAL,1062,each
MR-0011437,PO-0005501,MAT-SEAL,1498,each
MR-0011438,PO-0005501,MAT-PUMP-CAP,1574,each
MR-0011439,PO-0005501,MAT-CARTON,1550,each
MR-0011440,PO-0005502,MAT-PUMP-CAP,835,each
MR-0011441,PO-0005502,MAT-CARTON,812,each
MR-0011442,PO-0005503,MAT-SEAL,1169,each
MR-0011443,PO-0005503,MAT-PUMP-CAP,1179,each
MR-0011444,PO-0005504,MAT-LABEL,1047,each
MR-0011445,PO-0005504,MAT-BULK-CREAM,83.44,litre
MR-0011446,PO-0005505,MAT-BULK-CREAM,82.94,litre
MR-0011447,PO-0005505,MAT-SEAL,1038,each
MR-0011448,PO-0005506,MAT-SEAL,1266,each
MR-0011449,PO-0005506,MAT-PUMP-CAP,1322,each
MR-0011450,PO-0005507,MAT-SEAL,1302,each
MR-0011451,PO-0005507,MAT-PUMP-CAP,1290,each
MR-0011452,PO-0005508,MAT-CARTON,1407,each
MR-0011453,PO-0005508,MAT-LABEL,1443,each
MR-0011454,PO-0005508,MAT-BULK-CREAM,114.18,litre
MR-0011455,PO-0005509,MAT-PUMP-CAP,658,each
MR-0011456,PO-0005509,MAT-CARTON,691,each
MR-0011457,PO-0005510,MAT-SEAL,778,each
MR-0011458,PO-0005510,MAT-PUMP-CAP,776,each
MR-0011459,PO-0005511,MAT-SEAL,1234,each
MR-0011460,PO-0005511,MAT-PUMP-CAP,1255,each
MR-0011461,PO-0005512,MAT-PUMP-CAP,1518,each
MR-0011462,PO-0005512,MAT-CARTON,1527,each
MR-0011463,PO-0005512,MAT-LABEL,1478,each
MR-0011464,PO-0005513,MAT-CARTON,917,each
MR-0011465,PO-0005513,MAT-LABEL,919,each
MR-0011466,PO-0005514,MAT-LABEL,1252,each
MR-0011467,PO-0005514,MAT-BULK-CREAM,103.68,litre
MR-0011468,PO-0005515,MAT-BULK-CREAM,105.88,litre
MR-0011469,PO-0005515,MAT-SEAL,1340,each
MR-0011470,PO-0005516,MAT-SEAL,979,each
MR-0011471,PO-0005516,MAT-PUMP-CAP,990,each
MR-0011472,PO-0005517,MAT-CARTON,849,each
MR-0011473,PO-0005517,MAT-LABEL,835,each
MR-0011474,PO-0005518,MAT-SEAL,658,each
MR-0011475,PO-0005518,MAT-PUMP-CAP,685,each
MR-0011476,PO-0005519,MAT-BULK-CREAM,68.5,litre
MR-0011477,PO-0005519,MAT-SEAL,870,each
MR-0011478,PO-0005520,MAT-PUMP-CAP,1029,each
MR-0011479,PO-0005520,MAT-CARTON,1030,each
MR-0011480,PO-0005521,MAT-PUMP-CAP,753,each
MR-0011481,PO-0005521,MAT-CARTON,728,each
MR-0011482,PO-0005522,MAT-CARTON,1261,each
MR-0011483,PO-0005522,MAT-LABEL,1229,each
MR-0011484,PO-0005523,MAT-LABEL,1064,each
MR-0011485,PO-0005523,MAT-BULK-CREAM,85.92,litre
MR-0011486,PO-0005524,MAT-BULK-CREAM,85.98,litre
MR-0011487,PO-0005524,MAT-SEAL,1076,each
MR-0011488,PO-0005525,MAT-PUMP-CAP,1169,each
MR-0011489,PO-0005525,MAT-CARTON,1209,each
MR-0011490,PO-0005526,MAT-PUMP-CAP,1122,each
MR-0011491,PO-0005526,MAT-CARTON,1119,each
MR-0011492,PO-0005527,MAT-PUMP-CAP,1279,each
MR-0011493,PO-0005527,MAT-CARTON,1233,each
MR-0011494,PO-0005528,MAT-LABEL,820,each
MR-0011495,PO-0005528,MAT-BULK-CREAM,65.11,litre
MR-0011496,PO-0005529,MAT-BULK-CREAM,107.3,litre
MR-0011497,PO-0005529,MAT-SEAL,1336,each
MR-0011498,PO-0005530,MAT-SEAL,1455,each
MR-0011499,PO-0005530,MAT-PUMP-CAP,1474,each
MR-0011500,PO-0005530,MAT-CARTON,1476,each
MR-0011501,PO-0005531,MAT-PUMP-CAP,659,each
MR-0011502,PO-0005531,MAT-CARTON,645,each
MR-0011503,PO-0005532,MAT-CARTON,1344,each
MR-0011504,PO-0005532,MAT-LABEL,1319,each
MR-0011505,PO-0005533,MAT-SEAL,781,each
MR-0011506,PO-0005533,MAT-PUMP-CAP,822,each
MR-0011507,PO-0005534,MAT-CARTON,612,each
MR-0011508,PO-0005534,MAT-LABEL,608,each
MR-0011509,PO-0005535,MAT-CARTON,689,each
MR-0011510,PO-0005535,MAT-LABEL,678,each
MR-0011511,PO-0005536,MAT-BULK-CREAM,52.01,litre
MR-0011512,PO-0005536,MAT-SEAL,640,each
MR-0011513,PO-0005537,MAT-BULK-CREAM,84.4,litre
MR-0011514,PO-0005537,MAT-SEAL,1041,each
MR-0011515,PO-0005538,MAT-LABEL,608,each
MR-0011516,PO-0005538,MAT-BULK-CREAM,47.48,litre
MR-0011517,PO-0005539,MAT-SEAL,1185,each
MR-0011518,PO-0005539,MAT-PUMP-CAP,1252,each
MR-0011519,PO-0005540,MAT-CARTON,634,each
MR-0011520,PO-0005540,MAT-LABEL,621,each
MR-0011521,PO-0005541,MAT-CARTON,1051,each
MR-0011522,PO-0005541,MAT-LABEL,1049,each
MR-0011523,PO-0005542,MAT-CARTON,418,each
MR-0011524,PO-0005542,MAT-LABEL,433,each
MR-0011525,PO-0005543,MAT-LABEL,821,each
MR-0011526,PO-0005543,MAT-BULK-CREAM,65.28,litre
MR-0011527,PO-0005544,MAT-BULK-CREAM,55.29,litre
MR-0011528,PO-0005544,MAT-SEAL,682,each
MR-0011529,PO-0005545,MAT-SEAL,556,each
MR-0011530,PO-0005545,MAT-PUMP-CAP,554,each
MR-0011531,PO-0005546,MAT-PUMP-CAP,585,each
MR-0011532,PO-0005546,MAT-CARTON,586,each
MR-0011533,PO-0005547,MAT-CARTON,709,each
MR-0011534,PO-0005547,MAT-LABEL,687,each
MR-0011535,PO-0005548,MAT-CARTON,662,each
MR-0011536,PO-0005548,MAT-LABEL,658,each
MR-0011537,PO-0005549,MAT-BULK-CREAM,55.88,litre
MR-0011538,PO-0005549,MAT-SEAL,688,each
MR-0011539,PO-0005550,MAT-SEAL,967,each
MR-0011540,PO-0005550,MAT-PUMP-CAP,971,each
MR-0011541,PO-0005551,MAT-CARTON,609,each
MR-0011542,PO-0005551,MAT-LABEL,622,each
MR-0011543,PO-0005552,MAT-SEAL,633,each
MR-0011544,PO-0005552,MAT-PUMP-CAP,634,each
MR-0011545,PO-0005553,MAT-LABEL,465,each
MR-0011546,PO-0005553,MAT-BULK-CREAM,36.88,litre
MR-0011547,PO-0005554,MAT-SEAL,548,each
MR-0011548,PO-0005554,MAT-PUMP-CAP,548,each
MR-0011549,PO-0005555,MAT-CARTON,627,each
MR-0011550,PO-0005555,MAT-LABEL,633,each
MR-0011551,PO-0005556,MAT-PUMP-CAP,705,each
MR-0011552,PO-0005556,MAT-CARTON,713,each
MR-0011553,PO-0005557,MAT-PUMP-CAP,1086,each
MR-0011554,PO-0005557,MAT-CARTON,1080,each
MR-0011555,PO-0005558,MAT-CARTON,1024,each
MR-0011556,PO-0005558,MAT-LABEL,996,each
MR-0011557,PO-0005559,MAT-LABEL,913,each
MR-0011558,PO-0005559,MAT-BULK-CREAM,73.43,litre
MR-0011559,PO-0005560,MAT-BULK-CREAM,82.94,litre
MR-0011560,PO-0005560,MAT-SEAL,1046,each
MR-0011561,PO-0005561,MAT-SEAL,791,each
MR-0011562,PO-0005561,MAT-PUMP-CAP,808,each
MR-0011563,PO-0005562,MAT-SEAL,690,each
MR-0011564,PO-0005562,MAT-PUMP-CAP,690,each
MR-0011565,PO-0005563,MAT-LABEL,637,each
MR-0011566,PO-0005563,MAT-BULK-CREAM,51.86,litre
MR-0011567,PO-0005564,MAT-LABEL,919,each
MR-0011568,PO-0005564,MAT-BULK-CREAM,75.12,litre
MR-0011569,PO-0005565,MAT-LABEL,768,each
MR-0011570,PO-0005565,MAT-BULK-CREAM,59.47,litre
MR-0011571,PO-0005566,MAT-SEAL,1234,each
MR-0011572,PO-0005566,MAT-PUMP-CAP,1234,each
MR-0011573,PO-0005567,MAT-PUMP-CAP,1084,each
MR-0011574,PO-0005567,MAT-CARTON,1067,each
MR-0011575,PO-0005568,MAT-CARTON,1224,each
MR-0011576,PO-0005568,MAT-LABEL,1250,each
MR-0011577,PO-0005569,MAT-LABEL,958,each
MR-0011578,PO-0005569,MAT-BULK-CREAM,75.28,litre
MR-0011579,PO-0005570,MAT-BULK-CREAM,56.39,litre
MR-0011580,PO-0005570,MAT-SEAL,690,each
MR-0011581,PO-0005571,MAT-SEAL,779,each
MR-0011582,PO-0005571,MAT-PUMP-CAP,807,each
MR-0011583,PO-0005572,MAT-PUMP-CAP,1003,each
MR-0011584,PO-0005572,MAT-CARTON,1018,each
MR-0011585,PO-0005573,MAT-CARTON,1036,each
MR-0011586,PO-0005573,MAT-LABEL,1047,each
MR-0011587,PO-0005574,MAT-LABEL,817,each
MR-0011588,PO-0005574,MAT-BULK-CREAM,63.84,litre
MR-0011589,PO-0005575,MAT-BULK-CREAM,63.54,litre
MR-0011590,PO-0005575,MAT-SEAL,761,each
MR-0011591,PO-0005576,MAT-PUMP-CAP,848,each
MR-0011592,PO-0005576,MAT-CARTON,828,each
MR-0011593,PO-0005577,MAT-BULK-CREAM,86.08,litre
MR-0011594,PO-0005577,MAT-SEAL,1096,each
MR-0011595,PO-0005578,MAT-LABEL,1488,each
MR-0011596,PO-0005578,MAT-BULK-CREAM,114.4,litre
MR-0011597,PO-0005578,MAT-SEAL,1485,each
MR-0011598,PO-0005579,MAT-LABEL,758,each
MR-0011599,PO-0005579,MAT-BULK-CREAM,60.1,litre
MR-0011600,PO-0005580,MAT-BULK-CREAM,59.92,litre
MR-0011601,PO-0005580,MAT-SEAL,754,each
MR-0011602,PO-0005581,MAT-SEAL,1269,each
MR-0011603,PO-0005581,MAT-PUMP-CAP,1283,each
MR-0011604,PO-0005582,MAT-PUMP-CAP,1276,each
MR-0011605,PO-0005582,MAT-CARTON,1264,each
MR-0011606,PO-0005583,MAT-CARTON,765,each
MR-0011607,PO-0005583,MAT-LABEL,749,each
MR-0011608,PO-0005584,MAT-BULK-CREAM,76.96,litre
MR-0011609,PO-0005584,MAT-SEAL,977,each
MR-0011610,PO-0005585,MAT-LABEL,1336,each
MR-0011611,PO-0005585,MAT-BULK-CREAM,107.41,litre
MR-0011612,PO-0005586,MAT-PUMP-CAP,814,each
MR-0011613,PO-0005586,MAT-CARTON,812,each
MR-0011614,PO-0005587,MAT-BULK-CREAM,66.06,litre
MR-0011615,PO-0005587,MAT-SEAL,805,each
MR-0011616,PO-0005588,MAT-PUMP-CAP,656,each
MR-0011617,PO-0005588,MAT-CARTON,643,each
MR-0011618,PO-0005589,MAT-BULK-CREAM,62.22,litre
MR-0011619,PO-0005589,MAT-SEAL,766,each
MR-0011620,PO-0005590,MAT-PUMP-CAP,1121,each
MR-0011621,PO-0005590,MAT-CARTON,1115,each
MR-0011622,PO-0005591,MAT-PUMP-CAP,969,each
MR-0011623,PO-0005591,MAT-CARTON,965,each
MR-0011624,PO-0005592,MAT-CARTON,1281,each
MR-0011625,PO-0005592,MAT-LABEL,1241,each
MR-0011626,PO-0005593,MAT-LABEL,610,each
MR-0011627,PO-0005593,MAT-BULK-CREAM,48.3,litre
MR-0011628,PO-0005594,MAT-CARTON,1288,each
MR-0011629,PO-0005594,MAT-LABEL,1291,each
MR-0011630,PO-0005595,MAT-SEAL,1211,each
MR-0011631,PO-0005595,MAT-PUMP-CAP,1299,each
MR-0011632,PO-0005596,MAT-PUMP-CAP,895,each
MR-0011633,PO-0005596,MAT-CARTON,929,each
MR-0011634,PO-0005597,MAT-CARTON,667,each
MR-0011635,PO-0005597,MAT-LABEL,673,each
MR-0011636,PO-0005598,MAT-LABEL,818,each
MR-0011637,PO-0005598,MAT-BULK-CREAM,65.8,litre
MR-0011638,PO-0005599,MAT-BULK-CREAM,55.29,litre
MR-0011639,PO-0005599,MAT-SEAL,715,each
MR-0011640,PO-0005600,MAT-CARTON,902,each
MR-0011641,PO-0005600,MAT-LABEL,910,each
MR-0011642,PO-0005601,MAT-LABEL,540,each
MR-0011643,PO-0005601,MAT-BULK-CREAM,43.4,litre
MR-0011644,PO-0005602,MAT-CARTON,1002,each
MR-0011645,PO-0005602,MAT-LABEL,1013,each
MR-0011646,PO-0005603,MAT-SEAL,831,each
MR-0011647,PO-0005603,MAT-PUMP-CAP,862,each
MR-0011648,PO-0005604,MAT-CARTON,809,each
MR-0011649,PO-0005604,MAT-LABEL,782,each
MR-0011650,PO-0005605,MAT-PUMP-CAP,638,each
MR-0011651,PO-0005605,MAT-CARTON,630,each
MR-0011652,PO-0005606,MAT-LABEL,585,each
MR-0011653,PO-0005606,MAT-BULK-CREAM,47.67,litre
MR-0011654,PO-0005607,MAT-LABEL,1054,each
MR-0011655,PO-0005607,MAT-BULK-CREAM,84.51,litre
MR-0011656,PO-0005608,MAT-LABEL,618,each
MR-0011657,PO-0005608,MAT-BULK-CREAM,48.65,litre
MR-0011658,PO-0005609,MAT-BULK-CREAM,58.91,litre
MR-0011659,PO-0005609,MAT-SEAL,704,each
MR-0011660,PO-0005610,MAT-SEAL,843,each
MR-0011661,PO-0005610,MAT-PUMP-CAP,860,each
MR-0011662,PO-0005611,MAT-PUMP-CAP,574,each
MR-0011663,PO-0005611,MAT-CARTON,570,each
MR-0011664,PO-0005612,MAT-CARTON,765,each
MR-0011665,PO-0005612,MAT-LABEL,757,each
MR-0011666,PO-0005613,MAT-SEAL,566,each
MR-0011667,PO-0005613,MAT-PUMP-CAP,595,each
MR-0011668,PO-0005614,MAT-BULK-CREAM,59.42,litre
MR-0011669,PO-0005614,MAT-SEAL,744,each
MR-0011670,PO-0005615,MAT-CARTON,767,each
MR-0011671,PO-0005615,MAT-LABEL,744,each
MR-0011672,PO-0005616,MAT-LABEL,761,each
MR-0011673,PO-0005616,MAT-BULK-CREAM,60.38,litre
MR-0011674,PO-0005617,MAT-LABEL,474,each
MR-0011675,PO-0005617,MAT-BULK-CREAM,38.33,litre
MR-0011676,PO-0005618,MAT-SEAL,955,each
MR-0011677,PO-0005618,MAT-PUMP-CAP,946,each
MR-0011678,PO-0005619,MAT-SEAL,706,each
MR-0011679,PO-0005619,MAT-PUMP-CAP,718,each
MR-0011680,PO-0005620,MAT-PUMP-CAP,868,each
MR-0011681,PO-0005620,MAT-CARTON,876,each
MR-0011682,PO-0005621,MAT-PUMP-CAP,671,each
MR-0011683,PO-0005621,MAT-CARTON,649,each
MR-0011684,PO-0005622,MAT-BULK-CREAM,44.16,litre
MR-0011685,PO-0005622,MAT-SEAL,546,each
MR-0011686,PO-0005623,MAT-BULK-CREAM,59.17,litre
MR-0011687,PO-0005623,MAT-SEAL,729,each
MR-0011688,PO-0005624,MAT-LABEL,607,each
MR-0011689,PO-0005624,MAT-BULK-CREAM,48.97,litre
MR-0011690,PO-0005625,MAT-BULK-CREAM,60.18,litre
MR-0011691,PO-0005625,MAT-SEAL,782,each
MR-0011692,PO-0005626,MAT-SEAL,1007,each
MR-0011693,PO-0005626,MAT-PUMP-CAP,1009,each
MR-0011694,PO-0005627,MAT-PUMP-CAP,811,each
MR-0011695,PO-0005627,MAT-CARTON,798,each
MR-0011696,PO-0005628,MAT-CARTON,1015,each
MR-0011697,PO-0005628,MAT-LABEL,974,each
MR-0011698,PO-0005629,MAT-LABEL,503,each
MR-0011699,PO-0005629,MAT-BULK-CREAM,40.76,litre
MR-0011700,PO-0005630,MAT-BULK-CREAM,41.54,litre
MR-0011701,PO-0005630,MAT-SEAL,506,each
MR-0011702,PO-0005631,MAT-PUMP-CAP,707,each
MR-0011703,PO-0005631,MAT-CARTON,710,each
MR-0011704,PO-0005632,MAT-LABEL,1487,each
MR-0011705,PO-0005632,MAT-BULK-CREAM,118.94,litre
MR-0011706,PO-0005632,MAT-SEAL,1417,each
MR-0011707,PO-0005633,MAT-CARTON,1272,each
MR-0011708,PO-0005633,MAT-LABEL,1234,each
MR-0011709,PO-0005634,MAT-LABEL,1009,each
MR-0011710,PO-0005634,MAT-BULK-CREAM,78.89,litre
MR-0011711,PO-0005635,MAT-BULK-CREAM,126.69,litre
MR-0011712,PO-0005635,MAT-SEAL,1590,each
MR-0011713,PO-0005635,MAT-PUMP-CAP,1596,each
MR-0011714,PO-0005636,MAT-SEAL,1467,each
MR-0011715,PO-0005636,MAT-PUMP-CAP,1468,each
MR-0011716,PO-0005636,MAT-CARTON,1495,each
MR-0011717,PO-0005637,MAT-PUMP-CAP,1242,each
MR-0011718,PO-0005637,MAT-CARTON,1277,each
MR-0011719,PO-0005638,MAT-CARTON,1132,each
MR-0011720,PO-0005638,MAT-LABEL,1127,each
MR-0011721,PO-0005639,MAT-LABEL,1246,each
MR-0011722,PO-0005639,MAT-BULK-CREAM,99.02,litre
MR-0011723,PO-0005640,MAT-BULK-CREAM,90.75,litre
MR-0011724,PO-0005640,MAT-SEAL,1153,each
MR-0011725,PO-0005641,MAT-SEAL,1494,each
MR-0011726,PO-0005641,MAT-PUMP-CAP,1501,each
MR-0011727,PO-0005641,MAT-CARTON,1495,each
MR-0011728,PO-0005642,MAT-LABEL,1044,each
MR-0011729,PO-0005642,MAT-BULK-CREAM,86.09,litre
MR-0011730,PO-0005643,MAT-PUMP-CAP,1365,each
MR-0011731,PO-0005643,MAT-CARTON,1369,each
MR-0011732,PO-0005644,MAT-LABEL,1503,each
MR-0011733,PO-0005644,MAT-BULK-CREAM,123.07,litre
MR-0011734,PO-0005644,MAT-SEAL,1486,each
MR-0011735,PO-0005645,MAT-BULK-CREAM,92.25,litre
MR-0011736,PO-0005645,MAT-SEAL,1165,each
MR-0011737,PO-0005646,MAT-PUMP-CAP,1422,each
MR-0011738,PO-0005646,MAT-CARTON,1410,each
MR-0011739,PO-0005646,MAT-LABEL,1419,each
MR-0011740,PO-0005647,MAT-PUMP-CAP,926,each
MR-0011741,PO-0005647,MAT-CARTON,903,each
MR-0011742,PO-0005648,MAT-CARTON,1453,each
MR-0011743,PO-0005648,MAT-LABEL,1412,each
MR-0011744,PO-0005648,MAT-BULK-CREAM,112.72,litre
MR-0011745,PO-0005649,MAT-BULK-CREAM,113.75,litre
MR-0011746,PO-0005649,MAT-SEAL,1400,each
MR-0011747,PO-0005649,MAT-PUMP-CAP,1437,each
MR-0011748,PO-0005650,MAT-SEAL,1162,each
MR-0011749,PO-0005650,MAT-PUMP-CAP,1140,each
MR-0011750,PO-0005651,MAT-CARTON,862,each
MR-0011751,PO-0005651,MAT-LABEL,860,each
MR-0011752,PO-0005652,MAT-CARTON,1191,each
MR-0011753,PO-0005652,MAT-LABEL,1168,each
MR-0011754,PO-0005653,MAT-SEAL,1197,each
MR-0011755,PO-0005653,MAT-PUMP-CAP,1254,each
MR-0011756,PO-0005654,MAT-BULK-CREAM,82.6,litre
MR-0011757,PO-0005654,MAT-SEAL,1032,each
MR-0011758,PO-0005655,MAT-LABEL,1345,each
MR-0011759,PO-0005655,MAT-BULK-CREAM,103.49,litre
MR-0011760,PO-0005656,MAT-PUMP-CAP,843,each
MR-0011761,PO-0005656,MAT-CARTON,847,each
MR-0011762,PO-0005657,MAT-LABEL,1256,each
MR-0011763,PO-0005657,MAT-BULK-CREAM,100.17,litre
MR-0011764,PO-0005658,MAT-PUMP-CAP,949,each
MR-0011765,PO-0005658,MAT-CARTON,948,each
MR-0011766,PO-0005659,MAT-BULK-CREAM,104.1,litre
MR-0011767,PO-0005659,MAT-SEAL,1314,each
MR-0011768,PO-0005660,MAT-SEAL,692,each
MR-0011769,PO-0005660,MAT-PUMP-CAP,691,each
MR-0011770,PO-0005661,MAT-PUMP-CAP,796,each
MR-0011771,PO-0005661,MAT-CARTON,762,each
MR-0011772,PO-0005662,MAT-BULK-CREAM,106.59,litre
MR-0011773,PO-0005662,MAT-SEAL,1352,each
MR-0011774,PO-0005663,MAT-PUMP-CAP,988,each
MR-0011775,PO-0005663,MAT-CARTON,984,each
MR-0011776,PO-0005664,MAT-SEAL,713,each
MR-0011777,PO-0005664,MAT-PUMP-CAP,758,each
MR-0011778,PO-0005665,MAT-LABEL,887,each
MR-0011779,PO-0005665,MAT-BULK-CREAM,70.52,litre
MR-0011780,PO-0005666,MAT-LABEL,1087,each
MR-0011781,PO-0005666,MAT-BULK-CREAM,86.04,litre
MR-0011782,PO-0005667,MAT-BULK-CREAM,40.68,litre
MR-0011783,PO-0005667,MAT-SEAL,514,each
MR-0011784,PO-0005668,MAT-SEAL,544,each
MR-0011785,PO-0005668,MAT-PUMP-CAP,573,each
MR-0011786,PO-0005669,MAT-BULK-CREAM,61.32,litre
MR-0011787,PO-0005669,MAT-SEAL,751,each
MR-0011788,PO-0005670,MAT-CARTON,1073,each
MR-0011789,PO-0005670,MAT-LABEL,1070,each
MR-0011790,PO-0005671,MAT-BULK-CREAM,61.64,litre
MR-0011791,PO-0005671,MAT-SEAL,789,each
MR-0011792,PO-0005672,MAT-BULK-CREAM,81.83,litre
MR-0011793,PO-0005672,MAT-SEAL,1012,each
MR-0011794,PO-0005673,MAT-LABEL,425,each
MR-0011795,PO-0005673,MAT-BULK-CREAM,33.75,litre
MR-0011796,PO-0005674,MAT-BULK-CREAM,50.05,litre
MR-0011797,PO-0005674,MAT-SEAL,642,each
MR-0011798,PO-0005675,MAT-SEAL,409,each
MR-0011799,PO-0005675,MAT-PUMP-CAP,412,each
MR-0011800,PO-0005676,MAT-PUMP-CAP,432,each
MR-0011801,PO-0005676,MAT-CARTON,423,each
MR-0011802,PO-0005677,MAT-CARTON,456,each
MR-0011803,PO-0005677,MAT-LABEL,455,each
MR-0011804,PO-0005678,MAT-LABEL,503,each
MR-0011805,PO-0005678,MAT-BULK-CREAM,40.08,litre
MR-0011806,PO-0005679,MAT-BULK-CREAM,67.38,litre
MR-0011807,PO-0005679,MAT-SEAL,837,each
MR-0011808,PO-0005680,MAT-SEAL,723,each
MR-0011809,PO-0005680,MAT-PUMP-CAP,731,each
MR-0011810,PO-0005681,MAT-PUMP-CAP,537,each
MR-0011811,PO-0005681,MAT-CARTON,537,each
MR-0011812,PO-0005682,MAT-LABEL,748,each
MR-0011813,PO-0005682,MAT-BULK-CREAM,60.49,litre
MR-0011814,PO-0005683,MAT-SEAL,656,each
MR-0011815,PO-0005683,MAT-PUMP-CAP,670,each
MR-0011816,PO-0005684,MAT-BULK-CREAM,33.43,litre
MR-0011817,PO-0005684,MAT-SEAL,412,each
MR-0011818,PO-0005685,MAT-PUMP-CAP,675,each
MR-0011819,PO-0005685,MAT-CARTON,656,each
MR-0011820,PO-0005686,MAT-SEAL,490,each
MR-0011821,PO-0005686,MAT-PUMP-CAP,496,each
MR-0011822,PO-0005687,MAT-BULK-CREAM,70.8,litre
MR-0011823,PO-0005687,MAT-SEAL,897,each
MR-0011824,PO-0005688,MAT-CARTON,1114,each
MR-0011825,PO-0005688,MAT-LABEL,1080,each
MR-0011826,PO-0005689,MAT-LABEL,1086,each
MR-0011827,PO-0005689,MAT-BULK-CREAM,89.68,litre
MR-0011828,PO-0005690,MAT-BULK-CREAM,60.13,litre
MR-0011829,PO-0005690,MAT-SEAL,749,each
MR-0011830,PO-0005691,MAT-BULK-CREAM,85.39,litre
MR-0011831,PO-0005691,MAT-SEAL,1042,each
MR-0011832,PO-0005692,MAT-PUMP-CAP,811,each
MR-0011833,PO-0005692,MAT-CARTON,808,each
MR-0011834,PO-0005693,MAT-CARTON,1042,each
MR-0011835,PO-0005693,MAT-LABEL,1003,each
MR-0011836,PO-0005694,MAT-LABEL,836,each
MR-0011837,PO-0005694,MAT-BULK-CREAM,70.8,litre
MR-0011838,PO-0005695,MAT-SEAL,749,each
MR-0011839,PO-0005695,MAT-PUMP-CAP,773,each
MR-0011840,PO-0005696,MAT-LABEL,892,each
MR-0011841,PO-0005696,MAT-BULK-CREAM,75.24,litre
MR-0011842,PO-0005697,MAT-BULK-CREAM,111.11,litre
MR-0011843,PO-0005697,MAT-SEAL,1393,each
MR-0011844,PO-0005698,MAT-BULK-CREAM,82.93,litre
MR-0011845,PO-0005698,MAT-SEAL,1048,each
MR-0011846,PO-0005699,MAT-LABEL,1130,each
MR-0011847,PO-0005699,MAT-BULK-CREAM,92.15,litre
MR-0011848,PO-0005700,MAT-LABEL,1084,each
MR-0011849,PO-0005700,MAT-BULK-CREAM,84.47,litre
MR-0011850,PO-0005701,MAT-SEAL,956,each
MR-0011851,PO-0005701,MAT-PUMP-CAP,966,each
MR-0011852,PO-0005702,MAT-SEAL,1588,each
MR-0011853,PO-0005702,MAT-PUMP-CAP,1542,each
MR-0011854,PO-0005702,MAT-CARTON,1561,each
MR-0011855,PO-0005703,MAT-CARTON,1469,each
MR-0011856,PO-0005703,MAT-LABEL,1470,each
MR-0011857,PO-0005703,MAT-BULK-CREAM,117.76,litre
MR-0011858,PO-0005704,MAT-LABEL,1231,each
MR-0011859,PO-0005704,MAT-BULK-CREAM,97.15,litre
MR-0011860,PO-0005705,MAT-BULK-CREAM,101.2,litre
MR-0011861,PO-0005705,MAT-SEAL,1322,each
MR-0011862,PO-0005706,MAT-SEAL,1502,each
MR-0011863,PO-0005706,MAT-PUMP-CAP,1480,each
MR-0011864,PO-0005706,MAT-CARTON,1528,each
MR-0011865,PO-0005707,MAT-PUMP-CAP,1343,each
MR-0011866,PO-0005707,MAT-CARTON,1294,each
MR-0011867,PO-0005708,MAT-CARTON,1414,each
MR-0011868,PO-0005708,MAT-LABEL,1365,each
MR-0011869,PO-0005709,MAT-BULK-CREAM,105.89,litre
MR-0011870,PO-0005709,MAT-SEAL,1273,each
MR-0011871,PO-0005710,MAT-PUMP-CAP,1080,each
MR-0011872,PO-0005710,MAT-CARTON,1045,each
MR-0011873,PO-0005711,MAT-CARTON,1434,each
MR-0011874,PO-0005711,MAT-LABEL,1433,each
MR-0011875,PO-0005711,MAT-BULK-CREAM,115.68,litre
MR-0011876,PO-0005712,MAT-PUMP-CAP,791,each
MR-0011877,PO-0005712,MAT-CARTON,769,each
MR-0011878,PO-0005713,MAT-CARTON,1424,each
MR-0011879,PO-0005713,MAT-LABEL,1451,each
MR-0011880,PO-0005713,MAT-BULK-CREAM,114.98,litre
MR-0011881,PO-0005714,MAT-CARTON,990,each
MR-0011882,PO-0005714,MAT-LABEL,942,each
MR-0011883,PO-0005715,MAT-CARTON,956,each
MR-0011884,PO-0005715,MAT-LABEL,944,each
MR-0011885,PO-0005716,MAT-LABEL,913,each
MR-0011886,PO-0005716,MAT-BULK-CREAM,76.92,litre
MR-0011887,PO-0005717,MAT-CARTON,1014,each
MR-0011888,PO-0005717,MAT-LABEL,1000,each
MR-0011889,PO-0005718,MAT-PUMP-CAP,1395,each
MR-0011890,PO-0005718,MAT-CARTON,1386,each
MR-0011891,PO-0005719,MAT-SEAL,1415,each
MR-0011892,PO-0005719,MAT-PUMP-CAP,1521,each
MR-0011893,PO-0005719,MAT-CARTON,1434,each
MR-0011894,PO-0005720,MAT-CARTON,1497,each
MR-0011895,PO-0005720,MAT-LABEL,1502,each
MR-0011896,PO-0005720,MAT-BULK-CREAM,118.64,litre
MR-0011897,PO-0005721,MAT-PUMP-CAP,837,each
MR-0011898,PO-0005721,MAT-CARTON,831,each
MR-0011899,PO-0005722,MAT-CARTON,1236,each
MR-0011900,PO-0005722,MAT-LABEL,1241,each
MR-0011901,PO-0005723,MAT-LABEL,958,each
MR-0011902,PO-0005723,MAT-BULK-CREAM,76.27,litre
MR-0011903,PO-0005724,MAT-BULK-CREAM,115.64,litre
MR-0011904,PO-0005724,MAT-SEAL,1461,each
MR-0011905,PO-0005724,MAT-PUMP-CAP,1493,each
MR-0011906,PO-0005725,MAT-SEAL,1175,each
MR-0011907,PO-0005725,MAT-PUMP-CAP,1182,each
MR-0011908,PO-0005726,MAT-PUMP-CAP,856,each
MR-0011909,PO-0005726,MAT-CARTON,825,each
MR-0011910,PO-0005727,MAT-CARTON,1066,each
MR-0011911,PO-0005727,MAT-LABEL,1052,each
MR-0011912,PO-0005728,MAT-SEAL,1332,each
MR-0011913,PO-0005728,MAT-PUMP-CAP,1385,each
MR-0011914,PO-0005729,MAT-CARTON,950,each
MR-0011915,PO-0005729,MAT-LABEL,935,each
MR-0011916,PO-0005730,MAT-PUMP-CAP,541,each
MR-0011917,PO-0005730,MAT-CARTON,548,each
MR-0011918,PO-0005731,MAT-LABEL,672,each
MR-0011919,PO-0005731,MAT-BULK-CREAM,52.42,litre
MR-0011920,PO-0005732,MAT-LABEL,597,each
MR-0011921,PO-0005732,MAT-BULK-CREAM,47.6,litre
MR-0011922,PO-0005733,MAT-LABEL,753,each
MR-0011923,PO-0005733,MAT-BULK-CREAM,58.77,litre
MR-0011924,PO-0005734,MAT-PUMP-CAP,1118,each
MR-0011925,PO-0005734,MAT-CARTON,1049,each
MR-0011926,PO-0005735,MAT-PUMP-CAP,969,each
MR-0011927,PO-0005735,MAT-CARTON,941,each
MR-0011928,PO-0005736,MAT-BULK-CREAM,61.09,litre
MR-0011929,PO-0005736,MAT-SEAL,733,each
MR-0011930,PO-0005737,MAT-LABEL,860,each
MR-0011931,PO-0005737,MAT-BULK-CREAM,67.48,litre
MR-0011932,PO-0005738,MAT-LABEL,542,each
MR-0011933,PO-0005738,MAT-BULK-CREAM,43.39,litre
MR-0011934,PO-0005739,MAT-BULK-CREAM,54.65,litre
MR-0011935,PO-0005739,MAT-SEAL,689,each
MR-0011936,PO-0005740,MAT-SEAL,505,each
MR-0011937,PO-0005740,MAT-PUMP-CAP,529,each
MR-0011938,PO-0005741,MAT-LABEL,788,each
MR-0011939,PO-0005741,MAT-BULK-CREAM,64.47,litre
MR-0011940,PO-0005742,MAT-CARTON,440,each
MR-0011941,PO-0005742,MAT-LABEL,433,each
MR-0011942,PO-0005743,MAT-SEAL,438,each
MR-0011943,PO-0005743,MAT-PUMP-CAP,434,each
MR-0011944,PO-0005744,MAT-BULK-CREAM,41.61,litre
MR-0011945,PO-0005744,MAT-SEAL,531,each
MR-0011946,PO-0005745,MAT-CARTON,711,each
MR-0011947,PO-0005745,MAT-LABEL,715,each
MR-0011948,PO-0005746,MAT-CARTON,744,each
MR-0011949,PO-0005746,MAT-LABEL,729,each
MR-0011950,PO-0005747,MAT-CARTON,819,each
MR-0011951,PO-0005747,MAT-LABEL,796,each
MR-0011952,PO-0005748,MAT-BULK-CREAM,58.75,litre
MR-0011953,PO-0005748,MAT-SEAL,713,each
MR-0011954,PO-0005749,MAT-PUMP-CAP,579,each
MR-0011955,PO-0005749,MAT-CARTON,575,each
MR-0011956,PO-0005750,MAT-SEAL,802,each
MR-0011957,PO-0005750,MAT-PUMP-CAP,833,each
MR-0011958,PO-0005751,MAT-CARTON,829,each
MR-0011959,PO-0005751,MAT-LABEL,807,each
MR-0011960,PO-0005752,MAT-LABEL,431,each
MR-0011961,PO-0005752,MAT-BULK-CREAM,32.94,litre
MR-0011962,PO-0005753,MAT-CARTON,553,each
MR-0011963,PO-0005753,MAT-LABEL,558,each
MR-0011964,PO-0005754,MAT-BULK-CREAM,59.85,litre
MR-0011965,PO-0005754,MAT-SEAL,738,each
MR-0011966,PO-0005755,MAT-BULK-CREAM,77.55,litre
MR-0011967,PO-0005755,MAT-SEAL,1000,each
MR-0011968,PO-0005756,MAT-SEAL,1058,each
MR-0011969,PO-0005756,MAT-PUMP-CAP,1127,each
MR-0011970,PO-0005757,MAT-PUMP-CAP,1086,each
MR-0011971,PO-0005757,MAT-CARTON,1062,each
MR-0011972,PO-0005758,MAT-CARTON,802,each
MR-0011973,PO-0005758,MAT-LABEL,800,each
MR-0011974,PO-0005759,MAT-LABEL,873,each
MR-0011975,PO-0005759,MAT-BULK-CREAM,69.68,litre
MR-0011976,PO-0005760,MAT-BULK-CREAM,44.74,litre
MR-0011977,PO-0005760,MAT-SEAL,558,each
MR-0011978,PO-0005761,MAT-SEAL,832,each
MR-0011979,PO-0005761,MAT-PUMP-CAP,858,each
MR-0011980,PO-0005762,MAT-PUMP-CAP,788,each
MR-0011981,PO-0005762,MAT-CARTON,786,each
MR-0011982,PO-0005763,MAT-CARTON,1138,each
MR-0011983,PO-0005763,MAT-LABEL,1124,each
MR-0011984,PO-0005764,MAT-LABEL,1425,each
MR-0011985,PO-0005764,MAT-BULK-CREAM,113.31,litre
MR-0011986,PO-0005764,MAT-SEAL,1424,each
MR-0011987,PO-0005765,MAT-BULK-CREAM,62.92,litre
MR-0011988,PO-0005765,MAT-SEAL,781,each
MR-0011989,PO-0005766,MAT-PUMP-CAP,929,each
MR-0011990,PO-0005766,MAT-CARTON,931,each
MR-0011991,PO-0005767,MAT-PUMP-CAP,1506,each
MR-0011992,PO-0005767,MAT-CARTON,1469,each
MR-0011993,PO-0005767,MAT-LABEL,1445,each
MR-0011994,PO-0005768,MAT-CARTON,801,each
MR-0011995,PO-0005768,MAT-LABEL,798,each
MR-0011996,PO-0005769,MAT-SEAL,1584,each
MR-0011997,PO-0005769,MAT-PUMP-CAP,1621,each
MR-0011998,PO-0005769,MAT-CARTON,1585,each
MR-0011999,PO-0005770,MAT-SEAL,1001,each
MR-0012000,PO-0005770,MAT-PUMP-CAP,1021,each
MR-0012001,PO-0005771,MAT-SEAL,1335,each
MR-0012002,PO-0005771,MAT-PUMP-CAP,1397,each
MR-0012003,PO-0005772,MAT-PUMP-CAP,1523,each
MR-0012004,PO-0005772,MAT-CARTON,1546,each
MR-0012005,PO-0005772,MAT-LABEL,1540,each
MR-0012006,PO-0005773,MAT-CARTON,1471,each
MR-0012007,PO-0005773,MAT-LABEL,1484,each
MR-0012008,PO-0005773,MAT-BULK-CREAM,119.81,litre
MR-0012009,PO-0005774,MAT-LABEL,1053,each
MR-0012010,PO-0005774,MAT-BULK-CREAM,85.18,litre
MR-0012011,PO-0005775,MAT-BULK-CREAM,61.32,litre
MR-0012012,PO-0005775,MAT-SEAL,770,each
MR-0012013,PO-0005776,MAT-PUMP-CAP,1011,each
MR-0012014,PO-0005776,MAT-CARTON,1027,each
MR-0012015,PO-0005777,MAT-PUMP-CAP,1223,each
MR-0012016,PO-0005777,MAT-CARTON,1207,each
MR-0012017,PO-0005778,MAT-CARTON,1614,each
MR-0012018,PO-0005778,MAT-LABEL,1628,each
MR-0012019,PO-0005778,MAT-BULK-CREAM,127.26,litre
MR-0012020,PO-0005779,MAT-BULK-CREAM,90.68,litre
MR-0012021,PO-0005779,MAT-SEAL,1141,each
MR-0012022,PO-0005780,MAT-SEAL,1413,each
MR-0012023,PO-0005780,MAT-PUMP-CAP,1389,each
MR-0012024,PO-0005781,MAT-CARTON,662,each
MR-0012025,PO-0005781,MAT-LABEL,667,each
MR-0012026,PO-0005782,MAT-BULK-CREAM,67.8,litre
MR-0012027,PO-0005782,MAT-SEAL,826,each
MR-0012028,PO-0005783,MAT-SEAL,684,each
MR-0012029,PO-0005783,MAT-PUMP-CAP,644,each
MR-0012030,PO-0005784,MAT-BULK-CREAM,60.01,litre
MR-0012031,PO-0005784,MAT-SEAL,765,each
MR-0012032,PO-0005785,MAT-SEAL,903,each
MR-0012033,PO-0005785,MAT-PUMP-CAP,929,each
MR-0012034,PO-0005786,MAT-BULK-CREAM,70.6,litre
MR-0012035,PO-0005786,MAT-SEAL,884,each
MR-0012036,PO-0005787,MAT-CARTON,1273,each
MR-0012037,PO-0005787,MAT-LABEL,1267,each
MR-0012038,PO-0005788,MAT-LABEL,913,each
MR-0012039,PO-0005788,MAT-BULK-CREAM,72.69,litre
MR-0012040,PO-0005789,MAT-BULK-CREAM,77.52,litre
MR-0012041,PO-0005789,MAT-SEAL,973,each
MR-0012042,PO-0005790,MAT-LABEL,975,each
MR-0012043,PO-0005790,MAT-BULK-CREAM,82.53,litre
MR-0012044,PO-0005791,MAT-CARTON,1297,each
MR-0012045,PO-0005791,MAT-LABEL,1206,each
MR-0012046,PO-0005792,MAT-CARTON,1175,each
MR-0012047,PO-0005792,MAT-LABEL,1210,each
MR-0012048,PO-0005793,MAT-BULK-CREAM,114.07,litre
MR-0012049,PO-0005793,MAT-SEAL,1390,each
MR-0012050,PO-0005794,MAT-CARTON,782,each
MR-0012051,PO-0005794,MAT-LABEL,781,each
MR-0012052,PO-0005795,MAT-CARTON,955,each
MR-0012053,PO-0005795,MAT-LABEL,930,each
MR-0012054,PO-0005796,MAT-CARTON,782,each
MR-0012055,PO-0005796,MAT-LABEL,760,each
MR-0012056,PO-0005797,MAT-BULK-CREAM,74.1,litre
MR-0012057,PO-0005797,MAT-SEAL,963,each
MR-0012058,PO-0005798,MAT-LABEL,1132,each
MR-0012059,PO-0005798,MAT-BULK-CREAM,91.14,litre
MR-0012060,PO-0005799,MAT-CARTON,595,each
MR-0012061,PO-0005799,MAT-LABEL,579,each
MR-0012062,PO-0005800,MAT-LABEL,843,each
MR-0012063,PO-0005800,MAT-BULK-CREAM,66.46,litre
MR-0012064,PO-0005801,MAT-CARTON,592,each
MR-0012065,PO-0005801,MAT-LABEL,596,each
MR-0012066,PO-0005802,MAT-CARTON,593,each
MR-0012067,PO-0005802,MAT-LABEL,581,each
MR-0012068,PO-0005803,MAT-LABEL,814,each
MR-0012069,PO-0005803,MAT-BULK-CREAM,66.37,litre
MR-0012070,PO-0005804,MAT-PUMP-CAP,806,each
MR-0012071,PO-0005804,MAT-CARTON,798,each
MR-0012072,PO-0005805,MAT-SEAL,648,each
MR-0012073,PO-0005805,MAT-PUMP-CAP,665,each
MR-0012074,PO-0005806,MAT-PUMP-CAP,708,each
MR-0012075,PO-0005806,MAT-CARTON,707,each
MR-0012076,PO-0005807,MAT-CARTON,491,each
MR-0012077,PO-0005807,MAT-LABEL,483,each
MR-0012078,PO-0005808,MAT-LABEL,873,each
MR-0012079,PO-0005808,MAT-BULK-CREAM,69.19,litre
MR-0012080,PO-0005809,MAT-CARTON,440,each
MR-0012081,PO-0005809,MAT-LABEL,441,each
MR-0012082,PO-0005810,MAT-LABEL,648,each
MR-0012083,PO-0005810,MAT-BULK-CREAM,50.89,litre
MR-0012084,PO-0005811,MAT-CARTON,497,each
MR-0012085,PO-0005811,MAT-LABEL,499,each
MR-0012086,PO-0005812,MAT-LABEL,651,each
MR-0012087,PO-0005812,MAT-BULK-CREAM,51.37,litre
MR-0012088,PO-0005813,MAT-BULK-CREAM,69.64,litre
MR-0012089,PO-0005813,MAT-SEAL,889,each
MR-0012090,PO-0005814,MAT-BULK-CREAM,45.75,litre
MR-0012091,PO-0005814,MAT-SEAL,546,each
MR-0012092,PO-0005815,MAT-LABEL,505,each
MR-0012093,PO-0005815,MAT-BULK-CREAM,40.29,litre
MR-0012094,PO-0005816,MAT-PUMP-CAP,549,each
MR-0012095,PO-0005816,MAT-CARTON,542,each
MR-0012096,PO-0005817,MAT-PUMP-CAP,972,each
MR-0012097,PO-0005817,MAT-CARTON,940,each
MR-0012098,PO-0005818,MAT-CARTON,542,each
MR-0012099,PO-0005818,MAT-LABEL,538,each
MR-0012100,PO-0005819,MAT-LABEL,549,each
MR-0012101,PO-0005819,MAT-BULK-CREAM,43.56,litre
MR-0012102,PO-0005820,MAT-CARTON,1062,each
MR-0012103,PO-0005820,MAT-LABEL,1053,each
MR-0012104,PO-0005821,MAT-SEAL,991,each
MR-0012105,PO-0005821,MAT-PUMP-CAP,983,each
MR-0012106,PO-0005822,MAT-PUMP-CAP,1070,each
MR-0012107,PO-0005822,MAT-CARTON,1081,each
MR-0012108,PO-0005823,MAT-CARTON,660,each
MR-0012109,PO-0005823,MAT-LABEL,681,each
MR-0012110,PO-0005824,MAT-LABEL,688,each
MR-0012111,PO-0005824,MAT-BULK-CREAM,56.84,litre
MR-0012112,PO-0005825,MAT-BULK-CREAM,89.93,litre
MR-0012113,PO-0005825,MAT-SEAL,1135,each
MR-0012114,PO-0005826,MAT-LABEL,765,each
MR-0012115,PO-0005826,MAT-BULK-CREAM,59,litre
MR-0012116,PO-0005827,MAT-PUMP-CAP,1306,each
MR-0012117,PO-0005827,MAT-CARTON,1307,each
MR-0012118,PO-0005828,MAT-CARTON,1527,each
MR-0012119,PO-0005828,MAT-LABEL,1551,each
MR-0012120,PO-0005828,MAT-BULK-CREAM,119.58,litre
MR-0012121,PO-0005829,MAT-BULK-CREAM,117.58,litre
MR-0012122,PO-0005829,MAT-SEAL,1493,each
MR-0012123,PO-0005829,MAT-PUMP-CAP,1524,each
MR-0012124,PO-0005830,MAT-SEAL,1426,each
MR-0012125,PO-0005830,MAT-PUMP-CAP,1435,each
MR-0012126,PO-0005830,MAT-CARTON,1465,each
MR-0012127,PO-0005831,MAT-BULK-CREAM,100,litre
MR-0012128,PO-0005831,MAT-SEAL,1283,each
MR-0012129,PO-0005832,MAT-CARTON,1371,each
MR-0012130,PO-0005832,MAT-LABEL,1397,each
MR-0012131,PO-0005833,MAT-CARTON,760,each
MR-0012132,PO-0005833,MAT-LABEL,745,each
MR-0012133,PO-0005834,MAT-LABEL,838,each
MR-0012134,PO-0005834,MAT-BULK-CREAM,66.43,litre
MR-0012135,PO-0005835,MAT-SEAL,1446,each
MR-0012136,PO-0005835,MAT-PUMP-CAP,1472,each
MR-0012137,PO-0005835,MAT-CARTON,1396,each
MR-0012138,PO-0005836,MAT-SEAL,946,each
MR-0012139,PO-0005836,MAT-PUMP-CAP,962,each
MR-0012140,PO-0005837,MAT-CARTON,1347,each
MR-0012141,PO-0005837,MAT-LABEL,1334,each
MR-0012142,PO-0005838,MAT-CARTON,1132,each
MR-0012143,PO-0005838,MAT-LABEL,1109,each
MR-0012144,PO-0005839,MAT-SEAL,1088,each
MR-0012145,PO-0005839,MAT-PUMP-CAP,1129,each
MR-0012146,PO-0005840,MAT-BULK-CREAM,57.69,litre
MR-0012147,PO-0005840,MAT-SEAL,719,each
MR-0012148,PO-0005841,MAT-SEAL,797,each
MR-0012149,PO-0005841,MAT-PUMP-CAP,836,each
MR-0012150,PO-0005842,MAT-PUMP-CAP,734,each
MR-0012151,PO-0005842,MAT-CARTON,746,each
MR-0012152,PO-0005843,MAT-LABEL,1280,each
MR-0012153,PO-0005843,MAT-BULK-CREAM,102.04,litre
MR-0012154,PO-0005844,MAT-BULK-CREAM,66.95,litre
MR-0012155,PO-0005844,MAT-SEAL,839,each
MR-0012156,PO-0005845,MAT-SEAL,794,each
MR-0012157,PO-0005845,MAT-PUMP-CAP,824,each
MR-0012158,PO-0005846,MAT-PUMP-CAP,1466,each
MR-0012159,PO-0005846,MAT-CARTON,1479,each
MR-0012160,PO-0005846,MAT-LABEL,1476,each
MR-0012161,PO-0005847,MAT-SEAL,710,each
MR-0012162,PO-0005847,MAT-PUMP-CAP,712,each
MR-0012163,PO-0005848,MAT-LABEL,870,each
MR-0012164,PO-0005848,MAT-BULK-CREAM,66.86,litre
MR-0012165,PO-0005849,MAT-BULK-CREAM,97.65,litre
MR-0012166,PO-0005849,MAT-SEAL,1213,each
MR-0012167,PO-0005850,MAT-SEAL,955,each
MR-0012168,PO-0005850,MAT-PUMP-CAP,973,each
MR-0012169,PO-0005851,MAT-PUMP-CAP,1063,each
MR-0012170,PO-0005851,MAT-CARTON,1073,each
MR-0012171,PO-0005852,MAT-CARTON,1475,each
MR-0012172,PO-0005852,MAT-LABEL,1439,each
MR-0012173,PO-0005852,MAT-BULK-CREAM,114.48,litre
MR-0012174,PO-0005853,MAT-PUMP-CAP,1289,each
MR-0012175,PO-0005853,MAT-CARTON,1270,each
MR-0012176,PO-0005854,MAT-SEAL,860,each
MR-0012177,PO-0005854,MAT-PUMP-CAP,902,each
MR-0012178,PO-0005855,MAT-SEAL,1195,each
MR-0012179,PO-0005855,MAT-PUMP-CAP,1248,each
MR-0012180,PO-0005856,MAT-PUMP-CAP,961,each
MR-0012181,PO-0005856,MAT-CARTON,947,each
MR-0012182,PO-0005857,MAT-LABEL,868,each
MR-0012183,PO-0005857,MAT-BULK-CREAM,68.63,litre
MR-0012184,PO-0005858,MAT-PUMP-CAP,1020,each
MR-0012185,PO-0005858,MAT-CARTON,996,each
MR-0012186,PO-0005859,MAT-PUMP-CAP,978,each
MR-0012187,PO-0005859,MAT-CARTON,983,each
MR-0012188,PO-0005860,MAT-CARTON,922,each
MR-0012189,PO-0005860,MAT-LABEL,927,each
MR-0012190,PO-0005861,MAT-BULK-CREAM,53.49,litre
MR-0012191,PO-0005861,MAT-SEAL,666,each
MR-0012192,PO-0005862,MAT-BULK-CREAM,49.44,litre
MR-0012193,PO-0005862,MAT-SEAL,634,each
MR-0012194,PO-0005863,MAT-BULK-CREAM,79.75,litre
MR-0012195,PO-0005863,MAT-SEAL,994,each
MR-0012196,PO-0005864,MAT-SEAL,910,each
MR-0012197,PO-0005864,MAT-PUMP-CAP,909,each
MR-0012198,PO-0005865,MAT-LABEL,717,each
MR-0012199,PO-0005865,MAT-BULK-CREAM,59.1,litre
MR-0012200,PO-0005866,MAT-LABEL,644,each
MR-0012201,PO-0005866,MAT-BULK-CREAM,52.18,litre
MR-0012202,PO-0005867,MAT-CARTON,684,each
MR-0012203,PO-0005867,MAT-LABEL,663,each
MR-0012204,PO-0005868,MAT-LABEL,437,each
MR-0012205,PO-0005868,MAT-BULK-CREAM,35.9,litre
MR-0012206,PO-0005869,MAT-BULK-CREAM,55.87,litre
MR-0012207,PO-0005869,MAT-SEAL,685,each
MR-0012208,PO-0005870,MAT-SEAL,798,each
MR-0012209,PO-0005870,MAT-PUMP-CAP,839,each
MR-0012210,PO-0005871,MAT-SEAL,607,each
MR-0012211,PO-0005871,MAT-PUMP-CAP,635,each
MR-0012212,PO-0005872,MAT-CARTON,818,each
MR-0012213,PO-0005872,MAT-LABEL,813,each
MR-0012214,PO-0005873,MAT-BULK-CREAM,51.74,litre
MR-0012215,PO-0005873,MAT-SEAL,651,each
MR-0012216,PO-0005874,MAT-LABEL,711,each
MR-0012217,PO-0005874,MAT-BULK-CREAM,58.25,litre
MR-0012218,PO-0005875,MAT-SEAL,922,each
MR-0012219,PO-0005875,MAT-PUMP-CAP,955,each
MR-0012220,PO-0005876,MAT-BULK-CREAM,70.28,litre
MR-0012221,PO-0005876,MAT-SEAL,856,each
MR-0012222,PO-0005877,MAT-CARTON,969,each
MR-0012223,PO-0005877,MAT-LABEL,943,each
MR-0012224,PO-0005878,MAT-PUMP-CAP,536,each
MR-0012225,PO-0005878,MAT-CARTON,540,each
MR-0012226,PO-0005879,MAT-CARTON,937,each
MR-0012227,PO-0005879,MAT-LABEL,934,each
MR-0012228,PO-0005880,MAT-PUMP-CAP,785,each
MR-0012229,PO-0005880,MAT-CARTON,787,each
MR-0012230,PO-0005881,MAT-SEAL,955,each
MR-0012231,PO-0005881,MAT-PUMP-CAP,973,each
MR-0012232,PO-0005882,MAT-LABEL,1038,each
MR-0012233,PO-0005882,MAT-BULK-CREAM,82.88,litre
MR-0012234,PO-0005883,MAT-CARTON,579,each
MR-0012235,PO-0005883,MAT-LABEL,571,each
MR-0012236,PO-0005884,MAT-LABEL,874,each
MR-0012237,PO-0005884,MAT-BULK-CREAM,69.11,litre
MR-0012238,PO-0005885,MAT-BULK-CREAM,46.47,litre
MR-0012239,PO-0005885,MAT-SEAL,566,each
MR-0012240,PO-0005886,MAT-SEAL,921,each
MR-0012241,PO-0005886,MAT-PUMP-CAP,931,each
MR-0012242,PO-0005887,MAT-PUMP-CAP,1133,each
MR-0012243,PO-0005887,MAT-CARTON,1166,each
MR-0012244,PO-0005888,MAT-CARTON,773,each
MR-0012245,PO-0005888,MAT-LABEL,778,each
MR-0012246,PO-0005889,MAT-LABEL,716,each
MR-0012247,PO-0005889,MAT-BULK-CREAM,57.49,litre
MR-0012248,PO-0005890,MAT-CARTON,849,each
MR-0012249,PO-0005890,MAT-LABEL,831,each
MR-0012250,PO-0005891,MAT-SEAL,1398,each
MR-0012251,PO-0005891,MAT-PUMP-CAP,1404,each
MR-0012252,PO-0005891,MAT-CARTON,1428,each
MR-0012253,PO-0005892,MAT-PUMP-CAP,1329,each
MR-0012254,PO-0005892,MAT-CARTON,1259,each
MR-0012255,PO-0005893,MAT-CARTON,766,each
MR-0012256,PO-0005893,MAT-LABEL,761,each
MR-0012257,PO-0005894,MAT-BULK-CREAM,58.8,litre
MR-0012258,PO-0005894,MAT-SEAL,710,each
MR-0012259,PO-0005895,MAT-BULK-CREAM,68.23,litre
MR-0012260,PO-0005895,MAT-SEAL,854,each
MR-0012261,PO-0005896,MAT-SEAL,778,each
MR-0012262,PO-0005896,MAT-PUMP-CAP,822,each
MR-0012263,PO-0005897,MAT-PUMP-CAP,765,each
MR-0012264,PO-0005897,MAT-CARTON,748,each
MR-0012265,PO-0005898,MAT-CARTON,1029,each
MR-0012266,PO-0005898,MAT-LABEL,1018,each
MR-0012267,PO-0005899,MAT-BULK-CREAM,127.56,litre
MR-0012268,PO-0005899,MAT-SEAL,1620,each
MR-0012269,PO-0005899,MAT-PUMP-CAP,1666,each
MR-0012270,PO-0005900,MAT-BULK-CREAM,59.04,litre
MR-0012271,PO-0005900,MAT-SEAL,736,each
MR-0012272,PO-0005901,MAT-SEAL,1336,each
MR-0012273,PO-0005901,MAT-PUMP-CAP,1363,each
MR-0012274,PO-0005902,MAT-PUMP-CAP,1507,each
MR-0012275,PO-0005902,MAT-CARTON,1514,each
MR-0012276,PO-0005902,MAT-LABEL,1500,each
MR-0012277,PO-0005903,MAT-CARTON,818,each
MR-0012278,PO-0005903,MAT-LABEL,817,each
MR-0012279,PO-0005904,MAT-SEAL,1562,each
MR-0012280,PO-0005904,MAT-PUMP-CAP,1554,each
MR-0012281,PO-0005904,MAT-CARTON,1610,each
MR-0012282,PO-0005905,MAT-PUMP-CAP,1193,each
MR-0012283,PO-0005905,MAT-CARTON,1206,each
MR-0012284,PO-0005906,MAT-SEAL,1316,each
MR-0012285,PO-0005906,MAT-PUMP-CAP,1348,each
MR-0012286,PO-0005907,MAT-CARTON,1238,each
MR-0012287,PO-0005907,MAT-LABEL,1210,each
MR-0012288,PO-0005908,MAT-PUMP-CAP,804,each
MR-0012289,PO-0005908,MAT-CARTON,795,each
MR-0012290,PO-0005909,MAT-BULK-CREAM,55.57,litre
MR-0012291,PO-0005909,MAT-SEAL,702,each
MR-0012292,PO-0005910,MAT-SEAL,1303,each
MR-0012293,PO-0005910,MAT-PUMP-CAP,1332,each
MR-0012294,PO-0005911,MAT-PUMP-CAP,1279,each
MR-0012295,PO-0005911,MAT-CARTON,1248,each
MR-0012296,PO-0005912,MAT-CARTON,1391,each
MR-0012297,PO-0005912,MAT-LABEL,1425,each
MR-0012298,PO-0005913,MAT-LABEL,877,each
MR-0012299,PO-0005913,MAT-BULK-CREAM,70.13,litre
MR-0012300,PO-0005914,MAT-BULK-CREAM,90.31,litre
MR-0012301,PO-0005914,MAT-SEAL,1111,each
MR-0012302,PO-0005915,MAT-SEAL,979,each
MR-0012303,PO-0005915,MAT-PUMP-CAP,1000,each
MR-0012304,PO-0005916,MAT-PUMP-CAP,1002,each
MR-0012305,PO-0005916,MAT-CARTON,1007,each
MR-0012306,PO-0005917,MAT-CARTON,1210,each
MR-0012307,PO-0005917,MAT-LABEL,1184,each
MR-0012308,PO-0005918,MAT-LABEL,1016,each
MR-0012309,PO-0005918,MAT-BULK-CREAM,82.9,litre
MR-0012310,PO-0005919,MAT-BULK-CREAM,67.48,litre
MR-0012311,PO-0005919,MAT-SEAL,856,each
MR-0012312,PO-0005920,MAT-SEAL,1308,each
MR-0012313,PO-0005920,MAT-PUMP-CAP,1341,each
MR-0012314,PO-0005921,MAT-PUMP-CAP,1010,each
MR-0012315,PO-0005921,MAT-CARTON,982,each
MR-0012316,PO-0005922,MAT-LABEL,883,each
MR-0012317,PO-0005922,MAT-BULK-CREAM,70.04,litre
MR-0012318,PO-0005923,MAT-PUMP-CAP,672,each
MR-0012319,PO-0005923,MAT-CARTON,662,each
MR-0012320,PO-0005924,MAT-SEAL,1112,each
MR-0012321,PO-0005924,MAT-PUMP-CAP,1139,each
MR-0012322,PO-0005925,MAT-LABEL,916,each
MR-0012323,PO-0005925,MAT-BULK-CREAM,74.95,litre
MR-0012324,PO-0005926,MAT-PUMP-CAP,1201,each
MR-0012325,PO-0005926,MAT-CARTON,1202,each
MR-0012326,PO-0005927,MAT-LABEL,1208,each
MR-0012327,PO-0005927,MAT-BULK-CREAM,95.61,litre
MR-0012328,PO-0005928,MAT-BULK-CREAM,91.59,litre
MR-0012329,PO-0005928,MAT-SEAL,1092,each
MR-0012330,PO-0005929,MAT-PUMP-CAP,1226,each
MR-0012331,PO-0005929,MAT-CARTON,1208,each
MR-0012332,PO-0005930,MAT-SEAL,843,each
MR-0012333,PO-0005930,MAT-PUMP-CAP,851,each
MR-0012334,PO-0005931,MAT-BULK-CREAM,63.39,litre
MR-0012335,PO-0005931,MAT-SEAL,787,each
MR-0012336,PO-0005932,MAT-CARTON,445,each
MR-0012337,PO-0005932,MAT-LABEL,440,each
MR-0012338,PO-0005933,MAT-LABEL,708,each
MR-0012339,PO-0005933,MAT-BULK-CREAM,59.67,litre
MR-0012340,PO-0005934,MAT-PUMP-CAP,865,each
MR-0012341,PO-0005934,MAT-CARTON,807,each
MR-0012342,PO-0005935,MAT-SEAL,820,each
MR-0012343,PO-0005935,MAT-PUMP-CAP,835,each
MR-0012344,PO-0005936,MAT-PUMP-CAP,714,each
MR-0012345,PO-0005936,MAT-CARTON,685,each
MR-0012346,PO-0005937,MAT-BULK-CREAM,43.04,litre
MR-0012347,PO-0005937,MAT-SEAL,545,each
MR-0012348,PO-0005938,MAT-SEAL,512,each
MR-0012349,PO-0005938,MAT-PUMP-CAP,518,each
MR-0012350,PO-0005939,MAT-CARTON,933,each
MR-0012351,PO-0005939,MAT-LABEL,934,each
MR-0012352,PO-0005940,MAT-SEAL,956,each
MR-0012353,PO-0005940,MAT-PUMP-CAP,964,each
MR-0012354,PO-0005941,MAT-CARTON,952,each
MR-0012355,PO-0005941,MAT-LABEL,936,each
MR-0012356,PO-0005942,MAT-SEAL,719,each
MR-0012357,PO-0005942,MAT-PUMP-CAP,720,each
MR-0012358,PO-0005943,MAT-PUMP-CAP,547,each
MR-0012359,PO-0005943,MAT-CARTON,530,each
MR-0012360,PO-0005944,MAT-CARTON,698,each
MR-0012361,PO-0005944,MAT-LABEL,689,each
MR-0012362,PO-0005945,MAT-BULK-CREAM,61.2,litre
MR-0012363,PO-0005945,MAT-SEAL,762,each
MR-0012364,PO-0005946,MAT-BULK-CREAM,61.06,litre
MR-0012365,PO-0005946,MAT-SEAL,750,each
MR-0012366,PO-0005947,MAT-PUMP-CAP,1059,each
MR-0012367,PO-0005947,MAT-CARTON,1052,each
MR-0012368,PO-0005948,MAT-CARTON,1012,each
MR-0012369,PO-0005948,MAT-LABEL,1034,each
MR-0012370,PO-0005949,MAT-SEAL,1075,each
MR-0012371,PO-0005949,MAT-PUMP-CAP,1098,each
MR-0012372,PO-0005950,MAT-SEAL,628,each
MR-0012373,PO-0005950,MAT-PUMP-CAP,642,each
MR-0012374,PO-0005951,MAT-SEAL,931,each
MR-0012375,PO-0005951,MAT-PUMP-CAP,931,each
MR-0012376,PO-0005952,MAT-PUMP-CAP,565,each
MR-0012377,PO-0005952,MAT-CARTON,560,each
MR-0012378,PO-0005953,MAT-CARTON,1068,each
MR-0012379,PO-0005953,MAT-LABEL,1018,each
MR-0012380,PO-0005954,MAT-LABEL,1448,each
MR-0012381,PO-0005954,MAT-BULK-CREAM,117.31,litre
MR-0012382,PO-0005954,MAT-SEAL,1423,each
MR-0012383,PO-0005955,MAT-BULK-CREAM,95.12,litre
MR-0012384,PO-0005955,MAT-SEAL,1207,each
MR-0012385,PO-0005956,MAT-SEAL,1204,each
MR-0012386,PO-0005956,MAT-PUMP-CAP,1239,each
MR-0012387,PO-0005957,MAT-SEAL,1445,each
MR-0012388,PO-0005957,MAT-PUMP-CAP,1443,each
MR-0012389,PO-0005957,MAT-CARTON,1482,each
MR-0012390,PO-0005958,MAT-CARTON,1100,each
MR-0012391,PO-0005958,MAT-LABEL,1078,each
MR-0012392,PO-0005959,MAT-LABEL,1225,each
MR-0012393,PO-0005959,MAT-BULK-CREAM,100.64,litre
MR-0012394,PO-0005960,MAT-LABEL,1111,each
MR-0012395,PO-0005960,MAT-BULK-CREAM,86.83,litre
MR-0012396,PO-0005961,MAT-SEAL,965,each
MR-0012397,PO-0005961,MAT-PUMP-CAP,1005,each
MR-0012398,PO-0005962,MAT-PUMP-CAP,922,each
MR-0012399,PO-0005962,MAT-CARTON,881,each
MR-0012400,PO-0005963,MAT-CARTON,837,each
MR-0012401,PO-0005963,MAT-LABEL,820,each
MR-0012402,PO-0005964,MAT-LABEL,748,each
MR-0012403,PO-0005964,MAT-BULK-CREAM,61.01,litre
MR-0012404,PO-0005965,MAT-BULK-CREAM,114.56,litre
MR-0012405,PO-0005965,MAT-SEAL,1484,each
MR-0012406,PO-0005965,MAT-PUMP-CAP,1495,each
MR-0012407,PO-0005966,MAT-SEAL,1070,each
MR-0012408,PO-0005966,MAT-PUMP-CAP,1120,each
MR-0012409,PO-0005967,MAT-PUMP-CAP,1210,each
MR-0012410,PO-0005967,MAT-CARTON,1236,each
MR-0012411,PO-0005968,MAT-BULK-CREAM,90.94,litre
MR-0012412,PO-0005968,MAT-SEAL,1124,each
MR-0012413,PO-0005969,MAT-LABEL,754,each
MR-0012414,PO-0005969,MAT-BULK-CREAM,62.03,litre
MR-0012415,PO-0005970,MAT-BULK-CREAM,95.14,litre
MR-0012416,PO-0005970,MAT-SEAL,1206,each
MR-0012417,PO-0005971,MAT-PUMP-CAP,1258,each
MR-0012418,PO-0005971,MAT-CARTON,1254,each
MR-0012419,PO-0005972,MAT-CARTON,877,each
MR-0012420,PO-0005972,MAT-LABEL,898,each
MR-0012421,PO-0005973,MAT-LABEL,1343,each
MR-0012422,PO-0005973,MAT-BULK-CREAM,105.72,litre
MR-0012423,PO-0005974,MAT-BULK-CREAM,89.76,litre
MR-0012424,PO-0005974,MAT-SEAL,1100,each
MR-0012425,PO-0005975,MAT-SEAL,642,each
MR-0012426,PO-0005975,MAT-PUMP-CAP,677,each
MR-0012427,PO-0005976,MAT-BULK-CREAM,104.94,litre
MR-0012428,PO-0005976,MAT-SEAL,1316,each
MR-0012429,PO-0005977,MAT-BULK-CREAM,99.86,litre
MR-0012430,PO-0005977,MAT-SEAL,1275,each
MR-0012431,PO-0005978,MAT-LABEL,1335,each
MR-0012432,PO-0005978,MAT-BULK-CREAM,103.95,litre
MR-0012433,PO-0005979,MAT-BULK-CREAM,73.89,litre
MR-0012434,PO-0005979,MAT-SEAL,959,each
MR-0012435,PO-0005980,MAT-CARTON,1236,each
MR-0012436,PO-0005980,MAT-LABEL,1206,each
MR-0012437,PO-0005981,MAT-PUMP-CAP,689,each
MR-0012438,PO-0005981,MAT-CARTON,693,each
MR-0012439,PO-0005982,MAT-CARTON,892,each
MR-0012440,PO-0005982,MAT-LABEL,894,each
MR-0012441,PO-0005983,MAT-LABEL,1193,each
MR-0012442,PO-0005983,MAT-BULK-CREAM,96.21,litre
MR-0012443,PO-0005984,MAT-BULK-CREAM,75.79,litre
MR-0012444,PO-0005984,MAT-SEAL,954,each
MR-0012445,PO-0005985,MAT-SEAL,1281,each
MR-0012446,PO-0005985,MAT-PUMP-CAP,1340,each
MR-0012447,PO-0005986,MAT-PUMP-CAP,1358,each
MR-0012448,PO-0005986,MAT-CARTON,1367,each
MR-0012449,PO-0005987,MAT-CARTON,1016,each
MR-0012450,PO-0005987,MAT-LABEL,1012,each
MR-0012451,PO-0005988,MAT-SEAL,660,each
MR-0012452,PO-0005988,MAT-PUMP-CAP,666,each
MR-0012453,PO-0005989,MAT-BULK-CREAM,90.33,litre
MR-0012454,PO-0005989,MAT-SEAL,1135,each
MR-0012455,PO-0005990,MAT-BULK-CREAM,94.36,litre
MR-0012456,PO-0005990,MAT-SEAL,1175,each
MR-0012457,PO-0005991,MAT-PUMP-CAP,1243,each
MR-0012458,PO-0005991,MAT-CARTON,1216,each
MR-0012459,PO-0005992,MAT-LABEL,1004,each
MR-0012460,PO-0005992,MAT-BULK-CREAM,80.07,litre
MR-0012461,PO-0005993,MAT-PUMP-CAP,1053,each
MR-0012462,PO-0005993,MAT-CARTON,1030,each
MR-0012463,PO-0005994,MAT-PUMP-CAP,1159,each
MR-0012464,PO-0005994,MAT-CARTON,1169,each
MR-0012465,PO-0005995,MAT-SEAL,762,each
MR-0012466,PO-0005995,MAT-PUMP-CAP,827,each
MR-0012467,PO-0005996,MAT-PUMP-CAP,707,each
MR-0012468,PO-0005996,MAT-CARTON,691,each
MR-0012469,PO-0005997,MAT-CARTON,560,each
MR-0012470,PO-0005997,MAT-LABEL,562,each
MR-0012471,PO-0005998,MAT-LABEL,553,each
MR-0012472,PO-0005998,MAT-BULK-CREAM,45.35,litre
MR-0012473,PO-0005999,MAT-CARTON,579,each
MR-0012474,PO-0005999,MAT-LABEL,594,each
MR-0012475,PO-0006000,MAT-SEAL,765,each
MR-0012476,PO-0006000,MAT-PUMP-CAP,794,each
MR-0012477,PO-0006001,MAT-BULK-CREAM,51.26,litre
MR-0012478,PO-0006001,MAT-SEAL,645,each
MR-0012479,PO-0006002,MAT-BULK-CREAM,47.14,litre
MR-0012480,PO-0006002,MAT-SEAL,572,each
MR-0012481,PO-0006003,MAT-BULK-CREAM,47.44,litre
MR-0012482,PO-0006003,MAT-SEAL,590,each
MR-0012483,PO-0006004,MAT-CARTON,540,each
MR-0012484,PO-0006004,MAT-LABEL,548,each
MR-0012485,PO-0006005,MAT-CARTON,543,each
MR-0012486,PO-0006005,MAT-LABEL,537,each
MR-0012487,PO-0006006,MAT-BULK-CREAM,39.32,litre
MR-0012488,PO-0006006,MAT-SEAL,478,each
MR-0012489,PO-0006007,MAT-CARTON,948,each
MR-0012490,PO-0006007,MAT-LABEL,970,each
MR-0012491,PO-0006008,MAT-LABEL,841,each
MR-0012492,PO-0006008,MAT-BULK-CREAM,66.82,litre
MR-0012493,PO-0006009,MAT-BULK-CREAM,51.66,litre
MR-0012494,PO-0006009,MAT-SEAL,623,each
MR-0012495,PO-0006010,MAT-BULK-CREAM,89.41,litre
MR-0012496,PO-0006010,MAT-SEAL,1118,each
MR-0012497,PO-0006011,MAT-PUMP-CAP,874,each
MR-0012498,PO-0006011,MAT-CARTON,844,each
MR-0012499,PO-0006012,MAT-CARTON,1175,each
MR-0012500,PO-0006012,MAT-LABEL,1140,each
MR-0012501,PO-0006013,MAT-CARTON,1136,each
MR-0012502,PO-0006013,MAT-LABEL,1132,each
MR-0012503,PO-0006014,MAT-CARTON,1061,each
MR-0012504,PO-0006014,MAT-LABEL,1053,each
MR-0012505,PO-0006015,MAT-BULK-CREAM,51.3,litre
MR-0012506,PO-0006015,MAT-SEAL,651,each
MR-0012507,PO-0006016,MAT-PUMP-CAP,828,each
MR-0012508,PO-0006016,MAT-CARTON,841,each
MR-0012509,PO-0006017,MAT-PUMP-CAP,567,each
MR-0012510,PO-0006017,MAT-CARTON,569,each
MR-0012511,PO-0006018,MAT-CARTON,577,each
MR-0012512,PO-0006018,MAT-LABEL,586,each
MR-0012513,PO-0006019,MAT-LABEL,1148,each
MR-0012514,PO-0006019,MAT-BULK-CREAM,91.35,litre
MR-0012515,PO-0006020,MAT-BULK-CREAM,76.78,litre
MR-0012516,PO-0006020,MAT-SEAL,936,each
MR-0012517,PO-0006021,MAT-CARTON,986,each
MR-0012518,PO-0006021,MAT-LABEL,936,each
MR-0012519,PO-0006022,MAT-PUMP-CAP,896,each
MR-0012520,PO-0006022,MAT-CARTON,890,each
MR-0012521,PO-0006023,MAT-CARTON,1000,each
MR-0012522,PO-0006023,MAT-LABEL,989,each
MR-0012523,PO-0006024,MAT-LABEL,674,each
MR-0012524,PO-0006024,MAT-BULK-CREAM,51.85,litre
MR-0012525,PO-0006025,MAT-SEAL,1125,each
MR-0012526,PO-0006025,MAT-PUMP-CAP,1124,each
MR-0012527,PO-0006026,MAT-BULK-CREAM,78.4,litre
MR-0012528,PO-0006026,MAT-SEAL,983,each
MR-0012529,PO-0006027,MAT-PUMP-CAP,1435,each
MR-0012530,PO-0006027,MAT-CARTON,1460,each
MR-0012531,PO-0006027,MAT-LABEL,1385,each
MR-0012532,PO-0006028,MAT-CARTON,933,each
MR-0012533,PO-0006028,MAT-LABEL,945,each
MR-0012534,PO-0006029,MAT-PUMP-CAP,679,each
MR-0012535,PO-0006029,MAT-CARTON,678,each
MR-0012536,PO-0006030,MAT-CARTON,952,each
MR-0012537,PO-0006030,MAT-LABEL,954,each
MR-0012538,PO-0006031,MAT-SEAL,1469,each
MR-0012539,PO-0006031,MAT-PUMP-CAP,1538,each
MR-0012540,PO-0006031,MAT-CARTON,1518,each
MR-0012541,PO-0006032,MAT-CARTON,726,each
MR-0012542,PO-0006032,MAT-LABEL,705,each
MR-0012543,PO-0006033,MAT-CARTON,900,each
MR-0012544,PO-0006033,MAT-LABEL,863,each
MR-0012545,PO-0006034,MAT-LABEL,1144,each
MR-0012546,PO-0006034,MAT-BULK-CREAM,92.32,litre
MR-0012547,PO-0006035,MAT-BULK-CREAM,100.08,litre
MR-0012548,PO-0006035,MAT-SEAL,1292,each
MR-0012549,PO-0006036,MAT-SEAL,947,each
MR-0012550,PO-0006036,MAT-PUMP-CAP,984,each
MR-0012551,PO-0006037,MAT-CARTON,1038,each
MR-0012552,PO-0006037,MAT-LABEL,1083,each
MR-0012553,PO-0006038,MAT-LABEL,1250,each
MR-0012554,PO-0006038,MAT-BULK-CREAM,101.91,litre
MR-0012555,PO-0006039,MAT-PUMP-CAP,949,each
MR-0012556,PO-0006039,MAT-CARTON,934,each
MR-0012557,PO-0006040,MAT-SEAL,661,each
MR-0012558,PO-0006040,MAT-PUMP-CAP,675,each
MR-0012559,PO-0006041,MAT-LABEL,1481,each
MR-0012560,PO-0006041,MAT-BULK-CREAM,114.44,litre
MR-0012561,PO-0006041,MAT-SEAL,1473,each
MR-0012562,PO-0006042,MAT-CARTON,891,each
MR-0012563,PO-0006042,MAT-LABEL,884,each
MR-0012564,PO-0006043,MAT-LABEL,817,each
MR-0012565,PO-0006043,MAT-BULK-CREAM,67.83,litre
MR-0012566,PO-0006044,MAT-BULK-CREAM,69.23,litre
MR-0012567,PO-0006044,MAT-SEAL,905,each
MR-0012568,PO-0006045,MAT-SEAL,1348,each
MR-0012569,PO-0006045,MAT-PUMP-CAP,1369,each
MR-0012570,PO-0006046,MAT-PUMP-CAP,1059,each
MR-0012571,PO-0006046,MAT-CARTON,1043,each
MR-0012572,PO-0006047,MAT-CARTON,1548,each
MR-0012573,PO-0006047,MAT-LABEL,1471,each
MR-0012574,PO-0006047,MAT-BULK-CREAM,118.55,litre
MR-0012575,PO-0006048,MAT-LABEL,1444,each
MR-0012576,PO-0006048,MAT-BULK-CREAM,119.48,litre
MR-0012577,PO-0006048,MAT-SEAL,1450,each
MR-0012578,PO-0006049,MAT-BULK-CREAM,75.23,litre
MR-0012579,PO-0006049,MAT-SEAL,958,each
MR-0012580,PO-0006050,MAT-SEAL,792,each
MR-0012581,PO-0006050,MAT-PUMP-CAP,847,each
MR-0012582,PO-0006051,MAT-PUMP-CAP,838,each
MR-0012583,PO-0006051,MAT-CARTON,843,each
MR-0012584,PO-0006052,MAT-CARTON,675,each
MR-0012585,PO-0006052,MAT-LABEL,656,each
MR-0012586,PO-0006053,MAT-LABEL,538,each
MR-0012587,PO-0006053,MAT-BULK-CREAM,43.62,litre
MR-0012588,PO-0006054,MAT-BULK-CREAM,51.04,litre
MR-0012589,PO-0006054,MAT-SEAL,608,each
MR-0012590,PO-0006055,MAT-SEAL,941,each
MR-0012591,PO-0006055,MAT-PUMP-CAP,965,each
MR-0012592,PO-0006056,MAT-CARTON,912,each
MR-0012593,PO-0006056,MAT-LABEL,879,each
MR-0012594,PO-0006057,MAT-BULK-CREAM,57.15,litre
MR-0012595,PO-0006057,MAT-SEAL,745,each
MR-0012596,PO-0006058,MAT-SEAL,1223,each
MR-0012597,PO-0006058,MAT-PUMP-CAP,1275,each
MR-0012598,PO-0006059,MAT-CARTON,1259,each
MR-0012599,PO-0006059,MAT-LABEL,1231,each
MR-0012600,PO-0006060,MAT-SEAL,765,each
MR-0012601,PO-0006060,MAT-PUMP-CAP,769,each
MR-0012602,PO-0006061,MAT-PUMP-CAP,545,each
MR-0012603,PO-0006061,MAT-CARTON,558,each
MR-0012604,PO-0006062,MAT-CARTON,581,each
MR-0012605,PO-0006062,MAT-LABEL,570,each
MR-0012606,PO-0006063,MAT-LABEL,526,each
MR-0012607,PO-0006063,MAT-BULK-CREAM,41.8,litre
MR-0012608,PO-0006064,MAT-BULK-CREAM,32.4,litre
MR-0012609,PO-0006064,MAT-SEAL,400,each
MR-0012610,PO-0006065,MAT-SEAL,586,each
MR-0012611,PO-0006065,MAT-PUMP-CAP,578,each
MR-0012612,PO-0006066,MAT-LABEL,436,each
MR-0012613,PO-0006066,MAT-BULK-CREAM,35.67,litre
MR-0012614,PO-0006067,MAT-CARTON,806,each
MR-0012615,PO-0006067,MAT-LABEL,780,each
MR-0012616,PO-0006068,MAT-BULK-CREAM,38.07,litre
MR-0012617,PO-0006068,MAT-SEAL,479,each
MR-0012618,PO-0006069,MAT-CARTON,578,each
MR-0012619,PO-0006069,MAT-LABEL,578,each
MR-0012620,PO-0006070,MAT-SEAL,604,each
MR-0012621,PO-0006070,MAT-PUMP-CAP,596,each
MR-0012622,PO-0006071,MAT-PUMP-CAP,478,each
MR-0012623,PO-0006071,MAT-CARTON,472,each
MR-0012624,PO-0006072,MAT-BULK-CREAM,61.01,litre
MR-0012625,PO-0006072,MAT-SEAL,758,each
MR-0012626,PO-0006073,MAT-LABEL,968,each
MR-0012627,PO-0006073,MAT-BULK-CREAM,77.41,litre
MR-0012628,PO-0006074,MAT-PUMP-CAP,572,each
MR-0012629,PO-0006074,MAT-CARTON,577,each
MR-0012630,PO-0006075,MAT-SEAL,1086,each
MR-0012631,PO-0006075,MAT-PUMP-CAP,1106,each
MR-0012632,PO-0006076,MAT-SEAL,909,each
MR-0012633,PO-0006076,MAT-PUMP-CAP,948,each
MR-0012634,PO-0006077,MAT-CARTON,971,each
MR-0012635,PO-0006077,MAT-LABEL,961,each
MR-0012636,PO-0006078,MAT-CARTON,874,each
MR-0012637,PO-0006078,MAT-LABEL,892,each
MR-0012638,PO-0006079,MAT-BULK-CREAM,45.49,litre
MR-0012639,PO-0006079,MAT-SEAL,545,each
MR-0012640,PO-0006080,MAT-BULK-CREAM,69.51,litre
MR-0012641,PO-0006080,MAT-SEAL,864,each
MR-0012642,PO-0006081,MAT-SEAL,633,each
MR-0012643,PO-0006081,MAT-PUMP-CAP,635,each
MR-0012644,PO-0006082,MAT-PUMP-CAP,1102,each
MR-0012645,PO-0006082,MAT-CARTON,1134,each
MR-0012646,PO-0006083,MAT-PUMP-CAP,683,each
MR-0012647,PO-0006083,MAT-CARTON,702,each
MR-0012648,PO-0006084,MAT-CARTON,851,each
MR-0012649,PO-0006084,MAT-LABEL,862,each
MR-0012650,PO-0006085,MAT-SEAL,1573,each
MR-0012651,PO-0006085,MAT-PUMP-CAP,1626,each
MR-0012652,PO-0006085,MAT-CARTON,1614,each
MR-0012653,PO-0006086,MAT-PUMP-CAP,1341,each
MR-0012654,PO-0006086,MAT-CARTON,1346,each
MR-0012655,PO-0006087,MAT-PUMP-CAP,1023,each
MR-0012656,PO-0006087,MAT-CARTON,1074,each
MR-0012657,PO-0006088,MAT-CARTON,1003,each
MR-0012658,PO-0006088,MAT-LABEL,1043,each
MR-0012659,PO-0006089,MAT-LABEL,728,each
MR-0012660,PO-0006089,MAT-BULK-CREAM,57.72,litre
MR-0012661,PO-0006090,MAT-BULK-CREAM,79.75,litre
MR-0012662,PO-0006090,MAT-SEAL,999,each
MR-0012663,PO-0006091,MAT-SEAL,1446,each
MR-0012664,PO-0006091,MAT-PUMP-CAP,1464,each
MR-0012665,PO-0006091,MAT-CARTON,1460,each
MR-0012666,PO-0006092,MAT-PUMP-CAP,1359,each
MR-0012667,PO-0006092,MAT-CARTON,1353,each
MR-0012668,PO-0006093,MAT-CARTON,1317,each
MR-0012669,PO-0006093,MAT-LABEL,1282,each
MR-0012670,PO-0006094,MAT-BULK-CREAM,63.07,litre
MR-0012671,PO-0006094,MAT-SEAL,782,each
MR-0012672,PO-0006095,MAT-SEAL,1555,each
MR-0012673,PO-0006095,MAT-PUMP-CAP,1577,each
MR-0012674,PO-0006095,MAT-CARTON,1518,each
MR-0012675,PO-0006096,MAT-SEAL,1053,each
MR-0012676,PO-0006096,MAT-PUMP-CAP,1061,each
MR-0012677,PO-0006097,MAT-PUMP-CAP,931,each
MR-0012678,PO-0006097,MAT-CARTON,932,each
MR-0012679,PO-0006098,MAT-CARTON,1089,each
MR-0012680,PO-0006098,MAT-LABEL,1089,each
MR-0012681,PO-0006099,MAT-BULK-CREAM,105.89,litre
MR-0012682,PO-0006099,MAT-SEAL,1307,each
MR-0012683,PO-0006100,MAT-BULK-CREAM,111.33,litre
MR-0012684,PO-0006100,MAT-SEAL,1399,each
MR-0012685,PO-0006101,MAT-PUMP-CAP,801,each
MR-0012686,PO-0006101,MAT-CARTON,799,each
MR-0012687,PO-0006102,MAT-CARTON,985,each
MR-0012688,PO-0006102,MAT-LABEL,959,each
MR-0012689,PO-0006103,MAT-CARTON,891,each
MR-0012690,PO-0006103,MAT-LABEL,884,each
MR-0012691,PO-0006104,MAT-BULK-CREAM,77.73,litre
MR-0012692,PO-0006104,MAT-SEAL,952,each
MR-0012693,PO-0006105,MAT-SEAL,646,each
MR-0012694,PO-0006105,MAT-PUMP-CAP,653,each
MR-0012695,PO-0006106,MAT-BULK-CREAM,62.39,litre
MR-0012696,PO-0006106,MAT-SEAL,779,each
MR-0012697,PO-0006107,MAT-CARTON,722,each
MR-0012698,PO-0006107,MAT-LABEL,704,each
MR-0012699,PO-0006108,MAT-LABEL,638,each
MR-0012700,PO-0006108,MAT-BULK-CREAM,53.63,litre
MR-0012701,PO-0006109,MAT-BULK-CREAM,60.24,litre
MR-0012702,PO-0006109,MAT-SEAL,751,each
MR-0012703,PO-0006110,MAT-PUMP-CAP,1054,each
MR-0012704,PO-0006110,MAT-CARTON,1053,each
MR-0012705,PO-0006111,MAT-PUMP-CAP,986,each
MR-0012706,PO-0006111,MAT-CARTON,982,each
MR-0012707,PO-0006112,MAT-SEAL,925,each
MR-0012708,PO-0006112,MAT-PUMP-CAP,965,each
MR-0012709,PO-0006113,MAT-BULK-CREAM,80.81,litre
MR-0012710,PO-0006113,MAT-SEAL,1008,each
MR-0012711,PO-0006114,MAT-BULK-CREAM,77.9,litre
MR-0012712,PO-0006114,MAT-SEAL,988,each
MR-0012713,PO-0006115,MAT-PUMP-CAP,1030,each
MR-0012714,PO-0006115,MAT-CARTON,1020,each
MR-0012715,PO-0006116,MAT-LABEL,1055,each
MR-0012716,PO-0006116,MAT-BULK-CREAM,83.75,litre
MR-0012717,PO-0006117,MAT-BULK-CREAM,56.02,litre
MR-0012718,PO-0006117,MAT-SEAL,736,each
MR-0012719,PO-0006118,MAT-BULK-CREAM,39.75,litre
MR-0012720,PO-0006118,MAT-SEAL,508,each
MR-0012721,PO-0006119,MAT-BULK-CREAM,76.17,litre
MR-0012722,PO-0006119,MAT-SEAL,939,each
MR-0012723,PO-0006120,MAT-SEAL,557,each
MR-0012724,PO-0006120,MAT-PUMP-CAP,568,each
MR-0012725,PO-0006121,MAT-CARTON,763,each
MR-0012726,PO-0006121,MAT-LABEL,747,each
MR-0012727,PO-0006122,MAT-CARTON,699,each
MR-0012728,PO-0006122,MAT-LABEL,681,each
MR-0012729,PO-0006123,MAT-SEAL,776,each
MR-0012730,PO-0006123,MAT-PUMP-CAP,787,each
MR-0012731,PO-0006124,MAT-CARTON,1025,each
MR-0012732,PO-0006124,MAT-LABEL,1000,each
MR-0012733,PO-0006125,MAT-SEAL,448,each
MR-0012734,PO-0006125,MAT-PUMP-CAP,463,each
MR-0012735,PO-0006126,MAT-PUMP-CAP,916,each
MR-0012736,PO-0006126,MAT-CARTON,895,each
MR-0012737,PO-0006127,MAT-CARTON,664,each
MR-0012738,PO-0006127,MAT-LABEL,639,each
MR-0012739,PO-0006128,MAT-LABEL,621,each
MR-0012740,PO-0006128,MAT-BULK-CREAM,50.52,litre
MR-0012741,PO-0006129,MAT-BULK-CREAM,49.09,litre
MR-0012742,PO-0006129,MAT-SEAL,613,each
MR-0012743,PO-0006130,MAT-SEAL,461,each
MR-0012744,PO-0006130,MAT-PUMP-CAP,462,each
MR-0012745,PO-0006131,MAT-PUMP-CAP,470,each
MR-0012746,PO-0006131,MAT-CARTON,464,each
MR-0012747,PO-0006132,MAT-SEAL,555,each
MR-0012748,PO-0006132,MAT-PUMP-CAP,571,each
MR-0012749,PO-0006133,MAT-BULK-CREAM,43.69,litre
MR-0012750,PO-0006133,MAT-SEAL,551,each
MR-0012751,PO-0006134,MAT-PUMP-CAP,838,each
MR-0012752,PO-0006134,MAT-CARTON,803,each
MR-0012753,PO-0006135,MAT-SEAL,509,each
MR-0012754,PO-0006135,MAT-PUMP-CAP,519,each
MR-0012755,PO-0006136,MAT-CARTON,875,each
MR-0012756,PO-0006136,MAT-LABEL,864,each
MR-0012757,PO-0006137,MAT-BULK-CREAM,46.38,litre
MR-0012758,PO-0006137,MAT-SEAL,591,each
MR-0012759,PO-0006138,MAT-BULK-CREAM,70.97,litre
MR-0012760,PO-0006138,MAT-SEAL,918,each
MR-0012761,PO-0006139,MAT-SEAL,719,each
MR-0012762,PO-0006139,MAT-PUMP-CAP,723,each
MR-0012763,PO-0006140,MAT-BULK-CREAM,66.62,litre
MR-0012764,PO-0006140,MAT-SEAL,821,each
MR-0012765,PO-0006141,MAT-SEAL,969,each
MR-0012766,PO-0006141,MAT-PUMP-CAP,1009,each
MR-0012767,PO-0006142,MAT-LABEL,1119,each
MR-0012768,PO-0006142,MAT-BULK-CREAM,88.48,litre
MR-0012769,PO-0006143,MAT-CARTON,693,each
MR-0012770,PO-0006143,MAT-LABEL,673,each
MR-0012771,PO-0006144,MAT-CARTON,729,each
MR-0012772,PO-0006144,MAT-LABEL,733,each
MR-0012773,PO-0006145,MAT-BULK-CREAM,45.35,litre
MR-0012774,PO-0006145,MAT-SEAL,577,each
MR-0012775,PO-0006146,MAT-PUMP-CAP,708,each
MR-0012776,PO-0006146,MAT-CARTON,681,each
MR-0012777,PO-0006147,MAT-PUMP-CAP,990,each
MR-0012778,PO-0006147,MAT-CARTON,973,each
MR-0012779,PO-0006148,MAT-CARTON,652,each
MR-0012780,PO-0006148,MAT-LABEL,652,each
MR-0012781,PO-0006149,MAT-LABEL,1483,each
MR-0012782,PO-0006149,MAT-BULK-CREAM,120.69,litre
MR-0012783,PO-0006149,MAT-SEAL,1470,each
MR-0012784,PO-0006150,MAT-BULK-CREAM,72.92,litre
MR-0012785,PO-0006150,MAT-SEAL,895,each
MR-0012786,PO-0006151,MAT-SEAL,1274,each
MR-0012787,PO-0006151,MAT-PUMP-CAP,1262,each
MR-0012788,PO-0006152,MAT-PUMP-CAP,945,each
MR-0012789,PO-0006152,MAT-CARTON,958,each
MR-0012790,PO-0006153,MAT-CARTON,1420,each
MR-0012791,PO-0006153,MAT-LABEL,1386,each
MR-0012792,PO-0006153,MAT-BULK-CREAM,114.69,litre
MR-0012793,PO-0006154,MAT-LABEL,1120,each
MR-0012794,PO-0006154,MAT-BULK-CREAM,91.87,litre
MR-0012795,PO-0006155,MAT-SEAL,1458,each
MR-0012796,PO-0006155,MAT-PUMP-CAP,1482,each
MR-0012797,PO-0006155,MAT-CARTON,1451,each
MR-0012798,PO-0006156,MAT-SEAL,957,each
MR-0012799,PO-0006156,MAT-PUMP-CAP,969,each
MR-0012800,PO-0006157,MAT-PUMP-CAP,1573,each
MR-0012801,PO-0006157,MAT-CARTON,1559,each
MR-0012802,PO-0006157,MAT-LABEL,1518,each
MR-0012803,PO-0006158,MAT-CARTON,1111,each
MR-0012804,PO-0006158,MAT-LABEL,1093,each
MR-0012805,PO-0006159,MAT-LABEL,1121,each
MR-0012806,PO-0006159,MAT-BULK-CREAM,92.22,litre
MR-0012807,PO-0006160,MAT-BULK-CREAM,58.19,litre
MR-0012808,PO-0006160,MAT-SEAL,746,each
MR-0012809,PO-0006161,MAT-SEAL,917,each
MR-0012810,PO-0006161,MAT-PUMP-CAP,949,each
MR-0012811,PO-0006162,MAT-PUMP-CAP,948,each
MR-0012812,PO-0006162,MAT-CARTON,911,each
MR-0012813,PO-0006163,MAT-BULK-CREAM,79.5,litre
MR-0012814,PO-0006163,MAT-SEAL,951,each
MR-0012815,PO-0006164,MAT-LABEL,1467,each
MR-0012816,PO-0006164,MAT-BULK-CREAM,120.61,litre
MR-0012817,PO-0006164,MAT-SEAL,1521,each
MR-0012818,PO-0006165,MAT-BULK-CREAM,118.39,litre
MR-0012819,PO-0006165,MAT-SEAL,1459,each
MR-0012820,PO-0006165,MAT-PUMP-CAP,1517,each
MR-0012821,PO-0006166,MAT-CARTON,1039,each
MR-0012822,PO-0006166,MAT-LABEL,1023,each
MR-0012823,PO-0006167,MAT-BULK-CREAM,112.85,litre
MR-0012824,PO-0006167,MAT-SEAL,1421,each
MR-0012825,PO-0006167,MAT-PUMP-CAP,1468,each
MR-0012826,PO-0006168,MAT-LABEL,932,each
MR-0012827,PO-0006168,MAT-BULK-CREAM,73.81,litre
MR-0012828,PO-0006169,MAT-CARTON,778,each
MR-0012829,PO-0006169,MAT-LABEL,773,each
MR-0012830,PO-0006170,MAT-SEAL,987,each
MR-0012831,PO-0006170,MAT-PUMP-CAP,998,each
MR-0012832,PO-0006171,MAT-PUMP-CAP,1311,each
MR-0012833,PO-0006171,MAT-CARTON,1266,each
MR-0012834,PO-0006172,MAT-BULK-CREAM,97.92,litre
MR-0012835,PO-0006172,MAT-SEAL,1254,each
MR-0012836,PO-0006173,MAT-LABEL,1266,each
MR-0012837,PO-0006173,MAT-BULK-CREAM,99.44,litre
MR-0012838,PO-0006174,MAT-BULK-CREAM,100.53,litre
MR-0012839,PO-0006174,MAT-SEAL,1281,each
MR-0012840,PO-0006175,MAT-PUMP-CAP,910,each
MR-0012841,PO-0006175,MAT-CARTON,900,each
MR-0012842,PO-0006176,MAT-BULK-CREAM,116.18,litre
MR-0012843,PO-0006176,MAT-SEAL,1409,each
MR-0012844,PO-0006176,MAT-PUMP-CAP,1453,each
MR-0012845,PO-0006177,MAT-SEAL,692,each
MR-0012846,PO-0006177,MAT-PUMP-CAP,692,each
MR-0012847,PO-0006178,MAT-PUMP-CAP,843,each
MR-0012848,PO-0006178,MAT-CARTON,841,each
MR-0012849,PO-0006179,MAT-BULK-CREAM,77.25,litre
MR-0012850,PO-0006179,MAT-SEAL,1010,each
MR-0012851,PO-0006180,MAT-SEAL,882,each
MR-0012852,PO-0006180,MAT-PUMP-CAP,885,each
MR-0012853,PO-0006181,MAT-PUMP-CAP,1020,each
MR-0012854,PO-0006181,MAT-CARTON,1052,each
MR-0012855,PO-0006182,MAT-SEAL,881,each
MR-0012856,PO-0006182,MAT-PUMP-CAP,890,each
MR-0012857,PO-0006183,MAT-PUMP-CAP,752,each
MR-0012858,PO-0006183,MAT-CARTON,724,each
MR-0012859,PO-0006184,MAT-SEAL,503,each
MR-0012860,PO-0006184,MAT-PUMP-CAP,510,each
MR-0012861,PO-0006185,MAT-CARTON,657,each
MR-0012862,PO-0006185,MAT-LABEL,653,each
MR-0012863,PO-0006186,MAT-BULK-CREAM,83.63,litre
MR-0012864,PO-0006186,MAT-SEAL,1036,each
MR-0012865,PO-0006187,MAT-LABEL,1069,each
MR-0012866,PO-0006187,MAT-BULK-CREAM,84.91,litre
MR-0012867,PO-0006188,MAT-SEAL,624,each
MR-0012868,PO-0006188,MAT-PUMP-CAP,650,each
MR-0012869,PO-0006189,MAT-PUMP-CAP,888,each
MR-0012870,PO-0006189,MAT-CARTON,862,each
MR-0012871,PO-0006190,MAT-SEAL,570,each
MR-0012872,PO-0006190,MAT-PUMP-CAP,591,each
MR-0012873,PO-0006191,MAT-PUMP-CAP,579,each
MR-0012874,PO-0006191,MAT-CARTON,575,each
MR-0012875,PO-0006192,MAT-CARTON,495,each
MR-0012876,PO-0006192,MAT-LABEL,497,each
MR-0012877,PO-0006193,MAT-LABEL,837,each
MR-0012878,PO-0006193,MAT-BULK-CREAM,67.5,litre
MR-0012879,PO-0006194,MAT-BULK-CREAM,47.99,litre
MR-0012880,PO-0006194,MAT-SEAL,608,each
MR-0012881,PO-0006195,MAT-SEAL,709,each
MR-0012882,PO-0006195,MAT-PUMP-CAP,739,each
MR-0012883,PO-0006196,MAT-PUMP-CAP,805,each
MR-0012884,PO-0006196,MAT-CARTON,790,each
MR-0012885,PO-0006197,MAT-LABEL,829,each
MR-0012886,PO-0006197,MAT-BULK-CREAM,66.86,litre
MR-0012887,PO-0006198,MAT-BULK-CREAM,52.94,litre
MR-0012888,PO-0006198,MAT-SEAL,665,each
MR-0012889,PO-0006199,MAT-PUMP-CAP,849,each
MR-0012890,PO-0006199,MAT-CARTON,849,each
MR-0012891,PO-0006200,MAT-CARTON,825,each
MR-0012892,PO-0006200,MAT-LABEL,814,each
MR-0012893,PO-0006201,MAT-BULK-CREAM,43.19,litre
MR-0012894,PO-0006201,MAT-SEAL,525,each
MR-0012895,PO-0006202,MAT-CARTON,661,each
MR-0012896,PO-0006202,MAT-LABEL,668,each
MR-0012897,PO-0006203,MAT-PUMP-CAP,550,each
MR-0012898,PO-0006203,MAT-CARTON,548,each
MR-0012899,PO-0006204,MAT-SEAL,499,each
MR-0012900,PO-0006204,MAT-PUMP-CAP,528,each
MR-0012901,PO-0006205,MAT-PUMP-CAP,690,each
MR-0012902,PO-0006205,MAT-CARTON,677,each
MR-0012903,PO-0006206,MAT-SEAL,584,each
MR-0012904,PO-0006206,MAT-PUMP-CAP,599,each
MR-0012905,PO-0006207,MAT-PUMP-CAP,1085,each
MR-0012906,PO-0006207,MAT-CARTON,1052,each
MR-0012907,PO-0006208,MAT-CARTON,692,each
MR-0012908,PO-0006208,MAT-LABEL,687,each
MR-0012909,PO-0006209,MAT-SEAL,1168,each
MR-0012910,PO-0006209,MAT-PUMP-CAP,1157,each
MR-0012911,PO-0006210,MAT-BULK-CREAM,43.92,litre
MR-0012912,PO-0006210,MAT-SEAL,552,each
MR-0012913,PO-0006211,MAT-SEAL,505,each
MR-0012914,PO-0006211,MAT-PUMP-CAP,517,each
MR-0012915,PO-0006212,MAT-PUMP-CAP,929,each
MR-0012916,PO-0006212,MAT-CARTON,894,each
MR-0012917,PO-0006213,MAT-CARTON,1096,each
MR-0012918,PO-0006213,MAT-LABEL,1065,each
MR-0012919,PO-0006214,MAT-LABEL,1413,each
MR-0012920,PO-0006214,MAT-BULK-CREAM,113.57,litre
MR-0012921,PO-0006214,MAT-SEAL,1433,each
MR-0012922,PO-0006215,MAT-BULK-CREAM,120.71,litre
MR-0012923,PO-0006215,MAT-SEAL,1549,each
MR-0012924,PO-0006215,MAT-PUMP-CAP,1517,each
MR-0012925,PO-0006216,MAT-SEAL,857,each
MR-0012926,PO-0006216,MAT-PUMP-CAP,894,each
MR-0012927,PO-0006217,MAT-CARTON,928,each
MR-0012928,PO-0006217,MAT-LABEL,910,each
MR-0012929,PO-0006218,MAT-CARTON,953,each
MR-0012930,PO-0006218,MAT-LABEL,925,each
MR-0012931,PO-0006219,MAT-LABEL,1164,each
MR-0012932,PO-0006219,MAT-BULK-CREAM,91.31,litre
MR-0012933,PO-0006220,MAT-BULK-CREAM,107.46,litre
MR-0012934,PO-0006220,MAT-SEAL,1341,each
MR-0012935,PO-0006221,MAT-SEAL,1071,each
MR-0012936,PO-0006221,MAT-PUMP-CAP,1082,each
MR-0012937,PO-0006222,MAT-SEAL,1382,each
MR-0012938,PO-0006222,MAT-PUMP-CAP,1406,each
MR-0012939,PO-0006223,MAT-CARTON,1512,each
MR-0012940,PO-0006223,MAT-LABEL,1480,each
MR-0012941,PO-0006223,MAT-BULK-CREAM,119.39,litre
MR-0012942,PO-0006224,MAT-BULK-CREAM,113.65,litre
MR-0012943,PO-0006224,MAT-SEAL,1408,each
MR-0012944,PO-0006224,MAT-PUMP-CAP,1398,each
MR-0012945,PO-0006225,MAT-BULK-CREAM,83.47,litre
MR-0012946,PO-0006225,MAT-SEAL,1048,each
MR-0012947,PO-0006226,MAT-CARTON,905,each
MR-0012948,PO-0006226,MAT-LABEL,887,each
MR-0012949,PO-0006227,MAT-PUMP-CAP,1505,each
MR-0012950,PO-0006227,MAT-CARTON,1450,each
MR-0012951,PO-0006227,MAT-LABEL,1404,each
MR-0012952,PO-0006228,MAT-CARTON,1074,each
MR-0012953,PO-0006228,MAT-LABEL,1057,each
MR-0012954,PO-0006229,MAT-BULK-CREAM,117.49,litre
MR-0012955,PO-0006229,MAT-SEAL,1472,each
MR-0012956,PO-0006229,MAT-PUMP-CAP,1500,each
MR-0012957,PO-0006230,MAT-BULK-CREAM,74.5,litre
MR-0012958,PO-0006230,MAT-SEAL,899,each
MR-0012959,PO-0006231,MAT-BULK-CREAM,88.48,litre
MR-0012960,PO-0006231,MAT-SEAL,1099,each
MR-0012961,PO-0006232,MAT-CARTON,710,each
MR-0012962,PO-0006232,MAT-LABEL,701,each
MR-0012963,PO-0006233,MAT-LABEL,819,each
MR-0012964,PO-0006233,MAT-BULK-CREAM,65.94,litre
MR-0012965,PO-0006234,MAT-BULK-CREAM,92.78,litre
MR-0012966,PO-0006234,MAT-SEAL,1166,each
MR-0012967,PO-0006235,MAT-SEAL,1091,each
MR-0012968,PO-0006235,MAT-PUMP-CAP,1114,each
MR-0012969,PO-0006236,MAT-PUMP-CAP,1078,each
MR-0012970,PO-0006236,MAT-CARTON,1032,each
MR-0012971,PO-0006237,MAT-CARTON,1332,each
MR-0012972,PO-0006237,MAT-LABEL,1365,each
MR-0012973,PO-0006238,MAT-BULK-CREAM,97.49,litre
MR-0012974,PO-0006238,MAT-SEAL,1197,each
MR-0012975,PO-0006239,MAT-BULK-CREAM,108.36,litre
MR-0012976,PO-0006239,MAT-SEAL,1325,each
MR-0012977,PO-0006240,MAT-SEAL,1064,each
MR-0012978,PO-0006240,MAT-PUMP-CAP,1085,each
MR-0012979,PO-0006241,MAT-BULK-CREAM,84.51,litre
MR-0012980,PO-0006241,MAT-SEAL,1059,each
MR-0012981,PO-0006242,MAT-LABEL,1165,each
MR-0012982,PO-0006242,MAT-BULK-CREAM,94.43,litre
MR-0012983,PO-0006243,MAT-PUMP-CAP,888,each
MR-0012984,PO-0006243,MAT-CARTON,879,each
MR-0012985,PO-0006244,MAT-CARTON,643,each
MR-0012986,PO-0006244,MAT-LABEL,632,each
MR-0012987,PO-0006245,MAT-SEAL,1424,each
MR-0012988,PO-0006245,MAT-PUMP-CAP,1489,each
MR-0012989,PO-0006245,MAT-CARTON,1467,each
MR-0012990,PO-0006246,MAT-BULK-CREAM,74.32,litre
MR-0012991,PO-0006246,MAT-SEAL,909,each
MR-0012992,PO-0006247,MAT-BULK-CREAM,76.45,litre
MR-0012993,PO-0006247,MAT-SEAL,953,each
MR-0012994,PO-0006248,MAT-SEAL,588,each
MR-0012995,PO-0006248,MAT-PUMP-CAP,609,each
MR-0012996,PO-0006249,MAT-PUMP-CAP,1078,each
MR-0012997,PO-0006249,MAT-CARTON,1072,each
MR-0012998,PO-0006250,MAT-LABEL,572,each
MR-0012999,PO-0006250,MAT-BULK-CREAM,46.12,litre
MR-0013000,PO-0006251,MAT-PUMP-CAP,1108,each
MR-0013001,PO-0006251,MAT-CARTON,1146,each
MR-0013002,PO-0006252,MAT-CARTON,662,each
MR-0013003,PO-0006252,MAT-LABEL,665,each
MR-0013004,PO-0006253,MAT-PUMP-CAP,1170,each
MR-0013005,PO-0006253,MAT-CARTON,1156,each
MR-0013006,PO-0006254,MAT-BULK-CREAM,59.6,litre
MR-0013007,PO-0006254,MAT-SEAL,729,each
MR-0013008,PO-0006255,MAT-SEAL,846,each
MR-0013009,PO-0006255,MAT-PUMP-CAP,843,each
MR-0013010,PO-0006256,MAT-PUMP-CAP,798,each
MR-0013011,PO-0006256,MAT-CARTON,785,each
MR-0013012,PO-0006257,MAT-CARTON,782,each
MR-0013013,PO-0006257,MAT-LABEL,759,each
MR-0013014,PO-0006258,MAT-LABEL,753,each
MR-0013015,PO-0006258,MAT-BULK-CREAM,61.74,litre
MR-0013016,PO-0006259,MAT-BULK-CREAM,56.52,litre
MR-0013017,PO-0006259,MAT-SEAL,696,each
MR-0013018,PO-0006260,MAT-BULK-CREAM,43.76,litre
MR-0013019,PO-0006260,MAT-SEAL,544,each
MR-0013020,PO-0006261,MAT-BULK-CREAM,67.77,litre
MR-0013021,PO-0006261,MAT-SEAL,848,each
MR-0013022,PO-0006262,MAT-BULK-CREAM,73.04,litre
MR-0013023,PO-0006262,MAT-SEAL,905,each
MR-0013024,PO-0006263,MAT-BULK-CREAM,57.18,litre
MR-0013025,PO-0006263,MAT-SEAL,726,each
MR-0013026,PO-0006264,MAT-CARTON,534,each
MR-0013027,PO-0006264,MAT-LABEL,541,each
MR-0013028,PO-0006265,MAT-SEAL,710,each
MR-0013029,PO-0006265,MAT-PUMP-CAP,720,each
MR-0013030,PO-0006266,MAT-PUMP-CAP,493,each
MR-0013031,PO-0006266,MAT-CARTON,488,each
MR-0013032,PO-0006267,MAT-CARTON,932,each
MR-0013033,PO-0006267,MAT-LABEL,900,each
MR-0013034,PO-0006268,MAT-BULK-CREAM,70.61,litre
MR-0013035,PO-0006268,MAT-SEAL,889,each
MR-0013036,PO-0006269,MAT-LABEL,898,each
MR-0013037,PO-0006269,MAT-BULK-CREAM,73.3,litre
MR-0013038,PO-0006270,MAT-SEAL,497,each
MR-0013039,PO-0006270,MAT-PUMP-CAP,502,each
MR-0013040,PO-0006271,MAT-SEAL,509,each
MR-0013041,PO-0006271,MAT-PUMP-CAP,512,each
MR-0013042,PO-0006272,MAT-PUMP-CAP,862,each
MR-0013043,PO-0006272,MAT-CARTON,870,each
MR-0013044,PO-0006273,MAT-CARTON,1073,each
MR-0013045,PO-0006273,MAT-LABEL,1044,each
MR-0013046,PO-0006274,MAT-LABEL,776,each
MR-0013047,PO-0006274,MAT-BULK-CREAM,60.58,litre
MR-0013048,PO-0006275,MAT-BULK-CREAM,71.82,litre
MR-0013049,PO-0006275,MAT-SEAL,899,each
MR-0013050,PO-0006276,MAT-SEAL,491,each
MR-0013051,PO-0006276,MAT-PUMP-CAP,500,each
MR-0013052,PO-0006277,MAT-PUMP-CAP,533,each
MR-0013053,PO-0006277,MAT-CARTON,547,each
MR-0013054,PO-0006278,MAT-LABEL,1030,each
MR-0013055,PO-0006278,MAT-BULK-CREAM,83.58,litre
MR-0013056,PO-0006279,MAT-BULK-CREAM,107.73,litre
MR-0013057,PO-0006279,MAT-SEAL,1316,each
MR-0013058,PO-0006280,MAT-BULK-CREAM,65.85,litre
MR-0013059,PO-0006280,MAT-SEAL,839,each
MR-0013060,PO-0006281,MAT-SEAL,921,each
MR-0013061,PO-0006281,MAT-PUMP-CAP,935,each
MR-0013062,PO-0006282,MAT-PUMP-CAP,1374,each
MR-0013063,PO-0006282,MAT-CARTON,1346,each
MR-0013064,PO-0006283,MAT-LABEL,1564,each
MR-0013065,PO-0006283,MAT-BULK-CREAM,124.8,litre
MR-0013066,PO-0006283,MAT-SEAL,1611,each
MR-0013067,PO-0006284,MAT-LABEL,1397,each
MR-0013068,PO-0006284,MAT-BULK-CREAM,111.32,litre
MR-0013069,PO-0006284,MAT-SEAL,1413,each
MR-0013070,PO-0006285,MAT-BULK-CREAM,130.28,litre
MR-0013071,PO-0006285,MAT-SEAL,1598,each
MR-0013072,PO-0006285,MAT-PUMP-CAP,1626,each
MR-0013073,PO-0006286,MAT-PUMP-CAP,1317,each
MR-0013074,PO-0006286,MAT-CARTON,1296,each
MR-0013075,PO-0006287,MAT-BULK-CREAM,87.14,litre
MR-0013076,PO-0006287,MAT-SEAL,1090,each
MR-0013077,PO-0006288,MAT-CARTON,724,each
MR-0013078,PO-0006288,MAT-LABEL,730,each
MR-0013079,PO-0006289,MAT-BULK-CREAM,72.98,litre
MR-0013080,PO-0006289,MAT-SEAL,914,each
MR-0013081,PO-0006290,MAT-BULK-CREAM,57.11,litre
MR-0013082,PO-0006290,MAT-SEAL,731,each
MR-0013083,PO-0006291,MAT-SEAL,739,each
MR-0013084,PO-0006291,MAT-PUMP-CAP,787,each
MR-0013085,PO-0006292,MAT-PUMP-CAP,1514,each
MR-0013086,PO-0006292,MAT-CARTON,1458,each
MR-0013087,PO-0006292,MAT-LABEL,1436,each
MR-0013088,PO-0006293,MAT-CARTON,1242,each
MR-0013089,PO-0006293,MAT-LABEL,1227,each
MR-0013090,PO-0006294,MAT-CARTON,832,each
MR-0013091,PO-0006294,MAT-LABEL,815,each
MR-0013092,PO-0006295,MAT-SEAL,1342,each
MR-0013093,PO-0006295,MAT-PUMP-CAP,1331,each
MR-0013094,PO-0006296,MAT-PUMP-CAP,922,each
MR-0013095,PO-0006296,MAT-CARTON,863,each
MR-0013096,PO-0006297,MAT-CARTON,967,each
MR-0013097,PO-0006297,MAT-LABEL,975,each
MR-0013098,PO-0006298,MAT-LABEL,1134,each
MR-0013099,PO-0006298,MAT-BULK-CREAM,91.74,litre
MR-0013100,PO-0006299,MAT-BULK-CREAM,64.77,litre
MR-0013101,PO-0006299,MAT-SEAL,846,each
MR-0013102,PO-0006300,MAT-SEAL,678,each
MR-0013103,PO-0006300,MAT-PUMP-CAP,659,each
MR-0013104,PO-0006301,MAT-PUMP-CAP,721,each
MR-0013105,PO-0006301,MAT-CARTON,710,each
MR-0013106,PO-0006302,MAT-BULK-CREAM,96.79,litre
MR-0013107,PO-0006302,MAT-SEAL,1174,each
MR-0013108,PO-0006303,MAT-PUMP-CAP,1231,each
MR-0013109,PO-0006303,MAT-CARTON,1211,each
MR-0013110,PO-0006304,MAT-BULK-CREAM,104.93,litre
MR-0013111,PO-0006304,MAT-SEAL,1320,each
MR-0013112,PO-0006305,MAT-SEAL,1136,each
MR-0013113,PO-0006305,MAT-PUMP-CAP,1188,each
MR-0013114,PO-0006306,MAT-PUMP-CAP,973,each
MR-0013115,PO-0006306,MAT-CARTON,944,each
MR-0013116,PO-0006307,MAT-SEAL,1062,each
MR-0013117,PO-0006307,MAT-PUMP-CAP,1088,each
MR-0013118,PO-0006308,MAT-LABEL,983,each
MR-0013119,PO-0006308,MAT-BULK-CREAM,80.68,litre
MR-0013120,PO-0006309,MAT-BULK-CREAM,52.6,litre
MR-0013121,PO-0006309,MAT-SEAL,645,each
MR-0013122,PO-0006310,MAT-SEAL,595,each
MR-0013123,PO-0006310,MAT-PUMP-CAP,598,each
MR-0013124,PO-0006311,MAT-CARTON,1143,each
MR-0013125,PO-0006311,MAT-LABEL,1180,each
MR-0013126,PO-0006312,MAT-LABEL,976,each
MR-0013127,PO-0006312,MAT-BULK-CREAM,76.76,litre
MR-0013128,PO-0006313,MAT-LABEL,759,each
MR-0013129,PO-0006313,MAT-BULK-CREAM,61.88,litre
MR-0013130,PO-0006314,MAT-CARTON,570,each
MR-0013131,PO-0006314,MAT-LABEL,599,each
MR-0013132,PO-0006315,MAT-CARTON,1002,each
MR-0013133,PO-0006315,MAT-LABEL,978,each
MR-0013134,PO-0006316,MAT-BULK-CREAM,52.16,litre
MR-0013135,PO-0006316,MAT-SEAL,631,each
MR-0013136,PO-0006317,MAT-LABEL,1245,each
MR-0013137,PO-0006317,MAT-BULK-CREAM,98.39,litre
MR-0013138,PO-0006318,MAT-LABEL,673,each
MR-0013139,PO-0006318,MAT-BULK-CREAM,53.32,litre
MR-0013140,PO-0006319,MAT-BULK-CREAM,35.56,litre
MR-0013141,PO-0006319,MAT-SEAL,445,each
MR-0013142,PO-0006320,MAT-SEAL,780,each
MR-0013143,PO-0006320,MAT-PUMP-CAP,806,each
MR-0013144,PO-0006321,MAT-PUMP-CAP,938,each
MR-0013145,PO-0006321,MAT-CARTON,878,each
MR-0013146,PO-0006322,MAT-CARTON,531,each
MR-0013147,PO-0006322,MAT-LABEL,531,each
MR-0013148,PO-0006323,MAT-LABEL,520,each
MR-0013149,PO-0006323,MAT-BULK-CREAM,41.82,litre
MR-0013150,PO-0006324,MAT-BULK-CREAM,67.05,litre
MR-0013151,PO-0006324,MAT-SEAL,848,each
MR-0013152,PO-0006325,MAT-CARTON,608,each
MR-0013153,PO-0006325,MAT-LABEL,608,each
MR-0013154,PO-0006326,MAT-LABEL,622,each
MR-0013155,PO-0006326,MAT-BULK-CREAM,49.81,litre
MR-0013156,PO-0006327,MAT-CARTON,868,each
MR-0013157,PO-0006327,MAT-LABEL,862,each
MR-0013158,PO-0006328,MAT-LABEL,567,each
MR-0013159,PO-0006328,MAT-BULK-CREAM,43.62,litre
MR-0013160,PO-0006329,MAT-BULK-CREAM,75.11,litre
MR-0013161,PO-0006329,MAT-SEAL,914,each
MR-0013162,PO-0006330,MAT-LABEL,952,each
MR-0013163,PO-0006330,MAT-BULK-CREAM,77.94,litre
MR-0013164,PO-0006331,MAT-BULK-CREAM,55.4,litre
MR-0013165,PO-0006331,MAT-SEAL,691,each
MR-0013166,PO-0006332,MAT-SEAL,951,each
MR-0013167,PO-0006332,MAT-PUMP-CAP,974,each
MR-0013168,PO-0006333,MAT-SEAL,851,each
MR-0013169,PO-0006333,MAT-PUMP-CAP,874,each
MR-0013170,PO-0006334,MAT-SEAL,954,each
MR-0013171,PO-0006334,MAT-PUMP-CAP,991,each
MR-0013172,PO-0006335,MAT-BULK-CREAM,73.08,litre
MR-0013173,PO-0006335,MAT-SEAL,913,each
MR-0013174,PO-0006336,MAT-SEAL,791,each
MR-0013175,PO-0006336,MAT-PUMP-CAP,796,each
MR-0013176,PO-0006337,MAT-CARTON,1044,each
MR-0013177,PO-0006337,MAT-LABEL,1016,each
MR-0013178,PO-0006338,MAT-CARTON,766,each
MR-0013179,PO-0006338,MAT-LABEL,750,each
MR-0013180,PO-0006339,MAT-LABEL,1032,each
MR-0013181,PO-0006339,MAT-BULK-CREAM,81.41,litre
MR-0013182,PO-0006340,MAT-BULK-CREAM,57.37,litre
MR-0013183,PO-0006340,MAT-SEAL,702,each
MR-0013184,PO-0006341,MAT-SEAL,602,each
MR-0013185,PO-0006341,MAT-PUMP-CAP,632,each
MR-0013186,PO-0006342,MAT-PUMP-CAP,1470,each
MR-0013187,PO-0006342,MAT-CARTON,1446,each
MR-0013188,PO-0006342,MAT-LABEL,1430,each
MR-0013189,PO-0006343,MAT-SEAL,1247,each
MR-0013190,PO-0006343,MAT-PUMP-CAP,1290,each
MR-0013191,PO-0006344,MAT-BULK-CREAM,79.65,litre
MR-0013192,PO-0006344,MAT-SEAL,1004,each
MR-0013193,PO-0006345,MAT-BULK-CREAM,109.67,litre
MR-0013194,PO-0006345,MAT-SEAL,1385,each
MR-0013195,PO-0006346,MAT-PUMP-CAP,1211,each
MR-0013196,PO-0006346,MAT-CARTON,1175,each
MR-0013197,PO-0006347,MAT-PUMP-CAP,1009,each
MR-0013198,PO-0006347,MAT-CARTON,999,each
MR-0013199,PO-0006348,MAT-SEAL,879,each
MR-0013200,PO-0006348,MAT-PUMP-CAP,937,each
MR-0013201,PO-0006349,MAT-LABEL,1442,each
MR-0013202,PO-0006349,MAT-BULK-CREAM,115.05,litre
MR-0013203,PO-0006349,MAT-SEAL,1397,each
MR-0013204,PO-0006350,MAT-BULK-CREAM,92.85,litre
MR-0013205,PO-0006350,MAT-SEAL,1200,each
MR-0013206,PO-0006351,MAT-PUMP-CAP,1324,each
MR-0013207,PO-0006351,MAT-CARTON,1296,each
MR-0013208,PO-0006352,MAT-BULK-CREAM,128.18,litre
MR-0013209,PO-0006352,MAT-SEAL,1597,each
MR-0013210,PO-0006352,MAT-PUMP-CAP,1581,each
MR-0013211,PO-0006353,MAT-CARTON,1034,each
MR-0013212,PO-0006353,MAT-LABEL,985,each
MR-0013213,PO-0006354,MAT-LABEL,1483,each
MR-0013214,PO-0006354,MAT-BULK-CREAM,122.11,litre
MR-0013215,PO-0006354,MAT-SEAL,1517,each
MR-0013216,PO-0006355,MAT-BULK-CREAM,101.27,litre
MR-0013217,PO-0006355,MAT-SEAL,1305,each
MR-0013218,PO-0006356,MAT-PUMP-CAP,1346,each
MR-0013219,PO-0006356,MAT-CARTON,1347,each
MR-0013220,PO-0006357,MAT-PUMP-CAP,1481,each
MR-0013221,PO-0006357,MAT-CARTON,1486,each
MR-0013222,PO-0006357,MAT-LABEL,1481,each
MR-0013223,PO-0006358,MAT-SEAL,827,each
MR-0013224,PO-0006358,MAT-PUMP-CAP,815,each
MR-0013225,PO-0006359,MAT-CARTON,712,each
MR-0013226,PO-0006359,MAT-LABEL,706,each
MR-0013227,PO-0006360,MAT-PUMP-CAP,746,each
MR-0013228,PO-0006360,MAT-CARTON,732,each
MR-0013229,PO-0006361,MAT-PUMP-CAP,1007,each
MR-0013230,PO-0006361,MAT-CARTON,996,each
MR-0013231,PO-0006362,MAT-CARTON,1371,each
MR-0013232,PO-0006362,MAT-LABEL,1313,each
MR-0013233,PO-0006363,MAT-LABEL,1265,each
MR-0013234,PO-0006363,MAT-BULK-CREAM,99.29,litre
MR-0013235,PO-0006364,MAT-SEAL,1199,each
MR-0013236,PO-0006364,MAT-PUMP-CAP,1193,each
MR-0013237,PO-0006365,MAT-SEAL,978,each
MR-0013238,PO-0006365,MAT-PUMP-CAP,976,each
MR-0013239,PO-0006366,MAT-CARTON,1204,each
MR-0013240,PO-0006366,MAT-LABEL,1199,each
MR-0013241,PO-0006367,MAT-CARTON,769,each
MR-0013242,PO-0006367,MAT-LABEL,764,each
MR-0013243,PO-0006368,MAT-BULK-CREAM,78.28,litre
MR-0013244,PO-0006368,MAT-SEAL,1000,each
MR-0013245,PO-0006369,MAT-CARTON,1039,each
MR-0013246,PO-0006369,MAT-LABEL,1021,each
MR-0013247,PO-0006370,MAT-SEAL,927,each
MR-0013248,PO-0006370,MAT-PUMP-CAP,938,each
MR-0013249,PO-0006371,MAT-PUMP-CAP,737,each
MR-0013250,PO-0006371,MAT-CARTON,733,each
MR-0013251,PO-0006372,MAT-CARTON,1503,each
MR-0013252,PO-0006372,MAT-LABEL,1466,each
MR-0013253,PO-0006372,MAT-BULK-CREAM,119.94,litre
MR-0013254,PO-0006373,MAT-SEAL,676,each
MR-0013255,PO-0006373,MAT-PUMP-CAP,687,each
MR-0013256,PO-0006374,MAT-PUMP-CAP,944,each
MR-0013257,PO-0006374,MAT-CARTON,915,each
MR-0013258,PO-0006375,MAT-CARTON,792,each
MR-0013259,PO-0006375,MAT-LABEL,804,each
MR-0013260,PO-0006376,MAT-LABEL,839,each
MR-0013261,PO-0006376,MAT-BULK-CREAM,68.54,litre
MR-0013262,PO-0006377,MAT-LABEL,1018,each
MR-0013263,PO-0006377,MAT-BULK-CREAM,81.26,litre
MR-0013264,PO-0006378,MAT-BULK-CREAM,55.02,litre
MR-0013265,PO-0006378,MAT-SEAL,695,each
MR-0013266,PO-0006379,MAT-PUMP-CAP,868,each
MR-0013267,PO-0006379,MAT-CARTON,862,each
MR-0013268,PO-0006380,MAT-LABEL,629,each
MR-0013269,PO-0006380,MAT-BULK-CREAM,51.76,litre
MR-0013270,PO-0006381,MAT-BULK-CREAM,63.45,litre
MR-0013271,PO-0006381,MAT-SEAL,809,each
MR-0013272,PO-0006382,MAT-SEAL,894,each
MR-0013273,PO-0006382,MAT-PUMP-CAP,909,each
MR-0013274,PO-0006383,MAT-LABEL,564,each
MR-0013275,PO-0006383,MAT-BULK-CREAM,43.8,litre
MR-0013276,PO-0006384,MAT-BULK-CREAM,47.21,litre
MR-0013277,PO-0006384,MAT-SEAL,567,each
MR-0013278,PO-0006385,MAT-SEAL,485,each
MR-0013279,PO-0006385,MAT-PUMP-CAP,504,each
MR-0013280,PO-0006386,MAT-PUMP-CAP,565,each
MR-0013281,PO-0006386,MAT-CARTON,563,each
MR-0013282,PO-0006387,MAT-CARTON,707,each
MR-0013283,PO-0006387,MAT-LABEL,688,each
MR-0013284,PO-0006388,MAT-LABEL,767,each
MR-0013285,PO-0006388,MAT-BULK-CREAM,62.38,litre
MR-0013286,PO-0006389,MAT-BULK-CREAM,49.46,litre
MR-0013287,PO-0006389,MAT-SEAL,626,each
MR-0013288,PO-0006390,MAT-SEAL,460,each
MR-0013289,PO-0006390,MAT-PUMP-CAP,455,each
MR-0013290,PO-0006391,MAT-CARTON,447,each
MR-0013291,PO-0006391,MAT-LABEL,456,each
MR-0013292,PO-0006392,MAT-BULK-CREAM,70.24,litre
MR-0013293,PO-0006392,MAT-SEAL,899,each
MR-0013294,PO-0006393,MAT-BULK-CREAM,52.4,litre
MR-0013295,PO-0006393,MAT-SEAL,650,each
MR-0013296,PO-0006394,MAT-PUMP-CAP,468,each
MR-0013297,PO-0006394,MAT-CARTON,469,each
MR-0013298,PO-0006395,MAT-LABEL,795,each
MR-0013299,PO-0006395,MAT-BULK-CREAM,62.84,litre
MR-0013300,PO-0006396,MAT-BULK-CREAM,77.15,litre
MR-0013301,PO-0006396,MAT-SEAL,969,each
MR-0013302,PO-0006397,MAT-PUMP-CAP,930,each
MR-0013303,PO-0006397,MAT-CARTON,907,each
MR-0013304,PO-0006398,MAT-LABEL,993,each
MR-0013305,PO-0006398,MAT-BULK-CREAM,78.28,litre
MR-0013306,PO-0006399,MAT-LABEL,524,each
MR-0013307,PO-0006399,MAT-BULK-CREAM,42.46,litre
MR-0013308,PO-0006400,MAT-BULK-CREAM,75.48,litre
MR-0013309,PO-0006400,MAT-SEAL,946,each
MR-0013310,PO-0006401,MAT-SEAL,642,each
MR-0013311,PO-0006401,MAT-PUMP-CAP,652,each
MR-0013312,PO-0006402,MAT-PUMP-CAP,902,each
MR-0013313,PO-0006402,MAT-CARTON,884,each
MR-0013314,PO-0006403,MAT-CARTON,732,each
MR-0013315,PO-0006403,MAT-LABEL,753,each
MR-0013316,PO-0006404,MAT-BULK-CREAM,62.21,litre
MR-0013317,PO-0006404,MAT-SEAL,791,each
MR-0013318,PO-0006405,MAT-BULK-CREAM,40.42,litre
MR-0013319,PO-0006405,MAT-SEAL,504,each
MR-0013320,PO-0006406,MAT-SEAL,1335,each
MR-0013321,PO-0006406,MAT-PUMP-CAP,1390,each
MR-0013322,PO-0006407,MAT-PUMP-CAP,927,each
MR-0013323,PO-0006407,MAT-CARTON,919,each
MR-0013324,PO-0006408,MAT-CARTON,1526,each
MR-0013325,PO-0006408,MAT-LABEL,1501,each
MR-0013326,PO-0006408,MAT-BULK-CREAM,120.88,litre
MR-0013327,PO-0006409,MAT-LABEL,1244,each
MR-0013328,PO-0006409,MAT-BULK-CREAM,98.29,litre
MR-0013329,PO-0006410,MAT-BULK-CREAM,94.44,litre
MR-0013330,PO-0006410,MAT-SEAL,1184,each
MR-0013331,PO-0006411,MAT-SEAL,1264,each
MR-0013332,PO-0006411,MAT-PUMP-CAP,1267,each
MR-0013333,PO-0006412,MAT-BULK-CREAM,117.74,litre
MR-0013334,PO-0006412,MAT-SEAL,1490,each
MR-0013335,PO-0006412,MAT-PUMP-CAP,1497,each
MR-0013336,PO-0006413,MAT-CARTON,1284,each
MR-0013337,PO-0006413,MAT-LABEL,1312,each
MR-0013338,PO-0006414,MAT-LABEL,1125,each
MR-0013339,PO-0006414,MAT-BULK-CREAM,88,litre
MR-0013340,PO-0006415,MAT-LABEL,750,each
MR-0013341,PO-0006415,MAT-BULK-CREAM,62.7,litre
MR-0013342,PO-0006416,MAT-SEAL,1446,each
MR-0013343,PO-0006416,MAT-PUMP-CAP,1465,each
MR-0013344,PO-0006416,MAT-CARTON,1436,each
MR-0013345,PO-0006417,MAT-PUMP-CAP,709,each
MR-0013346,PO-0006417,MAT-CARTON,684,each
MR-0013347,PO-0006418,MAT-CARTON,732,each
MR-0013348,PO-0006418,MAT-LABEL,704,each
MR-0013349,PO-0006419,MAT-LABEL,900,each
MR-0013350,PO-0006419,MAT-BULK-CREAM,71.22,litre
MR-0013351,PO-0006420,MAT-CARTON,997,each
MR-0013352,PO-0006420,MAT-LABEL,995,each
MR-0013353,PO-0006421,MAT-SEAL,680,each
MR-0013354,PO-0006421,MAT-PUMP-CAP,700,each
MR-0013355,PO-0006422,MAT-PUMP-CAP,1248,each
MR-0013356,PO-0006422,MAT-CARTON,1234,each
MR-0013357,PO-0006423,MAT-CARTON,1105,each
MR-0013358,PO-0006423,MAT-LABEL,1058,each
MR-0013359,PO-0006424,MAT-PUMP-CAP,1206,each
MR-0013360,PO-0006424,MAT-CARTON,1178,each
MR-0013361,PO-0006425,MAT-LABEL,1099,each
MR-0013362,PO-0006425,MAT-BULK-CREAM,89.99,litre
MR-0013363,PO-0006426,MAT-PUMP-CAP,1234,each
MR-0013364,PO-0006426,MAT-CARTON,1212,each
MR-0013365,PO-0006427,MAT-CARTON,1154,each
MR-0013366,PO-0006427,MAT-LABEL,1159,each
MR-0013367,PO-0006428,MAT-LABEL,1131,each
MR-0013368,PO-0006428,MAT-BULK-CREAM,90.33,litre
MR-0013369,PO-0006429,MAT-BULK-CREAM,53.03,litre
MR-0013370,PO-0006429,MAT-SEAL,676,each
MR-0013371,PO-0006430,MAT-CARTON,906,each
MR-0013372,PO-0006430,MAT-LABEL,902,each
MR-0013373,PO-0006431,MAT-CARTON,1057,each
MR-0013374,PO-0006431,MAT-LABEL,1039,each
MR-0013375,PO-0006432,MAT-CARTON,1146,each
MR-0013376,PO-0006432,MAT-LABEL,1142,each
MR-0013377,PO-0006433,MAT-PUMP-CAP,1245,each
MR-0013378,PO-0006433,MAT-CARTON,1224,each
MR-0013379,PO-0006434,MAT-CARTON,1134,each
MR-0013380,PO-0006434,MAT-LABEL,1182,each
MR-0013381,PO-0006435,MAT-SEAL,647,each
MR-0013382,PO-0006435,MAT-PUMP-CAP,656,each
MR-0013383,PO-0006436,MAT-BULK-CREAM,97.92,litre
MR-0013384,PO-0006436,MAT-SEAL,1234,each
MR-0013385,PO-0006437,MAT-CARTON,816,each
MR-0013386,PO-0006437,MAT-LABEL,773,each
MR-0013387,PO-0006438,MAT-LABEL,1107,each
MR-0013388,PO-0006438,MAT-BULK-CREAM,90.97,litre
MR-0013389,PO-0006439,MAT-PUMP-CAP,1109,each
MR-0013390,PO-0006439,MAT-CARTON,1097,each
MR-0013391,PO-0006440,MAT-SEAL,1049,each
MR-0013392,PO-0006440,MAT-PUMP-CAP,1098,each
MR-0013393,PO-0006441,MAT-BULK-CREAM,65.11,litre
MR-0013394,PO-0006441,MAT-SEAL,788,each
MR-0013395,PO-0006442,MAT-LABEL,764,each
MR-0013396,PO-0006442,MAT-BULK-CREAM,61.67,litre
MR-0013397,PO-0006443,MAT-PUMP-CAP,1132,each
MR-0013398,PO-0006443,MAT-CARTON,1104,each
MR-0013399,PO-0006444,MAT-BULK-CREAM,60.76,litre
MR-0013400,PO-0006444,MAT-SEAL,758,each
MR-0013401,PO-0006445,MAT-SEAL,1126,each
MR-0013402,PO-0006445,MAT-PUMP-CAP,1109,each
MR-0013403,PO-0006446,MAT-LABEL,1013,each
MR-0013404,PO-0006446,MAT-BULK-CREAM,82.73,litre
MR-0013405,PO-0006447,MAT-CARTON,558,each
MR-0013406,PO-0006447,MAT-LABEL,536,each
MR-0013407,PO-0006448,MAT-BULK-CREAM,49.1,litre
MR-0013408,PO-0006448,MAT-SEAL,608,each
MR-0013409,PO-0006449,MAT-BULK-CREAM,72.86,litre
MR-0013410,PO-0006449,MAT-SEAL,914,each
MR-0013411,PO-0006450,MAT-SEAL,868,each
MR-0013412,PO-0006450,MAT-PUMP-CAP,888,each
MR-0013413,PO-0006451,MAT-LABEL,864,each
MR-0013414,PO-0006451,MAT-BULK-CREAM,69.33,litre
MR-0013415,PO-0006452,MAT-CARTON,517,each
MR-0013416,PO-0006452,MAT-LABEL,521,each
MR-0013417,PO-0006453,MAT-LABEL,570,each
MR-0013418,PO-0006453,MAT-BULK-CREAM,44.89,litre
MR-0013419,PO-0006454,MAT-SEAL,577,each
MR-0013420,PO-0006454,MAT-PUMP-CAP,585,each
MR-0013421,PO-0006455,MAT-CARTON,615,each
MR-0013422,PO-0006455,MAT-LABEL,594,each
MR-0013423,PO-0006456,MAT-PUMP-CAP,483,each
MR-0013424,PO-0006456,MAT-CARTON,488,each
MR-0013425,PO-0006457,MAT-LABEL,446,each
MR-0013426,PO-0006457,MAT-BULK-CREAM,35.29,litre
MR-0013427,PO-0006458,MAT-PUMP-CAP,632,each
MR-0013428,PO-0006458,MAT-CARTON,592,each
MR-0013429,PO-0006459,MAT-BULK-CREAM,55.26,litre
MR-0013430,PO-0006459,MAT-SEAL,690,each
MR-0013431,PO-0006460,MAT-LABEL,906,each
MR-0013432,PO-0006460,MAT-BULK-CREAM,75.26,litre
MR-0013433,PO-0006461,MAT-BULK-CREAM,67.67,litre
MR-0013434,PO-0006461,MAT-SEAL,828,each
MR-0013435,PO-0006462,MAT-SEAL,735,each
MR-0013436,PO-0006462,MAT-PUMP-CAP,755,each
MR-0013437,PO-0006463,MAT-CARTON,1072,each
MR-0013438,PO-0006463,MAT-LABEL,1084,each
MR-0013439,PO-0006464,MAT-LABEL,881,each
MR-0013440,PO-0006464,MAT-BULK-CREAM,69.34,litre
MR-0013441,PO-0006465,MAT-BULK-CREAM,38.89,litre
MR-0013442,PO-0006465,MAT-SEAL,485,each
MR-0013443,PO-0006466,MAT-SEAL,992,each
MR-0013444,PO-0006466,MAT-PUMP-CAP,1004,each
MR-0013445,PO-0006467,MAT-PUMP-CAP,1167,each
MR-0013446,PO-0006467,MAT-CARTON,1134,each
MR-0013447,PO-0006468,MAT-CARTON,584,each
MR-0013448,PO-0006468,MAT-LABEL,579,each
MR-0013449,PO-0006469,MAT-LABEL,1129,each
MR-0013450,PO-0006469,MAT-BULK-CREAM,87.62,litre
MR-0013451,PO-0006470,MAT-SEAL,637,each
MR-0013452,PO-0006470,MAT-PUMP-CAP,623,each
MR-0013453,PO-0006471,MAT-SEAL,1028,each
MR-0013454,PO-0006471,MAT-PUMP-CAP,1045,each
MR-0013455,PO-0006472,MAT-PUMP-CAP,1341,each
MR-0013456,PO-0006472,MAT-CARTON,1329,each
MR-0013457,PO-0006473,MAT-LABEL,1250,each
MR-0013458,PO-0006473,MAT-BULK-CREAM,98.26,litre
MR-0013459,PO-0006474,MAT-PUMP-CAP,783,each
MR-0013460,PO-0006474,MAT-CARTON,785,each
MR-0013461,PO-0006475,MAT-PUMP-CAP,850,each
MR-0013462,PO-0006475,MAT-CARTON,848,each
MR-0013463,PO-0006476,MAT-SEAL,1266,each
MR-0013464,PO-0006476,MAT-PUMP-CAP,1289,each
MR-0013465,PO-0006477,MAT-CARTON,1144,each
MR-0013466,PO-0006477,MAT-LABEL,1098,each
MR-0013467,PO-0006478,MAT-CARTON,1187,each
MR-0013468,PO-0006478,MAT-LABEL,1168,each
MR-0013469,PO-0006479,MAT-LABEL,1007,each
MR-0013470,PO-0006479,MAT-BULK-CREAM,84.22,litre
MR-0013471,PO-0006480,MAT-BULK-CREAM,105.98,litre
MR-0013472,PO-0006480,MAT-SEAL,1377,each
MR-0013473,PO-0006481,MAT-SEAL,1248,each
MR-0013474,PO-0006481,MAT-PUMP-CAP,1291,each
MR-0013475,PO-0006482,MAT-PUMP-CAP,960,each
MR-0013476,PO-0006482,MAT-CARTON,942,each
MR-0013477,PO-0006483,MAT-CARTON,1210,each
MR-0013478,PO-0006483,MAT-LABEL,1248,each
MR-0013479,PO-0006484,MAT-LABEL,1352,each
MR-0013480,PO-0006484,MAT-BULK-CREAM,104.5,litre
MR-0013481,PO-0006485,MAT-BULK-CREAM,75.53,litre
MR-0013482,PO-0006485,MAT-SEAL,959,each
MR-0013483,PO-0006486,MAT-SEAL,885,each
MR-0013484,PO-0006486,MAT-PUMP-CAP,892,each
MR-0013485,PO-0006487,MAT-SEAL,684,each
MR-0013486,PO-0006487,MAT-PUMP-CAP,728,each
MR-0013487,PO-0006488,MAT-CARTON,1333,each
MR-0013488,PO-0006488,MAT-LABEL,1295,each
MR-0013489,PO-0006489,MAT-BULK-CREAM,77.02,litre
MR-0013490,PO-0006489,MAT-SEAL,994,each
MR-0013491,PO-0006490,MAT-LABEL,1116,each
MR-0013492,PO-0006490,MAT-BULK-CREAM,92.89,litre
MR-0013493,PO-0006491,MAT-BULK-CREAM,57.45,litre
MR-0013494,PO-0006491,MAT-SEAL,744,each
MR-0013495,PO-0006492,MAT-BULK-CREAM,89.07,litre
MR-0013496,PO-0006492,MAT-SEAL,1117,each
MR-0013497,PO-0006493,MAT-LABEL,759,each
MR-0013498,PO-0006493,MAT-BULK-CREAM,59.35,litre
MR-0013499,PO-0006494,MAT-BULK-CREAM,77.41,litre
MR-0013500,PO-0006494,MAT-SEAL,981,each
MR-0013501,PO-0006495,MAT-SEAL,1067,each
MR-0013502,PO-0006495,MAT-PUMP-CAP,1067,each
MR-0013503,PO-0006496,MAT-PUMP-CAP,1437,each
MR-0013504,PO-0006496,MAT-CARTON,1380,each
MR-0013505,PO-0006497,MAT-BULK-CREAM,110.97,litre
MR-0013506,PO-0006497,MAT-SEAL,1372,each
MR-0013507,PO-0006498,MAT-SEAL,753,each
MR-0013508,PO-0006498,MAT-PUMP-CAP,787,each
MR-0013509,PO-0006499,MAT-SEAL,1482,each
MR-0013510,PO-0006499,MAT-PUMP-CAP,1503,each
MR-0013511,PO-0006499,MAT-CARTON,1460,each
MR-0013512,PO-0006500,MAT-SEAL,712,each
MR-0013513,PO-0006500,MAT-PUMP-CAP,756,each
MR-0013514,PO-0006501,MAT-PUMP-CAP,1127,each
MR-0013515,PO-0006501,MAT-CARTON,1133,each
MR-0013516,PO-0006502,MAT-CARTON,836,each
MR-0013517,PO-0006502,MAT-LABEL,827,each
MR-0013518,PO-0006503,MAT-BULK-CREAM,105.36,litre
MR-0013519,PO-0006503,MAT-SEAL,1291,each
MR-0013520,PO-0006504,MAT-BULK-CREAM,92.29,litre
MR-0013521,PO-0006504,MAT-SEAL,1180,each
MR-0013522,PO-0006505,MAT-SEAL,806,each
MR-0013523,PO-0006505,MAT-PUMP-CAP,853,each
MR-0013524,PO-0006506,MAT-CARTON,794,each
MR-0013525,PO-0006506,MAT-LABEL,774,each
MR-0013526,PO-0006507,MAT-LABEL,1057,each
MR-0013527,PO-0006507,MAT-BULK-CREAM,85.15,litre
MR-0013528,PO-0006508,MAT-SEAL,791,each
MR-0013529,PO-0006508,MAT-PUMP-CAP,812,each
MR-0013530,PO-0006509,MAT-CARTON,1225,each
MR-0013531,PO-0006509,MAT-LABEL,1218,each
MR-0013532,PO-0006510,MAT-PUMP-CAP,987,each
MR-0013533,PO-0006510,MAT-CARTON,944,each
MR-0013534,PO-0006511,MAT-CARTON,621,each
MR-0013535,PO-0006511,MAT-LABEL,612,each
MR-0013536,PO-0006512,MAT-CARTON,729,each
MR-0013537,PO-0006512,MAT-LABEL,714,each
MR-0013538,PO-0006513,MAT-LABEL,454,each
MR-0013539,PO-0006513,MAT-BULK-CREAM,36.65,litre
MR-0013540,PO-0006514,MAT-BULK-CREAM,60.85,litre
MR-0013541,PO-0006514,MAT-SEAL,790,each
MR-0013542,PO-0006515,MAT-SEAL,638,each
MR-0013543,PO-0006515,MAT-PUMP-CAP,673,each
MR-0013544,PO-0006516,MAT-PUMP-CAP,567,each
MR-0013545,PO-0006516,MAT-CARTON,569,each
MR-0013546,PO-0006517,MAT-CARTON,739,each
MR-0013547,PO-0006517,MAT-LABEL,737,each
MR-0013548,PO-0006518,MAT-SEAL,483,each
MR-0013549,PO-0006518,MAT-PUMP-CAP,489,each
MR-0013550,PO-0006519,MAT-BULK-CREAM,48.58,litre
MR-0013551,PO-0006519,MAT-SEAL,613,each
MR-0013552,PO-0006520,MAT-PUMP-CAP,981,each
MR-0013553,PO-0006520,MAT-CARTON,999,each
MR-0013554,PO-0006521,MAT-PUMP-CAP,493,each
MR-0013555,PO-0006521,MAT-CARTON,479,each
MR-0013556,PO-0006522,MAT-CARTON,585,each
MR-0013557,PO-0006522,MAT-LABEL,603,each
MR-0013558,PO-0006523,MAT-SEAL,594,each
MR-0013559,PO-0006523,MAT-PUMP-CAP,620,each
MR-0013560,PO-0006524,MAT-CARTON,657,each
MR-0013561,PO-0006524,MAT-LABEL,647,each
MR-0013562,PO-0006525,MAT-BULK-CREAM,75.39,litre
MR-0013563,PO-0006525,MAT-SEAL,971,each
MR-0013564,PO-0006526,MAT-PUMP-CAP,554,each
MR-0013565,PO-0006526,MAT-CARTON,568,each
MR-0013566,PO-0006527,MAT-CARTON,511,each
MR-0013567,PO-0006527,MAT-LABEL,516,each
MR-0013568,PO-0006528,MAT-PUMP-CAP,838,each
MR-0013569,PO-0006528,MAT-CARTON,840,each
MR-0013570,PO-0006529,MAT-LABEL,927,each
MR-0013571,PO-0006529,MAT-BULK-CREAM,74.94,litre
MR-0013572,PO-0006530,MAT-SEAL,709,each
MR-0013573,PO-0006530,MAT-PUMP-CAP,712,each
MR-0013574,PO-0006531,MAT-PUMP-CAP,788,each
MR-0013575,PO-0006531,MAT-CARTON,777,each
MR-0013576,PO-0006532,MAT-PUMP-CAP,864,each
MR-0013577,PO-0006532,MAT-CARTON,886,each
MR-0013578,PO-0006533,MAT-CARTON,771,each
MR-0013579,PO-0006533,MAT-LABEL,766,each
MR-0013580,PO-0006534,MAT-CARTON,587,each
MR-0013581,PO-0006534,MAT-LABEL,577,each
MR-0013582,PO-0006535,MAT-PUMP-CAP,611,each
MR-0013583,PO-0006535,MAT-CARTON,615,each
MR-0013584,PO-0006536,MAT-SEAL,714,each
MR-0013585,PO-0006536,MAT-PUMP-CAP,718,each
MR-0013586,PO-0006537,MAT-PUMP-CAP,1435,each
MR-0013587,PO-0006537,MAT-CARTON,1470,each
MR-0013588,PO-0006537,MAT-LABEL,1437,each
MR-0013589,PO-0006538,MAT-CARTON,1301,each
MR-0013590,PO-0006538,MAT-LABEL,1290,each
MR-0013591,PO-0006539,MAT-CARTON,1482,each
MR-0013592,PO-0006539,MAT-LABEL,1434,each
MR-0013593,PO-0006539,MAT-BULK-CREAM,118.14,litre
MR-0013594,PO-0006540,MAT-PUMP-CAP,887,each
MR-0013595,PO-0006540,MAT-CARTON,839,each
MR-0013596,PO-0006541,MAT-PUMP-CAP,938,each
MR-0013597,PO-0006541,MAT-CARTON,948,each
MR-0013598,PO-0006542,MAT-PUMP-CAP,943,each
MR-0013599,PO-0006542,MAT-CARTON,937,each
MR-0013600,PO-0006543,MAT-CARTON,1517,each
MR-0013601,PO-0006543,MAT-LABEL,1500,each
MR-0013602,PO-0006543,MAT-BULK-CREAM,118.29,litre
MR-0013603,PO-0006544,MAT-LABEL,745,each
MR-0013604,PO-0006544,MAT-BULK-CREAM,59.39,litre
MR-0013605,PO-0006545,MAT-BULK-CREAM,123.22,litre
MR-0013606,PO-0006545,MAT-SEAL,1481,each
MR-0013607,PO-0006545,MAT-PUMP-CAP,1516,each
MR-0013608,PO-0006546,MAT-PUMP-CAP,1184,each
MR-0013609,PO-0006546,MAT-CARTON,1144,each
MR-0013610,PO-0006547,MAT-PUMP-CAP,1322,each
MR-0013611,PO-0006547,MAT-CARTON,1340,each
MR-0013612,PO-0006548,MAT-CARTON,1501,each
MR-0013613,PO-0006548,MAT-LABEL,1497,each
MR-0013614,PO-0006548,MAT-BULK-CREAM,117.93,litre
MR-0013615,PO-0006549,MAT-LABEL,891,each
MR-0013616,PO-0006549,MAT-BULK-CREAM,72.31,litre
MR-0013617,PO-0006550,MAT-BULK-CREAM,108.98,litre
MR-0013618,PO-0006550,MAT-SEAL,1379,each
MR-0013619,PO-0006551,MAT-SEAL,916,each
MR-0013620,PO-0006551,MAT-PUMP-CAP,959,each
MR-0013621,PO-0006552,MAT-PUMP-CAP,895,each
MR-0013622,PO-0006552,MAT-CARTON,858,each
MR-0013623,PO-0006553,MAT-LABEL,864,each
MR-0013624,PO-0006553,MAT-BULK-CREAM,67.32,litre
MR-0013625,PO-0006554,MAT-LABEL,730,each
MR-0013626,PO-0006554,MAT-BULK-CREAM,58.6,litre
MR-0013627,PO-0006555,MAT-SEAL,621,each
MR-0013628,PO-0006555,MAT-PUMP-CAP,658,each
MR-0013629,PO-0006556,MAT-CARTON,958,each
MR-0013630,PO-0006556,MAT-LABEL,933,each
MR-0013631,PO-0006557,MAT-CARTON,1146,each
MR-0013632,PO-0006557,MAT-LABEL,1151,each
MR-0013633,PO-0006558,MAT-LABEL,920,each
MR-0013634,PO-0006558,MAT-BULK-CREAM,73.23,litre
MR-0013635,PO-0006559,MAT-BULK-CREAM,107.61,litre
MR-0013636,PO-0006559,MAT-SEAL,1318,each
MR-0013637,PO-0006560,MAT-PUMP-CAP,1221,each
MR-0013638,PO-0006560,MAT-CARTON,1214,each
MR-0013639,PO-0006561,MAT-LABEL,1402,each
MR-0013640,PO-0006561,MAT-BULK-CREAM,115.84,litre
MR-0013641,PO-0006561,MAT-SEAL,1397,each
MR-0013642,PO-0006562,MAT-SEAL,765,each
MR-0013643,PO-0006562,MAT-PUMP-CAP,759,each
MR-0013644,PO-0006563,MAT-SEAL,1231,each
MR-0013645,PO-0006563,MAT-PUMP-CAP,1318,each
MR-0013646,PO-0006564,MAT-BULK-CREAM,92.35,litre
MR-0013647,PO-0006564,MAT-SEAL,1138,each
MR-0013648,PO-0006565,MAT-PUMP-CAP,1305,each
MR-0013649,PO-0006565,MAT-CARTON,1292,each
MR-0013650,PO-0006566,MAT-CARTON,1090,each
MR-0013651,PO-0006566,MAT-LABEL,1045,each
MR-0013652,PO-0006567,MAT-CARTON,1476,each
MR-0013653,PO-0006567,MAT-LABEL,1474,each
MR-0013654,PO-0006567,MAT-BULK-CREAM,115.93,litre
MR-0013655,PO-0006568,MAT-LABEL,640,each
MR-0013656,PO-0006568,MAT-BULK-CREAM,51.06,litre
MR-0013657,PO-0006569,MAT-BULK-CREAM,82.2,litre
MR-0013658,PO-0006569,MAT-SEAL,1013,each
MR-0013659,PO-0006570,MAT-PUMP-CAP,1071,each
MR-0013660,PO-0006570,MAT-CARTON,1072,each
MR-0013661,PO-0006571,MAT-BULK-CREAM,71.45,litre
MR-0013662,PO-0006571,MAT-SEAL,891,each
MR-0013663,PO-0006572,MAT-SEAL,819,each
MR-0013664,PO-0006572,MAT-PUMP-CAP,842,each
MR-0013665,PO-0006573,MAT-CARTON,659,each
MR-0013666,PO-0006573,MAT-LABEL,653,each
MR-0013667,PO-0006574,MAT-PUMP-CAP,865,each
MR-0013668,PO-0006574,MAT-CARTON,874,each
MR-0013669,PO-0006575,MAT-LABEL,573,each
MR-0013670,PO-0006575,MAT-BULK-CREAM,44.84,litre
MR-0013671,PO-0006576,MAT-BULK-CREAM,53.34,litre
MR-0013672,PO-0006576,MAT-SEAL,671,each
MR-0013673,PO-0006577,MAT-CARTON,856,each
MR-0013674,PO-0006577,MAT-LABEL,859,each
MR-0013675,PO-0006578,MAT-LABEL,555,each
MR-0013676,PO-0006578,MAT-BULK-CREAM,44.38,litre
MR-0013677,PO-0006579,MAT-BULK-CREAM,53.35,litre
MR-0013678,PO-0006579,MAT-SEAL,669,each
MR-0013679,PO-0006580,MAT-SEAL,406,each
MR-0013680,PO-0006580,MAT-PUMP-CAP,423,each
MR-0013681,PO-0006581,MAT-PUMP-CAP,856,each
MR-0013682,PO-0006581,MAT-CARTON,868,each
MR-0013683,PO-0006582,MAT-CARTON,480,each
MR-0013684,PO-0006582,MAT-LABEL,470,each
MR-0013685,PO-0006583,MAT-LABEL,610,each
MR-0013686,PO-0006583,MAT-BULK-CREAM,49.39,litre
MR-0013687,PO-0006584,MAT-PUMP-CAP,635,each
MR-0013688,PO-0006584,MAT-CARTON,621,each
MR-0013689,PO-0006585,MAT-CARTON,566,each
MR-0013690,PO-0006585,MAT-LABEL,562,each
MR-0013691,PO-0006586,MAT-LABEL,793,each
MR-0013692,PO-0006586,MAT-BULK-CREAM,62.16,litre
MR-0013693,PO-0006587,MAT-CARTON,777,each
MR-0013694,PO-0006587,MAT-LABEL,763,each
MR-0013695,PO-0006588,MAT-SEAL,648,each
MR-0013696,PO-0006588,MAT-PUMP-CAP,664,each
MR-0013697,PO-0006589,MAT-PUMP-CAP,874,each
MR-0013698,PO-0006589,MAT-CARTON,865,each
MR-0013699,PO-0006590,MAT-SEAL,569,each
MR-0013700,PO-0006590,MAT-PUMP-CAP,597,each
MR-0013701,PO-0006591,MAT-BULK-CREAM,67.33,litre
MR-0013702,PO-0006591,MAT-SEAL,844,each
MR-0013703,PO-0006592,MAT-PUMP-CAP,694,each
MR-0013704,PO-0006592,MAT-CARTON,691,each
MR-0013705,PO-0006593,MAT-CARTON,1034,each
MR-0013706,PO-0006593,MAT-LABEL,1053,each
MR-0013707,PO-0006594,MAT-LABEL,512,each
MR-0013708,PO-0006594,MAT-BULK-CREAM,39.35,litre
MR-0013709,PO-0006595,MAT-BULK-CREAM,52.7,litre
MR-0013710,PO-0006595,MAT-SEAL,657,each
MR-0013711,PO-0006596,MAT-SEAL,923,each
MR-0013712,PO-0006596,MAT-PUMP-CAP,946,each
MR-0013713,PO-0006597,MAT-CARTON,708,each
MR-0013714,PO-0006597,MAT-LABEL,702,each
MR-0013715,PO-0006598,MAT-LABEL,795,each
MR-0013716,PO-0006598,MAT-BULK-CREAM,65.26,litre
MR-0013717,PO-0006599,MAT-LABEL,710,each
MR-0013718,PO-0006599,MAT-BULK-CREAM,57.14,litre
MR-0013719,PO-0006600,MAT-BULK-CREAM,54.71,litre
MR-0013720,PO-0006600,MAT-SEAL,689,each
MR-0013721,PO-0006601,MAT-SEAL,700,each
MR-0013722,PO-0006601,MAT-PUMP-CAP,704,each
MR-0013723,PO-0006602,MAT-PUMP-CAP,998,each
MR-0013724,PO-0006602,MAT-CARTON,991,each
MR-0013725,PO-0006603,MAT-CARTON,1510,each
MR-0013726,PO-0006603,MAT-LABEL,1500,each
MR-0013727,PO-0006603,MAT-BULK-CREAM,117.34,litre
MR-0013728,PO-0006604,MAT-LABEL,740,each
MR-0013729,PO-0006604,MAT-BULK-CREAM,58.78,litre
MR-0013730,PO-0006605,MAT-BULK-CREAM,97.13,litre
MR-0013731,PO-0006605,MAT-SEAL,1267,each
MR-0013732,PO-0006606,MAT-LABEL,1036,each
MR-0013733,PO-0006606,MAT-BULK-CREAM,83.54,litre
MR-0013734,PO-0006607,MAT-PUMP-CAP,1511,each
MR-0013735,PO-0006607,MAT-CARTON,1462,each
MR-0013736,PO-0006607,MAT-LABEL,1443,each
MR-0013737,PO-0006608,MAT-CARTON,1181,each
MR-0013738,PO-0006608,MAT-LABEL,1181,each
MR-0013739,PO-0006609,MAT-LABEL,1292,each
MR-0013740,PO-0006609,MAT-BULK-CREAM,101.53,litre
MR-0013741,PO-0006610,MAT-SEAL,994,each
MR-0013742,PO-0006610,MAT-PUMP-CAP,990,each
MR-0013743,PO-0006611,MAT-SEAL,1216,each
MR-0013744,PO-0006611,MAT-PUMP-CAP,1260,each
MR-0013745,PO-0006612,MAT-SEAL,840,each
MR-0013746,PO-0006612,MAT-PUMP-CAP,890,each
MR-0013747,PO-0006613,MAT-CARTON,1464,each
MR-0013748,PO-0006613,MAT-LABEL,1452,each
MR-0013749,PO-0006613,MAT-BULK-CREAM,115.01,litre
MR-0013750,PO-0006614,MAT-SEAL,782,each
MR-0013751,PO-0006614,MAT-PUMP-CAP,802,each
MR-0013752,PO-0006615,MAT-BULK-CREAM,70.29,litre
MR-0013753,PO-0006615,MAT-SEAL,862,each
MR-0013754,PO-0006616,MAT-SEAL,1615,each
MR-0013755,PO-0006616,MAT-PUMP-CAP,1609,each
MR-0013756,PO-0006616,MAT-CARTON,1578,each
MR-0013757,PO-0006617,MAT-PUMP-CAP,1110,each
MR-0013758,PO-0006617,MAT-CARTON,1083,each
MR-0013759,PO-0006618,MAT-LABEL,1348,each
MR-0013760,PO-0006618,MAT-BULK-CREAM,106.31,litre
MR-0013761,PO-0006619,MAT-PUMP-CAP,1039,each
MR-0013762,PO-0006619,MAT-CARTON,1006,each
MR-0013763,PO-0006620,MAT-CARTON,896,each
MR-0013764,PO-0006620,MAT-LABEL,853,each
MR-0013765,PO-0006621,MAT-PUMP-CAP,1459,each
MR-0013766,PO-0006621,MAT-CARTON,1437,each
MR-0013767,PO-0006621,MAT-LABEL,1440,each
MR-0013768,PO-0006622,MAT-CARTON,1096,each
MR-0013769,PO-0006622,MAT-LABEL,1090,each
MR-0013770,PO-0006623,MAT-BULK-CREAM,100.99,litre
MR-0013771,PO-0006623,MAT-SEAL,1204,each
MR-0013772,PO-0006624,MAT-CARTON,919,each
MR-0013773,PO-0006624,MAT-LABEL,919,each
MR-0013774,PO-0006625,MAT-PUMP-CAP,1210,each
MR-0013775,PO-0006625,MAT-CARTON,1218,each
MR-0013776,PO-0006626,MAT-CARTON,781,each
MR-0013777,PO-0006626,MAT-LABEL,781,each
MR-0013778,PO-0006627,MAT-SEAL,921,each
MR-0013779,PO-0006627,MAT-PUMP-CAP,974,each
MR-0013780,PO-0006628,MAT-LABEL,1240,each
MR-0013781,PO-0006628,MAT-BULK-CREAM,98.14,litre
MR-0013782,PO-0006629,MAT-SEAL,1098,each
MR-0013783,PO-0006629,MAT-PUMP-CAP,1137,each
MR-0013784,PO-0006630,MAT-SEAL,873,each
MR-0013785,PO-0006630,MAT-PUMP-CAP,870,each
MR-0013786,PO-0006631,MAT-PUMP-CAP,1410,each
MR-0013787,PO-0006631,MAT-CARTON,1376,each
MR-0013788,PO-0006632,MAT-CARTON,723,each
MR-0013789,PO-0006632,MAT-LABEL,725,each
MR-0013790,PO-0006633,MAT-LABEL,922,each
MR-0013791,PO-0006633,MAT-BULK-CREAM,73.1,litre
MR-0013792,PO-0006634,MAT-BULK-CREAM,44.43,litre
MR-0013793,PO-0006634,MAT-SEAL,558,each
MR-0013794,PO-0006635,MAT-PUMP-CAP,704,each
MR-0013795,PO-0006635,MAT-CARTON,704,each
MR-0013796,PO-0006636,MAT-LABEL,971,each
MR-0013797,PO-0006636,MAT-BULK-CREAM,77.32,litre
MR-0013798,PO-0006637,MAT-LABEL,835,each
MR-0013799,PO-0006637,MAT-BULK-CREAM,65.91,litre
MR-0013800,PO-0006638,MAT-PUMP-CAP,751,each
MR-0013801,PO-0006638,MAT-CARTON,725,each
MR-0013802,PO-0006639,MAT-CARTON,610,each
MR-0013803,PO-0006639,MAT-LABEL,588,each
MR-0013804,PO-0006640,MAT-CARTON,973,each
MR-0013805,PO-0006640,MAT-LABEL,957,each
MR-0013806,PO-0006641,MAT-BULK-CREAM,77.31,litre
MR-0013807,PO-0006641,MAT-SEAL,939,each
MR-0013808,PO-0006642,MAT-CARTON,897,each
MR-0013809,PO-0006642,MAT-LABEL,875,each
MR-0013810,PO-0006643,MAT-LABEL,529,each
MR-0013811,PO-0006643,MAT-BULK-CREAM,43.16,litre
MR-0013812,PO-0006644,MAT-BULK-CREAM,52.89,litre
MR-0013813,PO-0006644,MAT-SEAL,652,each
MR-0013814,PO-0006645,MAT-SEAL,681,each
MR-0013815,PO-0006645,MAT-PUMP-CAP,668,each
MR-0013816,PO-0006646,MAT-PUMP-CAP,795,each
MR-0013817,PO-0006646,MAT-CARTON,787,each
MR-0013818,PO-0006647,MAT-CARTON,455,each
MR-0013819,PO-0006647,MAT-LABEL,458,each
MR-0013820,PO-0006648,MAT-PUMP-CAP,612,each
MR-0013821,PO-0006648,MAT-CARTON,608,each
MR-0013822,PO-0006649,MAT-SEAL,410,each
MR-0013823,PO-0006649,MAT-PUMP-CAP,421,each
MR-0013824,PO-0006650,MAT-LABEL,562,each
MR-0013825,PO-0006650,MAT-BULK-CREAM,44.71,litre
MR-0013826,PO-0006651,MAT-SEAL,655,each
MR-0013827,PO-0006651,MAT-PUMP-CAP,655,each
MR-0013828,PO-0006652,MAT-SEAL,916,each
MR-0013829,PO-0006652,MAT-PUMP-CAP,941,each
MR-0013830,PO-0006653,MAT-PUMP-CAP,451,each
MR-0013831,PO-0006653,MAT-CARTON,455,each
MR-0013832,PO-0006654,MAT-SEAL,855,each
MR-0013833,PO-0006654,MAT-PUMP-CAP,891,each
MR-0013834,PO-0006655,MAT-PUMP-CAP,951,each
MR-0013835,PO-0006655,MAT-CARTON,938,each
MR-0013836,PO-0006656,MAT-SEAL,487,each
MR-0013837,PO-0006656,MAT-PUMP-CAP,503,each
MR-0013838,PO-0006657,MAT-PUMP-CAP,745,each
MR-0013839,PO-0006657,MAT-CARTON,752,each
MR-0013840,PO-0006658,MAT-SEAL,1136,each
MR-0013841,PO-0006658,MAT-PUMP-CAP,1141,each
MR-0013842,PO-0006659,MAT-LABEL,699,each
MR-0013843,PO-0006659,MAT-BULK-CREAM,56.37,litre
MR-0013844,PO-0006660,MAT-BULK-CREAM,85.89,litre
MR-0013845,PO-0006660,MAT-SEAL,1048,each
MR-0013846,PO-0006661,MAT-SEAL,571,each
MR-0013847,PO-0006661,MAT-PUMP-CAP,586,each
MR-0013848,PO-0006662,MAT-PUMP-CAP,757,each
MR-0013849,PO-0006662,MAT-CARTON,757,each
MR-0013850,PO-0006663,MAT-CARTON,650,each
MR-0013851,PO-0006663,MAT-LABEL,650,each
MR-0013852,PO-0006664,MAT-BULK-CREAM,85.16,litre
MR-0013853,PO-0006664,MAT-SEAL,1119,each
MR-0013854,PO-0006665,MAT-BULK-CREAM,74.47,litre
MR-0013855,PO-0006665,MAT-SEAL,925,each
MR-0013856,PO-0006666,MAT-SEAL,1304,each
MR-0013857,PO-0006666,MAT-PUMP-CAP,1351,each
MR-0013858,PO-0006667,MAT-PUMP-CAP,1312,each
MR-0013859,PO-0006667,MAT-CARTON,1282,each
MR-0013860,PO-0006668,MAT-CARTON,907,each
MR-0013861,PO-0006668,MAT-LABEL,896,each
MR-0013862,PO-0006669,MAT-LABEL,1212,each
MR-0013863,PO-0006669,MAT-BULK-CREAM,98.08,litre
MR-0013864,PO-0006670,MAT-BULK-CREAM,86.35,litre
MR-0013865,PO-0006670,MAT-SEAL,1086,each
MR-0013866,PO-0006671,MAT-SEAL,802,each
MR-0013867,PO-0006671,MAT-PUMP-CAP,773,each
MR-0013868,PO-0006672,MAT-PUMP-CAP,1598,each
MR-0013869,PO-0006672,MAT-CARTON,1620,each
MR-0013870,PO-0006672,MAT-LABEL,1582,each
MR-0013871,PO-0006673,MAT-LABEL,1156,each
MR-0013872,PO-0006673,MAT-BULK-CREAM,95.03,litre
MR-0013873,PO-0006674,MAT-CARTON,1602,each
MR-0013874,PO-0006674,MAT-LABEL,1560,each
MR-0013875,PO-0006674,MAT-BULK-CREAM,125.64,litre
MR-0013876,PO-0006675,MAT-BULK-CREAM,89.57,litre
MR-0013877,PO-0006675,MAT-SEAL,1101,each
MR-0013878,PO-0006676,MAT-SEAL,1360,each
MR-0013879,PO-0006676,MAT-PUMP-CAP,1380,each
MR-0013880,PO-0006677,MAT-PUMP-CAP,1219,each
MR-0013881,PO-0006677,MAT-CARTON,1224,each
MR-0013882,PO-0006678,MAT-CARTON,723,each
MR-0013883,PO-0006678,MAT-LABEL,737,each
MR-0013884,PO-0006679,MAT-LABEL,801,each
MR-0013885,PO-0006679,MAT-BULK-CREAM,64.33,litre
MR-0013886,PO-0006680,MAT-BULK-CREAM,118.07,litre
MR-0013887,PO-0006680,MAT-SEAL,1451,each
MR-0013888,PO-0006680,MAT-PUMP-CAP,1476,each
MR-0013889,PO-0006681,MAT-SEAL,1264,each
MR-0013890,PO-0006681,MAT-PUMP-CAP,1240,each
MR-0013891,PO-0006682,MAT-PUMP-CAP,1293,each
MR-0013892,PO-0006682,MAT-CARTON,1264,each
MR-0013893,PO-0006683,MAT-LABEL,1116,each
MR-0013894,PO-0006683,MAT-BULK-CREAM,90.89,litre
MR-0013895,PO-0006684,MAT-CARTON,1378,each
MR-0013896,PO-0006684,MAT-LABEL,1373,each
MR-0013897,PO-0006685,MAT-PUMP-CAP,1308,each
MR-0013898,PO-0006685,MAT-CARTON,1318,each
MR-0013899,PO-0006686,MAT-PUMP-CAP,697,each
MR-0013900,PO-0006686,MAT-CARTON,678,each
MR-0013901,PO-0006687,MAT-CARTON,825,each
MR-0013902,PO-0006687,MAT-LABEL,831,each
MR-0013903,PO-0006688,MAT-LABEL,994,each
MR-0013904,PO-0006688,MAT-BULK-CREAM,79.65,litre
MR-0013905,PO-0006689,MAT-PUMP-CAP,1461,each
MR-0013906,PO-0006689,MAT-CARTON,1489,each
MR-0013907,PO-0006689,MAT-LABEL,1447,each
MR-0013908,PO-0006690,MAT-LABEL,1425,each
MR-0013909,PO-0006690,MAT-BULK-CREAM,116.44,litre
MR-0013910,PO-0006690,MAT-SEAL,1433,each
MR-0013911,PO-0006691,MAT-PUMP-CAP,1159,each
MR-0013912,PO-0006691,MAT-CARTON,1178,each
MR-0013913,PO-0006692,MAT-CARTON,949,each
MR-0013914,PO-0006692,MAT-LABEL,946,each
MR-0013915,PO-0006693,MAT-SEAL,904,each
MR-0013916,PO-0006693,MAT-PUMP-CAP,931,each
MR-0013917,PO-0006694,MAT-BULK-CREAM,103.24,litre
MR-0013918,PO-0006694,MAT-SEAL,1252,each
MR-0013919,PO-0006695,MAT-SEAL,979,each
MR-0013920,PO-0006695,MAT-PUMP-CAP,1019,each
MR-0013921,PO-0006696,MAT-CARTON,990,each
MR-0013922,PO-0006696,MAT-LABEL,970,each
MR-0013923,PO-0006697,MAT-CARTON,778,each
MR-0013924,PO-0006697,MAT-LABEL,763,each
MR-0013925,PO-0006698,MAT-SEAL,705,each
MR-0013926,PO-0006698,MAT-PUMP-CAP,707,each
MR-0013927,PO-0006699,MAT-PUMP-CAP,639,each
MR-0013928,PO-0006699,MAT-CARTON,626,each
MR-0013929,PO-0006700,MAT-PUMP-CAP,663,each
MR-0013930,PO-0006700,MAT-CARTON,645,each
MR-0013931,PO-0006701,MAT-LABEL,1190,each
MR-0013932,PO-0006701,MAT-BULK-CREAM,92.66,litre
MR-0013933,PO-0006702,MAT-LABEL,644,each
MR-0013934,PO-0006702,MAT-BULK-CREAM,52.55,litre
MR-0013935,PO-0006703,MAT-PUMP-CAP,1241,each
MR-0013936,PO-0006703,MAT-CARTON,1240,each
MR-0013937,PO-0006704,MAT-BULK-CREAM,89.5,litre
MR-0013938,PO-0006704,MAT-SEAL,1120,each
MR-0013939,PO-0006705,MAT-LABEL,984,each
MR-0013940,PO-0006705,MAT-BULK-CREAM,81.83,litre
MR-0013941,PO-0006706,MAT-PUMP-CAP,780,each
MR-0013942,PO-0006706,MAT-CARTON,793,each
MR-0013943,PO-0006707,MAT-CARTON,532,each
MR-0013944,PO-0006707,MAT-LABEL,532,each
MR-0013945,PO-0006708,MAT-LABEL,659,each
MR-0013946,PO-0006708,MAT-BULK-CREAM,53.68,litre
MR-0013947,PO-0006709,MAT-BULK-CREAM,46.1,litre
MR-0013948,PO-0006709,MAT-SEAL,594,each
MR-0013949,PO-0006710,MAT-SEAL,628,each
MR-0013950,PO-0006710,MAT-PUMP-CAP,615,each
MR-0013951,PO-0006711,MAT-SEAL,512,each
MR-0013952,PO-0006711,MAT-PUMP-CAP,531,each
MR-0013953,PO-0006712,MAT-PUMP-CAP,846,each
MR-0013954,PO-0006712,MAT-CARTON,842,each
MR-0013955,PO-0006713,MAT-SEAL,680,each
MR-0013956,PO-0006713,MAT-PUMP-CAP,724,each
MR-0013957,PO-0006714,MAT-BULK-CREAM,71.12,litre
MR-0013958,PO-0006714,MAT-SEAL,894,each
MR-0013959,PO-0006715,MAT-SEAL,914,each
MR-0013960,PO-0006715,MAT-PUMP-CAP,943,each
MR-0013961,PO-0006716,MAT-PUMP-CAP,750,each
MR-0013962,PO-0006716,MAT-CARTON,737,each
MR-0013963,PO-0006717,MAT-LABEL,753,each
MR-0013964,PO-0006717,MAT-BULK-CREAM,60.63,litre
MR-0013965,PO-0006718,MAT-BULK-CREAM,34.49,litre
MR-0013966,PO-0006718,MAT-SEAL,428,each
MR-0013967,PO-0006719,MAT-BULK-CREAM,63.92,litre
MR-0013968,PO-0006719,MAT-SEAL,780,each
MR-0013969,PO-0006720,MAT-SEAL,830,each
MR-0013970,PO-0006720,MAT-PUMP-CAP,844,each
MR-0013971,PO-0006721,MAT-SEAL,592,each
MR-0013972,PO-0006721,MAT-PUMP-CAP,594,each
MR-0013973,PO-0006722,MAT-SEAL,1048,each
MR-0013974,PO-0006722,MAT-PUMP-CAP,1069,each
MR-0013975,PO-0006723,MAT-CARTON,640,each
MR-0013976,PO-0006723,MAT-LABEL,646,each
MR-0013977,PO-0006724,MAT-BULK-CREAM,48.43,litre
MR-0013978,PO-0006724,MAT-SEAL,624,each
MR-0013979,PO-0006725,MAT-BULK-CREAM,66.78,litre
MR-0013980,PO-0006725,MAT-SEAL,823,each
MR-0013981,PO-0006726,MAT-PUMP-CAP,636,each
MR-0013982,PO-0006726,MAT-CARTON,627,each
MR-0013983,PO-0006727,MAT-PUMP-CAP,847,each
MR-0013984,PO-0006727,MAT-CARTON,828,each
MR-0013985,PO-0006728,MAT-CARTON,693,each
MR-0013986,PO-0006728,MAT-LABEL,668,each
MR-0013987,PO-0006729,MAT-BULK-CREAM,50.14,litre
MR-0013988,PO-0006729,MAT-SEAL,600,each
MR-0013989,PO-0006730,MAT-LABEL,979,each
MR-0013990,PO-0006730,MAT-BULK-CREAM,78.75,litre
MR-0013991,PO-0006731,MAT-LABEL,1106,each
MR-0013992,PO-0006731,MAT-BULK-CREAM,89.34,litre
MR-0013993,PO-0006732,MAT-PUMP-CAP,832,each
MR-0013994,PO-0006732,MAT-CARTON,843,each
MR-0013995,PO-0006733,MAT-CARTON,1263,each
MR-0013996,PO-0006733,MAT-LABEL,1293,each
MR-0013997,PO-0006734,MAT-PUMP-CAP,1016,each
MR-0013998,PO-0006734,MAT-CARTON,981,each
MR-0013999,PO-0006735,MAT-BULK-CREAM,57.52,litre
MR-0014000,PO-0006735,MAT-SEAL,730,each
MR-0014001,PO-0006736,MAT-PUMP-CAP,1401,each
MR-0014002,PO-0006736,MAT-CARTON,1442,each
MR-0014003,PO-0006736,MAT-LABEL,1403,each
MR-0014004,PO-0006737,MAT-LABEL,948,each
MR-0014005,PO-0006737,MAT-BULK-CREAM,77.43,litre
MR-0014006,PO-0006738,MAT-CARTON,1348,each
MR-0014007,PO-0006738,MAT-LABEL,1380,each
MR-0014008,PO-0006739,MAT-LABEL,738,each
MR-0014009,PO-0006739,MAT-BULK-CREAM,61.55,litre
MR-0014010,PO-0006740,MAT-BULK-CREAM,96.87,litre
MR-0014011,PO-0006740,MAT-SEAL,1218,each
MR-0014012,PO-0006741,MAT-PUMP-CAP,1459,each
MR-0014013,PO-0006741,MAT-CARTON,1426,each
MR-0014014,PO-0006741,MAT-LABEL,1420,each
MR-0014015,PO-0006742,MAT-PUMP-CAP,961,each
MR-0014016,PO-0006742,MAT-CARTON,944,each
MR-0014017,PO-0006743,MAT-CARTON,1492,each
MR-0014018,PO-0006743,MAT-LABEL,1526,each
MR-0014019,PO-0006743,MAT-BULK-CREAM,120.19,litre
MR-0014020,PO-0006744,MAT-LABEL,1414,each
MR-0014021,PO-0006744,MAT-BULK-CREAM,117.28,litre
MR-0014022,PO-0006744,MAT-SEAL,1439,each
MR-0014023,PO-0006745,MAT-BULK-CREAM,120.33,litre
MR-0014024,PO-0006745,MAT-SEAL,1542,each
MR-0014025,PO-0006745,MAT-PUMP-CAP,1593,each
MR-0014026,PO-0006746,MAT-SEAL,1090,each
MR-0014027,PO-0006746,MAT-PUMP-CAP,1124,each
MR-0014028,PO-0006747,MAT-CARTON,1232,each
MR-0014029,PO-0006747,MAT-LABEL,1244,each
MR-0014030,PO-0006748,MAT-LABEL,1301,each
MR-0014031,PO-0006748,MAT-BULK-CREAM,101.62,litre
MR-0014032,PO-0006749,MAT-PUMP-CAP,975,each
MR-0014033,PO-0006749,MAT-CARTON,957,each
MR-0014034,PO-0006750,MAT-PUMP-CAP,774,each
MR-0014035,PO-0006750,MAT-CARTON,768,each
MR-0014036,PO-0006751,MAT-PUMP-CAP,1086,each
MR-0014037,PO-0006751,MAT-CARTON,1043,each
MR-0014038,PO-0006752,MAT-CARTON,835,each
MR-0014039,PO-0006752,MAT-LABEL,847,each
MR-0014040,PO-0006753,MAT-PUMP-CAP,1461,each
MR-0014041,PO-0006753,MAT-CARTON,1381,each
MR-0014042,PO-0006753,MAT-LABEL,1380,each
MR-0014043,PO-0006754,MAT-SEAL,904,each
MR-0014044,PO-0006754,MAT-PUMP-CAP,907,each
MR-0014045,PO-0006755,MAT-SEAL,844,each
MR-0014046,PO-0006755,MAT-PUMP-CAP,860,each
MR-0014047,PO-0006756,MAT-PUMP-CAP,1385,each
MR-0014048,PO-0006756,MAT-CARTON,1368,each
MR-0014049,PO-0006757,MAT-CARTON,1361,each
MR-0014050,PO-0006757,MAT-LABEL,1350,each
MR-0014051,PO-0006758,MAT-LABEL,855,each
MR-0014052,PO-0006758,MAT-BULK-CREAM,70.96,litre
MR-0014053,PO-0006759,MAT-SEAL,1229,each
MR-0014054,PO-0006759,MAT-PUMP-CAP,1248,each
MR-0014055,PO-0006760,MAT-SEAL,835,each
MR-0014056,PO-0006760,MAT-PUMP-CAP,812,each
MR-0014057,PO-0006761,MAT-PUMP-CAP,664,each
MR-0014058,PO-0006761,MAT-CARTON,682,each
MR-0014059,PO-0006762,MAT-BULK-CREAM,56.45,litre
MR-0014060,PO-0006762,MAT-SEAL,712,each
MR-0014061,PO-0006763,MAT-PUMP-CAP,911,each
MR-0014062,PO-0006763,MAT-CARTON,927,each
MR-0014063,PO-0006764,MAT-CARTON,715,each
MR-0014064,PO-0006764,MAT-LABEL,707,each
MR-0014065,PO-0006765,MAT-LABEL,557,each
MR-0014066,PO-0006765,MAT-BULK-CREAM,44.88,litre
MR-0014067,PO-0006766,MAT-PUMP-CAP,776,each
MR-0014068,PO-0006766,MAT-CARTON,781,each
MR-0014069,PO-0006767,MAT-CARTON,623,each
MR-0014070,PO-0006767,MAT-LABEL,627,each
MR-0014071,PO-0006768,MAT-PUMP-CAP,1188,each
MR-0014072,PO-0006768,MAT-CARTON,1156,each
MR-0014073,PO-0006769,MAT-SEAL,1081,each
MR-0014074,PO-0006769,MAT-PUMP-CAP,1086,each
MR-0014075,PO-0006770,MAT-SEAL,410,each
MR-0014076,PO-0006770,MAT-PUMP-CAP,434,each
MR-0014077,PO-0006771,MAT-PUMP-CAP,676,each
MR-0014078,PO-0006771,MAT-CARTON,664,each
MR-0014079,PO-0006772,MAT-CARTON,505,each
MR-0014080,PO-0006772,MAT-LABEL,508,each
MR-0014081,PO-0006773,MAT-LABEL,503,each
MR-0014082,PO-0006773,MAT-BULK-CREAM,41.21,litre
MR-0014083,PO-0006774,MAT-BULK-CREAM,59.31,litre
MR-0014084,PO-0006774,MAT-SEAL,726,each
MR-0014085,PO-0006775,MAT-SEAL,707,each
MR-0014086,PO-0006775,MAT-PUMP-CAP,718,each
MR-0014087,PO-0006776,MAT-PUMP-CAP,786,each
MR-0014088,PO-0006776,MAT-CARTON,780,each
MR-0014089,PO-0006777,MAT-LABEL,567,each
MR-0014090,PO-0006777,MAT-BULK-CREAM,44.48,litre
MR-0014091,PO-0006778,MAT-SEAL,804,each
MR-0014092,PO-0006778,MAT-PUMP-CAP,837,each
MR-0014093,PO-0006779,MAT-SEAL,873,each
MR-0014094,PO-0006779,MAT-PUMP-CAP,908,each
MR-0014095,PO-0006780,MAT-SEAL,789,each
MR-0014096,PO-0006780,MAT-PUMP-CAP,796,each
MR-0014097,PO-0006781,MAT-LABEL,885,each
MR-0014098,PO-0006781,MAT-BULK-CREAM,71.81,litre
MR-0014099,PO-0006782,MAT-LABEL,774,each
MR-0014100,PO-0006782,MAT-BULK-CREAM,60.89,litre
MR-0014101,PO-0006783,MAT-LABEL,935,each
MR-0014102,PO-0006783,MAT-BULK-CREAM,76.98,litre
MR-0014103,PO-0006784,MAT-PUMP-CAP,454,each
MR-0014104,PO-0006784,MAT-CARTON,452,each
MR-0014105,PO-0006785,MAT-BULK-CREAM,89.92,litre
MR-0014106,PO-0006785,MAT-SEAL,1131,each
MR-0014107,PO-0006786,MAT-SEAL,717,each
MR-0014108,PO-0006786,MAT-PUMP-CAP,712,each
MR-0014109,PO-0006787,MAT-PUMP-CAP,902,each
MR-0014110,PO-0006787,MAT-CARTON,901,each
MR-0014111,PO-0006788,MAT-CARTON,818,each
MR-0014112,PO-0006788,MAT-LABEL,831,each
MR-0014113,PO-0006789,MAT-LABEL,1038,each
MR-0014114,PO-0006789,MAT-BULK-CREAM,84.72,litre
MR-0014115,PO-0006790,MAT-BULK-CREAM,82.42,litre
MR-0014116,PO-0006790,MAT-SEAL,1014,each
MR-0014117,PO-0006791,MAT-SEAL,828,each
MR-0014118,PO-0006791,MAT-PUMP-CAP,847,each
MR-0014119,PO-0006792,MAT-PUMP-CAP,559,each
MR-0014120,PO-0006792,MAT-CARTON,575,each
MR-0014121,PO-0006793,MAT-BULK-CREAM,72.5,litre
MR-0014122,PO-0006793,MAT-SEAL,878,each
MR-0014123,PO-0006794,MAT-LABEL,676,each
MR-0014124,PO-0006794,MAT-BULK-CREAM,55.96,litre
MR-0014125,PO-0006795,MAT-BULK-CREAM,129.53,litre
MR-0014126,PO-0006795,MAT-SEAL,1618,each
MR-0014127,PO-0006795,MAT-PUMP-CAP,1619,each
MR-0014128,PO-0006796,MAT-LABEL,839,each
MR-0014129,PO-0006796,MAT-BULK-CREAM,68.45,litre
MR-0014130,PO-0006797,MAT-PUMP-CAP,1025,each
MR-0014131,PO-0006797,MAT-CARTON,998,each
MR-0014132,PO-0006798,MAT-CARTON,1314,each
MR-0014133,PO-0006798,MAT-LABEL,1314,each
MR-0014134,PO-0006799,MAT-LABEL,853,each
MR-0014135,PO-0006799,MAT-BULK-CREAM,67.35,litre
MR-0014136,PO-0006800,MAT-BULK-CREAM,70.89,litre
MR-0014137,PO-0006800,MAT-SEAL,889,each
MR-0014138,PO-0006801,MAT-SEAL,1315,each
MR-0014139,PO-0006801,MAT-PUMP-CAP,1382,each
MR-0014140,PO-0006802,MAT-PUMP-CAP,969,each
MR-0014141,PO-0006802,MAT-CARTON,957,each
MR-0014142,PO-0006803,MAT-PUMP-CAP,1212,each
MR-0014143,PO-0006803,MAT-CARTON,1177,each
MR-0014144,PO-0006804,MAT-LABEL,1550,each
MR-0014145,PO-0006804,MAT-BULK-CREAM,119,litre
MR-0014146,PO-0006804,MAT-SEAL,1486,each
MR-0014147,PO-0006805,MAT-BULK-CREAM,56.23,litre
MR-0014148,PO-0006805,MAT-SEAL,698,each
MR-0014149,PO-0006806,MAT-SEAL,1251,each
MR-0014150,PO-0006806,MAT-PUMP-CAP,1334,each
MR-0014151,PO-0006807,MAT-BULK-CREAM,108.42,litre
MR-0014152,PO-0006807,MAT-SEAL,1390,each
MR-0014153,PO-0006808,MAT-CARTON,756,each
MR-0014154,PO-0006808,MAT-LABEL,760,each
MR-0014155,PO-0006809,MAT-LABEL,1308,each
MR-0014156,PO-0006809,MAT-BULK-CREAM,101.75,litre
MR-0014157,PO-0006810,MAT-BULK-CREAM,61.04,litre
MR-0014158,PO-0006810,MAT-SEAL,761,each
MR-0014159,PO-0006811,MAT-BULK-CREAM,92.68,litre
MR-0014160,PO-0006811,MAT-SEAL,1154,each
MR-0014161,PO-0006812,MAT-CARTON,1290,each
MR-0014162,PO-0006812,MAT-LABEL,1285,each
MR-0014163,PO-0006813,MAT-LABEL,1207,each
MR-0014164,PO-0006813,MAT-BULK-CREAM,96.62,litre
MR-0014165,PO-0006814,MAT-BULK-CREAM,64.96,litre
MR-0014166,PO-0006814,MAT-SEAL,815,each
MR-0014167,PO-0006815,MAT-CARTON,722,each
MR-0014168,PO-0006815,MAT-LABEL,692,each
MR-0014169,PO-0006816,MAT-PUMP-CAP,1013,each
MR-0014170,PO-0006816,MAT-CARTON,1016,each
MR-0014171,PO-0006817,MAT-CARTON,1252,each
MR-0014172,PO-0006817,MAT-LABEL,1242,each
MR-0014173,PO-0006818,MAT-LABEL,719,each
MR-0014174,PO-0006818,MAT-BULK-CREAM,59.13,litre
MR-0014175,PO-0006819,MAT-PUMP-CAP,728,each
MR-0014176,PO-0006819,MAT-CARTON,710,each
MR-0014177,PO-0006820,MAT-SEAL,1413,each
MR-0014178,PO-0006820,MAT-PUMP-CAP,1422,each
MR-0014179,PO-0006820,MAT-CARTON,1453,each
MR-0014180,PO-0006821,MAT-PUMP-CAP,1058,each
MR-0014181,PO-0006821,MAT-CARTON,1039,each
MR-0014182,PO-0006822,MAT-CARTON,697,each
MR-0014183,PO-0006822,MAT-LABEL,685,each
MR-0014184,PO-0006823,MAT-PUMP-CAP,1156,each
MR-0014185,PO-0006823,MAT-CARTON,1122,each
MR-0014186,PO-0006824,MAT-PUMP-CAP,654,each
MR-0014187,PO-0006824,MAT-CARTON,656,each
MR-0014188,PO-0006825,MAT-CARTON,1006,each
MR-0014189,PO-0006825,MAT-LABEL,957,each
MR-0014190,PO-0006826,MAT-BULK-CREAM,80.41,litre
MR-0014191,PO-0006826,MAT-SEAL,1002,each
MR-0014192,PO-0006827,MAT-SEAL,610,each
MR-0014193,PO-0006827,MAT-PUMP-CAP,598,each
MR-0014194,PO-0006828,MAT-PUMP-CAP,1051,each
MR-0014195,PO-0006828,MAT-CARTON,1035,each
MR-0014196,PO-0006829,MAT-BULK-CREAM,80.49,litre
MR-0014197,PO-0006829,MAT-SEAL,995,each
MR-0014198,PO-0006830,MAT-CARTON,1112,each
MR-0014199,PO-0006830,MAT-LABEL,1119,each
MR-0014200,PO-0006831,MAT-BULK-CREAM,56.59,litre
MR-0014201,PO-0006831,MAT-SEAL,702,each
MR-0014202,PO-0006832,MAT-LABEL,885,each
MR-0014203,PO-0006832,MAT-BULK-CREAM,70.88,litre
MR-0014204,PO-0006833,MAT-LABEL,900,each
MR-0014205,PO-0006833,MAT-BULK-CREAM,69.62,litre
MR-0014206,PO-0006834,MAT-BULK-CREAM,67.66,litre
MR-0014207,PO-0006834,MAT-SEAL,821,each
MR-0014208,PO-0006835,MAT-SEAL,904,each
MR-0014209,PO-0006835,MAT-PUMP-CAP,905,each
MR-0014210,PO-0006836,MAT-PUMP-CAP,703,each
MR-0014211,PO-0006836,MAT-CARTON,726,each
MR-0014212,PO-0006837,MAT-PUMP-CAP,859,each
MR-0014213,PO-0006837,MAT-CARTON,807,each
MR-0014214,PO-0006838,MAT-PUMP-CAP,753,each
MR-0014215,PO-0006838,MAT-CARTON,746,each
MR-0014216,PO-0006839,MAT-BULK-CREAM,62.38,litre
MR-0014217,PO-0006839,MAT-SEAL,771,each
MR-0014218,PO-0006840,MAT-SEAL,621,each
MR-0014219,PO-0006840,MAT-PUMP-CAP,625,each
MR-0014220,PO-0006841,MAT-SEAL,929,each
MR-0014221,PO-0006841,MAT-PUMP-CAP,986,each
MR-0014222,PO-0006842,MAT-CARTON,817,each
MR-0014223,PO-0006842,MAT-LABEL,801,each
MR-0014224,PO-0006843,MAT-SEAL,858,each
MR-0014225,PO-0006843,MAT-PUMP-CAP,895,each
MR-0014226,PO-0006844,MAT-CARTON,981,each
MR-0014227,PO-0006844,MAT-LABEL,960,each
MR-0014228,PO-0006845,MAT-CARTON,558,each
MR-0014229,PO-0006845,MAT-LABEL,524,each
MR-0014230,PO-0006846,MAT-BULK-CREAM,66.06,litre
MR-0014231,PO-0006846,MAT-SEAL,836,each
MR-0014232,PO-0006847,MAT-SEAL,574,each
MR-0014233,PO-0006847,MAT-PUMP-CAP,590,each
MR-0014234,PO-0006848,MAT-BULK-CREAM,42.53,litre
MR-0014235,PO-0006848,MAT-SEAL,525,each
MR-0014236,PO-0006849,MAT-LABEL,789,each
MR-0014237,PO-0006849,MAT-BULK-CREAM,63.28,litre
MR-0014238,PO-0006850,MAT-PUMP-CAP,689,each
MR-0014239,PO-0006850,MAT-CARTON,672,each
MR-0014240,PO-0006851,MAT-CARTON,937,each
MR-0014241,PO-0006851,MAT-LABEL,895,each
MR-0014242,PO-0006852,MAT-PUMP-CAP,1122,each
MR-0014243,PO-0006852,MAT-CARTON,1083,each
MR-0014244,PO-0006853,MAT-CARTON,947,each
MR-0014245,PO-0006853,MAT-LABEL,948,each
MR-0014246,PO-0006854,MAT-LABEL,772,each
MR-0014247,PO-0006854,MAT-BULK-CREAM,61.5,litre
MR-0014248,PO-0006855,MAT-CARTON,1112,each
MR-0014249,PO-0006855,MAT-LABEL,1129,each
MR-0014250,PO-0006856,MAT-CARTON,1120,each
MR-0014251,PO-0006856,MAT-LABEL,1118,each
MR-0014252,PO-0006857,MAT-PUMP-CAP,1171,each
MR-0014253,PO-0006857,MAT-CARTON,1164,each
MR-0014254,PO-0006858,MAT-CARTON,1210,each
MR-0014255,PO-0006858,MAT-LABEL,1183,each
MR-0014256,PO-0006859,MAT-LABEL,1177,each
MR-0014257,PO-0006859,MAT-BULK-CREAM,90.23,litre
MR-0014258,PO-0006860,MAT-BULK-CREAM,91.73,litre
MR-0014259,PO-0006860,MAT-SEAL,1128,each
MR-0014260,PO-0006861,MAT-SEAL,1266,each
MR-0014261,PO-0006861,MAT-PUMP-CAP,1293,each
MR-0014262,PO-0006862,MAT-CARTON,1368,each
MR-0014263,PO-0006862,MAT-LABEL,1382,each
MR-0014264,PO-0006863,MAT-CARTON,1054,each
MR-0014265,PO-0006863,MAT-LABEL,1010,each
MR-0014266,PO-0006864,MAT-LABEL,1130,each
MR-0014267,PO-0006864,MAT-BULK-CREAM,89.12,litre
MR-0014268,PO-0006865,MAT-BULK-CREAM,93.88,litre
MR-0014269,PO-0006865,MAT-SEAL,1235,each
MR-0014270,PO-0006866,MAT-SEAL,667,each
MR-0014271,PO-0006866,MAT-PUMP-CAP,683,each
MR-0014272,PO-0006867,MAT-PUMP-CAP,1097,each
MR-0014273,PO-0006867,MAT-CARTON,1061,each
MR-0014274,PO-0006868,MAT-CARTON,702,each
MR-0014275,PO-0006868,MAT-LABEL,669,each
MR-0014276,PO-0006869,MAT-PUMP-CAP,1051,each
MR-0014277,PO-0006869,MAT-CARTON,1058,each
MR-0014278,PO-0006870,MAT-BULK-CREAM,87.48,litre
MR-0014279,PO-0006870,MAT-SEAL,1079,each
MR-0014280,PO-0006871,MAT-SEAL,1212,each
MR-0014281,PO-0006871,MAT-PUMP-CAP,1220,each
MR-0014282,PO-0006872,MAT-PUMP-CAP,1037,each
MR-0014283,PO-0006872,MAT-CARTON,1017,each
MR-0014284,PO-0006873,MAT-CARTON,1295,each
MR-0014285,PO-0006873,MAT-LABEL,1250,each
MR-0014286,PO-0006874,MAT-BULK-CREAM,93.33,litre
MR-0014287,PO-0006874,MAT-SEAL,1222,each
MR-0014288,PO-0006875,MAT-SEAL,1389,each
MR-0014289,PO-0006875,MAT-PUMP-CAP,1416,each
MR-0014290,PO-0006876,MAT-PUMP-CAP,1187,each
MR-0014291,PO-0006876,MAT-CARTON,1151,each
MR-0014292,PO-0006877,MAT-CARTON,1153,each
MR-0014293,PO-0006877,MAT-LABEL,1150,each
MR-0014294,PO-0006878,MAT-BULK-CREAM,105.05,litre
MR-0014295,PO-0006878,MAT-SEAL,1312,each
MR-0014296,PO-0006879,MAT-BULK-CREAM,65.52,litre
MR-0014297,PO-0006879,MAT-SEAL,813,each
MR-0014298,PO-0006880,MAT-SEAL,853,each
MR-0014299,PO-0006880,MAT-PUMP-CAP,825,each
MR-0014300,PO-0006881,MAT-BULK-CREAM,69.37,litre
MR-0014301,PO-0006881,MAT-SEAL,858,each
MR-0014302,PO-0006882,MAT-SEAL,1257,each
MR-0014303,PO-0006882,MAT-PUMP-CAP,1307,each
MR-0014304,PO-0006883,MAT-PUMP-CAP,665,each
MR-0014305,PO-0006883,MAT-CARTON,650,each
MR-0014306,PO-0006884,MAT-BULK-CREAM,118.14,litre
MR-0014307,PO-0006884,MAT-SEAL,1410,each
MR-0014308,PO-0006884,MAT-PUMP-CAP,1435,each
MR-0014309,PO-0006885,MAT-PUMP-CAP,1266,each
MR-0014310,PO-0006885,MAT-CARTON,1241,each
MR-0014311,PO-0006886,MAT-PUMP-CAP,1190,each
MR-0014312,PO-0006886,MAT-CARTON,1218,each
MR-0014313,PO-0006887,MAT-CARTON,900,each
MR-0014314,PO-0006887,MAT-LABEL,881,each
MR-0014315,PO-0006888,MAT-LABEL,1278,each
MR-0014316,PO-0006888,MAT-BULK-CREAM,100.07,litre
MR-0014317,PO-0006889,MAT-SEAL,939,each
MR-0014318,PO-0006889,MAT-PUMP-CAP,975,each
MR-0014319,PO-0006890,MAT-SEAL,1430,each
MR-0014320,PO-0006890,MAT-PUMP-CAP,1506,each
MR-0014321,PO-0006890,MAT-CARTON,1436,each
MR-0014322,PO-0006891,MAT-CARTON,874,each
MR-0014323,PO-0006891,MAT-LABEL,877,each
MR-0014324,PO-0006892,MAT-LABEL,694,each
MR-0014325,PO-0006892,MAT-BULK-CREAM,55.82,litre
MR-0014326,PO-0006893,MAT-LABEL,1181,each
MR-0014327,PO-0006893,MAT-BULK-CREAM,93.19,litre
MR-0014328,PO-0006894,MAT-BULK-CREAM,45.32,litre
MR-0014329,PO-0006894,MAT-SEAL,559,each
MR-0014330,PO-0006895,MAT-PUMP-CAP,612,each
MR-0014331,PO-0006895,MAT-CARTON,609,each
MR-0014332,PO-0006896,MAT-PUMP-CAP,1182,each
MR-0014333,PO-0006896,MAT-CARTON,1227,each
MR-0014334,PO-0006897,MAT-CARTON,1159,each
MR-0014335,PO-0006897,MAT-LABEL,1147,each
MR-0014336,PO-0006898,MAT-SEAL,836,each
MR-0014337,PO-0006898,MAT-PUMP-CAP,834,each
MR-0014338,PO-0006899,MAT-BULK-CREAM,57.38,litre
MR-0014339,PO-0006899,MAT-SEAL,718,each
MR-0014340,PO-0006900,MAT-SEAL,454,each
MR-0014341,PO-0006900,MAT-PUMP-CAP,447,each
MR-0014342,PO-0006901,MAT-PUMP-CAP,811,each
MR-0014343,PO-0006901,MAT-CARTON,821,each
MR-0014344,PO-0006902,MAT-CARTON,510,each
MR-0014345,PO-0006902,MAT-LABEL,506,each
MR-0014346,PO-0006903,MAT-LABEL,790,each
MR-0014347,PO-0006903,MAT-BULK-CREAM,63.25,litre
MR-0014348,PO-0006904,MAT-BULK-CREAM,69.18,litre
MR-0014349,PO-0006904,MAT-SEAL,851,each
MR-0014350,PO-0006905,MAT-SEAL,606,each
MR-0014351,PO-0006905,MAT-PUMP-CAP,573,each
MR-0014352,PO-0006906,MAT-BULK-CREAM,70.94,litre
MR-0014353,PO-0006906,MAT-SEAL,921,each
MR-0014354,PO-0006907,MAT-CARTON,849,each
MR-0014355,PO-0006907,MAT-LABEL,860,each
MR-0014356,PO-0006908,MAT-PUMP-CAP,562,each
MR-0014357,PO-0006908,MAT-CARTON,560,each
MR-0014358,PO-0006909,MAT-BULK-CREAM,75.74,litre
MR-0014359,PO-0006909,MAT-SEAL,942,each
MR-0014360,PO-0006910,MAT-LABEL,847,each
MR-0014361,PO-0006910,MAT-BULK-CREAM,69.7,litre
MR-0014362,PO-0006911,MAT-LABEL,953,each
MR-0014363,PO-0006911,MAT-BULK-CREAM,73.91,litre
MR-0014364,PO-0006912,MAT-LABEL,550,each
MR-0014365,PO-0006912,MAT-BULK-CREAM,43.89,litre
MR-0014366,PO-0006913,MAT-LABEL,505,each
MR-0014367,PO-0006913,MAT-BULK-CREAM,41.23,litre
MR-0014368,PO-0006914,MAT-LABEL,1003,each
MR-0014369,PO-0006914,MAT-BULK-CREAM,83.64,litre
MR-0014370,PO-0006915,MAT-SEAL,672,each
MR-0014371,PO-0006915,MAT-PUMP-CAP,695,each
MR-0014372,PO-0006916,MAT-SEAL,823,each
MR-0014373,PO-0006916,MAT-PUMP-CAP,835,each
MR-0014374,PO-0006917,MAT-PUMP-CAP,980,each
MR-0014375,PO-0006917,MAT-CARTON,989,each
MR-0014376,PO-0006918,MAT-CARTON,971,each
MR-0014377,PO-0006918,MAT-LABEL,941,each
MR-0014378,PO-0006919,MAT-LABEL,1056,each
MR-0014379,PO-0006919,MAT-BULK-CREAM,86.19,litre
MR-0014380,PO-0006920,MAT-BULK-CREAM,41.75,litre
MR-0014381,PO-0006920,MAT-SEAL,540,each
MR-0014382,PO-0006921,MAT-SEAL,735,each
MR-0014383,PO-0006921,MAT-PUMP-CAP,748,each
MR-0014384,PO-0006922,MAT-BULK-CREAM,48.6,litre
MR-0014385,PO-0006922,MAT-SEAL,621,each
MR-0014386,PO-0006923,MAT-BULK-CREAM,58.94,litre
MR-0014387,PO-0006923,MAT-SEAL,729,each
MR-0014388,PO-0006924,MAT-LABEL,1300,each
MR-0014389,PO-0006924,MAT-BULK-CREAM,107.16,litre
MR-0014390,PO-0006925,MAT-SEAL,1311,each
MR-0014391,PO-0006925,MAT-PUMP-CAP,1303,each
MR-0014392,PO-0006926,MAT-SEAL,1492,each
MR-0014393,PO-0006926,MAT-PUMP-CAP,1501,each
MR-0014394,PO-0006926,MAT-CARTON,1492,each
MR-0014395,PO-0006927,MAT-PUMP-CAP,1354,each
MR-0014396,PO-0006927,MAT-CARTON,1324,each
MR-0014397,PO-0006928,MAT-CARTON,909,each
MR-0014398,PO-0006928,MAT-LABEL,912,each
MR-0014399,PO-0006929,MAT-BULK-CREAM,90.97,litre
MR-0014400,PO-0006929,MAT-SEAL,1190,each
MR-0014401,PO-0006930,MAT-BULK-CREAM,116.55,litre
MR-0014402,PO-0006930,MAT-SEAL,1457,each
MR-0014403,PO-0006930,MAT-PUMP-CAP,1464,each
MR-0014404,PO-0006931,MAT-SEAL,1527,each
MR-0014405,PO-0006931,MAT-PUMP-CAP,1543,each
MR-0014406,PO-0006931,MAT-CARTON,1511,each
MR-0014407,PO-0006932,MAT-SEAL,1165,each
MR-0014408,PO-0006932,MAT-PUMP-CAP,1214,each
MR-0014409,PO-0006933,MAT-CARTON,1411,each
MR-0014410,PO-0006933,MAT-LABEL,1413,each
MR-0014411,PO-0006933,MAT-BULK-CREAM,112.06,litre
MR-0014412,PO-0006934,MAT-LABEL,911,each
MR-0014413,PO-0006934,MAT-BULK-CREAM,73.2,litre
MR-0014414,PO-0006935,MAT-LABEL,1247,each
MR-0014415,PO-0006935,MAT-BULK-CREAM,101.34,litre
MR-0014416,PO-0006936,MAT-SEAL,1411,each
MR-0014417,PO-0006936,MAT-PUMP-CAP,1365,each
MR-0014418,PO-0006937,MAT-SEAL,1429,each
MR-0014419,PO-0006937,MAT-PUMP-CAP,1449,each
MR-0014420,PO-0006937,MAT-CARTON,1465,each
MR-0014421,PO-0006938,MAT-CARTON,886,each
MR-0014422,PO-0006938,MAT-LABEL,863,each
MR-0014423,PO-0006939,MAT-CARTON,1334,each
MR-0014424,PO-0006939,MAT-LABEL,1305,each
MR-0014425,PO-0006940,MAT-BULK-CREAM,64.61,litre
MR-0014426,PO-0006940,MAT-SEAL,823,each
MR-0014427,PO-0006941,MAT-LABEL,1281,each
MR-0014428,PO-0006941,MAT-BULK-CREAM,102.11,litre
MR-0014429,PO-0006942,MAT-LABEL,857,each
MR-0014430,PO-0006942,MAT-BULK-CREAM,67.6,litre
MR-0014431,PO-0006943,MAT-LABEL,1329,each
MR-0014432,PO-0006943,MAT-BULK-CREAM,108.08,litre
MR-0014433,PO-0006944,MAT-BULK-CREAM,90.99,litre
MR-0014434,PO-0006944,MAT-SEAL,1155,each
MR-0014435,PO-0006945,MAT-CARTON,1452,each
MR-0014436,PO-0006945,MAT-LABEL,1457,each
MR-0014437,PO-0006945,MAT-BULK-CREAM,114.36,litre
MR-0014438,PO-0006946,MAT-LABEL,1316,each
MR-0014439,PO-0006946,MAT-BULK-CREAM,104.31,litre
MR-0014440,PO-0006947,MAT-CARTON,1020,each
MR-0014441,PO-0006947,MAT-LABEL,1006,each
MR-0014442,PO-0006948,MAT-LABEL,1356,each
MR-0014443,PO-0006948,MAT-BULK-CREAM,108.38,litre
MR-0014444,PO-0006949,MAT-BULK-CREAM,55.3,litre
MR-0014445,PO-0006949,MAT-SEAL,694,each
MR-0014446,PO-0006950,MAT-CARTON,972,each
MR-0014447,PO-0006950,MAT-LABEL,937,each
MR-0014448,PO-0006951,MAT-PUMP-CAP,934,each
MR-0014449,PO-0006951,MAT-CARTON,914,each
MR-0014450,PO-0006952,MAT-SEAL,1303,each
MR-0014451,PO-0006952,MAT-PUMP-CAP,1340,each
MR-0014452,PO-0006953,MAT-LABEL,1229,each
MR-0014453,PO-0006953,MAT-BULK-CREAM,97.72,litre
MR-0014454,PO-0006954,MAT-BULK-CREAM,53.97,litre
MR-0014455,PO-0006954,MAT-SEAL,666,each
MR-0014456,PO-0006955,MAT-CARTON,788,each
MR-0014457,PO-0006955,MAT-LABEL,782,each
MR-0014458,PO-0006956,MAT-BULK-CREAM,54.81,litre
MR-0014459,PO-0006956,MAT-SEAL,705,each
MR-0014460,PO-0006957,MAT-BULK-CREAM,62.04,litre
MR-0014461,PO-0006957,MAT-SEAL,793,each
MR-0014462,PO-0006958,MAT-LABEL,914,each
MR-0014463,PO-0006958,MAT-BULK-CREAM,74.8,litre
MR-0014464,PO-0006959,MAT-PUMP-CAP,1272,each
MR-0014465,PO-0006959,MAT-CARTON,1253,each
MR-0014466,PO-0006960,MAT-SEAL,867,each
MR-0014467,PO-0006960,MAT-PUMP-CAP,901,each
MR-0014468,PO-0006961,MAT-LABEL,668,each
MR-0014469,PO-0006961,MAT-BULK-CREAM,54.91,litre
MR-0014470,PO-0006962,MAT-CARTON,889,each
MR-0014471,PO-0006962,MAT-LABEL,898,each
MR-0014472,PO-0006963,MAT-LABEL,611,each
MR-0014473,PO-0006963,MAT-BULK-CREAM,49.26,litre
MR-0014474,PO-0006964,MAT-BULK-CREAM,52.01,litre
MR-0014475,PO-0006964,MAT-SEAL,680,each
MR-0014476,PO-0006965,MAT-SEAL,514,each
MR-0014477,PO-0006965,MAT-PUMP-CAP,517,each
MR-0014478,PO-0006966,MAT-SEAL,483,each
MR-0014479,PO-0006966,MAT-PUMP-CAP,499,each
MR-0014480,PO-0006967,MAT-CARTON,527,each
MR-0014481,PO-0006967,MAT-LABEL,502,each
MR-0014482,PO-0006968,MAT-LABEL,464,each
MR-0014483,PO-0006968,MAT-BULK-CREAM,37.91,litre
MR-0014484,PO-0006969,MAT-BULK-CREAM,42.94,litre
MR-0014485,PO-0006969,MAT-SEAL,533,each
MR-0014486,PO-0006970,MAT-SEAL,664,each
MR-0014487,PO-0006970,MAT-PUMP-CAP,670,each
MR-0014488,PO-0006971,MAT-PUMP-CAP,950,each
MR-0014489,PO-0006971,MAT-CARTON,965,each
MR-0014490,PO-0006972,MAT-SEAL,435,each
MR-0014491,PO-0006972,MAT-PUMP-CAP,443,each
MR-0014492,PO-0006973,MAT-PUMP-CAP,605,each
MR-0014493,PO-0006973,MAT-CARTON,608,each
MR-0014494,PO-0006974,MAT-BULK-CREAM,67.46,litre
MR-0014495,PO-0006974,MAT-SEAL,835,each
MR-0014496,PO-0006975,MAT-SEAL,915,each
MR-0014497,PO-0006975,MAT-PUMP-CAP,960,each
MR-0014498,PO-0006976,MAT-LABEL,814,each
MR-0014499,PO-0006976,MAT-BULK-CREAM,65.76,litre
MR-0014500,PO-0006977,MAT-LABEL,901,each
MR-0014501,PO-0006977,MAT-BULK-CREAM,72.25,litre
MR-0014502,PO-0006978,MAT-PUMP-CAP,849,each
MR-0014503,PO-0006978,MAT-CARTON,817,each
MR-0014504,PO-0006979,MAT-LABEL,690,each
MR-0014505,PO-0006979,MAT-BULK-CREAM,55.7,litre
MR-0014506,PO-0006980,MAT-BULK-CREAM,51.04,litre
MR-0014507,PO-0006980,MAT-SEAL,622,each
MR-0014508,PO-0006981,MAT-SEAL,1095,each
MR-0014509,PO-0006981,MAT-PUMP-CAP,1065,each
MR-0014510,PO-0006982,MAT-CARTON,846,each
MR-0014511,PO-0006982,MAT-LABEL,819,each
MR-0014512,PO-0006983,MAT-CARTON,665,each
MR-0014513,PO-0006983,MAT-LABEL,674,each
MR-0014514,PO-0006984,MAT-BULK-CREAM,73.25,litre
MR-0014515,PO-0006984,MAT-SEAL,914,each
MR-0014516,PO-0006985,MAT-CARTON,702,each
MR-0014517,PO-0006985,MAT-LABEL,726,each
MR-0014518,PO-0006986,MAT-PUMP-CAP,948,each
MR-0014519,PO-0006986,MAT-CARTON,929,each
MR-0014520,PO-0006987,MAT-SEAL,1096,each
MR-0014521,PO-0006987,MAT-PUMP-CAP,1131,each
MR-0014522,PO-0006988,MAT-CARTON,1447,each
MR-0014523,PO-0006988,MAT-LABEL,1471,each
MR-0014524,PO-0006988,MAT-BULK-CREAM,115.64,litre
MR-0014525,PO-0006989,MAT-LABEL,812,each
MR-0014526,PO-0006989,MAT-BULK-CREAM,65.08,litre
MR-0014527,PO-0006990,MAT-BULK-CREAM,109.69,litre
MR-0014528,PO-0006990,MAT-SEAL,1343,each
MR-0014529,PO-0006991,MAT-SEAL,1123,each
MR-0014530,PO-0006991,MAT-PUMP-CAP,1148,each
MR-0014531,PO-0006992,MAT-PUMP-CAP,977,each
MR-0014532,PO-0006992,MAT-CARTON,963,each
MR-0014533,PO-0006993,MAT-CARTON,1135,each
MR-0014534,PO-0006993,MAT-LABEL,1081,each
MR-0014535,PO-0006994,MAT-LABEL,880,each
MR-0014536,PO-0006994,MAT-BULK-CREAM,69.27,litre
MR-0014537,PO-0006995,MAT-BULK-CREAM,86.99,litre
MR-0014538,PO-0006995,MAT-SEAL,1105,each
MR-0014539,PO-0006996,MAT-SEAL,1199,each
MR-0014540,PO-0006996,MAT-PUMP-CAP,1241,each
MR-0014541,PO-0006997,MAT-PUMP-CAP,1273,each
MR-0014542,PO-0006997,MAT-CARTON,1266,each
MR-0014543,PO-0006998,MAT-LABEL,925,each
MR-0014544,PO-0006998,MAT-BULK-CREAM,76.23,litre
MR-0014545,PO-0006999,MAT-LABEL,709,each
MR-0014546,PO-0006999,MAT-BULK-CREAM,56.2,litre
MR-0014547,PO-0007000,MAT-BULK-CREAM,88.32,litre
MR-0014548,PO-0007000,MAT-SEAL,1074,each
MR-0014549,PO-0007001,MAT-SEAL,915,each
MR-0014550,PO-0007001,MAT-PUMP-CAP,928,each
MR-0014551,PO-0007002,MAT-PUMP-CAP,1284,each
MR-0014552,PO-0007002,MAT-CARTON,1238,each
MR-0014553,PO-0007003,MAT-CARTON,1589,each
MR-0014554,PO-0007003,MAT-LABEL,1556,each
MR-0014555,PO-0007003,MAT-BULK-CREAM,130.98,litre
MR-0014556,PO-0007004,MAT-LABEL,880,each
MR-0014557,PO-0007004,MAT-BULK-CREAM,68.21,litre
MR-0014558,PO-0007005,MAT-PUMP-CAP,931,each
MR-0014559,PO-0007005,MAT-CARTON,905,each
MR-0014560,PO-0007006,MAT-PUMP-CAP,1478,each
MR-0014561,PO-0007006,MAT-CARTON,1455,each
MR-0014562,PO-0007006,MAT-LABEL,1462,each
MR-0014563,PO-0007007,MAT-BULK-CREAM,91.26,litre
MR-0014564,PO-0007007,MAT-SEAL,1156,each
MR-0014565,PO-0007008,MAT-BULK-CREAM,60.31,litre
MR-0014566,PO-0007008,MAT-SEAL,748,each
MR-0014567,PO-0007009,MAT-BULK-CREAM,114.18,litre
MR-0014568,PO-0007009,MAT-SEAL,1433,each
MR-0014569,PO-0007009,MAT-PUMP-CAP,1443,each
MR-0014570,PO-0007010,MAT-SEAL,1185,each
MR-0014571,PO-0007010,MAT-PUMP-CAP,1200,each
MR-0014572,PO-0007011,MAT-CARTON,1411,each
MR-0014573,PO-0007011,MAT-LABEL,1433,each
MR-0014574,PO-0007011,MAT-BULK-CREAM,113.88,litre
MR-0014575,PO-0007012,MAT-BULK-CREAM,61.75,litre
MR-0014576,PO-0007012,MAT-SEAL,757,each
MR-0014577,PO-0007013,MAT-SEAL,1375,each
MR-0014578,PO-0007013,MAT-PUMP-CAP,1405,each
MR-0014579,PO-0007014,MAT-CARTON,881,each
MR-0014580,PO-0007014,MAT-LABEL,921,each
MR-0014581,PO-0007015,MAT-LABEL,1074,each
MR-0014582,PO-0007015,MAT-BULK-CREAM,89.99,litre
MR-0014583,PO-0007016,MAT-BULK-CREAM,60.08,litre
MR-0014584,PO-0007016,MAT-SEAL,746,each
MR-0014585,PO-0007017,MAT-CARTON,791,each
MR-0014586,PO-0007017,MAT-LABEL,780,each
MR-0014587,PO-0007018,MAT-PUMP-CAP,1418,each
MR-0014588,PO-0007018,MAT-CARTON,1425,each
MR-0014589,PO-0007018,MAT-LABEL,1398,each
MR-0014590,PO-0007019,MAT-BULK-CREAM,80.52,litre
MR-0014591,PO-0007019,MAT-SEAL,1016,each
MR-0014592,PO-0007020,MAT-SEAL,672,each
MR-0014593,PO-0007020,MAT-PUMP-CAP,704,each
MR-0014594,PO-0007021,MAT-BULK-CREAM,56.61,litre
MR-0014595,PO-0007021,MAT-SEAL,706,each
MR-0014596,PO-0007022,MAT-BULK-CREAM,77.31,litre
MR-0014597,PO-0007022,MAT-SEAL,958,each
MR-0014598,PO-0007023,MAT-PUMP-CAP,519,each
MR-0014599,PO-0007023,MAT-CARTON,530,each
MR-0014600,PO-0007024,MAT-PUMP-CAP,840,each
MR-0014601,PO-0007024,MAT-CARTON,826,each
MR-0014602,PO-0007025,MAT-CARTON,689,each
MR-0014603,PO-0007025,MAT-LABEL,667,each
MR-0014604,PO-0007026,MAT-LABEL,555,each
MR-0014605,PO-0007026,MAT-BULK-CREAM,44.15,litre
MR-0014606,PO-0007027,MAT-LABEL,851,each
MR-0014607,PO-0007027,MAT-BULK-CREAM,68.45,litre
MR-0014608,PO-0007028,MAT-PUMP-CAP,1059,each
MR-0014609,PO-0007028,MAT-CARTON,1045,each
MR-0014610,PO-0007029,MAT-BULK-CREAM,34.2,litre
MR-0014611,PO-0007029,MAT-SEAL,421,each
MR-0014612,PO-0007030,MAT-SEAL,433,each
MR-0014613,PO-0007030,MAT-PUMP-CAP,453,each
MR-0014614,PO-0007031,MAT-PUMP-CAP,790,each
MR-0014615,PO-0007031,MAT-CARTON,768,each
MR-0014616,PO-0007032,MAT-CARTON,567,each
MR-0014617,PO-0007032,MAT-LABEL,564,each
MR-0014618,PO-0007033,MAT-LABEL,451,each
MR-0014619,PO-0007033,MAT-BULK-CREAM,34.78,litre
MR-0014620,PO-0007034,MAT-BULK-CREAM,51.75,litre
MR-0014621,PO-0007034,MAT-SEAL,631,each
MR-0014622,PO-0007035,MAT-SEAL,760,each
MR-0014623,PO-0007035,MAT-PUMP-CAP,760,each
MR-0014624,PO-0007036,MAT-PUMP-CAP,477,each
MR-0014625,PO-0007036,MAT-CARTON,475,each
MR-0014626,PO-0007037,MAT-SEAL,606,each
MR-0014627,PO-0007037,MAT-PUMP-CAP,636,each
MR-0014628,PO-0007038,MAT-LABEL,670,each
MR-0014629,PO-0007038,MAT-BULK-CREAM,53.34,litre
MR-0014630,PO-0007039,MAT-PUMP-CAP,957,each
MR-0014631,PO-0007039,MAT-CARTON,967,each
MR-0014632,PO-0007040,MAT-SEAL,861,each
MR-0014633,PO-0007040,MAT-PUMP-CAP,854,each
MR-0014634,PO-0007041,MAT-LABEL,717,each
MR-0014635,PO-0007041,MAT-BULK-CREAM,56.2,litre
MR-0014636,PO-0007042,MAT-SEAL,868,each
MR-0014637,PO-0007042,MAT-PUMP-CAP,871,each
MR-0014638,PO-0007043,MAT-PUMP-CAP,457,each
MR-0014639,PO-0007043,MAT-CARTON,432,each
MR-0014640,PO-0007044,MAT-LABEL,1022,each
MR-0014641,PO-0007044,MAT-BULK-CREAM,84.47,litre
MR-0014642,PO-0007045,MAT-BULK-CREAM,44.92,litre
MR-0014643,PO-0007045,MAT-SEAL,546,each
MR-0014644,PO-0007046,MAT-SEAL,559,each
MR-0014645,PO-0007046,MAT-PUMP-CAP,579,each
MR-0014646,PO-0007047,MAT-SEAL,820,each
MR-0014647,PO-0007047,MAT-PUMP-CAP,842,each
MR-0014648,PO-0007048,MAT-CARTON,538,each
MR-0014649,PO-0007048,MAT-LABEL,535,each
MR-0014650,PO-0007049,MAT-LABEL,1148,each
MR-0014651,PO-0007049,MAT-BULK-CREAM,88.13,litre
MR-0014652,PO-0007050,MAT-BULK-CREAM,69.23,litre
MR-0014653,PO-0007050,MAT-SEAL,858,each
MR-0014654,PO-0007051,MAT-SEAL,597,each
MR-0014655,PO-0007051,MAT-PUMP-CAP,604,each
MR-0014656,PO-0007052,MAT-PUMP-CAP,569,each
MR-0014657,PO-0007052,MAT-CARTON,549,each
MR-0014658,PO-0007053,MAT-PUMP-CAP,1489,each
MR-0014659,PO-0007053,MAT-CARTON,1430,each
MR-0014660,PO-0007053,MAT-LABEL,1430,each
MR-0014661,PO-0007054,MAT-SEAL,1062,each
MR-0014662,PO-0007054,MAT-PUMP-CAP,1066,each
MR-0014663,PO-0007055,MAT-BULK-CREAM,107.3,litre
MR-0014664,PO-0007055,MAT-SEAL,1328,each
MR-0014665,PO-0007056,MAT-SEAL,1321,each
MR-0014666,PO-0007056,MAT-PUMP-CAP,1390,each
MR-0014667,PO-0007057,MAT-PUMP-CAP,893,each
MR-0014668,PO-0007057,MAT-CARTON,890,each
MR-0014669,PO-0007058,MAT-CARTON,1131,each
MR-0014670,PO-0007058,MAT-LABEL,1104,each
MR-0014671,PO-0007059,MAT-LABEL,819,each
MR-0014672,PO-0007059,MAT-BULK-CREAM,66.25,litre
MR-0014673,PO-0007060,MAT-SEAL,956,each
MR-0014674,PO-0007060,MAT-PUMP-CAP,987,each
MR-0014675,PO-0007061,MAT-PUMP-CAP,746,each
MR-0014676,PO-0007061,MAT-CARTON,750,each
MR-0014677,PO-0007062,MAT-PUMP-CAP,750,each
MR-0014678,PO-0007062,MAT-CARTON,718,each
MR-0014679,PO-0007063,MAT-LABEL,1236,each
MR-0014680,PO-0007063,MAT-BULK-CREAM,99.59,litre
MR-0014681,PO-0007064,MAT-LABEL,1453,each
MR-0014682,PO-0007064,MAT-BULK-CREAM,116.73,litre
MR-0014683,PO-0007064,MAT-SEAL,1444,each
MR-0014684,PO-0007065,MAT-BULK-CREAM,77.21,litre
MR-0014685,PO-0007065,MAT-SEAL,958,each
MR-0014686,PO-0007066,MAT-SEAL,1442,each
MR-0014687,PO-0007066,MAT-PUMP-CAP,1504,each
MR-0014688,PO-0007066,MAT-CARTON,1482,each
MR-0014689,PO-0007067,MAT-PUMP-CAP,1132,each
MR-0014690,PO-0007067,MAT-CARTON,1156,each
MR-0014691,PO-0007068,MAT-CARTON,987,each
MR-0014692,PO-0007068,MAT-LABEL,958,each
MR-0014693,PO-0007069,MAT-CARTON,724,each
MR-0014694,PO-0007069,MAT-LABEL,724,each
MR-0014695,PO-0007070,MAT-PUMP-CAP,1031,each
MR-0014696,PO-0007070,MAT-CARTON,1027,each
MR-0014697,PO-0007071,MAT-PUMP-CAP,1097,each
MR-0014698,PO-0007071,MAT-CARTON,1069,each
MR-0014699,PO-0007072,MAT-CARTON,1343,each
MR-0014700,PO-0007072,MAT-LABEL,1281,each
MR-0014701,PO-0007073,MAT-LABEL,1508,each
MR-0014702,PO-0007073,MAT-BULK-CREAM,117.18,litre
MR-0014703,PO-0007073,MAT-SEAL,1457,each
MR-0014704,PO-0007074,MAT-BULK-CREAM,78.32,litre
MR-0014705,PO-0007074,MAT-SEAL,989,each
MR-0014706,PO-0007075,MAT-LABEL,1400,each
MR-0014707,PO-0007075,MAT-BULK-CREAM,112.22,litre
MR-0014708,PO-0007075,MAT-SEAL,1385,each
MR-0014709,PO-0007076,MAT-PUMP-CAP,663,each
MR-0014710,PO-0007076,MAT-CARTON,650,each
MR-0014711,PO-0007077,MAT-CARTON,681,each
MR-0014712,PO-0007077,MAT-LABEL,672,each
MR-0014713,PO-0007078,MAT-LABEL,977,each
MR-0014714,PO-0007078,MAT-BULK-CREAM,76.55,litre
MR-0014715,PO-0007079,MAT-SEAL,1183,each
MR-0014716,PO-0007079,MAT-PUMP-CAP,1195,each
MR-0014717,PO-0007080,MAT-SEAL,1257,each
MR-0014718,PO-0007080,MAT-PUMP-CAP,1276,each
MR-0014719,PO-0007081,MAT-PUMP-CAP,677,each
MR-0014720,PO-0007081,MAT-CARTON,671,each
MR-0014721,PO-0007082,MAT-CARTON,1120,each
MR-0014722,PO-0007082,MAT-LABEL,1138,each
MR-0014723,PO-0007083,MAT-LABEL,1487,each
MR-0014724,PO-0007083,MAT-BULK-CREAM,119.03,litre
MR-0014725,PO-0007083,MAT-SEAL,1450,each
MR-0014726,PO-0007084,MAT-PUMP-CAP,1513,each
MR-0014727,PO-0007084,MAT-CARTON,1451,each
MR-0014728,PO-0007084,MAT-LABEL,1428,each
MR-0014729,PO-0007085,MAT-PUMP-CAP,648,each
MR-0014730,PO-0007085,MAT-CARTON,641,each
MR-0014731,PO-0007086,MAT-BULK-CREAM,74.67,litre
MR-0014732,PO-0007086,MAT-SEAL,951,each
MR-0014733,PO-0007087,MAT-CARTON,734,each
MR-0014734,PO-0007087,MAT-LABEL,765,each
MR-0014735,PO-0007088,MAT-SEAL,504,each
MR-0014736,PO-0007088,MAT-PUMP-CAP,503,each
MR-0014737,PO-0007089,MAT-SEAL,853,each
MR-0014738,PO-0007089,MAT-PUMP-CAP,888,each
MR-0014739,PO-0007090,MAT-PUMP-CAP,788,each
MR-0014740,PO-0007090,MAT-CARTON,789,each
MR-0014741,PO-0007091,MAT-LABEL,1021,each
MR-0014742,PO-0007091,MAT-BULK-CREAM,84.03,litre
MR-0014743,PO-0007092,MAT-BULK-CREAM,51.43,litre
MR-0014744,PO-0007092,MAT-SEAL,638,each
MR-0014745,PO-0007093,MAT-BULK-CREAM,63.23,litre
MR-0014746,PO-0007093,MAT-SEAL,792,each
MR-0014747,PO-0007094,MAT-BULK-CREAM,37,litre
MR-0014748,PO-0007094,MAT-SEAL,470,each
MR-0014749,PO-0007095,MAT-LABEL,526,each
MR-0014750,PO-0007095,MAT-BULK-CREAM,40.63,litre
MR-0014751,PO-0007096,MAT-PUMP-CAP,564,each
MR-0014752,PO-0007096,MAT-CARTON,563,each
MR-0014753,PO-0007097,MAT-CARTON,500,each
MR-0014754,PO-0007097,MAT-LABEL,477,each
MR-0014755,PO-0007098,MAT-LABEL,860,each
MR-0014756,PO-0007098,MAT-BULK-CREAM,67.56,litre
MR-0014757,PO-0007099,MAT-BULK-CREAM,36.15,litre
MR-0014758,PO-0007099,MAT-SEAL,440,each
MR-0014759,PO-0007100,MAT-SEAL,898,each
MR-0014760,PO-0007100,MAT-PUMP-CAP,897,each
MR-0014761,PO-0007101,MAT-PUMP-CAP,813,each
MR-0014762,PO-0007101,MAT-CARTON,794,each
MR-0014763,PO-0007102,MAT-SEAL,657,each
MR-0014764,PO-0007102,MAT-PUMP-CAP,669,each
MR-0014765,PO-0007103,MAT-LABEL,931,each
MR-0014766,PO-0007103,MAT-BULK-CREAM,75.11,litre
MR-0014767,PO-0007104,MAT-SEAL,545,each
MR-0014768,PO-0007104,MAT-PUMP-CAP,561,each
MR-0014769,PO-0007105,MAT-SEAL,960,each
MR-0014770,PO-0007105,MAT-PUMP-CAP,977,each
MR-0014771,PO-0007106,MAT-CARTON,955,each
MR-0014772,PO-0007106,MAT-LABEL,938,each
MR-0014773,PO-0007107,MAT-BULK-CREAM,53.58,litre
MR-0014774,PO-0007107,MAT-SEAL,676,each
MR-0014775,PO-0007108,MAT-LABEL,708,each
MR-0014776,PO-0007108,MAT-BULK-CREAM,58.11,litre
MR-0014777,PO-0007109,MAT-LABEL,677,each
MR-0014778,PO-0007109,MAT-BULK-CREAM,53.33,litre
MR-0014779,PO-0007110,MAT-BULK-CREAM,45.83,litre
MR-0014780,PO-0007110,MAT-SEAL,577,each
MR-0014781,PO-0007111,MAT-SEAL,799,each
MR-0014782,PO-0007111,MAT-PUMP-CAP,836,each
MR-0014783,PO-0007112,MAT-PUMP-CAP,559,each
MR-0014784,PO-0007112,MAT-CARTON,539,each
MR-0014785,PO-0007113,MAT-CARTON,1042,each
MR-0014786,PO-0007113,MAT-LABEL,1029,each
MR-0014787,PO-0007114,MAT-LABEL,1108,each
MR-0014788,PO-0007114,MAT-BULK-CREAM,86.45,litre
MR-0014789,PO-0007115,MAT-BULK-CREAM,63.73,litre
MR-0014790,PO-0007115,MAT-SEAL,821,each
MR-0014791,PO-0007116,MAT-SEAL,869,each
MR-0014792,PO-0007116,MAT-PUMP-CAP,895,each
MR-0014793,PO-0007117,MAT-SEAL,742,each
MR-0014794,PO-0007117,MAT-PUMP-CAP,758,each
MR-0014795,PO-0007118,MAT-CARTON,810,each
MR-0014796,PO-0007118,MAT-LABEL,826,each
MR-0014797,PO-0007119,MAT-LABEL,1595,each
MR-0014798,PO-0007119,MAT-BULK-CREAM,123.53,litre
MR-0014799,PO-0007119,MAT-SEAL,1558,each
MR-0014800,PO-0007120,MAT-BULK-CREAM,114.54,litre
MR-0014801,PO-0007120,MAT-SEAL,1474,each
MR-0014802,PO-0007120,MAT-PUMP-CAP,1446,each
MR-0014803,PO-0007121,MAT-SEAL,1189,each
MR-0014804,PO-0007121,MAT-PUMP-CAP,1212,each
MR-0014805,PO-0007122,MAT-LABEL,1383,each
MR-0014806,PO-0007122,MAT-BULK-CREAM,109.16,litre
MR-0014807,PO-0007123,MAT-PUMP-CAP,957,each
MR-0014808,PO-0007123,MAT-CARTON,955,each
MR-0014809,PO-0007124,MAT-LABEL,1418,each
MR-0014810,PO-0007124,MAT-BULK-CREAM,111.55,litre
MR-0014811,PO-0007124,MAT-SEAL,1396,each
MR-0014812,PO-0007125,MAT-BULK-CREAM,92.16,litre
MR-0014813,PO-0007125,MAT-SEAL,1185,each
MR-0014814,PO-0007126,MAT-SEAL,1022,each
MR-0014815,PO-0007126,MAT-PUMP-CAP,1034,each
MR-0014816,PO-0007127,MAT-PUMP-CAP,1115,each
MR-0014817,PO-0007127,MAT-CARTON,1119,each
MR-0014818,PO-0007128,MAT-SEAL,903,each
MR-0014819,PO-0007128,MAT-PUMP-CAP,924,each
MR-0014820,PO-0007129,MAT-BULK-CREAM,108.23,litre
MR-0014821,PO-0007129,MAT-SEAL,1350,each
MR-0014822,PO-0007130,MAT-BULK-CREAM,96.28,litre
MR-0014823,PO-0007130,MAT-SEAL,1269,each
MR-0014824,PO-0007131,MAT-LABEL,1224,each
MR-0014825,PO-0007131,MAT-BULK-CREAM,95.11,litre
MR-0014826,PO-0007132,MAT-PUMP-CAP,1344,each
MR-0014827,PO-0007132,MAT-CARTON,1322,each
MR-0014828,PO-0007133,MAT-CARTON,1558,each
MR-0014829,PO-0007133,MAT-LABEL,1622,each
MR-0014830,PO-0007133,MAT-BULK-CREAM,124.94,litre
MR-0014831,PO-0007134,MAT-LABEL,1531,each
MR-0014832,PO-0007134,MAT-BULK-CREAM,120.06,litre
MR-0014833,PO-0007134,MAT-SEAL,1520,each
MR-0014834,PO-0007135,MAT-PUMP-CAP,1102,each
MR-0014835,PO-0007135,MAT-CARTON,1086,each
MR-0014836,PO-0007136,MAT-BULK-CREAM,59.52,litre
MR-0014837,PO-0007136,MAT-SEAL,764,each
MR-0014838,PO-0007137,MAT-SEAL,700,each
MR-0014839,PO-0007137,MAT-PUMP-CAP,726,each
MR-0014840,PO-0007138,MAT-BULK-CREAM,84.06,litre
MR-0014841,PO-0007138,MAT-SEAL,1046,each
MR-0014842,PO-0007139,MAT-BULK-CREAM,89.05,litre
MR-0014843,PO-0007139,MAT-SEAL,1083,each
MR-0014844,PO-0007140,MAT-CARTON,1008,each
MR-0014845,PO-0007140,MAT-LABEL,1021,each
MR-0014846,PO-0007141,MAT-CARTON,722,each
MR-0014847,PO-0007141,MAT-LABEL,716,each
MR-0014848,PO-0007142,MAT-CARTON,1272,each
MR-0014849,PO-0007142,MAT-LABEL,1291,each
MR-0014850,PO-0007143,MAT-LABEL,796,each
MR-0014851,PO-0007143,MAT-BULK-CREAM,64.64,litre
MR-0014852,PO-0007144,MAT-BULK-CREAM,97.25,litre
MR-0014853,PO-0007144,MAT-SEAL,1203,each
MR-0014854,PO-0007145,MAT-PUMP-CAP,977,each
MR-0014855,PO-0007145,MAT-CARTON,953,each
MR-0014856,PO-0007146,MAT-SEAL,1006,each
MR-0014857,PO-0007146,MAT-PUMP-CAP,1066,each
MR-0014858,PO-0007147,MAT-CARTON,1280,each
MR-0014859,PO-0007147,MAT-LABEL,1243,each
MR-0014860,PO-0007148,MAT-SEAL,901,each
MR-0014861,PO-0007148,MAT-PUMP-CAP,952,each
MR-0014862,PO-0007149,MAT-BULK-CREAM,55.83,litre
MR-0014863,PO-0007149,MAT-SEAL,699,each
MR-0014864,PO-0007150,MAT-PUMP-CAP,613,each
MR-0014865,PO-0007150,MAT-CARTON,602,each
MR-0014866,PO-0007151,MAT-CARTON,747,each
MR-0014867,PO-0007151,MAT-LABEL,730,each
MR-0014868,PO-0007152,MAT-SEAL,927,each
MR-0014869,PO-0007152,MAT-PUMP-CAP,960,each
MR-0014870,PO-0007153,MAT-BULK-CREAM,70.4,litre
MR-0014871,PO-0007153,MAT-SEAL,892,each
MR-0014872,PO-0007154,MAT-CARTON,1061,each
MR-0014873,PO-0007154,MAT-LABEL,1027,each
MR-0014874,PO-0007155,MAT-SEAL,975,each
MR-0014875,PO-0007155,MAT-PUMP-CAP,999,each
MR-0014876,PO-0007156,MAT-CARTON,1042,each
MR-0014877,PO-0007156,MAT-LABEL,1063,each
MR-0014878,PO-0007157,MAT-CARTON,879,each
MR-0014879,PO-0007157,MAT-LABEL,861,each
MR-0014880,PO-0007158,MAT-LABEL,689,each
MR-0014881,PO-0007158,MAT-BULK-CREAM,54.5,litre
MR-0014882,PO-0007159,MAT-BULK-CREAM,68.91,litre
MR-0014883,PO-0007159,MAT-SEAL,839,each
MR-0014884,PO-0007160,MAT-BULK-CREAM,44.11,litre
MR-0014885,PO-0007160,MAT-SEAL,555,each
MR-0014886,PO-0007161,MAT-PUMP-CAP,685,each
MR-0014887,PO-0007161,MAT-CARTON,693,each
MR-0014888,PO-0007162,MAT-LABEL,647,each
MR-0014889,PO-0007162,MAT-BULK-CREAM,50.07,litre
MR-0014890,PO-0007163,MAT-LABEL,600,each
MR-0014891,PO-0007163,MAT-BULK-CREAM,48.68,litre
MR-0014892,PO-0007164,MAT-BULK-CREAM,44.81,litre
MR-0014893,PO-0007164,MAT-SEAL,556,each
MR-0014894,PO-0007165,MAT-PUMP-CAP,938,each
MR-0014895,PO-0007165,MAT-CARTON,916,each
MR-0014896,PO-0007166,MAT-PUMP-CAP,815,each
MR-0014897,PO-0007166,MAT-CARTON,779,each
MR-0014898,PO-0007167,MAT-SEAL,461,each
MR-0014899,PO-0007167,MAT-PUMP-CAP,471,each
MR-0014900,PO-0007168,MAT-SEAL,800,each
MR-0014901,PO-0007168,MAT-PUMP-CAP,803,each
MR-0014902,PO-0007169,MAT-SEAL,683,each
MR-0014903,PO-0007169,MAT-PUMP-CAP,666,each
MR-0014904,PO-0007170,MAT-LABEL,862,each
MR-0014905,PO-0007170,MAT-BULK-CREAM,67.47,litre
MR-0014906,PO-0007171,MAT-BULK-CREAM,62.8,litre
MR-0014907,PO-0007171,MAT-SEAL,761,each
MR-0014908,PO-0007172,MAT-SEAL,639,each
MR-0014909,PO-0007172,MAT-PUMP-CAP,615,each
MR-0014910,PO-0007173,MAT-CARTON,942,each
MR-0014911,PO-0007173,MAT-LABEL,915,each
MR-0014912,PO-0007174,MAT-BULK-CREAM,62.27,litre
MR-0014913,PO-0007174,MAT-SEAL,759,each
MR-0014914,PO-0007175,MAT-BULK-CREAM,52.53,litre
MR-0014915,PO-0007175,MAT-SEAL,641,each
MR-0014916,PO-0007176,MAT-SEAL,600,each
MR-0014917,PO-0007176,MAT-PUMP-CAP,633,each
MR-0014918,PO-0007177,MAT-SEAL,718,each
MR-0014919,PO-0007177,MAT-PUMP-CAP,759,each
MR-0014920,PO-0007178,MAT-CARTON,902,each
MR-0014921,PO-0007178,MAT-LABEL,880,each
MR-0014922,PO-0007179,MAT-LABEL,893,each
MR-0014923,PO-0007179,MAT-BULK-CREAM,73.78,litre
MR-0014924,PO-0007180,MAT-BULK-CREAM,53.67,litre
MR-0014925,PO-0007180,MAT-SEAL,683,each
MR-0014926,PO-0007181,MAT-SEAL,1019,each
MR-0014927,PO-0007181,MAT-PUMP-CAP,1028,each
MR-0014928,PO-0007182,MAT-LABEL,1107,each
MR-0014929,PO-0007182,MAT-BULK-CREAM,88.13,litre
MR-0014930,PO-0007183,MAT-CARTON,1541,each
MR-0014931,PO-0007183,MAT-LABEL,1523,each
MR-0014932,PO-0007183,MAT-BULK-CREAM,120.83,litre
MR-0014933,PO-0007184,MAT-BULK-CREAM,69.17,litre
MR-0014934,PO-0007184,MAT-SEAL,876,each
MR-0014935,PO-0007185,MAT-SEAL,1474,each
MR-0014936,PO-0007185,MAT-PUMP-CAP,1483,each
MR-0014937,PO-0007185,MAT-CARTON,1472,each
MR-0014938,PO-0007186,MAT-SEAL,1606,each
MR-0014939,PO-0007186,MAT-PUMP-CAP,1703,each
MR-0014940,PO-0007186,MAT-CARTON,1609,each
MR-0014941,PO-0007187,MAT-PUMP-CAP,1375,each
MR-0014942,PO-0007187,MAT-CARTON,1372,each
MR-0014943,PO-0007188,MAT-CARTON,1226,each
MR-0014944,PO-0007188,MAT-LABEL,1185,each
MR-0014945,PO-0007189,MAT-LABEL,1414,each
MR-0014946,PO-0007189,MAT-BULK-CREAM,109.67,litre
MR-0014947,PO-0007189,MAT-SEAL,1383,each
MR-0014948,PO-0007190,MAT-BULK-CREAM,68.45,litre
MR-0014949,PO-0007190,MAT-SEAL,833,each
MR-0014950,PO-0007191,MAT-SEAL,727,each
MR-0014951,PO-0007191,MAT-PUMP-CAP,727,each
MR-0014952,PO-0007192,MAT-PUMP-CAP,1317,each
MR-0014953,PO-0007192,MAT-CARTON,1285,each
MR-0014954,PO-0007193,MAT-PUMP-CAP,1313,each
MR-0014955,PO-0007193,MAT-CARTON,1331,each
MR-0014956,PO-0007194,MAT-BULK-CREAM,113.83,litre
MR-0014957,PO-0007194,MAT-SEAL,1365,each
MR-0014958,PO-0007194,MAT-PUMP-CAP,1408,each
MR-0014959,PO-0007195,MAT-BULK-CREAM,97.29,litre
MR-0014960,PO-0007195,MAT-SEAL,1237,each
MR-0014961,PO-0007196,MAT-CARTON,1301,each
MR-0014962,PO-0007196,MAT-LABEL,1297,each
MR-0014963,PO-0007197,MAT-PUMP-CAP,944,each
MR-0014964,PO-0007197,MAT-CARTON,932,each
MR-0014965,PO-0007198,MAT-CARTON,1221,each
MR-0014966,PO-0007198,MAT-LABEL,1225,each
MR-0014967,PO-0007199,MAT-CARTON,1096,each
MR-0014968,PO-0007199,MAT-LABEL,1081,each
MR-0014969,PO-0007200,MAT-SEAL,1053,each
MR-0014970,PO-0007200,MAT-PUMP-CAP,1083,each
MR-0014971,PO-0007201,MAT-BULK-CREAM,56.11,litre
MR-0014972,PO-0007201,MAT-SEAL,691,each
MR-0014973,PO-0007202,MAT-LABEL,866,each
MR-0014974,PO-0007202,MAT-BULK-CREAM,67.72,litre
MR-0014975,PO-0007203,MAT-LABEL,1367,each
MR-0014976,PO-0007203,MAT-BULK-CREAM,108.86,litre
MR-0014977,PO-0007204,MAT-BULK-CREAM,107.26,litre
MR-0014978,PO-0007204,MAT-SEAL,1276,each
MR-0014979,PO-0007205,MAT-SEAL,742,each
MR-0014980,PO-0007205,MAT-PUMP-CAP,739,each
MR-0014981,PO-0007206,MAT-PUMP-CAP,924,each
MR-0014982,PO-0007206,MAT-CARTON,911,each
MR-0014983,PO-0007207,MAT-CARTON,1351,each
MR-0014984,PO-0007207,MAT-LABEL,1407,each
MR-0014985,PO-0007208,MAT-LABEL,1181,each
MR-0014986,PO-0007208,MAT-BULK-CREAM,93.38,litre
MR-0014987,PO-0007209,MAT-BULK-CREAM,57.09,litre
MR-0014988,PO-0007209,MAT-SEAL,725,each
MR-0014989,PO-0007210,MAT-SEAL,959,each
MR-0014990,PO-0007210,MAT-PUMP-CAP,949,each
MR-0014991,PO-0007211,MAT-PUMP-CAP,969,each
MR-0014992,PO-0007211,MAT-CARTON,968,each
MR-0014993,PO-0007212,MAT-CARTON,720,each
MR-0014994,PO-0007212,MAT-LABEL,730,each
MR-0014995,PO-0007213,MAT-SEAL,1330,each
MR-0014996,PO-0007213,MAT-PUMP-CAP,1395,each
MR-0014997,PO-0007214,MAT-BULK-CREAM,43.71,litre
MR-0014998,PO-0007214,MAT-SEAL,554,each
MR-0014999,PO-0007215,MAT-LABEL,792,each
MR-0015000,PO-0007215,MAT-BULK-CREAM,63.09,litre
MR-0015001,PO-0007216,MAT-CARTON,849,each
MR-0015002,PO-0007216,MAT-LABEL,854,each
MR-0015003,PO-0007217,MAT-LABEL,1079,each
MR-0015004,PO-0007217,MAT-BULK-CREAM,86.15,litre
MR-0015005,PO-0007218,MAT-SEAL,751,each
MR-0015006,PO-0007218,MAT-PUMP-CAP,754,each
MR-0015007,PO-0007219,MAT-BULK-CREAM,48.6,litre
MR-0015008,PO-0007219,MAT-SEAL,613,each
MR-0015009,PO-0007220,MAT-PUMP-CAP,610,each
MR-0015010,PO-0007220,MAT-CARTON,608,each
MR-0015011,PO-0007221,MAT-PUMP-CAP,859,each
MR-0015012,PO-0007221,MAT-CARTON,842,each
MR-0015013,PO-0007222,MAT-CARTON,493,each
MR-0015014,PO-0007222,MAT-LABEL,480,each
MR-0015015,PO-0007223,MAT-LABEL,699,each
MR-0015016,PO-0007223,MAT-BULK-CREAM,54.4,litre
MR-0015017,PO-0007224,MAT-BULK-CREAM,48.45,litre
MR-0015018,PO-0007224,MAT-SEAL,614,each
MR-0015019,PO-0007225,MAT-SEAL,731,each
MR-0015020,PO-0007225,MAT-PUMP-CAP,755,each
MR-0015021,PO-0007226,MAT-SEAL,544,each
MR-0015022,PO-0007226,MAT-PUMP-CAP,560,each
MR-0015023,PO-0007227,MAT-CARTON,822,each
MR-0015024,PO-0007227,MAT-LABEL,834,each
MR-0015025,PO-0007228,MAT-LABEL,447,each
MR-0015026,PO-0007228,MAT-BULK-CREAM,35.08,litre
MR-0015027,PO-0007229,MAT-BULK-CREAM,39.19,litre
MR-0015028,PO-0007229,MAT-SEAL,488,each
MR-0015029,PO-0007230,MAT-PUMP-CAP,588,each
MR-0015030,PO-0007230,MAT-CARTON,565,each
MR-0015031,PO-0007231,MAT-PUMP-CAP,811,each
MR-0015032,PO-0007231,MAT-CARTON,800,each
MR-0015033,PO-0007232,MAT-LABEL,910,each
MR-0015034,PO-0007232,MAT-BULK-CREAM,72.96,litre
MR-0015035,PO-0007233,MAT-PUMP-CAP,985,each
MR-0015036,PO-0007233,MAT-CARTON,974,each
MR-0015037,PO-0007234,MAT-PUMP-CAP,583,each
MR-0015038,PO-0007234,MAT-CARTON,586,each
MR-0015039,PO-0007235,MAT-SEAL,684,each
MR-0015040,PO-0007235,MAT-PUMP-CAP,675,each
MR-0015041,PO-0007236,MAT-CARTON,565,each
MR-0015042,PO-0007236,MAT-LABEL,564,each
MR-0015043,PO-0007237,MAT-LABEL,1112,each
MR-0015044,PO-0007237,MAT-BULK-CREAM,89.84,litre
MR-0015045,PO-0007238,MAT-PUMP-CAP,957,each
MR-0015046,PO-0007238,MAT-CARTON,967,each
MR-0015047,PO-0007239,MAT-LABEL,568,each
MR-0015048,PO-0007239,MAT-BULK-CREAM,44.4,litre
MR-0015049,PO-0007240,MAT-CARTON,858,each
MR-0015050,PO-0007240,MAT-LABEL,852,each
MR-0015051,PO-0007241,MAT-SEAL,608,each
MR-0015052,PO-0007241,MAT-PUMP-CAP,633,each
MR-0015053,PO-0007242,MAT-PUMP-CAP,740,each
MR-0015054,PO-0007242,MAT-CARTON,728,each
MR-0015055,PO-0007243,MAT-CARTON,625,each
MR-0015056,PO-0007243,MAT-LABEL,640,each
MR-0015057,PO-0007244,MAT-BULK-CREAM,72.73,litre
MR-0015058,PO-0007244,MAT-SEAL,914,each
MR-0015059,PO-0007245,MAT-BULK-CREAM,65.63,litre
MR-0015060,PO-0007245,MAT-SEAL,808,each
MR-0015061,PO-0007246,MAT-SEAL,897,each
MR-0015062,PO-0007246,MAT-PUMP-CAP,912,each
MR-0015063,PO-0007247,MAT-PUMP-CAP,1516,each
MR-0015064,PO-0007247,MAT-CARTON,1514,each
MR-0015065,PO-0007247,MAT-LABEL,1543,each
MR-0015066,PO-0007248,MAT-CARTON,938,each
MR-0015067,PO-0007248,MAT-LABEL,915,each
MR-0015068,PO-0007249,MAT-LABEL,1508,each
MR-0015069,PO-0007249,MAT-BULK-CREAM,124.15,litre
MR-0015070,PO-0007249,MAT-SEAL,1555,each
MR-0015071,PO-0007250,MAT-PUMP-CAP,1071,each
MR-0015072,PO-0007250,MAT-CARTON,1109,each
MR-0015073,PO-0007251,MAT-SEAL,827,each
MR-0015074,PO-0007251,MAT-PUMP-CAP,864,each
MR-0015075,PO-0007252,MAT-CARTON,1224,each
MR-0015076,PO-0007252,MAT-LABEL,1174,each
MR-0015077,PO-0007253,MAT-LABEL,1462,each
MR-0015078,PO-0007253,MAT-BULK-CREAM,116.12,litre
MR-0015079,PO-0007253,MAT-SEAL,1448,each
MR-0015080,PO-0007254,MAT-LABEL,1085,each
MR-0015081,PO-0007254,MAT-BULK-CREAM,87.43,litre
MR-0015082,PO-0007255,MAT-SEAL,1230,each
MR-0015083,PO-0007255,MAT-PUMP-CAP,1233,each
MR-0015084,PO-0007256,MAT-SEAL,953,each
MR-0015085,PO-0007256,MAT-PUMP-CAP,978,each
MR-0015086,PO-0007257,MAT-PUMP-CAP,1085,each
MR-0015087,PO-0007257,MAT-CARTON,1056,each
MR-0015088,PO-0007258,MAT-CARTON,1114,each
MR-0015089,PO-0007258,MAT-LABEL,1081,each
MR-0015090,PO-0007259,MAT-LABEL,808,each
MR-0015091,PO-0007259,MAT-BULK-CREAM,65.67,litre
MR-0015092,PO-0007260,MAT-BULK-CREAM,117.28,litre
MR-0015093,PO-0007260,MAT-SEAL,1425,each
MR-0015094,PO-0007260,MAT-PUMP-CAP,1482,each
MR-0015095,PO-0007261,MAT-SEAL,1379,each
MR-0015096,PO-0007261,MAT-PUMP-CAP,1422,each
MR-0015097,PO-0007262,MAT-PUMP-CAP,1549,each
MR-0015098,PO-0007262,MAT-CARTON,1484,each
MR-0015099,PO-0007262,MAT-LABEL,1529,each
MR-0015100,PO-0007263,MAT-SEAL,1438,each
MR-0015101,PO-0007263,MAT-PUMP-CAP,1470,each
MR-0015102,PO-0007263,MAT-CARTON,1473,each
MR-0015103,PO-0007264,MAT-BULK-CREAM,95.16,litre
MR-0015104,PO-0007264,MAT-SEAL,1219,each
MR-0015105,PO-0007265,MAT-PUMP-CAP,1010,each
MR-0015106,PO-0007265,MAT-CARTON,1004,each
MR-0015107,PO-0007266,MAT-CARTON,840,each
MR-0015108,PO-0007266,MAT-LABEL,859,each
MR-0015109,PO-0007267,MAT-CARTON,956,each
MR-0015110,PO-0007267,MAT-LABEL,950,each
MR-0015111,PO-0007268,MAT-PUMP-CAP,1179,each
MR-0015112,PO-0007268,MAT-CARTON,1166,each
MR-0015113,PO-0007269,MAT-BULK-CREAM,58.69,litre
MR-0015114,PO-0007269,MAT-SEAL,716,each
MR-0015115,PO-0007270,MAT-LABEL,1464,each
MR-0015116,PO-0007270,MAT-BULK-CREAM,119.11,litre
MR-0015117,PO-0007270,MAT-SEAL,1458,each
MR-0015118,PO-0007271,MAT-PUMP-CAP,1179,each
MR-0015119,PO-0007271,MAT-CARTON,1157,each
MR-0015120,PO-0007272,MAT-SEAL,754,each
MR-0015121,PO-0007272,MAT-PUMP-CAP,775,each
MR-0015122,PO-0007273,MAT-SEAL,721,each
MR-0015123,PO-0007273,MAT-PUMP-CAP,718,each
MR-0015124,PO-0007274,MAT-BULK-CREAM,103.78,litre
MR-0015125,PO-0007274,MAT-SEAL,1338,each
MR-0015126,PO-0007275,MAT-SEAL,790,each
MR-0015127,PO-0007275,MAT-PUMP-CAP,828,each
MR-0015128,PO-0007276,MAT-PUMP-CAP,1082,each
MR-0015129,PO-0007276,MAT-CARTON,1062,each
MR-0015130,PO-0007277,MAT-CARTON,1073,each
MR-0015131,PO-0007277,MAT-LABEL,1092,each
MR-0015132,PO-0007278,MAT-PUMP-CAP,890,each
MR-0015133,PO-0007278,MAT-CARTON,874,each
MR-0015134,PO-0007279,MAT-CARTON,860,each
MR-0015135,PO-0007279,MAT-LABEL,825,each
MR-0015136,PO-0007280,MAT-CARTON,1007,each
MR-0015137,PO-0007280,MAT-LABEL,1000,each
MR-0015138,PO-0007281,MAT-BULK-CREAM,92,litre
MR-0015139,PO-0007281,MAT-SEAL,1205,each
MR-0015140,PO-0007282,MAT-SEAL,605,each
MR-0015141,PO-0007282,MAT-PUMP-CAP,615,each
MR-0015142,PO-0007283,MAT-LABEL,1221,each
MR-0015143,PO-0007283,MAT-BULK-CREAM,95.12,litre
MR-0015144,PO-0007284,MAT-CARTON,937,each
MR-0015145,PO-0007284,MAT-LABEL,932,each
MR-0015146,PO-0007285,MAT-SEAL,542,each
MR-0015147,PO-0007285,MAT-PUMP-CAP,546,each
MR-0015148,PO-0007286,MAT-PUMP-CAP,628,each
MR-0015149,PO-0007286,MAT-CARTON,629,each
MR-0015150,PO-0007287,MAT-PUMP-CAP,738,each
MR-0015151,PO-0007287,MAT-CARTON,726,each
MR-0015152,PO-0007288,MAT-LABEL,549,each
MR-0015153,PO-0007288,MAT-BULK-CREAM,44.48,litre
MR-0015154,PO-0007289,MAT-BULK-CREAM,63.01,litre
MR-0015155,PO-0007289,MAT-SEAL,784,each
MR-0015156,PO-0007290,MAT-SEAL,668,each
MR-0015157,PO-0007290,MAT-PUMP-CAP,659,each
MR-0015158,PO-0007291,MAT-PUMP-CAP,842,each
MR-0015159,PO-0007291,MAT-CARTON,843,each
MR-0015160,PO-0007292,MAT-CARTON,476,each
MR-0015161,PO-0007292,MAT-LABEL,463,each
MR-0015162,PO-0007293,MAT-LABEL,598,each
MR-0015163,PO-0007293,MAT-BULK-CREAM,48.02,litre
MR-0015164,PO-0007294,MAT-CARTON,939,each
MR-0015165,PO-0007294,MAT-LABEL,901,each
MR-0015166,PO-0007295,MAT-LABEL,602,each
MR-0015167,PO-0007295,MAT-BULK-CREAM,49.82,litre
MR-0015168,PO-0007296,MAT-PUMP-CAP,522,each
MR-0015169,PO-0007296,MAT-CARTON,513,each
MR-0015170,PO-0007297,MAT-LABEL,659,each
MR-0015171,PO-0007297,MAT-BULK-CREAM,51.93,litre
MR-0015172,PO-0007298,MAT-PUMP-CAP,861,each
MR-0015173,PO-0007298,MAT-CARTON,850,each
MR-0015174,PO-0007299,MAT-PUMP-CAP,716,each
MR-0015175,PO-0007299,MAT-CARTON,690,each
MR-0015176,PO-0007300,MAT-PUMP-CAP,683,each
MR-0015177,PO-0007300,MAT-CARTON,690,each
MR-0015178,PO-0007301,MAT-SEAL,799,each
MR-0015179,PO-0007301,MAT-PUMP-CAP,829,each
MR-0015180,PO-0007302,MAT-PUMP-CAP,1098,each
MR-0015181,PO-0007302,MAT-CARTON,1098,each
MR-0015182,PO-0007303,MAT-PUMP-CAP,538,each
MR-0015183,PO-0007303,MAT-CARTON,539,each
MR-0015184,PO-0007304,MAT-BULK-CREAM,73.89,litre
MR-0015185,PO-0007304,MAT-SEAL,920,each
MR-0015186,PO-0007305,MAT-BULK-CREAM,43.43,litre
MR-0015187,PO-0007305,MAT-SEAL,525,each
MR-0015188,PO-0007306,MAT-CARTON,1012,each
MR-0015189,PO-0007306,MAT-LABEL,1023,each
MR-0015190,PO-0007307,MAT-PUMP-CAP,538,each
MR-0015191,PO-0007307,MAT-CARTON,518,each
MR-0015192,PO-0007308,MAT-CARTON,782,each
MR-0015193,PO-0007308,MAT-LABEL,764,each
MR-0015194,PO-0007309,MAT-LABEL,920,each
MR-0015195,PO-0007309,MAT-BULK-CREAM,73.26,litre
MR-0015196,PO-0007310,MAT-BULK-CREAM,76.98,litre
MR-0015197,PO-0007310,MAT-SEAL,937,each
MR-0015198,PO-0007311,MAT-CARTON,862,each
MR-0015199,PO-0007311,MAT-LABEL,853,each
MR-0015200,PO-0007312,MAT-PUMP-CAP,1147,each
MR-0015201,PO-0007312,MAT-CARTON,1135,each
MR-0015202,PO-0007313,MAT-LABEL,956,each
MR-0015203,PO-0007313,MAT-BULK-CREAM,78.23,litre
MR-0015204,PO-0007314,MAT-LABEL,1510,each
MR-0015205,PO-0007314,MAT-BULK-CREAM,119.69,litre
MR-0015206,PO-0007314,MAT-SEAL,1530,each
MR-0015207,PO-0007315,MAT-BULK-CREAM,108.21,litre
MR-0015208,PO-0007315,MAT-SEAL,1297,each
MR-0015209,PO-0007316,MAT-SEAL,1178,each
MR-0015210,PO-0007316,MAT-PUMP-CAP,1241,each
MR-0015211,PO-0007317,MAT-PUMP-CAP,905,each
MR-0015212,PO-0007317,MAT-CARTON,893,each
MR-0015213,PO-0007318,MAT-CARTON,1351,each
MR-0015214,PO-0007318,MAT-LABEL,1373,each
MR-0015215,PO-0007319,MAT-LABEL,1426,each
MR-0015216,PO-0007319,MAT-BULK-CREAM,112.12,litre
MR-0015217,PO-0007319,MAT-SEAL,1420,each
MR-0015218,PO-0007320,MAT-SEAL,1095,each
MR-0015219,PO-0007320,MAT-PUMP-CAP,1108,each
MR-0015220,PO-0007321,MAT-SEAL,1122,each
MR-0015221,PO-0007321,MAT-PUMP-CAP,1131,each
MR-0015222,PO-0007322,MAT-PUMP-CAP,1468,each
MR-0015223,PO-0007322,MAT-CARTON,1456,each
MR-0015224,PO-0007322,MAT-LABEL,1463,each
MR-0015225,PO-0007323,MAT-CARTON,1115,each
MR-0015226,PO-0007323,MAT-LABEL,1129,each
MR-0015227,PO-0007324,MAT-BULK-CREAM,91.4,litre
MR-0015228,PO-0007324,MAT-SEAL,1161,each
MR-0015229,PO-0007325,MAT-CARTON,1285,each
MR-0015230,PO-0007325,MAT-LABEL,1299,each
MR-0015231,PO-0007326,MAT-SEAL,984,each
MR-0015232,PO-0007326,MAT-PUMP-CAP,1028,each
MR-0015233,PO-0007327,MAT-PUMP-CAP,828,each
MR-0015234,PO-0007327,MAT-CARTON,795,each
MR-0015235,PO-0007328,MAT-SEAL,678,each
MR-0015236,PO-0007328,MAT-PUMP-CAP,703,each
MR-0015237,PO-0007329,MAT-BULK-CREAM,68.31,litre
MR-0015238,PO-0007329,MAT-SEAL,859,each
MR-0015239,PO-0007330,MAT-PUMP-CAP,1159,each
MR-0015240,PO-0007330,MAT-CARTON,1163,each
MR-0015241,PO-0007331,MAT-PUMP-CAP,1016,each
MR-0015242,PO-0007331,MAT-CARTON,1032,each
MR-0015243,PO-0007332,MAT-CARTON,1326,each
MR-0015244,PO-0007332,MAT-LABEL,1322,each
MR-0015245,PO-0007333,MAT-LABEL,1002,each
MR-0015246,PO-0007333,MAT-BULK-CREAM,78.95,litre
MR-0015247,PO-0007334,MAT-LABEL,909,each
MR-0015248,PO-0007334,MAT-BULK-CREAM,74.1,litre
MR-0015249,PO-0007335,MAT-CARTON,1009,each
MR-0015250,PO-0007335,MAT-LABEL,1030,each
MR-0015251,PO-0007336,MAT-PUMP-CAP,1344,each
MR-0015252,PO-0007336,MAT-CARTON,1333,each
MR-0015253,PO-0007337,MAT-LABEL,1096,each
MR-0015254,PO-0007337,MAT-BULK-CREAM,89.03,litre
MR-0015255,PO-0007338,MAT-LABEL,1119,each
MR-0015256,PO-0007338,MAT-BULK-CREAM,88.91,litre
MR-0015257,PO-0007339,MAT-BULK-CREAM,74.37,litre
MR-0015258,PO-0007339,MAT-SEAL,946,each
MR-0015259,PO-0007340,MAT-LABEL,1388,each
MR-0015260,PO-0007340,MAT-BULK-CREAM,108.7,litre
MR-0015261,PO-0007341,MAT-BULK-CREAM,116.99,litre
MR-0015262,PO-0007341,MAT-SEAL,1401,each
MR-0015263,PO-0007341,MAT-PUMP-CAP,1486,each
MR-0015264,PO-0007342,MAT-LABEL,1043,each
MR-0015265,PO-0007342,MAT-BULK-CREAM,84.64,litre
MR-0015266,PO-0007343,MAT-SEAL,858,each
MR-0015267,PO-0007343,MAT-PUMP-CAP,897,each
MR-0015268,PO-0007344,MAT-PUMP-CAP,749,each
MR-0015269,PO-0007344,MAT-CARTON,754,each
MR-0015270,PO-0007345,MAT-PUMP-CAP,1214,each
MR-0015271,PO-0007345,MAT-CARTON,1217,each
MR-0015272,PO-0007346,MAT-LABEL,733,each
MR-0015273,PO-0007346,MAT-BULK-CREAM,59.27,litre
MR-0015274,PO-0007347,MAT-SEAL,941,each
MR-0015275,PO-0007347,MAT-PUMP-CAP,963,each
MR-0015276,PO-0007348,MAT-PUMP-CAP,1020,each
MR-0015277,PO-0007348,MAT-CARTON,1017,each
MR-0015278,PO-0007349,MAT-PUMP-CAP,1129,each
MR-0015279,PO-0007349,MAT-CARTON,1107,each
MR-0015280,PO-0007350,MAT-CARTON,1123,each
MR-0015281,PO-0007350,MAT-LABEL,1119,each
MR-0015282,PO-0007351,MAT-PUMP-CAP,577,each
MR-0015283,PO-0007351,MAT-CARTON,573,each
MR-0015284,PO-0007352,MAT-CARTON,780,each
MR-0015285,PO-0007352,MAT-LABEL,794,each
MR-0015286,PO-0007353,MAT-LABEL,451,each
MR-0015287,PO-0007353,MAT-BULK-CREAM,36.2,litre
MR-0015288,PO-0007354,MAT-BULK-CREAM,67.97,litre
MR-0015289,PO-0007354,MAT-SEAL,809,each
MR-0015290,PO-0007355,MAT-CARTON,643,each
MR-0015291,PO-0007355,MAT-LABEL,657,each
MR-0015292,PO-0007356,MAT-PUMP-CAP,792,each
MR-0015293,PO-0007356,MAT-CARTON,773,each
MR-0015294,PO-0007357,MAT-CARTON,408,each
MR-0015295,PO-0007357,MAT-LABEL,408,each
MR-0015296,PO-0007358,MAT-SEAL,421,each
MR-0015297,PO-0007358,MAT-PUMP-CAP,445,each
MR-0015298,PO-0007359,MAT-SEAL,516,each
MR-0015299,PO-0007359,MAT-PUMP-CAP,520,each
MR-0015300,PO-0007360,MAT-CARTON,682,each
MR-0015301,PO-0007360,MAT-LABEL,655,each
MR-0015302,PO-0007361,MAT-CARTON,899,each
MR-0015303,PO-0007361,MAT-LABEL,890,each
MR-0015304,PO-0007362,MAT-SEAL,863,each
MR-0015305,PO-0007362,MAT-PUMP-CAP,885,each
MR-0015306,PO-0007363,MAT-BULK-CREAM,68.73,litre
MR-0015307,PO-0007363,MAT-SEAL,850,each
MR-0015308,PO-0007364,MAT-PUMP-CAP,654,each
MR-0015309,PO-0007364,MAT-CARTON,650,each
MR-0015310,PO-0007365,MAT-SEAL,953,each
MR-0015311,PO-0007365,MAT-PUMP-CAP,980,each
MR-0015312,PO-0007366,MAT-SEAL,914,each
MR-0015313,PO-0007366,MAT-PUMP-CAP,952,each
MR-0015314,PO-0007367,MAT-PUMP-CAP,948,each
MR-0015315,PO-0007367,MAT-CARTON,913,each
MR-0015316,PO-0007368,MAT-LABEL,1059,each
MR-0015317,PO-0007368,MAT-BULK-CREAM,83.67,litre
MR-0015318,PO-0007369,MAT-LABEL,1041,each
MR-0015319,PO-0007369,MAT-BULK-CREAM,80.09,litre
MR-0015320,PO-0007370,MAT-BULK-CREAM,57.38,litre
MR-0015321,PO-0007370,MAT-SEAL,751,each
MR-0015322,PO-0007371,MAT-SEAL,527,each
MR-0015323,PO-0007371,MAT-PUMP-CAP,538,each
MR-0015324,PO-0007372,MAT-PUMP-CAP,571,each
MR-0015325,PO-0007372,MAT-CARTON,575,each
MR-0015326,PO-0007373,MAT-CARTON,853,each
MR-0015327,PO-0007373,MAT-LABEL,814,each
MR-0015328,PO-0007374,MAT-LABEL,817,each
MR-0015329,PO-0007374,MAT-BULK-CREAM,65.4,litre
MR-0015330,PO-0007375,MAT-LABEL,977,each
MR-0015331,PO-0007375,MAT-BULK-CREAM,77.14,litre
MR-0015332,PO-0007376,MAT-PUMP-CAP,941,each
MR-0015333,PO-0007376,MAT-CARTON,985,each
MR-0015334,PO-0007377,MAT-PUMP-CAP,1512,each
MR-0015335,PO-0007377,MAT-CARTON,1481,each
MR-0015336,PO-0007377,MAT-LABEL,1479,each
MR-0015337,PO-0007378,MAT-CARTON,1259,each
MR-0015338,PO-0007378,MAT-LABEL,1279,each
MR-0015339,PO-0007379,MAT-LABEL,938,each
MR-0015340,PO-0007379,MAT-BULK-CREAM,75.34,litre
MR-0015341,PO-0007380,MAT-SEAL,1065,each
MR-0015342,PO-0007380,MAT-PUMP-CAP,1097,each
MR-0015343,PO-0007381,MAT-SEAL,1211,each
MR-0015344,PO-0007381,MAT-PUMP-CAP,1236,each
MR-0015345,PO-0007382,MAT-PUMP-CAP,822,each
MR-0015346,PO-0007382,MAT-CARTON,807,each
MR-0015347,PO-0007383,MAT-LABEL,1059,each
MR-0015348,PO-0007383,MAT-BULK-CREAM,85.69,litre
MR-0015349,PO-0007384,MAT-LABEL,669,each
MR-0015350,PO-0007384,MAT-BULK-CREAM,53.85,litre
MR-0015351,PO-0007385,MAT-BULK-CREAM,110.23,litre
MR-0015352,PO-0007385,MAT-SEAL,1379,each
MR-0015353,PO-0007385,MAT-PUMP-CAP,1429,each
MR-0015354,PO-0007386,MAT-SEAL,915,each
MR-0015355,PO-0007386,MAT-PUMP-CAP,921,each
MR-0015356,PO-0007387,MAT-PUMP-CAP,1522,each
MR-0015357,PO-0007387,MAT-CARTON,1509,each
MR-0015358,PO-0007387,MAT-LABEL,1454,each
MR-0015359,PO-0007388,MAT-CARTON,698,each
MR-0015360,PO-0007388,MAT-LABEL,710,each
MR-0015361,PO-0007389,MAT-LABEL,1164,each
MR-0015362,PO-0007389,MAT-BULK-CREAM,91.42,litre
MR-0015363,PO-0007390,MAT-SEAL,926,each
MR-0015364,PO-0007390,MAT-PUMP-CAP,930,each
MR-0015365,PO-0007391,MAT-SEAL,1281,each
MR-0015366,PO-0007391,MAT-PUMP-CAP,1270,each
MR-0015367,PO-0007392,MAT-BULK-CREAM,80.93,litre
MR-0015368,PO-0007392,MAT-SEAL,996,each
MR-0015369,PO-0007393,MAT-SEAL,635,each
MR-0015370,PO-0007393,MAT-PUMP-CAP,657,each
MR-0015371,PO-0007394,MAT-CARTON,974,each
MR-0015372,PO-0007394,MAT-LABEL,984,each
MR-0015373,PO-0007395,MAT-SEAL,1252,each
MR-0015374,PO-0007395,MAT-PUMP-CAP,1302,each
MR-0015375,PO-0007396,MAT-PUMP-CAP,698,each
MR-0015376,PO-0007396,MAT-CARTON,669,each
MR-0015377,PO-0007397,MAT-CARTON,941,each
MR-0015378,PO-0007397,MAT-LABEL,938,each
MR-0015379,PO-0007398,MAT-LABEL,1165,each
MR-0015380,PO-0007398,MAT-BULK-CREAM,92.74,litre
MR-0015381,PO-0007399,MAT-BULK-CREAM,66.39,litre
MR-0015382,PO-0007399,MAT-SEAL,835,each
MR-0015383,PO-0007400,MAT-SEAL,734,each
MR-0015384,PO-0007400,MAT-PUMP-CAP,732,each
MR-0015385,PO-0007401,MAT-PUMP-CAP,944,each
MR-0015386,PO-0007401,MAT-CARTON,928,each
MR-0015387,PO-0007402,MAT-BULK-CREAM,54.6,litre
MR-0015388,PO-0007402,MAT-SEAL,686,each
MR-0015389,PO-0007403,MAT-PUMP-CAP,760,each
MR-0015390,PO-0007403,MAT-CARTON,767,each
MR-0015391,PO-0007404,MAT-PUMP-CAP,1225,each
MR-0015392,PO-0007404,MAT-CARTON,1215,each
MR-0015393,PO-0007405,MAT-CARTON,709,each
MR-0015394,PO-0007405,MAT-LABEL,706,each
MR-0015395,PO-0007406,MAT-PUMP-CAP,1001,each
MR-0015396,PO-0007406,MAT-CARTON,1025,each
MR-0015397,PO-0007407,MAT-LABEL,1259,each
MR-0015398,PO-0007407,MAT-BULK-CREAM,100.2,litre
MR-0015399,PO-0007408,MAT-SEAL,530,each
MR-0015400,PO-0007408,MAT-PUMP-CAP,537,each
MR-0015401,PO-0007409,MAT-SEAL,830,each
MR-0015402,PO-0007409,MAT-PUMP-CAP,839,each
MR-0015403,PO-0007410,MAT-CARTON,1016,each
MR-0015404,PO-0007410,MAT-LABEL,1017,each
MR-0015405,PO-0007411,MAT-CARTON,1225,each
MR-0015406,PO-0007411,MAT-LABEL,1195,each
MR-0015407,PO-0007412,MAT-CARTON,717,each
MR-0015408,PO-0007412,MAT-LABEL,699,each
MR-0015409,PO-0007413,MAT-SEAL,1026,each
MR-0015410,PO-0007413,MAT-PUMP-CAP,1034,each
MR-0015411,PO-0007414,MAT-PUMP-CAP,631,each
MR-0015412,PO-0007414,MAT-CARTON,632,each
MR-0015413,PO-0007415,MAT-PUMP-CAP,739,each
MR-0015414,PO-0007415,MAT-CARTON,727,each
MR-0015415,PO-0007416,MAT-LABEL,829,each
MR-0015416,PO-0007416,MAT-BULK-CREAM,66.42,litre
MR-0015417,PO-0007417,MAT-CARTON,637,each
MR-0015418,PO-0007417,MAT-LABEL,639,each
MR-0015419,PO-0007418,MAT-SEAL,850,each
MR-0015420,PO-0007418,MAT-PUMP-CAP,861,each
MR-0015421,PO-0007419,MAT-BULK-CREAM,61.71,litre
MR-0015422,PO-0007419,MAT-SEAL,760,each
MR-0015423,PO-0007420,MAT-SEAL,845,each
MR-0015424,PO-0007420,MAT-PUMP-CAP,855,each
MR-0015425,PO-0007421,MAT-PUMP-CAP,533,each
MR-0015426,PO-0007421,MAT-CARTON,518,each
MR-0015427,PO-0007422,MAT-CARTON,508,each
MR-0015428,PO-0007422,MAT-LABEL,517,each
MR-0015429,PO-0007423,MAT-PUMP-CAP,762,each
MR-0015430,PO-0007423,MAT-CARTON,751,each
MR-0015431,PO-0007424,MAT-BULK-CREAM,58.98,litre
MR-0015432,PO-0007424,MAT-SEAL,749,each
MR-0015433,PO-0007425,MAT-PUMP-CAP,810,each
MR-0015434,PO-0007425,MAT-CARTON,796,each
MR-0015435,PO-0007426,MAT-LABEL,659,each
MR-0015436,PO-0007426,MAT-BULK-CREAM,52.27,litre
MR-0015437,PO-0007427,MAT-BULK-CREAM,59.58,litre
MR-0015438,PO-0007427,MAT-SEAL,739,each
MR-0015439,PO-0007428,MAT-LABEL,603,each
MR-0015440,PO-0007428,MAT-BULK-CREAM,45.77,litre
MR-0015441,PO-0007429,MAT-PUMP-CAP,543,each
MR-0015442,PO-0007429,MAT-CARTON,546,each
MR-0015443,PO-0007430,MAT-SEAL,765,each
MR-0015444,PO-0007430,MAT-PUMP-CAP,756,each
MR-0015445,PO-0007431,MAT-SEAL,1014,each
MR-0015446,PO-0007431,MAT-PUMP-CAP,1002,each
MR-0015447,PO-0007432,MAT-SEAL,874,each
MR-0015448,PO-0007432,MAT-PUMP-CAP,882,each
MR-0015449,PO-0007433,MAT-CARTON,1073,each
MR-0015450,PO-0007433,MAT-LABEL,1043,each
MR-0015451,PO-0007434,MAT-LABEL,1073,each
MR-0015452,PO-0007434,MAT-BULK-CREAM,86.04,litre
MR-0015453,PO-0007435,MAT-BULK-CREAM,50.47,litre
MR-0015454,PO-0007435,MAT-SEAL,627,each
MR-0015455,PO-0007436,MAT-SEAL,1002,each
MR-0015456,PO-0007436,MAT-PUMP-CAP,1056,each
MR-0015457,PO-0007437,MAT-SEAL,495,each
MR-0015458,PO-0007437,MAT-PUMP-CAP,499,each
MR-0015459,PO-0007438,MAT-LABEL,857,each
MR-0015460,PO-0007438,MAT-BULK-CREAM,66.99,litre
MR-0015461,PO-0007439,MAT-LABEL,505,each
MR-0015462,PO-0007439,MAT-BULK-CREAM,42.19,litre
MR-0015463,PO-0007440,MAT-BULK-CREAM,60.58,litre
MR-0015464,PO-0007440,MAT-SEAL,768,each
MR-0015465,PO-0007441,MAT-PUMP-CAP,1665,each
MR-0015466,PO-0007441,MAT-CARTON,1582,each
MR-0015467,PO-0007441,MAT-LABEL,1607,each
MR-0015468,PO-0007442,MAT-PUMP-CAP,890,each
MR-0015469,PO-0007442,MAT-CARTON,840,each
MR-0015470,PO-0007443,MAT-CARTON,808,each
MR-0015471,PO-0007443,MAT-LABEL,843,each
MR-0015472,PO-0007444,MAT-BULK-CREAM,120.27,litre
MR-0015473,PO-0007444,MAT-SEAL,1541,each
MR-0015474,PO-0007444,MAT-PUMP-CAP,1551,each
MR-0015475,PO-0007445,MAT-BULK-CREAM,73.84,litre
MR-0015476,PO-0007445,MAT-SEAL,931,each
MR-0015477,PO-0007446,MAT-SEAL,794,each
MR-0015478,PO-0007446,MAT-PUMP-CAP,804,each
MR-0015479,PO-0007447,MAT-BULK-CREAM,61.74,litre
MR-0015480,PO-0007447,MAT-SEAL,743,each
MR-0015481,PO-0007448,MAT-PUMP-CAP,818,each
MR-0015482,PO-0007448,MAT-CARTON,818,each
MR-0015483,PO-0007449,MAT-LABEL,969,each
MR-0015484,PO-0007449,MAT-BULK-CREAM,78.26,litre
MR-0015485,PO-0007450,MAT-BULK-CREAM,77.55,litre
MR-0015486,PO-0007450,MAT-SEAL,976,each
MR-0015487,PO-0007451,MAT-PUMP-CAP,1540,each
MR-0015488,PO-0007451,MAT-CARTON,1557,each
MR-0015489,PO-0007451,MAT-LABEL,1579,each
MR-0015490,PO-0007452,MAT-PUMP-CAP,1571,each
MR-0015491,PO-0007452,MAT-CARTON,1545,each
MR-0015492,PO-0007452,MAT-LABEL,1545,each
MR-0015493,PO-0007453,MAT-PUMP-CAP,1022,each
MR-0015494,PO-0007453,MAT-CARTON,997,each
MR-0015495,PO-0007454,MAT-LABEL,1251,each
MR-0015496,PO-0007454,MAT-BULK-CREAM,98.71,litre
MR-0015497,PO-0007455,MAT-SEAL,1308,each
MR-0015498,PO-0007455,MAT-PUMP-CAP,1386,each
MR-0015499,PO-0007456,MAT-SEAL,994,each
MR-0015500,PO-0007456,MAT-PUMP-CAP,1042,each
MR-0015501,PO-0007457,MAT-SEAL,1463,each
MR-0015502,PO-0007457,MAT-PUMP-CAP,1538,each
MR-0015503,PO-0007457,MAT-CARTON,1466,each
MR-0015504,PO-0007458,MAT-LABEL,1075,each
MR-0015505,PO-0007458,MAT-BULK-CREAM,82.46,litre
MR-0015506,PO-0007459,MAT-PUMP-CAP,789,each
MR-0015507,PO-0007459,MAT-CARTON,745,each
MR-0015508,PO-0007460,MAT-SEAL,1011,each
MR-0015509,PO-0007460,MAT-PUMP-CAP,1029,each
MR-0015510,PO-0007461,MAT-LABEL,655,each
MR-0015511,PO-0007461,MAT-BULK-CREAM,54.34,litre
MR-0015512,PO-0007462,MAT-CARTON,1129,each
MR-0015513,PO-0007462,MAT-LABEL,1074,each
MR-0015514,PO-0007463,MAT-BULK-CREAM,73.77,litre
MR-0015515,PO-0007463,MAT-SEAL,917,each
MR-0015516,PO-0007464,MAT-BULK-CREAM,101.47,litre
MR-0015517,PO-0007464,MAT-SEAL,1285,each
MR-0015518,PO-0007465,MAT-SEAL,1485,each
MR-0015519,PO-0007465,MAT-PUMP-CAP,1461,each
MR-0015520,PO-0007465,MAT-CARTON,1438,each
MR-0015521,PO-0007466,MAT-BULK-CREAM,88.57,litre
MR-0015522,PO-0007466,MAT-SEAL,1120,each
MR-0015523,PO-0007467,MAT-BULK-CREAM,70.91,litre
MR-0015524,PO-0007467,MAT-SEAL,890,each
MR-0015525,PO-0007468,MAT-LABEL,886,each
MR-0015526,PO-0007468,MAT-BULK-CREAM,72.02,litre
MR-0015527,PO-0007469,MAT-BULK-CREAM,53.36,litre
MR-0015528,PO-0007469,MAT-SEAL,654,each
MR-0015529,PO-0007470,MAT-SEAL,1202,each
MR-0015530,PO-0007470,MAT-PUMP-CAP,1238,each
MR-0015531,PO-0007471,MAT-CARTON,832,each
MR-0015532,PO-0007471,MAT-LABEL,775,each
MR-0015533,PO-0007472,MAT-SEAL,632,each
MR-0015534,PO-0007472,MAT-PUMP-CAP,617,each
MR-0015535,PO-0007473,MAT-SEAL,646,each
MR-0015536,PO-0007473,MAT-PUMP-CAP,654,each
MR-0015537,PO-0007474,MAT-BULK-CREAM,64.58,litre
MR-0015538,PO-0007474,MAT-SEAL,804,each
MR-0015539,PO-0007475,MAT-PUMP-CAP,898,each
MR-0015540,PO-0007475,MAT-CARTON,907,each
MR-0015541,PO-0007476,MAT-BULK-CREAM,84.28,litre
MR-0015542,PO-0007476,MAT-SEAL,1042,each
MR-0015543,PO-0007477,MAT-LABEL,983,each
MR-0015544,PO-0007477,MAT-BULK-CREAM,78.53,litre
MR-0015545,PO-0007478,MAT-SEAL,767,each
MR-0015546,PO-0007478,MAT-PUMP-CAP,757,each
MR-0015547,PO-0007479,MAT-PUMP-CAP,914,each
MR-0015548,PO-0007479,MAT-CARTON,873,each
MR-0015549,PO-0007480,MAT-CARTON,1046,each
MR-0015550,PO-0007480,MAT-LABEL,1067,each
MR-0015551,PO-0007481,MAT-PUMP-CAP,582,each
MR-0015552,PO-0007481,MAT-CARTON,589,each
MR-0015553,PO-0007482,MAT-CARTON,440,each
MR-0015554,PO-0007482,MAT-LABEL,441,each
MR-0015555,PO-0007483,MAT-PUMP-CAP,743,each
MR-0015556,PO-0007483,MAT-CARTON,749,each
MR-0015557,PO-0007484,MAT-BULK-CREAM,32.03,litre
MR-0015558,PO-0007484,MAT-SEAL,398,each
MR-0015559,PO-0007485,MAT-SEAL,498,each
MR-0015560,PO-0007485,MAT-PUMP-CAP,518,each
MR-0015561,PO-0007486,MAT-PUMP-CAP,577,each
MR-0015562,PO-0007486,MAT-CARTON,555,each
MR-0015563,PO-0007487,MAT-CARTON,414,each
MR-0015564,PO-0007487,MAT-LABEL,424,each
MR-0015565,PO-0007488,MAT-BULK-CREAM,73.8,litre
MR-0015566,PO-0007488,MAT-SEAL,921,each
MR-0015567,PO-0007489,MAT-SEAL,609,each
MR-0015568,PO-0007489,MAT-PUMP-CAP,608,each
MR-0015569,PO-0007490,MAT-BULK-CREAM,73.2,litre
MR-0015570,PO-0007490,MAT-SEAL,938,each
MR-0015571,PO-0007491,MAT-CARTON,817,each
MR-0015572,PO-0007491,MAT-LABEL,848,each
MR-0015573,PO-0007492,MAT-PUMP-CAP,572,each
MR-0015574,PO-0007492,MAT-CARTON,552,each
MR-0015575,PO-0007493,MAT-BULK-CREAM,75.09,litre
MR-0015576,PO-0007493,MAT-SEAL,934,each
MR-0015577,PO-0007494,MAT-PUMP-CAP,957,each
MR-0015578,PO-0007494,MAT-CARTON,961,each
MR-0015579,PO-0007495,MAT-BULK-CREAM,39.26,litre
MR-0015580,PO-0007495,MAT-SEAL,491,each
MR-0015581,PO-0007496,MAT-SEAL,758,each
MR-0015582,PO-0007496,MAT-PUMP-CAP,742,each
MR-0015583,PO-0007497,MAT-PUMP-CAP,939,each
MR-0015584,PO-0007497,MAT-CARTON,917,each
MR-0015585,PO-0007498,MAT-LABEL,516,each
MR-0015586,PO-0007498,MAT-BULK-CREAM,42.56,litre
MR-0015587,PO-0007499,MAT-LABEL,802,each
MR-0015588,PO-0007499,MAT-BULK-CREAM,63.18,litre
MR-0015589,PO-0007500,MAT-BULK-CREAM,51.87,litre
MR-0015590,PO-0007500,MAT-SEAL,652,each
MR-0015591,PO-0007501,MAT-SEAL,701,each
MR-0015592,PO-0007501,MAT-PUMP-CAP,699,each
MR-0015593,PO-0007502,MAT-PUMP-CAP,1124,each
MR-0015594,PO-0007502,MAT-CARTON,1116,each
MR-0015595,PO-0007503,MAT-BULK-CREAM,54.83,litre
MR-0015596,PO-0007503,MAT-SEAL,705,each
MR-0015597,PO-0007504,MAT-LABEL,859,each
MR-0015598,PO-0007504,MAT-BULK-CREAM,69.36,litre
MR-0015599,PO-0007505,MAT-BULK-CREAM,57.66,litre
MR-0015600,PO-0007505,MAT-SEAL,708,each
MR-0015601,PO-0007506,MAT-SEAL,1175,each
MR-0015602,PO-0007506,MAT-PUMP-CAP,1179,each
MR-0015603,PO-0007507,MAT-LABEL,699,each
MR-0015604,PO-0007507,MAT-BULK-CREAM,56.18,litre
MR-0015605,PO-0007508,MAT-CARTON,1128,each
MR-0015606,PO-0007508,MAT-LABEL,1105,each
MR-0015607,PO-0007509,MAT-LABEL,1501,each
MR-0015608,PO-0007509,MAT-BULK-CREAM,118.85,litre
MR-0015609,PO-0007509,MAT-SEAL,1489,each
MR-0015610,PO-0007510,MAT-BULK-CREAM,113.21,litre
MR-0015611,PO-0007510,MAT-SEAL,1415,each
MR-0015612,PO-0007510,MAT-PUMP-CAP,1446,each
MR-0015613,PO-0007511,MAT-SEAL,1316,each
MR-0015614,PO-0007511,MAT-PUMP-CAP,1307,each
MR-0015615,PO-0007512,MAT-PUMP-CAP,763,each
MR-0015616,PO-0007512,MAT-CARTON,767,each
MR-0015617,PO-0007513,MAT-CARTON,721,each
MR-0015618,PO-0007513,MAT-LABEL,704,each
MR-0015619,PO-0007514,MAT-LABEL,1148,each
MR-0015620,PO-0007514,MAT-BULK-CREAM,90.03,litre
MR-0015621,PO-0007515,MAT-BULK-CREAM,56.29,litre
MR-0015622,PO-0007515,MAT-SEAL,701,each
MR-0015623,PO-0007516,MAT-SEAL,984,each
MR-0015624,PO-0007516,MAT-PUMP-CAP,1020,each
MR-0015625,PO-0007517,MAT-CARTON,1148,each
MR-0015626,PO-0007517,MAT-LABEL,1152,each
MR-0015627,PO-0007518,MAT-CARTON,1518,each
MR-0015628,PO-0007518,MAT-LABEL,1552,each
MR-0015629,PO-0007518,MAT-BULK-CREAM,121.89,litre
MR-0015630,PO-0007519,MAT-LABEL,1095,each
MR-0015631,PO-0007519,MAT-BULK-CREAM,90.7,litre
MR-0015632,PO-0007520,MAT-BULK-CREAM,62.91,litre
MR-0015633,PO-0007520,MAT-SEAL,770,each
MR-0015634,PO-0007521,MAT-PUMP-CAP,741,each
MR-0015635,PO-0007521,MAT-CARTON,710,each
MR-0015636,PO-0007522,MAT-LABEL,1251,each
MR-0015637,PO-0007522,MAT-BULK-CREAM,99.13,litre
MR-0015638,PO-0007523,MAT-LABEL,907,each
MR-0015639,PO-0007523,MAT-BULK-CREAM,73.8,litre
MR-0015640,PO-0007524,MAT-BULK-CREAM,79.3,litre
MR-0015641,PO-0007524,MAT-SEAL,1018,each
MR-0015642,PO-0007525,MAT-PUMP-CAP,1176,each
MR-0015643,PO-0007525,MAT-CARTON,1212,each
MR-0015644,PO-0007526,MAT-PUMP-CAP,920,each
MR-0015645,PO-0007526,MAT-CARTON,893,each
MR-0015646,PO-0007527,MAT-CARTON,790,each
MR-0015647,PO-0007527,MAT-LABEL,784,each
MR-0015648,PO-0007528,MAT-PUMP-CAP,1346,each
MR-0015649,PO-0007528,MAT-CARTON,1340,each
MR-0015650,PO-0007529,MAT-BULK-CREAM,66.46,litre
MR-0015651,PO-0007529,MAT-SEAL,823,each
MR-0015652,PO-0007530,MAT-SEAL,1420,each
MR-0015653,PO-0007530,MAT-PUMP-CAP,1350,each
MR-0015654,PO-0007531,MAT-CARTON,1015,each
MR-0015655,PO-0007531,MAT-LABEL,993,each
MR-0015656,PO-0007532,MAT-CARTON,1377,each
MR-0015657,PO-0007532,MAT-LABEL,1364,each
MR-0015658,PO-0007533,MAT-LABEL,1229,each
MR-0015659,PO-0007533,MAT-BULK-CREAM,97.25,litre
MR-0015660,PO-0007534,MAT-BULK-CREAM,91.11,litre
MR-0015661,PO-0007534,MAT-SEAL,1143,each
MR-0015662,PO-0007535,MAT-PUMP-CAP,1242,each
MR-0015663,PO-0007535,MAT-CARTON,1239,each
MR-0015664,PO-0007536,MAT-PUMP-CAP,1372,each
MR-0015665,PO-0007536,MAT-CARTON,1324,each
MR-0015666,PO-0007537,MAT-BULK-CREAM,69,litre
MR-0015667,PO-0007537,MAT-SEAL,846,each
MR-0015668,PO-0007538,MAT-BULK-CREAM,82.58,litre
MR-0015669,PO-0007538,MAT-SEAL,1020,each
MR-0015670,PO-0007539,MAT-SEAL,898,each
MR-0015671,PO-0007539,MAT-PUMP-CAP,938,each
MR-0015672,PO-0007540,MAT-SEAL,692,each
MR-0015673,PO-0007540,MAT-PUMP-CAP,681,each
MR-0015674,PO-0007541,MAT-BULK-CREAM,42.96,litre
MR-0015675,PO-0007541,MAT-SEAL,536,each
MR-0015676,PO-0007542,MAT-CARTON,641,each
MR-0015677,PO-0007542,MAT-LABEL,656,each
MR-0015678,PO-0007543,MAT-BULK-CREAM,56.3,litre
MR-0015679,PO-0007543,MAT-SEAL,706,each
MR-0015680,PO-0007544,MAT-PUMP-CAP,869,each
MR-0015681,PO-0007544,MAT-CARTON,852,each
MR-0015682,PO-0007545,MAT-CARTON,986,each
MR-0015683,PO-0007545,MAT-LABEL,991,each
MR-0015684,PO-0007546,MAT-PUMP-CAP,732,each
MR-0015685,PO-0007546,MAT-CARTON,742,each
MR-0015686,PO-0007547,MAT-CARTON,479,each
MR-0015687,PO-0007547,MAT-LABEL,465,each
MR-0015688,PO-0007548,MAT-LABEL,864,each
MR-0015689,PO-0007548,MAT-BULK-CREAM,71.19,litre
MR-0015690,PO-0007549,MAT-BULK-CREAM,34.07,litre
MR-0015691,PO-0007549,MAT-SEAL,445,each
MR-0015692,PO-0007550,MAT-SEAL,484,each
MR-0015693,PO-0007550,MAT-PUMP-CAP,496,each
MR-0015694,PO-0007551,MAT-PUMP-CAP,449,each
MR-0015695,PO-0007551,MAT-CARTON,452,each
MR-0015696,PO-0007552,MAT-CARTON,545,each
MR-0015697,PO-0007552,MAT-LABEL,526,each
MR-0015698,PO-0007553,MAT-LABEL,927,each
MR-0015699,PO-0007553,MAT-BULK-CREAM,75.51,litre
MR-0015700,PO-0007554,MAT-PUMP-CAP,802,each
MR-0015701,PO-0007554,MAT-CARTON,804,each
MR-0015702,PO-0007555,MAT-SEAL,904,each
MR-0015703,PO-0007555,MAT-PUMP-CAP,941,each
MR-0015704,PO-0007556,MAT-LABEL,745,each
MR-0015705,PO-0007556,MAT-BULK-CREAM,61.26,litre
MR-0015706,PO-0007557,MAT-SEAL,959,each
MR-0015707,PO-0007557,MAT-PUMP-CAP,988,each
MR-0015708,PO-0007558,MAT-BULK-CREAM,63.64,litre
MR-0015709,PO-0007558,MAT-SEAL,789,each
MR-0015710,PO-0007559,MAT-CARTON,647,each
MR-0015711,PO-0007559,MAT-LABEL,642,each
MR-0015712,PO-0007560,MAT-CARTON,612,each
MR-0015713,PO-0007560,MAT-LABEL,612,each
MR-0015714,PO-0007561,MAT-BULK-CREAM,41.22,litre
MR-0015715,PO-0007561,MAT-SEAL,528,each
MR-0015716,PO-0007562,MAT-PUMP-CAP,1165,each
MR-0015717,PO-0007562,MAT-CARTON,1173,each
MR-0015718,PO-0007563,MAT-BULK-CREAM,77.73,litre
MR-0015719,PO-0007563,MAT-SEAL,950,each
MR-0015720,PO-0007564,MAT-PUMP-CAP,1016,each
MR-0015721,PO-0007564,MAT-CARTON,1026,each
MR-0015722,PO-0007565,MAT-BULK-CREAM,46.85,litre
MR-0015723,PO-0007565,MAT-SEAL,604,each
MR-0015724,PO-0007566,MAT-SEAL,545,each
MR-0015725,PO-0007566,MAT-PUMP-CAP,563,each
MR-0015726,PO-0007567,MAT-PUMP-CAP,660,each
MR-0015727,PO-0007567,MAT-CARTON,648,each
MR-0015728,PO-0007568,MAT-LABEL,626,each
MR-0015729,PO-0007568,MAT-BULK-CREAM,49.57,litre
MR-0015730,PO-0007569,MAT-LABEL,1024,each
MR-0015731,PO-0007569,MAT-BULK-CREAM,82.96,litre
MR-0015732,PO-0007570,MAT-SEAL,1531,each
MR-0015733,PO-0007570,MAT-PUMP-CAP,1563,each
MR-0015734,PO-0007570,MAT-CARTON,1579,each
MR-0015735,PO-0007571,MAT-PUMP-CAP,1596,each
MR-0015736,PO-0007571,MAT-CARTON,1600,each
MR-0015737,PO-0007571,MAT-LABEL,1572,each
MR-0015738,PO-0007572,MAT-PUMP-CAP,868,each
MR-0015739,PO-0007572,MAT-CARTON,825,each
MR-0015740,PO-0007573,MAT-CARTON,830,each
MR-0015741,PO-0007573,MAT-LABEL,823,each
MR-0015742,PO-0007574,MAT-LABEL,862,each
MR-0015743,PO-0007574,MAT-BULK-CREAM,69.02,litre
MR-0015744,PO-0007575,MAT-PUMP-CAP,1350,each
MR-0015745,PO-0007575,MAT-CARTON,1330,each
MR-0015746,PO-0007576,MAT-SEAL,1352,each
MR-0015747,PO-0007576,MAT-PUMP-CAP,1384,each
MR-0015748,PO-0007577,MAT-SEAL,1625,each
MR-0015749,PO-0007577,MAT-PUMP-CAP,1625,each
MR-0015750,PO-0007577,MAT-CARTON,1612,each
MR-0015751,PO-0007578,MAT-CARTON,877,each
MR-0015752,PO-0007578,MAT-LABEL,885,each
MR-0015753,PO-0007579,MAT-LABEL,1520,each
MR-0015754,PO-0007579,MAT-BULK-CREAM,121.91,litre
MR-0015755,PO-0007579,MAT-SEAL,1509,each
MR-0015756,PO-0007580,MAT-BULK-CREAM,86.46,litre
MR-0015757,PO-0007580,MAT-SEAL,1074,each
MR-0015758,PO-0007581,MAT-CARTON,1243,each
MR-0015759,PO-0007581,MAT-LABEL,1207,each
MR-0015760,PO-0007582,MAT-PUMP-CAP,852,each
MR-0015761,PO-0007582,MAT-CARTON,840,each
MR-0015762,PO-0007583,MAT-CARTON,1338,each
MR-0015763,PO-0007583,MAT-LABEL,1337,each
MR-0015764,PO-0007584,MAT-LABEL,726,each
MR-0015765,PO-0007584,MAT-BULK-CREAM,59.41,litre
MR-0015766,PO-0007585,MAT-BULK-CREAM,76.44,litre
MR-0015767,PO-0007585,MAT-SEAL,983,each
MR-0015768,PO-0007586,MAT-SEAL,693,each
MR-0015769,PO-0007586,MAT-PUMP-CAP,707,each
MR-0015770,PO-0007587,MAT-LABEL,764,each
MR-0015771,PO-0007587,MAT-BULK-CREAM,60.45,litre
MR-0015772,PO-0007588,MAT-BULK-CREAM,96.18,litre
MR-0015773,PO-0007588,MAT-SEAL,1239,each
MR-0015774,PO-0007589,MAT-BULK-CREAM,90.55,litre
MR-0015775,PO-0007589,MAT-SEAL,1083,each
MR-0015776,PO-0007590,MAT-SEAL,1255,each
MR-0015777,PO-0007590,MAT-PUMP-CAP,1292,each
MR-0015778,PO-0007591,MAT-PUMP-CAP,1028,each
MR-0015779,PO-0007591,MAT-CARTON,1025,each
MR-0015780,PO-0007592,MAT-CARTON,1027,each
MR-0015781,PO-0007592,MAT-LABEL,1027,each
MR-0015782,PO-0007593,MAT-SEAL,859,each
MR-0015783,PO-0007593,MAT-PUMP-CAP,894,each
MR-0015784,PO-0007594,MAT-BULK-CREAM,87.94,litre
MR-0015785,PO-0007594,MAT-SEAL,1085,each
MR-0015786,PO-0007595,MAT-PUMP-CAP,727,each
MR-0015787,PO-0007595,MAT-CARTON,695,each
MR-0015788,PO-0007596,MAT-PUMP-CAP,1311,each
MR-0015789,PO-0007596,MAT-CARTON,1293,each
MR-0015790,PO-0007597,MAT-BULK-CREAM,87.84,litre
MR-0015791,PO-0007597,MAT-SEAL,1075,each
MR-0015792,PO-0007598,MAT-LABEL,1397,each
MR-0015793,PO-0007598,MAT-BULK-CREAM,109.49,litre
MR-0015794,PO-0007598,MAT-SEAL,1397,each
MR-0015795,PO-0007599,MAT-BULK-CREAM,61.44,litre
MR-0015796,PO-0007599,MAT-SEAL,761,each
MR-0015797,PO-0007600,MAT-LABEL,1194,each
MR-0015798,PO-0007600,MAT-BULK-CREAM,99.19,litre
MR-0015799,PO-0007601,MAT-PUMP-CAP,935,each
MR-0015800,PO-0007601,MAT-CARTON,927,each
MR-0015801,PO-0007602,MAT-CARTON,1156,each
MR-0015802,PO-0007602,MAT-LABEL,1169,each
MR-0015803,PO-0007603,MAT-PUMP-CAP,1204,each
MR-0015804,PO-0007603,MAT-CARTON,1173,each
MR-0015805,PO-0007604,MAT-BULK-CREAM,72.25,litre
MR-0015806,PO-0007604,MAT-SEAL,952,each
MR-0015807,PO-0007605,MAT-CARTON,1240,each
MR-0015808,PO-0007605,MAT-LABEL,1223,each
MR-0015809,PO-0007606,MAT-CARTON,1005,each
MR-0015810,PO-0007606,MAT-LABEL,991,each
MR-0015811,PO-0007607,MAT-LABEL,1186,each
MR-0015812,PO-0007607,MAT-BULK-CREAM,98.07,litre
MR-0015813,PO-0007608,MAT-PUMP-CAP,1158,each
MR-0015814,PO-0007608,MAT-CARTON,1146,each
MR-0015815,PO-0007609,MAT-PUMP-CAP,904,each
MR-0015816,PO-0007609,MAT-CARTON,896,each
MR-0015817,PO-0007610,MAT-SEAL,541,each
MR-0015818,PO-0007610,MAT-PUMP-CAP,550,each
MR-0015819,PO-0007611,MAT-PUMP-CAP,489,each
MR-0015820,PO-0007611,MAT-CARTON,473,each
MR-0015821,PO-0007612,MAT-BULK-CREAM,69.93,litre
MR-0015822,PO-0007612,MAT-SEAL,839,each
MR-0015823,PO-0007613,MAT-LABEL,603,each
MR-0015824,PO-0007613,MAT-BULK-CREAM,46.36,litre
MR-0015825,PO-0007614,MAT-BULK-CREAM,37.65,litre
MR-0015826,PO-0007614,MAT-SEAL,467,each
MR-0015827,PO-0007615,MAT-SEAL,509,each
MR-0015828,PO-0007615,MAT-PUMP-CAP,515,each
MR-0015829,PO-0007616,MAT-PUMP-CAP,736,each
MR-0015830,PO-0007616,MAT-CARTON,717,each
MR-0015831,PO-0007617,MAT-CARTON,839,each
MR-0015832,PO-0007617,MAT-LABEL,803,each
MR-0015833,PO-0007618,MAT-SEAL,714,each
MR-0015834,PO-0007618,MAT-PUMP-CAP,730,each
MR-0015835,PO-0007619,MAT-BULK-CREAM,39.85,litre
MR-0015836,PO-0007619,MAT-SEAL,505,each
MR-0015837,PO-0007620,MAT-PUMP-CAP,532,each
MR-0015838,PO-0007620,MAT-CARTON,520,each
MR-0015839,PO-0007621,MAT-PUMP-CAP,528,each
MR-0015840,PO-0007621,MAT-CARTON,524,each
MR-0015841,PO-0007622,MAT-CARTON,833,each
MR-0015842,PO-0007622,MAT-LABEL,835,each
MR-0015843,PO-0007623,MAT-BULK-CREAM,75.34,litre
MR-0015844,PO-0007623,MAT-SEAL,939,each
MR-0015845,PO-0007624,MAT-SEAL,582,each
MR-0015846,PO-0007624,MAT-PUMP-CAP,584,each
MR-0015847,PO-0007625,MAT-BULK-CREAM,77.84,litre
MR-0015848,PO-0007625,MAT-SEAL,949,each
MR-0015849,PO-0007626,MAT-SEAL,997,each
MR-0015850,PO-0007626,MAT-PUMP-CAP,1024,each
MR-0015851,PO-0007627,MAT-PUMP-CAP,1119,each
MR-0015852,PO-0007627,MAT-CARTON,1113,each
MR-0015853,PO-0007628,MAT-CARTON,716,each
MR-0015854,PO-0007628,MAT-LABEL,740,each
MR-0015855,PO-0007629,MAT-PUMP-CAP,968,each
MR-0015856,PO-0007629,MAT-CARTON,969,each
MR-0015857,PO-0007630,MAT-BULK-CREAM,60.38,litre
MR-0015858,PO-0007630,MAT-SEAL,761,each
MR-0015859,PO-0007631,MAT-PUMP-CAP,1134,each
MR-0015860,PO-0007631,MAT-CARTON,1094,each
MR-0015861,PO-0007632,MAT-PUMP-CAP,516,each
MR-0015862,PO-0007632,MAT-CARTON,514,each
MR-0015863,PO-0007633,MAT-SEAL,765,each
MR-0015864,PO-0007633,MAT-PUMP-CAP,795,each
MR-0015865,PO-0007634,MAT-LABEL,961,each
MR-0015866,PO-0007634,MAT-BULK-CREAM,76.53,litre
MR-0015867,PO-0007635,MAT-BULK-CREAM,65.1,litre
MR-0015868,PO-0007635,MAT-SEAL,773,each
MR-0015869,PO-0007636,MAT-SEAL,1177,each
MR-0015870,PO-0007636,MAT-PUMP-CAP,1182,each
MR-0015871,PO-0007637,MAT-CARTON,1127,each
MR-0015872,PO-0007637,MAT-LABEL,1109,each
MR-0015873,PO-0007638,MAT-SEAL,1100,each
MR-0015874,PO-0007638,MAT-PUMP-CAP,1101,each
MR-0015875,PO-0007639,MAT-LABEL,1257,each
MR-0015876,PO-0007639,MAT-BULK-CREAM,99.85,litre
MR-0015877,PO-0007640,MAT-SEAL,1223,each
MR-0015878,PO-0007640,MAT-PUMP-CAP,1219,each
MR-0015879,PO-0007641,MAT-SEAL,1552,each
MR-0015880,PO-0007641,MAT-PUMP-CAP,1577,each
MR-0015881,PO-0007641,MAT-CARTON,1573,each
MR-0015882,PO-0007642,MAT-CARTON,1262,each
MR-0015883,PO-0007642,MAT-LABEL,1216,each
MR-0015884,PO-0007643,MAT-BULK-CREAM,81.51,litre
MR-0015885,PO-0007643,MAT-SEAL,1021,each
MR-0015886,PO-0007644,MAT-LABEL,1031,each
MR-0015887,PO-0007644,MAT-BULK-CREAM,83.48,litre
MR-0015888,PO-0007645,MAT-BULK-CREAM,78.42,litre
MR-0015889,PO-0007645,MAT-SEAL,1042,each
MR-0015890,PO-0007646,MAT-PUMP-CAP,970,each
MR-0015891,PO-0007646,MAT-CARTON,933,each
MR-0015892,PO-0007647,MAT-PUMP-CAP,1189,each
MR-0015893,PO-0007647,MAT-CARTON,1179,each
MR-0015894,PO-0007648,MAT-CARTON,915,each
MR-0015895,PO-0007648,MAT-LABEL,876,each
MR-0015896,PO-0007649,MAT-LABEL,775,each
MR-0015897,PO-0007649,MAT-BULK-CREAM,62.52,litre
MR-0015898,PO-0007650,MAT-BULK-CREAM,62.2,litre
MR-0015899,PO-0007650,MAT-SEAL,789,each
MR-0015900,PO-0007651,MAT-LABEL,692,each
MR-0015901,PO-0007651,MAT-BULK-CREAM,55.9,litre
MR-0015902,PO-0007652,MAT-BULK-CREAM,112.96,litre
MR-0015903,PO-0007652,MAT-SEAL,1371,each
MR-0015904,PO-0007652,MAT-PUMP-CAP,1434,each
MR-0015905,PO-0007653,MAT-LABEL,1207,each
MR-0015906,PO-0007653,MAT-BULK-CREAM,96.48,litre
MR-0015907,PO-0007654,MAT-CARTON,1360,each
MR-0015908,PO-0007654,MAT-LABEL,1352,each
MR-0015909,PO-0007655,MAT-SEAL,1428,each
MR-0015910,PO-0007655,MAT-PUMP-CAP,1467,each
MR-0015911,PO-0007655,MAT-CARTON,1409,each
MR-0015912,PO-0007656,MAT-BULK-CREAM,110.39,litre
MR-0015913,PO-0007656,MAT-SEAL,1375,each
MR-0015914,PO-0007656,MAT-PUMP-CAP,1382,each
MR-0015915,PO-0007657,MAT-CARTON,919,each
MR-0015916,PO-0007657,MAT-LABEL,893,each
MR-0015917,PO-0007658,MAT-LABEL,817,each
MR-0015918,PO-0007658,MAT-BULK-CREAM,64.46,litre
MR-0015919,PO-0007659,MAT-BULK-CREAM,73.44,litre
MR-0015920,PO-0007659,MAT-SEAL,884,each
MR-0015921,PO-0007660,MAT-PUMP-CAP,1074,each
MR-0015922,PO-0007660,MAT-CARTON,1062,each
MR-0015923,PO-0007661,MAT-PUMP-CAP,1390,each
MR-0015924,PO-0007661,MAT-CARTON,1405,each
MR-0015925,PO-0007661,MAT-LABEL,1411,each
MR-0015926,PO-0007662,MAT-LABEL,1479,each
MR-0015927,PO-0007662,MAT-BULK-CREAM,115.04,litre
MR-0015928,PO-0007662,MAT-SEAL,1463,each
MR-0015929,PO-0007663,MAT-BULK-CREAM,113.49,litre
MR-0015930,PO-0007663,MAT-SEAL,1441,each
MR-0015931,PO-0007663,MAT-PUMP-CAP,1425,each
MR-0015932,PO-0007664,MAT-SEAL,1198,each
MR-0015933,PO-0007664,MAT-PUMP-CAP,1200,each
MR-0015934,PO-0007665,MAT-PUMP-CAP,1269,each
MR-0015935,PO-0007665,MAT-CARTON,1246,each
MR-0015936,PO-0007666,MAT-BULK-CREAM,43.53,litre
MR-0015937,PO-0007666,MAT-SEAL,530,each
MR-0015938,PO-0007667,MAT-LABEL,888,each
MR-0015939,PO-0007667,MAT-BULK-CREAM,70.54,litre
MR-0015940,PO-0007668,MAT-SEAL,979,each
MR-0015941,PO-0007668,MAT-PUMP-CAP,959,each
MR-0015942,PO-0007669,MAT-PUMP-CAP,903,each
MR-0015943,PO-0007669,MAT-CARTON,863,each
MR-0015944,PO-0007670,MAT-CARTON,767,each
MR-0015945,PO-0007670,MAT-LABEL,756,each
MR-0015946,PO-0007671,MAT-PUMP-CAP,1044,each
MR-0015947,PO-0007671,MAT-CARTON,1027,each
MR-0015948,PO-0007672,MAT-SEAL,1190,each
MR-0015949,PO-0007672,MAT-PUMP-CAP,1162,each
MR-0015950,PO-0007673,MAT-PUMP-CAP,635,each
MR-0015951,PO-0007673,MAT-CARTON,641,each
MR-0015952,PO-0007674,MAT-BULK-CREAM,53.88,litre
MR-0015953,PO-0007674,MAT-SEAL,680,each
MR-0015954,PO-0007675,MAT-SEAL,510,each
MR-0015955,PO-0007675,MAT-PUMP-CAP,531,each
MR-0015956,PO-0007676,MAT-PUMP-CAP,638,each
MR-0015957,PO-0007676,MAT-CARTON,663,each
MR-0015958,PO-0007677,MAT-CARTON,530,each
MR-0015959,PO-0007677,MAT-LABEL,522,each
MR-0015960,PO-0007678,MAT-LABEL,414,each
MR-0015961,PO-0007678,MAT-BULK-CREAM,33.44,litre
MR-0015962,PO-0007679,MAT-BULK-CREAM,68.25,litre
MR-0015963,PO-0007679,MAT-SEAL,834,each
MR-0015964,PO-0007680,MAT-SEAL,678,each
MR-0015965,PO-0007680,MAT-PUMP-CAP,713,each
MR-0015966,PO-0007681,MAT-LABEL,844,each
MR-0015967,PO-0007681,MAT-BULK-CREAM,66.92,litre
MR-0015968,PO-0007682,MAT-SEAL,735,each
MR-0015969,PO-0007682,MAT-PUMP-CAP,731,each
MR-0015970,PO-0007683,MAT-PUMP-CAP,525,each
MR-0015971,PO-0007683,MAT-CARTON,529,each
MR-0015972,PO-0007684,MAT-CARTON,795,each
MR-0015973,PO-0007684,MAT-LABEL,790,each
MR-0015974,PO-0007685,MAT-CARTON,944,each
MR-0015975,PO-0007685,MAT-LABEL,923,each
MR-0015976,PO-0007686,MAT-CARTON,572,each
MR-0015977,PO-0007686,MAT-LABEL,560,each
MR-0015978,PO-0007687,MAT-CARTON,433,each
MR-0015979,PO-0007687,MAT-LABEL,436,each
MR-0015980,PO-0007688,MAT-BULK-CREAM,55.23,litre
MR-0015981,PO-0007688,MAT-SEAL,692,each
MR-0015982,PO-0007689,MAT-LABEL,912,each
MR-0015983,PO-0007689,MAT-BULK-CREAM,73.38,litre
MR-0015984,PO-0007690,MAT-BULK-CREAM,41.73,litre
MR-0015985,PO-0007690,MAT-SEAL,539,each
MR-0015986,PO-0007691,MAT-SEAL,1052,each
MR-0015987,PO-0007691,MAT-PUMP-CAP,1088,each
MR-0015988,PO-0007692,MAT-PUMP-CAP,769,each
MR-0015989,PO-0007692,MAT-CARTON,738,each
MR-0015990,PO-0007693,MAT-SEAL,666,each
MR-0015991,PO-0007693,MAT-PUMP-CAP,681,each
MR-0015992,PO-0007694,MAT-BULK-CREAM,68.15,litre
MR-0015993,PO-0007694,MAT-SEAL,857,each
MR-0015994,PO-0007695,MAT-BULK-CREAM,44.14,litre
MR-0015995,PO-0007695,MAT-SEAL,540,each
MR-0015996,PO-0007696,MAT-PUMP-CAP,724,each
MR-0015997,PO-0007696,MAT-CARTON,735,each
MR-0015998,PO-0007697,MAT-PUMP-CAP,1058,each
MR-0015999,PO-0007697,MAT-CARTON,1060,each
MR-0016000,PO-0007698,MAT-CARTON,1185,each
MR-0016001,PO-0007698,MAT-LABEL,1204,each
MR-0016002,PO-0007699,MAT-LABEL,1432,each
MR-0016003,PO-0007699,MAT-BULK-CREAM,114.04,litre
MR-0016004,PO-0007699,MAT-SEAL,1470,each
MR-0016005,PO-0007700,MAT-BULK-CREAM,75.16,litre
MR-0016006,PO-0007700,MAT-SEAL,961,each
MR-0016007,PO-0007701,MAT-SEAL,1004,each
MR-0016008,PO-0007701,MAT-PUMP-CAP,1014,each
MR-0016009,PO-0007702,MAT-PUMP-CAP,819,each
MR-0016010,PO-0007702,MAT-CARTON,806,each
MR-0016011,PO-0007703,MAT-CARTON,727,each
MR-0016012,PO-0007703,MAT-LABEL,723,each
MR-0016013,PO-0007704,MAT-LABEL,703,each
MR-0016014,PO-0007704,MAT-BULK-CREAM,56.25,litre
MR-0016015,PO-0007705,MAT-LABEL,1377,each
MR-0016016,PO-0007705,MAT-BULK-CREAM,110.18,litre
MR-0016017,PO-0007705,MAT-SEAL,1416,each
MR-0016018,PO-0007706,MAT-PUMP-CAP,1632,each
MR-0016019,PO-0007706,MAT-CARTON,1581,each
MR-0016020,PO-0007706,MAT-LABEL,1550,each
MR-0016021,PO-0007707,MAT-PUMP-CAP,1137,each
MR-0016022,PO-0007707,MAT-CARTON,1142,each
MR-0016023,PO-0007708,MAT-CARTON,1175,each
MR-0016024,PO-0007708,MAT-LABEL,1145,each
MR-0016025,PO-0007709,MAT-LABEL,795,each
MR-0016026,PO-0007709,MAT-BULK-CREAM,65.57,litre
MR-0016027,PO-0007710,MAT-BULK-CREAM,90.58,litre
MR-0016028,PO-0007710,MAT-SEAL,1147,each
MR-0016029,PO-0007711,MAT-PUMP-CAP,1222,each
MR-0016030,PO-0007711,MAT-CARTON,1219,each
MR-0016031,PO-0007712,MAT-CARTON,754,each
MR-0016032,PO-0007712,MAT-LABEL,730,each
MR-0016033,PO-0007713,MAT-CARTON,1336,each
MR-0016034,PO-0007713,MAT-LABEL,1303,each
MR-0016035,PO-0007714,MAT-LABEL,1266,each
MR-0016036,PO-0007714,MAT-BULK-CREAM,103.38,litre
MR-0016037,PO-0007715,MAT-PUMP-CAP,1213,each
MR-0016038,PO-0007715,MAT-CARTON,1210,each
MR-0016039,PO-0007716,MAT-LABEL,1405,each
MR-0016040,PO-0007716,MAT-BULK-CREAM,112.97,litre
MR-0016041,PO-0007716,MAT-SEAL,1372,each
MR-0016042,PO-0007717,MAT-BULK-CREAM,113.16,litre
MR-0016043,PO-0007717,MAT-SEAL,1434,each
MR-0016044,PO-0007717,MAT-PUMP-CAP,1459,each
MR-0016045,PO-0007718,MAT-PUMP-CAP,819,each
MR-0016046,PO-0007718,MAT-CARTON,817,each
MR-0016047,PO-0007719,MAT-SEAL,1449,each
MR-0016048,PO-0007719,MAT-PUMP-CAP,1489,each
MR-0016049,PO-0007719,MAT-CARTON,1514,each
MR-0016050,PO-0007720,MAT-SEAL,1264,each
MR-0016051,PO-0007720,MAT-PUMP-CAP,1295,each
MR-0016052,PO-0007721,MAT-PUMP-CAP,835,each
MR-0016053,PO-0007721,MAT-CARTON,834,each
MR-0016054,PO-0007722,MAT-CARTON,1234,each
MR-0016055,PO-0007722,MAT-LABEL,1216,each
MR-0016056,PO-0007723,MAT-PUMP-CAP,1430,each
MR-0016057,PO-0007723,MAT-CARTON,1369,each
MR-0016058,PO-0007723,MAT-LABEL,1403,each
MR-0016059,PO-0007724,MAT-BULK-CREAM,97.65,litre
MR-0016060,PO-0007724,MAT-SEAL,1216,each
MR-0016061,PO-0007725,MAT-SEAL,1058,each
MR-0016062,PO-0007725,MAT-PUMP-CAP,1104,each
MR-0016063,PO-0007726,MAT-PUMP-CAP,697,each
MR-0016064,PO-0007726,MAT-CARTON,666,each
MR-0016065,PO-0007727,MAT-CARTON,656,each
MR-0016066,PO-0007727,MAT-LABEL,612,each
MR-0016067,PO-0007728,MAT-LABEL,847,each
MR-0016068,PO-0007728,MAT-BULK-CREAM,68.07,litre
MR-0016069,PO-0007729,MAT-BULK-CREAM,110.26,litre
MR-0016070,PO-0007729,MAT-SEAL,1401,each
MR-0016071,PO-0007729,MAT-PUMP-CAP,1454,each
MR-0016072,PO-0007730,MAT-PUMP-CAP,735,each
MR-0016073,PO-0007730,MAT-CARTON,751,each
MR-0016074,PO-0007731,MAT-CARTON,747,each
MR-0016075,PO-0007731,MAT-LABEL,738,each
MR-0016076,PO-0007732,MAT-CARTON,1215,each
MR-0016077,PO-0007732,MAT-LABEL,1211,each
MR-0016078,PO-0007733,MAT-PUMP-CAP,822,each
MR-0016079,PO-0007733,MAT-CARTON,795,each
MR-0016080,PO-0007734,MAT-PUMP-CAP,574,each
MR-0016081,PO-0007734,MAT-CARTON,553,each
MR-0016082,PO-0007735,MAT-CARTON,816,each
MR-0016083,PO-0007735,MAT-LABEL,786,each
MR-0016084,PO-0007736,MAT-LABEL,1227,each
MR-0016085,PO-0007736,MAT-BULK-CREAM,99.36,litre
MR-0016086,PO-0007737,MAT-CARTON,934,each
MR-0016087,PO-0007737,MAT-LABEL,902,each
MR-0016088,PO-0007738,MAT-LABEL,917,each
MR-0016089,PO-0007738,MAT-BULK-CREAM,70.48,litre
MR-0016090,PO-0007739,MAT-BULK-CREAM,32.62,litre
MR-0016091,PO-0007739,MAT-SEAL,404,each
MR-0016092,PO-0007740,MAT-LABEL,697,each
MR-0016093,PO-0007740,MAT-BULK-CREAM,54.69,litre
MR-0016094,PO-0007741,MAT-PUMP-CAP,884,each
MR-0016095,PO-0007741,MAT-CARTON,871,each
MR-0016096,PO-0007742,MAT-CARTON,678,each
MR-0016097,PO-0007742,MAT-LABEL,696,each
MR-0016098,PO-0007743,MAT-LABEL,463,each
MR-0016099,PO-0007743,MAT-BULK-CREAM,37.72,litre
MR-0016100,PO-0007744,MAT-BULK-CREAM,61.73,litre
MR-0016101,PO-0007744,MAT-SEAL,777,each
MR-0016102,PO-0007745,MAT-SEAL,770,each
MR-0016103,PO-0007745,MAT-PUMP-CAP,778,each
MR-0016104,PO-0007746,MAT-LABEL,444,each
MR-0016105,PO-0007746,MAT-BULK-CREAM,34.65,litre
MR-0016106,PO-0007747,MAT-CARTON,843,each
MR-0016107,PO-0007747,MAT-LABEL,830,each
MR-0016108,PO-0007748,MAT-SEAL,616,each
MR-0016109,PO-0007748,MAT-PUMP-CAP,628,each
MR-0016110,PO-0007749,MAT-CARTON,456,each
MR-0016111,PO-0007749,MAT-LABEL,466,each
MR-0016112,PO-0007750,MAT-LABEL,675,each
MR-0016113,PO-0007750,MAT-BULK-CREAM,54.51,litre
MR-0016114,PO-0007751,MAT-LABEL,668,each
MR-0016115,PO-0007751,MAT-BULK-CREAM,53.04,litre
MR-0016116,PO-0007752,MAT-CARTON,912,each
MR-0016117,PO-0007752,MAT-LABEL,936,each
MR-0016118,PO-0007753,MAT-LABEL,1023,each
MR-0016119,PO-0007753,MAT-BULK-CREAM,79.47,litre
MR-0016120,PO-0007754,MAT-LABEL,679,each
MR-0016121,PO-0007754,MAT-BULK-CREAM,54.69,litre
MR-0016122,PO-0007755,MAT-BULK-CREAM,80.82,litre
MR-0016123,PO-0007755,MAT-SEAL,1007,each
MR-0016124,PO-0007756,MAT-SEAL,912,each
MR-0016125,PO-0007756,MAT-PUMP-CAP,954,each
MR-0016126,PO-0007757,MAT-PUMP-CAP,831,each
MR-0016127,PO-0007757,MAT-CARTON,841,each
MR-0016128,PO-0007758,MAT-LABEL,825,each
MR-0016129,PO-0007758,MAT-BULK-CREAM,65.83,litre
MR-0016130,PO-0007759,MAT-LABEL,777,each
MR-0016131,PO-0007759,MAT-BULK-CREAM,61.96,litre
MR-0016132,PO-0007760,MAT-BULK-CREAM,64.93,litre
MR-0016133,PO-0007760,MAT-SEAL,822,each
MR-0016134,PO-0007761,MAT-SEAL,869,each
MR-0016135,PO-0007761,MAT-PUMP-CAP,872,each
MR-0016136,PO-0007762,MAT-PUMP-CAP,1454,each
MR-0016137,PO-0007762,MAT-CARTON,1495,each
MR-0016138,PO-0007762,MAT-LABEL,1462,each
MR-0016139,PO-0007763,MAT-CARTON,1162,each
MR-0016140,PO-0007763,MAT-LABEL,1150,each
MR-0016141,PO-0007764,MAT-BULK-CREAM,115.68,litre
MR-0016142,PO-0007764,MAT-SEAL,1426,each
MR-0016143,PO-0007764,MAT-PUMP-CAP,1498,each
MR-0016144,PO-0007765,MAT-BULK-CREAM,92.26,litre
MR-0016145,PO-0007765,MAT-SEAL,1148,each
MR-0016146,PO-0007766,MAT-SEAL,1036,each
MR-0016147,PO-0007766,MAT-PUMP-CAP,1066,each
MR-0016148,PO-0007767,MAT-PUMP-CAP,810,each
MR-0016149,PO-0007767,MAT-CARTON,801,each
MR-0016150,PO-0007768,MAT-CARTON,945,each
MR-0016151,PO-0007768,MAT-LABEL,934,each
MR-0016152,PO-0007769,MAT-LABEL,1008,each
MR-0016153,PO-0007769,MAT-BULK-CREAM,79.95,litre
MR-0016154,PO-0007770,MAT-BULK-CREAM,67.51,litre
MR-0016155,PO-0007770,MAT-SEAL,847,each
MR-0016156,PO-0007771,MAT-BULK-CREAM,99.79,litre
MR-0016157,PO-0007771,MAT-SEAL,1250,each
MR-0016158,PO-0007772,MAT-PUMP-CAP,1069,each
MR-0016159,PO-0007772,MAT-CARTON,1078,each
MR-0016160,PO-0007773,MAT-PUMP-CAP,1350,each
MR-0016161,PO-0007773,MAT-CARTON,1301,each
MR-0016162,PO-0007774,MAT-LABEL,1072,each
MR-0016163,PO-0007774,MAT-BULK-CREAM,86.94,litre
MR-0016164,PO-0007775,MAT-BULK-CREAM,86.2,litre
MR-0016165,PO-0007775,MAT-SEAL,1088,each
MR-0016166,PO-0007776,MAT-CARTON,1488,each
MR-0016167,PO-0007776,MAT-LABEL,1515,each
MR-0016168,PO-0007776,MAT-BULK-CREAM,120.91,litre
MR-0016169,PO-0007777,MAT-PUMP-CAP,1100,each
MR-0016170,PO-0007777,MAT-CARTON,1070,each
MR-0016171,PO-0007778,MAT-CARTON,887,each
MR-0016172,PO-0007778,MAT-LABEL,875,each
MR-0016173,PO-0007779,MAT-BULK-CREAM,100.47,litre
MR-0016174,PO-0007779,MAT-SEAL,1254,each
MR-0016175,PO-0007780,MAT-PUMP-CAP,1116,each
MR-0016176,PO-0007780,MAT-CARTON,1146,each
MR-0016177,PO-0007781,MAT-LABEL,686,each
MR-0016178,PO-0007781,MAT-BULK-CREAM,54.87,litre
MR-0016179,PO-0007782,MAT-CARTON,864,each
MR-0016180,PO-0007782,MAT-LABEL,835,each
MR-0016181,PO-0007783,MAT-LABEL,1326,each
MR-0016182,PO-0007783,MAT-BULK-CREAM,105.55,litre
MR-0016183,PO-0007784,MAT-SEAL,773,each
MR-0016184,PO-0007784,MAT-PUMP-CAP,786,each
MR-0016185,PO-0007785,MAT-CARTON,772,each
MR-0016186,PO-0007785,MAT-LABEL,762,each
MR-0016187,PO-0007786,MAT-PUMP-CAP,897,each
MR-0016188,PO-0007786,MAT-CARTON,908,each
MR-0016189,PO-0007787,MAT-BULK-CREAM,104.61,litre
MR-0016190,PO-0007787,MAT-SEAL,1260,each
MR-0016191,PO-0007788,MAT-LABEL,1029,each
MR-0016192,PO-0007788,MAT-BULK-CREAM,84.06,litre
MR-0016193,PO-0007789,MAT-BULK-CREAM,116.98,litre
MR-0016194,PO-0007789,MAT-SEAL,1476,each
MR-0016195,PO-0007789,MAT-PUMP-CAP,1515,each
MR-0016196,PO-0007790,MAT-CARTON,1328,each
MR-0016197,PO-0007790,MAT-LABEL,1297,each
MR-0016198,PO-0007791,MAT-CARTON,1160,each
MR-0016199,PO-0007791,MAT-LABEL,1157,each
MR-0016200,PO-0007792,MAT-SEAL,720,each
MR-0016201,PO-0007792,MAT-PUMP-CAP,736,each
MR-0016202,PO-0007793,MAT-LABEL,817,each
MR-0016203,PO-0007793,MAT-BULK-CREAM,65.23,litre
MR-0016204,PO-0007794,MAT-SEAL,655,each
MR-0016205,PO-0007794,MAT-PUMP-CAP,659,each
MR-0016206,PO-0007795,MAT-PUMP-CAP,626,each
MR-0016207,PO-0007795,MAT-CARTON,634,each
MR-0016208,PO-0007796,MAT-LABEL,1177,each
MR-0016209,PO-0007796,MAT-BULK-CREAM,91.46,litre
MR-0016210,PO-0007797,MAT-SEAL,628,each
MR-0016211,PO-0007797,MAT-PUMP-CAP,638,each
MR-0016212,PO-0007798,MAT-LABEL,628,each
MR-0016213,PO-0007798,MAT-BULK-CREAM,50.69,litre
MR-0016214,PO-0007799,MAT-BULK-CREAM,82.13,litre
MR-0016215,PO-0007799,MAT-SEAL,1069,each
MR-0016216,PO-0007800,MAT-LABEL,1062,each
MR-0016217,PO-0007800,MAT-BULK-CREAM,83.58,litre
MR-0016218,PO-0007801,MAT-BULK-CREAM,57.76,litre
MR-0016219,PO-0007801,MAT-SEAL,725,each
MR-0016220,PO-0007802,MAT-BULK-CREAM,71.77,litre
MR-0016221,PO-0007802,MAT-SEAL,892,each
MR-0016222,PO-0007803,MAT-LABEL,828,each
MR-0016223,PO-0007803,MAT-BULK-CREAM,67.81,litre
MR-0016224,PO-0007804,MAT-BULK-CREAM,59.69,litre
MR-0016225,PO-0007804,MAT-SEAL,737,each
MR-0016226,PO-0007805,MAT-SEAL,853,each
MR-0016227,PO-0007805,MAT-PUMP-CAP,865,each
MR-0016228,PO-0007806,MAT-PUMP-CAP,785,each
MR-0016229,PO-0007806,MAT-CARTON,775,each
MR-0016230,PO-0007807,MAT-CARTON,785,each
MR-0016231,PO-0007807,MAT-LABEL,793,each
MR-0016232,PO-0007808,MAT-LABEL,473,each
MR-0016233,PO-0007808,MAT-BULK-CREAM,38.01,litre
MR-0016234,PO-0007809,MAT-CARTON,422,each
MR-0016235,PO-0007809,MAT-LABEL,415,each
MR-0016236,PO-0007810,MAT-LABEL,818,each
MR-0016237,PO-0007810,MAT-BULK-CREAM,65.12,litre
MR-0016238,PO-0007811,MAT-CARTON,874,each
MR-0016239,PO-0007811,MAT-LABEL,841,each
MR-0016240,PO-0007812,MAT-LABEL,761,each
MR-0016241,PO-0007812,MAT-BULK-CREAM,64.06,litre
MR-0016242,PO-0007813,MAT-PUMP-CAP,911,each
MR-0016243,PO-0007813,MAT-CARTON,879,each
MR-0016244,PO-0007814,MAT-PUMP-CAP,785,each
MR-0016245,PO-0007814,MAT-CARTON,764,each
MR-0016246,PO-0007815,MAT-LABEL,831,each
MR-0016247,PO-0007815,MAT-BULK-CREAM,67.03,litre
MR-0016248,PO-0007816,MAT-LABEL,917,each
MR-0016249,PO-0007816,MAT-BULK-CREAM,72.7,litre
MR-0016250,PO-0007817,MAT-CARTON,966,each
MR-0016251,PO-0007817,MAT-LABEL,926,each
MR-0016252,PO-0007818,MAT-CARTON,783,each
MR-0016253,PO-0007818,MAT-LABEL,793,each
MR-0016254,PO-0007819,MAT-BULK-CREAM,86.57,litre
MR-0016255,PO-0007819,MAT-SEAL,1072,each
MR-0016256,PO-0007820,MAT-SEAL,637,each
MR-0016257,PO-0007820,MAT-PUMP-CAP,645,each
MR-0016258,PO-0007821,MAT-PUMP-CAP,994,each
MR-0016259,PO-0007821,MAT-CARTON,1004,each
MR-0016260,PO-0007822,MAT-PUMP-CAP,950,each
MR-0016261,PO-0007822,MAT-CARTON,962,each
MR-0016262,PO-0007823,MAT-SEAL,645,each
MR-0016263,PO-0007823,MAT-PUMP-CAP,666,each
MR-0016264,PO-0007824,MAT-BULK-CREAM,47.76,litre
MR-0016265,PO-0007824,MAT-SEAL,611,each
MR-0016266,PO-0007825,MAT-BULK-CREAM,83.28,litre
MR-0016267,PO-0007825,MAT-SEAL,1049,each
MR-0016268,PO-0007826,MAT-SEAL,641,each
MR-0016269,PO-0007826,MAT-PUMP-CAP,640,each
MR-0016270,PO-0007827,MAT-PUMP-CAP,1344,each
MR-0016271,PO-0007827,MAT-CARTON,1355,each
MR-0016272,PO-0007828,MAT-CARTON,1310,each
MR-0016273,PO-0007828,MAT-LABEL,1303,each
MR-0016274,PO-0007829,MAT-LABEL,1270,each
MR-0016275,PO-0007829,MAT-BULK-CREAM,106.82,litre
MR-0016276,PO-0007830,MAT-PUMP-CAP,1489,each
MR-0016277,PO-0007830,MAT-CARTON,1444,each
MR-0016278,PO-0007830,MAT-LABEL,1479,each
MR-0016279,PO-0007831,MAT-SEAL,1391,each
MR-0016280,PO-0007831,MAT-PUMP-CAP,1350,each
MR-0016281,PO-0007832,MAT-PUMP-CAP,1341,each
MR-0016282,PO-0007832,MAT-CARTON,1326,each
MR-0016283,PO-0007833,MAT-CARTON,1538,each
MR-0016284,PO-0007833,MAT-LABEL,1520,each
MR-0016285,PO-0007833,MAT-BULK-CREAM,123.28,litre
MR-0016286,PO-0007834,MAT-PUMP-CAP,911,each
MR-0016287,PO-0007834,MAT-CARTON,916,each
MR-0016288,PO-0007835,MAT-BULK-CREAM,102.02,litre
MR-0016289,PO-0007835,MAT-SEAL,1289,each
MR-0016290,PO-0007836,MAT-SEAL,998,each
MR-0016291,PO-0007836,MAT-PUMP-CAP,1001,each
MR-0016292,PO-0007837,MAT-PUMP-CAP,1136,each
MR-0016293,PO-0007837,MAT-CARTON,1139,each
MR-0016294,PO-0007838,MAT-LABEL,1081,each
MR-0016295,PO-0007838,MAT-BULK-CREAM,87.81,litre
MR-0016296,PO-0007839,MAT-LABEL,1357,each
MR-0016297,PO-0007839,MAT-BULK-CREAM,106.39,litre
MR-0016298,PO-0007840,MAT-SEAL,647,each
MR-0016299,PO-0007840,MAT-PUMP-CAP,682,each
MR-0016300,PO-0007841,MAT-SEAL,786,each
MR-0016301,PO-0007841,MAT-PUMP-CAP,774,each
MR-0016302,PO-0007842,MAT-CARTON,748,each
MR-0016303,PO-0007842,MAT-LABEL,736,each
MR-0016304,PO-0007843,MAT-CARTON,764,each
MR-0016305,PO-0007843,MAT-LABEL,752,each
MR-0016306,PO-0007844,MAT-LABEL,1037,each
MR-0016307,PO-0007844,MAT-BULK-CREAM,80.47,litre
MR-0016308,PO-0007845,MAT-LABEL,1382,each
MR-0016309,PO-0007845,MAT-BULK-CREAM,109.1,litre
MR-0016310,PO-0007846,MAT-PUMP-CAP,1169,each
MR-0016311,PO-0007846,MAT-CARTON,1156,each
MR-0016312,PO-0007847,MAT-BULK-CREAM,108.42,litre
MR-0016313,PO-0007847,MAT-SEAL,1385,each
MR-0016314,PO-0007848,MAT-LABEL,938,each
MR-0016315,PO-0007848,MAT-BULK-CREAM,75.85,litre
MR-0016316,PO-0007849,MAT-BULK-CREAM,78.31,litre
MR-0016317,PO-0007849,MAT-SEAL,1011,each
MR-0016318,PO-0007850,MAT-SEAL,653,each
MR-0016319,PO-0007850,MAT-PUMP-CAP,647,each
MR-0016320,PO-0007851,MAT-PUMP-CAP,1251,each
MR-0016321,PO-0007851,MAT-CARTON,1252,each
MR-0016322,PO-0007852,MAT-CARTON,1318,each
MR-0016323,PO-0007852,MAT-LABEL,1310,each
MR-0016324,PO-0007853,MAT-LABEL,1417,each
MR-0016325,PO-0007853,MAT-BULK-CREAM,117.95,litre
MR-0016326,PO-0007853,MAT-SEAL,1453,each
MR-0016327,PO-0007854,MAT-PUMP-CAP,1507,each
MR-0016328,PO-0007854,MAT-CARTON,1472,each
MR-0016329,PO-0007854,MAT-LABEL,1419,each
MR-0016330,PO-0007855,MAT-PUMP-CAP,806,each
MR-0016331,PO-0007855,MAT-CARTON,789,each
MR-0016332,PO-0007856,MAT-PUMP-CAP,763,each
MR-0016333,PO-0007856,MAT-CARTON,751,each
MR-0016334,PO-0007857,MAT-CARTON,1042,each
MR-0016335,PO-0007857,MAT-LABEL,1038,each
MR-0016336,PO-0007858,MAT-LABEL,661,each
MR-0016337,PO-0007858,MAT-BULK-CREAM,53.15,litre
MR-0016338,PO-0007859,MAT-BULK-CREAM,84.33,litre
MR-0016339,PO-0007859,MAT-SEAL,1026,each
MR-0016340,PO-0007860,MAT-CARTON,676,each
MR-0016341,PO-0007860,MAT-LABEL,666,each
MR-0016342,PO-0007861,MAT-CARTON,694,each
MR-0016343,PO-0007861,MAT-LABEL,702,each
MR-0016344,PO-0007862,MAT-SEAL,1066,each
MR-0016345,PO-0007862,MAT-PUMP-CAP,1083,each
MR-0016346,PO-0007863,MAT-LABEL,1209,each
MR-0016347,PO-0007863,MAT-BULK-CREAM,99.98,litre
MR-0016348,PO-0007864,MAT-SEAL,686,each
MR-0016349,PO-0007864,MAT-PUMP-CAP,698,each
MR-0016350,PO-0007865,MAT-LABEL,1091,each
MR-0016351,PO-0007865,MAT-BULK-CREAM,83.9,litre
MR-0016352,PO-0007866,MAT-PUMP-CAP,1224,each
MR-0016353,PO-0007866,MAT-CARTON,1229,each
MR-0016354,PO-0007867,MAT-BULK-CREAM,46.41,litre
MR-0016355,PO-0007867,MAT-SEAL,553,each
MR-0016356,PO-0007868,MAT-LABEL,566,each
MR-0016357,PO-0007868,MAT-BULK-CREAM,45.49,litre
MR-0016358,PO-0007869,MAT-BULK-CREAM,66.26,litre
MR-0016359,PO-0007869,MAT-SEAL,817,each
MR-0016360,PO-0007870,MAT-SEAL,721,each
MR-0016361,PO-0007870,MAT-PUMP-CAP,713,each
MR-0016362,PO-0007871,MAT-PUMP-CAP,580,each
MR-0016363,PO-0007871,MAT-CARTON,571,each
MR-0016364,PO-0007872,MAT-CARTON,427,each
MR-0016365,PO-0007872,MAT-LABEL,426,each
MR-0016366,PO-0007873,MAT-LABEL,424,each
MR-0016367,PO-0007873,MAT-BULK-CREAM,33.76,litre
MR-0016368,PO-0007874,MAT-BULK-CREAM,44.61,litre
MR-0016369,PO-0007874,MAT-SEAL,573,each
MR-0016370,PO-0007875,MAT-SEAL,667,each
MR-0016371,PO-0007875,MAT-PUMP-CAP,688,each
MR-0016372,PO-0007876,MAT-BULK-CREAM,73.35,litre
MR-0016373,PO-0007876,MAT-SEAL,914,each
MR-0016374,PO-0007877,MAT-BULK-CREAM,39.25,litre
MR-0016375,PO-0007877,MAT-SEAL,488,each
MR-0016376,PO-0007878,MAT-LABEL,873,each
MR-0016377,PO-0007878,MAT-BULK-CREAM,74.4,litre
MR-0016378,PO-0007879,MAT-CARTON,758,each
MR-0016379,PO-0007879,MAT-LABEL,741,each
MR-0016380,PO-0007880,MAT-PUMP-CAP,776,each
MR-0016381,PO-0007880,MAT-CARTON,764,each
MR-0016382,PO-0007881,MAT-PUMP-CAP,484,each
MR-0016383,PO-0007881,MAT-CARTON,484,each
MR-0016384,PO-0007882,MAT-BULK-CREAM,58.57,litre
MR-0016385,PO-0007882,MAT-SEAL,718,each
MR-0016386,PO-0007883,MAT-CARTON,735,each
MR-0016387,PO-0007883,MAT-LABEL,727,each
MR-0016388,PO-0007884,MAT-LABEL,980,each
MR-0016389,PO-0007884,MAT-BULK-CREAM,77.91,litre
MR-0016390,PO-0007885,MAT-BULK-CREAM,85.08,litre
MR-0016391,PO-0007885,MAT-SEAL,1104,each
MR-0016392,PO-0007886,MAT-SEAL,903,each
MR-0016393,PO-0007886,MAT-PUMP-CAP,899,each
MR-0016394,PO-0007887,MAT-PUMP-CAP,1051,each
MR-0016395,PO-0007887,MAT-CARTON,1011,each
MR-0016396,PO-0007888,MAT-CARTON,1002,each
MR-0016397,PO-0007888,MAT-LABEL,1044,each
MR-0016398,PO-0007889,MAT-LABEL,885,each
MR-0016399,PO-0007889,MAT-BULK-CREAM,71.99,litre
MR-0016400,PO-0007890,MAT-BULK-CREAM,55.6,litre
MR-0016401,PO-0007890,MAT-SEAL,669,each
MR-0016402,PO-0007891,MAT-SEAL,912,each
MR-0016403,PO-0007891,MAT-PUMP-CAP,931,each
MR-0016404,PO-0007892,MAT-SEAL,1264,each
MR-0016405,PO-0007892,MAT-PUMP-CAP,1334,each
MR-0016406,PO-0007893,MAT-CARTON,1639,each
MR-0016407,PO-0007893,MAT-LABEL,1622,each
MR-0016408,PO-0007893,MAT-BULK-CREAM,126.96,litre
MR-0016409,PO-0007894,MAT-LABEL,744,each
MR-0016410,PO-0007894,MAT-BULK-CREAM,59.05,litre
MR-0016411,PO-0007895,MAT-SEAL,1015,each
MR-0016412,PO-0007895,MAT-PUMP-CAP,1037,each
MR-0016413,PO-0007896,MAT-SEAL,742,each
MR-0016414,PO-0007896,MAT-PUMP-CAP,782,each
MR-0016415,PO-0007897,MAT-PUMP-CAP,1146,each
MR-0016416,PO-0007897,MAT-CARTON,1133,each
MR-0016417,PO-0007898,MAT-CARTON,1326,each
MR-0016418,PO-0007898,MAT-LABEL,1350,each
MR-0016419,PO-0007899,MAT-CARTON,973,each
MR-0016420,PO-0007899,MAT-LABEL,996,each
MR-0016421,PO-0007900,MAT-SEAL,1353,each
MR-0016422,PO-0007900,MAT-PUMP-CAP,1445,each
MR-0016423,PO-0007901,MAT-PUMP-CAP,1124,each
MR-0016424,PO-0007901,MAT-CARTON,1139,each
MR-0016425,PO-0007902,MAT-PUMP-CAP,1651,each
MR-0016426,PO-0007902,MAT-CARTON,1592,each
MR-0016427,PO-0007902,MAT-LABEL,1610,each
MR-0016428,PO-0007903,MAT-CARTON,1551,each
MR-0016429,PO-0007903,MAT-LABEL,1510,each
MR-0016430,PO-0007903,MAT-BULK-CREAM,124.67,litre
MR-0016431,PO-0007904,MAT-LABEL,1016,each
MR-0016432,PO-0007904,MAT-BULK-CREAM,80.03,litre
MR-0016433,PO-0007905,MAT-BULK-CREAM,130.47,litre
MR-0016434,PO-0007905,MAT-SEAL,1630,each
MR-0016435,PO-0007905,MAT-PUMP-CAP,1698,each
MR-0016436,PO-0007906,MAT-PUMP-CAP,1501,each
MR-0016437,PO-0007906,MAT-CARTON,1508,each
MR-0016438,PO-0007906,MAT-LABEL,1488,each
MR-0016439,PO-0007907,MAT-CARTON,728,each
MR-0016440,PO-0007907,MAT-LABEL,690,each
MR-0016441,PO-0007908,MAT-PUMP-CAP,1465,each
MR-0016442,PO-0007908,MAT-CARTON,1475,each
MR-0016443,PO-0007908,MAT-LABEL,1427,each
MR-0016444,PO-0007909,MAT-BULK-CREAM,83.39,litre
MR-0016445,PO-0007909,MAT-SEAL,1038,each
MR-0016446,PO-0007910,MAT-CARTON,1152,each
MR-0016447,PO-0007910,MAT-LABEL,1120,each
MR-0016448,PO-0007911,MAT-PUMP-CAP,1541,each
MR-0016449,PO-0007911,MAT-CARTON,1452,each
MR-0016450,PO-0007911,MAT-LABEL,1469,each
MR-0016451,PO-0007912,MAT-CARTON,1086,each
MR-0016452,PO-0007912,MAT-LABEL,1064,each
MR-0016453,PO-0007913,MAT-LABEL,1104,each
MR-0016454,PO-0007913,MAT-BULK-CREAM,87.7,litre
MR-0016455,PO-0007914,MAT-CARTON,1322,each
MR-0016456,PO-0007914,MAT-LABEL,1358,each
MR-0016457,PO-0007915,MAT-SEAL,795,each
MR-0016458,PO-0007915,MAT-PUMP-CAP,793,each
MR-0016459,PO-0007916,MAT-PUMP-CAP,1050,each
MR-0016460,PO-0007916,MAT-CARTON,1060,each
MR-0016461,PO-0007917,MAT-CARTON,1385,each
MR-0016462,PO-0007917,MAT-LABEL,1409,each
MR-0016463,PO-0007917,MAT-BULK-CREAM,111.24,litre
MR-0016464,PO-0007918,MAT-LABEL,1341,each
MR-0016465,PO-0007918,MAT-BULK-CREAM,103.75,litre
MR-0016466,PO-0007919,MAT-BULK-CREAM,113.82,litre
MR-0016467,PO-0007919,MAT-SEAL,1436,each
MR-0016468,PO-0007919,MAT-PUMP-CAP,1500,each
MR-0016469,PO-0007920,MAT-SEAL,1112,each
MR-0016470,PO-0007920,MAT-PUMP-CAP,1125,each
MR-0016471,PO-0007921,MAT-LABEL,1109,each
MR-0016472,PO-0007921,MAT-BULK-CREAM,88.58,litre
MR-0016473,PO-0007922,MAT-CARTON,1332,each
MR-0016474,PO-0007922,MAT-LABEL,1284,each
MR-0016475,PO-0007923,MAT-PUMP-CAP,808,each
MR-0016476,PO-0007923,MAT-CARTON,776,each
MR-0016477,PO-0007924,MAT-BULK-CREAM,54.65,litre
MR-0016478,PO-0007924,MAT-SEAL,690,each
MR-0016479,PO-0007925,MAT-CARTON,699,each
MR-0016480,PO-0007925,MAT-LABEL,697,each
MR-0016481,PO-0007926,MAT-CARTON,512,each
MR-0016482,PO-0007926,MAT-LABEL,506,each
MR-0016483,PO-0007927,MAT-SEAL,1032,each
MR-0016484,PO-0007927,MAT-PUMP-CAP,1066,each
MR-0016485,PO-0007928,MAT-BULK-CREAM,63.43,litre
MR-0016486,PO-0007928,MAT-SEAL,770,each
MR-0016487,PO-0007929,MAT-PUMP-CAP,973,each
MR-0016488,PO-0007929,MAT-CARTON,996,each
MR-0016489,PO-0007930,MAT-LABEL,519,each
MR-0016490,PO-0007930,MAT-BULK-CREAM,43.27,litre
MR-0016491,PO-0007931,MAT-BULK-CREAM,52.44,litre
MR-0016492,PO-0007931,MAT-SEAL,640,each
MR-0016493,PO-0007932,MAT-LABEL,775,each
MR-0016494,PO-0007932,MAT-BULK-CREAM,61.8,litre
MR-0016495,PO-0007933,MAT-LABEL,586,each
MR-0016496,PO-0007933,MAT-BULK-CREAM,47.92,litre
MR-0016497,PO-0007934,MAT-BULK-CREAM,41.22,litre
MR-0016498,PO-0007934,MAT-SEAL,516,each
MR-0016499,PO-0007935,MAT-SEAL,645,each
MR-0016500,PO-0007935,MAT-PUMP-CAP,644,each
MR-0016501,PO-0007936,MAT-LABEL,700,each
MR-0016502,PO-0007936,MAT-BULK-CREAM,56.41,litre
MR-0016503,PO-0007937,MAT-BULK-CREAM,34.51,litre
MR-0016504,PO-0007937,MAT-SEAL,429,each
MR-0016505,PO-0007938,MAT-LABEL,564,each
MR-0016506,PO-0007938,MAT-BULK-CREAM,45.61,litre
MR-0016507,PO-0007939,MAT-BULK-CREAM,63.43,litre
MR-0016508,PO-0007939,MAT-SEAL,774,each
MR-0016509,PO-0007940,MAT-CARTON,665,each
MR-0016510,PO-0007940,MAT-LABEL,669,each
MR-0016511,PO-0007941,MAT-PUMP-CAP,610,each
MR-0016512,PO-0007941,MAT-CARTON,598,each
MR-0016513,PO-0007942,MAT-BULK-CREAM,34.32,litre
MR-0016514,PO-0007942,MAT-SEAL,424,each
MR-0016515,PO-0007943,MAT-BULK-CREAM,38.04,litre
MR-0016516,PO-0007943,MAT-SEAL,473,each
MR-0016517,PO-0007944,MAT-CARTON,614,each
MR-0016518,PO-0007944,MAT-LABEL,582,each
MR-0016519,PO-0007945,MAT-CARTON,738,each
MR-0016520,PO-0007945,MAT-LABEL,724,each
MR-0016521,PO-0007946,MAT-CARTON,782,each
MR-0016522,PO-0007946,MAT-LABEL,775,each
MR-0016523,PO-0007947,MAT-SEAL,575,each
MR-0016524,PO-0007947,MAT-PUMP-CAP,613,each
MR-0016525,PO-0007948,MAT-CARTON,647,each
MR-0016526,PO-0007948,MAT-LABEL,662,each
MR-0016527,PO-0007949,MAT-LABEL,762,each
MR-0016528,PO-0007949,MAT-BULK-CREAM,62.18,litre
MR-0016529,PO-0007950,MAT-BULK-CREAM,86.95,litre
MR-0016530,PO-0007950,MAT-SEAL,1146,each
MR-0016531,PO-0007951,MAT-SEAL,1100,each
MR-0016532,PO-0007951,MAT-PUMP-CAP,1118,each
MR-0016533,PO-0007952,MAT-PUMP-CAP,667,each
MR-0016534,PO-0007952,MAT-CARTON,627,each
MR-0016535,PO-0007953,MAT-CARTON,616,each
MR-0016536,PO-0007953,MAT-LABEL,632,each
MR-0016537,PO-0007954,MAT-LABEL,753,each
MR-0016538,PO-0007954,MAT-BULK-CREAM,58.58,litre
MR-0016539,PO-0007955,MAT-CARTON,818,each
MR-0016540,PO-0007955,MAT-LABEL,812,each
MR-0016541,PO-0007956,MAT-SEAL,801,each
MR-0016542,PO-0007956,MAT-PUMP-CAP,835,each
MR-0016543,PO-0007957,MAT-PUMP-CAP,1191,each
MR-0016544,PO-0007957,MAT-CARTON,1133,each
MR-0016545,PO-0007958,MAT-CARTON,824,each
MR-0016546,PO-0007958,MAT-LABEL,807,each
MR-0016547,PO-0007959,MAT-LABEL,967,each
MR-0016548,PO-0007959,MAT-BULK-CREAM,75.36,litre
MR-0016549,PO-0007960,MAT-BULK-CREAM,72.91,litre
MR-0016550,PO-0007960,MAT-SEAL,895,each
MR-0016551,PO-0007961,MAT-LABEL,730,each
MR-0016552,PO-0007961,MAT-BULK-CREAM,57.93,litre
MR-0016553,PO-0007962,MAT-PUMP-CAP,1625,each
MR-0016554,PO-0007962,MAT-CARTON,1615,each
MR-0016555,PO-0007962,MAT-LABEL,1592,each
MR-0016556,PO-0007963,MAT-PUMP-CAP,758,each
MR-0016557,PO-0007963,MAT-CARTON,751,each
MR-0016558,PO-0007964,MAT-LABEL,1328,each
MR-0016559,PO-0007964,MAT-BULK-CREAM,104.81,litre
MR-0016560,PO-0007965,MAT-SEAL,1580,each
MR-0016561,PO-0007965,MAT-PUMP-CAP,1640,each
MR-0016562,PO-0007965,MAT-CARTON,1602,each
MR-0016563,PO-0007966,MAT-SEAL,1482,each
MR-0016564,PO-0007966,MAT-PUMP-CAP,1519,each
MR-0016565,PO-0007966,MAT-CARTON,1526,each
MR-0016566,PO-0007967,MAT-PUMP-CAP,993,each
MR-0016567,PO-0007967,MAT-CARTON,989,each
MR-0016568,PO-0007968,MAT-CARTON,1464,each
MR-0016569,PO-0007968,MAT-LABEL,1427,each
MR-0016570,PO-0007968,MAT-BULK-CREAM,113.16,litre
MR-0016571,PO-0007969,MAT-LABEL,1629,each
MR-0016572,PO-0007969,MAT-BULK-CREAM,126.4,litre
MR-0016573,PO-0007969,MAT-SEAL,1604,each
MR-0016574,PO-0007970,MAT-SEAL,1398,each
MR-0016575,PO-0007970,MAT-PUMP-CAP,1429,each
MR-0016576,PO-0007970,MAT-CARTON,1397,each
MR-0016577,PO-0007971,MAT-SEAL,1325,each
MR-0016578,PO-0007971,MAT-PUMP-CAP,1359,each
MR-0016579,PO-0007972,MAT-LABEL,1180,each
MR-0016580,PO-0007972,MAT-BULK-CREAM,94.1,litre
MR-0016581,PO-0007973,MAT-BULK-CREAM,72,litre
MR-0016582,PO-0007973,MAT-SEAL,885,each
MR-0016583,PO-0007974,MAT-BULK-CREAM,58.13,litre
MR-0016584,PO-0007974,MAT-SEAL,745,each
MR-0016585,PO-0007975,MAT-PUMP-CAP,1042,each
MR-0016586,PO-0007975,MAT-CARTON,1040,each
MR-0016587,PO-0007976,MAT-PUMP-CAP,1395,each
MR-0016588,PO-0007976,MAT-CARTON,1400,each
MR-0016589,PO-0007977,MAT-CARTON,740,each
MR-0016590,PO-0007977,MAT-LABEL,730,each
MR-0016591,PO-0007978,MAT-PUMP-CAP,1396,each
MR-0016592,PO-0007978,MAT-CARTON,1411,each
MR-0016593,PO-0007978,MAT-LABEL,1379,each
MR-0016594,PO-0007979,MAT-SEAL,685,each
MR-0016595,PO-0007979,MAT-PUMP-CAP,693,each
MR-0016596,PO-0007980,MAT-SEAL,1138,each
MR-0016597,PO-0007980,MAT-PUMP-CAP,1160,each
MR-0016598,PO-0007981,MAT-PUMP-CAP,1008,each
MR-0016599,PO-0007981,MAT-CARTON,1027,each
MR-0016600,PO-0007982,MAT-CARTON,827,each
MR-0016601,PO-0007982,MAT-LABEL,823,each
MR-0016602,PO-0007983,MAT-LABEL,668,each
MR-0016603,PO-0007983,MAT-BULK-CREAM,52.06,litre
MR-0016604,PO-0007984,MAT-BULK-CREAM,55.31,litre
MR-0016605,PO-0007984,MAT-SEAL,679,each
MR-0016606,PO-0007985,MAT-SEAL,787,each
MR-0016607,PO-0007985,MAT-PUMP-CAP,803,each
MR-0016608,PO-0007986,MAT-PUMP-CAP,731,each
MR-0016609,PO-0007986,MAT-CARTON,707,each
MR-0016610,PO-0007987,MAT-BULK-CREAM,80.82,litre
MR-0016611,PO-0007987,MAT-SEAL,990,each
MR-0016612,PO-0007988,MAT-SEAL,860,each
MR-0016613,PO-0007988,MAT-PUMP-CAP,900,each
MR-0016614,PO-0007989,MAT-SEAL,505,each
MR-0016615,PO-0007989,MAT-PUMP-CAP,529,each
MR-0016616,PO-0007990,MAT-CARTON,1078,each
MR-0016617,PO-0007990,MAT-LABEL,1064,each
MR-0016618,PO-0007991,MAT-CARTON,750,each
MR-0016619,PO-0007991,MAT-LABEL,743,each
MR-0016620,PO-0007992,MAT-CARTON,573,each
MR-0016621,PO-0007992,MAT-LABEL,571,each
MR-0016622,PO-0007993,MAT-LABEL,675,each
MR-0016623,PO-0007993,MAT-BULK-CREAM,53.4,litre
MR-0016624,PO-0007994,MAT-PUMP-CAP,1072,each
MR-0016625,PO-0007994,MAT-CARTON,1017,each
MR-0016626,PO-0007995,MAT-PUMP-CAP,833,each
MR-0016627,PO-0007995,MAT-CARTON,811,each
MR-0016628,PO-0007996,MAT-BULK-CREAM,86.88,litre
MR-0016629,PO-0007996,MAT-SEAL,1077,each
MR-0016630,PO-0007997,MAT-CARTON,625,each
MR-0016631,PO-0007997,MAT-LABEL,626,each
MR-0016632,PO-0007998,MAT-LABEL,871,each
MR-0016633,PO-0007998,MAT-BULK-CREAM,67.28,litre
MR-0016634,PO-0007999,MAT-BULK-CREAM,54.94,litre
MR-0016635,PO-0007999,MAT-SEAL,695,each
MR-0016636,PO-0008000,MAT-SEAL,774,each
MR-0016637,PO-0008000,MAT-PUMP-CAP,790,each
MR-0016638,PO-0008001,MAT-PUMP-CAP,507,each
MR-0016639,PO-0008001,MAT-CARTON,504,each
MR-0016640,PO-0008002,MAT-CARTON,724,each
MR-0016641,PO-0008002,MAT-LABEL,718,each
MR-0016642,PO-0008003,MAT-LABEL,876,each
MR-0016643,PO-0008003,MAT-BULK-CREAM,70.14,litre
MR-0016644,PO-0008004,MAT-BULK-CREAM,67.23,litre
MR-0016645,PO-0008004,MAT-SEAL,851,each
MR-0016646,PO-0008005,MAT-CARTON,821,each
MR-0016647,PO-0008005,MAT-LABEL,820,each
MR-0016648,PO-0008006,MAT-BULK-CREAM,43.49,litre
MR-0016649,PO-0008006,MAT-SEAL,567,each
MR-0016650,PO-0008007,MAT-SEAL,874,each
MR-0016651,PO-0008007,MAT-PUMP-CAP,910,each
MR-0016652,PO-0008008,MAT-SEAL,954,each
MR-0016653,PO-0008008,MAT-PUMP-CAP,981,each
MR-0016654,PO-0008009,MAT-BULK-CREAM,59.87,litre
MR-0016655,PO-0008009,MAT-SEAL,740,each
MR-0016656,PO-0008010,MAT-PUMP-CAP,795,each
MR-0016657,PO-0008010,MAT-CARTON,803,each
MR-0016658,PO-0008011,MAT-CARTON,684,each
MR-0016659,PO-0008011,MAT-LABEL,656,each
MR-0016660,PO-0008012,MAT-CARTON,506,each
MR-0016661,PO-0008012,MAT-LABEL,496,each
MR-0016662,PO-0008013,MAT-CARTON,1069,each
MR-0016663,PO-0008013,MAT-LABEL,1064,each
MR-0016664,PO-0008014,MAT-LABEL,582,each
MR-0016665,PO-0008014,MAT-BULK-CREAM,47.48,litre
MR-0016666,PO-0008015,MAT-CARTON,708,each
MR-0016667,PO-0008015,MAT-LABEL,718,each
MR-0016668,PO-0008016,MAT-PUMP-CAP,851,each
MR-0016669,PO-0008016,MAT-CARTON,858,each
MR-0016670,PO-0008017,MAT-LABEL,542,each
MR-0016671,PO-0008017,MAT-BULK-CREAM,42.77,litre
MR-0016672,PO-0008018,MAT-CARTON,555,each
MR-0016673,PO-0008018,MAT-LABEL,558,each
MR-0016674,PO-0008019,MAT-LABEL,1134,each
MR-0016675,PO-0008019,MAT-BULK-CREAM,93.29,litre
MR-0016676,PO-0008020,MAT-BULK-CREAM,52.06,litre
MR-0016677,PO-0008020,MAT-SEAL,670,each
MR-0016678,PO-0008021,MAT-SEAL,1013,each
MR-0016679,PO-0008021,MAT-PUMP-CAP,1020,each
MR-0016680,PO-0008022,MAT-LABEL,1379,each
MR-0016681,PO-0008022,MAT-BULK-CREAM,112.73,litre
MR-0016682,PO-0008022,MAT-SEAL,1388,each
MR-0016683,PO-0008023,MAT-LABEL,874,each
MR-0016684,PO-0008023,MAT-BULK-CREAM,70.13,litre
MR-0016685,PO-0008024,MAT-LABEL,1090,each
MR-0016686,PO-0008024,MAT-BULK-CREAM,88.77,litre
MR-0016687,PO-0008025,MAT-BULK-CREAM,69.65,litre
MR-0016688,PO-0008025,MAT-SEAL,904,each
MR-0016689,PO-0008026,MAT-SEAL,1470,each
MR-0016690,PO-0008026,MAT-PUMP-CAP,1516,each
MR-0016691,PO-0008026,MAT-CARTON,1486,each
MR-0016692,PO-0008027,MAT-SEAL,932,each
MR-0016693,PO-0008027,MAT-PUMP-CAP,918,each
MR-0016694,PO-0008028,MAT-CARTON,1336,each
MR-0016695,PO-0008028,MAT-LABEL,1338,each
MR-0016696,PO-0008029,MAT-LABEL,1342,each
MR-0016697,PO-0008029,MAT-BULK-CREAM,108.01,litre
MR-0016698,PO-0008030,MAT-BULK-CREAM,77.82,litre
MR-0016699,PO-0008030,MAT-SEAL,962,each
MR-0016700,PO-0008031,MAT-SEAL,831,each
MR-0016701,PO-0008031,MAT-PUMP-CAP,840,each
MR-0016702,PO-0008032,MAT-PUMP-CAP,799,each
MR-0016703,PO-0008032,MAT-CARTON,801,each
MR-0016704,PO-0008033,MAT-CARTON,1076,each
MR-0016705,PO-0008033,MAT-LABEL,1073,each
MR-0016706,PO-0008034,MAT-PUMP-CAP,1034,each
MR-0016707,PO-0008034,MAT-CARTON,1038,each
MR-0016708,PO-0008035,MAT-BULK-CREAM,64.91,litre
MR-0016709,PO-0008035,MAT-SEAL,795,each
MR-0016710,PO-0008036,MAT-BULK-CREAM,101.89,litre
MR-0016711,PO-0008036,MAT-SEAL,1222,each
MR-0016712,PO-0008037,MAT-PUMP-CAP,1322,each
MR-0016713,PO-0008037,MAT-CARTON,1328,each
MR-0016714,PO-0008038,MAT-CARTON,1262,each
MR-0016715,PO-0008038,MAT-LABEL,1267,each
MR-0016716,PO-0008039,MAT-CARTON,1410,each
MR-0016717,PO-0008039,MAT-LABEL,1379,each
MR-0016718,PO-0008039,MAT-BULK-CREAM,113.05,litre
MR-0016719,PO-0008040,MAT-SEAL,775,each
MR-0016720,PO-0008040,MAT-PUMP-CAP,797,each
MR-0016721,PO-0008041,MAT-PUMP-CAP,772,each
MR-0016722,PO-0008041,MAT-CARTON,750,each
MR-0016723,PO-0008042,MAT-BULK-CREAM,77.5,litre
MR-0016724,PO-0008042,MAT-SEAL,976,each
MR-0016725,PO-0008043,MAT-LABEL,845,each
MR-0016726,PO-0008043,MAT-BULK-CREAM,67.82,litre
MR-0016727,PO-0008044,MAT-BULK-CREAM,85.9,litre
MR-0016728,PO-0008044,MAT-SEAL,1103,each
MR-0016729,PO-0008045,MAT-SEAL,1277,each
MR-0016730,PO-0008045,MAT-PUMP-CAP,1301,each
MR-0016731,PO-0008046,MAT-PUMP-CAP,1323,each
MR-0016732,PO-0008046,MAT-CARTON,1301,each
MR-0016733,PO-0008047,MAT-SEAL,1223,each
MR-0016734,PO-0008047,MAT-PUMP-CAP,1259,each
MR-0016735,PO-0008048,MAT-LABEL,800,each
MR-0016736,PO-0008048,MAT-BULK-CREAM,63.42,litre
MR-0016737,PO-0008049,MAT-BULK-CREAM,96.62,litre
MR-0016738,PO-0008049,MAT-SEAL,1169,each
MR-0016739,PO-0008050,MAT-SEAL,964,each
MR-0016740,PO-0008050,MAT-PUMP-CAP,977,each
MR-0016741,PO-0008051,MAT-PUMP-CAP,1441,each
MR-0016742,PO-0008051,MAT-CARTON,1433,each
MR-0016743,PO-0008051,MAT-LABEL,1386,each
MR-0016744,PO-0008052,MAT-LABEL,927,each
MR-0016745,PO-0008052,MAT-BULK-CREAM,72.98,litre
MR-0016746,PO-0008053,MAT-LABEL,1282,each
MR-0016747,PO-0008053,MAT-BULK-CREAM,104.68,litre
MR-0016748,PO-0008054,MAT-PUMP-CAP,1073,each
MR-0016749,PO-0008054,MAT-CARTON,1031,each
MR-0016750,PO-0008055,MAT-LABEL,959,each
MR-0016751,PO-0008055,MAT-BULK-CREAM,77.98,litre
MR-0016752,PO-0008056,MAT-PUMP-CAP,726,each
MR-0016753,PO-0008056,MAT-CARTON,721,each
MR-0016754,PO-0008057,MAT-LABEL,781,each
MR-0016755,PO-0008057,MAT-BULK-CREAM,61.98,litre
MR-0016756,PO-0008058,MAT-BULK-CREAM,46.05,litre
MR-0016757,PO-0008058,MAT-SEAL,559,each
MR-0016758,PO-0008059,MAT-PUMP-CAP,943,each
MR-0016759,PO-0008059,MAT-CARTON,913,each
MR-0016760,PO-0008060,MAT-SEAL,1107,each
MR-0016761,PO-0008060,MAT-PUMP-CAP,1128,each
MR-0016762,PO-0008061,MAT-LABEL,715,each
MR-0016763,PO-0008061,MAT-BULK-CREAM,58.48,litre
MR-0016764,PO-0008062,MAT-CARTON,900,each
MR-0016765,PO-0008062,MAT-LABEL,877,each
MR-0016766,PO-0008063,MAT-LABEL,759,each
MR-0016767,PO-0008063,MAT-BULK-CREAM,61.05,litre
MR-0016768,PO-0008064,MAT-BULK-CREAM,44.79,litre
MR-0016769,PO-0008064,MAT-SEAL,555,each
MR-0016770,PO-0008065,MAT-BULK-CREAM,67.33,litre
MR-0016771,PO-0008065,MAT-SEAL,808,each
MR-0016772,PO-0008066,MAT-PUMP-CAP,794,each
MR-0016773,PO-0008066,MAT-CARTON,798,each
MR-0016774,PO-0008067,MAT-CARTON,399,each
MR-0016775,PO-0008067,MAT-LABEL,397,each
MR-0016776,PO-0008068,MAT-LABEL,514,each
MR-0016777,PO-0008068,MAT-BULK-CREAM,41.47,litre
MR-0016778,PO-0008069,MAT-BULK-CREAM,40.14,litre
MR-0016779,PO-0008069,MAT-SEAL,494,each
MR-0016780,PO-0008070,MAT-SEAL,813,each
MR-0016781,PO-0008070,MAT-PUMP-CAP,841,each
MR-0016782,PO-0008071,MAT-PUMP-CAP,433,each
MR-0016783,PO-0008071,MAT-CARTON,431,each
MR-0016784,PO-0008072,MAT-LABEL,618,each
MR-0016785,PO-0008072,MAT-BULK-CREAM,49.55,litre
MR-0016786,PO-0008073,MAT-LABEL,772,each
MR-0016787,PO-0008073,MAT-BULK-CREAM,61.45,litre
MR-0016788,PO-0008074,MAT-PUMP-CAP,721,each
MR-0016789,PO-0008074,MAT-CARTON,710,each
MR-0016790,PO-0008075,MAT-SEAL,686,each
MR-0016791,PO-0008075,MAT-PUMP-CAP,678,each
MR-0016792,PO-0008076,MAT-BULK-CREAM,76.72,litre
MR-0016793,PO-0008076,MAT-SEAL,928,each
MR-0016794,PO-0008077,MAT-PUMP-CAP,1081,each
MR-0016795,PO-0008077,MAT-CARTON,1057,each
MR-0016796,PO-0008078,MAT-LABEL,597,each
MR-0016797,PO-0008078,MAT-BULK-CREAM,47.28,litre
MR-0016798,PO-0008079,MAT-LABEL,749,each
MR-0016799,PO-0008079,MAT-BULK-CREAM,60.24,litre
MR-0016800,PO-0008080,MAT-BULK-CREAM,79.71,litre
MR-0016801,PO-0008080,MAT-SEAL,952,each
MR-0016802,PO-0008081,MAT-BULK-CREAM,90.35,litre
MR-0016803,PO-0008081,MAT-SEAL,1099,each
MR-0016804,PO-0008082,MAT-PUMP-CAP,1154,each
MR-0016805,PO-0008082,MAT-CARTON,1145,each
MR-0016806,PO-0008083,MAT-CARTON,922,each
MR-0016807,PO-0008083,MAT-LABEL,922,each
MR-0016808,PO-0008084,MAT-CARTON,719,each
MR-0016809,PO-0008084,MAT-LABEL,711,each
MR-0016810,PO-0008085,MAT-BULK-CREAM,67.68,litre
MR-0016811,PO-0008085,MAT-SEAL,831,each
MR-0016812,PO-0008086,MAT-SEAL,1249,each
MR-0016813,PO-0008086,MAT-PUMP-CAP,1273,each
MR-0016814,PO-0008087,MAT-PUMP-CAP,765,each
MR-0016815,PO-0008087,MAT-CARTON,741,each
MR-0016816,PO-0008088,MAT-CARTON,1536,each
MR-0016817,PO-0008088,MAT-LABEL,1511,each
MR-0016818,PO-0008088,MAT-BULK-CREAM,123.51,litre
MR-0016819,PO-0008089,MAT-LABEL,1330,each
MR-0016820,PO-0008089,MAT-BULK-CREAM,106.89,litre
MR-0016821,PO-0008090,MAT-BULK-CREAM,93.44,litre
MR-0016822,PO-0008090,MAT-SEAL,1164,each
MR-0016823,PO-0008091,MAT-LABEL,1524,each
MR-0016824,PO-0008091,MAT-BULK-CREAM,125.96,litre
MR-0016825,PO-0008091,MAT-SEAL,1498,each
MR-0016826,PO-0008092,MAT-PUMP-CAP,960,each
MR-0016827,PO-0008092,MAT-CARTON,952,each
MR-0016828,PO-0008093,MAT-CARTON,1379,each
MR-0016829,PO-0008093,MAT-LABEL,1367,each
MR-0016830,PO-0008094,MAT-LABEL,1505,each
MR-0016831,PO-0008094,MAT-BULK-CREAM,121.79,litre
MR-0016832,PO-0008094,MAT-SEAL,1489,each
MR-0016833,PO-0008095,MAT-BULK-CREAM,56.66,litre
MR-0016834,PO-0008095,MAT-SEAL,700,each
MR-0016835,PO-0008096,MAT-SEAL,1257,each
MR-0016836,PO-0008096,MAT-PUMP-CAP,1275,each
MR-0016837,PO-0008097,MAT-PUMP-CAP,1329,each
MR-0016838,PO-0008097,MAT-CARTON,1279,each
MR-0016839,PO-0008098,MAT-CARTON,913,each
MR-0016840,PO-0008098,MAT-LABEL,875,each
MR-0016841,PO-0008099,MAT-LABEL,1464,each
MR-0016842,PO-0008099,MAT-BULK-CREAM,118.76,litre
MR-0016843,PO-0008099,MAT-SEAL,1508,each
MR-0016844,PO-0008100,MAT-SEAL,1438,each
MR-0016845,PO-0008100,MAT-PUMP-CAP,1461,each
MR-0016846,PO-0008100,MAT-CARTON,1484,each
MR-0016847,PO-0008101,MAT-SEAL,1589,each
MR-0016848,PO-0008101,MAT-PUMP-CAP,1633,each
MR-0016849,PO-0008101,MAT-CARTON,1589,each
MR-0016850,PO-0008102,MAT-PUMP-CAP,1079,each
MR-0016851,PO-0008102,MAT-CARTON,1083,each
MR-0016852,PO-0008103,MAT-LABEL,1052,each
MR-0016853,PO-0008103,MAT-BULK-CREAM,87.04,litre
MR-0016854,PO-0008104,MAT-BULK-CREAM,71.92,litre
MR-0016855,PO-0008104,MAT-SEAL,852,each
MR-0016856,PO-0008105,MAT-SEAL,1245,each
MR-0016857,PO-0008105,MAT-PUMP-CAP,1268,each
MR-0016858,PO-0008106,MAT-LABEL,1387,each
MR-0016859,PO-0008106,MAT-BULK-CREAM,108.82,litre
MR-0016860,PO-0008107,MAT-CARTON,1434,each
MR-0016861,PO-0008107,MAT-LABEL,1468,each
MR-0016862,PO-0008107,MAT-BULK-CREAM,115.44,litre
MR-0016863,PO-0008108,MAT-LABEL,848,each
MR-0016864,PO-0008108,MAT-BULK-CREAM,68.84,litre
MR-0016865,PO-0008109,MAT-BULK-CREAM,65.25,litre
MR-0016866,PO-0008109,MAT-SEAL,825,each
MR-0016867,PO-0008110,MAT-CARTON,1259,each
MR-0016868,PO-0008110,MAT-LABEL,1257,each
MR-0016869,PO-0008111,MAT-PUMP-CAP,784,each
MR-0016870,PO-0008111,MAT-CARTON,789,each
MR-0016871,PO-0008112,MAT-SEAL,1466,each
MR-0016872,PO-0008112,MAT-PUMP-CAP,1492,each
MR-0016873,PO-0008112,MAT-CARTON,1489,each
MR-0016874,PO-0008113,MAT-BULK-CREAM,61.79,litre
MR-0016875,PO-0008113,MAT-SEAL,800,each
MR-0016876,PO-0008114,MAT-PUMP-CAP,1131,each
MR-0016877,PO-0008114,MAT-CARTON,1102,each
MR-0016878,PO-0008115,MAT-SEAL,1420,each
MR-0016879,PO-0008115,MAT-PUMP-CAP,1468,each
MR-0016880,PO-0008115,MAT-CARTON,1464,each
MR-0016881,PO-0008116,MAT-PUMP-CAP,666,each
MR-0016882,PO-0008116,MAT-CARTON,640,each
MR-0016883,PO-0008117,MAT-SEAL,775,each
MR-0016884,PO-0008117,MAT-PUMP-CAP,774,each
MR-0016885,PO-0008118,MAT-BULK-CREAM,69.76,litre
MR-0016886,PO-0008118,MAT-SEAL,861,each
MR-0016887,PO-0008119,MAT-PUMP-CAP,727,each
MR-0016888,PO-0008119,MAT-CARTON,726,each
MR-0016889,PO-0008120,MAT-LABEL,901,each
MR-0016890,PO-0008120,MAT-BULK-CREAM,71.89,litre
MR-0016891,PO-0008121,MAT-BULK-CREAM,86.71,litre
MR-0016892,PO-0008121,MAT-SEAL,1080,each
MR-0016893,PO-0008122,MAT-CARTON,862,each
MR-0016894,PO-0008122,MAT-LABEL,863,each
MR-0016895,PO-0008123,MAT-LABEL,1254,each
MR-0016896,PO-0008123,MAT-BULK-CREAM,98.99,litre
MR-0016897,PO-0008124,MAT-BULK-CREAM,89.43,litre
MR-0016898,PO-0008124,MAT-SEAL,1115,each
MR-0016899,PO-0008125,MAT-PUMP-CAP,575,each
MR-0016900,PO-0008125,MAT-CARTON,572,each
MR-0016901,PO-0008126,MAT-PUMP-CAP,420,each
MR-0016902,PO-0008126,MAT-CARTON,417,each
MR-0016903,PO-0008127,MAT-CARTON,666,each
MR-0016904,PO-0008127,MAT-LABEL,651,each
MR-0016905,PO-0008128,MAT-LABEL,470,each
MR-0016906,PO-0008128,MAT-BULK-CREAM,37.03,litre
MR-0016907,PO-0008129,MAT-BULK-CREAM,57.19,litre
MR-0016908,PO-0008129,MAT-SEAL,717,each
MR-0016909,PO-0008130,MAT-SEAL,679,each
MR-0016910,PO-0008130,MAT-PUMP-CAP,693,each
MR-0016911,PO-0008131,MAT-PUMP-CAP,888,each
MR-0016912,PO-0008131,MAT-CARTON,879,each
MR-0016913,PO-0008132,MAT-CARTON,822,each
MR-0016914,PO-0008132,MAT-LABEL,844,each
MR-0016915,PO-0008133,MAT-PUMP-CAP,620,each
MR-0016916,PO-0008133,MAT-CARTON,618,each
MR-0016917,PO-0008134,MAT-PUMP-CAP,954,each
MR-0016918,PO-0008134,MAT-CARTON,917,each
MR-0016919,PO-0008135,MAT-LABEL,516,each
MR-0016920,PO-0008135,MAT-BULK-CREAM,41.05,litre
MR-0016921,PO-0008136,MAT-LABEL,813,each
MR-0016922,PO-0008136,MAT-BULK-CREAM,66.91,litre
MR-0016923,PO-0008137,MAT-BULK-CREAM,54.75,litre
MR-0016924,PO-0008137,MAT-SEAL,676,each
MR-0016925,PO-0008138,MAT-BULK-CREAM,60.04,litre
MR-0016926,PO-0008138,MAT-SEAL,765,each
MR-0016927,PO-0008139,MAT-BULK-CREAM,49.5,litre
MR-0016928,PO-0008139,MAT-SEAL,624,each
MR-0016929,PO-0008140,MAT-BULK-CREAM,68.65,litre
MR-0016930,PO-0008140,MAT-SEAL,805,each
MR-0016931,PO-0008141,MAT-CARTON,1058,each
MR-0016932,PO-0008141,MAT-LABEL,1068,each
MR-0016933,PO-0008142,MAT-PUMP-CAP,827,each
MR-0016934,PO-0008142,MAT-CARTON,801,each
MR-0016935,PO-0008143,MAT-LABEL,992,each
MR-0016936,PO-0008143,MAT-BULK-CREAM,79.57,litre
MR-0016937,PO-0008144,MAT-CARTON,585,each
MR-0016938,PO-0008144,MAT-LABEL,559,each
MR-0016939,PO-0008145,MAT-BULK-CREAM,86.53,litre
MR-0016940,PO-0008145,MAT-SEAL,1088,each
MR-0016941,PO-0008146,MAT-SEAL,1057,each
MR-0016942,PO-0008146,MAT-PUMP-CAP,1067,each
MR-0016943,PO-0008147,MAT-PUMP-CAP,727,each
MR-0016944,PO-0008147,MAT-CARTON,709,each
MR-0016945,PO-0008148,MAT-CARTON,653,each
MR-0016946,PO-0008148,MAT-LABEL,638,each
MR-0016947,PO-0008149,MAT-LABEL,684,each
MR-0016948,PO-0008149,MAT-BULK-CREAM,56.99,litre
MR-0016949,PO-0008150,MAT-PUMP-CAP,1383,each
MR-0016950,PO-0008150,MAT-CARTON,1371,each
MR-0016951,PO-0008151,MAT-SEAL,1033,each
MR-0016952,PO-0008151,MAT-PUMP-CAP,1019,each
MR-0016953,PO-0008152,MAT-PUMP-CAP,1404,each
MR-0016954,PO-0008152,MAT-CARTON,1362,each
MR-0016955,PO-0008153,MAT-LABEL,937,each
MR-0016956,PO-0008153,MAT-BULK-CREAM,77.21,litre
MR-0016957,PO-0008154,MAT-LABEL,820,each
MR-0016958,PO-0008154,MAT-BULK-CREAM,66.39,litre
MR-0016959,PO-0008155,MAT-BULK-CREAM,108.11,litre
MR-0016960,PO-0008155,MAT-SEAL,1371,each
MR-0016961,PO-0008156,MAT-BULK-CREAM,86.21,litre
MR-0016962,PO-0008156,MAT-SEAL,1076,each
MR-0016963,PO-0008157,MAT-CARTON,1567,each
MR-0016964,PO-0008157,MAT-LABEL,1482,each
MR-0016965,PO-0008157,MAT-BULK-CREAM,122.09,litre
MR-0016966,PO-0008158,MAT-CARTON,1439,each
MR-0016967,PO-0008158,MAT-LABEL,1422,each
MR-0016968,PO-0008158,MAT-BULK-CREAM,110.2,litre
MR-0016969,PO-0008159,MAT-LABEL,1384,each
MR-0016970,PO-0008159,MAT-BULK-CREAM,110.35,litre
MR-0016971,PO-0008159,MAT-SEAL,1383,each
MR-0016972,PO-0008160,MAT-BULK-CREAM,59.06,litre
MR-0016973,PO-0008160,MAT-SEAL,737,each
MR-0016974,PO-0008161,MAT-PUMP-CAP,1455,each
MR-0016975,PO-0008161,MAT-CARTON,1445,each
MR-0016976,PO-0008161,MAT-LABEL,1418,each
MR-0016977,PO-0008162,MAT-CARTON,1253,each
MR-0016978,PO-0008162,MAT-LABEL,1202,each
MR-0016979,PO-0008163,MAT-CARTON,1367,each
MR-0016980,PO-0008163,MAT-LABEL,1353,each
MR-0016981,PO-0008164,MAT-LABEL,1229,each
MR-0016982,PO-0008164,MAT-BULK-CREAM,99.36,litre
MR-0016983,PO-0008165,MAT-BULK-CREAM,76.49,litre
MR-0016984,PO-0008165,MAT-SEAL,969,each
MR-0016985,PO-0008166,MAT-PUMP-CAP,1520,each
MR-0016986,PO-0008166,MAT-CARTON,1496,each
MR-0016987,PO-0008166,MAT-LABEL,1456,each
MR-0016988,PO-0008167,MAT-CARTON,1042,each
MR-0016989,PO-0008167,MAT-LABEL,1029,each
MR-0016990,PO-0008168,MAT-LABEL,929,each
MR-0016991,PO-0008168,MAT-BULK-CREAM,74.47,litre
MR-0016992,PO-0008169,MAT-BULK-CREAM,63.59,litre
MR-0016993,PO-0008169,MAT-SEAL,804,each
MR-0016994,PO-0008170,MAT-SEAL,819,each
MR-0016995,PO-0008170,MAT-PUMP-CAP,857,each
MR-0016996,PO-0008171,MAT-LABEL,1241,each
MR-0016997,PO-0008171,MAT-BULK-CREAM,99.19,litre
MR-0016998,PO-0008172,MAT-CARTON,1288,each
MR-0016999,PO-0008172,MAT-LABEL,1295,each
MR-0017000,PO-0008173,MAT-LABEL,906,each
MR-0017001,PO-0008173,MAT-BULK-CREAM,73.66,litre
MR-0017002,PO-0008174,MAT-CARTON,757,each
MR-0017003,PO-0008174,MAT-LABEL,738,each
MR-0017004,PO-0008175,MAT-BULK-CREAM,75.13,litre
MR-0017005,PO-0008175,MAT-SEAL,941,each
MR-0017006,PO-0008176,MAT-PUMP-CAP,1034,each
MR-0017007,PO-0008176,MAT-CARTON,1056,each
MR-0017008,PO-0008177,MAT-SEAL,910,each
MR-0017009,PO-0008177,MAT-PUMP-CAP,941,each
MR-0017010,PO-0008178,MAT-LABEL,781,each
MR-0017011,PO-0008178,MAT-BULK-CREAM,62.07,litre
MR-0017012,PO-0008179,MAT-BULK-CREAM,80.41,litre
MR-0017013,PO-0008179,MAT-SEAL,1013,each
MR-0017014,PO-0008180,MAT-SEAL,1121,each
MR-0017015,PO-0008180,MAT-PUMP-CAP,1175,each
MR-0017016,PO-0008181,MAT-LABEL,918,each
MR-0017017,PO-0008181,MAT-BULK-CREAM,73.57,litre
MR-0017018,PO-0008182,MAT-BULK-CREAM,42.88,litre
MR-0017019,PO-0008182,MAT-SEAL,545,each
MR-0017020,PO-0008183,MAT-SEAL,1163,each
MR-0017021,PO-0008183,MAT-PUMP-CAP,1182,each
MR-0017022,PO-0008184,MAT-BULK-CREAM,49.7,litre
MR-0017023,PO-0008184,MAT-SEAL,631,each
MR-0017024,PO-0008185,MAT-SEAL,1042,each
MR-0017025,PO-0008185,MAT-PUMP-CAP,1050,each
MR-0017026,PO-0008186,MAT-PUMP-CAP,806,each
MR-0017027,PO-0008186,MAT-CARTON,794,each
MR-0017028,PO-0008187,MAT-LABEL,1156,each
MR-0017029,PO-0008187,MAT-BULK-CREAM,89.75,litre
MR-0017030,PO-0008188,MAT-PUMP-CAP,630,each
MR-0017031,PO-0008188,MAT-CARTON,621,each
MR-0017032,PO-0008189,MAT-PUMP-CAP,1084,each
MR-0017033,PO-0008189,MAT-CARTON,1062,each
MR-0017034,PO-0008190,MAT-SEAL,758,each
MR-0017035,PO-0008190,MAT-PUMP-CAP,786,each
MR-0017036,PO-0008191,MAT-PUMP-CAP,759,each
MR-0017037,PO-0008191,MAT-CARTON,735,each
MR-0017038,PO-0008192,MAT-CARTON,666,each
MR-0017039,PO-0008192,MAT-LABEL,674,each
MR-0017040,PO-0008193,MAT-LABEL,428,each
MR-0017041,PO-0008193,MAT-BULK-CREAM,34.43,litre
MR-0017042,PO-0008194,MAT-SEAL,756,each
MR-0017043,PO-0008194,MAT-PUMP-CAP,759,each
MR-0017044,PO-0008195,MAT-SEAL,838,each
MR-0017045,PO-0008195,MAT-PUMP-CAP,838,each
MR-0017046,PO-0008196,MAT-PUMP-CAP,814,each
MR-0017047,PO-0008196,MAT-CARTON,802,each
MR-0017048,PO-0008197,MAT-LABEL,577,each
MR-0017049,PO-0008197,MAT-BULK-CREAM,46.8,litre
MR-0017050,PO-0008198,MAT-SEAL,733,each
MR-0017051,PO-0008198,MAT-PUMP-CAP,772,each
MR-0017052,PO-0008199,MAT-SEAL,829,each
MR-0017053,PO-0008199,MAT-PUMP-CAP,822,each
MR-0017054,PO-0008200,MAT-LABEL,594,each
MR-0017055,PO-0008200,MAT-BULK-CREAM,47.08,litre
MR-0017056,PO-0008201,MAT-PUMP-CAP,523,each
MR-0017057,PO-0008201,MAT-CARTON,523,each
MR-0017058,PO-0008202,MAT-CARTON,733,each
MR-0017059,PO-0008202,MAT-LABEL,737,each
MR-0017060,PO-0008203,MAT-LABEL,766,each
MR-0017061,PO-0008203,MAT-BULK-CREAM,60.74,litre
MR-0017062,PO-0008204,MAT-PUMP-CAP,910,each
MR-0017063,PO-0008204,MAT-CARTON,887,each
MR-0017064,PO-0008205,MAT-BULK-CREAM,49.7,litre
MR-0017065,PO-0008205,MAT-SEAL,635,each
MR-0017066,PO-0008206,MAT-SEAL,933,each
MR-0017067,PO-0008206,MAT-PUMP-CAP,975,each
MR-0017068,PO-0008207,MAT-PUMP-CAP,535,each
MR-0017069,PO-0008207,MAT-CARTON,515,each
MR-0017070,PO-0008208,MAT-PUMP-CAP,802,each
MR-0017071,PO-0008208,MAT-CARTON,819,each
MR-0017072,PO-0008209,MAT-LABEL,768,each
MR-0017073,PO-0008209,MAT-BULK-CREAM,63.21,litre
MR-0017074,PO-0008210,MAT-BULK-CREAM,62.61,litre
MR-0017075,PO-0008210,MAT-SEAL,784,each
MR-0017076,PO-0008211,MAT-BULK-CREAM,77.08,litre
MR-0017077,PO-0008211,MAT-SEAL,945,each
MR-0017078,PO-0008212,MAT-CARTON,715,each
MR-0017079,PO-0008212,MAT-LABEL,728,each
MR-0017080,PO-0008213,MAT-CARTON,493,each
MR-0017081,PO-0008213,MAT-LABEL,501,each
MR-0017082,PO-0008214,MAT-LABEL,1447,each
MR-0017083,PO-0008214,MAT-BULK-CREAM,116.21,litre
MR-0017084,PO-0008214,MAT-SEAL,1411,each
MR-0017085,PO-0008215,MAT-BULK-CREAM,114.67,litre
MR-0017086,PO-0008215,MAT-SEAL,1438,each
MR-0017087,PO-0008215,MAT-PUMP-CAP,1473,each
MR-0017088,PO-0008216,MAT-SEAL,1512,each
MR-0017089,PO-0008216,MAT-PUMP-CAP,1542,each
MR-0017090,PO-0008216,MAT-CARTON,1539,each
MR-0017091,PO-0008217,MAT-PUMP-CAP,837,each
MR-0017092,PO-0008217,MAT-CARTON,831,each
MR-0017093,PO-0008218,MAT-CARTON,1493,each
MR-0017094,PO-0008218,MAT-LABEL,1483,each
MR-0017095,PO-0008218,MAT-BULK-CREAM,116.52,litre
MR-0017096,PO-0008219,MAT-BULK-CREAM,81.8,litre
MR-0017097,PO-0008219,MAT-SEAL,1054,each
MR-0017098,PO-0008220,MAT-BULK-CREAM,105.01,litre
MR-0017099,PO-0008220,MAT-SEAL,1329,each
MR-0017100,PO-0008221,MAT-SEAL,1103,each
MR-0017101,PO-0008221,MAT-PUMP-CAP,1120,each
MR-0017102,PO-0008222,MAT-PUMP-CAP,1412,each
MR-0017103,PO-0008222,MAT-CARTON,1371,each
MR-0017104,PO-0008223,MAT-CARTON,876,each
MR-0017105,PO-0008223,MAT-LABEL,885,each
MR-0017106,PO-0008224,MAT-LABEL,1483,each
MR-0017107,PO-0008224,MAT-BULK-CREAM,116.8,litre
MR-0017108,PO-0008224,MAT-SEAL,1494,each
MR-0017109,PO-0008225,MAT-PUMP-CAP,905,each
MR-0017110,PO-0008225,MAT-CARTON,899,each
MR-0017111,PO-0008226,MAT-SEAL,1442,each
MR-0017112,PO-0008226,MAT-PUMP-CAP,1468,each
MR-0017113,PO-0008226,MAT-CARTON,1437,each
MR-0017114,PO-0008227,MAT-PUMP-CAP,1102,each
MR-0017115,PO-0008227,MAT-CARTON,1167,each
MR-0017116,PO-0008228,MAT-SEAL,1322,each
MR-0017117,PO-0008228,MAT-PUMP-CAP,1366,each
MR-0017118,PO-0008229,MAT-CARTON,707,each
MR-0017119,PO-0008229,MAT-LABEL,707,each
MR-0017120,PO-0008230,MAT-SEAL,1348,each
MR-0017121,PO-0008230,MAT-PUMP-CAP,1381,each
MR-0017122,PO-0008231,MAT-LABEL,835,each
MR-0017123,PO-0008231,MAT-BULK-CREAM,69.1,litre
MR-0017124,PO-0008232,MAT-BULK-CREAM,114.35,litre
MR-0017125,PO-0008232,MAT-SEAL,1409,each
MR-0017126,PO-0008232,MAT-PUMP-CAP,1447,each
MR-0017127,PO-0008233,MAT-SEAL,880,each
MR-0017128,PO-0008233,MAT-PUMP-CAP,907,each
MR-0017129,PO-0008234,MAT-BULK-CREAM,87.25,litre
MR-0017130,PO-0008234,MAT-SEAL,1108,each
MR-0017131,PO-0008235,MAT-LABEL,1131,each
MR-0017132,PO-0008235,MAT-BULK-CREAM,88.16,litre
MR-0017133,PO-0008236,MAT-PUMP-CAP,859,each
MR-0017134,PO-0008236,MAT-CARTON,875,each
MR-0017135,PO-0008237,MAT-CARTON,869,each
MR-0017136,PO-0008237,MAT-LABEL,880,each
MR-0017137,PO-0008238,MAT-LABEL,732,each
MR-0017138,PO-0008238,MAT-BULK-CREAM,58.77,litre
MR-0017139,PO-0008239,MAT-BULK-CREAM,92.66,litre
MR-0017140,PO-0008239,MAT-SEAL,1153,each
MR-0017141,PO-0008240,MAT-CARTON,629,each
MR-0017142,PO-0008240,MAT-LABEL,660,each
MR-0017143,PO-0008241,MAT-BULK-CREAM,59.47,litre
MR-0017144,PO-0008241,MAT-SEAL,736,each
MR-0017145,PO-0008242,MAT-BULK-CREAM,92.62,litre
MR-0017146,PO-0008242,MAT-SEAL,1124,each
MR-0017147,PO-0008243,MAT-LABEL,1399,each
MR-0017148,PO-0008243,MAT-BULK-CREAM,108.76,litre
MR-0017149,PO-0008244,MAT-PUMP-CAP,735,each
MR-0017150,PO-0008244,MAT-CARTON,728,each
MR-0017151,PO-0008245,MAT-PUMP-CAP,886,each
MR-0017152,PO-0008245,MAT-CARTON,829,each
MR-0017153,PO-0008246,MAT-PUMP-CAP,665,each
MR-0017154,PO-0008246,MAT-CARTON,646,each
MR-0017155,PO-0008247,MAT-SEAL,816,each
MR-0017156,PO-0008247,MAT-PUMP-CAP,805,each
MR-0017157,PO-0008248,MAT-SEAL,921,each
MR-0017158,PO-0008248,MAT-PUMP-CAP,980,each
MR-0017159,PO-0008249,MAT-CARTON,782,each
MR-0017160,PO-0008249,MAT-LABEL,794,each
MR-0017161,PO-0008250,MAT-PUMP-CAP,1118,each
MR-0017162,PO-0008250,MAT-CARTON,1109,each
MR-0017163,PO-0008251,MAT-CARTON,577,each
MR-0017164,PO-0008251,MAT-LABEL,556,each
MR-0017165,PO-0008252,MAT-SEAL,1097,each
MR-0017166,PO-0008252,MAT-PUMP-CAP,1091,each
MR-0017167,PO-0008253,MAT-PUMP-CAP,739,each
MR-0017168,PO-0008253,MAT-CARTON,745,each
MR-0017169,PO-0008254,MAT-CARTON,799,each
MR-0017170,PO-0008254,MAT-LABEL,791,each
MR-0017171,PO-0008255,MAT-CARTON,580,each
MR-0017172,PO-0008255,MAT-LABEL,557,each
MR-0017173,PO-0008256,MAT-CARTON,436,each
MR-0017174,PO-0008256,MAT-LABEL,423,each
MR-0017175,PO-0008257,MAT-CARTON,844,each
MR-0017176,PO-0008257,MAT-LABEL,853,each
MR-0017177,PO-0008258,MAT-LABEL,863,each
MR-0017178,PO-0008258,MAT-BULK-CREAM,68.35,litre
MR-0017179,PO-0008259,MAT-BULK-CREAM,43.81,litre
MR-0017180,PO-0008259,MAT-SEAL,549,each
MR-0017181,PO-0008260,MAT-SEAL,475,each
MR-0017182,PO-0008260,MAT-PUMP-CAP,485,each
MR-0017183,PO-0008261,MAT-PUMP-CAP,418,each
MR-0017184,PO-0008261,MAT-CARTON,423,each
MR-0017185,PO-0008262,MAT-BULK-CREAM,78.13,litre
MR-0017186,PO-0008262,MAT-SEAL,960,each
MR-0017187,PO-0008263,MAT-LABEL,700,each
MR-0017188,PO-0008263,MAT-BULK-CREAM,55.11,litre
MR-0017189,PO-0008264,MAT-CARTON,791,each
MR-0017190,PO-0008264,MAT-LABEL,789,each
MR-0017191,PO-0008265,MAT-LABEL,699,each
MR-0017192,PO-0008265,MAT-BULK-CREAM,58.77,litre
MR-0017193,PO-0008266,MAT-BULK-CREAM,67.05,litre
MR-0017194,PO-0008266,MAT-SEAL,827,each
MR-0017195,PO-0008267,MAT-SEAL,893,each
MR-0017196,PO-0008267,MAT-PUMP-CAP,902,each
MR-0017197,PO-0008268,MAT-CARTON,646,each
MR-0017198,PO-0008268,MAT-LABEL,638,each
MR-0017199,PO-0008269,MAT-PUMP-CAP,556,each
MR-0017200,PO-0008269,MAT-CARTON,566,each
MR-0017201,PO-0008270,MAT-BULK-CREAM,69.66,litre
MR-0017202,PO-0008270,MAT-SEAL,877,each
MR-0017203,PO-0008271,MAT-SEAL,774,each
MR-0017204,PO-0008271,MAT-PUMP-CAP,763,each
MR-0017205,PO-0008272,MAT-PUMP-CAP,593,each
MR-0017206,PO-0008272,MAT-CARTON,592,each
MR-0017207,PO-0008273,MAT-CARTON,495,each
MR-0017208,PO-0008273,MAT-LABEL,485,each
MR-0017209,PO-0008274,MAT-LABEL,667,each
MR-0017210,PO-0008274,MAT-BULK-CREAM,54.75,litre
MR-0017211,PO-0008275,MAT-SEAL,892,each
MR-0017212,PO-0008275,MAT-PUMP-CAP,907,each
MR-0017213,PO-0008276,MAT-SEAL,1018,each
MR-0017214,PO-0008276,MAT-PUMP-CAP,1043,each
MR-0017215,PO-0008277,MAT-PUMP-CAP,1094,each
MR-0017216,PO-0008277,MAT-CARTON,1059,each
MR-0017217,PO-0008278,MAT-CARTON,586,each
MR-0017218,PO-0008278,MAT-LABEL,587,each
MR-0017219,PO-0008279,MAT-LABEL,982,each
MR-0017220,PO-0008279,MAT-BULK-CREAM,79.53,litre
MR-0017221,PO-0008280,MAT-BULK-CREAM,63.08,litre
MR-0017222,PO-0008280,MAT-SEAL,784,each
MR-0017223,PO-0008281,MAT-SEAL,912,each
MR-0017224,PO-0008281,MAT-PUMP-CAP,943,each
MR-0017225,PO-0008282,MAT-PUMP-CAP,819,each
MR-0017226,PO-0008282,MAT-CARTON,817,each
MR-0017227,PO-0008283,MAT-CARTON,847,each
MR-0017228,PO-0008283,MAT-LABEL,827,each
MR-0017229,PO-0008284,MAT-LABEL,1043,each
MR-0017230,PO-0008284,MAT-BULK-CREAM,85.08,litre
MR-0017231,PO-0008285,MAT-BULK-CREAM,101.23,litre
MR-0017232,PO-0008285,MAT-SEAL,1257,each
MR-0017233,PO-0008286,MAT-SEAL,873,each
MR-0017234,PO-0008286,MAT-PUMP-CAP,883,each
MR-0017235,PO-0008287,MAT-PUMP-CAP,1298,each
MR-0017236,PO-0008287,MAT-CARTON,1239,each
MR-0017237,PO-0008288,MAT-CARTON,940,each
MR-0017238,PO-0008288,MAT-LABEL,944,each
MR-0017239,PO-0008289,MAT-LABEL,1133,each
MR-0017240,PO-0008289,MAT-BULK-CREAM,93.82,litre
MR-0017241,PO-0008290,MAT-CARTON,982,each
MR-0017242,PO-0008290,MAT-LABEL,968,each
MR-0017243,PO-0008291,MAT-SEAL,1345,each
MR-0017244,PO-0008291,MAT-PUMP-CAP,1362,each
MR-0017245,PO-0008292,MAT-PUMP-CAP,1510,each
MR-0017246,PO-0008292,MAT-CARTON,1479,each
MR-0017247,PO-0008292,MAT-LABEL,1477,each
MR-0017248,PO-0008293,MAT-CARTON,1530,each
MR-0017249,PO-0008293,MAT-LABEL,1467,each
MR-0017250,PO-0008293,MAT-BULK-CREAM,122.5,litre
MR-0017251,PO-0008294,MAT-LABEL,989,each
MR-0017252,PO-0008294,MAT-BULK-CREAM,78.4,litre
MR-0017253,PO-0008295,MAT-BULK-CREAM,59.28,litre
MR-0017254,PO-0008295,MAT-SEAL,756,each
MR-0017255,PO-0008296,MAT-CARTON,1155,each
MR-0017256,PO-0008296,MAT-LABEL,1180,each
MR-0017257,PO-0008297,MAT-SEAL,1267,each
MR-0017258,PO-0008297,MAT-PUMP-CAP,1290,each
MR-0017259,PO-0008298,MAT-SEAL,1434,each
MR-0017260,PO-0008298,MAT-PUMP-CAP,1458,each
MR-0017261,PO-0008298,MAT-CARTON,1475,each
MR-0017262,PO-0008299,MAT-BULK-CREAM,85.96,litre
MR-0017263,PO-0008299,MAT-SEAL,1112,each
MR-0017264,PO-0008300,MAT-LABEL,935,each
MR-0017265,PO-0008300,MAT-BULK-CREAM,76.95,litre
MR-0017266,PO-0008301,MAT-PUMP-CAP,854,each
MR-0017267,PO-0008301,MAT-CARTON,839,each
MR-0017268,PO-0008302,MAT-BULK-CREAM,70.77,litre
MR-0017269,PO-0008302,MAT-SEAL,911,each
MR-0017270,PO-0008303,MAT-SEAL,870,each
MR-0017271,PO-0008303,MAT-PUMP-CAP,901,each
MR-0017272,PO-0008304,MAT-BULK-CREAM,58.2,litre
MR-0017273,PO-0008304,MAT-SEAL,745,each
MR-0017274,PO-0008305,MAT-SEAL,1359,each
MR-0017275,PO-0008305,MAT-PUMP-CAP,1396,each
MR-0017276,PO-0008306,MAT-PUMP-CAP,682,each
MR-0017277,PO-0008306,MAT-CARTON,684,each
MR-0017278,PO-0008307,MAT-SEAL,1059,each
MR-0017279,PO-0008307,MAT-PUMP-CAP,1104,each
MR-0017280,PO-0008308,MAT-LABEL,662,each
MR-0017281,PO-0008308,MAT-BULK-CREAM,57.08,litre
MR-0017282,PO-0008309,MAT-SEAL,950,each
MR-0017283,PO-0008309,MAT-PUMP-CAP,951,each
MR-0017284,PO-0008310,MAT-SEAL,949,each
MR-0017285,PO-0008310,MAT-PUMP-CAP,987,each
MR-0017286,PO-0008311,MAT-PUMP-CAP,788,each
MR-0017287,PO-0008311,MAT-CARTON,775,each
MR-0017288,PO-0008312,MAT-SEAL,886,each
MR-0017289,PO-0008312,MAT-PUMP-CAP,887,each
MR-0017290,PO-0008313,MAT-PUMP-CAP,1031,each
MR-0017291,PO-0008313,MAT-CARTON,1031,each
MR-0017292,PO-0008314,MAT-SEAL,978,each
MR-0017293,PO-0008314,MAT-PUMP-CAP,1006,each
MR-0017294,PO-0008315,MAT-PUMP-CAP,1056,each
MR-0017295,PO-0008315,MAT-CARTON,1080,each
MR-0017296,PO-0008316,MAT-PUMP-CAP,1230,each
MR-0017297,PO-0008316,MAT-CARTON,1252,each
MR-0017298,PO-0008317,MAT-CARTON,1056,each
MR-0017299,PO-0008317,MAT-LABEL,1048,each
MR-0017300,PO-0008318,MAT-PUMP-CAP,645,each
MR-0017301,PO-0008318,MAT-CARTON,645,each
MR-0017302,PO-0008319,MAT-PUMP-CAP,1028,each
MR-0017303,PO-0008319,MAT-CARTON,1037,each
MR-0017304,PO-0008320,MAT-SEAL,746,each
MR-0017305,PO-0008320,MAT-PUMP-CAP,758,each
MR-0017306,PO-0008321,MAT-PUMP-CAP,799,each
MR-0017307,PO-0008321,MAT-CARTON,784,each
MR-0017308,PO-0008322,MAT-CARTON,536,each
MR-0017309,PO-0008322,MAT-LABEL,516,each
MR-0017310,PO-0008323,MAT-LABEL,630,each
MR-0017311,PO-0008323,MAT-BULK-CREAM,49.11,litre
MR-0017312,PO-0008324,MAT-BULK-CREAM,37.08,litre
MR-0017313,PO-0008324,MAT-SEAL,453,each
MR-0017314,PO-0008325,MAT-SEAL,749,each
MR-0017315,PO-0008325,MAT-PUMP-CAP,769,each
MR-0017316,PO-0008326,MAT-PUMP-CAP,797,each
MR-0017317,PO-0008326,MAT-CARTON,770,each
MR-0017318,PO-0008327,MAT-SEAL,667,each
MR-0017319,PO-0008327,MAT-PUMP-CAP,688,each
MR-0017320,PO-0008328,MAT-BULK-CREAM,50.28,litre
MR-0017321,PO-0008328,MAT-SEAL,610,each
MR-0017322,PO-0008329,MAT-BULK-CREAM,73.68,litre
MR-0017323,PO-0008329,MAT-SEAL,902,each
MR-0017324,PO-0008330,MAT-LABEL,511,each
MR-0017325,PO-0008330,MAT-BULK-CREAM,42.44,litre
MR-0017326,PO-0008331,MAT-PUMP-CAP,453,each
MR-0017327,PO-0008331,MAT-CARTON,457,each
MR-0017328,PO-0008332,MAT-LABEL,785,each
MR-0017329,PO-0008332,MAT-BULK-CREAM,63.7,litre
MR-0017330,PO-0008333,MAT-CARTON,860,each
MR-0017331,PO-0008333,MAT-LABEL,849,each
MR-0017332,PO-0008334,MAT-PUMP-CAP,737,each
MR-0017333,PO-0008334,MAT-CARTON,715,each
MR-0017334,PO-0008335,MAT-CARTON,883,each
MR-0017335,PO-0008335,MAT-LABEL,853,each
MR-0017336,PO-0008336,MAT-SEAL,732,each
MR-0017337,PO-0008336,MAT-PUMP-CAP,768,each
MR-0017338,PO-0008337,MAT-PUMP-CAP,581,each
MR-0017339,PO-0008337,MAT-CARTON,588,each
MR-0017340,PO-0008338,MAT-SEAL,715,each
MR-0017341,PO-0008338,MAT-PUMP-CAP,697,each
MR-0017342,PO-0008339,MAT-LABEL,920,each
MR-0017343,PO-0008339,MAT-BULK-CREAM,73.06,litre
MR-0017344,PO-0008340,MAT-SEAL,782,each
MR-0017345,PO-0008340,MAT-PUMP-CAP,787,each
MR-0017346,PO-0008341,MAT-SEAL,493,each
MR-0017347,PO-0008341,MAT-PUMP-CAP,508,each
MR-0017348,PO-0008342,MAT-PUMP-CAP,1046,each
MR-0017349,PO-0008342,MAT-CARTON,1025,each
MR-0017350,PO-0008343,MAT-PUMP-CAP,794,each
MR-0017351,PO-0008343,MAT-CARTON,765,each
MR-0017352,PO-0008344,MAT-LABEL,1241,each
MR-0017353,PO-0008344,MAT-BULK-CREAM,103.55,litre
MR-0017354,PO-0008345,MAT-BULK-CREAM,65.98,litre
MR-0017355,PO-0008345,MAT-SEAL,819,each
MR-0017356,PO-0008346,MAT-PUMP-CAP,950,each
MR-0017357,PO-0008346,MAT-CARTON,970,each
MR-0017358,PO-0008347,MAT-PUMP-CAP,1512,each
MR-0017359,PO-0008347,MAT-CARTON,1493,each
MR-0017360,PO-0008347,MAT-LABEL,1425,each
MR-0017361,PO-0008348,MAT-LABEL,1577,each
MR-0017362,PO-0008348,MAT-BULK-CREAM,128.84,litre
MR-0017363,PO-0008348,MAT-SEAL,1565,each
MR-0017364,PO-0008349,MAT-LABEL,1604,each
MR-0017365,PO-0008349,MAT-BULK-CREAM,129.76,litre
MR-0017366,PO-0008349,MAT-SEAL,1540,each
MR-0017367,PO-0008350,MAT-CARTON,1017,each
MR-0017368,PO-0008350,MAT-LABEL,1036,each
MR-0017369,PO-0008351,MAT-SEAL,739,each
MR-0017370,PO-0008351,MAT-PUMP-CAP,764,each
MR-0017371,PO-0008352,MAT-PUMP-CAP,1248,each
MR-0017372,PO-0008352,MAT-CARTON,1216,each
MR-0017373,PO-0008353,MAT-CARTON,1482,each
MR-0017374,PO-0008353,MAT-LABEL,1426,each
MR-0017375,PO-0008353,MAT-BULK-CREAM,114.28,litre
MR-0017376,PO-0008354,MAT-SEAL,1376,each
MR-0017377,PO-0008354,MAT-PUMP-CAP,1413,each
MR-0017378,PO-0008355,MAT-SEAL,1137,each
MR-0017379,PO-0008355,MAT-PUMP-CAP,1177,each
MR-0017380,PO-0008356,MAT-SEAL,952,each
MR-0017381,PO-0008356,MAT-PUMP-CAP,940,each
MR-0017382,PO-0008357,MAT-PUMP-CAP,1573,each
MR-0017383,PO-0008357,MAT-CARTON,1565,each
MR-0017384,PO-0008357,MAT-LABEL,1526,each
MR-0017385,PO-0008358,MAT-SEAL,910,each
MR-0017386,PO-0008358,MAT-PUMP-CAP,925,each
MR-0017387,PO-0008359,MAT-PUMP-CAP,983,each
MR-0017388,PO-0008359,MAT-CARTON,971,each
MR-0017389,PO-0008360,MAT-BULK-CREAM,96.06,litre
MR-0017390,PO-0008360,MAT-SEAL,1208,each
MR-0017391,PO-0008361,MAT-PUMP-CAP,675,each
MR-0017392,PO-0008361,MAT-CARTON,698,each
MR-0017393,PO-0008362,MAT-CARTON,845,each
MR-0017394,PO-0008362,MAT-LABEL,834,each
MR-0017395,PO-0008363,MAT-LABEL,1097,each
MR-0017396,PO-0008363,MAT-BULK-CREAM,88.3,litre
MR-0017397,PO-0008364,MAT-SEAL,933,each
MR-0017398,PO-0008364,MAT-PUMP-CAP,935,each
MR-0017399,PO-0008365,MAT-CARTON,1109,each
MR-0017400,PO-0008365,MAT-LABEL,1071,each
MR-0017401,PO-0008366,MAT-PUMP-CAP,869,each
MR-0017402,PO-0008366,MAT-CARTON,905,each
MR-0017403,PO-0008367,MAT-BULK-CREAM,87.77,litre
MR-0017404,PO-0008367,MAT-SEAL,1068,each
MR-0017405,PO-0008368,MAT-PUMP-CAP,875,each
MR-0017406,PO-0008368,MAT-CARTON,876,each
MR-0017407,PO-0008369,MAT-CARTON,926,each
MR-0017408,PO-0008369,MAT-LABEL,933,each
MR-0017409,PO-0008370,MAT-CARTON,1532,each
MR-0017410,PO-0008370,MAT-LABEL,1501,each
MR-0017411,PO-0008370,MAT-BULK-CREAM,117.85,litre
MR-0017412,PO-0008371,MAT-CARTON,815,each
MR-0017413,PO-0008371,MAT-LABEL,837,each
MR-0017414,PO-0008372,MAT-CARTON,966,each
MR-0017415,PO-0008372,MAT-LABEL,984,each
MR-0017416,PO-0008373,MAT-LABEL,1270,each
MR-0017417,PO-0008373,MAT-BULK-CREAM,101.2,litre
MR-0017418,PO-0008374,MAT-SEAL,939,each
MR-0017419,PO-0008374,MAT-PUMP-CAP,969,each
MR-0017420,PO-0008375,MAT-LABEL,1039,each
MR-0017421,PO-0008375,MAT-BULK-CREAM,82.72,litre
MR-0017422,PO-0008376,MAT-CARTON,592,each
MR-0017423,PO-0008376,MAT-LABEL,584,each
MR-0017424,PO-0008377,MAT-BULK-CREAM,40.55,litre
MR-0017425,PO-0008377,MAT-SEAL,510,each
MR-0017426,PO-0008378,MAT-LABEL,594,each
MR-0017427,PO-0008378,MAT-BULK-CREAM,46.94,litre
MR-0017428,PO-0008379,MAT-CARTON,705,each
MR-0017429,PO-0008379,MAT-LABEL,705,each
MR-0017430,PO-0008380,MAT-SEAL,960,each
MR-0017431,PO-0008380,MAT-PUMP-CAP,983,each
MR-0017432,PO-0008381,MAT-BULK-CREAM,38.31,litre
MR-0017433,PO-0008381,MAT-SEAL,472,each
MR-0017434,PO-0008382,MAT-CARTON,743,each
MR-0017435,PO-0008382,MAT-LABEL,716,each
MR-0017436,PO-0008383,MAT-PUMP-CAP,1089,each
MR-0017437,PO-0008383,MAT-CARTON,1086,each
MR-0017438,PO-0008384,MAT-BULK-CREAM,65.95,litre
MR-0017439,PO-0008384,MAT-SEAL,833,each
MR-0017440,PO-0008385,MAT-SEAL,776,each
MR-0017441,PO-0008385,MAT-PUMP-CAP,799,each
MR-0017442,PO-0008386,MAT-PUMP-CAP,446,each
MR-0017443,PO-0008386,MAT-CARTON,438,each
MR-0017444,PO-0008387,MAT-CARTON,455,each
MR-0017445,PO-0008387,MAT-LABEL,446,each
MR-0017446,PO-0008388,MAT-LABEL,861,each
MR-0017447,PO-0008388,MAT-BULK-CREAM,69.07,litre
MR-0017448,PO-0008389,MAT-BULK-CREAM,32.86,litre
MR-0017449,PO-0008389,MAT-SEAL,391,each
MR-0017450,PO-0008390,MAT-SEAL,523,each
MR-0017451,PO-0008390,MAT-PUMP-CAP,524,each
MR-0017452,PO-0008391,MAT-PUMP-CAP,554,each
MR-0017453,PO-0008391,MAT-CARTON,560,each
MR-0017454,PO-0008392,MAT-BULK-CREAM,50.12,litre
MR-0017455,PO-0008392,MAT-SEAL,638,each
MR-0017456,PO-0008393,MAT-BULK-CREAM,47.74,litre
MR-0017457,PO-0008393,MAT-SEAL,593,each
MR-0017458,PO-0008394,MAT-BULK-CREAM,60.39,litre
MR-0017459,PO-0008394,MAT-SEAL,732,each
MR-0017460,PO-0008395,MAT-CARTON,827,each
MR-0017461,PO-0008395,MAT-LABEL,799,each
MR-0017462,PO-0008396,MAT-CARTON,768,each
MR-0017463,PO-0008396,MAT-LABEL,771,each
MR-0017464,PO-0008397,MAT-CARTON,910,each
MR-0017465,PO-0008397,MAT-LABEL,907,each
MR-0017466,PO-0008398,MAT-SEAL,672,each
MR-0017467,PO-0008398,MAT-PUMP-CAP,701,each
MR-0017468,PO-0008399,MAT-PUMP-CAP,581,each
MR-0017469,PO-0008399,MAT-CARTON,583,each
MR-0017470,PO-0008400,MAT-BULK-CREAM,81.71,litre
MR-0017471,PO-0008400,MAT-SEAL,1012,each
MR-0017472,PO-0008401,MAT-LABEL,762,each
MR-0017473,PO-0008401,MAT-BULK-CREAM,62.15,litre
MR-0017474,PO-0008402,MAT-CARTON,874,each
MR-0017475,PO-0008402,MAT-LABEL,830,each
MR-0017476,PO-0008403,MAT-CARTON,734,each
MR-0017477,PO-0008403,MAT-LABEL,719,each
MR-0017478,PO-0008404,MAT-LABEL,702,each
MR-0017479,PO-0008404,MAT-BULK-CREAM,55.27,litre
MR-0017480,PO-0008405,MAT-BULK-CREAM,53.14,litre
MR-0017481,PO-0008405,MAT-SEAL,681,each
MR-0017482,PO-0008406,MAT-SEAL,994,each
MR-0017483,PO-0008406,MAT-PUMP-CAP,1006,each
MR-0017484,PO-0008407,MAT-CARTON,829,each
MR-0017485,PO-0008407,MAT-LABEL,806,each
MR-0017486,PO-0008408,MAT-CARTON,616,each
MR-0017487,PO-0008408,MAT-LABEL,615,each
MR-0017488,PO-0008409,MAT-BULK-CREAM,88.53,litre
MR-0017489,PO-0008409,MAT-SEAL,1079,each
MR-0017490,PO-0008410,MAT-BULK-CREAM,60.32,litre
MR-0017491,PO-0008410,MAT-SEAL,744,each
MR-0017492,PO-0008411,MAT-SEAL,1263,each
MR-0017493,PO-0008411,MAT-PUMP-CAP,1319,each
MR-0017494,PO-0008412,MAT-BULK-CREAM,113.06,litre
MR-0017495,PO-0008412,MAT-SEAL,1391,each
MR-0017496,PO-0008413,MAT-CARTON,1038,each
MR-0017497,PO-0008413,MAT-LABEL,1033,each
MR-0017498,PO-0008414,MAT-LABEL,832,each
MR-0017499,PO-0008414,MAT-BULK-CREAM,65.31,litre
MR-0017500,PO-0008415,MAT-SEAL,822,each
MR-0017501,PO-0008415,MAT-PUMP-CAP,847,each
MR-0017502,PO-0008416,MAT-SEAL,1019,each
MR-0017503,PO-0008416,MAT-PUMP-CAP,1014,each
MR-0017504,PO-0008417,MAT-PUMP-CAP,1460,each
MR-0017505,PO-0008417,MAT-CARTON,1465,each
MR-0017506,PO-0008417,MAT-LABEL,1396,each
MR-0017507,PO-0008418,MAT-CARTON,1398,each
MR-0017508,PO-0008418,MAT-LABEL,1405,each
MR-0017509,PO-0008418,MAT-BULK-CREAM,113.74,litre
MR-0017510,PO-0008419,MAT-LABEL,1218,each
MR-0017511,PO-0008419,MAT-BULK-CREAM,99.36,litre
MR-0017512,PO-0008420,MAT-BULK-CREAM,66.62,litre
MR-0017513,PO-0008420,MAT-SEAL,819,each
MR-0017514,PO-0008421,MAT-SEAL,1410,each
MR-0017515,PO-0008421,MAT-PUMP-CAP,1446,each
MR-0017516,PO-0008421,MAT-CARTON,1424,each
MR-0017517,PO-0008422,MAT-PUMP-CAP,869,each
MR-0017518,PO-0008422,MAT-CARTON,866,each
MR-0017519,PO-0008423,MAT-CARTON,821,each
MR-0017520,PO-0008423,MAT-LABEL,823,each
MR-0017521,PO-0008424,MAT-LABEL,849,each
MR-0017522,PO-0008424,MAT-BULK-CREAM,68.07,litre
MR-0017523,PO-0008425,MAT-BULK-CREAM,86.6,litre
MR-0017524,PO-0008425,MAT-SEAL,1106,each
MR-0017525,PO-0008426,MAT-PUMP-CAP,1332,each
MR-0017526,PO-0008426,MAT-CARTON,1340,each
MR-0017527,PO-0008427,MAT-LABEL,1012,each
MR-0017528,PO-0008427,MAT-BULK-CREAM,81.07,litre
MR-0017529,PO-0008428,MAT-SEAL,1333,each
MR-0017530,PO-0008428,MAT-PUMP-CAP,1325,each
MR-0017531,PO-0008429,MAT-BULK-CREAM,60.43,litre
MR-0017532,PO-0008429,MAT-SEAL,773,each
MR-0017533,PO-0008430,MAT-PUMP-CAP,1282,each
MR-0017534,PO-0008430,MAT-CARTON,1259,each
MR-0017535,PO-0008431,MAT-PUMP-CAP,1032,each
MR-0017536,PO-0008431,MAT-CARTON,982,each
MR-0017537,PO-0008432,MAT-CARTON,1018,each
MR-0017538,PO-0008432,MAT-LABEL,1002,each
MR-0017539,PO-0008433,MAT-PUMP-CAP,1250,each
MR-0017540,PO-0008433,MAT-CARTON,1223,each
MR-0017541,PO-0008434,MAT-BULK-CREAM,58.85,litre
MR-0017542,PO-0008434,MAT-SEAL,728,each
MR-0017543,PO-0008435,MAT-SEAL,709,each
MR-0017544,PO-0008435,MAT-PUMP-CAP,730,each
MR-0017545,PO-0008436,MAT-PUMP-CAP,1396,each
MR-0017546,PO-0008436,MAT-CARTON,1368,each
MR-0017547,PO-0008437,MAT-CARTON,1087,each
MR-0017548,PO-0008437,MAT-LABEL,1064,each
MR-0017549,PO-0008438,MAT-SEAL,797,each
MR-0017550,PO-0008438,MAT-PUMP-CAP,831,each
MR-0017551,PO-0008439,MAT-PUMP-CAP,718,each
MR-0017552,PO-0008439,MAT-CARTON,727,each
MR-0017553,PO-0008440,MAT-CARTON,823,each
MR-0017554,PO-0008440,MAT-LABEL,803,each
MR-0017555,PO-0008441,MAT-CARTON,545,each
MR-0017556,PO-0008441,MAT-LABEL,573,each
MR-0017557,PO-0008442,MAT-SEAL,536,each
MR-0017558,PO-0008442,MAT-PUMP-CAP,561,each
MR-0017559,PO-0008443,MAT-LABEL,1043,each
MR-0017560,PO-0008443,MAT-BULK-CREAM,84.36,litre
MR-0017561,PO-0008444,MAT-PUMP-CAP,938,each
MR-0017562,PO-0008444,MAT-CARTON,934,each
MR-0017563,PO-0008445,MAT-LABEL,562,each
MR-0017564,PO-0008445,MAT-BULK-CREAM,44.92,litre
MR-0017565,PO-0008446,MAT-CARTON,975,each
MR-0017566,PO-0008446,MAT-LABEL,1010,each
MR-0017567,PO-0008447,MAT-CARTON,535,each
MR-0017568,PO-0008447,MAT-LABEL,544,each
MR-0017569,PO-0008448,MAT-BULK-CREAM,52.4,litre
MR-0017570,PO-0008448,MAT-SEAL,667,each
MR-0017571,PO-0008449,MAT-SEAL,748,each
MR-0017572,PO-0008449,MAT-PUMP-CAP,744,each
MR-0017573,PO-0008450,MAT-SEAL,564,each
MR-0017574,PO-0008450,MAT-PUMP-CAP,572,each
MR-0017575,PO-0008451,MAT-PUMP-CAP,723,each
MR-0017576,PO-0008451,MAT-CARTON,705,each
MR-0017577,PO-0008452,MAT-CARTON,420,each
MR-0017578,PO-0008452,MAT-LABEL,413,each
MR-0017579,PO-0008453,MAT-LABEL,486,each
MR-0017580,PO-0008453,MAT-BULK-CREAM,39.12,litre
MR-0017581,PO-0008454,MAT-BULK-CREAM,59.13,litre
MR-0017582,PO-0008454,MAT-SEAL,726,each
MR-0017583,PO-0008455,MAT-SEAL,677,each
MR-0017584,PO-0008455,MAT-PUMP-CAP,708,each
MR-0017585,PO-0008456,MAT-PUMP-CAP,892,each
MR-0017586,PO-0008456,MAT-CARTON,881,each
MR-0017587,PO-0008457,MAT-CARTON,574,each
MR-0017588,PO-0008457,MAT-LABEL,569,each
MR-0017589,PO-0008458,MAT-LABEL,903,each
MR-0017590,PO-0008458,MAT-BULK-CREAM,68.82,litre
MR-0017591,PO-0008459,MAT-BULK-CREAM,68.91,litre
MR-0017592,PO-0008459,MAT-SEAL,837,each
MR-0017593,PO-0008460,MAT-PUMP-CAP,536,each
MR-0017594,PO-0008460,MAT-CARTON,536,each
MR-0017595,PO-0008461,MAT-PUMP-CAP,914,each
MR-0017596,PO-0008461,MAT-CARTON,889,each
MR-0017597,PO-0008462,MAT-SEAL,889,each
MR-0017598,PO-0008462,MAT-PUMP-CAP,902,each
MR-0017599,PO-0008463,MAT-SEAL,979,each
MR-0017600,PO-0008463,MAT-PUMP-CAP,971,each
MR-0017601,PO-0008464,MAT-BULK-CREAM,42.91,litre
MR-0017602,PO-0008464,MAT-SEAL,541,each
MR-0017603,PO-0008465,MAT-LABEL,998,each
MR-0017604,PO-0008465,MAT-BULK-CREAM,76.82,litre
MR-0017605,PO-0008466,MAT-SEAL,1147,each
MR-0017606,PO-0008466,MAT-PUMP-CAP,1148,each
MR-0017607,PO-0008467,MAT-PUMP-CAP,1087,each
MR-0017608,PO-0008467,MAT-CARTON,1085,each
MR-0017609,PO-0008468,MAT-CARTON,1024,each
MR-0017610,PO-0008468,MAT-LABEL,1013,each
MR-0017611,PO-0008469,MAT-LABEL,870,each
MR-0017612,PO-0008469,MAT-BULK-CREAM,70.66,litre
MR-0017613,PO-0008470,MAT-SEAL,673,each
MR-0017614,PO-0008470,MAT-PUMP-CAP,689,each
MR-0017615,PO-0008471,MAT-SEAL,587,each
MR-0017616,PO-0008471,MAT-PUMP-CAP,615,each
MR-0017617,PO-0008472,MAT-SEAL,699,each
MR-0017618,PO-0008472,MAT-PUMP-CAP,705,each
MR-0017619,PO-0008473,MAT-LABEL,1081,each
MR-0017620,PO-0008473,MAT-BULK-CREAM,87.33,litre
MR-0017621,PO-0008474,MAT-LABEL,1356,each
MR-0017622,PO-0008474,MAT-BULK-CREAM,105.99,litre
MR-0017623,PO-0008475,MAT-BULK-CREAM,106.95,litre
MR-0017624,PO-0008475,MAT-SEAL,1338,each
MR-0017625,PO-0008476,MAT-SEAL,847,each
MR-0017626,PO-0008476,MAT-PUMP-CAP,879,each
MR-0017627,PO-0008477,MAT-CARTON,1333,each
MR-0017628,PO-0008477,MAT-LABEL,1330,each
MR-0017629,PO-0008478,MAT-LABEL,1475,each
MR-0017630,PO-0008478,MAT-BULK-CREAM,114.63,litre
MR-0017631,PO-0008478,MAT-SEAL,1446,each
MR-0017632,PO-0008479,MAT-SEAL,1164,each
MR-0017633,PO-0008479,MAT-PUMP-CAP,1181,each
MR-0017634,PO-0008480,MAT-BULK-CREAM,117.39,litre
MR-0017635,PO-0008480,MAT-SEAL,1512,each
MR-0017636,PO-0008480,MAT-PUMP-CAP,1515,each
MR-0017637,PO-0008481,MAT-SEAL,1070,each
MR-0017638,PO-0008481,MAT-PUMP-CAP,1067,each
MR-0017639,PO-0008482,MAT-PUMP-CAP,1441,each
MR-0017640,PO-0008482,MAT-CARTON,1388,each
MR-0017641,PO-0008482,MAT-LABEL,1390,each
MR-0017642,PO-0008483,MAT-CARTON,869,each
MR-0017643,PO-0008483,MAT-LABEL,846,each
MR-0017644,PO-0008484,MAT-LABEL,1167,each
MR-0017645,PO-0008484,MAT-BULK-CREAM,93.51,litre
MR-0017646,PO-0008485,MAT-BULK-CREAM,85.69,litre
MR-0017647,PO-0008485,MAT-SEAL,1043,each
MR-0017648,PO-0008486,MAT-SEAL,1246,each
MR-0017649,PO-0008486,MAT-PUMP-CAP,1270,each
MR-0017650,PO-0008487,MAT-PUMP-CAP,867,each
MR-0017651,PO-0008487,MAT-CARTON,842,each
MR-0017652,PO-0008488,MAT-CARTON,1603,each
MR-0017653,PO-0008488,MAT-LABEL,1570,each
MR-0017654,PO-0008488,MAT-BULK-CREAM,126.6,litre
MR-0017655,PO-0008489,MAT-LABEL,1378,each
MR-0017656,PO-0008489,MAT-BULK-CREAM,111.26,litre
MR-0017657,PO-0008489,MAT-SEAL,1421,each
MR-0017658,PO-0008490,MAT-PUMP-CAP,1332,each
MR-0017659,PO-0008490,MAT-CARTON,1262,each
MR-0017660,PO-0008491,MAT-CARTON,884,each
MR-0017661,PO-0008491,MAT-LABEL,886,each
MR-0017662,PO-0008492,MAT-CARTON,909,each
MR-0017663,PO-0008492,MAT-LABEL,923,each
MR-0017664,PO-0008493,MAT-PUMP-CAP,1483,each
MR-0017665,PO-0008493,MAT-CARTON,1434,each
MR-0017666,PO-0008493,MAT-LABEL,1411,each
MR-0017667,PO-0008494,MAT-PUMP-CAP,1181,each
MR-0017668,PO-0008494,MAT-CARTON,1165,each
MR-0017669,PO-0008495,MAT-SEAL,1311,each
MR-0017670,PO-0008495,MAT-PUMP-CAP,1333,each
MR-0017671,PO-0008496,MAT-PUMP-CAP,799,each
MR-0017672,PO-0008496,MAT-CARTON,795,each
MR-0017673,PO-0008497,MAT-SEAL,1302,each
MR-0017674,PO-0008497,MAT-PUMP-CAP,1299,each
MR-0017675,PO-0008498,MAT-LABEL,1339,each
MR-0017676,PO-0008498,MAT-BULK-CREAM,111.22,litre
MR-0017677,PO-0008499,MAT-CARTON,742,each
MR-0017678,PO-0008499,MAT-LABEL,765,each
MR-0017679,PO-0008500,MAT-SEAL,1107,each
MR-0017680,PO-0008500,MAT-PUMP-CAP,1127,each
MR-0017681,PO-0008501,MAT-LABEL,1167,each
MR-0017682,PO-0008501,MAT-BULK-CREAM,91.18,litre
MR-0017683,PO-0008502,MAT-CARTON,634,each
MR-0017684,PO-0008502,MAT-LABEL,620,each
MR-0017685,PO-0008503,MAT-LABEL,882,each
MR-0017686,PO-0008503,MAT-BULK-CREAM,69.25,litre
MR-0017687,PO-0008504,MAT-BULK-CREAM,108.4,litre
MR-0017688,PO-0008504,MAT-SEAL,1349,each
MR-0017689,PO-0008505,MAT-PUMP-CAP,823,each
MR-0017690,PO-0008505,MAT-CARTON,811,each
MR-0017691,PO-0008506,MAT-LABEL,679,each
MR-0017692,PO-0008506,MAT-BULK-CREAM,54.63,litre
MR-0017693,PO-0008507,MAT-CARTON,653,each
MR-0017694,PO-0008507,MAT-LABEL,658,each
MR-0017695,PO-0008508,MAT-SEAL,698,each
MR-0017696,PO-0008508,MAT-PUMP-CAP,700,each
MR-0017697,PO-0008509,MAT-CARTON,559,each
MR-0017698,PO-0008509,MAT-LABEL,558,each
MR-0017699,PO-0008510,MAT-CARTON,1012,each
MR-0017700,PO-0008510,MAT-LABEL,1016,each
MR-0017701,PO-0008511,MAT-BULK-CREAM,52.4,litre
MR-0017702,PO-0008511,MAT-SEAL,638,each
MR-0017703,PO-0008512,MAT-LABEL,1114,each
MR-0017704,PO-0008512,MAT-BULK-CREAM,93.91,litre
MR-0017705,PO-0008513,MAT-LABEL,1173,each
MR-0017706,PO-0008513,MAT-BULK-CREAM,93.37,litre
MR-0017707,PO-0008514,MAT-BULK-CREAM,39.59,litre
MR-0017708,PO-0008514,MAT-SEAL,493,each
MR-0017709,PO-0008515,MAT-SEAL,738,each
MR-0017710,PO-0008515,MAT-PUMP-CAP,762,each
MR-0017711,PO-0008516,MAT-CARTON,817,each
MR-0017712,PO-0008516,MAT-LABEL,810,each
MR-0017713,PO-0008517,MAT-CARTON,587,each
MR-0017714,PO-0008517,MAT-LABEL,594,each
MR-0017715,PO-0008518,MAT-LABEL,826,each
MR-0017716,PO-0008518,MAT-BULK-CREAM,64.54,litre
MR-0017717,PO-0008519,MAT-BULK-CREAM,35.57,litre
MR-0017718,PO-0008519,MAT-SEAL,450,each
MR-0017719,PO-0008520,MAT-SEAL,735,each
MR-0017720,PO-0008520,MAT-PUMP-CAP,733,each
MR-0017721,PO-0008521,MAT-CARTON,592,each
MR-0017722,PO-0008521,MAT-LABEL,594,each
MR-0017723,PO-0008522,MAT-SEAL,616,each
MR-0017724,PO-0008522,MAT-PUMP-CAP,622,each
MR-0017725,PO-0008523,MAT-CARTON,912,each
MR-0017726,PO-0008523,MAT-LABEL,892,each
MR-0017727,PO-0008524,MAT-BULK-CREAM,62.06,litre
MR-0017728,PO-0008524,MAT-SEAL,801,each
MR-0017729,PO-0008525,MAT-SEAL,451,each
MR-0017730,PO-0008525,MAT-PUMP-CAP,454,each
MR-0017731,PO-0008526,MAT-PUMP-CAP,465,each
MR-0017732,PO-0008526,MAT-CARTON,452,each
MR-0017733,PO-0008527,MAT-LABEL,730,each
MR-0017734,PO-0008527,MAT-BULK-CREAM,61.84,litre
MR-0017735,PO-0008528,MAT-PUMP-CAP,703,each
MR-0017736,PO-0008528,MAT-CARTON,699,each
MR-0017737,PO-0008529,MAT-BULK-CREAM,69.07,litre
MR-0017738,PO-0008529,MAT-SEAL,888,each
MR-0017739,PO-0008530,MAT-BULK-CREAM,64.58,litre
MR-0017740,PO-0008530,MAT-SEAL,807,each
MR-0017741,PO-0008531,MAT-SEAL,575,each
MR-0017742,PO-0008531,MAT-PUMP-CAP,610,each
MR-0017743,PO-0008532,MAT-PUMP-CAP,954,each
MR-0017744,PO-0008532,MAT-CARTON,959,each
MR-0017745,PO-0008533,MAT-BULK-CREAM,63.59,litre
MR-0017746,PO-0008533,MAT-SEAL,841,each
MR-0017747,PO-0008534,MAT-LABEL,1015,each
MR-0017748,PO-0008534,MAT-BULK-CREAM,79.84,litre
MR-0017749,PO-0008535,MAT-SEAL,615,each
MR-0017750,PO-0008535,MAT-PUMP-CAP,624,each
MR-0017751,PO-0008536,MAT-SEAL,992,each
MR-0017752,PO-0008536,MAT-PUMP-CAP,1030,each
MR-0017753,PO-0008537,MAT-SEAL,1087,each
MR-0017754,PO-0008537,MAT-PUMP-CAP,1100,each
MR-0017755,PO-0008538,MAT-CARTON,792,each
MR-0017756,PO-0008538,MAT-LABEL,776,each
MR-0017757,PO-0008539,MAT-SEAL,1079,each
MR-0017758,PO-0008539,MAT-PUMP-CAP,1143,each
MR-0017759,PO-0008540,MAT-BULK-CREAM,117.82,litre
MR-0017760,PO-0008540,MAT-SEAL,1446,each
MR-0017761,PO-0008540,MAT-PUMP-CAP,1456,each
MR-0017762,PO-0008541,MAT-SEAL,1593,each
MR-0017763,PO-0008541,MAT-PUMP-CAP,1632,each
MR-0017764,PO-0008541,MAT-CARTON,1573,each
MR-0017765,PO-0008542,MAT-CARTON,1475,each
MR-0017766,PO-0008542,MAT-LABEL,1488,each
MR-0017767,PO-0008542,MAT-BULK-CREAM,118.02,litre
MR-0017768,PO-0008543,MAT-CARTON,773,each
MR-0017769,PO-0008543,MAT-LABEL,792,each
MR-0017770,PO-0008544,MAT-LABEL,1486,each
MR-0017771,PO-0008544,MAT-BULK-CREAM,117.58,litre
MR-0017772,PO-0008544,MAT-SEAL,1496,each
MR-0017773,PO-0008545,MAT-BULK-CREAM,87.71,litre
MR-0017774,PO-0008545,MAT-SEAL,1112,each
MR-0017775,PO-0008546,MAT-SEAL,870,each
MR-0017776,PO-0008546,MAT-PUMP-CAP,890,each
MR-0017777,PO-0008547,MAT-PUMP-CAP,1296,each
MR-0017778,PO-0008547,MAT-CARTON,1280,each
MR-0017779,PO-0008548,MAT-CARTON,1263,each
MR-0017780,PO-0008548,MAT-LABEL,1269,each
MR-0017781,PO-0008549,MAT-BULK-CREAM,72.65,litre
MR-0017782,PO-0008549,MAT-SEAL,887,each
MR-0017783,PO-0008550,MAT-CARTON,913,each
MR-0017784,PO-0008550,MAT-LABEL,897,each
MR-0017785,PO-0008551,MAT-SEAL,1319,each
MR-0017786,PO-0008551,MAT-PUMP-CAP,1398,each
MR-0017787,PO-0008552,MAT-BULK-CREAM,69.53,litre
MR-0017788,PO-0008552,MAT-SEAL,883,each
MR-0017789,PO-0008553,MAT-CARTON,756,each
MR-0017790,PO-0008553,MAT-LABEL,727,each
MR-0017791,PO-0008554,MAT-PUMP-CAP,1024,each
MR-0017792,PO-0008554,MAT-CARTON,1004,each
MR-0017793,PO-0008555,MAT-CARTON,1266,each
MR-0017794,PO-0008555,MAT-LABEL,1214,each
MR-0017795,PO-0008556,MAT-BULK-CREAM,94.17,litre
MR-0017796,PO-0008556,MAT-SEAL,1214,each
MR-0017797,PO-0008557,MAT-CARTON,899,each
MR-0017798,PO-0008557,MAT-LABEL,877,each
MR-0017799,PO-0008558,MAT-LABEL,670,each
MR-0017800,PO-0008558,MAT-BULK-CREAM,56.15,litre
MR-0017801,PO-0008559,MAT-BULK-CREAM,77.72,litre
MR-0017802,PO-0008559,MAT-SEAL,969,each
MR-0017803,PO-0008560,MAT-SEAL,1180,each
MR-0017804,PO-0008560,MAT-PUMP-CAP,1214,each
MR-0017805,PO-0008561,MAT-PUMP-CAP,720,each
MR-0017806,PO-0008561,MAT-CARTON,742,each
MR-0017807,PO-0008562,MAT-BULK-CREAM,107.98,litre
MR-0017808,PO-0008562,MAT-SEAL,1339,each
MR-0017809,PO-0008563,MAT-SEAL,1089,each
MR-0017810,PO-0008563,MAT-PUMP-CAP,1130,each
MR-0017811,PO-0008564,MAT-BULK-CREAM,98.34,litre
MR-0017812,PO-0008564,MAT-SEAL,1200,each
MR-0017813,PO-0008565,MAT-SEAL,1061,each
MR-0017814,PO-0008565,MAT-PUMP-CAP,1087,each
MR-0017815,PO-0008566,MAT-BULK-CREAM,76.01,litre
MR-0017816,PO-0008566,MAT-SEAL,929,each
MR-0017817,PO-0008567,MAT-CARTON,1271,each
MR-0017818,PO-0008567,MAT-LABEL,1264,each
MR-0017819,PO-0008568,MAT-BULK-CREAM,110.98,litre
MR-0017820,PO-0008568,MAT-SEAL,1399,each
MR-0017821,PO-0008568,MAT-PUMP-CAP,1425,each
MR-0017822,PO-0008569,MAT-BULK-CREAM,72.32,litre
MR-0017823,PO-0008569,MAT-SEAL,872,each
MR-0017824,PO-0008570,MAT-SEAL,665,each
MR-0017825,PO-0008570,MAT-PUMP-CAP,706,each
MR-0017826,PO-0008571,MAT-CARTON,999,each
MR-0017827,PO-0008571,MAT-LABEL,1013,each
MR-0017828,PO-0008572,MAT-CARTON,846,each
MR-0017829,PO-0008572,MAT-LABEL,869,each
MR-0017830,PO-0008573,MAT-LABEL,882,each
MR-0017831,PO-0008573,MAT-BULK-CREAM,73.38,litre
MR-0017832,PO-0008574,MAT-SEAL,873,each
MR-0017833,PO-0008574,MAT-PUMP-CAP,880,each
MR-0017834,PO-0008575,MAT-LABEL,936,each
MR-0017835,PO-0008575,MAT-BULK-CREAM,74.4,litre
MR-0017836,PO-0008576,MAT-PUMP-CAP,789,each
MR-0017837,PO-0008576,MAT-CARTON,802,each
MR-0017838,PO-0008577,MAT-BULK-CREAM,45.35,litre
MR-0017839,PO-0008577,MAT-SEAL,568,each
MR-0017840,PO-0008578,MAT-LABEL,671,each
MR-0017841,PO-0008578,MAT-BULK-CREAM,52.25,litre
MR-0017842,PO-0008579,MAT-BULK-CREAM,53.66,litre
MR-0017843,PO-0008579,MAT-SEAL,661,each
MR-0017844,PO-0008580,MAT-SEAL,403,each
MR-0017845,PO-0008580,MAT-PUMP-CAP,412,each
MR-0017846,PO-0008581,MAT-PUMP-CAP,602,each
MR-0017847,PO-0008581,MAT-CARTON,573,each
MR-0017848,PO-0008582,MAT-CARTON,680,each
MR-0017849,PO-0008582,MAT-LABEL,689,each
MR-0017850,PO-0008583,MAT-LABEL,495,each
MR-0017851,PO-0008583,MAT-BULK-CREAM,39.92,litre
MR-0017852,PO-0008584,MAT-BULK-CREAM,57.14,litre
MR-0017853,PO-0008584,MAT-SEAL,715,each
MR-0017854,PO-0008585,MAT-CARTON,830,each
MR-0017855,PO-0008585,MAT-LABEL,849,each
MR-0017856,PO-0008586,MAT-BULK-CREAM,36.69,litre
MR-0017857,PO-0008586,MAT-SEAL,460,each
MR-0017858,PO-0008587,MAT-PUMP-CAP,859,each
MR-0017859,PO-0008587,MAT-CARTON,872,each
MR-0017860,PO-0008588,MAT-LABEL,466,each
MR-0017861,PO-0008588,MAT-BULK-CREAM,39.1,litre
MR-0017862,PO-0008589,MAT-PUMP-CAP,817,each
MR-0017863,PO-0008589,MAT-CARTON,816,each
MR-0017864,PO-0008590,MAT-SEAL,516,each
MR-0017865,PO-0008590,MAT-PUMP-CAP,502,each
MR-0017866,PO-0008591,MAT-PUMP-CAP,760,each
MR-0017867,PO-0008591,MAT-CARTON,791,each
MR-0017868,PO-0008592,MAT-LABEL,482,each
MR-0017869,PO-0008592,MAT-BULK-CREAM,38.46,litre
MR-0017870,PO-0008593,MAT-CARTON,823,each
MR-0017871,PO-0008593,MAT-LABEL,834,each
MR-0017872,PO-0008594,MAT-LABEL,836,each
MR-0017873,PO-0008594,MAT-BULK-CREAM,65.47,litre
MR-0017874,PO-0008595,MAT-LABEL,1122,each
MR-0017875,PO-0008595,MAT-BULK-CREAM,89.73,litre
MR-0017876,PO-0008596,MAT-SEAL,728,each
MR-0017877,PO-0008596,MAT-PUMP-CAP,754,each
MR-0017878,PO-0008597,MAT-CARTON,780,each
MR-0017879,PO-0008597,MAT-LABEL,782,each
MR-0017880,PO-0008598,MAT-CARTON,882,each
MR-0017881,PO-0008598,MAT-LABEL,863,each
MR-0017882,PO-0008599,MAT-BULK-CREAM,71.18,litre
MR-0017883,PO-0008599,MAT-SEAL,884,each
MR-0017884,PO-0008600,MAT-SEAL,683,each
MR-0017885,PO-0008600,MAT-PUMP-CAP,698,each
MR-0017886,PO-0008601,MAT-SEAL,918,each
MR-0017887,PO-0008601,MAT-PUMP-CAP,934,each
