productionOrderId,lineId,productId,orderDate,plannedStartDate,plannedEndDate,plannedUnits,status,commitmentId,maintenanceWindowId
PO-0000001,PKG-01,PROD-DM-300,2026-03-02,2026-03-02,2026-03-02,1226,completed,,
PO-0000002,PKG-01,PROD-DM-300,2026-03-02,2026-03-02,2026-03-02,1123,completed,,
PO-0000003,PKG-01,PROD-DM-300,2026-03-02,2026-03-02,2026-03-02,1041,completed,,
PO-0000004,PKG-01,PROD-DM-300,2026-03-02,2026-03-02,2026-03-02,1233,completed,,
PO-0000005,PKG-01,PROD-DM-300,2026-03-02,2026-03-02,2026-03-02,1480,completed,,
PO-0000006,PKG-01,PROD-DM-300,2026-03-02,2026-03-02,2026-03-02,1082,completed,,
PO-0000007,PKG-01,PROD-DM-300,2026-03-02,2026-03-02,2026-03-02,743,completed,,
PO-0000008,PKG-01,PROD-HS-100,2026-03-02,2026-03-02,2026-03-02,1201,completed,,
PO-0000009,PKG-01,PROD-DM-300,2026-03-02,2026-03-02,2026-03-02,1604,completed,,
PO-0000010,PKG-01,PROD-DM-300,2026-03-02,2026-03-02,2026-03-02,1283,completed,,
PO-0000011,PKG-01,PROD-VD-500,2026-03-02,2026-03-02,2026-03-02,1174,completed,,
PO-0000012,PKG-01,PROD-VD-500,2026-03-02,2026-03-02,2026-03-02,1509,completed,,
PO-0000013,PKG-01,PROD-DM-300,2026-03-02,2026-03-02,2026-03-02,841,completed,,
PO-0000014,PKG-01,PROD-DM-300,2026-03-02,2026-03-02,2026-03-02,829,completed,,
PO-0000015,PKG-01,PROD-DM-300,2026-03-02,2026-03-02,2026-03-02,935,completed,,
PO-0000016,PKG-01,PROD-VD-500,2026-03-02,2026-03-02,2026-03-02,945,completed,,
PO-0000017,PKG-01,PROD-DM-300,2026-03-02,2026-03-02,2026-03-02,1293,completed,,
PO-0000018,PKG-02,PROD-HS-110,2026-03-02,2026-03-02,2026-03-02,639,completed,,
PO-0000019,PKG-02,PROD-HS-110,2026-03-02,2026-03-02,2026-03-02,639,completed,,
PO-0000020,PKG-02,PROD-HS-100,2026-03-02,2026-03-02,2026-03-02,946,completed,,
PO-0000021,PKG-02,PROD-HS-100,2026-03-02,2026-03-02,2026-03-02,1176,completed,,
PO-0000022,PKG-02,PROD-HS-100,2026-03-02,2026-03-02,2026-03-02,1161,completed,,
PO-0000023,PKG-02,PROD-AS-200,2026-03-02,2026-03-02,2026-03-02,1295,completed,,
PO-0000024,PKG-02,PROD-HS-100,2026-03-02,2026-03-02,2026-03-02,663,completed,,
PO-0000025,PKG-02,PROD-HS-100,2026-03-02,2026-03-02,2026-03-02,1025,completed,,
PO-0000026,PKG-02,PROD-HS-100,2026-03-02,2026-03-02,2026-03-02,950,completed,,
PO-0000027,PKG-02,PROD-HS-100,2026-03-02,2026-03-02,2026-03-02,665,completed,,
PO-0000028,PKG-02,PROD-HS-100,2026-03-02,2026-03-02,2026-03-02,1044,completed,,
PO-0000029,PKG-02,PROD-HS-100,2026-03-02,2026-03-02,2026-03-02,1062,completed,,
PO-0000030,PKG-02,PROD-HS-100,2026-03-02,2026-03-02,2026-03-02,1135,completed,,
PO-0000031,PKG-02,PROD-HS-100,2026-03-02,2026-03-02,2026-03-02,849,completed,,
PO-0000032,PKG-02,PROD-HS-100,2026-03-02,2026-03-02,2026-03-02,915,completed,,
PO-0000033,PKG-03,PROD-AS-200,2026-03-02,2026-03-02,2026-03-02,958,completed,,
PO-0000034,PKG-03,PROD-HS-110,2026-03-02,2026-03-02,2026-03-02,937,completed,,
PO-0000035,PKG-03,PROD-LB-400,2026-03-02,2026-03-02,2026-03-02,566,completed,,
PO-0000036,PKG-03,PROD-LB-400,2026-03-02,2026-03-02,2026-03-02,602,completed,,
PO-0000037,PKG-03,PROD-LB-400,2026-03-02,2026-03-02,2026-03-02,566,completed,,
PO-0000038,PKG-03,PROD-AS-200,2026-03-02,2026-03-02,2026-03-02,665,completed,,
PO-0000039,PKG-03,PROD-HS-110,2026-03-02,2026-03-02,2026-03-02,961,completed,,
PO-0000040,PKG-03,PROD-AS-200,2026-03-02,2026-03-02,2026-03-02,667,completed,,
PO-0000041,PKG-04,PROD-VD-500,2026-03-02,2026-03-02,2026-03-02,427,completed,,
PO-0000042,PKG-04,PROD-VD-500,2026-03-02,2026-03-02,2026-03-02,868,completed,,
PO-0000043,PKG-04,PROD-VD-500,2026-03-02,2026-03-02,2026-03-02,525,completed,,
PO-0000044,PKG-04,PROD-VD-500,2026-03-02,2026-03-02,2026-03-02,551,completed,,
PO-0000045,PKG-04,PROD-VD-500,2026-03-02,2026-03-02,2026-03-02,497,completed,,
PO-0000046,PKG-04,PROD-VD-500,2026-03-02,2026-03-02,2026-03-02,818,completed,,
PO-0000047,PKG-04,PROD-VD-500,2026-03-02,2026-03-02,2026-03-02,557,completed,,
PO-0000048,PKG-05,PROD-HS-100,2026-03-02,2026-03-02,2026-03-02,721,completed,,
PO-0000049,PKG-05,PROD-HS-100,2026-03-02,2026-03-02,2026-03-02,773,completed,,
PO-0000050,PKG-05,PROD-VD-500,2026-03-02,2026-03-02,2026-03-02,735,completed,,
PO-0000051,PKG-05,PROD-AS-200,2026-03-02,2026-03-02,2026-03-02,425,completed,,
PO-0000052,PKG-05,PROD-HS-110,2026-03-02,2026-03-02,2026-03-02,651,completed,,
PO-0000053,PKG-05,PROD-AS-200,2026-03-02,2026-03-02,2026-03-02,876,completed,,
PO-0000054,PKG-05,PROD-LB-400,2026-03-02,2026-03-02,2026-03-02,752,completed,,
PO-0000055,PKG-05,PROD-HS-110,2026-03-02,2026-03-02,2026-03-02,794,completed,,
PO-0000056,PKG-06,PROD-HS-110,2026-03-02,2026-03-02,2026-03-02,743,completed,,
PO-0000057,PKG-06,PROD-DM-300,2026-03-02,2026-03-02,2026-03-02,545,completed,,
PO-0000058,PKG-06,PROD-DM-300,2026-03-02,2026-03-02,2026-03-02,921,completed,,
PO-0000059,PKG-06,PROD-DM-300,2026-03-02,2026-03-02,2026-03-02,523,completed,,
PO-0000060,PKG-06,PROD-HS-100,2026-03-02,2026-03-02,2026-03-02,833,completed,,
PO-0000061,PKG-06,PROD-DM-300,2026-03-02,2026-03-02,2026-03-02,1118,completed,,
PO-0000062,PKG-06,PROD-DM-300,2026-03-02,2026-03-02,2026-03-02,499,completed,,
PO-0000063,PKG-06,PROD-VD-500,2026-03-02,2026-03-02,2026-03-02,655,completed,,
PO-0000064,PKG-06,PROD-VD-500,2026-03-02,2026-03-02,2026-03-02,701,completed,,
PO-0000065,PKG-01,PROD-DM-300,2026-03-03,2026-03-03,2026-03-03,667,completed,,
PO-0000066,PKG-01,PROD-DM-300,2026-03-03,2026-03-03,2026-03-03,1394,completed,,
PO-0000067,PKG-01,PROD-DM-300,2026-03-03,2026-03-03,2026-03-03,1384,completed,,
PO-0000068,PKG-01,PROD-DM-300,2026-03-03,2026-03-03,2026-03-03,891,completed,,
PO-0000069,PKG-01,PROD-VD-500,2026-03-03,2026-03-03,2026-03-03,771,completed,,
PO-0000070,PKG-01,PROD-DM-300,2026-03-03,2026-03-03,2026-03-03,1331,completed,,
PO-0000071,PKG-01,PROD-VD-500,2026-03-03,2026-03-03,2026-03-03,1315,completed,,
PO-0000072,PKG-01,PROD-DM-300,2026-03-03,2026-03-03,2026-03-03,871,completed,,
PO-0000073,PKG-01,PROD-AS-200,2026-03-03,2026-03-03,2026-03-03,921,completed,,
PO-0000074,PKG-01,PROD-DM-300,2026-03-03,2026-03-03,2026-03-03,1014,completed,,
PO-0000075,PKG-01,PROD-HS-110,2026-03-03,2026-03-03,2026-03-03,1179,completed,,
PO-0000076,PKG-01,PROD-DM-300,2026-03-03,2026-03-03,2026-03-03,938,completed,,
PO-0000077,PKG-01,PROD-VD-500,2026-03-03,2026-03-03,2026-03-03,997,completed,,
PO-0000078,PKG-01,PROD-DM-300,2026-03-03,2026-03-03,2026-03-03,1080,completed,,
PO-0000079,PKG-01,PROD-DM-300,2026-03-03,2026-03-03,2026-03-03,967,completed,,
PO-0000080,PKG-01,PROD-DM-300,2026-03-03,2026-03-03,2026-03-03,854,completed,,
PO-0000081,PKG-01,PROD-DM-300,2026-03-03,2026-03-03,2026-03-03,1494,completed,,
PO-0000082,PKG-01,PROD-DM-300,2026-03-03,2026-03-03,2026-03-03,904,completed,,
PO-0000083,PKG-02,PROD-LB-400,2026-03-03,2026-03-03,2026-03-03,746,completed,,
PO-0000084,PKG-02,PROD-HS-100,2026-03-03,2026-03-03,2026-03-03,1176,completed,,
PO-0000085,PKG-02,PROD-AS-200,2026-03-03,2026-03-03,2026-03-03,895,completed,,
PO-0000086,PKG-02,PROD-AS-200,2026-03-03,2026-03-03,2026-03-03,953,completed,,
PO-0000087,PKG-02,PROD-HS-110,2026-03-03,2026-03-03,2026-03-03,1285,completed,,
PO-0000088,PKG-02,PROD-HS-100,2026-03-03,2026-03-03,2026-03-03,968,completed,,
PO-0000089,PKG-02,PROD-HS-100,2026-03-03,2026-03-03,2026-03-03,946,completed,,
PO-0000090,PKG-02,PROD-HS-100,2026-03-03,2026-03-03,2026-03-03,666,completed,,
PO-0000091,PKG-02,PROD-HS-110,2026-03-03,2026-03-03,2026-03-03,1335,completed,,
PO-0000092,PKG-02,PROD-HS-100,2026-03-03,2026-03-03,2026-03-03,1030,completed,,
PO-0000093,PKG-02,PROD-HS-100,2026-03-03,2026-03-03,2026-03-03,781,completed,,
PO-0000094,PKG-02,PROD-AS-200,2026-03-03,2026-03-03,2026-03-03,682,completed,,
PO-0000095,PKG-02,PROD-HS-110,2026-03-03,2026-03-03,2026-03-03,927,completed,,
PO-0000096,PKG-02,PROD-HS-100,2026-03-03,2026-03-03,2026-03-03,1097,completed,,
PO-0000097,PKG-02,PROD-AS-200,2026-03-03,2026-03-03,2026-03-03,1467,completed,,
PO-0000098,PKG-03,PROD-LB-400,2026-03-03,2026-03-03,2026-03-03,1201,completed,,
PO-0000099,PKG-03,PROD-HS-110,2026-03-03,2026-03-03,2026-03-03,568,completed,,
PO-0000100,PKG-03,PROD-HS-100,2026-03-03,2026-03-03,2026-03-03,1185,completed,,
PO-0000101,PKG-03,PROD-LB-400,2026-03-03,2026-03-03,2026-03-03,556,completed,,
PO-0000102,PKG-03,PROD-LB-400,2026-03-03,2026-03-03,2026-03-03,676,completed,,
PO-0000103,PKG-03,PROD-LB-400,2026-03-03,2026-03-03,2026-03-03,1192,completed,,
PO-0000104,PKG-03,PROD-HS-100,2026-03-03,2026-03-03,2026-03-03,632,completed,,
PO-0000105,PKG-03,PROD-HS-100,2026-03-03,2026-03-03,2026-03-03,559,completed,,
PO-0000106,PKG-04,PROD-VD-500,2026-03-03,2026-03-03,2026-03-03,786,completed,,
PO-0000107,PKG-04,PROD-VD-500,2026-03-03,2026-03-03,2026-03-03,392,completed,,
PO-0000108,PKG-04,PROD-LB-400,2026-03-03,2026-03-03,2026-03-03,518,completed,,
PO-0000109,PKG-04,PROD-HS-110,2026-03-03,2026-03-03,2026-03-03,675,completed,,
PO-0000110,PKG-04,PROD-VD-500,2026-03-03,2026-03-03,2026-03-03,807,completed,,
PO-0000111,PKG-04,PROD-HS-110,2026-03-03,2026-03-03,2026-03-03,708,completed,,
PO-0000112,PKG-04,PROD-VD-500,2026-03-03,2026-03-03,2026-03-03,903,completed,,
PO-0000113,PKG-05,PROD-VD-500,2026-03-03,2026-03-03,2026-03-03,514,completed,,
PO-0000114,PKG-05,PROD-VD-500,2026-03-03,2026-03-03,2026-03-03,927,completed,,
PO-0000115,PKG-05,PROD-HS-110,2026-03-03,2026-03-03,2026-03-03,604,completed,,
PO-0000116,PKG-05,PROD-AS-200,2026-03-03,2026-03-03,2026-03-03,744,completed,,
PO-0000117,PKG-05,PROD-HS-100,2026-03-03,2026-03-03,2026-03-03,850,completed,,
PO-0000118,PKG-05,PROD-HS-100,2026-03-03,2026-03-03,2026-03-03,642,completed,,
PO-0000119,PKG-05,PROD-AS-200,2026-03-03,2026-03-03,2026-03-03,629,completed,,
PO-0000120,PKG-05,PROD-LB-400,2026-03-03,2026-03-03,2026-03-03,612,completed,,
PO-0000121,PKG-06,PROD-DM-300,2026-03-03,2026-03-03,2026-03-03,837,completed,,
PO-0000122,PKG-06,PROD-DM-300,2026-03-03,2026-03-03,2026-03-03,831,completed,,
PO-0000123,PKG-06,PROD-LB-400,2026-03-03,2026-03-03,2026-03-03,959,completed,,
PO-0000124,PKG-06,PROD-DM-300,2026-03-03,2026-03-03,2026-03-03,650,completed,,
PO-0000125,PKG-06,PROD-DM-300,2026-03-03,2026-03-03,2026-03-03,1069,completed,,
PO-0000126,PKG-06,PROD-DM-300,2026-03-03,2026-03-03,2026-03-03,757,completed,,
PO-0000127,PKG-06,PROD-DM-300,2026-03-03,2026-03-03,2026-03-03,829,completed,,
PO-0000128,PKG-06,PROD-DM-300,2026-03-03,2026-03-03,2026-03-03,510,completed,,
PO-0000129,PKG-06,PROD-DM-300,2026-03-03,2026-03-03,2026-03-03,539,completed,,
PO-0000130,PKG-01,PROD-DM-300,2026-03-04,2026-03-04,2026-03-04,939,completed,,
PO-0000131,PKG-01,PROD-DM-300,2026-03-04,2026-03-04,2026-03-04,665,completed,,
PO-0000132,PKG-01,PROD-DM-300,2026-03-04,2026-03-04,2026-03-04,764,completed,,
PO-0000133,PKG-01,PROD-DM-300,2026-03-04,2026-03-04,2026-03-04,1401,completed,,
PO-0000134,PKG-01,PROD-DM-300,2026-03-04,2026-03-04,2026-03-04,661,completed,,
PO-0000135,PKG-01,PROD-DM-300,2026-03-04,2026-03-04,2026-03-04,888,completed,,
PO-0000136,PKG-01,PROD-DM-300,2026-03-04,2026-03-04,2026-03-04,1121,completed,,
PO-0000137,PKG-01,PROD-DM-300,2026-03-04,2026-03-04,2026-03-04,770,completed,,
PO-0000138,PKG-01,PROD-DM-300,2026-03-04,2026-03-04,2026-03-04,1212,completed,,
PO-0000139,PKG-01,PROD-VD-500,2026-03-04,2026-03-04,2026-03-04,1065,completed,,
PO-0000140,PKG-01,PROD-LB-400,2026-03-04,2026-03-04,2026-03-04,1387,completed,,
PO-0000141,PKG-01,PROD-DM-300,2026-03-04,2026-03-04,2026-03-04,909,completed,,
PO-0000142,PKG-01,PROD-LB-400,2026-03-04,2026-03-04,2026-03-04,675,completed,,
PO-0000143,PKG-01,PROD-DM-300,2026-03-04,2026-03-04,2026-03-04,944,completed,,
PO-0000144,PKG-01,PROD-HS-110,2026-03-04,2026-03-04,2026-03-04,1497,completed,,
PO-0000145,PKG-01,PROD-VD-500,2026-03-04,2026-03-04,2026-03-04,679,completed,,
PO-0000146,PKG-01,PROD-DM-300,2026-03-04,2026-03-04,2026-03-04,1506,completed,,
PO-0000147,PKG-01,PROD-DM-300,2026-03-04,2026-03-04,2026-03-04,1097,completed,,
PO-0000148,PKG-02,PROD-LB-400,2026-03-04,2026-03-04,2026-03-04,816,completed,,
PO-0000149,PKG-02,PROD-HS-110,2026-03-04,2026-03-04,2026-03-04,907,completed,,
PO-0000150,PKG-02,PROD-AS-200,2026-03-04,2026-03-04,2026-03-04,712,completed,,
PO-0000151,PKG-02,PROD-HS-100,2026-03-04,2026-03-04,2026-03-04,1290,completed,,
PO-0000152,PKG-02,PROD-HS-100,2026-03-04,2026-03-04,2026-03-04,1099,completed,,
PO-0000153,PKG-02,PROD-HS-100,2026-03-04,2026-03-04,2026-03-04,766,completed,,
PO-0000154,PKG-02,PROD-AS-200,2026-03-04,2026-03-04,2026-03-04,1148,completed,,
PO-0000155,PKG-02,PROD-HS-100,2026-03-04,2026-03-04,2026-03-04,645,completed,,
PO-0000156,PKG-02,PROD-AS-200,2026-03-04,2026-03-04,2026-03-04,805,completed,,
PO-0000157,PKG-02,PROD-AS-200,2026-03-04,2026-03-04,2026-03-04,873,completed,,
PO-0000158,PKG-02,PROD-HS-110,2026-03-04,2026-03-04,2026-03-04,702,completed,,
PO-0000159,PKG-02,PROD-LB-400,2026-03-04,2026-03-04,2026-03-04,1287,completed,,
PO-0000160,PKG-02,PROD-AS-200,2026-03-04,2026-03-04,2026-03-04,789,completed,,
PO-0000161,PKG-02,PROD-HS-110,2026-03-04,2026-03-04,2026-03-04,656,completed,,
PO-0000162,PKG-02,PROD-HS-100,2026-03-04,2026-03-04,2026-03-04,871,completed,,
PO-0000163,PKG-02,PROD-HS-100,2026-03-04,2026-03-04,2026-03-04,1275,completed,,
PO-0000164,PKG-03,PROD-LB-400,2026-03-04,2026-03-04,2026-03-04,656,completed,,
PO-0000165,PKG-03,PROD-LB-400,2026-03-04,2026-03-04,2026-03-04,1028,completed,,
PO-0000166,PKG-03,PROD-HS-100,2026-03-04,2026-03-04,2026-03-04,947,completed,,
PO-0000167,PKG-03,PROD-LB-400,2026-03-04,2026-03-04,2026-03-04,735,completed,,
PO-0000168,PKG-03,PROD-HS-100,2026-03-04,2026-03-04,2026-03-04,815,completed,,
PO-0000169,PKG-03,PROD-HS-110,2026-03-04,2026-03-04,2026-03-04,1136,completed,,
PO-0000170,PKG-03,PROD-HS-100,2026-03-04,2026-03-04,2026-03-04,1049,completed,,
PO-0000171,PKG-03,PROD-HS-100,2026-03-04,2026-03-04,2026-03-04,702,completed,,
PO-0000172,PKG-04,PROD-VD-500,2026-03-04,2026-03-04,2026-03-04,715,completed,,
PO-0000173,PKG-04,PROD-VD-500,2026-03-04,2026-03-04,2026-03-04,828,completed,,
PO-0000174,PKG-04,PROD-VD-500,2026-03-04,2026-03-04,2026-03-04,813,completed,,
PO-0000175,PKG-04,PROD-VD-500,2026-03-04,2026-03-04,2026-03-04,618,completed,,
PO-0000176,PKG-04,PROD-VD-500,2026-03-04,2026-03-04,2026-03-04,811,completed,,
PO-0000177,PKG-04,PROD-AS-200,2026-03-04,2026-03-04,2026-03-04,671,completed,,
PO-0000178,PKG-04,PROD-VD-500,2026-03-04,2026-03-04,2026-03-04,859,completed,,
PO-0000179,PKG-05,PROD-AS-200,2026-03-04,2026-03-04,2026-03-04,784,completed,,
PO-0000180,PKG-05,PROD-HS-100,2026-03-04,2026-03-04,2026-03-04,530,completed,,
PO-0000181,PKG-05,PROD-HS-110,2026-03-04,2026-03-04,2026-03-04,533,completed,,
PO-0000182,PKG-05,PROD-AS-200,2026-03-04,2026-03-04,2026-03-04,504,completed,,
PO-0000183,PKG-05,PROD-AS-200,2026-03-04,2026-03-04,2026-03-04,759,completed,,
PO-0000184,PKG-05,PROD-HS-100,2026-03-04,2026-03-04,2026-03-04,879,completed,,
PO-0000185,PKG-05,PROD-LB-400,2026-03-04,2026-03-04,2026-03-04,593,completed,,
PO-0000186,PKG-05,PROD-AS-200,2026-03-04,2026-03-04,2026-03-04,722,completed,,
PO-0000187,PKG-06,PROD-DM-300,2026-03-04,2026-03-04,2026-03-04,980,completed,,
PO-0000188,PKG-06,PROD-DM-300,2026-03-04,2026-03-04,2026-03-04,498,completed,,
PO-0000189,PKG-06,PROD-DM-300,2026-03-04,2026-03-04,2026-03-04,1101,completed,,
PO-0000190,PKG-06,PROD-DM-300,2026-03-04,2026-03-04,2026-03-04,1062,completed,,
PO-0000191,PKG-06,PROD-VD-500,2026-03-04,2026-03-04,2026-03-04,806,completed,,
PO-0000192,PKG-06,PROD-DM-300,2026-03-04,2026-03-04,2026-03-04,495,completed,,
PO-0000193,PKG-06,PROD-DM-300,2026-03-04,2026-03-04,2026-03-04,586,completed,,
PO-0000194,PKG-06,PROD-DM-300,2026-03-04,2026-03-04,2026-03-04,1005,completed,,
PO-0000195,PKG-06,PROD-DM-300,2026-03-04,2026-03-04,2026-03-04,1115,completed,,
PO-0000196,PKG-01,PROD-DM-300,2026-03-05,2026-03-05,2026-03-05,1057,completed,,
PO-0000197,PKG-01,PROD-DM-300,2026-03-05,2026-03-05,2026-03-05,1502,completed,,
PO-0000198,PKG-01,PROD-DM-300,2026-03-05,2026-03-05,2026-03-05,1143,completed,,
PO-0000199,PKG-01,PROD-AS-200,2026-03-05,2026-03-05,2026-03-05,1301,completed,,
PO-0000200,PKG-01,PROD-DM-300,2026-03-05,2026-03-05,2026-03-05,1161,completed,,
PO-0000201,PKG-01,PROD-DM-300,2026-03-05,2026-03-05,2026-03-05,1174,completed,,
PO-0000202,PKG-01,PROD-DM-300,2026-03-05,2026-03-05,2026-03-05,698,completed,,
PO-0000203,PKG-01,PROD-DM-300,2026-03-05,2026-03-05,2026-03-05,1298,completed,,
PO-0000204,PKG-01,PROD-DM-300,2026-03-05,2026-03-05,2026-03-05,1257,completed,,
PO-0000205,PKG-01,PROD-DM-300,2026-03-05,2026-03-05,2026-03-05,1243,completed,,
PO-0000206,PKG-01,PROD-DM-300,2026-03-05,2026-03-05,2026-03-05,940,completed,,
PO-0000207,PKG-01,PROD-AS-200,2026-03-05,2026-03-05,2026-03-05,1301,completed,,
PO-0000208,PKG-01,PROD-HS-110,2026-03-05,2026-03-05,2026-03-05,1600,completed,,
PO-0000209,PKG-01,PROD-VD-500,2026-03-05,2026-03-05,2026-03-05,710,completed,,
PO-0000210,PKG-01,PROD-DM-300,2026-03-05,2026-03-05,2026-03-05,1085,completed,,
PO-0000211,PKG-01,PROD-DM-300,2026-03-05,2026-03-05,2026-03-05,1333,completed,,
PO-0000212,PKG-01,PROD-VD-500,2026-03-05,2026-03-05,2026-03-05,1167,completed,,
PO-0000213,PKG-02,PROD-HS-100,2026-03-05,2026-03-05,2026-03-05,981,completed,,
PO-0000214,PKG-02,PROD-HS-100,2026-03-05,2026-03-05,2026-03-05,1153,completed,,
PO-0000215,PKG-02,PROD-HS-100,2026-03-05,2026-03-05,2026-03-05,1466,completed,,
PO-0000216,PKG-02,PROD-HS-100,2026-03-05,2026-03-05,2026-03-05,1356,completed,,
PO-0000217,PKG-02,PROD-HS-100,2026-03-05,2026-03-05,2026-03-05,853,completed,,
PO-0000218,PKG-02,PROD-LB-400,2026-03-05,2026-03-05,2026-03-05,1403,completed,,
PO-0000219,PKG-02,PROD-HS-100,2026-03-05,2026-03-05,2026-03-05,1446,completed,,
PO-0000220,PKG-02,PROD-HS-100,2026-03-05,2026-03-05,2026-03-05,1414,completed,,
PO-0000221,PKG-02,PROD-AS-200,2026-03-05,2026-03-05,2026-03-05,817,completed,,
PO-0000222,PKG-02,PROD-LB-400,2026-03-05,2026-03-05,2026-03-05,784,completed,,
PO-0000223,PKG-02,PROD-VD-500,2026-03-05,2026-03-05,2026-03-05,1000,completed,,
PO-0000224,PKG-02,PROD-HS-100,2026-03-05,2026-03-05,2026-03-05,1331,completed,,
PO-0000225,PKG-02,PROD-HS-110,2026-03-05,2026-03-05,2026-03-05,1035,completed,,
PO-0000226,PKG-02,PROD-HS-100,2026-03-05,2026-03-05,2026-03-05,799,completed,,
PO-0000227,PKG-02,PROD-HS-100,2026-03-05,2026-03-05,2026-03-05,1211,completed,,
PO-0000228,PKG-03,PROD-HS-100,2026-03-05,2026-03-05,2026-03-05,830,completed,,
PO-0000229,PKG-03,PROD-HS-100,2026-03-05,2026-03-05,2026-03-05,809,completed,,
PO-0000230,PKG-03,PROD-HS-100,2026-03-05,2026-03-05,2026-03-05,848,completed,,
PO-0000231,PKG-03,PROD-HS-100,2026-03-05,2026-03-05,2026-03-05,864,completed,,
PO-0000232,PKG-03,PROD-LB-400,2026-03-05,2026-03-05,2026-03-05,509,completed,,
PO-0000233,PKG-03,PROD-HS-100,2026-03-05,2026-03-05,2026-03-05,1058,completed,,
PO-0000234,PKG-03,PROD-HS-110,2026-03-05,2026-03-05,2026-03-05,791,completed,,
PO-0000235,PKG-03,PROD-HS-100,2026-03-05,2026-03-05,2026-03-05,845,completed,,
PO-0000236,PKG-03,PROD-AS-200,2026-03-05,2026-03-05,2026-03-05,681,completed,,
PO-0000237,PKG-04,PROD-VD-500,2026-03-05,2026-03-05,2026-03-05,429,completed,,
PO-0000238,PKG-04,PROD-HS-110,2026-03-05,2026-03-05,2026-03-05,467,completed,,
PO-0000239,PKG-04,PROD-HS-100,2026-03-05,2026-03-05,2026-03-05,522,completed,,
PO-0000240,PKG-04,PROD-VD-500,2026-03-05,2026-03-05,2026-03-05,467,completed,,
PO-0000241,PKG-04,PROD-VD-500,2026-03-05,2026-03-05,2026-03-05,632,completed,,
PO-0000242,PKG-04,PROD-VD-500,2026-03-05,2026-03-05,2026-03-05,514,completed,,
PO-0000243,PKG-04,PROD-VD-500,2026-03-05,2026-03-05,2026-03-05,895,completed,,
PO-0000244,PKG-05,PROD-HS-100,2026-03-05,2026-03-05,2026-03-05,631,completed,,
PO-0000245,PKG-05,PROD-LB-400,2026-03-05,2026-03-05,2026-03-05,537,completed,,
PO-0000246,PKG-05,PROD-HS-100,2026-03-05,2026-03-05,2026-03-05,751,completed,,
PO-0000247,PKG-05,PROD-AS-200,2026-03-05,2026-03-05,2026-03-05,882,completed,,
PO-0000248,PKG-05,PROD-HS-110,2026-03-05,2026-03-05,2026-03-05,597,completed,,
PO-0000249,PKG-05,PROD-HS-100,2026-03-05,2026-03-05,2026-03-05,655,completed,,
PO-0000250,PKG-05,PROD-LB-400,2026-03-05,2026-03-05,2026-03-05,544,completed,,
PO-0000251,PKG-05,PROD-LB-400,2026-03-05,2026-03-05,2026-03-05,713,completed,,
PO-0000252,PKG-06,PROD-DM-300,2026-03-05,2026-03-05,2026-03-05,538,completed,,
PO-0000253,PKG-06,PROD-LB-400,2026-03-05,2026-03-05,2026-03-05,750,completed,,
PO-0000254,PKG-06,PROD-DM-300,2026-03-05,2026-03-05,2026-03-05,648,completed,,
PO-0000255,PKG-06,PROD-AS-200,2026-03-05,2026-03-05,2026-03-05,766,completed,,
PO-0000256,PKG-06,PROD-DM-300,2026-03-05,2026-03-05,2026-03-05,626,completed,,
PO-0000257,PKG-06,PROD-LB-400,2026-03-05,2026-03-05,2026-03-05,527,completed,,
PO-0000258,PKG-06,PROD-DM-300,2026-03-05,2026-03-05,2026-03-05,574,completed,,
PO-0000259,PKG-06,PROD-HS-100,2026-03-05,2026-03-05,2026-03-05,962,completed,,
PO-0000260,PKG-06,PROD-DM-300,2026-03-05,2026-03-05,2026-03-05,888,completed,,
PO-0000261,PKG-01,PROD-HS-100,2026-03-06,2026-03-06,2026-03-06,1325,completed,,
PO-0000262,PKG-01,PROD-DM-300,2026-03-06,2026-03-06,2026-03-06,1471,completed,,
PO-0000263,PKG-01,PROD-DM-300,2026-03-06,2026-03-06,2026-03-06,1088,completed,,
PO-0000264,PKG-01,PROD-DM-300,2026-03-06,2026-03-06,2026-03-06,873,completed,,
PO-0000265,PKG-01,PROD-AS-200,2026-03-06,2026-03-06,2026-03-06,720,completed,,
PO-0000266,PKG-01,PROD-DM-300,2026-03-06,2026-03-06,2026-03-06,762,completed,,
PO-0000267,PKG-01,PROD-DM-300,2026-03-06,2026-03-06,2026-03-06,759,completed,,
PO-0000268,PKG-01,PROD-DM-300,2026-03-06,2026-03-06,2026-03-06,788,completed,,
PO-0000269,PKG-01,PROD-HS-110,2026-03-06,2026-03-06,2026-03-06,946,completed,,
PO-0000270,PKG-01,PROD-DM-300,2026-03-06,2026-03-06,2026-03-06,1439,completed,,
PO-0000271,PKG-01,PROD-DM-300,2026-03-06,2026-03-06,2026-03-06,925,completed,,
PO-0000272,PKG-01,PROD-VD-500,2026-03-06,2026-03-06,2026-03-06,912,completed,,
PO-0000273,PKG-01,PROD-DM-300,2026-03-06,2026-03-06,2026-03-06,786,completed,,
PO-0000274,PKG-01,PROD-VD-500,2026-03-06,2026-03-06,2026-03-06,1573,completed,,
PO-0000275,PKG-01,PROD-DM-300,2026-03-06,2026-03-06,2026-03-06,1440,completed,,
PO-0000276,PKG-01,PROD-DM-300,2026-03-06,2026-03-06,2026-03-06,1402,completed,,
PO-0000277,PKG-01,PROD-HS-100,2026-03-06,2026-03-06,2026-03-06,1377,completed,,
PO-0000278,PKG-02,PROD-VD-500,2026-03-06,2026-03-06,2026-03-06,1432,completed,,
PO-0000279,PKG-02,PROD-HS-110,2026-03-06,2026-03-06,2026-03-06,771,completed,,
PO-0000280,PKG-02,PROD-AS-200,2026-03-06,2026-03-06,2026-03-06,640,completed,,
PO-0000281,PKG-02,PROD-HS-100,2026-03-06,2026-03-06,2026-03-06,821,completed,,
PO-0000282,PKG-02,PROD-HS-100,2026-03-06,2026-03-06,2026-03-06,947,completed,,
PO-0000283,PKG-02,PROD-AS-200,2026-03-06,2026-03-06,2026-03-06,1186,completed,,
PO-0000284,PKG-02,PROD-HS-100,2026-03-06,2026-03-06,2026-03-06,1342,completed,,
PO-0000285,PKG-02,PROD-HS-100,2026-03-06,2026-03-06,2026-03-06,1045,completed,,
PO-0000286,PKG-02,PROD-HS-100,2026-03-06,2026-03-06,2026-03-06,650,completed,,
PO-0000287,PKG-02,PROD-HS-100,2026-03-06,2026-03-06,2026-03-06,864,completed,,
PO-0000288,PKG-02,PROD-HS-110,2026-03-06,2026-03-06,2026-03-06,846,completed,,
PO-0000289,PKG-02,PROD-HS-110,2026-03-06,2026-03-06,2026-03-06,1242,completed,,
PO-0000290,PKG-02,PROD-HS-100,2026-03-06,2026-03-06,2026-03-06,1412,completed,,
PO-0000291,PKG-02,PROD-HS-100,2026-03-06,2026-03-06,2026-03-06,818,completed,,
PO-0000292,PKG-02,PROD-HS-100,2026-03-06,2026-03-06,2026-03-06,1353,completed,,
PO-0000293,PKG-03,PROD-HS-100,2026-03-06,2026-03-06,2026-03-06,758,completed,,
PO-0000294,PKG-03,PROD-AS-200,2026-03-06,2026-03-06,2026-03-06,860,completed,,
PO-0000295,PKG-03,PROD-AS-200,2026-03-06,2026-03-06,2026-03-06,977,completed,,
PO-0000296,PKG-03,PROD-HS-110,2026-03-06,2026-03-06,2026-03-06,583,completed,,
PO-0000297,PKG-03,PROD-LB-400,2026-03-06,2026-03-06,2026-03-06,525,completed,,
PO-0000298,PKG-03,PROD-HS-110,2026-03-06,2026-03-06,2026-03-06,534,completed,,
PO-0000299,PKG-03,PROD-AS-200,2026-03-06,2026-03-06,2026-03-06,950,completed,,
PO-0000300,PKG-03,PROD-AS-200,2026-03-06,2026-03-06,2026-03-06,566,completed,,
PO-0000301,PKG-03,PROD-HS-110,2026-03-06,2026-03-06,2026-03-06,952,completed,,
PO-0000302,PKG-04,PROD-VD-500,2026-03-06,2026-03-06,2026-03-06,396,completed,,
PO-0000303,PKG-04,PROD-VD-500,2026-03-06,2026-03-06,2026-03-06,854,completed,,
PO-0000304,PKG-04,PROD-VD-500,2026-03-06,2026-03-06,2026-03-06,908,completed,,
PO-0000305,PKG-04,PROD-VD-500,2026-03-06,2026-03-06,2026-03-06,793,completed,,
PO-0000306,PKG-04,PROD-VD-500,2026-03-06,2026-03-06,2026-03-06,529,completed,,
PO-0000307,PKG-04,PROD-VD-500,2026-03-06,2026-03-06,2026-03-06,832,completed,,
PO-0000308,PKG-04,PROD-VD-500,2026-03-06,2026-03-06,2026-03-06,527,completed,,
PO-0000309,PKG-05,PROD-DM-300,2026-03-06,2026-03-06,2026-03-06,772,completed,,
PO-0000310,PKG-05,PROD-HS-100,2026-03-06,2026-03-06,2026-03-06,830,completed,,
PO-0000311,PKG-05,PROD-HS-100,2026-03-06,2026-03-06,2026-03-06,460,completed,,
PO-0000312,PKG-05,PROD-HS-110,2026-03-06,2026-03-06,2026-03-06,630,completed,,
PO-0000313,PKG-05,PROD-VD-500,2026-03-06,2026-03-06,2026-03-06,830,completed,,
PO-0000314,PKG-05,PROD-HS-110,2026-03-06,2026-03-06,2026-03-06,567,completed,,
PO-0000315,PKG-05,PROD-LB-400,2026-03-06,2026-03-06,2026-03-06,528,completed,,
PO-0000316,PKG-05,PROD-HS-100,2026-03-06,2026-03-06,2026-03-06,761,completed,,
PO-0000317,PKG-06,PROD-AS-200,2026-03-06,2026-03-06,2026-03-06,566,completed,,
PO-0000318,PKG-06,PROD-VD-500,2026-03-06,2026-03-06,2026-03-06,796,completed,,
PO-0000319,PKG-06,PROD-DM-300,2026-03-06,2026-03-06,2026-03-06,534,completed,,
PO-0000320,PKG-06,PROD-DM-300,2026-03-06,2026-03-06,2026-03-06,1079,completed,,
PO-0000321,PKG-06,PROD-DM-300,2026-03-06,2026-03-06,2026-03-06,1116,completed,,
PO-0000322,PKG-06,PROD-DM-300,2026-03-06,2026-03-06,2026-03-06,647,completed,,
PO-0000323,PKG-06,PROD-HS-110,2026-03-06,2026-03-06,2026-03-06,1133,completed,,
PO-0000324,PKG-06,PROD-DM-300,2026-03-06,2026-03-06,2026-03-06,1100,completed,,
PO-0000325,PKG-06,PROD-DM-300,2026-03-06,2026-03-06,2026-03-06,996,completed,,
PO-0000326,PKG-01,PROD-AS-200,2026-03-07,2026-03-07,2026-03-07,739,completed,,
PO-0000327,PKG-01,PROD-DM-300,2026-03-07,2026-03-07,2026-03-07,1341,completed,,
PO-0000328,PKG-01,PROD-LB-400,2026-03-07,2026-03-07,2026-03-07,1433,completed,,
PO-0000329,PKG-01,PROD-AS-200,2026-03-07,2026-03-07,2026-03-07,1170,completed,,
PO-0000330,PKG-01,PROD-DM-300,2026-03-07,2026-03-07,2026-03-07,1591,completed,,
PO-0000331,PKG-01,PROD-DM-300,2026-03-07,2026-03-07,2026-03-07,1307,completed,,
PO-0000332,PKG-01,PROD-DM-300,2026-03-07,2026-03-07,2026-03-07,1510,completed,,
PO-0000333,PKG-01,PROD-DM-300,2026-03-07,2026-03-07,2026-03-07,1516,completed,,
PO-0000334,PKG-01,PROD-HS-100,2026-03-07,2026-03-07,2026-03-07,1161,completed,,
PO-0000335,PKG-01,PROD-LB-400,2026-03-07,2026-03-07,2026-03-07,1218,completed,,
PO-0000336,PKG-01,PROD-DM-300,2026-03-07,2026-03-07,2026-03-07,1030,completed,,
PO-0000337,PKG-01,PROD-VD-500,2026-03-07,2026-03-07,2026-03-07,1147,completed,,
PO-0000338,PKG-01,PROD-LB-400,2026-03-07,2026-03-07,2026-03-07,1353,completed,,
PO-0000339,PKG-01,PROD-DM-300,2026-03-07,2026-03-07,2026-03-07,1216,completed,,
PO-0000340,PKG-01,PROD-DM-300,2026-03-07,2026-03-07,2026-03-07,735,completed,,
PO-0000341,PKG-01,PROD-DM-300,2026-03-07,2026-03-07,2026-03-07,1023,completed,,
PO-0000342,PKG-01,PROD-HS-110,2026-03-07,2026-03-07,2026-03-07,791,completed,,
PO-0000343,PKG-02,PROD-HS-100,2026-03-07,2026-03-07,2026-03-07,1038,completed,,
PO-0000344,PKG-02,PROD-AS-200,2026-03-07,2026-03-07,2026-03-07,1461,completed,,
PO-0000345,PKG-02,PROD-HS-100,2026-03-07,2026-03-07,2026-03-07,1037,completed,,
PO-0000346,PKG-02,PROD-HS-100,2026-03-07,2026-03-07,2026-03-07,691,completed,,
PO-0000347,PKG-02,PROD-HS-100,2026-03-07,2026-03-07,2026-03-07,1396,completed,,
PO-0000348,PKG-02,PROD-HS-100,2026-03-07,2026-03-07,2026-03-07,1078,completed,,
PO-0000349,PKG-02,PROD-HS-100,2026-03-07,2026-03-07,2026-03-07,736,completed,,
PO-0000350,PKG-02,PROD-LB-400,2026-03-07,2026-03-07,2026-03-07,1098,completed,,
PO-0000351,PKG-02,PROD-HS-110,2026-03-07,2026-03-07,2026-03-07,806,completed,,
PO-0000352,PKG-02,PROD-HS-100,2026-03-07,2026-03-07,2026-03-07,1349,completed,,
PO-0000353,PKG-02,PROD-HS-100,2026-03-07,2026-03-07,2026-03-07,646,completed,,
PO-0000354,PKG-02,PROD-HS-100,2026-03-07,2026-03-07,2026-03-07,857,completed,,
PO-0000355,PKG-02,PROD-LB-400,2026-03-07,2026-03-07,2026-03-07,988,completed,,
PO-0000356,PKG-02,PROD-HS-110,2026-03-07,2026-03-07,2026-03-07,848,completed,,
PO-0000357,PKG-02,PROD-AS-200,2026-03-07,2026-03-07,2026-03-07,986,completed,,
PO-0000358,PKG-03,PROD-HS-100,2026-03-07,2026-03-07,2026-03-07,560,completed,,
PO-0000359,PKG-03,PROD-HS-100,2026-03-07,2026-03-07,2026-03-07,592,completed,,
PO-0000360,PKG-03,PROD-HS-110,2026-03-07,2026-03-07,2026-03-07,937,completed,,
PO-0000361,PKG-03,PROD-LB-400,2026-03-07,2026-03-07,2026-03-07,1143,completed,,
PO-0000362,PKG-03,PROD-LB-400,2026-03-07,2026-03-07,2026-03-07,583,completed,,
PO-0000363,PKG-03,PROD-LB-400,2026-03-07,2026-03-07,2026-03-07,1032,completed,,
PO-0000364,PKG-03,PROD-HS-110,2026-03-07,2026-03-07,2026-03-07,1162,completed,,
PO-0000365,PKG-03,PROD-HS-110,2026-03-07,2026-03-07,2026-03-07,589,completed,,
PO-0000366,PKG-04,PROD-HS-100,2026-03-07,2026-03-07,2026-03-07,695,completed,,
PO-0000367,PKG-04,PROD-DM-300,2026-03-07,2026-03-07,2026-03-07,886,completed,,
PO-0000368,PKG-04,PROD-VD-500,2026-03-07,2026-03-07,2026-03-07,510,completed,,
PO-0000369,PKG-04,PROD-VD-500,2026-03-07,2026-03-07,2026-03-07,472,completed,,
PO-0000370,PKG-04,PROD-HS-100,2026-03-07,2026-03-07,2026-03-07,503,completed,,
PO-0000371,PKG-04,PROD-VD-500,2026-03-07,2026-03-07,2026-03-07,429,completed,,
PO-0000372,PKG-04,PROD-VD-500,2026-03-07,2026-03-07,2026-03-07,758,completed,,
PO-0000373,PKG-05,PROD-DM-300,2026-03-07,2026-03-07,2026-03-07,451,completed,,
PO-0000374,PKG-05,PROD-HS-110,2026-03-07,2026-03-07,2026-03-07,581,completed,,
PO-0000375,PKG-05,PROD-HS-110,2026-03-07,2026-03-07,2026-03-07,825,completed,,
PO-0000376,PKG-05,PROD-HS-110,2026-03-07,2026-03-07,2026-03-07,706,completed,,
PO-0000377,PKG-05,PROD-HS-100,2026-03-07,2026-03-07,2026-03-07,899,completed,,
PO-0000378,PKG-05,PROD-HS-100,2026-03-07,2026-03-07,2026-03-07,727,completed,,
PO-0000379,PKG-05,PROD-HS-100,2026-03-07,2026-03-07,2026-03-07,954,completed,,
PO-0000380,PKG-05,PROD-HS-110,2026-03-07,2026-03-07,2026-03-07,960,completed,,
PO-0000381,PKG-06,PROD-LB-400,2026-03-07,2026-03-07,2026-03-07,915,completed,,
PO-0000382,PKG-06,PROD-DM-300,2026-03-07,2026-03-07,2026-03-07,963,completed,,
PO-0000383,PKG-06,PROD-AS-200,2026-03-07,2026-03-07,2026-03-07,941,completed,,
PO-0000384,PKG-06,PROD-DM-300,2026-03-07,2026-03-07,2026-03-07,706,completed,,
PO-0000385,PKG-06,PROD-DM-300,2026-03-07,2026-03-07,2026-03-07,577,completed,,
PO-0000386,PKG-06,PROD-VD-500,2026-03-07,2026-03-07,2026-03-07,1039,completed,,
PO-0000387,PKG-06,PROD-DM-300,2026-03-07,2026-03-07,2026-03-07,520,completed,,
PO-0000388,PKG-06,PROD-HS-110,2026-03-07,2026-03-07,2026-03-07,1078,completed,,
PO-0000389,PKG-06,PROD-DM-300,2026-03-07,2026-03-07,2026-03-07,703,completed,,
PO-0000390,PKG-01,PROD-DM-300,2026-03-09,2026-03-09,2026-03-09,1472,completed,,
PO-0000391,PKG-01,PROD-DM-300,2026-03-09,2026-03-09,2026-03-09,1505,completed,,
PO-0000392,PKG-01,PROD-DM-300,2026-03-09,2026-03-09,2026-03-09,1263,completed,,
PO-0000393,PKG-01,PROD-DM-300,2026-03-09,2026-03-09,2026-03-09,1470,completed,,
PO-0000394,PKG-01,PROD-DM-300,2026-03-09,2026-03-09,2026-03-09,1095,completed,,
PO-0000395,PKG-01,PROD-HS-100,2026-03-09,2026-03-09,2026-03-09,1483,completed,,
PO-0000396,PKG-01,PROD-DM-300,2026-03-09,2026-03-09,2026-03-09,1556,completed,,
PO-0000397,PKG-01,PROD-DM-300,2026-03-09,2026-03-09,2026-03-09,1366,completed,,
PO-0000398,PKG-01,PROD-DM-300,2026-03-09,2026-03-09,2026-03-09,1122,completed,,
PO-0000399,PKG-01,PROD-DM-300,2026-03-09,2026-03-09,2026-03-09,1166,completed,,
PO-0000400,PKG-01,PROD-DM-300,2026-03-09,2026-03-09,2026-03-09,1156,completed,,
PO-0000401,PKG-01,PROD-DM-300,2026-03-09,2026-03-09,2026-03-09,1545,completed,,
PO-0000402,PKG-01,PROD-DM-300,2026-03-09,2026-03-09,2026-03-09,1187,completed,,
PO-0000403,PKG-01,PROD-DM-300,2026-03-09,2026-03-09,2026-03-09,1548,completed,,
PO-0000404,PKG-01,PROD-DM-300,2026-03-09,2026-03-09,2026-03-09,1500,completed,,
PO-0000405,PKG-01,PROD-DM-300,2026-03-09,2026-03-09,2026-03-09,704,completed,,
PO-0000406,PKG-01,PROD-DM-300,2026-03-09,2026-03-09,2026-03-09,1499,completed,,
PO-0000407,PKG-02,PROD-AS-200,2026-03-09,2026-03-09,2026-03-09,936,completed,,
PO-0000408,PKG-02,PROD-AS-200,2026-03-09,2026-03-09,2026-03-09,827,completed,,
PO-0000409,PKG-02,PROD-HS-100,2026-03-09,2026-03-09,2026-03-09,1129,completed,,
PO-0000410,PKG-02,PROD-LB-400,2026-03-09,2026-03-09,2026-03-09,826,completed,,
PO-0000411,PKG-02,PROD-HS-100,2026-03-09,2026-03-09,2026-03-09,1027,completed,,
PO-0000412,PKG-02,PROD-HS-100,2026-03-09,2026-03-09,2026-03-09,777,completed,,
PO-0000413,PKG-02,PROD-HS-100,2026-03-09,2026-03-09,2026-03-09,1010,completed,,
PO-0000414,PKG-02,PROD-HS-100,2026-03-09,2026-03-09,2026-03-09,659,completed,,
PO-0000415,PKG-02,PROD-AS-200,2026-03-09,2026-03-09,2026-03-09,1248,completed,,
PO-0000416,PKG-02,PROD-LB-400,2026-03-09,2026-03-09,2026-03-09,1296,completed,,
PO-0000417,PKG-02,PROD-HS-100,2026-03-09,2026-03-09,2026-03-09,805,completed,,
PO-0000418,PKG-02,PROD-HS-100,2026-03-09,2026-03-09,2026-03-09,942,completed,,
PO-0000419,PKG-02,PROD-AS-200,2026-03-09,2026-03-09,2026-03-09,933,completed,,
PO-0000420,PKG-02,PROD-HS-110,2026-03-09,2026-03-09,2026-03-09,808,completed,,
PO-0000421,PKG-02,PROD-AS-200,2026-03-09,2026-03-09,2026-03-09,834,completed,,
PO-0000422,PKG-03,PROD-HS-110,2026-03-09,2026-03-09,2026-03-09,768,completed,,
PO-0000423,PKG-03,PROD-HS-110,2026-03-09,2026-03-09,2026-03-09,1212,completed,,
PO-0000424,PKG-03,PROD-HS-100,2026-03-09,2026-03-09,2026-03-09,1177,completed,,
PO-0000425,PKG-03,PROD-HS-100,2026-03-09,2026-03-09,2026-03-09,711,completed,,
PO-0000426,PKG-03,PROD-HS-100,2026-03-09,2026-03-09,2026-03-09,1241,completed,,
PO-0000427,PKG-03,PROD-AS-200,2026-03-09,2026-03-09,2026-03-09,558,completed,,
PO-0000428,PKG-03,PROD-AS-200,2026-03-09,2026-03-09,2026-03-09,985,completed,,
PO-0000429,PKG-03,PROD-HS-100,2026-03-09,2026-03-09,2026-03-09,1030,completed,,
PO-0000430,PKG-04,PROD-VD-500,2026-03-09,2026-03-09,2026-03-09,554,completed,,
PO-0000431,PKG-04,PROD-VD-500,2026-03-09,2026-03-09,2026-03-09,602,completed,,
PO-0000432,PKG-04,PROD-VD-500,2026-03-09,2026-03-09,2026-03-09,420,completed,,
PO-0000433,PKG-04,PROD-VD-500,2026-03-09,2026-03-09,2026-03-09,484,completed,,
PO-0000434,PKG-04,PROD-VD-500,2026-03-09,2026-03-09,2026-03-09,835,completed,,
PO-0000435,PKG-04,PROD-VD-500,2026-03-09,2026-03-09,2026-03-09,880,completed,,
PO-0000436,PKG-04,PROD-VD-500,2026-03-09,2026-03-09,2026-03-09,649,completed,,
PO-0000437,PKG-05,PROD-AS-200,2026-03-09,2026-03-09,2026-03-09,665,completed,,
PO-0000438,PKG-05,PROD-AS-200,2026-03-09,2026-03-09,2026-03-09,657,completed,,
PO-0000439,PKG-05,PROD-HS-100,2026-03-09,2026-03-09,2026-03-09,769,completed,,
PO-0000440,PKG-05,PROD-AS-200,2026-03-09,2026-03-09,2026-03-09,760,completed,,
PO-0000441,PKG-05,PROD-AS-200,2026-03-09,2026-03-09,2026-03-09,508,completed,,
PO-0000442,PKG-05,PROD-HS-110,2026-03-09,2026-03-09,2026-03-09,441,completed,,
PO-0000443,PKG-05,PROD-HS-110,2026-03-09,2026-03-09,2026-03-09,560,completed,,
PO-0000444,PKG-05,PROD-LB-400,2026-03-09,2026-03-09,2026-03-09,842,completed,,
PO-0000445,PKG-06,PROD-DM-300,2026-03-09,2026-03-09,2026-03-09,837,completed,,
PO-0000446,PKG-06,PROD-DM-300,2026-03-09,2026-03-09,2026-03-09,632,completed,,
PO-0000447,PKG-06,PROD-DM-300,2026-03-09,2026-03-09,2026-03-09,642,completed,,
PO-0000448,PKG-06,PROD-DM-300,2026-03-09,2026-03-09,2026-03-09,1090,completed,,
PO-0000449,PKG-06,PROD-DM-300,2026-03-09,2026-03-09,2026-03-09,604,completed,,
PO-0000450,PKG-06,PROD-DM-300,2026-03-09,2026-03-09,2026-03-09,628,completed,,
PO-0000451,PKG-06,PROD-DM-300,2026-03-09,2026-03-09,2026-03-09,999,completed,,
PO-0000452,PKG-06,PROD-HS-100,2026-03-09,2026-03-09,2026-03-09,694,completed,,
PO-0000453,PKG-06,PROD-HS-100,2026-03-09,2026-03-09,2026-03-09,530,completed,,
PO-0000454,PKG-01,PROD-DM-300,2026-03-10,2026-03-10,2026-03-10,1193,completed,,
PO-0000455,PKG-01,PROD-AS-200,2026-03-10,2026-03-10,2026-03-10,1577,completed,,
PO-0000456,PKG-01,PROD-DM-300,2026-03-10,2026-03-10,2026-03-10,750,completed,,
PO-0000457,PKG-01,PROD-VD-500,2026-03-10,2026-03-10,2026-03-10,1089,completed,,
PO-0000458,PKG-01,PROD-DM-300,2026-03-10,2026-03-10,2026-03-10,1488,completed,,
PO-0000459,PKG-01,PROD-DM-300,2026-03-10,2026-03-10,2026-03-10,1296,completed,,
PO-0000460,PKG-01,PROD-DM-300,2026-03-10,2026-03-10,2026-03-10,933,completed,,
PO-0000461,PKG-01,PROD-VD-500,2026-03-10,2026-03-10,2026-03-10,1453,completed,,
PO-0000462,PKG-01,PROD-DM-300,2026-03-10,2026-03-10,2026-03-10,740,completed,,
PO-0000463,PKG-01,PROD-DM-300,2026-03-10,2026-03-10,2026-03-10,1503,completed,,
PO-0000464,PKG-01,PROD-VD-500,2026-03-10,2026-03-10,2026-03-10,1143,completed,,
PO-0000465,PKG-01,PROD-VD-500,2026-03-10,2026-03-10,2026-03-10,982,completed,,
PO-0000466,PKG-01,PROD-DM-300,2026-03-10,2026-03-10,2026-03-10,1160,completed,,
PO-0000467,PKG-01,PROD-DM-300,2026-03-10,2026-03-10,2026-03-10,1567,completed,,
PO-0000468,PKG-01,PROD-DM-300,2026-03-10,2026-03-10,2026-03-10,935,completed,,
PO-0000469,PKG-01,PROD-VD-500,2026-03-10,2026-03-10,2026-03-10,1217,completed,,
PO-0000470,PKG-01,PROD-DM-300,2026-03-10,2026-03-10,2026-03-10,917,completed,,
PO-0000471,PKG-02,PROD-HS-100,2026-03-10,2026-03-10,2026-03-10,1224,completed,,
PO-0000472,PKG-02,PROD-LB-400,2026-03-10,2026-03-10,2026-03-10,1032,completed,,
PO-0000473,PKG-02,PROD-AS-200,2026-03-10,2026-03-10,2026-03-10,901,completed,,
PO-0000474,PKG-02,PROD-HS-100,2026-03-10,2026-03-10,2026-03-10,977,completed,,
PO-0000475,PKG-02,PROD-HS-100,2026-03-10,2026-03-10,2026-03-10,879,completed,,
PO-0000476,PKG-02,PROD-LB-400,2026-03-10,2026-03-10,2026-03-10,1287,completed,,
PO-0000477,PKG-02,PROD-AS-200,2026-03-10,2026-03-10,2026-03-10,697,completed,,
PO-0000478,PKG-02,PROD-HS-100,2026-03-10,2026-03-10,2026-03-10,961,completed,,
PO-0000479,PKG-02,PROD-HS-110,2026-03-10,2026-03-10,2026-03-10,1282,completed,,
PO-0000480,PKG-02,PROD-HS-100,2026-03-10,2026-03-10,2026-03-10,936,completed,,
PO-0000481,PKG-02,PROD-HS-100,2026-03-10,2026-03-10,2026-03-10,1157,completed,,
PO-0000482,PKG-02,PROD-HS-100,2026-03-10,2026-03-10,2026-03-10,1056,completed,,
PO-0000483,PKG-02,PROD-DM-300,2026-03-10,2026-03-10,2026-03-10,831,completed,,
PO-0000484,PKG-02,PROD-HS-100,2026-03-10,2026-03-10,2026-03-10,1296,completed,,
PO-0000485,PKG-02,PROD-HS-100,2026-03-10,2026-03-10,2026-03-10,1024,completed,,
PO-0000486,PKG-03,PROD-LB-400,2026-03-10,2026-03-10,2026-03-10,545,completed,,
PO-0000487,PKG-03,PROD-LB-400,2026-03-10,2026-03-10,2026-03-10,754,completed,,
PO-0000488,PKG-03,PROD-HS-100,2026-03-10,2026-03-10,2026-03-10,585,completed,,
PO-0000489,PKG-03,PROD-AS-200,2026-03-10,2026-03-10,2026-03-10,1121,completed,,
PO-0000490,PKG-03,PROD-LB-400,2026-03-10,2026-03-10,2026-03-10,902,completed,,
PO-0000491,PKG-03,PROD-LB-400,2026-03-10,2026-03-10,2026-03-10,706,completed,,
PO-0000492,PKG-03,PROD-AS-200,2026-03-10,2026-03-10,2026-03-10,1119,completed,,
PO-0000493,PKG-03,PROD-LB-400,2026-03-10,2026-03-10,2026-03-10,634,completed,,
PO-0000494,PKG-04,PROD-VD-500,2026-03-10,2026-03-10,2026-03-10,540,completed,,
PO-0000495,PKG-04,PROD-HS-110,2026-03-10,2026-03-10,2026-03-10,597,completed,,
PO-0000496,PKG-04,PROD-VD-500,2026-03-10,2026-03-10,2026-03-10,753,completed,,
PO-0000497,PKG-04,PROD-VD-500,2026-03-10,2026-03-10,2026-03-10,865,completed,,
PO-0000498,PKG-04,PROD-HS-110,2026-03-10,2026-03-10,2026-03-10,501,completed,,
PO-0000499,PKG-04,PROD-HS-110,2026-03-10,2026-03-10,2026-03-10,826,completed,,
PO-0000500,PKG-04,PROD-HS-100,2026-03-10,2026-03-10,2026-03-10,638,completed,,
PO-0000501,PKG-05,PROD-HS-110,2026-03-10,2026-03-10,2026-03-10,847,completed,,
PO-0000502,PKG-05,PROD-AS-200,2026-03-10,2026-03-10,2026-03-10,426,completed,,
PO-0000503,PKG-05,PROD-HS-110,2026-03-10,2026-03-10,2026-03-10,612,completed,,
PO-0000504,PKG-05,PROD-AS-200,2026-03-10,2026-03-10,2026-03-10,866,completed,,
PO-0000505,PKG-05,PROD-HS-100,2026-03-10,2026-03-10,2026-03-10,614,completed,,
PO-0000506,PKG-05,PROD-AS-200,2026-03-10,2026-03-10,2026-03-10,920,completed,,
PO-0000507,PKG-05,PROD-DM-300,2026-03-10,2026-03-10,2026-03-10,425,completed,,
PO-0000508,PKG-05,PROD-LB-400,2026-03-10,2026-03-10,2026-03-10,553,completed,,
PO-0000509,PKG-06,PROD-DM-300,2026-03-10,2026-03-10,2026-03-10,1015,completed,,
PO-0000510,PKG-06,PROD-DM-300,2026-03-10,2026-03-10,2026-03-10,855,completed,,
PO-0000511,PKG-06,PROD-DM-300,2026-03-10,2026-03-10,2026-03-10,1081,completed,,
PO-0000512,PKG-06,PROD-DM-300,2026-03-10,2026-03-10,2026-03-10,624,completed,,
PO-0000513,PKG-06,PROD-DM-300,2026-03-10,2026-03-10,2026-03-10,1084,completed,,
PO-0000514,PKG-06,PROD-DM-300,2026-03-10,2026-03-10,2026-03-10,627,completed,,
PO-0000515,PKG-06,PROD-DM-300,2026-03-10,2026-03-10,2026-03-10,652,completed,,
PO-0000516,PKG-06,PROD-DM-300,2026-03-10,2026-03-10,2026-03-10,955,completed,,
PO-0000517,PKG-06,PROD-DM-300,2026-03-10,2026-03-10,2026-03-10,672,completed,,
PO-0000518,PKG-01,PROD-DM-300,2026-03-11,2026-03-11,2026-03-11,842,completed,,
PO-0000519,PKG-01,PROD-DM-300,2026-03-11,2026-03-11,2026-03-11,1465,completed,,
PO-0000520,PKG-01,PROD-VD-500,2026-03-11,2026-03-11,2026-03-11,699,completed,,
PO-0000521,PKG-01,PROD-DM-300,2026-03-11,2026-03-11,2026-03-11,843,completed,,
PO-0000522,PKG-01,PROD-LB-400,2026-03-11,2026-03-11,2026-03-11,939,completed,,
PO-0000523,PKG-01,PROD-DM-300,2026-03-11,2026-03-11,2026-03-11,962,completed,,
PO-0000524,PKG-01,PROD-VD-500,2026-03-11,2026-03-11,2026-03-11,888,completed,,
PO-0000525,PKG-01,PROD-DM-300,2026-03-11,2026-03-11,2026-03-11,730,completed,,
PO-0000526,PKG-01,PROD-DM-300,2026-03-11,2026-03-11,2026-03-11,1362,completed,,
PO-0000527,PKG-01,PROD-DM-300,2026-03-11,2026-03-11,2026-03-11,1472,completed,,
PO-0000528,PKG-01,PROD-DM-300,2026-03-11,2026-03-11,2026-03-11,1373,completed,,
PO-0000529,PKG-01,PROD-DM-300,2026-03-11,2026-03-11,2026-03-11,1284,completed,,
PO-0000530,PKG-01,PROD-DM-300,2026-03-11,2026-03-11,2026-03-11,1506,completed,,
PO-0000531,PKG-01,PROD-DM-300,2026-03-11,2026-03-11,2026-03-11,672,completed,,
PO-0000532,PKG-01,PROD-DM-300,2026-03-11,2026-03-11,2026-03-11,837,completed,,
PO-0000533,PKG-01,PROD-DM-300,2026-03-11,2026-03-11,2026-03-11,1440,completed,,
PO-0000534,PKG-01,PROD-HS-110,2026-03-11,2026-03-11,2026-03-11,1264,completed,,
PO-0000535,PKG-01,PROD-HS-110,2026-03-11,2026-03-11,2026-03-11,1487,completed,,
PO-0000536,PKG-02,PROD-HS-100,2026-03-11,2026-03-11,2026-03-11,732,completed,,
PO-0000537,PKG-02,PROD-HS-100,2026-03-11,2026-03-11,2026-03-11,880,completed,,
PO-0000538,PKG-02,PROD-LB-400,2026-03-11,2026-03-11,2026-03-11,1464,completed,,
PO-0000539,PKG-02,PROD-HS-100,2026-03-11,2026-03-11,2026-03-11,1221,completed,,
PO-0000540,PKG-02,PROD-LB-400,2026-03-11,2026-03-11,2026-03-11,721,completed,,
PO-0000541,PKG-02,PROD-HS-100,2026-03-11,2026-03-11,2026-03-11,1356,completed,,
PO-0000542,PKG-02,PROD-LB-400,2026-03-11,2026-03-11,2026-03-11,1191,completed,,
PO-0000543,PKG-02,PROD-HS-100,2026-03-11,2026-03-11,2026-03-11,1426,completed,,
PO-0000544,PKG-02,PROD-HS-100,2026-03-11,2026-03-11,2026-03-11,1170,completed,,
PO-0000545,PKG-02,PROD-HS-100,2026-03-11,2026-03-11,2026-03-11,1102,completed,,
PO-0000546,PKG-02,PROD-AS-200,2026-03-11,2026-03-11,2026-03-11,960,completed,,
PO-0000547,PKG-02,PROD-HS-110,2026-03-11,2026-03-11,2026-03-11,644,completed,,
PO-0000548,PKG-02,PROD-AS-200,2026-03-11,2026-03-11,2026-03-11,1165,completed,,
PO-0000549,PKG-02,PROD-HS-100,2026-03-11,2026-03-11,2026-03-11,840,completed,,
PO-0000550,PKG-02,PROD-HS-100,2026-03-11,2026-03-11,2026-03-11,1010,completed,,
PO-0000551,PKG-03,PROD-AS-200,2026-03-11,2026-03-11,2026-03-11,1059,completed,,
PO-0000552,PKG-03,PROD-LB-400,2026-03-11,2026-03-11,2026-03-11,821,completed,,
PO-0000553,PKG-03,PROD-HS-110,2026-03-11,2026-03-11,2026-03-11,1000,completed,,
PO-0000554,PKG-03,PROD-HS-100,2026-03-11,2026-03-11,2026-03-11,783,completed,,
PO-0000555,PKG-03,PROD-HS-110,2026-03-11,2026-03-11,2026-03-11,1040,completed,,
PO-0000556,PKG-03,PROD-HS-110,2026-03-11,2026-03-11,2026-03-11,821,completed,,
PO-0000557,PKG-03,PROD-HS-100,2026-03-11,2026-03-11,2026-03-11,1003,completed,,
PO-0000558,PKG-03,PROD-HS-100,2026-03-11,2026-03-11,2026-03-11,711,completed,,
PO-0000559,PKG-04,PROD-HS-110,2026-03-11,2026-03-11,2026-03-11,479,completed,,
PO-0000560,PKG-04,PROD-VD-500,2026-03-11,2026-03-11,2026-03-11,650,completed,,
PO-0000561,PKG-04,PROD-DM-300,2026-03-11,2026-03-11,2026-03-11,700,completed,,
PO-0000562,PKG-04,PROD-VD-500,2026-03-11,2026-03-11,2026-03-11,528,completed,,
PO-0000563,PKG-04,PROD-VD-500,2026-03-11,2026-03-11,2026-03-11,485,completed,,
PO-0000564,PKG-04,PROD-VD-500,2026-03-11,2026-03-11,2026-03-11,761,completed,,
PO-0000565,PKG-04,PROD-VD-500,2026-03-11,2026-03-11,2026-03-11,420,completed,,
PO-0000566,PKG-05,PROD-VD-500,2026-03-11,2026-03-11,2026-03-11,449,completed,,
PO-0000567,PKG-05,PROD-VD-500,2026-03-11,2026-03-11,2026-03-11,640,completed,,
PO-0000568,PKG-05,PROD-AS-200,2026-03-11,2026-03-11,2026-03-11,821,completed,,
PO-0000569,PKG-05,PROD-LB-400,2026-03-11,2026-03-11,2026-03-11,803,completed,,
PO-0000570,PKG-05,PROD-HS-110,2026-03-11,2026-03-11,2026-03-11,931,completed,,
PO-0000571,PKG-05,PROD-HS-100,2026-03-11,2026-03-11,2026-03-11,956,completed,,
PO-0000572,PKG-05,PROD-VD-500,2026-03-11,2026-03-11,2026-03-11,789,completed,,
PO-0000573,PKG-05,PROD-AS-200,2026-03-11,2026-03-11,2026-03-11,567,completed,,
PO-0000574,PKG-06,PROD-DM-300,2026-03-11,2026-03-11,2026-03-11,786,completed,,
PO-0000575,PKG-06,PROD-DM-300,2026-03-11,2026-03-11,2026-03-11,696,completed,,
PO-0000576,PKG-06,PROD-DM-300,2026-03-11,2026-03-11,2026-03-11,612,completed,,
PO-0000577,PKG-06,PROD-DM-300,2026-03-11,2026-03-11,2026-03-11,643,completed,,
PO-0000578,PKG-06,PROD-VD-500,2026-03-11,2026-03-11,2026-03-11,746,completed,,
PO-0000579,PKG-06,PROD-DM-300,2026-03-11,2026-03-11,2026-03-11,954,completed,,
PO-0000580,PKG-06,PROD-DM-300,2026-03-11,2026-03-11,2026-03-11,1101,completed,,
PO-0000581,PKG-06,PROD-HS-100,2026-03-11,2026-03-11,2026-03-11,1009,completed,,
PO-0000582,PKG-06,PROD-HS-110,2026-03-11,2026-03-11,2026-03-11,1047,completed,,
PO-0000583,PKG-01,PROD-DM-300,2026-03-12,2026-03-12,2026-03-12,1355,completed,,
PO-0000584,PKG-01,PROD-DM-300,2026-03-12,2026-03-12,2026-03-12,882,completed,,
PO-0000585,PKG-01,PROD-DM-300,2026-03-12,2026-03-12,2026-03-12,726,completed,,
PO-0000586,PKG-01,PROD-DM-300,2026-03-12,2026-03-12,2026-03-12,1471,completed,,
PO-0000587,PKG-01,PROD-DM-300,2026-03-12,2026-03-12,2026-03-12,860,completed,,
PO-0000588,PKG-01,PROD-DM-300,2026-03-12,2026-03-12,2026-03-12,1507,completed,,
PO-0000589,PKG-01,PROD-HS-100,2026-03-12,2026-03-12,2026-03-12,748,completed,,
PO-0000590,PKG-01,PROD-DM-300,2026-03-12,2026-03-12,2026-03-12,1310,completed,,
PO-0000591,PKG-01,PROD-DM-300,2026-03-12,2026-03-12,2026-03-12,665,completed,,
PO-0000592,PKG-01,PROD-DM-300,2026-03-12,2026-03-12,2026-03-12,1158,completed,,
PO-0000593,PKG-01,PROD-HS-110,2026-03-12,2026-03-12,2026-03-12,982,completed,,
PO-0000594,PKG-01,PROD-VD-500,2026-03-12,2026-03-12,2026-03-12,1356,completed,,
PO-0000595,PKG-01,PROD-AS-200,2026-03-12,2026-03-12,2026-03-12,1107,completed,,
PO-0000596,PKG-01,PROD-DM-300,2026-03-12,2026-03-12,2026-03-12,813,completed,,
PO-0000597,PKG-01,PROD-DM-300,2026-03-12,2026-03-12,2026-03-12,849,completed,,
PO-0000598,PKG-01,PROD-DM-300,2026-03-12,2026-03-12,2026-03-12,1423,completed,,
PO-0000599,PKG-01,PROD-DM-300,2026-03-12,2026-03-12,2026-03-12,877,completed,,
PO-0000600,PKG-01,PROD-DM-300,2026-03-12,2026-03-12,2026-03-12,1191,completed,,
PO-0000601,PKG-02,PROD-HS-100,2026-03-12,2026-03-12,2026-03-12,606,completed,,
PO-0000602,PKG-02,PROD-AS-200,2026-03-12,2026-03-12,2026-03-12,677,completed,,
PO-0000603,PKG-02,PROD-HS-100,2026-03-12,2026-03-12,2026-03-12,1008,completed,,
PO-0000604,PKG-02,PROD-AS-200,2026-03-12,2026-03-12,2026-03-12,829,completed,,
PO-0000605,PKG-02,PROD-HS-100,2026-03-12,2026-03-12,2026-03-12,894,completed,,
PO-0000606,PKG-02,PROD-LB-400,2026-03-12,2026-03-12,2026-03-12,806,completed,,
PO-0000607,PKG-02,PROD-VD-500,2026-03-12,2026-03-12,2026-03-12,924,completed,,
PO-0000608,PKG-02,PROD-HS-100,2026-03-12,2026-03-12,2026-03-12,774,completed,,
PO-0000609,PKG-02,PROD-HS-110,2026-03-12,2026-03-12,2026-03-12,759,completed,,
PO-0000610,PKG-02,PROD-LB-400,2026-03-12,2026-03-12,2026-03-12,841,completed,,
PO-0000611,PKG-02,PROD-HS-100,2026-03-12,2026-03-12,2026-03-12,1268,completed,,
PO-0000612,PKG-02,PROD-HS-100,2026-03-12,2026-03-12,2026-03-12,1226,completed,,
PO-0000613,PKG-02,PROD-HS-100,2026-03-12,2026-03-12,2026-03-12,791,completed,,
PO-0000614,PKG-02,PROD-AS-200,2026-03-12,2026-03-12,2026-03-12,1220,completed,,
PO-0000615,PKG-02,PROD-HS-100,2026-03-12,2026-03-12,2026-03-12,1012,completed,,
PO-0000616,PKG-02,PROD-HS-100,2026-03-12,2026-03-12,2026-03-12,629,completed,,
PO-0000617,PKG-03,PROD-HS-110,2026-03-12,2026-03-12,2026-03-12,1095,completed,,
PO-0000618,PKG-03,PROD-LB-400,2026-03-12,2026-03-12,2026-03-12,1130,completed,,
PO-0000619,PKG-03,PROD-AS-200,2026-03-12,2026-03-12,2026-03-12,876,completed,,
PO-0000620,PKG-03,PROD-AS-200,2026-03-12,2026-03-12,2026-03-12,705,completed,,
PO-0000621,PKG-03,PROD-HS-100,2026-03-12,2026-03-12,2026-03-12,592,completed,,
PO-0000622,PKG-03,PROD-HS-110,2026-03-12,2026-03-12,2026-03-12,943,completed,,
PO-0000623,PKG-03,PROD-LB-400,2026-03-12,2026-03-12,2026-03-12,545,completed,,
PO-0000624,PKG-03,PROD-LB-400,2026-03-12,2026-03-12,2026-03-12,912,completed,,
PO-0000625,PKG-04,PROD-VD-500,2026-03-12,2026-03-12,2026-03-12,427,completed,,
PO-0000626,PKG-04,PROD-VD-500,2026-03-12,2026-03-12,2026-03-12,558,completed,,
PO-0000627,PKG-04,PROD-HS-110,2026-03-12,2026-03-12,2026-03-12,630,completed,,
PO-0000628,PKG-04,PROD-DM-300,2026-03-12,2026-03-12,2026-03-12,572,completed,,
PO-0000629,PKG-04,PROD-DM-300,2026-03-12,2026-03-12,2026-03-12,856,completed,,
PO-0000630,PKG-04,PROD-VD-500,2026-03-12,2026-03-12,2026-03-12,447,completed,,
PO-0000631,PKG-04,PROD-VD-500,2026-03-12,2026-03-12,2026-03-12,490,completed,,
PO-0000632,PKG-05,PROD-HS-110,2026-03-12,2026-03-12,2026-03-12,520,completed,,
PO-0000633,PKG-05,PROD-VD-500,2026-03-12,2026-03-12,2026-03-12,739,completed,,
PO-0000634,PKG-05,PROD-VD-500,2026-03-12,2026-03-12,2026-03-12,888,completed,,
PO-0000635,PKG-05,PROD-AS-200,2026-03-12,2026-03-12,2026-03-12,889,completed,,
PO-0000636,PKG-05,PROD-AS-200,2026-03-12,2026-03-12,2026-03-12,445,completed,,
PO-0000637,PKG-05,PROD-LB-400,2026-03-12,2026-03-12,2026-03-12,926,completed,,
PO-0000638,PKG-05,PROD-LB-400,2026-03-12,2026-03-12,2026-03-12,455,completed,,
PO-0000639,PKG-05,PROD-HS-100,2026-03-12,2026-03-12,2026-03-12,546,completed,,
PO-0000640,PKG-06,PROD-DM-300,2026-03-12,2026-03-12,2026-03-12,932,completed,,
PO-0000641,PKG-06,PROD-DM-300,2026-03-12,2026-03-12,2026-03-12,624,completed,,
PO-0000642,PKG-06,PROD-AS-200,2026-03-12,2026-03-12,2026-03-12,1086,completed,,
PO-0000643,PKG-06,PROD-AS-200,2026-03-12,2026-03-12,2026-03-12,621,completed,,
PO-0000644,PKG-06,PROD-LB-400,2026-03-12,2026-03-12,2026-03-12,1064,completed,,
PO-0000645,PKG-06,PROD-AS-200,2026-03-12,2026-03-12,2026-03-12,1128,completed,,
PO-0000646,PKG-06,PROD-DM-300,2026-03-12,2026-03-12,2026-03-12,802,completed,,
PO-0000647,PKG-06,PROD-AS-200,2026-03-12,2026-03-12,2026-03-12,853,completed,,
PO-0000648,PKG-06,PROD-VD-500,2026-03-12,2026-03-12,2026-03-12,884,completed,,
PO-0000649,PKG-01,PROD-DM-300,2026-03-13,2026-03-13,2026-03-13,1035,completed,,
PO-0000650,PKG-01,PROD-LB-400,2026-03-13,2026-03-13,2026-03-13,854,completed,,
PO-0000651,PKG-01,PROD-DM-300,2026-03-13,2026-03-13,2026-03-13,962,completed,,
PO-0000652,PKG-01,PROD-DM-300,2026-03-13,2026-03-13,2026-03-13,1321,completed,,
PO-0000653,PKG-01,PROD-DM-300,2026-03-13,2026-03-13,2026-03-13,1440,completed,,
PO-0000654,PKG-01,PROD-VD-500,2026-03-13,2026-03-13,2026-03-13,1515,completed,,
PO-0000655,PKG-01,PROD-LB-400,2026-03-13,2026-03-13,2026-03-13,1533,completed,,
PO-0000656,PKG-01,PROD-DM-300,2026-03-13,2026-03-13,2026-03-13,1022,completed,,
PO-0000657,PKG-01,PROD-DM-300,2026-03-13,2026-03-13,2026-03-13,800,completed,,
PO-0000658,PKG-01,PROD-DM-300,2026-03-13,2026-03-13,2026-03-13,1530,completed,,
PO-0000659,PKG-01,PROD-DM-300,2026-03-13,2026-03-13,2026-03-13,953,completed,,
PO-0000660,PKG-01,PROD-LB-400,2026-03-13,2026-03-13,2026-03-13,861,completed,,
PO-0000661,PKG-01,PROD-VD-500,2026-03-13,2026-03-13,2026-03-13,1442,completed,,
PO-0000662,PKG-01,PROD-LB-400,2026-03-13,2026-03-13,2026-03-13,1121,completed,,
PO-0000663,PKG-01,PROD-DM-300,2026-03-13,2026-03-13,2026-03-13,1378,completed,,
PO-0000664,PKG-01,PROD-DM-300,2026-03-13,2026-03-13,2026-03-13,1538,completed,,
PO-0000665,PKG-01,PROD-DM-300,2026-03-13,2026-03-13,2026-03-13,1352,completed,,
PO-0000666,PKG-02,PROD-HS-100,2026-03-13,2026-03-13,2026-03-13,745,completed,,
PO-0000667,PKG-02,PROD-HS-100,2026-03-13,2026-03-13,2026-03-13,1158,completed,,
PO-0000668,PKG-02,PROD-HS-110,2026-03-13,2026-03-13,2026-03-13,1228,completed,,
PO-0000669,PKG-02,PROD-HS-110,2026-03-13,2026-03-13,2026-03-13,1196,completed,,
PO-0000670,PKG-02,PROD-LB-400,2026-03-13,2026-03-13,2026-03-13,1169,completed,,
PO-0000671,PKG-02,PROD-LB-400,2026-03-13,2026-03-13,2026-03-13,797,completed,,
PO-0000672,PKG-02,PROD-HS-100,2026-03-13,2026-03-13,2026-03-13,1334,completed,,
PO-0000673,PKG-02,PROD-AS-200,2026-03-13,2026-03-13,2026-03-13,1279,completed,,
PO-0000674,PKG-02,PROD-VD-500,2026-03-13,2026-03-13,2026-03-13,1230,completed,,
PO-0000675,PKG-02,PROD-HS-100,2026-03-13,2026-03-13,2026-03-13,1090,completed,,
PO-0000676,PKG-02,PROD-HS-100,2026-03-13,2026-03-13,2026-03-13,764,completed,,
PO-0000677,PKG-02,PROD-AS-200,2026-03-13,2026-03-13,2026-03-13,782,completed,,
PO-0000678,PKG-02,PROD-HS-100,2026-03-13,2026-03-13,2026-03-13,1215,completed,,
PO-0000679,PKG-02,PROD-HS-100,2026-03-13,2026-03-13,2026-03-13,1062,completed,,
PO-0000680,PKG-02,PROD-HS-100,2026-03-13,2026-03-13,2026-03-13,1125,completed,,
PO-0000681,PKG-03,PROD-LB-400,2026-03-13,2026-03-13,2026-03-13,562,completed,,
PO-0000682,PKG-03,PROD-LB-400,2026-03-13,2026-03-13,2026-03-13,1019,completed,,
PO-0000683,PKG-03,PROD-AS-200,2026-03-13,2026-03-13,2026-03-13,932,completed,,
PO-0000684,PKG-03,PROD-HS-110,2026-03-13,2026-03-13,2026-03-13,892,completed,,
PO-0000685,PKG-03,PROD-LB-400,2026-03-13,2026-03-13,2026-03-13,952,completed,,
PO-0000686,PKG-03,PROD-HS-100,2026-03-13,2026-03-13,2026-03-13,1093,completed,,
PO-0000687,PKG-03,PROD-LB-400,2026-03-13,2026-03-13,2026-03-13,844,completed,,
PO-0000688,PKG-03,PROD-LB-400,2026-03-13,2026-03-13,2026-03-13,605,completed,,
PO-0000689,PKG-03,PROD-HS-100,2026-03-13,2026-03-13,2026-03-13,903,completed,,
PO-0000690,PKG-04,PROD-VD-500,2026-03-13,2026-03-13,2026-03-13,614,completed,,
PO-0000691,PKG-04,PROD-VD-500,2026-03-13,2026-03-13,2026-03-13,738,completed,,
PO-0000692,PKG-04,PROD-VD-500,2026-03-13,2026-03-13,2026-03-13,719,completed,,
PO-0000693,PKG-04,PROD-VD-500,2026-03-13,2026-03-13,2026-03-13,472,completed,,
PO-0000694,PKG-04,PROD-VD-500,2026-03-13,2026-03-13,2026-03-13,497,completed,,
PO-0000695,PKG-04,PROD-VD-500,2026-03-13,2026-03-13,2026-03-13,889,completed,,
PO-0000696,PKG-04,PROD-VD-500,2026-03-13,2026-03-13,2026-03-13,443,completed,,
PO-0000697,PKG-05,PROD-HS-100,2026-03-13,2026-03-13,2026-03-13,648,completed,,
PO-0000698,PKG-05,PROD-HS-110,2026-03-13,2026-03-13,2026-03-13,735,completed,,
PO-0000699,PKG-05,PROD-AS-200,2026-03-13,2026-03-13,2026-03-13,805,completed,,
PO-0000700,PKG-05,PROD-AS-200,2026-03-13,2026-03-13,2026-03-13,420,completed,,
PO-0000701,PKG-05,PROD-AS-200,2026-03-13,2026-03-13,2026-03-13,857,completed,,
PO-0000702,PKG-05,PROD-DM-300,2026-03-13,2026-03-13,2026-03-13,553,completed,,
PO-0000703,PKG-05,PROD-HS-110,2026-03-13,2026-03-13,2026-03-13,584,completed,,
PO-0000704,PKG-05,PROD-HS-110,2026-03-13,2026-03-13,2026-03-13,835,completed,,
PO-0000705,PKG-06,PROD-DM-300,2026-03-13,2026-03-13,2026-03-13,919,completed,,
PO-0000706,PKG-06,PROD-DM-300,2026-03-13,2026-03-13,2026-03-13,1048,completed,,
PO-0000707,PKG-06,PROD-DM-300,2026-03-13,2026-03-13,2026-03-13,1079,completed,,
PO-0000708,PKG-06,PROD-DM-300,2026-03-13,2026-03-13,2026-03-13,632,completed,,
PO-0000709,PKG-06,PROD-DM-300,2026-03-13,2026-03-13,2026-03-13,842,completed,,
PO-0000710,PKG-06,PROD-DM-300,2026-03-13,2026-03-13,2026-03-13,817,completed,,
PO-0000711,PKG-06,PROD-DM-300,2026-03-13,2026-03-13,2026-03-13,990,completed,,
PO-0000712,PKG-06,PROD-DM-300,2026-03-13,2026-03-13,2026-03-13,750,completed,,
PO-0000713,PKG-06,PROD-DM-300,2026-03-13,2026-03-13,2026-03-13,594,completed,,
PO-0000714,PKG-01,PROD-VD-500,2026-03-14,2026-03-14,2026-03-14,1360,completed,,
PO-0000715,PKG-01,PROD-DM-300,2026-03-14,2026-03-14,2026-03-14,1278,completed,,
PO-0000716,PKG-01,PROD-DM-300,2026-03-14,2026-03-14,2026-03-14,709,completed,,
PO-0000717,PKG-01,PROD-DM-300,2026-03-14,2026-03-14,2026-03-14,855,completed,,
PO-0000718,PKG-01,PROD-DM-300,2026-03-14,2026-03-14,2026-03-14,1082,completed,,
PO-0000719,PKG-01,PROD-DM-300,2026-03-14,2026-03-14,2026-03-14,1088,completed,,
PO-0000720,PKG-01,PROD-DM-300,2026-03-14,2026-03-14,2026-03-14,1345,completed,,
PO-0000721,PKG-01,PROD-DM-300,2026-03-14,2026-03-14,2026-03-14,940,completed,,
PO-0000722,PKG-01,PROD-HS-110,2026-03-14,2026-03-14,2026-03-14,1270,completed,,
PO-0000723,PKG-01,PROD-DM-300,2026-03-14,2026-03-14,2026-03-14,937,completed,,
PO-0000724,PKG-01,PROD-DM-300,2026-03-14,2026-03-14,2026-03-14,1192,completed,,
PO-0000725,PKG-01,PROD-LB-400,2026-03-14,2026-03-14,2026-03-14,795,completed,,
PO-0000726,PKG-01,PROD-DM-300,2026-03-14,2026-03-14,2026-03-14,692,completed,,
PO-0000727,PKG-01,PROD-DM-300,2026-03-14,2026-03-14,2026-03-14,1361,completed,,
PO-0000728,PKG-01,PROD-HS-110,2026-03-14,2026-03-14,2026-03-14,1349,completed,,
PO-0000729,PKG-01,PROD-DM-300,2026-03-14,2026-03-14,2026-03-14,810,completed,,
PO-0000730,PKG-01,PROD-DM-300,2026-03-14,2026-03-14,2026-03-14,1141,completed,,
PO-0000731,PKG-02,PROD-HS-100,2026-03-14,2026-03-14,2026-03-14,807,completed,,
PO-0000732,PKG-02,PROD-AS-200,2026-03-14,2026-03-14,2026-03-14,788,completed,,
PO-0000733,PKG-02,PROD-LB-400,2026-03-14,2026-03-14,2026-03-14,851,completed,,
PO-0000734,PKG-02,PROD-HS-110,2026-03-14,2026-03-14,2026-03-14,684,completed,,
PO-0000735,PKG-02,PROD-HS-100,2026-03-14,2026-03-14,2026-03-14,1259,completed,,
PO-0000736,PKG-02,PROD-HS-100,2026-03-14,2026-03-14,2026-03-14,666,completed,,
PO-0000737,PKG-02,PROD-HS-100,2026-03-14,2026-03-14,2026-03-14,1021,completed,,
PO-0000738,PKG-02,PROD-HS-100,2026-03-14,2026-03-14,2026-03-14,1042,completed,,
PO-0000739,PKG-02,PROD-LB-400,2026-03-14,2026-03-14,2026-03-14,695,completed,,
PO-0000740,PKG-02,PROD-HS-100,2026-03-14,2026-03-14,2026-03-14,756,completed,,
PO-0000741,PKG-02,PROD-HS-110,2026-03-14,2026-03-14,2026-03-14,1351,completed,,
PO-0000742,PKG-02,PROD-HS-100,2026-03-14,2026-03-14,2026-03-14,753,completed,,
PO-0000743,PKG-02,PROD-HS-110,2026-03-14,2026-03-14,2026-03-14,988,completed,,
PO-0000744,PKG-02,PROD-HS-110,2026-03-14,2026-03-14,2026-03-14,807,completed,,
PO-0000745,PKG-02,PROD-HS-100,2026-03-14,2026-03-14,2026-03-14,1343,completed,,
PO-0000746,PKG-03,PROD-HS-110,2026-03-14,2026-03-14,2026-03-14,978,completed,,
PO-0000747,PKG-03,PROD-LB-400,2026-03-14,2026-03-14,2026-03-14,600,completed,,
PO-0000748,PKG-03,PROD-LB-400,2026-03-14,2026-03-14,2026-03-14,502,completed,,
PO-0000749,PKG-03,PROD-HS-110,2026-03-14,2026-03-14,2026-03-14,1087,completed,,
PO-0000750,PKG-03,PROD-HS-110,2026-03-14,2026-03-14,2026-03-14,833,completed,,
PO-0000751,PKG-03,PROD-HS-100,2026-03-14,2026-03-14,2026-03-14,622,completed,,
PO-0000752,PKG-03,PROD-HS-100,2026-03-14,2026-03-14,2026-03-14,904,completed,,
PO-0000753,PKG-03,PROD-HS-100,2026-03-14,2026-03-14,2026-03-14,1069,completed,,
PO-0000754,PKG-03,PROD-HS-110,2026-03-14,2026-03-14,2026-03-14,528,completed,,
PO-0000755,PKG-04,PROD-AS-200,2026-03-14,2026-03-14,2026-03-14,802,completed,,
PO-0000756,PKG-04,PROD-VD-500,2026-03-14,2026-03-14,2026-03-14,474,completed,,
PO-0000757,PKG-04,PROD-VD-500,2026-03-14,2026-03-14,2026-03-14,679,completed,,
PO-0000758,PKG-04,PROD-VD-500,2026-03-14,2026-03-14,2026-03-14,461,completed,,
PO-0000759,PKG-04,PROD-VD-500,2026-03-14,2026-03-14,2026-03-14,409,completed,,
PO-0000760,PKG-04,PROD-VD-500,2026-03-14,2026-03-14,2026-03-14,608,completed,,
PO-0000761,PKG-04,PROD-VD-500,2026-03-14,2026-03-14,2026-03-14,649,completed,,
PO-0000762,PKG-05,PROD-HS-110,2026-03-14,2026-03-14,2026-03-14,772,completed,,
PO-0000763,PKG-05,PROD-DM-300,2026-03-14,2026-03-14,2026-03-14,920,completed,,
PO-0000764,PKG-05,PROD-HS-110,2026-03-14,2026-03-14,2026-03-14,854,completed,,
PO-0000765,PKG-05,PROD-DM-300,2026-03-14,2026-03-14,2026-03-14,775,completed,,
PO-0000766,PKG-05,PROD-VD-500,2026-03-14,2026-03-14,2026-03-14,469,completed,,
PO-0000767,PKG-05,PROD-AS-200,2026-03-14,2026-03-14,2026-03-14,548,completed,,
PO-0000768,PKG-05,PROD-HS-110,2026-03-14,2026-03-14,2026-03-14,708,completed,,
PO-0000769,PKG-05,PROD-HS-100,2026-03-14,2026-03-14,2026-03-14,896,completed,,
PO-0000770,PKG-06,PROD-DM-300,2026-03-14,2026-03-14,2026-03-14,685,completed,,
PO-0000771,PKG-06,PROD-DM-300,2026-03-14,2026-03-14,2026-03-14,532,completed,,
PO-0000772,PKG-06,PROD-DM-300,2026-03-14,2026-03-14,2026-03-14,1040,completed,,
PO-0000773,PKG-06,PROD-DM-300,2026-03-14,2026-03-14,2026-03-14,899,completed,,
PO-0000774,PKG-06,PROD-DM-300,2026-03-14,2026-03-14,2026-03-14,1014,completed,,
PO-0000775,PKG-06,PROD-DM-300,2026-03-14,2026-03-14,2026-03-14,921,completed,,
PO-0000776,PKG-06,PROD-DM-300,2026-03-14,2026-03-14,2026-03-14,744,completed,,
PO-0000777,PKG-06,PROD-DM-300,2026-03-14,2026-03-14,2026-03-14,913,completed,,
PO-0000778,PKG-06,PROD-DM-300,2026-03-14,2026-03-14,2026-03-14,882,completed,,
PO-0000779,PKG-01,PROD-DM-300,2026-03-16,2026-03-16,2026-03-16,704,completed,,
PO-0000780,PKG-01,PROD-DM-300,2026-03-16,2026-03-16,2026-03-16,1055,completed,,
PO-0000781,PKG-01,PROD-DM-300,2026-03-16,2026-03-16,2026-03-16,1404,completed,,
PO-0000782,PKG-01,PROD-DM-300,2026-03-16,2026-03-16,2026-03-16,1336,completed,,
PO-0000783,PKG-01,PROD-DM-300,2026-03-16,2026-03-16,2026-03-16,1414,completed,,
PO-0000784,PKG-01,PROD-DM-300,2026-03-16,2026-03-16,2026-03-16,1059,completed,,
PO-0000785,PKG-01,PROD-VD-500,2026-03-16,2026-03-16,2026-03-16,1487,completed,,
PO-0000786,PKG-01,PROD-VD-500,2026-03-16,2026-03-16,2026-03-16,715,completed,,
PO-0000787,PKG-01,PROD-DM-300,2026-03-16,2026-03-16,2026-03-16,852,completed,,
PO-0000788,PKG-01,PROD-DM-300,2026-03-16,2026-03-16,2026-03-16,1457,completed,,
PO-0000789,PKG-01,PROD-LB-400,2026-03-16,2026-03-16,2026-03-16,1078,completed,,
PO-0000790,PKG-01,PROD-HS-110,2026-03-16,2026-03-16,2026-03-16,967,completed,,
PO-0000791,PKG-01,PROD-DM-300,2026-03-16,2026-03-16,2026-03-16,1005,completed,,
PO-0000792,PKG-01,PROD-DM-300,2026-03-16,2026-03-16,2026-03-16,1451,completed,,
PO-0000793,PKG-01,PROD-DM-300,2026-03-16,2026-03-16,2026-03-16,1088,completed,,
PO-0000794,PKG-01,PROD-DM-300,2026-03-16,2026-03-16,2026-03-16,870,completed,,
PO-0000795,PKG-01,PROD-DM-300,2026-03-16,2026-03-16,2026-03-16,1347,completed,,
PO-0000796,PKG-02,PROD-HS-100,2026-03-16,2026-03-16,2026-03-16,1056,completed,,
PO-0000797,PKG-02,PROD-LB-400,2026-03-16,2026-03-16,2026-03-16,789,completed,,
PO-0000798,PKG-02,PROD-LB-400,2026-03-16,2026-03-16,2026-03-16,647,completed,,
PO-0000799,PKG-02,PROD-LB-400,2026-03-16,2026-03-16,2026-03-16,810,completed,,
PO-0000800,PKG-02,PROD-HS-100,2026-03-16,2026-03-16,2026-03-16,1108,completed,,
PO-0000801,PKG-02,PROD-HS-100,2026-03-16,2026-03-16,2026-03-16,1394,completed,,
PO-0000802,PKG-02,PROD-HS-100,2026-03-16,2026-03-16,2026-03-16,703,completed,,
PO-0000803,PKG-02,PROD-LB-400,2026-03-16,2026-03-16,2026-03-16,821,completed,,
PO-0000804,PKG-02,PROD-HS-100,2026-03-16,2026-03-16,2026-03-16,908,completed,,
PO-0000805,PKG-02,PROD-AS-200,2026-03-16,2026-03-16,2026-03-16,1231,completed,,
PO-0000806,PKG-02,PROD-LB-400,2026-03-16,2026-03-16,2026-03-16,1098,completed,,
PO-0000807,PKG-02,PROD-HS-110,2026-03-16,2026-03-16,2026-03-16,1124,completed,,
PO-0000808,PKG-02,PROD-LB-400,2026-03-16,2026-03-16,2026-03-16,1079,completed,,
PO-0000809,PKG-02,PROD-HS-100,2026-03-16,2026-03-16,2026-03-16,1144,completed,,
PO-0000810,PKG-02,PROD-HS-100,2026-03-16,2026-03-16,2026-03-16,1163,completed,,
PO-0000811,PKG-03,PROD-HS-110,2026-03-16,2026-03-16,2026-03-16,544,completed,,
PO-0000812,PKG-03,PROD-HS-100,2026-03-16,2026-03-16,2026-03-16,1071,completed,,
PO-0000813,PKG-03,PROD-HS-100,2026-03-16,2026-03-16,2026-03-16,996,completed,,
PO-0000814,PKG-03,PROD-AS-200,2026-03-16,2026-03-16,2026-03-16,629,completed,,
PO-0000815,PKG-03,PROD-LB-400,2026-03-16,2026-03-16,2026-03-16,1056,completed,,
PO-0000816,PKG-03,PROD-HS-100,2026-03-16,2026-03-16,2026-03-16,681,completed,,
PO-0000817,PKG-03,PROD-HS-100,2026-03-16,2026-03-16,2026-03-16,847,completed,,
PO-0000818,PKG-03,PROD-HS-100,2026-03-16,2026-03-16,2026-03-16,827,completed,,
PO-0000819,PKG-04,PROD-VD-500,2026-03-16,2026-03-16,2026-03-16,731,completed,,
PO-0000820,PKG-04,PROD-VD-500,2026-03-16,2026-03-16,2026-03-16,540,completed,,
PO-0000821,PKG-04,PROD-VD-500,2026-03-16,2026-03-16,2026-03-16,462,completed,,
PO-0000822,PKG-04,PROD-VD-500,2026-03-16,2026-03-16,2026-03-16,734,completed,,
PO-0000823,PKG-04,PROD-VD-500,2026-03-16,2026-03-16,2026-03-16,788,completed,,
PO-0000824,PKG-04,PROD-VD-500,2026-03-16,2026-03-16,2026-03-16,858,completed,,
PO-0000825,PKG-04,PROD-LB-400,2026-03-16,2026-03-16,2026-03-16,620,completed,,
PO-0000826,PKG-05,PROD-AS-200,2026-03-16,2026-03-16,2026-03-16,756,completed,,
PO-0000827,PKG-05,PROD-HS-110,2026-03-16,2026-03-16,2026-03-16,614,completed,,
PO-0000828,PKG-05,PROD-LB-400,2026-03-16,2026-03-16,2026-03-16,610,completed,,
PO-0000829,PKG-05,PROD-HS-100,2026-03-16,2026-03-16,2026-03-16,635,completed,,
PO-0000830,PKG-05,PROD-AS-200,2026-03-16,2026-03-16,2026-03-16,936,completed,,
PO-0000831,PKG-05,PROD-VD-500,2026-03-16,2026-03-16,2026-03-16,496,completed,,
PO-0000832,PKG-05,PROD-LB-400,2026-03-16,2026-03-16,2026-03-16,684,completed,,
PO-0000833,PKG-05,PROD-LB-400,2026-03-16,2026-03-16,2026-03-16,570,completed,,
PO-0000834,PKG-06,PROD-DM-300,2026-03-16,2026-03-16,2026-03-16,555,completed,,
PO-0000835,PKG-06,PROD-DM-300,2026-03-16,2026-03-16,2026-03-16,802,completed,,
PO-0000836,PKG-06,PROD-DM-300,2026-03-16,2026-03-16,2026-03-16,924,completed,,
PO-0000837,PKG-06,PROD-DM-300,2026-03-16,2026-03-16,2026-03-16,971,completed,,
PO-0000838,PKG-06,PROD-DM-300,2026-03-16,2026-03-16,2026-03-16,809,completed,,
PO-0000839,PKG-06,PROD-DM-300,2026-03-16,2026-03-16,2026-03-16,587,completed,,
PO-0000840,PKG-06,PROD-DM-300,2026-03-16,2026-03-16,2026-03-16,558,completed,,
PO-0000841,PKG-06,PROD-DM-300,2026-03-16,2026-03-16,2026-03-16,1015,completed,,
PO-0000842,PKG-06,PROD-HS-110,2026-03-16,2026-03-16,2026-03-16,568,completed,,
PO-0000843,PKG-01,PROD-DM-300,2026-03-17,2026-03-17,2026-03-17,1218,completed,,
PO-0000844,PKG-01,PROD-DM-300,2026-03-17,2026-03-17,2026-03-17,1166,completed,,
PO-0000845,PKG-01,PROD-DM-300,2026-03-17,2026-03-17,2026-03-17,736,completed,,
PO-0000846,PKG-01,PROD-DM-300,2026-03-17,2026-03-17,2026-03-17,708,completed,,
PO-0000847,PKG-01,PROD-VD-500,2026-03-17,2026-03-17,2026-03-17,1308,completed,,
PO-0000848,PKG-01,PROD-DM-300,2026-03-17,2026-03-17,2026-03-17,1410,completed,,
PO-0000849,PKG-01,PROD-HS-100,2026-03-17,2026-03-17,2026-03-17,977,completed,,
PO-0000850,PKG-01,PROD-VD-500,2026-03-17,2026-03-17,2026-03-17,1509,completed,,
PO-0000851,PKG-01,PROD-DM-300,2026-03-17,2026-03-17,2026-03-17,1468,completed,,
PO-0000852,PKG-01,PROD-DM-300,2026-03-17,2026-03-17,2026-03-17,892,completed,,
PO-0000853,PKG-01,PROD-HS-110,2026-03-17,2026-03-17,2026-03-17,1588,completed,,
PO-0000854,PKG-01,PROD-DM-300,2026-03-17,2026-03-17,2026-03-17,1299,completed,,
PO-0000855,PKG-01,PROD-DM-300,2026-03-17,2026-03-17,2026-03-17,1061,completed,,
PO-0000856,PKG-01,PROD-DM-300,2026-03-17,2026-03-17,2026-03-17,1052,completed,,
PO-0000857,PKG-01,PROD-HS-110,2026-03-17,2026-03-17,2026-03-17,961,completed,,
PO-0000858,PKG-01,PROD-DM-300,2026-03-17,2026-03-17,2026-03-17,1264,completed,,
PO-0000859,PKG-01,PROD-DM-300,2026-03-17,2026-03-17,2026-03-17,1292,completed,,
PO-0000860,PKG-02,PROD-HS-100,2026-03-17,2026-03-17,2026-03-17,1245,completed,,
PO-0000861,PKG-02,PROD-HS-100,2026-03-17,2026-03-17,2026-03-17,1275,completed,,
PO-0000862,PKG-02,PROD-HS-110,2026-03-17,2026-03-17,2026-03-17,890,completed,,
PO-0000863,PKG-02,PROD-LB-400,2026-03-17,2026-03-17,2026-03-17,654,completed,,
PO-0000864,PKG-02,PROD-AS-200,2026-03-17,2026-03-17,2026-03-17,811,completed,,
PO-0000865,PKG-02,PROD-LB-400,2026-03-17,2026-03-17,2026-03-17,1448,completed,,
PO-0000866,PKG-02,PROD-HS-100,2026-03-17,2026-03-17,2026-03-17,974,completed,,
PO-0000867,PKG-02,PROD-LB-400,2026-03-17,2026-03-17,2026-03-17,1239,completed,,
PO-0000868,PKG-02,PROD-HS-100,2026-03-17,2026-03-17,2026-03-17,695,completed,,
PO-0000869,PKG-02,PROD-LB-400,2026-03-17,2026-03-17,2026-03-17,1055,completed,,
PO-0000870,PKG-02,PROD-HS-110,2026-03-17,2026-03-17,2026-03-17,757,completed,,
PO-0000871,PKG-02,PROD-HS-110,2026-03-17,2026-03-17,2026-03-17,1425,completed,,
PO-0000872,PKG-02,PROD-AS-200,2026-03-17,2026-03-17,2026-03-17,745,completed,,
PO-0000873,PKG-02,PROD-HS-110,2026-03-17,2026-03-17,2026-03-17,751,completed,,
PO-0000874,PKG-02,PROD-HS-110,2026-03-17,2026-03-17,2026-03-17,867,completed,,
PO-0000875,PKG-03,PROD-AS-200,2026-03-17,2026-03-17,2026-03-17,1010,completed,,
PO-0000876,PKG-03,PROD-AS-200,2026-03-17,2026-03-17,2026-03-17,957,completed,,
PO-0000877,PKG-03,PROD-HS-110,2026-03-17,2026-03-17,2026-03-17,981,completed,,
PO-0000878,PKG-03,PROD-LB-400,2026-03-17,2026-03-17,2026-03-17,987,completed,,
PO-0000879,PKG-03,PROD-HS-100,2026-03-17,2026-03-17,2026-03-17,1183,completed,,
PO-0000880,PKG-03,PROD-HS-100,2026-03-17,2026-03-17,2026-03-17,605,completed,,
PO-0000881,PKG-03,PROD-AS-200,2026-03-17,2026-03-17,2026-03-17,897,completed,,
PO-0000882,PKG-03,PROD-AS-200,2026-03-17,2026-03-17,2026-03-17,801,completed,,
PO-0000883,PKG-04,PROD-VD-500,2026-03-17,2026-03-17,2026-03-17,720,completed,,
PO-0000884,PKG-04,PROD-VD-500,2026-03-17,2026-03-17,2026-03-17,614,completed,,
PO-0000885,PKG-04,PROD-VD-500,2026-03-17,2026-03-17,2026-03-17,813,completed,,
PO-0000886,PKG-04,PROD-VD-500,2026-03-17,2026-03-17,2026-03-17,544,completed,,
PO-0000887,PKG-04,PROD-VD-500,2026-03-17,2026-03-17,2026-03-17,701,completed,,
PO-0000888,PKG-04,PROD-HS-100,2026-03-17,2026-03-17,2026-03-17,784,completed,,
PO-0000889,PKG-04,PROD-VD-500,2026-03-17,2026-03-17,2026-03-17,772,completed,,
PO-0000890,PKG-05,PROD-HS-100,2026-03-17,2026-03-17,2026-03-17,605,completed,,
PO-0000891,PKG-05,PROD-AS-200,2026-03-17,2026-03-17,2026-03-17,513,completed,,
PO-0000892,PKG-05,PROD-LB-400,2026-03-17,2026-03-17,2026-03-17,571,completed,,
PO-0000893,PKG-05,PROD-LB-400,2026-03-17,2026-03-17,2026-03-17,477,completed,,
PO-0000894,PKG-05,PROD-LB-400,2026-03-17,2026-03-17,2026-03-17,699,completed,,
PO-0000895,PKG-05,PROD-HS-100,2026-03-17,2026-03-17,2026-03-17,585,completed,,
PO-0000896,PKG-05,PROD-HS-100,2026-03-17,2026-03-17,2026-03-17,454,completed,,
PO-0000897,PKG-05,PROD-AS-200,2026-03-17,2026-03-17,2026-03-17,557,completed,,
PO-0000898,PKG-06,PROD-DM-300,2026-03-17,2026-03-17,2026-03-17,609,completed,,
PO-0000899,PKG-06,PROD-DM-300,2026-03-17,2026-03-17,2026-03-17,709,completed,,
PO-0000900,PKG-06,PROD-LB-400,2026-03-17,2026-03-17,2026-03-17,626,completed,,
PO-0000901,PKG-06,PROD-AS-200,2026-03-17,2026-03-17,2026-03-17,970,completed,,
PO-0000902,PKG-06,PROD-DM-300,2026-03-17,2026-03-17,2026-03-17,898,completed,,
PO-0000903,PKG-06,PROD-DM-300,2026-03-17,2026-03-17,2026-03-17,589,completed,,
PO-0000904,PKG-06,PROD-DM-300,2026-03-17,2026-03-17,2026-03-17,518,completed,,
PO-0000905,PKG-06,PROD-DM-300,2026-03-17,2026-03-17,2026-03-17,1128,completed,,
PO-0000906,PKG-06,PROD-DM-300,2026-03-17,2026-03-17,2026-03-17,1112,completed,,
PO-0000907,PKG-01,PROD-DM-300,2026-03-18,2026-03-18,2026-03-18,830,completed,,
PO-0000908,PKG-01,PROD-DM-300,2026-03-18,2026-03-18,2026-03-18,1088,completed,,
PO-0000909,PKG-01,PROD-DM-300,2026-03-18,2026-03-18,2026-03-18,1483,completed,,
PO-0000910,PKG-01,PROD-DM-300,2026-03-18,2026-03-18,2026-03-18,919,completed,,
PO-0000911,PKG-01,PROD-DM-300,2026-03-18,2026-03-18,2026-03-18,791,completed,,
PO-0000912,PKG-01,PROD-DM-300,2026-03-18,2026-03-18,2026-03-18,764,completed,,
PO-0000913,PKG-01,PROD-DM-300,2026-03-18,2026-03-18,2026-03-18,900,completed,,
PO-0000914,PKG-01,PROD-AS-200,2026-03-18,2026-03-18,2026-03-18,1087,completed,,
PO-0000915,PKG-01,PROD-DM-300,2026-03-18,2026-03-18,2026-03-18,1535,completed,,
PO-0000916,PKG-01,PROD-DM-300,2026-03-18,2026-03-18,2026-03-18,1411,completed,,
PO-0000917,PKG-01,PROD-DM-300,2026-03-18,2026-03-18,2026-03-18,1004,completed,,
PO-0000918,PKG-01,PROD-DM-300,2026-03-18,2026-03-18,2026-03-18,714,completed,,
PO-0000919,PKG-01,PROD-HS-110,2026-03-18,2026-03-18,2026-03-18,875,completed,,
PO-0000920,PKG-01,PROD-LB-400,2026-03-18,2026-03-18,2026-03-18,1398,completed,,
PO-0000921,PKG-01,PROD-DM-300,2026-03-18,2026-03-18,2026-03-18,765,completed,,
PO-0000922,PKG-01,PROD-DM-300,2026-03-18,2026-03-18,2026-03-18,1338,completed,,
PO-0000923,PKG-01,PROD-DM-300,2026-03-18,2026-03-18,2026-03-18,1428,completed,,
PO-0000924,PKG-02,PROD-HS-100,2026-03-18,2026-03-18,2026-03-18,1372,completed,,
PO-0000925,PKG-02,PROD-HS-100,2026-03-18,2026-03-18,2026-03-18,1315,completed,,
PO-0000926,PKG-02,PROD-HS-100,2026-03-18,2026-03-18,2026-03-18,809,completed,,
PO-0000927,PKG-02,PROD-HS-100,2026-03-18,2026-03-18,2026-03-18,1026,completed,,
PO-0000928,PKG-02,PROD-HS-110,2026-03-18,2026-03-18,2026-03-18,1198,completed,,
PO-0000929,PKG-02,PROD-HS-100,2026-03-18,2026-03-18,2026-03-18,803,completed,,
PO-0000930,PKG-02,PROD-HS-110,2026-03-18,2026-03-18,2026-03-18,1019,completed,,
PO-0000931,PKG-02,PROD-HS-100,2026-03-18,2026-03-18,2026-03-18,743,completed,,
PO-0000932,PKG-02,PROD-HS-100,2026-03-18,2026-03-18,2026-03-18,968,completed,,
PO-0000933,PKG-02,PROD-LB-400,2026-03-18,2026-03-18,2026-03-18,741,completed,,
PO-0000934,PKG-02,PROD-HS-110,2026-03-18,2026-03-18,2026-03-18,1369,completed,,
PO-0000935,PKG-02,PROD-AS-200,2026-03-18,2026-03-18,2026-03-18,1097,completed,,
PO-0000936,PKG-02,PROD-HS-100,2026-03-18,2026-03-18,2026-03-18,940,completed,,
PO-0000937,PKG-02,PROD-HS-100,2026-03-18,2026-03-18,2026-03-18,949,completed,,
PO-0000938,PKG-02,PROD-HS-100,2026-03-18,2026-03-18,2026-03-18,1002,completed,,
PO-0000939,PKG-03,PROD-LB-400,2026-03-18,2026-03-18,2026-03-18,764,completed,,
PO-0000940,PKG-03,PROD-LB-400,2026-03-18,2026-03-18,2026-03-18,729,completed,,
PO-0000941,PKG-03,PROD-LB-400,2026-03-18,2026-03-18,2026-03-18,1162,completed,,
PO-0000942,PKG-03,PROD-HS-100,2026-03-18,2026-03-18,2026-03-18,750,completed,,
PO-0000943,PKG-03,PROD-HS-110,2026-03-18,2026-03-18,2026-03-18,882,completed,,
PO-0000944,PKG-03,PROD-HS-100,2026-03-18,2026-03-18,2026-03-18,865,completed,,
PO-0000945,PKG-03,PROD-AS-200,2026-03-18,2026-03-18,2026-03-18,615,completed,,
PO-0000946,PKG-03,PROD-HS-110,2026-03-18,2026-03-18,2026-03-18,1129,completed,,
PO-0000947,PKG-04,PROD-VD-500,2026-03-18,2026-03-18,2026-03-18,838,completed,,
PO-0000948,PKG-04,PROD-VD-500,2026-03-18,2026-03-18,2026-03-18,731,completed,,
PO-0000949,PKG-04,PROD-VD-500,2026-03-18,2026-03-18,2026-03-18,870,completed,,
PO-0000950,PKG-04,PROD-VD-500,2026-03-18,2026-03-18,2026-03-18,646,completed,,
PO-0000951,PKG-04,PROD-VD-500,2026-03-18,2026-03-18,2026-03-18,622,completed,,
PO-0000952,PKG-04,PROD-HS-110,2026-03-18,2026-03-18,2026-03-18,865,completed,,
PO-0000953,PKG-04,PROD-VD-500,2026-03-18,2026-03-18,2026-03-18,807,completed,,
PO-0000954,PKG-05,PROD-HS-100,2026-03-18,2026-03-18,2026-03-18,431,completed,,
PO-0000955,PKG-05,PROD-HS-100,2026-03-18,2026-03-18,2026-03-18,462,completed,,
PO-0000956,PKG-05,PROD-HS-100,2026-03-18,2026-03-18,2026-03-18,685,completed,,
PO-0000957,PKG-05,PROD-LB-400,2026-03-18,2026-03-18,2026-03-18,548,completed,,
PO-0000958,PKG-05,PROD-HS-110,2026-03-18,2026-03-18,2026-03-18,674,completed,,
PO-0000959,PKG-05,PROD-DM-300,2026-03-18,2026-03-18,2026-03-18,954,completed,,
PO-0000960,PKG-05,PROD-LB-400,2026-03-18,2026-03-18,2026-03-18,767,completed,,
PO-0000961,PKG-05,PROD-LB-400,2026-03-18,2026-03-18,2026-03-18,807,completed,,
PO-0000962,PKG-06,PROD-DM-300,2026-03-18,2026-03-18,2026-03-18,651,completed,,
PO-0000963,PKG-06,PROD-HS-110,2026-03-18,2026-03-18,2026-03-18,709,completed,,
PO-0000964,PKG-06,PROD-DM-300,2026-03-18,2026-03-18,2026-03-18,1067,completed,,
PO-0000965,PKG-06,PROD-DM-300,2026-03-18,2026-03-18,2026-03-18,666,completed,,
PO-0000966,PKG-06,PROD-DM-300,2026-03-18,2026-03-18,2026-03-18,1060,completed,,
PO-0000967,PKG-06,PROD-HS-100,2026-03-18,2026-03-18,2026-03-18,957,completed,,
PO-0000968,PKG-06,PROD-DM-300,2026-03-18,2026-03-18,2026-03-18,617,completed,,
PO-0000969,PKG-06,PROD-DM-300,2026-03-18,2026-03-18,2026-03-18,970,completed,,
PO-0000970,PKG-06,PROD-DM-300,2026-03-18,2026-03-18,2026-03-18,603,completed,,
PO-0000971,PKG-01,PROD-DM-300,2026-03-19,2026-03-19,2026-03-19,1182,completed,,
PO-0000972,PKG-01,PROD-DM-300,2026-03-19,2026-03-19,2026-03-19,1395,completed,,
PO-0000973,PKG-01,PROD-DM-300,2026-03-19,2026-03-19,2026-03-19,773,completed,,
PO-0000974,PKG-01,PROD-DM-300,2026-03-19,2026-03-19,2026-03-19,1418,completed,,
PO-0000975,PKG-01,PROD-DM-300,2026-03-19,2026-03-19,2026-03-19,1085,completed,,
PO-0000976,PKG-01,PROD-DM-300,2026-03-19,2026-03-19,2026-03-19,1468,completed,,
PO-0000977,PKG-01,PROD-DM-300,2026-03-19,2026-03-19,2026-03-19,1110,completed,,
PO-0000978,PKG-01,PROD-DM-300,2026-03-19,2026-03-19,2026-03-19,1368,completed,,
PO-0000979,PKG-01,PROD-DM-300,2026-03-19,2026-03-19,2026-03-19,1044,completed,,
PO-0000980,PKG-01,PROD-HS-110,2026-03-19,2026-03-19,2026-03-19,925,completed,,
PO-0000981,PKG-01,PROD-DM-300,2026-03-19,2026-03-19,2026-03-19,1468,completed,,
PO-0000982,PKG-01,PROD-DM-300,2026-03-19,2026-03-19,2026-03-19,1110,completed,,
PO-0000983,PKG-01,PROD-DM-300,2026-03-19,2026-03-19,2026-03-19,1448,completed,,
PO-0000984,PKG-01,PROD-DM-300,2026-03-19,2026-03-19,2026-03-19,1211,completed,,
PO-0000985,PKG-01,PROD-DM-300,2026-03-19,2026-03-19,2026-03-19,1245,completed,,
PO-0000986,PKG-01,PROD-VD-500,2026-03-19,2026-03-19,2026-03-19,1357,completed,,
PO-0000987,PKG-01,PROD-DM-300,2026-03-19,2026-03-19,2026-03-19,1090,completed,,
PO-0000988,PKG-01,PROD-LB-400,2026-03-19,2026-03-19,2026-03-19,845,completed,,
PO-0000989,PKG-02,PROD-HS-100,2026-03-19,2026-03-19,2026-03-19,1452,completed,,
PO-0000990,PKG-02,PROD-HS-100,2026-03-19,2026-03-19,2026-03-19,939,completed,,
PO-0000991,PKG-02,PROD-HS-100,2026-03-19,2026-03-19,2026-03-19,1369,completed,,
PO-0000992,PKG-02,PROD-HS-100,2026-03-19,2026-03-19,2026-03-19,1386,completed,,
PO-0000993,PKG-02,PROD-AS-200,2026-03-19,2026-03-19,2026-03-19,1096,completed,,
PO-0000994,PKG-02,PROD-HS-100,2026-03-19,2026-03-19,2026-03-19,787,completed,,
PO-0000995,PKG-02,PROD-HS-110,2026-03-19,2026-03-19,2026-03-19,801,completed,,
PO-0000996,PKG-02,PROD-HS-110,2026-03-19,2026-03-19,2026-03-19,1017,completed,,
PO-0000997,PKG-02,PROD-HS-100,2026-03-19,2026-03-19,2026-03-19,778,completed,,
PO-0000998,PKG-02,PROD-HS-100,2026-03-19,2026-03-19,2026-03-19,1044,completed,,
PO-0000999,PKG-02,PROD-HS-100,2026-03-19,2026-03-19,2026-03-19,1426,completed,,
PO-0001000,PKG-02,PROD-HS-100,2026-03-19,2026-03-19,2026-03-19,1295,completed,,
PO-0001001,PKG-02,PROD-HS-100,2026-03-19,2026-03-19,2026-03-19,948,completed,,
PO-0001002,PKG-02,PROD-LB-400,2026-03-19,2026-03-19,2026-03-19,1199,completed,,
PO-0001003,PKG-02,PROD-HS-100,2026-03-19,2026-03-19,2026-03-19,1279,completed,,
PO-0001004,PKG-03,PROD-HS-110,2026-03-19,2026-03-19,2026-03-19,671,completed,,
PO-0001005,PKG-03,PROD-HS-110,2026-03-19,2026-03-19,2026-03-19,711,completed,,
PO-0001006,PKG-03,PROD-HS-100,2026-03-19,2026-03-19,2026-03-19,910,completed,,
PO-0001007,PKG-03,PROD-LB-400,2026-03-19,2026-03-19,2026-03-19,939,completed,,
PO-0001008,PKG-03,PROD-HS-110,2026-03-19,2026-03-19,2026-03-19,673,completed,,
PO-0001009,PKG-03,PROD-DM-300,2026-03-19,2026-03-19,2026-03-19,635,completed,,
PO-0001010,PKG-03,PROD-LB-400,2026-03-19,2026-03-19,2026-03-19,1028,completed,,
PO-0001011,PKG-03,PROD-HS-100,2026-03-19,2026-03-19,2026-03-19,1059,completed,,
PO-0001012,PKG-04,PROD-VD-500,2026-03-19,2026-03-19,2026-03-19,793,completed,,
PO-0001013,PKG-04,PROD-VD-500,2026-03-19,2026-03-19,2026-03-19,763,completed,,
PO-0001014,PKG-04,PROD-VD-500,2026-03-19,2026-03-19,2026-03-19,799,completed,,
PO-0001015,PKG-04,PROD-VD-500,2026-03-19,2026-03-19,2026-03-19,880,completed,,
PO-0001016,PKG-04,PROD-VD-500,2026-03-19,2026-03-19,2026-03-19,705,completed,,
PO-0001017,PKG-04,PROD-AS-200,2026-03-19,2026-03-19,2026-03-19,509,completed,,
PO-0001018,PKG-04,PROD-DM-300,2026-03-19,2026-03-19,2026-03-19,677,completed,,
PO-0001019,PKG-05,PROD-HS-100,2026-03-19,2026-03-19,2026-03-19,454,completed,,
PO-0001020,PKG-05,PROD-HS-110,2026-03-19,2026-03-19,2026-03-19,784,completed,,
PO-0001021,PKG-05,PROD-DM-300,2026-03-19,2026-03-19,2026-03-19,923,completed,,
PO-0001022,PKG-05,PROD-VD-500,2026-03-19,2026-03-19,2026-03-19,500,completed,,
PO-0001023,PKG-05,PROD-LB-400,2026-03-19,2026-03-19,2026-03-19,708,completed,,
PO-0001024,PKG-05,PROD-AS-200,2026-03-19,2026-03-19,2026-03-19,898,completed,,
PO-0001025,PKG-05,PROD-AS-200,2026-03-19,2026-03-19,2026-03-19,522,completed,,
PO-0001026,PKG-05,PROD-HS-110,2026-03-19,2026-03-19,2026-03-19,517,completed,,
PO-0001027,PKG-06,PROD-DM-300,2026-03-19,2026-03-19,2026-03-19,738,completed,,
PO-0001028,PKG-06,PROD-DM-300,2026-03-19,2026-03-19,2026-03-19,788,completed,,
PO-0001029,PKG-06,PROD-DM-300,2026-03-19,2026-03-19,2026-03-19,491,completed,,
PO-0001030,PKG-06,PROD-DM-300,2026-03-19,2026-03-19,2026-03-19,880,completed,,
PO-0001031,PKG-06,PROD-DM-300,2026-03-19,2026-03-19,2026-03-19,547,completed,,
PO-0001032,PKG-06,PROD-DM-300,2026-03-19,2026-03-19,2026-03-19,731,completed,,
PO-0001033,PKG-06,PROD-DM-300,2026-03-19,2026-03-19,2026-03-19,992,completed,,
PO-0001034,PKG-06,PROD-HS-100,2026-03-19,2026-03-19,2026-03-19,826,completed,,
PO-0001035,PKG-06,PROD-VD-500,2026-03-19,2026-03-19,2026-03-19,553,completed,,
PO-0001036,PKG-01,PROD-DM-300,2026-03-20,2026-03-20,2026-03-20,1171,completed,,
PO-0001037,PKG-01,PROD-DM-300,2026-03-20,2026-03-20,2026-03-20,926,completed,,
PO-0001038,PKG-01,PROD-DM-300,2026-03-20,2026-03-20,2026-03-20,1260,completed,,
PO-0001039,PKG-01,PROD-DM-300,2026-03-20,2026-03-20,2026-03-20,689,completed,,
PO-0001040,PKG-01,PROD-DM-300,2026-03-20,2026-03-20,2026-03-20,1363,completed,,
PO-0001041,PKG-01,PROD-LB-400,2026-03-20,2026-03-20,2026-03-20,713,completed,,
PO-0001042,PKG-01,PROD-DM-300,2026-03-20,2026-03-20,2026-03-20,813,completed,,
PO-0001043,PKG-01,PROD-DM-300,2026-03-20,2026-03-20,2026-03-20,1315,completed,,
PO-0001044,PKG-01,PROD-DM-300,2026-03-20,2026-03-20,2026-03-20,1374,completed,,
PO-0001045,PKG-01,PROD-VD-500,2026-03-20,2026-03-20,2026-03-20,1227,completed,,
PO-0001046,PKG-01,PROD-VD-500,2026-03-20,2026-03-20,2026-03-20,1368,completed,,
PO-0001047,PKG-01,PROD-HS-100,2026-03-20,2026-03-20,2026-03-20,1406,completed,,
PO-0001048,PKG-01,PROD-DM-300,2026-03-20,2026-03-20,2026-03-20,1465,completed,,
PO-0001049,PKG-01,PROD-DM-300,2026-03-20,2026-03-20,2026-03-20,952,completed,,
PO-0001050,PKG-01,PROD-AS-200,2026-03-20,2026-03-20,2026-03-20,1385,completed,,
PO-0001051,PKG-01,PROD-DM-300,2026-03-20,2026-03-20,2026-03-20,1180,completed,,
PO-0001052,PKG-01,PROD-VD-500,2026-03-20,2026-03-20,2026-03-20,975,completed,,
PO-0001053,PKG-01,PROD-DM-300,2026-03-20,2026-03-20,2026-03-20,1247,completed,,
PO-0001054,PKG-02,PROD-HS-100,2026-03-20,2026-03-20,2026-03-20,708,completed,,
PO-0001055,PKG-02,PROD-AS-200,2026-03-20,2026-03-20,2026-03-20,738,completed,,
PO-0001056,PKG-02,PROD-LB-400,2026-03-20,2026-03-20,2026-03-20,643,completed,,
PO-0001057,PKG-02,PROD-HS-100,2026-03-20,2026-03-20,2026-03-20,920,completed,,
PO-0001058,PKG-02,PROD-AS-200,2026-03-20,2026-03-20,2026-03-20,1053,completed,,
PO-0001059,PKG-02,PROD-HS-110,2026-03-20,2026-03-20,2026-03-20,1012,completed,,
PO-0001060,PKG-02,PROD-HS-100,2026-03-20,2026-03-20,2026-03-20,630,completed,,
PO-0001061,PKG-02,PROD-HS-100,2026-03-20,2026-03-20,2026-03-20,1285,completed,,
PO-0001062,PKG-02,PROD-HS-100,2026-03-20,2026-03-20,2026-03-20,1192,completed,,
PO-0001063,PKG-02,PROD-LB-400,2026-03-20,2026-03-20,2026-03-20,1256,completed,,
PO-0001064,PKG-02,PROD-LB-400,2026-03-20,2026-03-20,2026-03-20,1207,completed,,
PO-0001065,PKG-02,PROD-HS-100,2026-03-20,2026-03-20,2026-03-20,763,completed,,
PO-0001066,PKG-02,PROD-HS-100,2026-03-20,2026-03-20,2026-03-20,1073,completed,,
PO-0001067,PKG-02,PROD-HS-100,2026-03-20,2026-03-20,2026-03-20,620,completed,,
PO-0001068,PKG-02,PROD-HS-110,2026-03-20,2026-03-20,2026-03-20,602,completed,,
PO-0001069,PKG-02,PROD-HS-110,2026-03-20,2026-03-20,2026-03-20,607,completed,,
PO-0001070,PKG-03,PROD-HS-100,2026-03-20,2026-03-20,2026-03-20,816,completed,,
PO-0001071,PKG-03,PROD-HS-110,2026-03-20,2026-03-20,2026-03-20,655,completed,,
PO-0001072,PKG-03,PROD-LB-400,2026-03-20,2026-03-20,2026-03-20,732,completed,,
PO-0001073,PKG-03,PROD-HS-110,2026-03-20,2026-03-20,2026-03-20,625,completed,,
PO-0001074,PKG-03,PROD-HS-110,2026-03-20,2026-03-20,2026-03-20,917,completed,,
PO-0001075,PKG-03,PROD-LB-400,2026-03-20,2026-03-20,2026-03-20,767,completed,,
PO-0001076,PKG-03,PROD-HS-110,2026-03-20,2026-03-20,2026-03-20,964,completed,,
PO-0001077,PKG-03,PROD-LB-400,2026-03-20,2026-03-20,2026-03-20,1052,completed,,
PO-0001078,PKG-04,PROD-VD-500,2026-03-20,2026-03-20,2026-03-20,464,completed,,
PO-0001079,PKG-04,PROD-VD-500,2026-03-20,2026-03-20,2026-03-20,585,completed,,
PO-0001080,PKG-04,PROD-VD-500,2026-03-20,2026-03-20,2026-03-20,428,completed,,
PO-0001081,PKG-04,PROD-HS-110,2026-03-20,2026-03-20,2026-03-20,568,completed,,
PO-0001082,PKG-04,PROD-VD-500,2026-03-20,2026-03-20,2026-03-20,660,completed,,
PO-0001083,PKG-04,PROD-HS-100,2026-03-20,2026-03-20,2026-03-20,838,completed,,
PO-0001084,PKG-04,PROD-VD-500,2026-03-20,2026-03-20,2026-03-20,636,completed,,
PO-0001085,PKG-05,PROD-HS-100,2026-03-20,2026-03-20,2026-03-20,907,completed,,
PO-0001086,PKG-05,PROD-VD-500,2026-03-20,2026-03-20,2026-03-20,682,completed,,
PO-0001087,PKG-05,PROD-AS-200,2026-03-20,2026-03-20,2026-03-20,417,completed,,
PO-0001088,PKG-05,PROD-LB-400,2026-03-20,2026-03-20,2026-03-20,808,completed,,
PO-0001089,PKG-05,PROD-DM-300,2026-03-20,2026-03-20,2026-03-20,597,completed,,
PO-0001090,PKG-05,PROD-AS-200,2026-03-20,2026-03-20,2026-03-20,541,completed,,
PO-0001091,PKG-05,PROD-LB-400,2026-03-20,2026-03-20,2026-03-20,617,completed,,
PO-0001092,PKG-05,PROD-HS-110,2026-03-20,2026-03-20,2026-03-20,729,completed,,
PO-0001093,PKG-06,PROD-DM-300,2026-03-20,2026-03-20,2026-03-20,984,completed,,
PO-0001094,PKG-06,PROD-VD-500,2026-03-20,2026-03-20,2026-03-20,1124,completed,,
PO-0001095,PKG-06,PROD-DM-300,2026-03-20,2026-03-20,2026-03-20,513,completed,,
PO-0001096,PKG-06,PROD-DM-300,2026-03-20,2026-03-20,2026-03-20,763,completed,,
PO-0001097,PKG-06,PROD-DM-300,2026-03-20,2026-03-20,2026-03-20,853,completed,,
PO-0001098,PKG-06,PROD-DM-300,2026-03-20,2026-03-20,2026-03-20,931,completed,,
PO-0001099,PKG-06,PROD-DM-300,2026-03-20,2026-03-20,2026-03-20,1104,completed,,
PO-0001100,PKG-06,PROD-DM-300,2026-03-20,2026-03-20,2026-03-20,508,completed,,
PO-0001101,PKG-06,PROD-DM-300,2026-03-20,2026-03-20,2026-03-20,802,completed,,
PO-0001102,PKG-01,PROD-DM-300,2026-03-21,2026-03-21,2026-03-21,1356,completed,,
PO-0001103,PKG-01,PROD-DM-300,2026-03-21,2026-03-21,2026-03-21,722,completed,,
PO-0001104,PKG-01,PROD-DM-300,2026-03-21,2026-03-21,2026-03-21,1370,completed,,
PO-0001105,PKG-01,PROD-DM-300,2026-03-21,2026-03-21,2026-03-21,1581,completed,,
PO-0001106,PKG-01,PROD-LB-400,2026-03-21,2026-03-21,2026-03-21,1047,completed,,
PO-0001107,PKG-01,PROD-DM-300,2026-03-21,2026-03-21,2026-03-21,1602,completed,,
PO-0001108,PKG-01,PROD-DM-300,2026-03-21,2026-03-21,2026-03-21,839,completed,,
PO-0001109,PKG-01,PROD-DM-300,2026-03-21,2026-03-21,2026-03-21,798,completed,,
PO-0001110,PKG-01,PROD-LB-400,2026-03-21,2026-03-21,2026-03-21,1340,completed,,
PO-0001111,PKG-01,PROD-DM-300,2026-03-21,2026-03-21,2026-03-21,1162,completed,,
PO-0001112,PKG-01,PROD-DM-300,2026-03-21,2026-03-21,2026-03-21,1205,completed,,
PO-0001113,PKG-01,PROD-HS-100,2026-03-21,2026-03-21,2026-03-21,733,completed,,
PO-0001114,PKG-01,PROD-HS-110,2026-03-21,2026-03-21,2026-03-21,1052,completed,,
PO-0001115,PKG-01,PROD-AS-200,2026-03-21,2026-03-21,2026-03-21,988,completed,,
PO-0001116,PKG-01,PROD-DM-300,2026-03-21,2026-03-21,2026-03-21,1150,completed,,
PO-0001117,PKG-01,PROD-DM-300,2026-03-21,2026-03-21,2026-03-21,1114,completed,,
PO-0001118,PKG-01,PROD-DM-300,2026-03-21,2026-03-21,2026-03-21,951,completed,,
PO-0001119,PKG-02,PROD-HS-100,2026-03-21,2026-03-21,2026-03-21,1443,completed,,
PO-0001120,PKG-02,PROD-HS-110,2026-03-21,2026-03-21,2026-03-21,1209,completed,,
PO-0001121,PKG-02,PROD-HS-100,2026-03-21,2026-03-21,2026-03-21,1158,completed,,
PO-0001122,PKG-02,PROD-HS-100,2026-03-21,2026-03-21,2026-03-21,1277,completed,,
PO-0001123,PKG-02,PROD-HS-100,2026-03-21,2026-03-21,2026-03-21,1196,completed,,
PO-0001124,PKG-02,PROD-HS-100,2026-03-21,2026-03-21,2026-03-21,909,completed,,
PO-0001125,PKG-02,PROD-HS-100,2026-03-21,2026-03-21,2026-03-21,870,completed,,
PO-0001126,PKG-02,PROD-HS-100,2026-03-21,2026-03-21,2026-03-21,1040,completed,,
PO-0001127,PKG-02,PROD-HS-100,2026-03-21,2026-03-21,2026-03-21,1037,completed,,
PO-0001128,PKG-02,PROD-HS-110,2026-03-21,2026-03-21,2026-03-21,1094,completed,,
PO-0001129,PKG-02,PROD-HS-100,2026-03-21,2026-03-21,2026-03-21,1432,completed,,
PO-0001130,PKG-02,PROD-LB-400,2026-03-21,2026-03-21,2026-03-21,868,completed,,
PO-0001131,PKG-02,PROD-HS-100,2026-03-21,2026-03-21,2026-03-21,902,completed,,
PO-0001132,PKG-02,PROD-LB-400,2026-03-21,2026-03-21,2026-03-21,1357,completed,,
PO-0001133,PKG-02,PROD-HS-100,2026-03-21,2026-03-21,2026-03-21,1216,completed,,
PO-0001134,PKG-03,PROD-AS-200,2026-03-21,2026-03-21,2026-03-21,850,completed,,
PO-0001135,PKG-03,PROD-HS-110,2026-03-21,2026-03-21,2026-03-21,962,completed,,
PO-0001136,PKG-03,PROD-LB-400,2026-03-21,2026-03-21,2026-03-21,1072,completed,,
PO-0001137,PKG-03,PROD-LB-400,2026-03-21,2026-03-21,2026-03-21,1023,completed,,
PO-0001138,PKG-03,PROD-AS-200,2026-03-21,2026-03-21,2026-03-21,655,completed,,
PO-0001139,PKG-03,PROD-HS-110,2026-03-21,2026-03-21,2026-03-21,939,completed,,
PO-0001140,PKG-03,PROD-AS-200,2026-03-21,2026-03-21,2026-03-21,542,completed,,
PO-0001141,PKG-03,PROD-HS-100,2026-03-21,2026-03-21,2026-03-21,603,completed,,
PO-0001142,PKG-03,PROD-HS-100,2026-03-21,2026-03-21,2026-03-21,918,completed,,
PO-0001143,PKG-04,PROD-HS-110,2026-03-21,2026-03-21,2026-03-21,549,completed,,
PO-0001144,PKG-04,PROD-VD-500,2026-03-21,2026-03-21,2026-03-21,607,completed,,
PO-0001145,PKG-04,PROD-VD-500,2026-03-21,2026-03-21,2026-03-21,721,completed,,
PO-0001146,PKG-04,PROD-AS-200,2026-03-21,2026-03-21,2026-03-21,714,completed,,
PO-0001147,PKG-04,PROD-VD-500,2026-03-21,2026-03-21,2026-03-21,830,completed,,
PO-0001148,PKG-04,PROD-VD-500,2026-03-21,2026-03-21,2026-03-21,634,completed,,
PO-0001149,PKG-04,PROD-VD-500,2026-03-21,2026-03-21,2026-03-21,853,completed,,
PO-0001150,PKG-05,PROD-DM-300,2026-03-21,2026-03-21,2026-03-21,808,completed,,
PO-0001151,PKG-05,PROD-AS-200,2026-03-21,2026-03-21,2026-03-21,560,completed,,
PO-0001152,PKG-05,PROD-HS-100,2026-03-21,2026-03-21,2026-03-21,947,completed,,
PO-0001153,PKG-05,PROD-AS-200,2026-03-21,2026-03-21,2026-03-21,844,completed,,
PO-0001154,PKG-05,PROD-LB-400,2026-03-21,2026-03-21,2026-03-21,782,completed,,
PO-0001155,PKG-05,PROD-LB-400,2026-03-21,2026-03-21,2026-03-21,762,completed,,
PO-0001156,PKG-05,PROD-HS-100,2026-03-21,2026-03-21,2026-03-21,756,completed,,
PO-0001157,PKG-05,PROD-AS-200,2026-03-21,2026-03-21,2026-03-21,788,completed,,
PO-0001158,PKG-06,PROD-DM-300,2026-03-21,2026-03-21,2026-03-21,1120,completed,,
PO-0001159,PKG-06,PROD-DM-300,2026-03-21,2026-03-21,2026-03-21,500,completed,,
PO-0001160,PKG-06,PROD-DM-300,2026-03-21,2026-03-21,2026-03-21,562,completed,,
PO-0001161,PKG-06,PROD-DM-300,2026-03-21,2026-03-21,2026-03-21,964,completed,,
PO-0001162,PKG-06,PROD-DM-300,2026-03-21,2026-03-21,2026-03-21,770,completed,,
PO-0001163,PKG-06,PROD-AS-200,2026-03-21,2026-03-21,2026-03-21,704,completed,,
PO-0001164,PKG-06,PROD-HS-110,2026-03-21,2026-03-21,2026-03-21,1119,completed,,
PO-0001165,PKG-06,PROD-DM-300,2026-03-21,2026-03-21,2026-03-21,751,completed,,
PO-0001166,PKG-06,PROD-DM-300,2026-03-21,2026-03-21,2026-03-21,647,completed,,
PO-0001167,PKG-01,PROD-DM-300,2026-03-23,2026-03-23,2026-03-23,978,maintenance_blocked,,MW-PKG-01-202603
PO-0001168,PKG-01,PROD-AS-200,2026-03-23,2026-03-23,2026-03-23,1371,maintenance_blocked,,MW-PKG-01-202603
PO-0001169,PKG-01,PROD-DM-300,2026-03-23,2026-03-23,2026-03-23,1457,maintenance_blocked,,MW-PKG-01-202603
PO-0001170,PKG-01,PROD-HS-110,2026-03-23,2026-03-23,2026-03-23,1069,maintenance_blocked,,MW-PKG-01-202603
PO-0001171,PKG-01,PROD-DM-300,2026-03-23,2026-03-23,2026-03-23,836,maintenance_blocked,,MW-PKG-01-202603
PO-0001172,PKG-01,PROD-DM-300,2026-03-23,2026-03-23,2026-03-23,1434,maintenance_blocked,,MW-PKG-01-202603
PO-0001173,PKG-01,PROD-DM-300,2026-03-23,2026-03-23,2026-03-23,692,maintenance_blocked,,MW-PKG-01-202603
PO-0001174,PKG-01,PROD-DM-300,2026-03-23,2026-03-23,2026-03-23,1024,maintenance_blocked,,MW-PKG-01-202603
PO-0001175,PKG-01,PROD-DM-300,2026-03-23,2026-03-23,2026-03-23,1202,maintenance_blocked,,MW-PKG-01-202603
PO-0001176,PKG-01,PROD-LB-400,2026-03-23,2026-03-23,2026-03-23,1016,maintenance_blocked,,MW-PKG-01-202603
PO-0001177,PKG-01,PROD-DM-300,2026-03-23,2026-03-23,2026-03-23,1389,maintenance_blocked,,MW-PKG-01-202603
PO-0001178,PKG-01,PROD-DM-300,2026-03-23,2026-03-23,2026-03-23,873,maintenance_blocked,,MW-PKG-01-202603
PO-0001179,PKG-01,PROD-LB-400,2026-03-23,2026-03-23,2026-03-23,1453,maintenance_blocked,,MW-PKG-01-202603
PO-0001180,PKG-01,PROD-VD-500,2026-03-23,2026-03-23,2026-03-23,699,maintenance_blocked,,MW-PKG-01-202603
PO-0001181,PKG-01,PROD-DM-300,2026-03-23,2026-03-23,2026-03-23,1252,maintenance_blocked,,MW-PKG-01-202603
PO-0001182,PKG-01,PROD-DM-300,2026-03-23,2026-03-23,2026-03-23,1147,maintenance_blocked,,MW-PKG-01-202603
PO-0001183,PKG-01,PROD-AS-200,2026-03-23,2026-03-23,2026-03-23,690,maintenance_blocked,,MW-PKG-01-202603
PO-0001184,PKG-02,PROD-HS-100,2026-03-23,2026-03-23,2026-03-23,650,completed,,
PO-0001185,PKG-02,PROD-HS-100,2026-03-23,2026-03-23,2026-03-23,1039,completed,,
PO-0001186,PKG-02,PROD-HS-110,2026-03-23,2026-03-23,2026-03-23,1414,completed,,
PO-0001187,PKG-02,PROD-HS-100,2026-03-23,2026-03-23,2026-03-23,714,completed,,
PO-0001188,PKG-02,PROD-HS-100,2026-03-23,2026-03-23,2026-03-23,1329,completed,,
PO-0001189,PKG-02,PROD-HS-100,2026-03-23,2026-03-23,2026-03-23,1438,completed,,
PO-0001190,PKG-02,PROD-VD-500,2026-03-23,2026-03-23,2026-03-23,1011,completed,,
PO-0001191,PKG-02,PROD-HS-100,2026-03-23,2026-03-23,2026-03-23,1113,completed,,
PO-0001192,PKG-02,PROD-HS-100,2026-03-23,2026-03-23,2026-03-23,866,completed,,
PO-0001193,PKG-02,PROD-AS-200,2026-03-23,2026-03-23,2026-03-23,1152,completed,,
PO-0001194,PKG-02,PROD-HS-100,2026-03-23,2026-03-23,2026-03-23,1449,completed,,
PO-0001195,PKG-02,PROD-HS-100,2026-03-23,2026-03-23,2026-03-23,891,completed,,
PO-0001196,PKG-02,PROD-HS-100,2026-03-23,2026-03-23,2026-03-23,1329,completed,,
PO-0001197,PKG-02,PROD-AS-200,2026-03-23,2026-03-23,2026-03-23,705,completed,,
PO-0001198,PKG-02,PROD-AS-200,2026-03-23,2026-03-23,2026-03-23,1250,completed,,
PO-0001199,PKG-03,PROD-HS-110,2026-03-23,2026-03-23,2026-03-23,962,completed,,
PO-0001200,PKG-03,PROD-LB-400,2026-03-23,2026-03-23,2026-03-23,696,completed,,
PO-0001201,PKG-03,PROD-LB-400,2026-03-23,2026-03-23,2026-03-23,950,completed,,
PO-0001202,PKG-03,PROD-AS-200,2026-03-23,2026-03-23,2026-03-23,523,completed,,
PO-0001203,PKG-03,PROD-HS-100,2026-03-23,2026-03-23,2026-03-23,1040,completed,,
PO-0001204,PKG-03,PROD-LB-400,2026-03-23,2026-03-23,2026-03-23,896,completed,,
PO-0001205,PKG-03,PROD-LB-400,2026-03-23,2026-03-23,2026-03-23,995,completed,,
PO-0001206,PKG-03,PROD-HS-110,2026-03-23,2026-03-23,2026-03-23,909,completed,,
PO-0001207,PKG-03,PROD-HS-110,2026-03-23,2026-03-23,2026-03-23,1000,completed,,
PO-0001208,PKG-04,PROD-VD-500,2026-03-23,2026-03-23,2026-03-23,584,completed,,
PO-0001209,PKG-04,PROD-VD-500,2026-03-23,2026-03-23,2026-03-23,725,completed,,
PO-0001210,PKG-04,PROD-VD-500,2026-03-23,2026-03-23,2026-03-23,895,completed,,
PO-0001211,PKG-04,PROD-VD-500,2026-03-23,2026-03-23,2026-03-23,615,completed,,
PO-0001212,PKG-04,PROD-VD-500,2026-03-23,2026-03-23,2026-03-23,723,completed,,
PO-0001213,PKG-04,PROD-HS-100,2026-03-23,2026-03-23,2026-03-23,801,completed,,
PO-0001214,PKG-04,PROD-VD-500,2026-03-23,2026-03-23,2026-03-23,647,completed,,
PO-0001215,PKG-05,PROD-DM-300,2026-03-23,2026-03-23,2026-03-23,712,completed,,
PO-0001216,PKG-05,PROD-AS-200,2026-03-23,2026-03-23,2026-03-23,433,completed,,
PO-0001217,PKG-05,PROD-AS-200,2026-03-23,2026-03-23,2026-03-23,486,completed,,
PO-0001218,PKG-05,PROD-LB-400,2026-03-23,2026-03-23,2026-03-23,506,completed,,
PO-0001219,PKG-05,PROD-HS-110,2026-03-23,2026-03-23,2026-03-23,509,completed,,
PO-0001220,PKG-05,PROD-LB-400,2026-03-23,2026-03-23,2026-03-23,739,completed,,
PO-0001221,PKG-05,PROD-AS-200,2026-03-23,2026-03-23,2026-03-23,886,completed,,
PO-0001222,PKG-05,PROD-HS-110,2026-03-23,2026-03-23,2026-03-23,531,completed,,
PO-0001223,PKG-06,PROD-DM-300,2026-03-23,2026-03-23,2026-03-23,498,completed,,
PO-0001224,PKG-06,PROD-DM-300,2026-03-23,2026-03-23,2026-03-23,802,completed,,
PO-0001225,PKG-06,PROD-DM-300,2026-03-23,2026-03-23,2026-03-23,581,completed,,
PO-0001226,PKG-06,PROD-DM-300,2026-03-23,2026-03-23,2026-03-23,1040,completed,,
PO-0001227,PKG-06,PROD-DM-300,2026-03-23,2026-03-23,2026-03-23,591,completed,,
PO-0001228,PKG-06,PROD-DM-300,2026-03-23,2026-03-23,2026-03-23,515,completed,,
PO-0001229,PKG-06,PROD-DM-300,2026-03-23,2026-03-23,2026-03-23,533,completed,,
PO-0001230,PKG-06,PROD-DM-300,2026-03-23,2026-03-23,2026-03-23,793,completed,,
PO-0001231,PKG-06,PROD-DM-300,2026-03-23,2026-03-23,2026-03-23,590,completed,,
PO-0001232,PKG-01,PROD-DM-300,2026-03-24,2026-03-24,2026-03-24,1473,maintenance_blocked,,MW-PKG-01-202603
PO-0001233,PKG-01,PROD-VD-500,2026-03-24,2026-03-24,2026-03-24,1113,maintenance_blocked,,MW-PKG-01-202603
PO-0001234,PKG-01,PROD-DM-300,2026-03-24,2026-03-24,2026-03-24,834,maintenance_blocked,,MW-PKG-01-202603
PO-0001235,PKG-01,PROD-DM-300,2026-03-24,2026-03-24,2026-03-24,1411,maintenance_blocked,,MW-PKG-01-202603
PO-0001236,PKG-01,PROD-HS-110,2026-03-24,2026-03-24,2026-03-24,1253,maintenance_blocked,,MW-PKG-01-202603
PO-0001237,PKG-01,PROD-DM-300,2026-03-24,2026-03-24,2026-03-24,1383,maintenance_blocked,,MW-PKG-01-202603
PO-0001238,PKG-01,PROD-VD-500,2026-03-24,2026-03-24,2026-03-24,1178,maintenance_blocked,,MW-PKG-01-202603
PO-0001239,PKG-01,PROD-DM-300,2026-03-24,2026-03-24,2026-03-24,1002,maintenance_blocked,,MW-PKG-01-202603
PO-0001240,PKG-01,PROD-DM-300,2026-03-24,2026-03-24,2026-03-24,1133,maintenance_blocked,,MW-PKG-01-202603
PO-0001241,PKG-01,PROD-DM-300,2026-03-24,2026-03-24,2026-03-24,979,maintenance_blocked,,MW-PKG-01-202603
PO-0001242,PKG-01,PROD-DM-300,2026-03-24,2026-03-24,2026-03-24,744,maintenance_blocked,,MW-PKG-01-202603
PO-0001243,PKG-01,PROD-DM-300,2026-03-24,2026-03-24,2026-03-24,1316,maintenance_blocked,,MW-PKG-01-202603
PO-0001244,PKG-01,PROD-VD-500,2026-03-24,2026-03-24,2026-03-24,1377,maintenance_blocked,,MW-PKG-01-202603
PO-0001245,PKG-01,PROD-DM-300,2026-03-24,2026-03-24,2026-03-24,1354,maintenance_blocked,,MW-PKG-01-202603
PO-0001246,PKG-01,PROD-DM-300,2026-03-24,2026-03-24,2026-03-24,1226,maintenance_blocked,,MW-PKG-01-202603
PO-0001247,PKG-01,PROD-DM-300,2026-03-24,2026-03-24,2026-03-24,956,maintenance_blocked,,MW-PKG-01-202603
PO-0001248,PKG-01,PROD-DM-300,2026-03-24,2026-03-24,2026-03-24,1492,maintenance_blocked,,MW-PKG-01-202603
PO-0001249,PKG-02,PROD-HS-100,2026-03-24,2026-03-24,2026-03-24,720,completed,,
PO-0001250,PKG-02,PROD-LB-400,2026-03-24,2026-03-24,2026-03-24,1032,completed,,
PO-0001251,PKG-02,PROD-HS-100,2026-03-24,2026-03-24,2026-03-24,996,completed,,
PO-0001252,PKG-02,PROD-VD-500,2026-03-24,2026-03-24,2026-03-24,674,completed,,
PO-0001253,PKG-02,PROD-HS-100,2026-03-24,2026-03-24,2026-03-24,1225,completed,,
PO-0001254,PKG-02,PROD-HS-100,2026-03-24,2026-03-24,2026-03-24,959,completed,,
PO-0001255,PKG-02,PROD-AS-200,2026-03-24,2026-03-24,2026-03-24,1096,completed,,
PO-0001256,PKG-02,PROD-VD-500,2026-03-24,2026-03-24,2026-03-24,904,completed,,
PO-0001257,PKG-02,PROD-LB-400,2026-03-24,2026-03-24,2026-03-24,661,completed,,
PO-0001258,PKG-02,PROD-AS-200,2026-03-24,2026-03-24,2026-03-24,929,completed,,
PO-0001259,PKG-02,PROD-HS-100,2026-03-24,2026-03-24,2026-03-24,1278,completed,,
PO-0001260,PKG-02,PROD-HS-100,2026-03-24,2026-03-24,2026-03-24,682,completed,,
PO-0001261,PKG-02,PROD-HS-100,2026-03-24,2026-03-24,2026-03-24,799,completed,,
PO-0001262,PKG-02,PROD-HS-100,2026-03-24,2026-03-24,2026-03-24,831,completed,,
PO-0001263,PKG-02,PROD-HS-100,2026-03-24,2026-03-24,2026-03-24,1468,completed,,
PO-0001264,PKG-03,PROD-HS-100,2026-03-24,2026-03-24,2026-03-24,730,completed,,
PO-0001265,PKG-03,PROD-LB-400,2026-03-24,2026-03-24,2026-03-24,1179,completed,,
PO-0001266,PKG-03,PROD-HS-100,2026-03-24,2026-03-24,2026-03-24,1065,completed,,
PO-0001267,PKG-03,PROD-HS-100,2026-03-24,2026-03-24,2026-03-24,805,completed,,
PO-0001268,PKG-03,PROD-HS-100,2026-03-24,2026-03-24,2026-03-24,985,completed,,
PO-0001269,PKG-03,PROD-HS-100,2026-03-24,2026-03-24,2026-03-24,1124,completed,,
PO-0001270,PKG-03,PROD-HS-110,2026-03-24,2026-03-24,2026-03-24,899,completed,,
PO-0001271,PKG-03,PROD-HS-110,2026-03-24,2026-03-24,2026-03-24,670,completed,,
PO-0001272,PKG-04,PROD-VD-500,2026-03-24,2026-03-24,2026-03-24,527,completed,,
PO-0001273,PKG-04,PROD-VD-500,2026-03-24,2026-03-24,2026-03-24,659,completed,,
PO-0001274,PKG-04,PROD-VD-500,2026-03-24,2026-03-24,2026-03-24,623,completed,,
PO-0001275,PKG-04,PROD-VD-500,2026-03-24,2026-03-24,2026-03-24,889,completed,,
PO-0001276,PKG-04,PROD-HS-100,2026-03-24,2026-03-24,2026-03-24,412,completed,,
PO-0001277,PKG-04,PROD-VD-500,2026-03-24,2026-03-24,2026-03-24,452,completed,,
PO-0001278,PKG-04,PROD-VD-500,2026-03-24,2026-03-24,2026-03-24,756,completed,,
PO-0001279,PKG-05,PROD-VD-500,2026-03-24,2026-03-24,2026-03-24,800,completed,,
PO-0001280,PKG-05,PROD-HS-110,2026-03-24,2026-03-24,2026-03-24,685,completed,,
PO-0001281,PKG-05,PROD-HS-110,2026-03-24,2026-03-24,2026-03-24,438,completed,,
PO-0001282,PKG-05,PROD-LB-400,2026-03-24,2026-03-24,2026-03-24,910,completed,,
PO-0001283,PKG-05,PROD-AS-200,2026-03-24,2026-03-24,2026-03-24,650,completed,,
PO-0001284,PKG-05,PROD-VD-500,2026-03-24,2026-03-24,2026-03-24,677,completed,,
PO-0001285,PKG-05,PROD-HS-110,2026-03-24,2026-03-24,2026-03-24,837,completed,,
PO-0001286,PKG-05,PROD-VD-500,2026-03-24,2026-03-24,2026-03-24,509,completed,,
PO-0001287,PKG-06,PROD-DM-300,2026-03-24,2026-03-24,2026-03-24,997,completed,,
PO-0001288,PKG-06,PROD-DM-300,2026-03-24,2026-03-24,2026-03-24,1015,completed,,
PO-0001289,PKG-06,PROD-DM-300,2026-03-24,2026-03-24,2026-03-24,991,completed,,
PO-0001290,PKG-06,PROD-VD-500,2026-03-24,2026-03-24,2026-03-24,1005,completed,,
PO-0001291,PKG-06,PROD-DM-300,2026-03-24,2026-03-24,2026-03-24,1026,completed,,
PO-0001292,PKG-06,PROD-DM-300,2026-03-24,2026-03-24,2026-03-24,1137,completed,,
PO-0001293,PKG-06,PROD-DM-300,2026-03-24,2026-03-24,2026-03-24,1073,completed,,
PO-0001294,PKG-06,PROD-HS-100,2026-03-24,2026-03-24,2026-03-24,1017,completed,,
PO-0001295,PKG-06,PROD-HS-110,2026-03-24,2026-03-24,2026-03-24,928,completed,,
PO-0001296,PKG-01,PROD-DM-300,2026-03-25,2026-03-25,2026-03-25,1013,completed,,
PO-0001297,PKG-01,PROD-DM-300,2026-03-25,2026-03-25,2026-03-25,1435,completed,,
PO-0001298,PKG-01,PROD-VD-500,2026-03-25,2026-03-25,2026-03-25,1274,completed,,
PO-0001299,PKG-01,PROD-DM-300,2026-03-25,2026-03-25,2026-03-25,896,completed,,
PO-0001300,PKG-01,PROD-DM-300,2026-03-25,2026-03-25,2026-03-25,920,completed,,
PO-0001301,PKG-01,PROD-DM-300,2026-03-25,2026-03-25,2026-03-25,781,completed,,
PO-0001302,PKG-01,PROD-HS-100,2026-03-25,2026-03-25,2026-03-25,830,completed,,
PO-0001303,PKG-01,PROD-DM-300,2026-03-25,2026-03-25,2026-03-25,1129,completed,,
PO-0001304,PKG-01,PROD-DM-300,2026-03-25,2026-03-25,2026-03-25,1370,completed,,
PO-0001305,PKG-01,PROD-DM-300,2026-03-25,2026-03-25,2026-03-25,1188,completed,,
PO-0001306,PKG-01,PROD-AS-200,2026-03-25,2026-03-25,2026-03-25,989,completed,,
PO-0001307,PKG-01,PROD-DM-300,2026-03-25,2026-03-25,2026-03-25,1471,completed,,
PO-0001308,PKG-01,PROD-VD-500,2026-03-25,2026-03-25,2026-03-25,1420,completed,,
PO-0001309,PKG-01,PROD-DM-300,2026-03-25,2026-03-25,2026-03-25,1588,completed,,
PO-0001310,PKG-01,PROD-LB-400,2026-03-25,2026-03-25,2026-03-25,784,completed,,
PO-0001311,PKG-01,PROD-DM-300,2026-03-25,2026-03-25,2026-03-25,1411,completed,,
PO-0001312,PKG-01,PROD-DM-300,2026-03-25,2026-03-25,2026-03-25,1454,completed,,
PO-0001313,PKG-02,PROD-HS-100,2026-03-25,2026-03-25,2026-03-25,1402,completed,,
PO-0001314,PKG-02,PROD-HS-100,2026-03-25,2026-03-25,2026-03-25,1427,completed,,
PO-0001315,PKG-02,PROD-HS-100,2026-03-25,2026-03-25,2026-03-25,1432,completed,,
PO-0001316,PKG-02,PROD-HS-100,2026-03-25,2026-03-25,2026-03-25,1161,completed,,
PO-0001317,PKG-02,PROD-HS-100,2026-03-25,2026-03-25,2026-03-25,1454,completed,,
PO-0001318,PKG-02,PROD-AS-200,2026-03-25,2026-03-25,2026-03-25,1160,completed,,
PO-0001319,PKG-02,PROD-HS-100,2026-03-25,2026-03-25,2026-03-25,993,completed,,
PO-0001320,PKG-02,PROD-HS-100,2026-03-25,2026-03-25,2026-03-25,959,completed,,
PO-0001321,PKG-02,PROD-HS-100,2026-03-25,2026-03-25,2026-03-25,1097,completed,,
PO-0001322,PKG-02,PROD-AS-200,2026-03-25,2026-03-25,2026-03-25,1326,completed,,
PO-0001323,PKG-02,PROD-HS-100,2026-03-25,2026-03-25,2026-03-25,642,completed,,
PO-0001324,PKG-02,PROD-LB-400,2026-03-25,2026-03-25,2026-03-25,1199,completed,,
PO-0001325,PKG-02,PROD-HS-100,2026-03-25,2026-03-25,2026-03-25,849,completed,,
PO-0001326,PKG-02,PROD-HS-100,2026-03-25,2026-03-25,2026-03-25,937,completed,,
PO-0001327,PKG-02,PROD-HS-100,2026-03-25,2026-03-25,2026-03-25,1063,completed,,
PO-0001328,PKG-03,PROD-AS-200,2026-03-25,2026-03-25,2026-03-25,899,completed,,
PO-0001329,PKG-03,PROD-LB-400,2026-03-25,2026-03-25,2026-03-25,1212,completed,,
PO-0001330,PKG-03,PROD-HS-100,2026-03-25,2026-03-25,2026-03-25,1240,completed,,
PO-0001331,PKG-03,PROD-LB-400,2026-03-25,2026-03-25,2026-03-25,774,completed,,
PO-0001332,PKG-03,PROD-AS-200,2026-03-25,2026-03-25,2026-03-25,823,completed,,
PO-0001333,PKG-03,PROD-AS-200,2026-03-25,2026-03-25,2026-03-25,728,completed,,
PO-0001334,PKG-03,PROD-HS-110,2026-03-25,2026-03-25,2026-03-25,1067,completed,,
PO-0001335,PKG-03,PROD-HS-100,2026-03-25,2026-03-25,2026-03-25,1125,completed,,
PO-0001336,PKG-04,PROD-VD-500,2026-03-25,2026-03-25,2026-03-25,788,completed,,
PO-0001337,PKG-04,PROD-VD-500,2026-03-25,2026-03-25,2026-03-25,567,completed,,
PO-0001338,PKG-04,PROD-VD-500,2026-03-25,2026-03-25,2026-03-25,690,completed,,
PO-0001339,PKG-04,PROD-VD-500,2026-03-25,2026-03-25,2026-03-25,664,completed,,
PO-0001340,PKG-04,PROD-VD-500,2026-03-25,2026-03-25,2026-03-25,436,completed,,
PO-0001341,PKG-04,PROD-VD-500,2026-03-25,2026-03-25,2026-03-25,684,completed,,
PO-0001342,PKG-04,PROD-VD-500,2026-03-25,2026-03-25,2026-03-25,807,completed,,
PO-0001343,PKG-05,PROD-HS-110,2026-03-25,2026-03-25,2026-03-25,454,completed,,
PO-0001344,PKG-05,PROD-LB-400,2026-03-25,2026-03-25,2026-03-25,702,completed,,
PO-0001345,PKG-05,PROD-HS-100,2026-03-25,2026-03-25,2026-03-25,905,completed,,
PO-0001346,PKG-05,PROD-HS-100,2026-03-25,2026-03-25,2026-03-25,910,completed,,
PO-0001347,PKG-05,PROD-DM-300,2026-03-25,2026-03-25,2026-03-25,712,completed,,
PO-0001348,PKG-05,PROD-HS-110,2026-03-25,2026-03-25,2026-03-25,510,completed,,
PO-0001349,PKG-05,PROD-VD-500,2026-03-25,2026-03-25,2026-03-25,636,completed,,
PO-0001350,PKG-05,PROD-AS-200,2026-03-25,2026-03-25,2026-03-25,542,completed,,
PO-0001351,PKG-06,PROD-DM-300,2026-03-25,2026-03-25,2026-03-25,1123,completed,,
PO-0001352,PKG-06,PROD-DM-300,2026-03-25,2026-03-25,2026-03-25,612,completed,,
PO-0001353,PKG-06,PROD-DM-300,2026-03-25,2026-03-25,2026-03-25,1048,completed,,
PO-0001354,PKG-06,PROD-DM-300,2026-03-25,2026-03-25,2026-03-25,691,completed,,
PO-0001355,PKG-06,PROD-DM-300,2026-03-25,2026-03-25,2026-03-25,1038,completed,,
PO-0001356,PKG-06,PROD-DM-300,2026-03-25,2026-03-25,2026-03-25,611,completed,,
PO-0001357,PKG-06,PROD-DM-300,2026-03-25,2026-03-25,2026-03-25,559,completed,,
PO-0001358,PKG-06,PROD-DM-300,2026-03-25,2026-03-25,2026-03-25,919,completed,,
PO-0001359,PKG-06,PROD-DM-300,2026-03-25,2026-03-25,2026-03-25,927,completed,,
PO-0001360,PKG-01,PROD-DM-300,2026-03-26,2026-03-26,2026-03-26,1073,completed,,
PO-0001361,PKG-01,PROD-HS-110,2026-03-26,2026-03-26,2026-03-26,1286,completed,,
PO-0001362,PKG-01,PROD-DM-300,2026-03-26,2026-03-26,2026-03-26,1017,completed,,
PO-0001363,PKG-01,PROD-DM-300,2026-03-26,2026-03-26,2026-03-26,977,completed,,
PO-0001364,PKG-01,PROD-DM-300,2026-03-26,2026-03-26,2026-03-26,1460,completed,,
PO-0001365,PKG-01,PROD-DM-300,2026-03-26,2026-03-26,2026-03-26,1062,completed,,
PO-0001366,PKG-01,PROD-DM-300,2026-03-26,2026-03-26,2026-03-26,791,completed,,
PO-0001367,PKG-01,PROD-AS-200,2026-03-26,2026-03-26,2026-03-26,1413,completed,,
PO-0001368,PKG-01,PROD-DM-300,2026-03-26,2026-03-26,2026-03-26,1343,completed,,
PO-0001369,PKG-01,PROD-DM-300,2026-03-26,2026-03-26,2026-03-26,1241,completed,,
PO-0001370,PKG-01,PROD-VD-500,2026-03-26,2026-03-26,2026-03-26,1162,completed,,
PO-0001371,PKG-01,PROD-DM-300,2026-03-26,2026-03-26,2026-03-26,697,completed,,
PO-0001372,PKG-01,PROD-VD-500,2026-03-26,2026-03-26,2026-03-26,1457,completed,,
PO-0001373,PKG-01,PROD-HS-110,2026-03-26,2026-03-26,2026-03-26,1351,completed,,
PO-0001374,PKG-01,PROD-DM-300,2026-03-26,2026-03-26,2026-03-26,1046,completed,,
PO-0001375,PKG-01,PROD-DM-300,2026-03-26,2026-03-26,2026-03-26,1115,completed,,
PO-0001376,PKG-01,PROD-DM-300,2026-03-26,2026-03-26,2026-03-26,992,completed,,
PO-0001377,PKG-02,PROD-LB-400,2026-03-26,2026-03-26,2026-03-26,806,completed,,
PO-0001378,PKG-02,PROD-HS-100,2026-03-26,2026-03-26,2026-03-26,1075,completed,,
PO-0001379,PKG-02,PROD-HS-100,2026-03-26,2026-03-26,2026-03-26,1233,completed,,
PO-0001380,PKG-02,PROD-LB-400,2026-03-26,2026-03-26,2026-03-26,1157,completed,,
PO-0001381,PKG-02,PROD-LB-400,2026-03-26,2026-03-26,2026-03-26,1082,completed,,
PO-0001382,PKG-02,PROD-HS-100,2026-03-26,2026-03-26,2026-03-26,875,completed,,
PO-0001383,PKG-02,PROD-HS-100,2026-03-26,2026-03-26,2026-03-26,789,completed,,
PO-0001384,PKG-02,PROD-HS-100,2026-03-26,2026-03-26,2026-03-26,1332,completed,,
PO-0001385,PKG-02,PROD-HS-100,2026-03-26,2026-03-26,2026-03-26,686,completed,,
PO-0001386,PKG-02,PROD-HS-110,2026-03-26,2026-03-26,2026-03-26,1286,completed,,
PO-0001387,PKG-02,PROD-HS-100,2026-03-26,2026-03-26,2026-03-26,961,completed,,
PO-0001388,PKG-02,PROD-AS-200,2026-03-26,2026-03-26,2026-03-26,1023,completed,,
PO-0001389,PKG-02,PROD-AS-200,2026-03-26,2026-03-26,2026-03-26,1080,completed,,
PO-0001390,PKG-02,PROD-HS-110,2026-03-26,2026-03-26,2026-03-26,1403,completed,,
PO-0001391,PKG-02,PROD-LB-400,2026-03-26,2026-03-26,2026-03-26,676,completed,,
PO-0001392,PKG-03,PROD-HS-100,2026-03-26,2026-03-26,2026-03-26,1019,completed,,
PO-0001393,PKG-03,PROD-AS-200,2026-03-26,2026-03-26,2026-03-26,939,completed,,
PO-0001394,PKG-03,PROD-AS-200,2026-03-26,2026-03-26,2026-03-26,696,completed,,
PO-0001395,PKG-03,PROD-HS-110,2026-03-26,2026-03-26,2026-03-26,561,completed,,
PO-0001396,PKG-03,PROD-AS-200,2026-03-26,2026-03-26,2026-03-26,668,completed,,
PO-0001397,PKG-03,PROD-HS-110,2026-03-26,2026-03-26,2026-03-26,1096,completed,,
PO-0001398,PKG-03,PROD-HS-100,2026-03-26,2026-03-26,2026-03-26,1031,completed,,
PO-0001399,PKG-03,PROD-VD-500,2026-03-26,2026-03-26,2026-03-26,860,completed,,
PO-0001400,PKG-04,PROD-VD-500,2026-03-26,2026-03-26,2026-03-26,581,completed,,
PO-0001401,PKG-04,PROD-VD-500,2026-03-26,2026-03-26,2026-03-26,889,completed,,
PO-0001402,PKG-04,PROD-VD-500,2026-03-26,2026-03-26,2026-03-26,495,completed,,
PO-0001403,PKG-04,PROD-VD-500,2026-03-26,2026-03-26,2026-03-26,835,completed,,
PO-0001404,PKG-04,PROD-VD-500,2026-03-26,2026-03-26,2026-03-26,577,completed,,
PO-0001405,PKG-04,PROD-VD-500,2026-03-26,2026-03-26,2026-03-26,886,completed,,
PO-0001406,PKG-04,PROD-VD-500,2026-03-26,2026-03-26,2026-03-26,883,completed,,
PO-0001407,PKG-05,PROD-HS-100,2026-03-26,2026-03-26,2026-03-26,772,completed,,
PO-0001408,PKG-05,PROD-HS-110,2026-03-26,2026-03-26,2026-03-26,643,completed,,
PO-0001409,PKG-05,PROD-LB-400,2026-03-26,2026-03-26,2026-03-26,789,completed,,
PO-0001410,PKG-05,PROD-AS-200,2026-03-26,2026-03-26,2026-03-26,884,completed,,
PO-0001411,PKG-05,PROD-AS-200,2026-03-26,2026-03-26,2026-03-26,567,completed,,
PO-0001412,PKG-05,PROD-HS-110,2026-03-26,2026-03-26,2026-03-26,484,completed,,
PO-0001413,PKG-05,PROD-HS-110,2026-03-26,2026-03-26,2026-03-26,600,completed,,
PO-0001414,PKG-05,PROD-HS-110,2026-03-26,2026-03-26,2026-03-26,726,completed,,
PO-0001415,PKG-06,PROD-AS-200,2026-03-26,2026-03-26,2026-03-26,1013,completed,,
PO-0001416,PKG-06,PROD-DM-300,2026-03-26,2026-03-26,2026-03-26,1026,completed,,
PO-0001417,PKG-06,PROD-DM-300,2026-03-26,2026-03-26,2026-03-26,635,completed,,
PO-0001418,PKG-06,PROD-VD-500,2026-03-26,2026-03-26,2026-03-26,983,completed,,
PO-0001419,PKG-06,PROD-DM-300,2026-03-26,2026-03-26,2026-03-26,569,completed,,
PO-0001420,PKG-06,PROD-HS-100,2026-03-26,2026-03-26,2026-03-26,1093,completed,,
PO-0001421,PKG-06,PROD-DM-300,2026-03-26,2026-03-26,2026-03-26,926,completed,,
PO-0001422,PKG-06,PROD-AS-200,2026-03-26,2026-03-26,2026-03-26,509,completed,,
PO-0001423,PKG-06,PROD-DM-300,2026-03-26,2026-03-26,2026-03-26,669,completed,,
PO-0001424,PKG-01,PROD-DM-300,2026-03-27,2026-03-27,2026-03-27,919,completed,,
PO-0001425,PKG-01,PROD-HS-100,2026-03-27,2026-03-27,2026-03-27,1223,completed,,
PO-0001426,PKG-01,PROD-DM-300,2026-03-27,2026-03-27,2026-03-27,1412,completed,,
PO-0001427,PKG-01,PROD-DM-300,2026-03-27,2026-03-27,2026-03-27,1486,completed,,
PO-0001428,PKG-01,PROD-DM-300,2026-03-27,2026-03-27,2026-03-27,1260,completed,,
PO-0001429,PKG-01,PROD-DM-300,2026-03-27,2026-03-27,2026-03-27,1069,completed,,
PO-0001430,PKG-01,PROD-DM-300,2026-03-27,2026-03-27,2026-03-27,925,completed,,
PO-0001431,PKG-01,PROD-DM-300,2026-03-27,2026-03-27,2026-03-27,963,completed,,
PO-0001432,PKG-01,PROD-DM-300,2026-03-27,2026-03-27,2026-03-27,735,completed,,
PO-0001433,PKG-01,PROD-AS-200,2026-03-27,2026-03-27,2026-03-27,1000,completed,,
PO-0001434,PKG-01,PROD-DM-300,2026-03-27,2026-03-27,2026-03-27,1089,completed,,
PO-0001435,PKG-01,PROD-LB-400,2026-03-27,2026-03-27,2026-03-27,1447,completed,,
PO-0001436,PKG-01,PROD-AS-200,2026-03-27,2026-03-27,2026-03-27,1057,completed,,
PO-0001437,PKG-01,PROD-DM-300,2026-03-27,2026-03-27,2026-03-27,696,completed,,
PO-0001438,PKG-01,PROD-DM-300,2026-03-27,2026-03-27,2026-03-27,957,completed,,
PO-0001439,PKG-01,PROD-DM-300,2026-03-27,2026-03-27,2026-03-27,678,completed,,
PO-0001440,PKG-01,PROD-DM-300,2026-03-27,2026-03-27,2026-03-27,1438,completed,,
PO-0001441,PKG-01,PROD-DM-300,2026-03-27,2026-03-27,2026-03-27,823,completed,,
PO-0001442,PKG-02,PROD-AS-200,2026-03-27,2026-03-27,2026-03-27,1377,completed,,
PO-0001443,PKG-02,PROD-HS-100,2026-03-27,2026-03-27,2026-03-27,991,completed,,
PO-0001444,PKG-02,PROD-HS-100,2026-03-27,2026-03-27,2026-03-27,873,completed,,
PO-0001445,PKG-02,PROD-HS-100,2026-03-27,2026-03-27,2026-03-27,1374,completed,,
PO-0001446,PKG-02,PROD-HS-100,2026-03-27,2026-03-27,2026-03-27,777,completed,,
PO-0001447,PKG-02,PROD-HS-100,2026-03-27,2026-03-27,2026-03-27,1208,completed,,
PO-0001448,PKG-02,PROD-HS-100,2026-03-27,2026-03-27,2026-03-27,1270,completed,,
PO-0001449,PKG-02,PROD-HS-110,2026-03-27,2026-03-27,2026-03-27,1380,completed,,
PO-0001450,PKG-02,PROD-HS-100,2026-03-27,2026-03-27,2026-03-27,1176,completed,,
PO-0001451,PKG-02,PROD-HS-110,2026-03-27,2026-03-27,2026-03-27,692,completed,,
PO-0001452,PKG-02,PROD-HS-100,2026-03-27,2026-03-27,2026-03-27,1093,completed,,
PO-0001453,PKG-02,PROD-HS-100,2026-03-27,2026-03-27,2026-03-27,1228,completed,,
PO-0001454,PKG-02,PROD-HS-100,2026-03-27,2026-03-27,2026-03-27,825,completed,,
PO-0001455,PKG-02,PROD-HS-100,2026-03-27,2026-03-27,2026-03-27,1274,completed,,
PO-0001456,PKG-02,PROD-HS-100,2026-03-27,2026-03-27,2026-03-27,1251,completed,,
PO-0001457,PKG-03,PROD-HS-100,2026-03-27,2026-03-27,2026-03-27,733,completed,,
PO-0001458,PKG-03,PROD-LB-400,2026-03-27,2026-03-27,2026-03-27,1080,completed,,
PO-0001459,PKG-03,PROD-AS-200,2026-03-27,2026-03-27,2026-03-27,604,completed,,
PO-0001460,PKG-03,PROD-HS-110,2026-03-27,2026-03-27,2026-03-27,710,completed,,
PO-0001461,PKG-03,PROD-HS-110,2026-03-27,2026-03-27,2026-03-27,732,completed,,
PO-0001462,PKG-03,PROD-HS-110,2026-03-27,2026-03-27,2026-03-27,987,completed,,
PO-0001463,PKG-03,PROD-LB-400,2026-03-27,2026-03-27,2026-03-27,624,completed,,
PO-0001464,PKG-03,PROD-AS-200,2026-03-27,2026-03-27,2026-03-27,888,completed,,
PO-0001465,PKG-04,PROD-VD-500,2026-03-27,2026-03-27,2026-03-27,901,completed,,
PO-0001466,PKG-04,PROD-VD-500,2026-03-27,2026-03-27,2026-03-27,690,completed,,
PO-0001467,PKG-04,PROD-VD-500,2026-03-27,2026-03-27,2026-03-27,886,completed,,
PO-0001468,PKG-04,PROD-VD-500,2026-03-27,2026-03-27,2026-03-27,498,completed,,
PO-0001469,PKG-04,PROD-VD-500,2026-03-27,2026-03-27,2026-03-27,678,completed,,
PO-0001470,PKG-04,PROD-VD-500,2026-03-27,2026-03-27,2026-03-27,635,completed,,
PO-0001471,PKG-04,PROD-VD-500,2026-03-27,2026-03-27,2026-03-27,525,completed,,
PO-0001472,PKG-05,PROD-AS-200,2026-03-27,2026-03-27,2026-03-27,813,completed,,
PO-0001473,PKG-05,PROD-LB-400,2026-03-27,2026-03-27,2026-03-27,417,completed,,
PO-0001474,PKG-05,PROD-HS-110,2026-03-27,2026-03-27,2026-03-27,581,completed,,
PO-0001475,PKG-05,PROD-HS-110,2026-03-27,2026-03-27,2026-03-27,449,completed,,
PO-0001476,PKG-05,PROD-HS-110,2026-03-27,2026-03-27,2026-03-27,732,completed,,
PO-0001477,PKG-05,PROD-LB-400,2026-03-27,2026-03-27,2026-03-27,487,completed,,
PO-0001478,PKG-05,PROD-LB-400,2026-03-27,2026-03-27,2026-03-27,738,completed,,
PO-0001479,PKG-05,PROD-DM-300,2026-03-27,2026-03-27,2026-03-27,656,completed,,
PO-0001480,PKG-06,PROD-DM-300,2026-03-27,2026-03-27,2026-03-27,798,completed,,
PO-0001481,PKG-06,PROD-DM-300,2026-03-27,2026-03-27,2026-03-27,859,completed,,
PO-0001482,PKG-06,PROD-DM-300,2026-03-27,2026-03-27,2026-03-27,1140,completed,,
PO-0001483,PKG-06,PROD-DM-300,2026-03-27,2026-03-27,2026-03-27,696,completed,,
PO-0001484,PKG-06,PROD-DM-300,2026-03-27,2026-03-27,2026-03-27,900,completed,,
PO-0001485,PKG-06,PROD-DM-300,2026-03-27,2026-03-27,2026-03-27,1107,completed,,
PO-0001486,PKG-06,PROD-LB-400,2026-03-27,2026-03-27,2026-03-27,1020,completed,,
PO-0001487,PKG-06,PROD-DM-300,2026-03-27,2026-03-27,2026-03-27,1127,completed,,
PO-0001488,PKG-06,PROD-DM-300,2026-03-27,2026-03-27,2026-03-27,647,completed,,
PO-0001489,PKG-01,PROD-DM-300,2026-03-28,2026-03-28,2026-03-28,806,completed,,
PO-0001490,PKG-01,PROD-VD-500,2026-03-28,2026-03-28,2026-03-28,1371,completed,,
PO-0001491,PKG-01,PROD-DM-300,2026-03-28,2026-03-28,2026-03-28,1375,completed,,
PO-0001492,PKG-01,PROD-HS-100,2026-03-28,2026-03-28,2026-03-28,1174,completed,,
PO-0001493,PKG-01,PROD-HS-110,2026-03-28,2026-03-28,2026-03-28,723,completed,,
PO-0001494,PKG-01,PROD-DM-300,2026-03-28,2026-03-28,2026-03-28,1146,completed,,
PO-0001495,PKG-01,PROD-DM-300,2026-03-28,2026-03-28,2026-03-28,1404,completed,,
PO-0001496,PKG-01,PROD-DM-300,2026-03-28,2026-03-28,2026-03-28,1219,completed,,
PO-0001497,PKG-01,PROD-AS-200,2026-03-28,2026-03-28,2026-03-28,1252,completed,,
PO-0001498,PKG-01,PROD-DM-300,2026-03-28,2026-03-28,2026-03-28,1000,completed,,
PO-0001499,PKG-01,PROD-HS-110,2026-03-28,2026-03-28,2026-03-28,1136,completed,,
PO-0001500,PKG-01,PROD-DM-300,2026-03-28,2026-03-28,2026-03-28,1489,completed,,
PO-0001501,PKG-01,PROD-DM-300,2026-03-28,2026-03-28,2026-03-28,1453,completed,,
PO-0001502,PKG-01,PROD-VD-500,2026-03-28,2026-03-28,2026-03-28,941,completed,,
PO-0001503,PKG-01,PROD-DM-300,2026-03-28,2026-03-28,2026-03-28,693,completed,,
PO-0001504,PKG-01,PROD-DM-300,2026-03-28,2026-03-28,2026-03-28,705,completed,,
PO-0001505,PKG-01,PROD-DM-300,2026-03-28,2026-03-28,2026-03-28,851,completed,,
PO-0001506,PKG-01,PROD-DM-300,2026-03-28,2026-03-28,2026-03-28,754,completed,,
PO-0001507,PKG-02,PROD-AS-200,2026-03-28,2026-03-28,2026-03-28,1005,completed,,
PO-0001508,PKG-02,PROD-HS-100,2026-03-28,2026-03-28,2026-03-28,733,completed,,
PO-0001509,PKG-02,PROD-HS-100,2026-03-28,2026-03-28,2026-03-28,1156,completed,,
PO-0001510,PKG-02,PROD-HS-100,2026-03-28,2026-03-28,2026-03-28,1248,completed,,
PO-0001511,PKG-02,PROD-HS-100,2026-03-28,2026-03-28,2026-03-28,881,completed,,
PO-0001512,PKG-02,PROD-HS-100,2026-03-28,2026-03-28,2026-03-28,597,completed,,
PO-0001513,PKG-02,PROD-HS-100,2026-03-28,2026-03-28,2026-03-28,712,completed,,
PO-0001514,PKG-02,PROD-HS-100,2026-03-28,2026-03-28,2026-03-28,799,completed,,
PO-0001515,PKG-02,PROD-LB-400,2026-03-28,2026-03-28,2026-03-28,728,completed,,
PO-0001516,PKG-02,PROD-HS-100,2026-03-28,2026-03-28,2026-03-28,979,completed,,
PO-0001517,PKG-02,PROD-HS-100,2026-03-28,2026-03-28,2026-03-28,1179,completed,,
PO-0001518,PKG-02,PROD-HS-100,2026-03-28,2026-03-28,2026-03-28,746,completed,,
PO-0001519,PKG-02,PROD-HS-110,2026-03-28,2026-03-28,2026-03-28,672,completed,,
PO-0001520,PKG-02,PROD-HS-100,2026-03-28,2026-03-28,2026-03-28,1126,completed,,
PO-0001521,PKG-02,PROD-HS-100,2026-03-28,2026-03-28,2026-03-28,1217,completed,,
PO-0001522,PKG-02,PROD-HS-100,2026-03-28,2026-03-28,2026-03-28,1085,completed,,
PO-0001523,PKG-03,PROD-HS-100,2026-03-28,2026-03-28,2026-03-28,800,completed,,
PO-0001524,PKG-03,PROD-DM-300,2026-03-28,2026-03-28,2026-03-28,611,completed,,
PO-0001525,PKG-03,PROD-LB-400,2026-03-28,2026-03-28,2026-03-28,561,completed,,
PO-0001526,PKG-03,PROD-HS-100,2026-03-28,2026-03-28,2026-03-28,996,completed,,
PO-0001527,PKG-03,PROD-AS-200,2026-03-28,2026-03-28,2026-03-28,670,completed,,
PO-0001528,PKG-03,PROD-LB-400,2026-03-28,2026-03-28,2026-03-28,628,completed,,
PO-0001529,PKG-03,PROD-HS-100,2026-03-28,2026-03-28,2026-03-28,713,completed,,
PO-0001530,PKG-03,PROD-HS-100,2026-03-28,2026-03-28,2026-03-28,1205,completed,,
PO-0001531,PKG-04,PROD-VD-500,2026-03-28,2026-03-28,2026-03-28,562,completed,,
PO-0001532,PKG-04,PROD-VD-500,2026-03-28,2026-03-28,2026-03-28,782,completed,,
PO-0001533,PKG-04,PROD-VD-500,2026-03-28,2026-03-28,2026-03-28,471,completed,,
PO-0001534,PKG-04,PROD-VD-500,2026-03-28,2026-03-28,2026-03-28,760,completed,,
PO-0001535,PKG-04,PROD-VD-500,2026-03-28,2026-03-28,2026-03-28,523,completed,,
PO-0001536,PKG-04,PROD-VD-500,2026-03-28,2026-03-28,2026-03-28,810,completed,,
PO-0001537,PKG-04,PROD-VD-500,2026-03-28,2026-03-28,2026-03-28,772,completed,,
PO-0001538,PKG-05,PROD-LB-400,2026-03-28,2026-03-28,2026-03-28,457,completed,,
PO-0001539,PKG-05,PROD-LB-400,2026-03-28,2026-03-28,2026-03-28,532,completed,,
PO-0001540,PKG-05,PROD-AS-200,2026-03-28,2026-03-28,2026-03-28,670,completed,,
PO-0001541,PKG-05,PROD-VD-500,2026-03-28,2026-03-28,2026-03-28,702,completed,,
PO-0001542,PKG-05,PROD-LB-400,2026-03-28,2026-03-28,2026-03-28,786,completed,,
PO-0001543,PKG-05,PROD-LB-400,2026-03-28,2026-03-28,2026-03-28,570,completed,,
PO-0001544,PKG-05,PROD-LB-400,2026-03-28,2026-03-28,2026-03-28,469,completed,,
PO-0001545,PKG-05,PROD-AS-200,2026-03-28,2026-03-28,2026-03-28,538,completed,,
PO-0001546,PKG-06,PROD-DM-300,2026-03-28,2026-03-28,2026-03-28,913,completed,,
PO-0001547,PKG-06,PROD-DM-300,2026-03-28,2026-03-28,2026-03-28,530,completed,,
PO-0001548,PKG-06,PROD-DM-300,2026-03-28,2026-03-28,2026-03-28,723,completed,,
PO-0001549,PKG-06,PROD-DM-300,2026-03-28,2026-03-28,2026-03-28,740,completed,,
PO-0001550,PKG-06,PROD-AS-200,2026-03-28,2026-03-28,2026-03-28,852,completed,,
PO-0001551,PKG-06,PROD-DM-300,2026-03-28,2026-03-28,2026-03-28,798,completed,,
PO-0001552,PKG-06,PROD-HS-100,2026-03-28,2026-03-28,2026-03-28,695,completed,,
PO-0001553,PKG-06,PROD-DM-300,2026-03-28,2026-03-28,2026-03-28,588,completed,,
PO-0001554,PKG-06,PROD-LB-400,2026-03-28,2026-03-28,2026-03-28,679,completed,,
PO-0001555,PKG-01,PROD-DM-300,2026-03-30,2026-03-30,2026-03-30,747,completed,,
PO-0001556,PKG-01,PROD-DM-300,2026-03-30,2026-03-30,2026-03-30,1568,completed,,
PO-0001557,PKG-01,PROD-DM-300,2026-03-30,2026-03-30,2026-03-30,1210,completed,,
PO-0001558,PKG-01,PROD-DM-300,2026-03-30,2026-03-30,2026-03-30,1088,completed,,
PO-0001559,PKG-01,PROD-DM-300,2026-03-30,2026-03-30,2026-03-30,939,completed,,
PO-0001560,PKG-01,PROD-VD-500,2026-03-30,2026-03-30,2026-03-30,1334,completed,,
PO-0001561,PKG-01,PROD-DM-300,2026-03-30,2026-03-30,2026-03-30,745,completed,,
PO-0001562,PKG-01,PROD-DM-300,2026-03-30,2026-03-30,2026-03-30,1189,completed,,
PO-0001563,PKG-01,PROD-DM-300,2026-03-30,2026-03-30,2026-03-30,1085,completed,,
PO-0001564,PKG-01,PROD-DM-300,2026-03-30,2026-03-30,2026-03-30,730,completed,,
PO-0001565,PKG-01,PROD-DM-300,2026-03-30,2026-03-30,2026-03-30,1583,completed,,
PO-0001566,PKG-01,PROD-LB-400,2026-03-30,2026-03-30,2026-03-30,1375,completed,,
PO-0001567,PKG-01,PROD-DM-300,2026-03-30,2026-03-30,2026-03-30,1153,completed,,
PO-0001568,PKG-01,PROD-DM-300,2026-03-30,2026-03-30,2026-03-30,769,completed,,
PO-0001569,PKG-01,PROD-DM-300,2026-03-30,2026-03-30,2026-03-30,1460,completed,,
PO-0001570,PKG-01,PROD-DM-300,2026-03-30,2026-03-30,2026-03-30,1321,completed,,
PO-0001571,PKG-01,PROD-DM-300,2026-03-30,2026-03-30,2026-03-30,1484,completed,,
PO-0001572,PKG-02,PROD-AS-200,2026-03-30,2026-03-30,2026-03-30,817,completed,,
PO-0001573,PKG-02,PROD-AS-200,2026-03-30,2026-03-30,2026-03-30,775,completed,,
PO-0001574,PKG-02,PROD-HS-100,2026-03-30,2026-03-30,2026-03-30,1053,completed,,
PO-0001575,PKG-02,PROD-HS-100,2026-03-30,2026-03-30,2026-03-30,1038,completed,,
PO-0001576,PKG-02,PROD-LB-400,2026-03-30,2026-03-30,2026-03-30,1422,completed,,
PO-0001577,PKG-02,PROD-HS-100,2026-03-30,2026-03-30,2026-03-30,1221,completed,,
PO-0001578,PKG-02,PROD-HS-100,2026-03-30,2026-03-30,2026-03-30,759,completed,,
PO-0001579,PKG-02,PROD-HS-100,2026-03-30,2026-03-30,2026-03-30,772,completed,,
PO-0001580,PKG-02,PROD-LB-400,2026-03-30,2026-03-30,2026-03-30,926,completed,,
PO-0001581,PKG-02,PROD-HS-100,2026-03-30,2026-03-30,2026-03-30,1326,completed,,
PO-0001582,PKG-02,PROD-HS-110,2026-03-30,2026-03-30,2026-03-30,1209,completed,,
PO-0001583,PKG-02,PROD-HS-110,2026-03-30,2026-03-30,2026-03-30,1440,completed,,
PO-0001584,PKG-02,PROD-HS-110,2026-03-30,2026-03-30,2026-03-30,915,completed,,
PO-0001585,PKG-02,PROD-HS-100,2026-03-30,2026-03-30,2026-03-30,1175,completed,,
PO-0001586,PKG-02,PROD-HS-100,2026-03-30,2026-03-30,2026-03-30,930,completed,,
PO-0001587,PKG-03,PROD-AS-200,2026-03-30,2026-03-30,2026-03-30,973,completed,,
PO-0001588,PKG-03,PROD-LB-400,2026-03-30,2026-03-30,2026-03-30,575,completed,,
PO-0001589,PKG-03,PROD-AS-200,2026-03-30,2026-03-30,2026-03-30,870,completed,,
PO-0001590,PKG-03,PROD-HS-110,2026-03-30,2026-03-30,2026-03-30,618,completed,,
PO-0001591,PKG-03,PROD-AS-200,2026-03-30,2026-03-30,2026-03-30,883,completed,,
PO-0001592,PKG-03,PROD-AS-200,2026-03-30,2026-03-30,2026-03-30,1064,completed,,
PO-0001593,PKG-03,PROD-HS-110,2026-03-30,2026-03-30,2026-03-30,905,completed,,
PO-0001594,PKG-03,PROD-LB-400,2026-03-30,2026-03-30,2026-03-30,851,completed,,
PO-0001595,PKG-03,PROD-AS-200,2026-03-30,2026-03-30,2026-03-30,517,completed,,
PO-0001596,PKG-04,PROD-VD-500,2026-03-30,2026-03-30,2026-03-30,826,completed,,
PO-0001597,PKG-04,PROD-VD-500,2026-03-30,2026-03-30,2026-03-30,631,completed,,
PO-0001598,PKG-04,PROD-VD-500,2026-03-30,2026-03-30,2026-03-30,848,completed,,
PO-0001599,PKG-04,PROD-VD-500,2026-03-30,2026-03-30,2026-03-30,882,completed,,
PO-0001600,PKG-04,PROD-VD-500,2026-03-30,2026-03-30,2026-03-30,475,completed,,
PO-0001601,PKG-04,PROD-DM-300,2026-03-30,2026-03-30,2026-03-30,457,completed,,
PO-0001602,PKG-04,PROD-VD-500,2026-03-30,2026-03-30,2026-03-30,478,completed,,
PO-0001603,PKG-05,PROD-AS-200,2026-03-30,2026-03-30,2026-03-30,842,completed,,
PO-0001604,PKG-05,PROD-LB-400,2026-03-30,2026-03-30,2026-03-30,856,completed,,
PO-0001605,PKG-05,PROD-LB-400,2026-03-30,2026-03-30,2026-03-30,799,completed,,
PO-0001606,PKG-05,PROD-AS-200,2026-03-30,2026-03-30,2026-03-30,760,completed,,
PO-0001607,PKG-05,PROD-VD-500,2026-03-30,2026-03-30,2026-03-30,933,completed,,
PO-0001608,PKG-05,PROD-AS-200,2026-03-30,2026-03-30,2026-03-30,733,completed,,
PO-0001609,PKG-05,PROD-VD-500,2026-03-30,2026-03-30,2026-03-30,601,completed,,
PO-0001610,PKG-05,PROD-LB-400,2026-03-30,2026-03-30,2026-03-30,639,completed,,
PO-0001611,PKG-06,PROD-DM-300,2026-03-30,2026-03-30,2026-03-30,500,completed,,
PO-0001612,PKG-06,PROD-DM-300,2026-03-30,2026-03-30,2026-03-30,678,completed,,
PO-0001613,PKG-06,PROD-VD-500,2026-03-30,2026-03-30,2026-03-30,814,completed,,
PO-0001614,PKG-06,PROD-DM-300,2026-03-30,2026-03-30,2026-03-30,716,completed,,
PO-0001615,PKG-06,PROD-VD-500,2026-03-30,2026-03-30,2026-03-30,814,completed,,
PO-0001616,PKG-06,PROD-DM-300,2026-03-30,2026-03-30,2026-03-30,1073,completed,,
PO-0001617,PKG-06,PROD-DM-300,2026-03-30,2026-03-30,2026-03-30,518,completed,,
PO-0001618,PKG-06,PROD-DM-300,2026-03-30,2026-03-30,2026-03-30,626,completed,,
PO-0001619,PKG-06,PROD-DM-300,2026-03-30,2026-03-30,2026-03-30,786,completed,,
PO-0001620,PKG-01,PROD-LB-400,2026-03-31,2026-03-31,2026-03-31,1498,completed,,
PO-0001621,PKG-01,PROD-VD-500,2026-03-31,2026-03-31,2026-03-31,1255,completed,,
PO-0001622,PKG-01,PROD-DM-300,2026-03-31,2026-03-31,2026-03-31,1603,completed,,
PO-0001623,PKG-01,PROD-DM-300,2026-03-31,2026-03-31,2026-03-31,927,completed,,
PO-0001624,PKG-01,PROD-HS-100,2026-03-31,2026-03-31,2026-03-31,1066,completed,,
PO-0001625,PKG-01,PROD-DM-300,2026-03-31,2026-03-31,2026-03-31,1549,completed,,
PO-0001626,PKG-01,PROD-DM-300,2026-03-31,2026-03-31,2026-03-31,1169,completed,,
PO-0001627,PKG-01,PROD-DM-300,2026-03-31,2026-03-31,2026-03-31,1344,completed,,
PO-0001628,PKG-01,PROD-VD-500,2026-03-31,2026-03-31,2026-03-31,1236,completed,,
PO-0001629,PKG-01,PROD-DM-300,2026-03-31,2026-03-31,2026-03-31,695,completed,,
PO-0001630,PKG-01,PROD-DM-300,2026-03-31,2026-03-31,2026-03-31,1239,completed,,
PO-0001631,PKG-01,PROD-VD-500,2026-03-31,2026-03-31,2026-03-31,730,completed,,
PO-0001632,PKG-01,PROD-AS-200,2026-03-31,2026-03-31,2026-03-31,1218,completed,,
PO-0001633,PKG-01,PROD-VD-500,2026-03-31,2026-03-31,2026-03-31,1008,completed,,
PO-0001634,PKG-01,PROD-DM-300,2026-03-31,2026-03-31,2026-03-31,1049,completed,,
PO-0001635,PKG-01,PROD-HS-110,2026-03-31,2026-03-31,2026-03-31,899,completed,,
PO-0001636,PKG-01,PROD-VD-500,2026-03-31,2026-03-31,2026-03-31,1151,completed,,
PO-0001637,PKG-02,PROD-LB-400,2026-03-31,2026-03-31,2026-03-31,1026,completed,,
PO-0001638,PKG-02,PROD-HS-100,2026-03-31,2026-03-31,2026-03-31,1418,completed,,
PO-0001639,PKG-02,PROD-HS-100,2026-03-31,2026-03-31,2026-03-31,1202,completed,,
PO-0001640,PKG-02,PROD-HS-100,2026-03-31,2026-03-31,2026-03-31,1114,completed,,
PO-0001641,PKG-02,PROD-AS-200,2026-03-31,2026-03-31,2026-03-31,959,completed,,
PO-0001642,PKG-02,PROD-HS-100,2026-03-31,2026-03-31,2026-03-31,1402,completed,,
PO-0001643,PKG-02,PROD-AS-200,2026-03-31,2026-03-31,2026-03-31,825,completed,,
PO-0001644,PKG-02,PROD-LB-400,2026-03-31,2026-03-31,2026-03-31,1173,completed,,
PO-0001645,PKG-02,PROD-HS-110,2026-03-31,2026-03-31,2026-03-31,1131,completed,,
PO-0001646,PKG-02,PROD-LB-400,2026-03-31,2026-03-31,2026-03-31,654,completed,,
PO-0001647,PKG-02,PROD-HS-100,2026-03-31,2026-03-31,2026-03-31,705,completed,,
PO-0001648,PKG-02,PROD-HS-100,2026-03-31,2026-03-31,2026-03-31,1393,completed,,
PO-0001649,PKG-02,PROD-HS-100,2026-03-31,2026-03-31,2026-03-31,1452,completed,,
PO-0001650,PKG-02,PROD-LB-400,2026-03-31,2026-03-31,2026-03-31,1212,completed,,
PO-0001651,PKG-02,PROD-HS-100,2026-03-31,2026-03-31,2026-03-31,1408,completed,,
PO-0001652,PKG-03,PROD-HS-100,2026-03-31,2026-03-31,2026-03-31,728,completed,,
PO-0001653,PKG-03,PROD-AS-200,2026-03-31,2026-03-31,2026-03-31,1105,completed,,
PO-0001654,PKG-03,PROD-AS-200,2026-03-31,2026-03-31,2026-03-31,786,completed,,
PO-0001655,PKG-03,PROD-HS-100,2026-03-31,2026-03-31,2026-03-31,663,completed,,
PO-0001656,PKG-03,PROD-LB-400,2026-03-31,2026-03-31,2026-03-31,849,completed,,
PO-0001657,PKG-03,PROD-HS-110,2026-03-31,2026-03-31,2026-03-31,646,completed,,
PO-0001658,PKG-03,PROD-HS-110,2026-03-31,2026-03-31,2026-03-31,883,completed,,
PO-0001659,PKG-03,PROD-LB-400,2026-03-31,2026-03-31,2026-03-31,687,completed,,
PO-0001660,PKG-03,PROD-LB-400,2026-03-31,2026-03-31,2026-03-31,914,completed,,
PO-0001661,PKG-04,PROD-VD-500,2026-03-31,2026-03-31,2026-03-31,614,completed,,
PO-0001662,PKG-04,PROD-VD-500,2026-03-31,2026-03-31,2026-03-31,481,completed,,
PO-0001663,PKG-04,PROD-HS-110,2026-03-31,2026-03-31,2026-03-31,544,completed,,
PO-0001664,PKG-04,PROD-VD-500,2026-03-31,2026-03-31,2026-03-31,799,completed,,
PO-0001665,PKG-04,PROD-VD-500,2026-03-31,2026-03-31,2026-03-31,805,completed,,
PO-0001666,PKG-04,PROD-VD-500,2026-03-31,2026-03-31,2026-03-31,522,completed,,
PO-0001667,PKG-04,PROD-HS-110,2026-03-31,2026-03-31,2026-03-31,518,completed,,
PO-0001668,PKG-05,PROD-HS-110,2026-03-31,2026-03-31,2026-03-31,532,completed,,
PO-0001669,PKG-05,PROD-VD-500,2026-03-31,2026-03-31,2026-03-31,427,completed,,
PO-0001670,PKG-05,PROD-HS-110,2026-03-31,2026-03-31,2026-03-31,701,completed,,
PO-0001671,PKG-05,PROD-AS-200,2026-03-31,2026-03-31,2026-03-31,531,completed,,
PO-0001672,PKG-05,PROD-HS-110,2026-03-31,2026-03-31,2026-03-31,596,completed,,
PO-0001673,PKG-05,PROD-LB-400,2026-03-31,2026-03-31,2026-03-31,739,completed,,
PO-0001674,PKG-05,PROD-AS-200,2026-03-31,2026-03-31,2026-03-31,738,completed,,
PO-0001675,PKG-05,PROD-AS-200,2026-03-31,2026-03-31,2026-03-31,861,completed,,
PO-0001676,PKG-06,PROD-DM-300,2026-03-31,2026-03-31,2026-03-31,1056,completed,,
PO-0001677,PKG-06,PROD-DM-300,2026-03-31,2026-03-31,2026-03-31,1021,completed,,
PO-0001678,PKG-06,PROD-DM-300,2026-03-31,2026-03-31,2026-03-31,663,completed,,
PO-0001679,PKG-06,PROD-DM-300,2026-03-31,2026-03-31,2026-03-31,1025,completed,,
PO-0001680,PKG-06,PROD-DM-300,2026-03-31,2026-03-31,2026-03-31,655,completed,,
PO-0001681,PKG-06,PROD-DM-300,2026-03-31,2026-03-31,2026-03-31,979,completed,,
PO-0001682,PKG-06,PROD-VD-500,2026-03-31,2026-03-31,2026-03-31,689,completed,,
PO-0001683,PKG-06,PROD-AS-200,2026-03-31,2026-03-31,2026-03-31,956,completed,,
PO-0001684,PKG-06,PROD-DM-300,2026-03-31,2026-03-31,2026-03-31,929,completed,,
PO-0001685,PKG-01,PROD-DM-300,2026-04-01,2026-04-01,2026-04-01,1042,completed,,
PO-0001686,PKG-01,PROD-HS-100,2026-04-01,2026-04-01,2026-04-01,945,completed,,
PO-0001687,PKG-01,PROD-DM-300,2026-04-01,2026-04-01,2026-04-01,897,completed,,
PO-0001688,PKG-01,PROD-LB-400,2026-04-01,2026-04-01,2026-04-01,1419,completed,,
PO-0001689,PKG-01,PROD-HS-110,2026-04-01,2026-04-01,2026-04-01,900,completed,,
PO-0001690,PKG-01,PROD-DM-300,2026-04-01,2026-04-01,2026-04-01,949,completed,,
PO-0001691,PKG-01,PROD-DM-300,2026-04-01,2026-04-01,2026-04-01,1014,completed,,
PO-0001692,PKG-01,PROD-DM-300,2026-04-01,2026-04-01,2026-04-01,1163,completed,,
PO-0001693,PKG-01,PROD-DM-300,2026-04-01,2026-04-01,2026-04-01,995,completed,,
PO-0001694,PKG-01,PROD-VD-500,2026-04-01,2026-04-01,2026-04-01,942,completed,,
PO-0001695,PKG-01,PROD-DM-300,2026-04-01,2026-04-01,2026-04-01,857,completed,,
PO-0001696,PKG-01,PROD-DM-300,2026-04-01,2026-04-01,2026-04-01,940,completed,,
PO-0001697,PKG-01,PROD-HS-110,2026-04-01,2026-04-01,2026-04-01,1085,completed,,
PO-0001698,PKG-01,PROD-LB-400,2026-04-01,2026-04-01,2026-04-01,1118,completed,,
PO-0001699,PKG-01,PROD-DM-300,2026-04-01,2026-04-01,2026-04-01,994,completed,,
PO-0001700,PKG-01,PROD-DM-300,2026-04-01,2026-04-01,2026-04-01,981,completed,,
PO-0001701,PKG-01,PROD-DM-300,2026-04-01,2026-04-01,2026-04-01,1412,completed,,
PO-0001702,PKG-02,PROD-HS-100,2026-04-01,2026-04-01,2026-04-01,1271,completed,,
PO-0001703,PKG-02,PROD-HS-100,2026-04-01,2026-04-01,2026-04-01,973,completed,,
PO-0001704,PKG-02,PROD-HS-100,2026-04-01,2026-04-01,2026-04-01,676,completed,,
PO-0001705,PKG-02,PROD-HS-100,2026-04-01,2026-04-01,2026-04-01,687,completed,,
PO-0001706,PKG-02,PROD-HS-100,2026-04-01,2026-04-01,2026-04-01,885,completed,,
PO-0001707,PKG-02,PROD-HS-100,2026-04-01,2026-04-01,2026-04-01,822,completed,,
PO-0001708,PKG-02,PROD-HS-100,2026-04-01,2026-04-01,2026-04-01,1217,completed,,
PO-0001709,PKG-02,PROD-HS-100,2026-04-01,2026-04-01,2026-04-01,922,completed,,
PO-0001710,PKG-02,PROD-HS-100,2026-04-01,2026-04-01,2026-04-01,1122,completed,,
PO-0001711,PKG-02,PROD-LB-400,2026-04-01,2026-04-01,2026-04-01,1420,completed,,
PO-0001712,PKG-02,PROD-HS-110,2026-04-01,2026-04-01,2026-04-01,876,completed,,
PO-0001713,PKG-02,PROD-HS-100,2026-04-01,2026-04-01,2026-04-01,759,completed,,
PO-0001714,PKG-02,PROD-HS-100,2026-04-01,2026-04-01,2026-04-01,1468,completed,,
PO-0001715,PKG-02,PROD-HS-100,2026-04-01,2026-04-01,2026-04-01,1337,completed,,
PO-0001716,PKG-02,PROD-AS-200,2026-04-01,2026-04-01,2026-04-01,743,completed,,
PO-0001717,PKG-03,PROD-HS-110,2026-04-01,2026-04-01,2026-04-01,1089,completed,,
PO-0001718,PKG-03,PROD-AS-200,2026-04-01,2026-04-01,2026-04-01,991,completed,,
PO-0001719,PKG-03,PROD-HS-100,2026-04-01,2026-04-01,2026-04-01,974,completed,,
PO-0001720,PKG-03,PROD-HS-110,2026-04-01,2026-04-01,2026-04-01,837,completed,,
PO-0001721,PKG-03,PROD-HS-110,2026-04-01,2026-04-01,2026-04-01,652,completed,,
PO-0001722,PKG-03,PROD-AS-200,2026-04-01,2026-04-01,2026-04-01,923,completed,,
PO-0001723,PKG-03,PROD-HS-100,2026-04-01,2026-04-01,2026-04-01,750,completed,,
PO-0001724,PKG-03,PROD-AS-200,2026-04-01,2026-04-01,2026-04-01,1137,completed,,
PO-0001725,PKG-04,PROD-VD-500,2026-04-01,2026-04-01,2026-04-01,486,completed,,
PO-0001726,PKG-04,PROD-VD-500,2026-04-01,2026-04-01,2026-04-01,818,completed,,
PO-0001727,PKG-04,PROD-VD-500,2026-04-01,2026-04-01,2026-04-01,884,completed,,
PO-0001728,PKG-04,PROD-VD-500,2026-04-01,2026-04-01,2026-04-01,412,completed,,
PO-0001729,PKG-04,PROD-VD-500,2026-04-01,2026-04-01,2026-04-01,602,completed,,
PO-0001730,PKG-04,PROD-VD-500,2026-04-01,2026-04-01,2026-04-01,734,completed,,
PO-0001731,PKG-04,PROD-VD-500,2026-04-01,2026-04-01,2026-04-01,424,completed,,
PO-0001732,PKG-05,PROD-HS-100,2026-04-01,2026-04-01,2026-04-01,567,completed,,
PO-0001733,PKG-05,PROD-HS-100,2026-04-01,2026-04-01,2026-04-01,812,completed,,
PO-0001734,PKG-05,PROD-AS-200,2026-04-01,2026-04-01,2026-04-01,768,completed,,
PO-0001735,PKG-05,PROD-HS-110,2026-04-01,2026-04-01,2026-04-01,866,completed,,
PO-0001736,PKG-05,PROD-VD-500,2026-04-01,2026-04-01,2026-04-01,631,completed,,
PO-0001737,PKG-05,PROD-HS-100,2026-04-01,2026-04-01,2026-04-01,758,completed,,
PO-0001738,PKG-05,PROD-HS-100,2026-04-01,2026-04-01,2026-04-01,521,completed,,
PO-0001739,PKG-05,PROD-AS-200,2026-04-01,2026-04-01,2026-04-01,691,completed,,
PO-0001740,PKG-06,PROD-VD-500,2026-04-01,2026-04-01,2026-04-01,644,completed,,
PO-0001741,PKG-06,PROD-VD-500,2026-04-01,2026-04-01,2026-04-01,525,completed,,
PO-0001742,PKG-06,PROD-DM-300,2026-04-01,2026-04-01,2026-04-01,766,completed,,
PO-0001743,PKG-06,PROD-DM-300,2026-04-01,2026-04-01,2026-04-01,621,completed,,
PO-0001744,PKG-06,PROD-DM-300,2026-04-01,2026-04-01,2026-04-01,747,completed,,
PO-0001745,PKG-06,PROD-DM-300,2026-04-01,2026-04-01,2026-04-01,863,completed,,
PO-0001746,PKG-06,PROD-DM-300,2026-04-01,2026-04-01,2026-04-01,509,completed,,
PO-0001747,PKG-06,PROD-DM-300,2026-04-01,2026-04-01,2026-04-01,1034,completed,,
PO-0001748,PKG-06,PROD-DM-300,2026-04-01,2026-04-01,2026-04-01,909,completed,,
PO-0001749,PKG-01,PROD-DM-300,2026-04-02,2026-04-02,2026-04-02,783,completed,,
PO-0001750,PKG-01,PROD-DM-300,2026-04-02,2026-04-02,2026-04-02,1432,completed,,
PO-0001751,PKG-01,PROD-DM-300,2026-04-02,2026-04-02,2026-04-02,1158,completed,,
PO-0001752,PKG-01,PROD-DM-300,2026-04-02,2026-04-02,2026-04-02,1161,completed,,
PO-0001753,PKG-01,PROD-DM-300,2026-04-02,2026-04-02,2026-04-02,1311,completed,,
PO-0001754,PKG-01,PROD-DM-300,2026-04-02,2026-04-02,2026-04-02,977,completed,,
PO-0001755,PKG-01,PROD-DM-300,2026-04-02,2026-04-02,2026-04-02,1558,completed,,
PO-0001756,PKG-01,PROD-DM-300,2026-04-02,2026-04-02,2026-04-02,1004,completed,,
PO-0001757,PKG-01,PROD-HS-110,2026-04-02,2026-04-02,2026-04-02,1428,completed,,
PO-0001758,PKG-01,PROD-DM-300,2026-04-02,2026-04-02,2026-04-02,936,completed,,
PO-0001759,PKG-01,PROD-DM-300,2026-04-02,2026-04-02,2026-04-02,1194,completed,,
PO-0001760,PKG-01,PROD-DM-300,2026-04-02,2026-04-02,2026-04-02,1571,completed,,
PO-0001761,PKG-01,PROD-DM-300,2026-04-02,2026-04-02,2026-04-02,1366,completed,,
PO-0001762,PKG-01,PROD-DM-300,2026-04-02,2026-04-02,2026-04-02,1582,completed,,
PO-0001763,PKG-01,PROD-DM-300,2026-04-02,2026-04-02,2026-04-02,1429,completed,,
PO-0001764,PKG-01,PROD-DM-300,2026-04-02,2026-04-02,2026-04-02,1571,completed,,
PO-0001765,PKG-01,PROD-DM-300,2026-04-02,2026-04-02,2026-04-02,712,completed,,
PO-0001766,PKG-02,PROD-HS-110,2026-04-02,2026-04-02,2026-04-02,754,completed,,
PO-0001767,PKG-02,PROD-AS-200,2026-04-02,2026-04-02,2026-04-02,1366,completed,,
PO-0001768,PKG-02,PROD-HS-100,2026-04-02,2026-04-02,2026-04-02,1182,completed,,
PO-0001769,PKG-02,PROD-AS-200,2026-04-02,2026-04-02,2026-04-02,817,completed,,
PO-0001770,PKG-02,PROD-HS-100,2026-04-02,2026-04-02,2026-04-02,1390,completed,,
PO-0001771,PKG-02,PROD-HS-100,2026-04-02,2026-04-02,2026-04-02,759,completed,,
PO-0001772,PKG-02,PROD-HS-100,2026-04-02,2026-04-02,2026-04-02,705,completed,,
PO-0001773,PKG-02,PROD-HS-100,2026-04-02,2026-04-02,2026-04-02,702,completed,,
PO-0001774,PKG-02,PROD-HS-110,2026-04-02,2026-04-02,2026-04-02,1074,completed,,
PO-0001775,PKG-02,PROD-VD-500,2026-04-02,2026-04-02,2026-04-02,834,completed,,
PO-0001776,PKG-02,PROD-HS-100,2026-04-02,2026-04-02,2026-04-02,762,completed,,
PO-0001777,PKG-02,PROD-HS-100,2026-04-02,2026-04-02,2026-04-02,843,completed,,
PO-0001778,PKG-02,PROD-HS-110,2026-04-02,2026-04-02,2026-04-02,1286,completed,,
PO-0001779,PKG-02,PROD-HS-100,2026-04-02,2026-04-02,2026-04-02,703,completed,,
PO-0001780,PKG-02,PROD-LB-400,2026-04-02,2026-04-02,2026-04-02,689,completed,,
PO-0001781,PKG-03,PROD-HS-100,2026-04-02,2026-04-02,2026-04-02,998,completed,,
PO-0001782,PKG-03,PROD-HS-100,2026-04-02,2026-04-02,2026-04-02,590,completed,,
PO-0001783,PKG-03,PROD-LB-400,2026-04-02,2026-04-02,2026-04-02,1124,completed,,
PO-0001784,PKG-03,PROD-LB-400,2026-04-02,2026-04-02,2026-04-02,904,completed,,
PO-0001785,PKG-03,PROD-AS-200,2026-04-02,2026-04-02,2026-04-02,1120,completed,,
PO-0001786,PKG-03,PROD-AS-200,2026-04-02,2026-04-02,2026-04-02,924,completed,,
PO-0001787,PKG-03,PROD-LB-400,2026-04-02,2026-04-02,2026-04-02,1153,completed,,
PO-0001788,PKG-03,PROD-AS-200,2026-04-02,2026-04-02,2026-04-02,722,completed,,
PO-0001789,PKG-04,PROD-HS-110,2026-04-02,2026-04-02,2026-04-02,448,completed,,
PO-0001790,PKG-04,PROD-VD-500,2026-04-02,2026-04-02,2026-04-02,458,completed,,
PO-0001791,PKG-04,PROD-AS-200,2026-04-02,2026-04-02,2026-04-02,469,completed,,
PO-0001792,PKG-04,PROD-VD-500,2026-04-02,2026-04-02,2026-04-02,899,completed,,
PO-0001793,PKG-04,PROD-VD-500,2026-04-02,2026-04-02,2026-04-02,902,completed,,
PO-0001794,PKG-04,PROD-VD-500,2026-04-02,2026-04-02,2026-04-02,475,completed,,
PO-0001795,PKG-04,PROD-VD-500,2026-04-02,2026-04-02,2026-04-02,647,completed,,
PO-0001796,PKG-05,PROD-HS-110,2026-04-02,2026-04-02,2026-04-02,432,completed,,
PO-0001797,PKG-05,PROD-HS-110,2026-04-02,2026-04-02,2026-04-02,565,completed,,
PO-0001798,PKG-05,PROD-HS-100,2026-04-02,2026-04-02,2026-04-02,938,completed,,
PO-0001799,PKG-05,PROD-HS-110,2026-04-02,2026-04-02,2026-04-02,583,completed,,
PO-0001800,PKG-05,PROD-VD-500,2026-04-02,2026-04-02,2026-04-02,960,completed,,
PO-0001801,PKG-05,PROD-HS-100,2026-04-02,2026-04-02,2026-04-02,869,completed,,
PO-0001802,PKG-05,PROD-AS-200,2026-04-02,2026-04-02,2026-04-02,746,completed,,
PO-0001803,PKG-05,PROD-HS-110,2026-04-02,2026-04-02,2026-04-02,481,completed,,
PO-0001804,PKG-06,PROD-DM-300,2026-04-02,2026-04-02,2026-04-02,527,completed,,
PO-0001805,PKG-06,PROD-AS-200,2026-04-02,2026-04-02,2026-04-02,513,completed,,
PO-0001806,PKG-06,PROD-DM-300,2026-04-02,2026-04-02,2026-04-02,587,completed,,
PO-0001807,PKG-06,PROD-DM-300,2026-04-02,2026-04-02,2026-04-02,693,completed,,
PO-0001808,PKG-06,PROD-VD-500,2026-04-02,2026-04-02,2026-04-02,898,completed,,
PO-0001809,PKG-06,PROD-DM-300,2026-04-02,2026-04-02,2026-04-02,1029,completed,,
PO-0001810,PKG-06,PROD-LB-400,2026-04-02,2026-04-02,2026-04-02,757,completed,,
PO-0001811,PKG-06,PROD-HS-110,2026-04-02,2026-04-02,2026-04-02,497,completed,,
PO-0001812,PKG-06,PROD-DM-300,2026-04-02,2026-04-02,2026-04-02,603,completed,,
PO-0001813,PKG-01,PROD-DM-300,2026-04-03,2026-04-03,2026-04-03,899,completed,,
PO-0001814,PKG-01,PROD-DM-300,2026-04-03,2026-04-03,2026-04-03,1056,completed,,
PO-0001815,PKG-01,PROD-DM-300,2026-04-03,2026-04-03,2026-04-03,1253,completed,,
PO-0001816,PKG-01,PROD-HS-110,2026-04-03,2026-04-03,2026-04-03,1485,completed,,
PO-0001817,PKG-01,PROD-DM-300,2026-04-03,2026-04-03,2026-04-03,893,completed,,
PO-0001818,PKG-01,PROD-HS-100,2026-04-03,2026-04-03,2026-04-03,1139,completed,,
PO-0001819,PKG-01,PROD-DM-300,2026-04-03,2026-04-03,2026-04-03,1108,completed,,
PO-0001820,PKG-01,PROD-DM-300,2026-04-03,2026-04-03,2026-04-03,1284,completed,,
PO-0001821,PKG-01,PROD-DM-300,2026-04-03,2026-04-03,2026-04-03,1124,completed,,
PO-0001822,PKG-01,PROD-DM-300,2026-04-03,2026-04-03,2026-04-03,948,completed,,
PO-0001823,PKG-01,PROD-DM-300,2026-04-03,2026-04-03,2026-04-03,1007,completed,,
PO-0001824,PKG-01,PROD-DM-300,2026-04-03,2026-04-03,2026-04-03,1371,completed,,
PO-0001825,PKG-01,PROD-DM-300,2026-04-03,2026-04-03,2026-04-03,1061,completed,,
PO-0001826,PKG-01,PROD-DM-300,2026-04-03,2026-04-03,2026-04-03,1436,completed,,
PO-0001827,PKG-01,PROD-HS-110,2026-04-03,2026-04-03,2026-04-03,820,completed,,
PO-0001828,PKG-01,PROD-DM-300,2026-04-03,2026-04-03,2026-04-03,1105,completed,,
PO-0001829,PKG-01,PROD-DM-300,2026-04-03,2026-04-03,2026-04-03,1390,completed,,
PO-0001830,PKG-02,PROD-HS-100,2026-04-03,2026-04-03,2026-04-03,720,completed,,
PO-0001831,PKG-02,PROD-HS-100,2026-04-03,2026-04-03,2026-04-03,1100,completed,,
PO-0001832,PKG-02,PROD-HS-100,2026-04-03,2026-04-03,2026-04-03,1335,completed,,
PO-0001833,PKG-02,PROD-HS-100,2026-04-03,2026-04-03,2026-04-03,891,completed,,
PO-0001834,PKG-02,PROD-HS-100,2026-04-03,2026-04-03,2026-04-03,1097,completed,,
PO-0001835,PKG-02,PROD-AS-200,2026-04-03,2026-04-03,2026-04-03,1238,completed,,
PO-0001836,PKG-02,PROD-HS-100,2026-04-03,2026-04-03,2026-04-03,782,completed,,
PO-0001837,PKG-02,PROD-LB-400,2026-04-03,2026-04-03,2026-04-03,797,completed,,
PO-0001838,PKG-02,PROD-LB-400,2026-04-03,2026-04-03,2026-04-03,893,completed,,
PO-0001839,PKG-02,PROD-HS-100,2026-04-03,2026-04-03,2026-04-03,814,completed,,
PO-0001840,PKG-02,PROD-HS-100,2026-04-03,2026-04-03,2026-04-03,1284,completed,,
PO-0001841,PKG-02,PROD-HS-100,2026-04-03,2026-04-03,2026-04-03,688,completed,,
PO-0001842,PKG-02,PROD-AS-200,2026-04-03,2026-04-03,2026-04-03,739,completed,,
PO-0001843,PKG-02,PROD-AS-200,2026-04-03,2026-04-03,2026-04-03,1400,completed,,
PO-0001844,PKG-02,PROD-HS-100,2026-04-03,2026-04-03,2026-04-03,1254,completed,,
PO-0001845,PKG-03,PROD-HS-100,2026-04-03,2026-04-03,2026-04-03,560,completed,,
PO-0001846,PKG-03,PROD-HS-100,2026-04-03,2026-04-03,2026-04-03,932,completed,,
PO-0001847,PKG-03,PROD-AS-200,2026-04-03,2026-04-03,2026-04-03,1110,completed,,
PO-0001848,PKG-03,PROD-LB-400,2026-04-03,2026-04-03,2026-04-03,775,completed,,
PO-0001849,PKG-03,PROD-HS-110,2026-04-03,2026-04-03,2026-04-03,1075,completed,,
PO-0001850,PKG-03,PROD-LB-400,2026-04-03,2026-04-03,2026-04-03,710,completed,,
PO-0001851,PKG-03,PROD-LB-400,2026-04-03,2026-04-03,2026-04-03,1223,completed,,
PO-0001852,PKG-03,PROD-LB-400,2026-04-03,2026-04-03,2026-04-03,1235,completed,,
PO-0001853,PKG-04,PROD-VD-500,2026-04-03,2026-04-03,2026-04-03,844,completed,,
PO-0001854,PKG-04,PROD-VD-500,2026-04-03,2026-04-03,2026-04-03,908,completed,,
PO-0001855,PKG-04,PROD-VD-500,2026-04-03,2026-04-03,2026-04-03,734,completed,,
PO-0001856,PKG-04,PROD-VD-500,2026-04-03,2026-04-03,2026-04-03,426,completed,,
PO-0001857,PKG-04,PROD-HS-110,2026-04-03,2026-04-03,2026-04-03,587,completed,,
PO-0001858,PKG-04,PROD-LB-400,2026-04-03,2026-04-03,2026-04-03,612,completed,,
PO-0001859,PKG-04,PROD-VD-500,2026-04-03,2026-04-03,2026-04-03,747,completed,,
PO-0001860,PKG-05,PROD-AS-200,2026-04-03,2026-04-03,2026-04-03,432,completed,,
PO-0001861,PKG-05,PROD-AS-200,2026-04-03,2026-04-03,2026-04-03,911,completed,,
PO-0001862,PKG-05,PROD-HS-110,2026-04-03,2026-04-03,2026-04-03,594,completed,,
PO-0001863,PKG-05,PROD-AS-200,2026-04-03,2026-04-03,2026-04-03,952,completed,,
PO-0001864,PKG-05,PROD-LB-400,2026-04-03,2026-04-03,2026-04-03,428,completed,,
PO-0001865,PKG-05,PROD-HS-110,2026-04-03,2026-04-03,2026-04-03,612,completed,,
PO-0001866,PKG-05,PROD-LB-400,2026-04-03,2026-04-03,2026-04-03,930,completed,,
PO-0001867,PKG-05,PROD-HS-100,2026-04-03,2026-04-03,2026-04-03,583,completed,,
PO-0001868,PKG-06,PROD-AS-200,2026-04-03,2026-04-03,2026-04-03,655,completed,,
PO-0001869,PKG-06,PROD-DM-300,2026-04-03,2026-04-03,2026-04-03,994,completed,,
PO-0001870,PKG-06,PROD-DM-300,2026-04-03,2026-04-03,2026-04-03,598,completed,,
PO-0001871,PKG-06,PROD-HS-100,2026-04-03,2026-04-03,2026-04-03,771,completed,,
PO-0001872,PKG-06,PROD-DM-300,2026-04-03,2026-04-03,2026-04-03,498,completed,,
PO-0001873,PKG-06,PROD-DM-300,2026-04-03,2026-04-03,2026-04-03,579,completed,,
PO-0001874,PKG-06,PROD-VD-500,2026-04-03,2026-04-03,2026-04-03,727,completed,,
PO-0001875,PKG-06,PROD-DM-300,2026-04-03,2026-04-03,2026-04-03,773,completed,,
PO-0001876,PKG-06,PROD-DM-300,2026-04-03,2026-04-03,2026-04-03,702,completed,,
PO-0001877,PKG-01,PROD-DM-300,2026-04-04,2026-04-04,2026-04-04,999,completed,,
PO-0001878,PKG-01,PROD-HS-110,2026-04-04,2026-04-04,2026-04-04,1107,completed,,
PO-0001879,PKG-01,PROD-DM-300,2026-04-04,2026-04-04,2026-04-04,1376,completed,,
PO-0001880,PKG-01,PROD-HS-110,2026-04-04,2026-04-04,2026-04-04,1032,completed,,
PO-0001881,PKG-01,PROD-DM-300,2026-04-04,2026-04-04,2026-04-04,1144,completed,,
PO-0001882,PKG-01,PROD-DM-300,2026-04-04,2026-04-04,2026-04-04,889,completed,,
PO-0001883,PKG-01,PROD-DM-300,2026-04-04,2026-04-04,2026-04-04,802,completed,,
PO-0001884,PKG-01,PROD-DM-300,2026-04-04,2026-04-04,2026-04-04,1289,completed,,
PO-0001885,PKG-01,PROD-DM-300,2026-04-04,2026-04-04,2026-04-04,710,completed,,
PO-0001886,PKG-01,PROD-DM-300,2026-04-04,2026-04-04,2026-04-04,681,completed,,
PO-0001887,PKG-01,PROD-DM-300,2026-04-04,2026-04-04,2026-04-04,1296,completed,,
PO-0001888,PKG-01,PROD-DM-300,2026-04-04,2026-04-04,2026-04-04,1489,completed,,
PO-0001889,PKG-01,PROD-HS-110,2026-04-04,2026-04-04,2026-04-04,1240,completed,,
PO-0001890,PKG-01,PROD-DM-300,2026-04-04,2026-04-04,2026-04-04,1270,completed,,
PO-0001891,PKG-01,PROD-DM-300,2026-04-04,2026-04-04,2026-04-04,1254,completed,,
PO-0001892,PKG-01,PROD-VD-500,2026-04-04,2026-04-04,2026-04-04,1427,completed,,
PO-0001893,PKG-01,PROD-DM-300,2026-04-04,2026-04-04,2026-04-04,769,completed,,
PO-0001894,PKG-01,PROD-VD-500,2026-04-04,2026-04-04,2026-04-04,1385,completed,,
PO-0001895,PKG-02,PROD-HS-100,2026-04-04,2026-04-04,2026-04-04,979,completed,,
PO-0001896,PKG-02,PROD-HS-100,2026-04-04,2026-04-04,2026-04-04,795,completed,,
PO-0001897,PKG-02,PROD-HS-100,2026-04-04,2026-04-04,2026-04-04,647,completed,,
PO-0001898,PKG-02,PROD-HS-100,2026-04-04,2026-04-04,2026-04-04,1237,completed,,
PO-0001899,PKG-02,PROD-HS-100,2026-04-04,2026-04-04,2026-04-04,935,completed,,
PO-0001900,PKG-02,PROD-LB-400,2026-04-04,2026-04-04,2026-04-04,926,completed,,
PO-0001901,PKG-02,PROD-HS-100,2026-04-04,2026-04-04,2026-04-04,1001,completed,,
PO-0001902,PKG-02,PROD-HS-100,2026-04-04,2026-04-04,2026-04-04,1379,completed,,
PO-0001903,PKG-02,PROD-HS-100,2026-04-04,2026-04-04,2026-04-04,1256,completed,,
PO-0001904,PKG-02,PROD-HS-100,2026-04-04,2026-04-04,2026-04-04,1354,completed,,
PO-0001905,PKG-02,PROD-LB-400,2026-04-04,2026-04-04,2026-04-04,707,completed,,
PO-0001906,PKG-02,PROD-HS-100,2026-04-04,2026-04-04,2026-04-04,822,completed,,
PO-0001907,PKG-02,PROD-HS-100,2026-04-04,2026-04-04,2026-04-04,1148,completed,,
PO-0001908,PKG-02,PROD-AS-200,2026-04-04,2026-04-04,2026-04-04,829,completed,,
PO-0001909,PKG-02,PROD-LB-400,2026-04-04,2026-04-04,2026-04-04,981,completed,,
PO-0001910,PKG-03,PROD-HS-110,2026-04-04,2026-04-04,2026-04-04,685,completed,,
PO-0001911,PKG-03,PROD-AS-200,2026-04-04,2026-04-04,2026-04-04,953,completed,,
PO-0001912,PKG-03,PROD-HS-110,2026-04-04,2026-04-04,2026-04-04,782,completed,,
PO-0001913,PKG-03,PROD-HS-100,2026-04-04,2026-04-04,2026-04-04,767,completed,,
PO-0001914,PKG-03,PROD-LB-400,2026-04-04,2026-04-04,2026-04-04,777,completed,,
PO-0001915,PKG-03,PROD-HS-110,2026-04-04,2026-04-04,2026-04-04,836,completed,,
PO-0001916,PKG-03,PROD-AS-200,2026-04-04,2026-04-04,2026-04-04,1239,completed,,
PO-0001917,PKG-03,PROD-HS-110,2026-04-04,2026-04-04,2026-04-04,1110,completed,,
PO-0001918,PKG-04,PROD-VD-500,2026-04-04,2026-04-04,2026-04-04,514,completed,,
PO-0001919,PKG-04,PROD-VD-500,2026-04-04,2026-04-04,2026-04-04,666,completed,,
PO-0001920,PKG-04,PROD-VD-500,2026-04-04,2026-04-04,2026-04-04,616,completed,,
PO-0001921,PKG-04,PROD-VD-500,2026-04-04,2026-04-04,2026-04-04,819,completed,,
PO-0001922,PKG-04,PROD-VD-500,2026-04-04,2026-04-04,2026-04-04,444,completed,,
PO-0001923,PKG-04,PROD-DM-300,2026-04-04,2026-04-04,2026-04-04,859,completed,,
PO-0001924,PKG-04,PROD-VD-500,2026-04-04,2026-04-04,2026-04-04,773,completed,,
PO-0001925,PKG-05,PROD-LB-400,2026-04-04,2026-04-04,2026-04-04,709,completed,,
PO-0001926,PKG-05,PROD-AS-200,2026-04-04,2026-04-04,2026-04-04,910,completed,,
PO-0001927,PKG-05,PROD-HS-100,2026-04-04,2026-04-04,2026-04-04,499,completed,,
PO-0001928,PKG-05,PROD-LB-400,2026-04-04,2026-04-04,2026-04-04,565,completed,,
PO-0001929,PKG-05,PROD-HS-110,2026-04-04,2026-04-04,2026-04-04,498,completed,,
PO-0001930,PKG-05,PROD-HS-100,2026-04-04,2026-04-04,2026-04-04,433,completed,,
PO-0001931,PKG-05,PROD-LB-400,2026-04-04,2026-04-04,2026-04-04,571,completed,,
PO-0001932,PKG-05,PROD-HS-100,2026-04-04,2026-04-04,2026-04-04,601,completed,,
PO-0001933,PKG-06,PROD-DM-300,2026-04-04,2026-04-04,2026-04-04,912,completed,,
PO-0001934,PKG-06,PROD-DM-300,2026-04-04,2026-04-04,2026-04-04,512,completed,,
PO-0001935,PKG-06,PROD-DM-300,2026-04-04,2026-04-04,2026-04-04,1091,completed,,
PO-0001936,PKG-06,PROD-DM-300,2026-04-04,2026-04-04,2026-04-04,829,completed,,
PO-0001937,PKG-06,PROD-DM-300,2026-04-04,2026-04-04,2026-04-04,1057,completed,,
PO-0001938,PKG-06,PROD-DM-300,2026-04-04,2026-04-04,2026-04-04,1051,completed,,
PO-0001939,PKG-06,PROD-VD-500,2026-04-04,2026-04-04,2026-04-04,650,completed,,
PO-0001940,PKG-06,PROD-DM-300,2026-04-04,2026-04-04,2026-04-04,550,completed,,
PO-0001941,PKG-06,PROD-DM-300,2026-04-04,2026-04-04,2026-04-04,616,completed,,
PO-0001942,PKG-01,PROD-DM-300,2026-04-06,2026-04-06,2026-04-06,716,completed,,
PO-0001943,PKG-01,PROD-DM-300,2026-04-06,2026-04-06,2026-04-06,966,completed,,
PO-0001944,PKG-01,PROD-VD-500,2026-04-06,2026-04-06,2026-04-06,895,completed,,
PO-0001945,PKG-01,PROD-DM-300,2026-04-06,2026-04-06,2026-04-06,1344,completed,,
PO-0001946,PKG-01,PROD-DM-300,2026-04-06,2026-04-06,2026-04-06,1241,completed,,
PO-0001947,PKG-01,PROD-LB-400,2026-04-06,2026-04-06,2026-04-06,871,completed,,
PO-0001948,PKG-01,PROD-DM-300,2026-04-06,2026-04-06,2026-04-06,1487,completed,,
PO-0001949,PKG-01,PROD-DM-300,2026-04-06,2026-04-06,2026-04-06,802,completed,,
PO-0001950,PKG-01,PROD-DM-300,2026-04-06,2026-04-06,2026-04-06,732,completed,,
PO-0001951,PKG-01,PROD-DM-300,2026-04-06,2026-04-06,2026-04-06,987,completed,,
PO-0001952,PKG-01,PROD-VD-500,2026-04-06,2026-04-06,2026-04-06,1155,completed,,
PO-0001953,PKG-01,PROD-HS-110,2026-04-06,2026-04-06,2026-04-06,674,completed,,
PO-0001954,PKG-01,PROD-DM-300,2026-04-06,2026-04-06,2026-04-06,1491,completed,,
PO-0001955,PKG-01,PROD-DM-300,2026-04-06,2026-04-06,2026-04-06,1276,completed,,
PO-0001956,PKG-01,PROD-VD-500,2026-04-06,2026-04-06,2026-04-06,946,completed,,
PO-0001957,PKG-01,PROD-DM-300,2026-04-06,2026-04-06,2026-04-06,1331,completed,,
PO-0001958,PKG-01,PROD-DM-300,2026-04-06,2026-04-06,2026-04-06,1002,completed,,
PO-0001959,PKG-01,PROD-VD-500,2026-04-06,2026-04-06,2026-04-06,1376,completed,,
PO-0001960,PKG-02,PROD-HS-100,2026-04-06,2026-04-06,2026-04-06,1216,completed,,
PO-0001961,PKG-02,PROD-AS-200,2026-04-06,2026-04-06,2026-04-06,752,completed,,
PO-0001962,PKG-02,PROD-HS-100,2026-04-06,2026-04-06,2026-04-06,627,completed,,
PO-0001963,PKG-02,PROD-HS-100,2026-04-06,2026-04-06,2026-04-06,1141,completed,,
PO-0001964,PKG-02,PROD-HS-100,2026-04-06,2026-04-06,2026-04-06,1204,completed,,
PO-0001965,PKG-02,PROD-DM-300,2026-04-06,2026-04-06,2026-04-06,1038,completed,,
PO-0001966,PKG-02,PROD-HS-100,2026-04-06,2026-04-06,2026-04-06,700,completed,,
PO-0001967,PKG-02,PROD-HS-100,2026-04-06,2026-04-06,2026-04-06,942,completed,,
PO-0001968,PKG-02,PROD-HS-100,2026-04-06,2026-04-06,2026-04-06,1062,completed,,
PO-0001969,PKG-02,PROD-HS-100,2026-04-06,2026-04-06,2026-04-06,947,completed,,
PO-0001970,PKG-02,PROD-AS-200,2026-04-06,2026-04-06,2026-04-06,623,completed,,
PO-0001971,PKG-02,PROD-HS-100,2026-04-06,2026-04-06,2026-04-06,1279,completed,,
PO-0001972,PKG-02,PROD-HS-110,2026-04-06,2026-04-06,2026-04-06,1270,completed,,
PO-0001973,PKG-02,PROD-HS-100,2026-04-06,2026-04-06,2026-04-06,1313,completed,,
PO-0001974,PKG-02,PROD-HS-100,2026-04-06,2026-04-06,2026-04-06,1321,completed,,
PO-0001975,PKG-02,PROD-HS-100,2026-04-06,2026-04-06,2026-04-06,815,completed,,
PO-0001976,PKG-03,PROD-HS-100,2026-04-06,2026-04-06,2026-04-06,570,completed,,
PO-0001977,PKG-03,PROD-AS-200,2026-04-06,2026-04-06,2026-04-06,898,completed,,
PO-0001978,PKG-03,PROD-AS-200,2026-04-06,2026-04-06,2026-04-06,727,completed,,
PO-0001979,PKG-03,PROD-HS-110,2026-04-06,2026-04-06,2026-04-06,1126,completed,,
PO-0001980,PKG-03,PROD-HS-110,2026-04-06,2026-04-06,2026-04-06,711,completed,,
PO-0001981,PKG-03,PROD-LB-400,2026-04-06,2026-04-06,2026-04-06,969,completed,,
PO-0001982,PKG-03,PROD-AS-200,2026-04-06,2026-04-06,2026-04-06,855,completed,,
PO-0001983,PKG-03,PROD-HS-100,2026-04-06,2026-04-06,2026-04-06,1146,completed,,
PO-0001984,PKG-04,PROD-VD-500,2026-04-06,2026-04-06,2026-04-06,557,completed,,
PO-0001985,PKG-04,PROD-VD-500,2026-04-06,2026-04-06,2026-04-06,757,completed,,
PO-0001986,PKG-04,PROD-VD-500,2026-04-06,2026-04-06,2026-04-06,416,completed,,
PO-0001987,PKG-04,PROD-VD-500,2026-04-06,2026-04-06,2026-04-06,895,completed,,
PO-0001988,PKG-04,PROD-VD-500,2026-04-06,2026-04-06,2026-04-06,865,completed,,
PO-0001989,PKG-04,PROD-VD-500,2026-04-06,2026-04-06,2026-04-06,815,completed,,
PO-0001990,PKG-04,PROD-VD-500,2026-04-06,2026-04-06,2026-04-06,617,completed,,
PO-0001991,PKG-05,PROD-LB-400,2026-04-06,2026-04-06,2026-04-06,434,completed,,
PO-0001992,PKG-05,PROD-HS-100,2026-04-06,2026-04-06,2026-04-06,480,completed,,
PO-0001993,PKG-05,PROD-AS-200,2026-04-06,2026-04-06,2026-04-06,537,completed,,
PO-0001994,PKG-05,PROD-HS-100,2026-04-06,2026-04-06,2026-04-06,594,completed,,
PO-0001995,PKG-05,PROD-HS-110,2026-04-06,2026-04-06,2026-04-06,588,completed,,
PO-0001996,PKG-05,PROD-HS-100,2026-04-06,2026-04-06,2026-04-06,931,completed,,
PO-0001997,PKG-05,PROD-VD-500,2026-04-06,2026-04-06,2026-04-06,707,completed,,
PO-0001998,PKG-05,PROD-HS-100,2026-04-06,2026-04-06,2026-04-06,907,completed,,
PO-0001999,PKG-06,PROD-DM-300,2026-04-06,2026-04-06,2026-04-06,825,completed,,
PO-0002000,PKG-06,PROD-DM-300,2026-04-06,2026-04-06,2026-04-06,1013,completed,,
PO-0002001,PKG-06,PROD-DM-300,2026-04-06,2026-04-06,2026-04-06,973,completed,,
PO-0002002,PKG-06,PROD-VD-500,2026-04-06,2026-04-06,2026-04-06,968,completed,,
PO-0002003,PKG-06,PROD-DM-300,2026-04-06,2026-04-06,2026-04-06,587,completed,,
PO-0002004,PKG-06,PROD-DM-300,2026-04-06,2026-04-06,2026-04-06,1112,completed,,
PO-0002005,PKG-06,PROD-AS-200,2026-04-06,2026-04-06,2026-04-06,845,completed,,
PO-0002006,PKG-06,PROD-DM-300,2026-04-06,2026-04-06,2026-04-06,828,completed,,
PO-0002007,PKG-06,PROD-DM-300,2026-04-06,2026-04-06,2026-04-06,1110,completed,,
PO-0002008,PKG-01,PROD-DM-300,2026-04-07,2026-04-07,2026-04-07,1541,completed,,
PO-0002009,PKG-01,PROD-DM-300,2026-04-07,2026-04-07,2026-04-07,697,completed,,
PO-0002010,PKG-01,PROD-VD-500,2026-04-07,2026-04-07,2026-04-07,1253,completed,,
PO-0002011,PKG-01,PROD-DM-300,2026-04-07,2026-04-07,2026-04-07,1081,completed,,
PO-0002012,PKG-01,PROD-VD-500,2026-04-07,2026-04-07,2026-04-07,1277,completed,,
PO-0002013,PKG-01,PROD-VD-500,2026-04-07,2026-04-07,2026-04-07,1376,completed,,
PO-0002014,PKG-01,PROD-DM-300,2026-04-07,2026-04-07,2026-04-07,1175,completed,,
PO-0002015,PKG-01,PROD-DM-300,2026-04-07,2026-04-07,2026-04-07,891,completed,,
PO-0002016,PKG-01,PROD-DM-300,2026-04-07,2026-04-07,2026-04-07,1181,completed,,
PO-0002017,PKG-01,PROD-VD-500,2026-04-07,2026-04-07,2026-04-07,1381,completed,,
PO-0002018,PKG-01,PROD-DM-300,2026-04-07,2026-04-07,2026-04-07,1473,completed,,
PO-0002019,PKG-01,PROD-DM-300,2026-04-07,2026-04-07,2026-04-07,1028,completed,,
PO-0002020,PKG-01,PROD-DM-300,2026-04-07,2026-04-07,2026-04-07,1132,completed,,
PO-0002021,PKG-01,PROD-DM-300,2026-04-07,2026-04-07,2026-04-07,947,completed,,
PO-0002022,PKG-01,PROD-DM-300,2026-04-07,2026-04-07,2026-04-07,1566,completed,,
PO-0002023,PKG-01,PROD-DM-300,2026-04-07,2026-04-07,2026-04-07,796,completed,,
PO-0002024,PKG-01,PROD-DM-300,2026-04-07,2026-04-07,2026-04-07,1111,completed,,
PO-0002025,PKG-02,PROD-HS-100,2026-04-07,2026-04-07,2026-04-07,1230,completed,,
PO-0002026,PKG-02,PROD-HS-100,2026-04-07,2026-04-07,2026-04-07,914,completed,,
PO-0002027,PKG-02,PROD-HS-100,2026-04-07,2026-04-07,2026-04-07,1040,completed,,
PO-0002028,PKG-02,PROD-HS-100,2026-04-07,2026-04-07,2026-04-07,1191,completed,,
PO-0002029,PKG-02,PROD-AS-200,2026-04-07,2026-04-07,2026-04-07,1414,completed,,
PO-0002030,PKG-02,PROD-HS-100,2026-04-07,2026-04-07,2026-04-07,930,completed,,
PO-0002031,PKG-02,PROD-HS-100,2026-04-07,2026-04-07,2026-04-07,1322,completed,,
PO-0002032,PKG-02,PROD-HS-100,2026-04-07,2026-04-07,2026-04-07,1261,completed,,
PO-0002033,PKG-02,PROD-HS-110,2026-04-07,2026-04-07,2026-04-07,1318,completed,,
PO-0002034,PKG-02,PROD-HS-100,2026-04-07,2026-04-07,2026-04-07,854,completed,,
PO-0002035,PKG-02,PROD-HS-100,2026-04-07,2026-04-07,2026-04-07,1402,completed,,
PO-0002036,PKG-02,PROD-HS-100,2026-04-07,2026-04-07,2026-04-07,918,completed,,
PO-0002037,PKG-02,PROD-HS-110,2026-04-07,2026-04-07,2026-04-07,1256,completed,,
PO-0002038,PKG-02,PROD-AS-200,2026-04-07,2026-04-07,2026-04-07,895,completed,,
PO-0002039,PKG-02,PROD-HS-110,2026-04-07,2026-04-07,2026-04-07,1292,completed,,
PO-0002040,PKG-03,PROD-LB-400,2026-04-07,2026-04-07,2026-04-07,945,completed,,
PO-0002041,PKG-03,PROD-AS-200,2026-04-07,2026-04-07,2026-04-07,669,completed,,
PO-0002042,PKG-03,PROD-LB-400,2026-04-07,2026-04-07,2026-04-07,499,completed,,
PO-0002043,PKG-03,PROD-AS-200,2026-04-07,2026-04-07,2026-04-07,820,completed,,
PO-0002044,PKG-03,PROD-LB-400,2026-04-07,2026-04-07,2026-04-07,766,completed,,
PO-0002045,PKG-03,PROD-AS-200,2026-04-07,2026-04-07,2026-04-07,865,completed,,
PO-0002046,PKG-03,PROD-HS-110,2026-04-07,2026-04-07,2026-04-07,619,completed,,
PO-0002047,PKG-03,PROD-HS-100,2026-04-07,2026-04-07,2026-04-07,814,completed,,
PO-0002048,PKG-03,PROD-HS-100,2026-04-07,2026-04-07,2026-04-07,963,completed,,
PO-0002049,PKG-04,PROD-VD-500,2026-04-07,2026-04-07,2026-04-07,809,completed,,
PO-0002050,PKG-04,PROD-VD-500,2026-04-07,2026-04-07,2026-04-07,703,completed,,
PO-0002051,PKG-04,PROD-VD-500,2026-04-07,2026-04-07,2026-04-07,729,completed,,
PO-0002052,PKG-04,PROD-VD-500,2026-04-07,2026-04-07,2026-04-07,439,completed,,
PO-0002053,PKG-04,PROD-VD-500,2026-04-07,2026-04-07,2026-04-07,778,completed,,
PO-0002054,PKG-04,PROD-VD-500,2026-04-07,2026-04-07,2026-04-07,867,completed,,
PO-0002055,PKG-04,PROD-VD-500,2026-04-07,2026-04-07,2026-04-07,404,completed,,
PO-0002056,PKG-05,PROD-AS-200,2026-04-07,2026-04-07,2026-04-07,672,completed,,
PO-0002057,PKG-05,PROD-HS-110,2026-04-07,2026-04-07,2026-04-07,701,completed,,
PO-0002058,PKG-05,PROD-LB-400,2026-04-07,2026-04-07,2026-04-07,610,completed,,
PO-0002059,PKG-05,PROD-AS-200,2026-04-07,2026-04-07,2026-04-07,635,completed,,
PO-0002060,PKG-05,PROD-AS-200,2026-04-07,2026-04-07,2026-04-07,733,completed,,
PO-0002061,PKG-05,PROD-AS-200,2026-04-07,2026-04-07,2026-04-07,492,completed,,
PO-0002062,PKG-05,PROD-HS-110,2026-04-07,2026-04-07,2026-04-07,619,completed,,
PO-0002063,PKG-05,PROD-HS-110,2026-04-07,2026-04-07,2026-04-07,444,completed,,
PO-0002064,PKG-06,PROD-DM-300,2026-04-07,2026-04-07,2026-04-07,1112,completed,,
PO-0002065,PKG-06,PROD-AS-200,2026-04-07,2026-04-07,2026-04-07,993,completed,,
PO-0002066,PKG-06,PROD-DM-300,2026-04-07,2026-04-07,2026-04-07,854,completed,,
PO-0002067,PKG-06,PROD-DM-300,2026-04-07,2026-04-07,2026-04-07,970,completed,,
PO-0002068,PKG-06,PROD-DM-300,2026-04-07,2026-04-07,2026-04-07,928,completed,,
PO-0002069,PKG-06,PROD-DM-300,2026-04-07,2026-04-07,2026-04-07,1035,completed,,
PO-0002070,PKG-06,PROD-DM-300,2026-04-07,2026-04-07,2026-04-07,622,completed,,
PO-0002071,PKG-06,PROD-DM-300,2026-04-07,2026-04-07,2026-04-07,1017,completed,,
PO-0002072,PKG-06,PROD-DM-300,2026-04-07,2026-04-07,2026-04-07,695,completed,,
PO-0002073,PKG-01,PROD-DM-300,2026-04-08,2026-04-08,2026-04-08,766,completed,,
PO-0002074,PKG-01,PROD-DM-300,2026-04-08,2026-04-08,2026-04-08,935,completed,,
PO-0002075,PKG-01,PROD-DM-300,2026-04-08,2026-04-08,2026-04-08,936,completed,,
PO-0002076,PKG-01,PROD-DM-300,2026-04-08,2026-04-08,2026-04-08,769,completed,,
PO-0002077,PKG-01,PROD-DM-300,2026-04-08,2026-04-08,2026-04-08,1419,completed,,
PO-0002078,PKG-01,PROD-DM-300,2026-04-08,2026-04-08,2026-04-08,780,completed,,
PO-0002079,PKG-01,PROD-LB-400,2026-04-08,2026-04-08,2026-04-08,931,completed,,
PO-0002080,PKG-01,PROD-LB-400,2026-04-08,2026-04-08,2026-04-08,1590,completed,,
PO-0002081,PKG-01,PROD-DM-300,2026-04-08,2026-04-08,2026-04-08,1392,completed,,
PO-0002082,PKG-01,PROD-DM-300,2026-04-08,2026-04-08,2026-04-08,1423,completed,,
PO-0002083,PKG-01,PROD-DM-300,2026-04-08,2026-04-08,2026-04-08,964,completed,,
PO-0002084,PKG-01,PROD-DM-300,2026-04-08,2026-04-08,2026-04-08,1356,completed,,
PO-0002085,PKG-01,PROD-AS-200,2026-04-08,2026-04-08,2026-04-08,1468,completed,,
PO-0002086,PKG-01,PROD-DM-300,2026-04-08,2026-04-08,2026-04-08,1314,completed,,
PO-0002087,PKG-01,PROD-DM-300,2026-04-08,2026-04-08,2026-04-08,836,completed,,
PO-0002088,PKG-01,PROD-HS-100,2026-04-08,2026-04-08,2026-04-08,990,completed,,
PO-0002089,PKG-01,PROD-HS-110,2026-04-08,2026-04-08,2026-04-08,1460,completed,,
PO-0002090,PKG-02,PROD-LB-400,2026-04-08,2026-04-08,2026-04-08,1455,completed,,
PO-0002091,PKG-02,PROD-HS-100,2026-04-08,2026-04-08,2026-04-08,1387,completed,,
PO-0002092,PKG-02,PROD-HS-110,2026-04-08,2026-04-08,2026-04-08,1293,completed,,
PO-0002093,PKG-02,PROD-AS-200,2026-04-08,2026-04-08,2026-04-08,1427,completed,,
PO-0002094,PKG-02,PROD-HS-100,2026-04-08,2026-04-08,2026-04-08,1346,completed,,
PO-0002095,PKG-02,PROD-LB-400,2026-04-08,2026-04-08,2026-04-08,1114,completed,,
PO-0002096,PKG-02,PROD-HS-100,2026-04-08,2026-04-08,2026-04-08,1304,completed,,
PO-0002097,PKG-02,PROD-AS-200,2026-04-08,2026-04-08,2026-04-08,921,completed,,
PO-0002098,PKG-02,PROD-HS-100,2026-04-08,2026-04-08,2026-04-08,820,completed,,
PO-0002099,PKG-02,PROD-HS-110,2026-04-08,2026-04-08,2026-04-08,990,completed,,
PO-0002100,PKG-02,PROD-HS-100,2026-04-08,2026-04-08,2026-04-08,1195,completed,,
PO-0002101,PKG-02,PROD-HS-100,2026-04-08,2026-04-08,2026-04-08,1251,completed,,
PO-0002102,PKG-02,PROD-HS-100,2026-04-08,2026-04-08,2026-04-08,752,completed,,
PO-0002103,PKG-02,PROD-HS-100,2026-04-08,2026-04-08,2026-04-08,1057,completed,,
PO-0002104,PKG-02,PROD-HS-100,2026-04-08,2026-04-08,2026-04-08,691,completed,,
PO-0002105,PKG-03,PROD-HS-100,2026-04-08,2026-04-08,2026-04-08,818,completed,,
PO-0002106,PKG-03,PROD-HS-100,2026-04-08,2026-04-08,2026-04-08,1010,completed,,
PO-0002107,PKG-03,PROD-VD-500,2026-04-08,2026-04-08,2026-04-08,991,completed,,
PO-0002108,PKG-03,PROD-AS-200,2026-04-08,2026-04-08,2026-04-08,499,completed,,
PO-0002109,PKG-03,PROD-HS-110,2026-04-08,2026-04-08,2026-04-08,750,completed,,
PO-0002110,PKG-03,PROD-HS-110,2026-04-08,2026-04-08,2026-04-08,882,completed,,
PO-0002111,PKG-03,PROD-HS-110,2026-04-08,2026-04-08,2026-04-08,849,completed,,
PO-0002112,PKG-03,PROD-AS-200,2026-04-08,2026-04-08,2026-04-08,998,completed,,
PO-0002113,PKG-03,PROD-HS-100,2026-04-08,2026-04-08,2026-04-08,514,completed,,
PO-0002114,PKG-04,PROD-VD-500,2026-04-08,2026-04-08,2026-04-08,847,completed,,
PO-0002115,PKG-04,PROD-VD-500,2026-04-08,2026-04-08,2026-04-08,681,completed,,
PO-0002116,PKG-04,PROD-VD-500,2026-04-08,2026-04-08,2026-04-08,665,completed,,
PO-0002117,PKG-04,PROD-VD-500,2026-04-08,2026-04-08,2026-04-08,567,completed,,
PO-0002118,PKG-04,PROD-AS-200,2026-04-08,2026-04-08,2026-04-08,415,completed,,
PO-0002119,PKG-04,PROD-VD-500,2026-04-08,2026-04-08,2026-04-08,580,completed,,
PO-0002120,PKG-04,PROD-AS-200,2026-04-08,2026-04-08,2026-04-08,677,completed,,
PO-0002121,PKG-05,PROD-AS-200,2026-04-08,2026-04-08,2026-04-08,773,completed,,
PO-0002122,PKG-05,PROD-LB-400,2026-04-08,2026-04-08,2026-04-08,586,completed,,
PO-0002123,PKG-05,PROD-DM-300,2026-04-08,2026-04-08,2026-04-08,751,completed,,
PO-0002124,PKG-05,PROD-VD-500,2026-04-08,2026-04-08,2026-04-08,684,completed,,
PO-0002125,PKG-05,PROD-HS-110,2026-04-08,2026-04-08,2026-04-08,953,completed,,
PO-0002126,PKG-05,PROD-AS-200,2026-04-08,2026-04-08,2026-04-08,743,completed,,
PO-0002127,PKG-05,PROD-LB-400,2026-04-08,2026-04-08,2026-04-08,951,completed,,
PO-0002128,PKG-05,PROD-LB-400,2026-04-08,2026-04-08,2026-04-08,580,completed,,
PO-0002129,PKG-06,PROD-AS-200,2026-04-08,2026-04-08,2026-04-08,749,completed,,
PO-0002130,PKG-06,PROD-DM-300,2026-04-08,2026-04-08,2026-04-08,802,completed,,
PO-0002131,PKG-06,PROD-HS-110,2026-04-08,2026-04-08,2026-04-08,700,completed,,
PO-0002132,PKG-06,PROD-DM-300,2026-04-08,2026-04-08,2026-04-08,1029,completed,,
PO-0002133,PKG-06,PROD-DM-300,2026-04-08,2026-04-08,2026-04-08,1055,completed,,
PO-0002134,PKG-06,PROD-DM-300,2026-04-08,2026-04-08,2026-04-08,800,completed,,
PO-0002135,PKG-06,PROD-VD-500,2026-04-08,2026-04-08,2026-04-08,938,completed,,
PO-0002136,PKG-06,PROD-DM-300,2026-04-08,2026-04-08,2026-04-08,581,completed,,
PO-0002137,PKG-06,PROD-DM-300,2026-04-08,2026-04-08,2026-04-08,874,completed,,
PO-0002138,PKG-01,PROD-AS-200,2026-04-09,2026-04-09,2026-04-09,1178,completed,,
PO-0002139,PKG-01,PROD-DM-300,2026-04-09,2026-04-09,2026-04-09,1347,completed,,
PO-0002140,PKG-01,PROD-VD-500,2026-04-09,2026-04-09,2026-04-09,1012,completed,,
PO-0002141,PKG-01,PROD-DM-300,2026-04-09,2026-04-09,2026-04-09,1026,completed,,
PO-0002142,PKG-01,PROD-AS-200,2026-04-09,2026-04-09,2026-04-09,1337,completed,,
PO-0002143,PKG-01,PROD-DM-300,2026-04-09,2026-04-09,2026-04-09,1163,completed,,
PO-0002144,PKG-01,PROD-DM-300,2026-04-09,2026-04-09,2026-04-09,1297,completed,,
PO-0002145,PKG-01,PROD-DM-300,2026-04-09,2026-04-09,2026-04-09,754,completed,,
PO-0002146,PKG-01,PROD-DM-300,2026-04-09,2026-04-09,2026-04-09,1475,completed,,
PO-0002147,PKG-01,PROD-DM-300,2026-04-09,2026-04-09,2026-04-09,1221,completed,,
PO-0002148,PKG-01,PROD-DM-300,2026-04-09,2026-04-09,2026-04-09,811,completed,,
PO-0002149,PKG-01,PROD-AS-200,2026-04-09,2026-04-09,2026-04-09,901,completed,,
PO-0002150,PKG-01,PROD-LB-400,2026-04-09,2026-04-09,2026-04-09,832,completed,,
PO-0002151,PKG-01,PROD-DM-300,2026-04-09,2026-04-09,2026-04-09,1190,completed,,
PO-0002152,PKG-01,PROD-VD-500,2026-04-09,2026-04-09,2026-04-09,1531,completed,,
PO-0002153,PKG-01,PROD-DM-300,2026-04-09,2026-04-09,2026-04-09,874,completed,,
PO-0002154,PKG-01,PROD-DM-300,2026-04-09,2026-04-09,2026-04-09,917,completed,,
PO-0002155,PKG-02,PROD-HS-100,2026-04-09,2026-04-09,2026-04-09,1009,completed,,
PO-0002156,PKG-02,PROD-HS-100,2026-04-09,2026-04-09,2026-04-09,943,completed,,
PO-0002157,PKG-02,PROD-HS-100,2026-04-09,2026-04-09,2026-04-09,1332,completed,,
PO-0002158,PKG-02,PROD-HS-110,2026-04-09,2026-04-09,2026-04-09,644,completed,,
PO-0002159,PKG-02,PROD-AS-200,2026-04-09,2026-04-09,2026-04-09,665,completed,,
PO-0002160,PKG-02,PROD-HS-100,2026-04-09,2026-04-09,2026-04-09,720,completed,,
PO-0002161,PKG-02,PROD-AS-200,2026-04-09,2026-04-09,2026-04-09,1385,completed,,
PO-0002162,PKG-02,PROD-HS-100,2026-04-09,2026-04-09,2026-04-09,956,completed,,
PO-0002163,PKG-02,PROD-LB-400,2026-04-09,2026-04-09,2026-04-09,1429,completed,,
PO-0002164,PKG-02,PROD-HS-100,2026-04-09,2026-04-09,2026-04-09,1008,completed,,
PO-0002165,PKG-02,PROD-HS-110,2026-04-09,2026-04-09,2026-04-09,931,completed,,
PO-0002166,PKG-02,PROD-HS-110,2026-04-09,2026-04-09,2026-04-09,747,completed,,
PO-0002167,PKG-02,PROD-HS-100,2026-04-09,2026-04-09,2026-04-09,972,completed,,
PO-0002168,PKG-02,PROD-HS-100,2026-04-09,2026-04-09,2026-04-09,1288,completed,,
PO-0002169,PKG-02,PROD-HS-110,2026-04-09,2026-04-09,2026-04-09,1056,completed,,
PO-0002170,PKG-03,PROD-HS-100,2026-04-09,2026-04-09,2026-04-09,880,completed,,
PO-0002171,PKG-03,PROD-HS-110,2026-04-09,2026-04-09,2026-04-09,906,completed,,
PO-0002172,PKG-03,PROD-HS-110,2026-04-09,2026-04-09,2026-04-09,829,completed,,
PO-0002173,PKG-03,PROD-HS-100,2026-04-09,2026-04-09,2026-04-09,949,completed,,
PO-0002174,PKG-03,PROD-LB-400,2026-04-09,2026-04-09,2026-04-09,1099,completed,,
PO-0002175,PKG-03,PROD-AS-200,2026-04-09,2026-04-09,2026-04-09,709,completed,,
PO-0002176,PKG-03,PROD-HS-100,2026-04-09,2026-04-09,2026-04-09,629,completed,,
PO-0002177,PKG-03,PROD-AS-200,2026-04-09,2026-04-09,2026-04-09,922,completed,,
PO-0002178,PKG-04,PROD-LB-400,2026-04-09,2026-04-09,2026-04-09,573,completed,,
PO-0002179,PKG-04,PROD-VD-500,2026-04-09,2026-04-09,2026-04-09,800,completed,,
PO-0002180,PKG-04,PROD-VD-500,2026-04-09,2026-04-09,2026-04-09,815,completed,,
PO-0002181,PKG-04,PROD-VD-500,2026-04-09,2026-04-09,2026-04-09,642,completed,,
PO-0002182,PKG-04,PROD-VD-500,2026-04-09,2026-04-09,2026-04-09,441,completed,,
PO-0002183,PKG-04,PROD-VD-500,2026-04-09,2026-04-09,2026-04-09,835,completed,,
PO-0002184,PKG-04,PROD-VD-500,2026-04-09,2026-04-09,2026-04-09,603,completed,,
PO-0002185,PKG-05,PROD-VD-500,2026-04-09,2026-04-09,2026-04-09,819,completed,,
PO-0002186,PKG-05,PROD-AS-200,2026-04-09,2026-04-09,2026-04-09,469,completed,,
PO-0002187,PKG-05,PROD-DM-300,2026-04-09,2026-04-09,2026-04-09,421,completed,,
PO-0002188,PKG-05,PROD-LB-400,2026-04-09,2026-04-09,2026-04-09,801,completed,,
PO-0002189,PKG-05,PROD-HS-100,2026-04-09,2026-04-09,2026-04-09,876,completed,,
PO-0002190,PKG-05,PROD-HS-110,2026-04-09,2026-04-09,2026-04-09,882,completed,,
PO-0002191,PKG-05,PROD-VD-500,2026-04-09,2026-04-09,2026-04-09,796,completed,,
PO-0002192,PKG-05,PROD-VD-500,2026-04-09,2026-04-09,2026-04-09,564,completed,,
PO-0002193,PKG-06,PROD-DM-300,2026-04-09,2026-04-09,2026-04-09,1081,completed,,
PO-0002194,PKG-06,PROD-DM-300,2026-04-09,2026-04-09,2026-04-09,800,completed,,
PO-0002195,PKG-06,PROD-DM-300,2026-04-09,2026-04-09,2026-04-09,504,completed,,
PO-0002196,PKG-06,PROD-DM-300,2026-04-09,2026-04-09,2026-04-09,1124,completed,,
PO-0002197,PKG-06,PROD-LB-400,2026-04-09,2026-04-09,2026-04-09,745,completed,,
PO-0002198,PKG-06,PROD-DM-300,2026-04-09,2026-04-09,2026-04-09,1046,completed,,
PO-0002199,PKG-06,PROD-DM-300,2026-04-09,2026-04-09,2026-04-09,876,completed,,
PO-0002200,PKG-06,PROD-DM-300,2026-04-09,2026-04-09,2026-04-09,823,completed,,
PO-0002201,PKG-06,PROD-DM-300,2026-04-09,2026-04-09,2026-04-09,796,completed,,
PO-0002202,PKG-01,PROD-DM-300,2026-04-10,2026-04-10,2026-04-10,1214,completed,,
PO-0002203,PKG-01,PROD-DM-300,2026-04-10,2026-04-10,2026-04-10,1505,completed,,
PO-0002204,PKG-01,PROD-LB-400,2026-04-10,2026-04-10,2026-04-10,832,completed,,
PO-0002205,PKG-01,PROD-VD-500,2026-04-10,2026-04-10,2026-04-10,1120,completed,,
PO-0002206,PKG-01,PROD-DM-300,2026-04-10,2026-04-10,2026-04-10,1316,completed,,
PO-0002207,PKG-01,PROD-DM-300,2026-04-10,2026-04-10,2026-04-10,1110,completed,,
PO-0002208,PKG-01,PROD-DM-300,2026-04-10,2026-04-10,2026-04-10,1418,completed,,
PO-0002209,PKG-01,PROD-DM-300,2026-04-10,2026-04-10,2026-04-10,1575,completed,,
PO-0002210,PKG-01,PROD-HS-110,2026-04-10,2026-04-10,2026-04-10,1178,completed,,
PO-0002211,PKG-01,PROD-DM-300,2026-04-10,2026-04-10,2026-04-10,1060,completed,,
PO-0002212,PKG-01,PROD-DM-300,2026-04-10,2026-04-10,2026-04-10,1196,completed,,
PO-0002213,PKG-01,PROD-VD-500,2026-04-10,2026-04-10,2026-04-10,861,completed,,
PO-0002214,PKG-01,PROD-DM-300,2026-04-10,2026-04-10,2026-04-10,727,completed,,
PO-0002215,PKG-01,PROD-HS-110,2026-04-10,2026-04-10,2026-04-10,1333,completed,,
PO-0002216,PKG-01,PROD-DM-300,2026-04-10,2026-04-10,2026-04-10,1128,completed,,
PO-0002217,PKG-01,PROD-DM-300,2026-04-10,2026-04-10,2026-04-10,783,completed,,
PO-0002218,PKG-01,PROD-DM-300,2026-04-10,2026-04-10,2026-04-10,1404,completed,,
PO-0002219,PKG-02,PROD-HS-100,2026-04-10,2026-04-10,2026-04-10,722,completed,,
PO-0002220,PKG-02,PROD-HS-100,2026-04-10,2026-04-10,2026-04-10,685,completed,,
PO-0002221,PKG-02,PROD-HS-100,2026-04-10,2026-04-10,2026-04-10,1014,completed,,
PO-0002222,PKG-02,PROD-HS-100,2026-04-10,2026-04-10,2026-04-10,1087,completed,,
PO-0002223,PKG-02,PROD-AS-200,2026-04-10,2026-04-10,2026-04-10,1234,completed,,
PO-0002224,PKG-02,PROD-HS-100,2026-04-10,2026-04-10,2026-04-10,1401,completed,,
PO-0002225,PKG-02,PROD-HS-100,2026-04-10,2026-04-10,2026-04-10,717,completed,,
PO-0002226,PKG-02,PROD-HS-100,2026-04-10,2026-04-10,2026-04-10,771,completed,,
PO-0002227,PKG-02,PROD-HS-110,2026-04-10,2026-04-10,2026-04-10,1028,completed,,
PO-0002228,PKG-02,PROD-HS-110,2026-04-10,2026-04-10,2026-04-10,795,completed,,
PO-0002229,PKG-02,PROD-LB-400,2026-04-10,2026-04-10,2026-04-10,1164,completed,,
PO-0002230,PKG-02,PROD-HS-100,2026-04-10,2026-04-10,2026-04-10,798,completed,,
PO-0002231,PKG-02,PROD-HS-100,2026-04-10,2026-04-10,2026-04-10,927,completed,,
PO-0002232,PKG-02,PROD-HS-100,2026-04-10,2026-04-10,2026-04-10,1165,completed,,
PO-0002233,PKG-02,PROD-HS-110,2026-04-10,2026-04-10,2026-04-10,1294,completed,,
PO-0002234,PKG-03,PROD-AS-200,2026-04-10,2026-04-10,2026-04-10,1220,completed,,
PO-0002235,PKG-03,PROD-LB-400,2026-04-10,2026-04-10,2026-04-10,752,completed,,
PO-0002236,PKG-03,PROD-LB-400,2026-04-10,2026-04-10,2026-04-10,578,completed,,
PO-0002237,PKG-03,PROD-HS-100,2026-04-10,2026-04-10,2026-04-10,1187,completed,,
PO-0002238,PKG-03,PROD-HS-110,2026-04-10,2026-04-10,2026-04-10,904,completed,,
PO-0002239,PKG-03,PROD-LB-400,2026-04-10,2026-04-10,2026-04-10,770,completed,,
PO-0002240,PKG-03,PROD-DM-300,2026-04-10,2026-04-10,2026-04-10,851,completed,,
PO-0002241,PKG-03,PROD-HS-110,2026-04-10,2026-04-10,2026-04-10,1049,completed,,
PO-0002242,PKG-04,PROD-VD-500,2026-04-10,2026-04-10,2026-04-10,747,completed,,
PO-0002243,PKG-04,PROD-VD-500,2026-04-10,2026-04-10,2026-04-10,689,completed,,
PO-0002244,PKG-04,PROD-VD-500,2026-04-10,2026-04-10,2026-04-10,729,completed,,
PO-0002245,PKG-04,PROD-VD-500,2026-04-10,2026-04-10,2026-04-10,804,completed,,
PO-0002246,PKG-04,PROD-VD-500,2026-04-10,2026-04-10,2026-04-10,564,completed,,
PO-0002247,PKG-04,PROD-DM-300,2026-04-10,2026-04-10,2026-04-10,790,completed,,
PO-0002248,PKG-04,PROD-HS-110,2026-04-10,2026-04-10,2026-04-10,507,completed,,
PO-0002249,PKG-05,PROD-LB-400,2026-04-10,2026-04-10,2026-04-10,956,completed,,
PO-0002250,PKG-05,PROD-HS-100,2026-04-10,2026-04-10,2026-04-10,904,completed,,
PO-0002251,PKG-05,PROD-HS-100,2026-04-10,2026-04-10,2026-04-10,729,completed,,
PO-0002252,PKG-05,PROD-HS-100,2026-04-10,2026-04-10,2026-04-10,533,completed,,
PO-0002253,PKG-05,PROD-HS-110,2026-04-10,2026-04-10,2026-04-10,779,completed,,
PO-0002254,PKG-05,PROD-LB-400,2026-04-10,2026-04-10,2026-04-10,888,completed,,
PO-0002255,PKG-05,PROD-HS-100,2026-04-10,2026-04-10,2026-04-10,624,completed,,
PO-0002256,PKG-05,PROD-HS-100,2026-04-10,2026-04-10,2026-04-10,881,completed,,
PO-0002257,PKG-06,PROD-DM-300,2026-04-10,2026-04-10,2026-04-10,928,completed,,
PO-0002258,PKG-06,PROD-DM-300,2026-04-10,2026-04-10,2026-04-10,793,completed,,
PO-0002259,PKG-06,PROD-DM-300,2026-04-10,2026-04-10,2026-04-10,893,completed,,
PO-0002260,PKG-06,PROD-DM-300,2026-04-10,2026-04-10,2026-04-10,991,completed,,
PO-0002261,PKG-06,PROD-DM-300,2026-04-10,2026-04-10,2026-04-10,500,completed,,
PO-0002262,PKG-06,PROD-VD-500,2026-04-10,2026-04-10,2026-04-10,566,completed,,
PO-0002263,PKG-06,PROD-DM-300,2026-04-10,2026-04-10,2026-04-10,1071,completed,,
PO-0002264,PKG-06,PROD-DM-300,2026-04-10,2026-04-10,2026-04-10,853,completed,,
PO-0002265,PKG-06,PROD-AS-200,2026-04-10,2026-04-10,2026-04-10,502,completed,,
PO-0002266,PKG-01,PROD-HS-100,2026-04-11,2026-04-11,2026-04-11,1553,completed,,
PO-0002267,PKG-01,PROD-DM-300,2026-04-11,2026-04-11,2026-04-11,997,completed,,
PO-0002268,PKG-01,PROD-DM-300,2026-04-11,2026-04-11,2026-04-11,987,completed,,
PO-0002269,PKG-01,PROD-DM-300,2026-04-11,2026-04-11,2026-04-11,1420,completed,,
PO-0002270,PKG-01,PROD-DM-300,2026-04-11,2026-04-11,2026-04-11,1091,completed,,
PO-0002271,PKG-01,PROD-DM-300,2026-04-11,2026-04-11,2026-04-11,1181,completed,,
PO-0002272,PKG-01,PROD-DM-300,2026-04-11,2026-04-11,2026-04-11,1455,completed,,
PO-0002273,PKG-01,PROD-VD-500,2026-04-11,2026-04-11,2026-04-11,746,completed,,
PO-0002274,PKG-01,PROD-DM-300,2026-04-11,2026-04-11,2026-04-11,1229,completed,,
PO-0002275,PKG-01,PROD-DM-300,2026-04-11,2026-04-11,2026-04-11,769,completed,,
PO-0002276,PKG-01,PROD-DM-300,2026-04-11,2026-04-11,2026-04-11,1375,completed,,
PO-0002277,PKG-01,PROD-DM-300,2026-04-11,2026-04-11,2026-04-11,1193,completed,,
PO-0002278,PKG-01,PROD-DM-300,2026-04-11,2026-04-11,2026-04-11,789,completed,,
PO-0002279,PKG-01,PROD-DM-300,2026-04-11,2026-04-11,2026-04-11,1549,completed,,
PO-0002280,PKG-01,PROD-HS-110,2026-04-11,2026-04-11,2026-04-11,752,completed,,
PO-0002281,PKG-01,PROD-LB-400,2026-04-11,2026-04-11,2026-04-11,711,completed,,
PO-0002282,PKG-01,PROD-VD-500,2026-04-11,2026-04-11,2026-04-11,794,completed,,
PO-0002283,PKG-02,PROD-AS-200,2026-04-11,2026-04-11,2026-04-11,774,completed,,
PO-0002284,PKG-02,PROD-HS-100,2026-04-11,2026-04-11,2026-04-11,1261,completed,,
PO-0002285,PKG-02,PROD-LB-400,2026-04-11,2026-04-11,2026-04-11,1239,completed,,
PO-0002286,PKG-02,PROD-VD-500,2026-04-11,2026-04-11,2026-04-11,1370,completed,,
PO-0002287,PKG-02,PROD-HS-100,2026-04-11,2026-04-11,2026-04-11,826,completed,,
PO-0002288,PKG-02,PROD-HS-100,2026-04-11,2026-04-11,2026-04-11,1323,completed,,
PO-0002289,PKG-02,PROD-HS-100,2026-04-11,2026-04-11,2026-04-11,856,completed,,
PO-0002290,PKG-02,PROD-HS-110,2026-04-11,2026-04-11,2026-04-11,1043,completed,,
PO-0002291,PKG-02,PROD-AS-200,2026-04-11,2026-04-11,2026-04-11,982,completed,,
PO-0002292,PKG-02,PROD-HS-100,2026-04-11,2026-04-11,2026-04-11,841,completed,,
PO-0002293,PKG-02,PROD-AS-200,2026-04-11,2026-04-11,2026-04-11,1413,completed,,
PO-0002294,PKG-02,PROD-HS-100,2026-04-11,2026-04-11,2026-04-11,1339,completed,,
PO-0002295,PKG-02,PROD-HS-110,2026-04-11,2026-04-11,2026-04-11,1441,completed,,
PO-0002296,PKG-02,PROD-AS-200,2026-04-11,2026-04-11,2026-04-11,852,completed,,
PO-0002297,PKG-02,PROD-HS-100,2026-04-11,2026-04-11,2026-04-11,1076,completed,,
PO-0002298,PKG-03,PROD-LB-400,2026-04-11,2026-04-11,2026-04-11,712,completed,,
PO-0002299,PKG-03,PROD-AS-200,2026-04-11,2026-04-11,2026-04-11,769,completed,,
PO-0002300,PKG-03,PROD-AS-200,2026-04-11,2026-04-11,2026-04-11,1007,completed,,
PO-0002301,PKG-03,PROD-LB-400,2026-04-11,2026-04-11,2026-04-11,1205,completed,,
PO-0002302,PKG-03,PROD-AS-200,2026-04-11,2026-04-11,2026-04-11,587,completed,,
PO-0002303,PKG-03,PROD-LB-400,2026-04-11,2026-04-11,2026-04-11,552,completed,,
PO-0002304,PKG-03,PROD-LB-400,2026-04-11,2026-04-11,2026-04-11,605,completed,,
PO-0002305,PKG-03,PROD-HS-110,2026-04-11,2026-04-11,2026-04-11,928,completed,,
PO-0002306,PKG-04,PROD-VD-500,2026-04-11,2026-04-11,2026-04-11,838,completed,,
PO-0002307,PKG-04,PROD-VD-500,2026-04-11,2026-04-11,2026-04-11,654,completed,,
PO-0002308,PKG-04,PROD-VD-500,2026-04-11,2026-04-11,2026-04-11,442,completed,,
PO-0002309,PKG-04,PROD-VD-500,2026-04-11,2026-04-11,2026-04-11,504,completed,,
PO-0002310,PKG-04,PROD-VD-500,2026-04-11,2026-04-11,2026-04-11,477,completed,,
PO-0002311,PKG-04,PROD-AS-200,2026-04-11,2026-04-11,2026-04-11,614,completed,,
PO-0002312,PKG-04,PROD-VD-500,2026-04-11,2026-04-11,2026-04-11,679,completed,,
PO-0002313,PKG-05,PROD-HS-100,2026-04-11,2026-04-11,2026-04-11,444,completed,,
PO-0002314,PKG-05,PROD-HS-100,2026-04-11,2026-04-11,2026-04-11,544,completed,,
PO-0002315,PKG-05,PROD-HS-100,2026-04-11,2026-04-11,2026-04-11,455,completed,,
PO-0002316,PKG-05,PROD-LB-400,2026-04-11,2026-04-11,2026-04-11,669,completed,,
PO-0002317,PKG-05,PROD-HS-100,2026-04-11,2026-04-11,2026-04-11,718,completed,,
PO-0002318,PKG-05,PROD-VD-500,2026-04-11,2026-04-11,2026-04-11,816,completed,,
PO-0002319,PKG-05,PROD-DM-300,2026-04-11,2026-04-11,2026-04-11,492,completed,,
PO-0002320,PKG-05,PROD-HS-110,2026-04-11,2026-04-11,2026-04-11,909,completed,,
PO-0002321,PKG-06,PROD-AS-200,2026-04-11,2026-04-11,2026-04-11,508,completed,,
PO-0002322,PKG-06,PROD-LB-400,2026-04-11,2026-04-11,2026-04-11,976,completed,,
PO-0002323,PKG-06,PROD-DM-300,2026-04-11,2026-04-11,2026-04-11,996,completed,,
PO-0002324,PKG-06,PROD-HS-110,2026-04-11,2026-04-11,2026-04-11,696,completed,,
PO-0002325,PKG-06,PROD-DM-300,2026-04-11,2026-04-11,2026-04-11,933,completed,,
PO-0002326,PKG-06,PROD-DM-300,2026-04-11,2026-04-11,2026-04-11,640,completed,,
PO-0002327,PKG-06,PROD-AS-200,2026-04-11,2026-04-11,2026-04-11,894,completed,,
PO-0002328,PKG-06,PROD-VD-500,2026-04-11,2026-04-11,2026-04-11,781,completed,,
PO-0002329,PKG-06,PROD-DM-300,2026-04-11,2026-04-11,2026-04-11,966,completed,,
PO-0002330,PKG-01,PROD-DM-300,2026-04-13,2026-04-13,2026-04-13,1258,completed,,
PO-0002331,PKG-01,PROD-DM-300,2026-04-13,2026-04-13,2026-04-13,712,completed,,
PO-0002332,PKG-01,PROD-DM-300,2026-04-13,2026-04-13,2026-04-13,1424,completed,,
PO-0002333,PKG-01,PROD-HS-110,2026-04-13,2026-04-13,2026-04-13,1479,completed,,
PO-0002334,PKG-01,PROD-LB-400,2026-04-13,2026-04-13,2026-04-13,973,completed,,
PO-0002335,PKG-01,PROD-AS-200,2026-04-13,2026-04-13,2026-04-13,936,completed,,
PO-0002336,PKG-01,PROD-DM-300,2026-04-13,2026-04-13,2026-04-13,1109,completed,,
PO-0002337,PKG-01,PROD-DM-300,2026-04-13,2026-04-13,2026-04-13,1397,completed,,
PO-0002338,PKG-01,PROD-DM-300,2026-04-13,2026-04-13,2026-04-13,902,completed,,
PO-0002339,PKG-01,PROD-DM-300,2026-04-13,2026-04-13,2026-04-13,819,completed,,
PO-0002340,PKG-01,PROD-DM-300,2026-04-13,2026-04-13,2026-04-13,1155,completed,,
PO-0002341,PKG-01,PROD-VD-500,2026-04-13,2026-04-13,2026-04-13,1111,completed,,
PO-0002342,PKG-01,PROD-DM-300,2026-04-13,2026-04-13,2026-04-13,1232,completed,,
PO-0002343,PKG-01,PROD-DM-300,2026-04-13,2026-04-13,2026-04-13,1177,completed,,
PO-0002344,PKG-01,PROD-DM-300,2026-04-13,2026-04-13,2026-04-13,1415,completed,,
PO-0002345,PKG-01,PROD-DM-300,2026-04-13,2026-04-13,2026-04-13,1426,completed,,
PO-0002346,PKG-01,PROD-DM-300,2026-04-13,2026-04-13,2026-04-13,1213,completed,,
PO-0002347,PKG-01,PROD-DM-300,2026-04-13,2026-04-13,2026-04-13,873,completed,,
PO-0002348,PKG-02,PROD-HS-100,2026-04-13,2026-04-13,2026-04-13,861,completed,,
PO-0002349,PKG-02,PROD-HS-100,2026-04-13,2026-04-13,2026-04-13,1080,completed,,
PO-0002350,PKG-02,PROD-HS-110,2026-04-13,2026-04-13,2026-04-13,678,completed,,
PO-0002351,PKG-02,PROD-HS-100,2026-04-13,2026-04-13,2026-04-13,682,completed,,
PO-0002352,PKG-02,PROD-AS-200,2026-04-13,2026-04-13,2026-04-13,1091,completed,,
PO-0002353,PKG-02,PROD-HS-100,2026-04-13,2026-04-13,2026-04-13,1276,completed,,
PO-0002354,PKG-02,PROD-LB-400,2026-04-13,2026-04-13,2026-04-13,684,completed,,
PO-0002355,PKG-02,PROD-HS-100,2026-04-13,2026-04-13,2026-04-13,987,completed,,
PO-0002356,PKG-02,PROD-VD-500,2026-04-13,2026-04-13,2026-04-13,828,completed,,
PO-0002357,PKG-02,PROD-AS-200,2026-04-13,2026-04-13,2026-04-13,834,completed,,
PO-0002358,PKG-02,PROD-AS-200,2026-04-13,2026-04-13,2026-04-13,661,completed,,
PO-0002359,PKG-02,PROD-HS-110,2026-04-13,2026-04-13,2026-04-13,689,completed,,
PO-0002360,PKG-02,PROD-LB-400,2026-04-13,2026-04-13,2026-04-13,1446,completed,,
PO-0002361,PKG-02,PROD-HS-100,2026-04-13,2026-04-13,2026-04-13,1281,completed,,
PO-0002362,PKG-02,PROD-HS-100,2026-04-13,2026-04-13,2026-04-13,946,completed,,
PO-0002363,PKG-03,PROD-LB-400,2026-04-13,2026-04-13,2026-04-13,603,completed,,
PO-0002364,PKG-03,PROD-HS-110,2026-04-13,2026-04-13,2026-04-13,556,completed,,
PO-0002365,PKG-03,PROD-AS-200,2026-04-13,2026-04-13,2026-04-13,864,completed,,
PO-0002366,PKG-03,PROD-LB-400,2026-04-13,2026-04-13,2026-04-13,1133,completed,,
PO-0002367,PKG-03,PROD-LB-400,2026-04-13,2026-04-13,2026-04-13,920,completed,,
PO-0002368,PKG-03,PROD-HS-110,2026-04-13,2026-04-13,2026-04-13,708,completed,,
PO-0002369,PKG-03,PROD-HS-100,2026-04-13,2026-04-13,2026-04-13,1025,completed,,
PO-0002370,PKG-03,PROD-AS-200,2026-04-13,2026-04-13,2026-04-13,1162,completed,,
PO-0002371,PKG-04,PROD-VD-500,2026-04-13,2026-04-13,2026-04-13,715,completed,,
PO-0002372,PKG-04,PROD-VD-500,2026-04-13,2026-04-13,2026-04-13,556,completed,,
PO-0002373,PKG-04,PROD-VD-500,2026-04-13,2026-04-13,2026-04-13,482,completed,,
PO-0002374,PKG-04,PROD-VD-500,2026-04-13,2026-04-13,2026-04-13,701,completed,,
PO-0002375,PKG-04,PROD-VD-500,2026-04-13,2026-04-13,2026-04-13,621,completed,,
PO-0002376,PKG-04,PROD-VD-500,2026-04-13,2026-04-13,2026-04-13,482,completed,,
PO-0002377,PKG-04,PROD-LB-400,2026-04-13,2026-04-13,2026-04-13,900,completed,,
PO-0002378,PKG-05,PROD-HS-110,2026-04-13,2026-04-13,2026-04-13,512,completed,,
PO-0002379,PKG-05,PROD-LB-400,2026-04-13,2026-04-13,2026-04-13,622,completed,,
PO-0002380,PKG-05,PROD-LB-400,2026-04-13,2026-04-13,2026-04-13,948,completed,,
PO-0002381,PKG-05,PROD-HS-110,2026-04-13,2026-04-13,2026-04-13,581,completed,,
PO-0002382,PKG-05,PROD-AS-200,2026-04-13,2026-04-13,2026-04-13,718,completed,,
PO-0002383,PKG-05,PROD-VD-500,2026-04-13,2026-04-13,2026-04-13,661,completed,,
PO-0002384,PKG-05,PROD-LB-400,2026-04-13,2026-04-13,2026-04-13,767,completed,,
PO-0002385,PKG-05,PROD-LB-400,2026-04-13,2026-04-13,2026-04-13,935,completed,,
PO-0002386,PKG-06,PROD-DM-300,2026-04-13,2026-04-13,2026-04-13,971,completed,,
PO-0002387,PKG-06,PROD-DM-300,2026-04-13,2026-04-13,2026-04-13,673,completed,,
PO-0002388,PKG-06,PROD-DM-300,2026-04-13,2026-04-13,2026-04-13,982,completed,,
PO-0002389,PKG-06,PROD-DM-300,2026-04-13,2026-04-13,2026-04-13,1076,completed,,
PO-0002390,PKG-06,PROD-DM-300,2026-04-13,2026-04-13,2026-04-13,905,completed,,
PO-0002391,PKG-06,PROD-DM-300,2026-04-13,2026-04-13,2026-04-13,963,completed,,
PO-0002392,PKG-06,PROD-DM-300,2026-04-13,2026-04-13,2026-04-13,1076,completed,,
PO-0002393,PKG-06,PROD-DM-300,2026-04-13,2026-04-13,2026-04-13,867,completed,,
PO-0002394,PKG-06,PROD-DM-300,2026-04-13,2026-04-13,2026-04-13,571,completed,,
PO-0002395,PKG-01,PROD-LB-400,2026-04-14,2026-04-14,2026-04-14,712,completed,,
PO-0002396,PKG-01,PROD-VD-500,2026-04-14,2026-04-14,2026-04-14,1096,completed,,
PO-0002397,PKG-01,PROD-DM-300,2026-04-14,2026-04-14,2026-04-14,1401,completed,,
PO-0002398,PKG-01,PROD-DM-300,2026-04-14,2026-04-14,2026-04-14,1298,completed,,
PO-0002399,PKG-01,PROD-DM-300,2026-04-14,2026-04-14,2026-04-14,761,completed,,
PO-0002400,PKG-01,PROD-DM-300,2026-04-14,2026-04-14,2026-04-14,930,completed,,
PO-0002401,PKG-01,PROD-DM-300,2026-04-14,2026-04-14,2026-04-14,1311,completed,,
PO-0002402,PKG-01,PROD-DM-300,2026-04-14,2026-04-14,2026-04-14,1158,completed,,
PO-0002403,PKG-01,PROD-DM-300,2026-04-14,2026-04-14,2026-04-14,926,completed,,
PO-0002404,PKG-01,PROD-DM-300,2026-04-14,2026-04-14,2026-04-14,1485,completed,,
PO-0002405,PKG-01,PROD-DM-300,2026-04-14,2026-04-14,2026-04-14,682,completed,,
PO-0002406,PKG-01,PROD-LB-400,2026-04-14,2026-04-14,2026-04-14,1316,completed,,
PO-0002407,PKG-01,PROD-DM-300,2026-04-14,2026-04-14,2026-04-14,731,completed,,
PO-0002408,PKG-01,PROD-DM-300,2026-04-14,2026-04-14,2026-04-14,1112,completed,,
PO-0002409,PKG-01,PROD-DM-300,2026-04-14,2026-04-14,2026-04-14,882,completed,,
PO-0002410,PKG-01,PROD-DM-300,2026-04-14,2026-04-14,2026-04-14,1055,completed,,
PO-0002411,PKG-01,PROD-DM-300,2026-04-14,2026-04-14,2026-04-14,1182,completed,,
PO-0002412,PKG-01,PROD-DM-300,2026-04-14,2026-04-14,2026-04-14,1021,completed,,
PO-0002413,PKG-02,PROD-HS-100,2026-04-14,2026-04-14,2026-04-14,710,completed,,
PO-0002414,PKG-02,PROD-HS-100,2026-04-14,2026-04-14,2026-04-14,641,completed,,
PO-0002415,PKG-02,PROD-HS-100,2026-04-14,2026-04-14,2026-04-14,1334,completed,,
PO-0002416,PKG-02,PROD-HS-100,2026-04-14,2026-04-14,2026-04-14,924,completed,,
PO-0002417,PKG-02,PROD-LB-400,2026-04-14,2026-04-14,2026-04-14,675,completed,,
PO-0002418,PKG-02,PROD-LB-400,2026-04-14,2026-04-14,2026-04-14,616,completed,,
PO-0002419,PKG-02,PROD-AS-200,2026-04-14,2026-04-14,2026-04-14,721,completed,,
PO-0002420,PKG-02,PROD-LB-400,2026-04-14,2026-04-14,2026-04-14,867,completed,,
PO-0002421,PKG-02,PROD-HS-100,2026-04-14,2026-04-14,2026-04-14,827,completed,,
PO-0002422,PKG-02,PROD-HS-100,2026-04-14,2026-04-14,2026-04-14,609,completed,,
PO-0002423,PKG-02,PROD-AS-200,2026-04-14,2026-04-14,2026-04-14,1276,completed,,
PO-0002424,PKG-02,PROD-AS-200,2026-04-14,2026-04-14,2026-04-14,867,completed,,
PO-0002425,PKG-02,PROD-HS-100,2026-04-14,2026-04-14,2026-04-14,672,completed,,
PO-0002426,PKG-02,PROD-HS-100,2026-04-14,2026-04-14,2026-04-14,1103,completed,,
PO-0002427,PKG-02,PROD-HS-100,2026-04-14,2026-04-14,2026-04-14,1065,completed,,
PO-0002428,PKG-02,PROD-LB-400,2026-04-14,2026-04-14,2026-04-14,839,completed,,
PO-0002429,PKG-03,PROD-VD-500,2026-04-14,2026-04-14,2026-04-14,803,completed,,
PO-0002430,PKG-03,PROD-LB-400,2026-04-14,2026-04-14,2026-04-14,1204,completed,,
PO-0002431,PKG-03,PROD-HS-100,2026-04-14,2026-04-14,2026-04-14,906,completed,,
PO-0002432,PKG-03,PROD-VD-500,2026-04-14,2026-04-14,2026-04-14,961,completed,,
PO-0002433,PKG-03,PROD-AS-200,2026-04-14,2026-04-14,2026-04-14,608,completed,,
PO-0002434,PKG-03,PROD-LB-400,2026-04-14,2026-04-14,2026-04-14,1043,completed,,
PO-0002435,PKG-03,PROD-AS-200,2026-04-14,2026-04-14,2026-04-14,655,completed,,
PO-0002436,PKG-03,PROD-AS-200,2026-04-14,2026-04-14,2026-04-14,538,completed,,
PO-0002437,PKG-04,PROD-VD-500,2026-04-14,2026-04-14,2026-04-14,539,completed,,
PO-0002438,PKG-04,PROD-VD-500,2026-04-14,2026-04-14,2026-04-14,523,completed,,
PO-0002439,PKG-04,PROD-VD-500,2026-04-14,2026-04-14,2026-04-14,625,completed,,
PO-0002440,PKG-04,PROD-VD-500,2026-04-14,2026-04-14,2026-04-14,609,completed,,
PO-0002441,PKG-04,PROD-VD-500,2026-04-14,2026-04-14,2026-04-14,852,completed,,
PO-0002442,PKG-04,PROD-VD-500,2026-04-14,2026-04-14,2026-04-14,699,completed,,
PO-0002443,PKG-04,PROD-VD-500,2026-04-14,2026-04-14,2026-04-14,596,completed,,
PO-0002444,PKG-05,PROD-AS-200,2026-04-14,2026-04-14,2026-04-14,759,completed,,
PO-0002445,PKG-05,PROD-HS-110,2026-04-14,2026-04-14,2026-04-14,471,completed,,
PO-0002446,PKG-05,PROD-HS-110,2026-04-14,2026-04-14,2026-04-14,617,completed,,
PO-0002447,PKG-05,PROD-HS-100,2026-04-14,2026-04-14,2026-04-14,956,completed,,
PO-0002448,PKG-05,PROD-VD-500,2026-04-14,2026-04-14,2026-04-14,622,completed,,
PO-0002449,PKG-05,PROD-HS-110,2026-04-14,2026-04-14,2026-04-14,692,completed,,
PO-0002450,PKG-05,PROD-HS-100,2026-04-14,2026-04-14,2026-04-14,476,completed,,
PO-0002451,PKG-05,PROD-HS-110,2026-04-14,2026-04-14,2026-04-14,819,completed,,
PO-0002452,PKG-06,PROD-LB-400,2026-04-14,2026-04-14,2026-04-14,1134,completed,,
PO-0002453,PKG-06,PROD-DM-300,2026-04-14,2026-04-14,2026-04-14,921,completed,,
PO-0002454,PKG-06,PROD-LB-400,2026-04-14,2026-04-14,2026-04-14,557,completed,,
PO-0002455,PKG-06,PROD-VD-500,2026-04-14,2026-04-14,2026-04-14,664,completed,,
PO-0002456,PKG-06,PROD-VD-500,2026-04-14,2026-04-14,2026-04-14,500,completed,,
PO-0002457,PKG-06,PROD-DM-300,2026-04-14,2026-04-14,2026-04-14,617,completed,,
PO-0002458,PKG-06,PROD-DM-300,2026-04-14,2026-04-14,2026-04-14,1079,completed,,
PO-0002459,PKG-06,PROD-DM-300,2026-04-14,2026-04-14,2026-04-14,671,completed,,
PO-0002460,PKG-06,PROD-DM-300,2026-04-14,2026-04-14,2026-04-14,644,completed,,
PO-0002461,PKG-01,PROD-DM-300,2026-04-15,2026-04-15,2026-04-15,1547,completed,,
PO-0002462,PKG-01,PROD-DM-300,2026-04-15,2026-04-15,2026-04-15,1589,completed,,
PO-0002463,PKG-01,PROD-DM-300,2026-04-15,2026-04-15,2026-04-15,941,completed,,
PO-0002464,PKG-01,PROD-DM-300,2026-04-15,2026-04-15,2026-04-15,1301,completed,,
PO-0002465,PKG-01,PROD-DM-300,2026-04-15,2026-04-15,2026-04-15,1522,completed,,
PO-0002466,PKG-01,PROD-DM-300,2026-04-15,2026-04-15,2026-04-15,948,completed,,
PO-0002467,PKG-01,PROD-DM-300,2026-04-15,2026-04-15,2026-04-15,991,completed,,
PO-0002468,PKG-01,PROD-DM-300,2026-04-15,2026-04-15,2026-04-15,1156,completed,,
PO-0002469,PKG-01,PROD-AS-200,2026-04-15,2026-04-15,2026-04-15,697,completed,,
PO-0002470,PKG-01,PROD-DM-300,2026-04-15,2026-04-15,2026-04-15,1599,completed,,
PO-0002471,PKG-01,PROD-AS-200,2026-04-15,2026-04-15,2026-04-15,1120,completed,,
PO-0002472,PKG-01,PROD-AS-200,2026-04-15,2026-04-15,2026-04-15,821,completed,,
PO-0002473,PKG-01,PROD-DM-300,2026-04-15,2026-04-15,2026-04-15,1595,completed,,
PO-0002474,PKG-01,PROD-DM-300,2026-04-15,2026-04-15,2026-04-15,1260,completed,,
PO-0002475,PKG-01,PROD-DM-300,2026-04-15,2026-04-15,2026-04-15,1180,completed,,
PO-0002476,PKG-01,PROD-DM-300,2026-04-15,2026-04-15,2026-04-15,1529,completed,,
PO-0002477,PKG-01,PROD-VD-500,2026-04-15,2026-04-15,2026-04-15,1327,completed,,
PO-0002478,PKG-02,PROD-HS-110,2026-04-15,2026-04-15,2026-04-15,1348,completed,,
PO-0002479,PKG-02,PROD-AS-200,2026-04-15,2026-04-15,2026-04-15,1108,completed,,
PO-0002480,PKG-02,PROD-HS-100,2026-04-15,2026-04-15,2026-04-15,647,completed,,
PO-0002481,PKG-02,PROD-HS-100,2026-04-15,2026-04-15,2026-04-15,1460,completed,,
PO-0002482,PKG-02,PROD-HS-100,2026-04-15,2026-04-15,2026-04-15,1090,completed,,
PO-0002483,PKG-02,PROD-HS-100,2026-04-15,2026-04-15,2026-04-15,1038,completed,,
PO-0002484,PKG-02,PROD-HS-100,2026-04-15,2026-04-15,2026-04-15,898,completed,,
PO-0002485,PKG-02,PROD-HS-100,2026-04-15,2026-04-15,2026-04-15,884,completed,,
PO-0002486,PKG-02,PROD-HS-110,2026-04-15,2026-04-15,2026-04-15,1473,completed,,
PO-0002487,PKG-02,PROD-LB-400,2026-04-15,2026-04-15,2026-04-15,1003,completed,,
PO-0002488,PKG-02,PROD-HS-100,2026-04-15,2026-04-15,2026-04-15,782,completed,,
PO-0002489,PKG-02,PROD-HS-110,2026-04-15,2026-04-15,2026-04-15,784,completed,,
PO-0002490,PKG-02,PROD-HS-100,2026-04-15,2026-04-15,2026-04-15,1295,completed,,
PO-0002491,PKG-02,PROD-HS-100,2026-04-15,2026-04-15,2026-04-15,825,completed,,
PO-0002492,PKG-02,PROD-HS-100,2026-04-15,2026-04-15,2026-04-15,772,completed,,
PO-0002493,PKG-03,PROD-HS-100,2026-04-15,2026-04-15,2026-04-15,1084,maintenance_blocked,,MW-PKG-03-202604
PO-0002494,PKG-03,PROD-AS-200,2026-04-15,2026-04-15,2026-04-15,575,maintenance_blocked,,MW-PKG-03-202604
PO-0002495,PKG-03,PROD-LB-400,2026-04-15,2026-04-15,2026-04-15,681,maintenance_blocked,,MW-PKG-03-202604
PO-0002496,PKG-03,PROD-HS-110,2026-04-15,2026-04-15,2026-04-15,646,maintenance_blocked,,MW-PKG-03-202604
PO-0002497,PKG-03,PROD-LB-400,2026-04-15,2026-04-15,2026-04-15,579,maintenance_blocked,,MW-PKG-03-202604
PO-0002498,PKG-03,PROD-HS-100,2026-04-15,2026-04-15,2026-04-15,490,maintenance_blocked,,MW-PKG-03-202604
PO-0002499,PKG-03,PROD-AS-200,2026-04-15,2026-04-15,2026-04-15,757,maintenance_blocked,,MW-PKG-03-202604
PO-0002500,PKG-03,PROD-LB-400,2026-04-15,2026-04-15,2026-04-15,557,maintenance_blocked,,MW-PKG-03-202604
PO-0002501,PKG-03,PROD-LB-400,2026-04-15,2026-04-15,2026-04-15,863,maintenance_blocked,,MW-PKG-03-202604
PO-0002502,PKG-04,PROD-VD-500,2026-04-15,2026-04-15,2026-04-15,417,completed,,
PO-0002503,PKG-04,PROD-VD-500,2026-04-15,2026-04-15,2026-04-15,853,completed,,
PO-0002504,PKG-04,PROD-AS-200,2026-04-15,2026-04-15,2026-04-15,822,completed,,
PO-0002505,PKG-04,PROD-VD-500,2026-04-15,2026-04-15,2026-04-15,640,completed,,
PO-0002506,PKG-04,PROD-VD-500,2026-04-15,2026-04-15,2026-04-15,634,completed,,
PO-0002507,PKG-04,PROD-VD-500,2026-04-15,2026-04-15,2026-04-15,688,completed,,
PO-0002508,PKG-04,PROD-VD-500,2026-04-15,2026-04-15,2026-04-15,831,completed,,
PO-0002509,PKG-05,PROD-HS-110,2026-04-15,2026-04-15,2026-04-15,547,completed,,
PO-0002510,PKG-05,PROD-AS-200,2026-04-15,2026-04-15,2026-04-15,510,completed,,
PO-0002511,PKG-05,PROD-AS-200,2026-04-15,2026-04-15,2026-04-15,803,completed,,
PO-0002512,PKG-05,PROD-AS-200,2026-04-15,2026-04-15,2026-04-15,584,completed,,
PO-0002513,PKG-05,PROD-HS-110,2026-04-15,2026-04-15,2026-04-15,894,completed,,
PO-0002514,PKG-05,PROD-AS-200,2026-04-15,2026-04-15,2026-04-15,829,completed,,
PO-0002515,PKG-05,PROD-AS-200,2026-04-15,2026-04-15,2026-04-15,449,completed,,
PO-0002516,PKG-05,PROD-HS-110,2026-04-15,2026-04-15,2026-04-15,623,completed,,
PO-0002517,PKG-06,PROD-DM-300,2026-04-15,2026-04-15,2026-04-15,579,completed,,
PO-0002518,PKG-06,PROD-HS-100,2026-04-15,2026-04-15,2026-04-15,1093,completed,,
PO-0002519,PKG-06,PROD-DM-300,2026-04-15,2026-04-15,2026-04-15,1035,completed,,
PO-0002520,PKG-06,PROD-HS-100,2026-04-15,2026-04-15,2026-04-15,786,completed,,
PO-0002521,PKG-06,PROD-DM-300,2026-04-15,2026-04-15,2026-04-15,1042,completed,,
PO-0002522,PKG-06,PROD-DM-300,2026-04-15,2026-04-15,2026-04-15,686,completed,,
PO-0002523,PKG-06,PROD-VD-500,2026-04-15,2026-04-15,2026-04-15,575,completed,,
PO-0002524,PKG-06,PROD-HS-100,2026-04-15,2026-04-15,2026-04-15,1048,completed,,
PO-0002525,PKG-06,PROD-DM-300,2026-04-15,2026-04-15,2026-04-15,1125,completed,,
PO-0002526,PKG-01,PROD-DM-300,2026-04-16,2026-04-16,2026-04-16,1270,completed,,
PO-0002527,PKG-01,PROD-DM-300,2026-04-16,2026-04-16,2026-04-16,1267,completed,,
PO-0002528,PKG-01,PROD-DM-300,2026-04-16,2026-04-16,2026-04-16,918,completed,,
PO-0002529,PKG-01,PROD-DM-300,2026-04-16,2026-04-16,2026-04-16,1257,completed,,
PO-0002530,PKG-01,PROD-VD-500,2026-04-16,2026-04-16,2026-04-16,1535,completed,,
PO-0002531,PKG-01,PROD-HS-100,2026-04-16,2026-04-16,2026-04-16,1369,completed,,
PO-0002532,PKG-01,PROD-VD-500,2026-04-16,2026-04-16,2026-04-16,1604,completed,,
PO-0002533,PKG-01,PROD-DM-300,2026-04-16,2026-04-16,2026-04-16,1098,completed,,
PO-0002534,PKG-01,PROD-DM-300,2026-04-16,2026-04-16,2026-04-16,691,completed,,
PO-0002535,PKG-01,PROD-DM-300,2026-04-16,2026-04-16,2026-04-16,1078,completed,,
PO-0002536,PKG-01,PROD-DM-300,2026-04-16,2026-04-16,2026-04-16,742,completed,,
PO-0002537,PKG-01,PROD-DM-300,2026-04-16,2026-04-16,2026-04-16,988,completed,,
PO-0002538,PKG-01,PROD-DM-300,2026-04-16,2026-04-16,2026-04-16,1352,completed,,
PO-0002539,PKG-01,PROD-DM-300,2026-04-16,2026-04-16,2026-04-16,796,completed,,
PO-0002540,PKG-01,PROD-DM-300,2026-04-16,2026-04-16,2026-04-16,1002,completed,,
PO-0002541,PKG-01,PROD-DM-300,2026-04-16,2026-04-16,2026-04-16,1523,completed,,
PO-0002542,PKG-01,PROD-DM-300,2026-04-16,2026-04-16,2026-04-16,1247,completed,,
PO-0002543,PKG-02,PROD-HS-100,2026-04-16,2026-04-16,2026-04-16,810,completed,,
PO-0002544,PKG-02,PROD-LB-400,2026-04-16,2026-04-16,2026-04-16,1387,completed,,
PO-0002545,PKG-02,PROD-HS-100,2026-04-16,2026-04-16,2026-04-16,1042,completed,,
PO-0002546,PKG-02,PROD-HS-100,2026-04-16,2026-04-16,2026-04-16,1373,completed,,
PO-0002547,PKG-02,PROD-AS-200,2026-04-16,2026-04-16,2026-04-16,938,completed,,
PO-0002548,PKG-02,PROD-LB-400,2026-04-16,2026-04-16,2026-04-16,1385,completed,,
PO-0002549,PKG-02,PROD-HS-100,2026-04-16,2026-04-16,2026-04-16,1043,completed,,
PO-0002550,PKG-02,PROD-HS-100,2026-04-16,2026-04-16,2026-04-16,1386,completed,,
PO-0002551,PKG-02,PROD-AS-200,2026-04-16,2026-04-16,2026-04-16,745,completed,,
PO-0002552,PKG-02,PROD-HS-100,2026-04-16,2026-04-16,2026-04-16,1443,completed,,
PO-0002553,PKG-02,PROD-AS-200,2026-04-16,2026-04-16,2026-04-16,640,completed,,
PO-0002554,PKG-02,PROD-HS-100,2026-04-16,2026-04-16,2026-04-16,1308,completed,,
PO-0002555,PKG-02,PROD-HS-110,2026-04-16,2026-04-16,2026-04-16,725,completed,,
PO-0002556,PKG-02,PROD-HS-100,2026-04-16,2026-04-16,2026-04-16,1396,completed,,
PO-0002557,PKG-02,PROD-AS-200,2026-04-16,2026-04-16,2026-04-16,1225,completed,,
PO-0002558,PKG-03,PROD-AS-200,2026-04-16,2026-04-16,2026-04-16,804,maintenance_blocked,,MW-PKG-03-202604
PO-0002559,PKG-03,PROD-LB-400,2026-04-16,2026-04-16,2026-04-16,1046,maintenance_blocked,,MW-PKG-03-202604
PO-0002560,PKG-03,PROD-AS-200,2026-04-16,2026-04-16,2026-04-16,939,maintenance_blocked,,MW-PKG-03-202604
PO-0002561,PKG-03,PROD-HS-100,2026-04-16,2026-04-16,2026-04-16,1101,maintenance_blocked,,MW-PKG-03-202604
PO-0002562,PKG-03,PROD-LB-400,2026-04-16,2026-04-16,2026-04-16,587,maintenance_blocked,,MW-PKG-03-202604
PO-0002563,PKG-03,PROD-HS-100,2026-04-16,2026-04-16,2026-04-16,726,maintenance_blocked,,MW-PKG-03-202604
PO-0002564,PKG-03,PROD-AS-200,2026-04-16,2026-04-16,2026-04-16,570,maintenance_blocked,,MW-PKG-03-202604
PO-0002565,PKG-03,PROD-AS-200,2026-04-16,2026-04-16,2026-04-16,892,maintenance_blocked,,MW-PKG-03-202604
PO-0002566,PKG-03,PROD-HS-100,2026-04-16,2026-04-16,2026-04-16,575,maintenance_blocked,,MW-PKG-03-202604
PO-0002567,PKG-04,PROD-VD-500,2026-04-16,2026-04-16,2026-04-16,492,completed,,
PO-0002568,PKG-04,PROD-VD-500,2026-04-16,2026-04-16,2026-04-16,541,completed,,
PO-0002569,PKG-04,PROD-VD-500,2026-04-16,2026-04-16,2026-04-16,441,completed,,
PO-0002570,PKG-04,PROD-VD-500,2026-04-16,2026-04-16,2026-04-16,457,completed,,
PO-0002571,PKG-04,PROD-VD-500,2026-04-16,2026-04-16,2026-04-16,435,completed,,
PO-0002572,PKG-04,PROD-VD-500,2026-04-16,2026-04-16,2026-04-16,624,completed,,
PO-0002573,PKG-04,PROD-VD-500,2026-04-16,2026-04-16,2026-04-16,785,completed,,
PO-0002574,PKG-05,PROD-HS-110,2026-04-16,2026-04-16,2026-04-16,885,completed,,
PO-0002575,PKG-05,PROD-LB-400,2026-04-16,2026-04-16,2026-04-16,473,completed,,
PO-0002576,PKG-05,PROD-VD-500,2026-04-16,2026-04-16,2026-04-16,696,completed,,
PO-0002577,PKG-05,PROD-HS-110,2026-04-16,2026-04-16,2026-04-16,844,completed,,
PO-0002578,PKG-05,PROD-LB-400,2026-04-16,2026-04-16,2026-04-16,469,completed,,
PO-0002579,PKG-05,PROD-LB-400,2026-04-16,2026-04-16,2026-04-16,537,completed,,
PO-0002580,PKG-05,PROD-HS-100,2026-04-16,2026-04-16,2026-04-16,745,completed,,
PO-0002581,PKG-05,PROD-HS-100,2026-04-16,2026-04-16,2026-04-16,426,completed,,
PO-0002582,PKG-06,PROD-AS-200,2026-04-16,2026-04-16,2026-04-16,855,completed,,
PO-0002583,PKG-06,PROD-DM-300,2026-04-16,2026-04-16,2026-04-16,1104,completed,,
PO-0002584,PKG-06,PROD-HS-110,2026-04-16,2026-04-16,2026-04-16,778,completed,,
PO-0002585,PKG-06,PROD-DM-300,2026-04-16,2026-04-16,2026-04-16,1106,completed,,
PO-0002586,PKG-06,PROD-DM-300,2026-04-16,2026-04-16,2026-04-16,878,completed,,
PO-0002587,PKG-06,PROD-DM-300,2026-04-16,2026-04-16,2026-04-16,1122,completed,,
PO-0002588,PKG-06,PROD-DM-300,2026-04-16,2026-04-16,2026-04-16,1018,completed,,
PO-0002589,PKG-06,PROD-DM-300,2026-04-16,2026-04-16,2026-04-16,979,completed,,
PO-0002590,PKG-06,PROD-LB-400,2026-04-16,2026-04-16,2026-04-16,833,completed,,
PO-0002591,PKG-01,PROD-AS-200,2026-04-17,2026-04-17,2026-04-17,1141,completed,,
PO-0002592,PKG-01,PROD-LB-400,2026-04-17,2026-04-17,2026-04-17,820,completed,,
PO-0002593,PKG-01,PROD-DM-300,2026-04-17,2026-04-17,2026-04-17,1420,completed,,
PO-0002594,PKG-01,PROD-DM-300,2026-04-17,2026-04-17,2026-04-17,1511,completed,,
PO-0002595,PKG-01,PROD-DM-300,2026-04-17,2026-04-17,2026-04-17,1350,completed,,
PO-0002596,PKG-01,PROD-DM-300,2026-04-17,2026-04-17,2026-04-17,823,completed,,
PO-0002597,PKG-01,PROD-DM-300,2026-04-17,2026-04-17,2026-04-17,1315,completed,,
PO-0002598,PKG-01,PROD-DM-300,2026-04-17,2026-04-17,2026-04-17,1207,completed,,
PO-0002599,PKG-01,PROD-DM-300,2026-04-17,2026-04-17,2026-04-17,1576,completed,,
PO-0002600,PKG-01,PROD-DM-300,2026-04-17,2026-04-17,2026-04-17,1540,completed,,
PO-0002601,PKG-01,PROD-DM-300,2026-04-17,2026-04-17,2026-04-17,1518,completed,,
PO-0002602,PKG-01,PROD-HS-100,2026-04-17,2026-04-17,2026-04-17,1138,completed,,
PO-0002603,PKG-01,PROD-VD-500,2026-04-17,2026-04-17,2026-04-17,1129,completed,,
PO-0002604,PKG-01,PROD-DM-300,2026-04-17,2026-04-17,2026-04-17,1442,completed,,
PO-0002605,PKG-01,PROD-VD-500,2026-04-17,2026-04-17,2026-04-17,1515,completed,,
PO-0002606,PKG-01,PROD-DM-300,2026-04-17,2026-04-17,2026-04-17,998,completed,,
PO-0002607,PKG-01,PROD-DM-300,2026-04-17,2026-04-17,2026-04-17,1511,completed,,
PO-0002608,PKG-02,PROD-HS-100,2026-04-17,2026-04-17,2026-04-17,719,completed,,
PO-0002609,PKG-02,PROD-HS-100,2026-04-17,2026-04-17,2026-04-17,878,completed,,
PO-0002610,PKG-02,PROD-HS-100,2026-04-17,2026-04-17,2026-04-17,993,completed,,
PO-0002611,PKG-02,PROD-HS-100,2026-04-17,2026-04-17,2026-04-17,1351,completed,,
PO-0002612,PKG-02,PROD-LB-400,2026-04-17,2026-04-17,2026-04-17,1046,completed,,
PO-0002613,PKG-02,PROD-VD-500,2026-04-17,2026-04-17,2026-04-17,1214,completed,,
PO-0002614,PKG-02,PROD-HS-110,2026-04-17,2026-04-17,2026-04-17,1190,completed,,
PO-0002615,PKG-02,PROD-HS-100,2026-04-17,2026-04-17,2026-04-17,842,completed,,
PO-0002616,PKG-02,PROD-LB-400,2026-04-17,2026-04-17,2026-04-17,898,completed,,
PO-0002617,PKG-02,PROD-LB-400,2026-04-17,2026-04-17,2026-04-17,728,completed,,
PO-0002618,PKG-02,PROD-LB-400,2026-04-17,2026-04-17,2026-04-17,1252,completed,,
PO-0002619,PKG-02,PROD-VD-500,2026-04-17,2026-04-17,2026-04-17,897,completed,,
PO-0002620,PKG-02,PROD-HS-100,2026-04-17,2026-04-17,2026-04-17,955,completed,,
PO-0002621,PKG-02,PROD-HS-100,2026-04-17,2026-04-17,2026-04-17,1453,completed,,
PO-0002622,PKG-02,PROD-HS-100,2026-04-17,2026-04-17,2026-04-17,1299,completed,,
PO-0002623,PKG-03,PROD-HS-110,2026-04-17,2026-04-17,2026-04-17,1183,maintenance_blocked,,MW-PKG-03-202604
PO-0002624,PKG-03,PROD-AS-200,2026-04-17,2026-04-17,2026-04-17,822,maintenance_blocked,,MW-PKG-03-202604
PO-0002625,PKG-03,PROD-AS-200,2026-04-17,2026-04-17,2026-04-17,986,maintenance_blocked,,MW-PKG-03-202604
PO-0002626,PKG-03,PROD-AS-200,2026-04-17,2026-04-17,2026-04-17,559,maintenance_blocked,,MW-PKG-03-202604
PO-0002627,PKG-03,PROD-LB-400,2026-04-17,2026-04-17,2026-04-17,1194,maintenance_blocked,,MW-PKG-03-202604
PO-0002628,PKG-03,PROD-LB-400,2026-04-17,2026-04-17,2026-04-17,650,maintenance_blocked,,MW-PKG-03-202604
PO-0002629,PKG-03,PROD-AS-200,2026-04-17,2026-04-17,2026-04-17,542,maintenance_blocked,,MW-PKG-03-202604
PO-0002630,PKG-03,PROD-LB-400,2026-04-17,2026-04-17,2026-04-17,1017,maintenance_blocked,,MW-PKG-03-202604
PO-0002631,PKG-04,PROD-HS-100,2026-04-17,2026-04-17,2026-04-17,582,completed,,
PO-0002632,PKG-04,PROD-VD-500,2026-04-17,2026-04-17,2026-04-17,907,completed,,
PO-0002633,PKG-04,PROD-VD-500,2026-04-17,2026-04-17,2026-04-17,488,completed,,
PO-0002634,PKG-04,PROD-VD-500,2026-04-17,2026-04-17,2026-04-17,858,completed,,
PO-0002635,PKG-04,PROD-VD-500,2026-04-17,2026-04-17,2026-04-17,569,completed,,
PO-0002636,PKG-04,PROD-VD-500,2026-04-17,2026-04-17,2026-04-17,527,completed,,
PO-0002637,PKG-04,PROD-HS-100,2026-04-17,2026-04-17,2026-04-17,844,completed,,
PO-0002638,PKG-05,PROD-HS-110,2026-04-17,2026-04-17,2026-04-17,944,completed,,
PO-0002639,PKG-05,PROD-AS-200,2026-04-17,2026-04-17,2026-04-17,446,completed,,
PO-0002640,PKG-05,PROD-HS-110,2026-04-17,2026-04-17,2026-04-17,754,completed,,
PO-0002641,PKG-05,PROD-AS-200,2026-04-17,2026-04-17,2026-04-17,508,completed,,
PO-0002642,PKG-05,PROD-VD-500,2026-04-17,2026-04-17,2026-04-17,464,completed,,
PO-0002643,PKG-05,PROD-LB-400,2026-04-17,2026-04-17,2026-04-17,872,completed,,
PO-0002644,PKG-05,PROD-HS-110,2026-04-17,2026-04-17,2026-04-17,960,completed,,
PO-0002645,PKG-05,PROD-LB-400,2026-04-17,2026-04-17,2026-04-17,544,completed,,
PO-0002646,PKG-06,PROD-DM-300,2026-04-17,2026-04-17,2026-04-17,761,completed,,
PO-0002647,PKG-06,PROD-DM-300,2026-04-17,2026-04-17,2026-04-17,811,completed,,
PO-0002648,PKG-06,PROD-DM-300,2026-04-17,2026-04-17,2026-04-17,505,completed,,
PO-0002649,PKG-06,PROD-DM-300,2026-04-17,2026-04-17,2026-04-17,846,completed,,
PO-0002650,PKG-06,PROD-DM-300,2026-04-17,2026-04-17,2026-04-17,655,completed,,
PO-0002651,PKG-06,PROD-VD-500,2026-04-17,2026-04-17,2026-04-17,1130,completed,,
PO-0002652,PKG-06,PROD-DM-300,2026-04-17,2026-04-17,2026-04-17,978,completed,,
PO-0002653,PKG-06,PROD-LB-400,2026-04-17,2026-04-17,2026-04-17,902,completed,,
PO-0002654,PKG-06,PROD-DM-300,2026-04-17,2026-04-17,2026-04-17,653,completed,,
PO-0002655,PKG-01,PROD-DM-300,2026-04-18,2026-04-18,2026-04-18,1250,completed,,
PO-0002656,PKG-01,PROD-DM-300,2026-04-18,2026-04-18,2026-04-18,809,completed,,
PO-0002657,PKG-01,PROD-DM-300,2026-04-18,2026-04-18,2026-04-18,1585,completed,,
PO-0002658,PKG-01,PROD-DM-300,2026-04-18,2026-04-18,2026-04-18,835,completed,,
PO-0002659,PKG-01,PROD-DM-300,2026-04-18,2026-04-18,2026-04-18,1222,completed,,
PO-0002660,PKG-01,PROD-DM-300,2026-04-18,2026-04-18,2026-04-18,849,completed,,
PO-0002661,PKG-01,PROD-VD-500,2026-04-18,2026-04-18,2026-04-18,1118,completed,,
PO-0002662,PKG-01,PROD-VD-500,2026-04-18,2026-04-18,2026-04-18,1388,completed,,
PO-0002663,PKG-01,PROD-DM-300,2026-04-18,2026-04-18,2026-04-18,744,completed,,
PO-0002664,PKG-01,PROD-VD-500,2026-04-18,2026-04-18,2026-04-18,727,completed,,
PO-0002665,PKG-01,PROD-DM-300,2026-04-18,2026-04-18,2026-04-18,817,completed,,
PO-0002666,PKG-01,PROD-DM-300,2026-04-18,2026-04-18,2026-04-18,1405,completed,,
PO-0002667,PKG-01,PROD-DM-300,2026-04-18,2026-04-18,2026-04-18,736,completed,,
PO-0002668,PKG-01,PROD-HS-100,2026-04-18,2026-04-18,2026-04-18,1348,completed,,
PO-0002669,PKG-01,PROD-DM-300,2026-04-18,2026-04-18,2026-04-18,1401,completed,,
PO-0002670,PKG-01,PROD-DM-300,2026-04-18,2026-04-18,2026-04-18,1328,completed,,
PO-0002671,PKG-01,PROD-DM-300,2026-04-18,2026-04-18,2026-04-18,1502,completed,,
PO-0002672,PKG-02,PROD-LB-400,2026-04-18,2026-04-18,2026-04-18,774,completed,,
PO-0002673,PKG-02,PROD-HS-100,2026-04-18,2026-04-18,2026-04-18,1217,completed,,
PO-0002674,PKG-02,PROD-LB-400,2026-04-18,2026-04-18,2026-04-18,772,completed,,
PO-0002675,PKG-02,PROD-HS-110,2026-04-18,2026-04-18,2026-04-18,657,completed,,
PO-0002676,PKG-02,PROD-HS-100,2026-04-18,2026-04-18,2026-04-18,1074,completed,,
PO-0002677,PKG-02,PROD-HS-100,2026-04-18,2026-04-18,2026-04-18,1298,completed,,
PO-0002678,PKG-02,PROD-LB-400,2026-04-18,2026-04-18,2026-04-18,678,completed,,
PO-0002679,PKG-02,PROD-LB-400,2026-04-18,2026-04-18,2026-04-18,787,completed,,
PO-0002680,PKG-02,PROD-AS-200,2026-04-18,2026-04-18,2026-04-18,1226,completed,,
PO-0002681,PKG-02,PROD-HS-100,2026-04-18,2026-04-18,2026-04-18,1128,completed,,
PO-0002682,PKG-02,PROD-LB-400,2026-04-18,2026-04-18,2026-04-18,818,completed,,
PO-0002683,PKG-02,PROD-HS-100,2026-04-18,2026-04-18,2026-04-18,1275,completed,,
PO-0002684,PKG-02,PROD-HS-100,2026-04-18,2026-04-18,2026-04-18,1177,completed,,
PO-0002685,PKG-02,PROD-HS-100,2026-04-18,2026-04-18,2026-04-18,1009,completed,,
PO-0002686,PKG-02,PROD-HS-100,2026-04-18,2026-04-18,2026-04-18,1017,completed,,
PO-0002687,PKG-03,PROD-LB-400,2026-04-18,2026-04-18,2026-04-18,977,completed,,
PO-0002688,PKG-03,PROD-HS-110,2026-04-18,2026-04-18,2026-04-18,614,completed,,
PO-0002689,PKG-03,PROD-HS-110,2026-04-18,2026-04-18,2026-04-18,568,completed,,
PO-0002690,PKG-03,PROD-HS-100,2026-04-18,2026-04-18,2026-04-18,968,completed,,
PO-0002691,PKG-03,PROD-HS-110,2026-04-18,2026-04-18,2026-04-18,903,completed,,
PO-0002692,PKG-03,PROD-AS-200,2026-04-18,2026-04-18,2026-04-18,1215,completed,,
PO-0002693,PKG-03,PROD-LB-400,2026-04-18,2026-04-18,2026-04-18,788,completed,,
PO-0002694,PKG-03,PROD-LB-400,2026-04-18,2026-04-18,2026-04-18,863,completed,,
PO-0002695,PKG-04,PROD-VD-500,2026-04-18,2026-04-18,2026-04-18,749,completed,,
PO-0002696,PKG-04,PROD-VD-500,2026-04-18,2026-04-18,2026-04-18,540,completed,,
PO-0002697,PKG-04,PROD-VD-500,2026-04-18,2026-04-18,2026-04-18,737,completed,,
PO-0002698,PKG-04,PROD-VD-500,2026-04-18,2026-04-18,2026-04-18,762,completed,,
PO-0002699,PKG-04,PROD-VD-500,2026-04-18,2026-04-18,2026-04-18,538,completed,,
PO-0002700,PKG-04,PROD-VD-500,2026-04-18,2026-04-18,2026-04-18,871,completed,,
PO-0002701,PKG-04,PROD-VD-500,2026-04-18,2026-04-18,2026-04-18,497,completed,,
PO-0002702,PKG-05,PROD-LB-400,2026-04-18,2026-04-18,2026-04-18,778,completed,,
PO-0002703,PKG-05,PROD-HS-110,2026-04-18,2026-04-18,2026-04-18,494,completed,,
PO-0002704,PKG-05,PROD-LB-400,2026-04-18,2026-04-18,2026-04-18,684,completed,,
PO-0002705,PKG-05,PROD-HS-100,2026-04-18,2026-04-18,2026-04-18,923,completed,,
PO-0002706,PKG-05,PROD-HS-110,2026-04-18,2026-04-18,2026-04-18,936,completed,,
PO-0002707,PKG-05,PROD-LB-400,2026-04-18,2026-04-18,2026-04-18,817,completed,,
PO-0002708,PKG-05,PROD-LB-400,2026-04-18,2026-04-18,2026-04-18,772,completed,,
PO-0002709,PKG-05,PROD-LB-400,2026-04-18,2026-04-18,2026-04-18,462,completed,,
PO-0002710,PKG-06,PROD-DM-300,2026-04-18,2026-04-18,2026-04-18,666,completed,,
PO-0002711,PKG-06,PROD-DM-300,2026-04-18,2026-04-18,2026-04-18,494,completed,,
PO-0002712,PKG-06,PROD-DM-300,2026-04-18,2026-04-18,2026-04-18,850,completed,,
PO-0002713,PKG-06,PROD-VD-500,2026-04-18,2026-04-18,2026-04-18,1046,completed,,
PO-0002714,PKG-06,PROD-DM-300,2026-04-18,2026-04-18,2026-04-18,642,completed,,
PO-0002715,PKG-06,PROD-DM-300,2026-04-18,2026-04-18,2026-04-18,1080,completed,,
PO-0002716,PKG-06,PROD-DM-300,2026-04-18,2026-04-18,2026-04-18,500,completed,,
PO-0002717,PKG-06,PROD-VD-500,2026-04-18,2026-04-18,2026-04-18,503,completed,,
PO-0002718,PKG-06,PROD-DM-300,2026-04-18,2026-04-18,2026-04-18,1096,completed,,
PO-0002719,PKG-01,PROD-DM-300,2026-04-20,2026-04-20,2026-04-20,762,completed,,
PO-0002720,PKG-01,PROD-DM-300,2026-04-20,2026-04-20,2026-04-20,1294,completed,,
PO-0002721,PKG-01,PROD-DM-300,2026-04-20,2026-04-20,2026-04-20,873,completed,,
PO-0002722,PKG-01,PROD-DM-300,2026-04-20,2026-04-20,2026-04-20,1008,completed,,
PO-0002723,PKG-01,PROD-DM-300,2026-04-20,2026-04-20,2026-04-20,1407,completed,,
PO-0002724,PKG-01,PROD-HS-100,2026-04-20,2026-04-20,2026-04-20,1599,completed,,
PO-0002725,PKG-01,PROD-DM-300,2026-04-20,2026-04-20,2026-04-20,1525,completed,,
PO-0002726,PKG-01,PROD-DM-300,2026-04-20,2026-04-20,2026-04-20,862,completed,,
PO-0002727,PKG-01,PROD-DM-300,2026-04-20,2026-04-20,2026-04-20,725,completed,,
PO-0002728,PKG-01,PROD-DM-300,2026-04-20,2026-04-20,2026-04-20,1594,completed,,
PO-0002729,PKG-01,PROD-HS-100,2026-04-20,2026-04-20,2026-04-20,863,completed,,
PO-0002730,PKG-01,PROD-DM-300,2026-04-20,2026-04-20,2026-04-20,1041,completed,,
PO-0002731,PKG-01,PROD-VD-500,2026-04-20,2026-04-20,2026-04-20,957,completed,,
PO-0002732,PKG-01,PROD-VD-500,2026-04-20,2026-04-20,2026-04-20,937,completed,,
PO-0002733,PKG-01,PROD-DM-300,2026-04-20,2026-04-20,2026-04-20,791,completed,,
PO-0002734,PKG-01,PROD-DM-300,2026-04-20,2026-04-20,2026-04-20,1197,completed,,
PO-0002735,PKG-01,PROD-DM-300,2026-04-20,2026-04-20,2026-04-20,1359,completed,,
PO-0002736,PKG-02,PROD-HS-100,2026-04-20,2026-04-20,2026-04-20,897,completed,,
PO-0002737,PKG-02,PROD-VD-500,2026-04-20,2026-04-20,2026-04-20,635,completed,,
PO-0002738,PKG-02,PROD-AS-200,2026-04-20,2026-04-20,2026-04-20,909,completed,,
PO-0002739,PKG-02,PROD-HS-110,2026-04-20,2026-04-20,2026-04-20,1123,completed,,
PO-0002740,PKG-02,PROD-HS-100,2026-04-20,2026-04-20,2026-04-20,885,completed,,
PO-0002741,PKG-02,PROD-LB-400,2026-04-20,2026-04-20,2026-04-20,857,completed,,
PO-0002742,PKG-02,PROD-HS-100,2026-04-20,2026-04-20,2026-04-20,769,completed,,
PO-0002743,PKG-02,PROD-LB-400,2026-04-20,2026-04-20,2026-04-20,1317,completed,,
PO-0002744,PKG-02,PROD-HS-100,2026-04-20,2026-04-20,2026-04-20,877,completed,,
PO-0002745,PKG-02,PROD-LB-400,2026-04-20,2026-04-20,2026-04-20,849,completed,,
PO-0002746,PKG-02,PROD-VD-500,2026-04-20,2026-04-20,2026-04-20,1029,completed,,
PO-0002747,PKG-02,PROD-HS-100,2026-04-20,2026-04-20,2026-04-20,1139,completed,,
PO-0002748,PKG-02,PROD-HS-100,2026-04-20,2026-04-20,2026-04-20,980,completed,,
PO-0002749,PKG-02,PROD-VD-500,2026-04-20,2026-04-20,2026-04-20,771,completed,,
PO-0002750,PKG-02,PROD-AS-200,2026-04-20,2026-04-20,2026-04-20,763,completed,,
PO-0002751,PKG-03,PROD-AS-200,2026-04-20,2026-04-20,2026-04-20,1103,completed,,
PO-0002752,PKG-03,PROD-HS-110,2026-04-20,2026-04-20,2026-04-20,880,completed,,
PO-0002753,PKG-03,PROD-HS-100,2026-04-20,2026-04-20,2026-04-20,663,completed,,
PO-0002754,PKG-03,PROD-HS-110,2026-04-20,2026-04-20,2026-04-20,659,completed,,
PO-0002755,PKG-03,PROD-AS-200,2026-04-20,2026-04-20,2026-04-20,926,completed,,
PO-0002756,PKG-03,PROD-LB-400,2026-04-20,2026-04-20,2026-04-20,691,completed,,
PO-0002757,PKG-03,PROD-AS-200,2026-04-20,2026-04-20,2026-04-20,771,completed,,
PO-0002758,PKG-03,PROD-HS-110,2026-04-20,2026-04-20,2026-04-20,1189,completed,,
PO-0002759,PKG-04,PROD-VD-500,2026-04-20,2026-04-20,2026-04-20,533,completed,,
PO-0002760,PKG-04,PROD-AS-200,2026-04-20,2026-04-20,2026-04-20,741,completed,,
PO-0002761,PKG-04,PROD-VD-500,2026-04-20,2026-04-20,2026-04-20,749,completed,,
PO-0002762,PKG-04,PROD-DM-300,2026-04-20,2026-04-20,2026-04-20,498,completed,,
PO-0002763,PKG-04,PROD-DM-300,2026-04-20,2026-04-20,2026-04-20,415,completed,,
PO-0002764,PKG-04,PROD-VD-500,2026-04-20,2026-04-20,2026-04-20,446,completed,,
PO-0002765,PKG-04,PROD-VD-500,2026-04-20,2026-04-20,2026-04-20,709,completed,,
PO-0002766,PKG-05,PROD-HS-100,2026-04-20,2026-04-20,2026-04-20,749,completed,,
PO-0002767,PKG-05,PROD-AS-200,2026-04-20,2026-04-20,2026-04-20,855,completed,,
PO-0002768,PKG-05,PROD-AS-200,2026-04-20,2026-04-20,2026-04-20,860,completed,,
PO-0002769,PKG-05,PROD-AS-200,2026-04-20,2026-04-20,2026-04-20,525,completed,,
PO-0002770,PKG-05,PROD-HS-100,2026-04-20,2026-04-20,2026-04-20,573,completed,,
PO-0002771,PKG-05,PROD-LB-400,2026-04-20,2026-04-20,2026-04-20,726,completed,,
PO-0002772,PKG-05,PROD-AS-200,2026-04-20,2026-04-20,2026-04-20,647,completed,,
PO-0002773,PKG-05,PROD-VD-500,2026-04-20,2026-04-20,2026-04-20,871,completed,,
PO-0002774,PKG-06,PROD-DM-300,2026-04-20,2026-04-20,2026-04-20,708,completed,,
PO-0002775,PKG-06,PROD-DM-300,2026-04-20,2026-04-20,2026-04-20,991,completed,,
PO-0002776,PKG-06,PROD-DM-300,2026-04-20,2026-04-20,2026-04-20,832,completed,,
PO-0002777,PKG-06,PROD-DM-300,2026-04-20,2026-04-20,2026-04-20,497,completed,,
PO-0002778,PKG-06,PROD-DM-300,2026-04-20,2026-04-20,2026-04-20,957,completed,,
PO-0002779,PKG-06,PROD-DM-300,2026-04-20,2026-04-20,2026-04-20,688,completed,,
PO-0002780,PKG-06,PROD-VD-500,2026-04-20,2026-04-20,2026-04-20,639,completed,,
PO-0002781,PKG-06,PROD-DM-300,2026-04-20,2026-04-20,2026-04-20,894,completed,,
PO-0002782,PKG-06,PROD-DM-300,2026-04-20,2026-04-20,2026-04-20,986,completed,,
PO-0002783,PKG-01,PROD-DM-300,2026-04-21,2026-04-21,2026-04-21,1451,completed,,
PO-0002784,PKG-01,PROD-DM-300,2026-04-21,2026-04-21,2026-04-21,977,completed,,
PO-0002785,PKG-01,PROD-DM-300,2026-04-21,2026-04-21,2026-04-21,1156,completed,,
PO-0002786,PKG-01,PROD-DM-300,2026-04-21,2026-04-21,2026-04-21,1353,completed,,
PO-0002787,PKG-01,PROD-VD-500,2026-04-21,2026-04-21,2026-04-21,1155,completed,,
PO-0002788,PKG-01,PROD-DM-300,2026-04-21,2026-04-21,2026-04-21,1236,completed,,
PO-0002789,PKG-01,PROD-DM-300,2026-04-21,2026-04-21,2026-04-21,1240,completed,,
PO-0002790,PKG-01,PROD-DM-300,2026-04-21,2026-04-21,2026-04-21,1474,completed,,
PO-0002791,PKG-01,PROD-VD-500,2026-04-21,2026-04-21,2026-04-21,1089,completed,,
PO-0002792,PKG-01,PROD-HS-110,2026-04-21,2026-04-21,2026-04-21,743,completed,,
PO-0002793,PKG-01,PROD-DM-300,2026-04-21,2026-04-21,2026-04-21,988,completed,,
PO-0002794,PKG-01,PROD-VD-500,2026-04-21,2026-04-21,2026-04-21,973,completed,,
PO-0002795,PKG-01,PROD-DM-300,2026-04-21,2026-04-21,2026-04-21,671,completed,,
PO-0002796,PKG-01,PROD-DM-300,2026-04-21,2026-04-21,2026-04-21,1312,completed,,
PO-0002797,PKG-01,PROD-HS-100,2026-04-21,2026-04-21,2026-04-21,1018,completed,,
PO-0002798,PKG-01,PROD-DM-300,2026-04-21,2026-04-21,2026-04-21,1394,completed,,
PO-0002799,PKG-01,PROD-DM-300,2026-04-21,2026-04-21,2026-04-21,1489,completed,,
PO-0002800,PKG-01,PROD-VD-500,2026-04-21,2026-04-21,2026-04-21,1072,completed,,
PO-0002801,PKG-02,PROD-DM-300,2026-04-21,2026-04-21,2026-04-21,844,completed,,
PO-0002802,PKG-02,PROD-AS-200,2026-04-21,2026-04-21,2026-04-21,1142,completed,,
PO-0002803,PKG-02,PROD-LB-400,2026-04-21,2026-04-21,2026-04-21,1307,completed,,
PO-0002804,PKG-02,PROD-LB-400,2026-04-21,2026-04-21,2026-04-21,884,completed,,
PO-0002805,PKG-02,PROD-LB-400,2026-04-21,2026-04-21,2026-04-21,1420,completed,,
PO-0002806,PKG-02,PROD-HS-110,2026-04-21,2026-04-21,2026-04-21,987,completed,,
PO-0002807,PKG-02,PROD-HS-110,2026-04-21,2026-04-21,2026-04-21,1442,completed,,
PO-0002808,PKG-02,PROD-HS-100,2026-04-21,2026-04-21,2026-04-21,1085,completed,,
PO-0002809,PKG-02,PROD-HS-100,2026-04-21,2026-04-21,2026-04-21,1391,completed,,
PO-0002810,PKG-02,PROD-HS-100,2026-04-21,2026-04-21,2026-04-21,1419,completed,,
PO-0002811,PKG-02,PROD-AS-200,2026-04-21,2026-04-21,2026-04-21,649,completed,,
PO-0002812,PKG-02,PROD-HS-100,2026-04-21,2026-04-21,2026-04-21,1226,completed,,
PO-0002813,PKG-02,PROD-HS-100,2026-04-21,2026-04-21,2026-04-21,1025,completed,,
PO-0002814,PKG-02,PROD-LB-400,2026-04-21,2026-04-21,2026-04-21,765,completed,,
PO-0002815,PKG-02,PROD-HS-100,2026-04-21,2026-04-21,2026-04-21,642,completed,,
PO-0002816,PKG-03,PROD-HS-110,2026-04-21,2026-04-21,2026-04-21,690,completed,,
PO-0002817,PKG-03,PROD-HS-110,2026-04-21,2026-04-21,2026-04-21,786,completed,,
PO-0002818,PKG-03,PROD-HS-110,2026-04-21,2026-04-21,2026-04-21,1135,completed,,
PO-0002819,PKG-03,PROD-AS-200,2026-04-21,2026-04-21,2026-04-21,1144,completed,,
PO-0002820,PKG-03,PROD-HS-100,2026-04-21,2026-04-21,2026-04-21,1061,completed,,
PO-0002821,PKG-03,PROD-LB-400,2026-04-21,2026-04-21,2026-04-21,777,completed,,
PO-0002822,PKG-03,PROD-HS-100,2026-04-21,2026-04-21,2026-04-21,641,completed,,
PO-0002823,PKG-03,PROD-HS-100,2026-04-21,2026-04-21,2026-04-21,765,completed,,
PO-0002824,PKG-04,PROD-DM-300,2026-04-21,2026-04-21,2026-04-21,844,completed,,
PO-0002825,PKG-04,PROD-VD-500,2026-04-21,2026-04-21,2026-04-21,396,completed,,
PO-0002826,PKG-04,PROD-LB-400,2026-04-21,2026-04-21,2026-04-21,853,completed,,
PO-0002827,PKG-04,PROD-HS-100,2026-04-21,2026-04-21,2026-04-21,818,completed,,
PO-0002828,PKG-04,PROD-VD-500,2026-04-21,2026-04-21,2026-04-21,619,completed,,
PO-0002829,PKG-04,PROD-VD-500,2026-04-21,2026-04-21,2026-04-21,762,completed,,
PO-0002830,PKG-04,PROD-DM-300,2026-04-21,2026-04-21,2026-04-21,866,completed,,
PO-0002831,PKG-05,PROD-VD-500,2026-04-21,2026-04-21,2026-04-21,965,completed,,
PO-0002832,PKG-05,PROD-AS-200,2026-04-21,2026-04-21,2026-04-21,450,completed,,
PO-0002833,PKG-05,PROD-AS-200,2026-04-21,2026-04-21,2026-04-21,678,completed,,
PO-0002834,PKG-05,PROD-HS-110,2026-04-21,2026-04-21,2026-04-21,904,completed,,
PO-0002835,PKG-05,PROD-AS-200,2026-04-21,2026-04-21,2026-04-21,615,completed,,
PO-0002836,PKG-05,PROD-LB-400,2026-04-21,2026-04-21,2026-04-21,594,completed,,
PO-0002837,PKG-05,PROD-HS-110,2026-04-21,2026-04-21,2026-04-21,466,completed,,
PO-0002838,PKG-05,PROD-HS-110,2026-04-21,2026-04-21,2026-04-21,442,completed,,
PO-0002839,PKG-06,PROD-DM-300,2026-04-21,2026-04-21,2026-04-21,782,completed,,
PO-0002840,PKG-06,PROD-DM-300,2026-04-21,2026-04-21,2026-04-21,1060,completed,,
PO-0002841,PKG-06,PROD-DM-300,2026-04-21,2026-04-21,2026-04-21,911,completed,,
PO-0002842,PKG-06,PROD-DM-300,2026-04-21,2026-04-21,2026-04-21,668,completed,,
PO-0002843,PKG-06,PROD-DM-300,2026-04-21,2026-04-21,2026-04-21,551,completed,,
PO-0002844,PKG-06,PROD-DM-300,2026-04-21,2026-04-21,2026-04-21,1073,completed,,
PO-0002845,PKG-06,PROD-VD-500,2026-04-21,2026-04-21,2026-04-21,671,completed,,
PO-0002846,PKG-06,PROD-DM-300,2026-04-21,2026-04-21,2026-04-21,715,completed,,
PO-0002847,PKG-06,PROD-HS-110,2026-04-21,2026-04-21,2026-04-21,1093,completed,,
PO-0002848,PKG-01,PROD-DM-300,2026-04-22,2026-04-22,2026-04-22,795,completed,,
PO-0002849,PKG-01,PROD-DM-300,2026-04-22,2026-04-22,2026-04-22,842,completed,,
PO-0002850,PKG-01,PROD-DM-300,2026-04-22,2026-04-22,2026-04-22,1327,completed,,
PO-0002851,PKG-01,PROD-DM-300,2026-04-22,2026-04-22,2026-04-22,666,completed,,
PO-0002852,PKG-01,PROD-DM-300,2026-04-22,2026-04-22,2026-04-22,695,completed,,
PO-0002853,PKG-01,PROD-DM-300,2026-04-22,2026-04-22,2026-04-22,1013,completed,,
PO-0002854,PKG-01,PROD-DM-300,2026-04-22,2026-04-22,2026-04-22,1327,completed,,
PO-0002855,PKG-01,PROD-LB-400,2026-04-22,2026-04-22,2026-04-22,1226,completed,,
PO-0002856,PKG-01,PROD-LB-400,2026-04-22,2026-04-22,2026-04-22,921,completed,,
PO-0002857,PKG-01,PROD-DM-300,2026-04-22,2026-04-22,2026-04-22,739,completed,,
PO-0002858,PKG-01,PROD-DM-300,2026-04-22,2026-04-22,2026-04-22,1493,completed,,
PO-0002859,PKG-01,PROD-DM-300,2026-04-22,2026-04-22,2026-04-22,1085,completed,,
PO-0002860,PKG-01,PROD-DM-300,2026-04-22,2026-04-22,2026-04-22,1189,completed,,
PO-0002861,PKG-01,PROD-DM-300,2026-04-22,2026-04-22,2026-04-22,953,completed,,
PO-0002862,PKG-01,PROD-VD-500,2026-04-22,2026-04-22,2026-04-22,1166,completed,,
PO-0002863,PKG-01,PROD-DM-300,2026-04-22,2026-04-22,2026-04-22,1490,completed,,
PO-0002864,PKG-01,PROD-DM-300,2026-04-22,2026-04-22,2026-04-22,1006,completed,,
PO-0002865,PKG-01,PROD-DM-300,2026-04-22,2026-04-22,2026-04-22,936,completed,,
PO-0002866,PKG-02,PROD-LB-400,2026-04-22,2026-04-22,2026-04-22,1136,completed,,
PO-0002867,PKG-02,PROD-LB-400,2026-04-22,2026-04-22,2026-04-22,757,completed,,
PO-0002868,PKG-02,PROD-HS-100,2026-04-22,2026-04-22,2026-04-22,1018,completed,,
PO-0002869,PKG-02,PROD-AS-200,2026-04-22,2026-04-22,2026-04-22,1130,completed,,
PO-0002870,PKG-02,PROD-HS-100,2026-04-22,2026-04-22,2026-04-22,759,completed,,
PO-0002871,PKG-02,PROD-HS-100,2026-04-22,2026-04-22,2026-04-22,1293,completed,,
PO-0002872,PKG-02,PROD-HS-100,2026-04-22,2026-04-22,2026-04-22,643,completed,,
PO-0002873,PKG-02,PROD-AS-200,2026-04-22,2026-04-22,2026-04-22,1331,completed,,
PO-0002874,PKG-02,PROD-HS-100,2026-04-22,2026-04-22,2026-04-22,1206,completed,,
PO-0002875,PKG-02,PROD-AS-200,2026-04-22,2026-04-22,2026-04-22,635,completed,,
PO-0002876,PKG-02,PROD-HS-110,2026-04-22,2026-04-22,2026-04-22,1214,completed,,
PO-0002877,PKG-02,PROD-HS-100,2026-04-22,2026-04-22,2026-04-22,748,completed,,
PO-0002878,PKG-02,PROD-AS-200,2026-04-22,2026-04-22,2026-04-22,707,completed,,
PO-0002879,PKG-02,PROD-HS-100,2026-04-22,2026-04-22,2026-04-22,1026,completed,,
PO-0002880,PKG-02,PROD-HS-100,2026-04-22,2026-04-22,2026-04-22,889,completed,,
PO-0002881,PKG-02,PROD-HS-100,2026-04-22,2026-04-22,2026-04-22,699,completed,,
PO-0002882,PKG-03,PROD-HS-100,2026-04-22,2026-04-22,2026-04-22,1094,completed,,
PO-0002883,PKG-03,PROD-HS-100,2026-04-22,2026-04-22,2026-04-22,853,completed,,
PO-0002884,PKG-03,PROD-HS-110,2026-04-22,2026-04-22,2026-04-22,722,completed,,
PO-0002885,PKG-03,PROD-LB-400,2026-04-22,2026-04-22,2026-04-22,808,completed,,
PO-0002886,PKG-03,PROD-AS-200,2026-04-22,2026-04-22,2026-04-22,766,completed,,
PO-0002887,PKG-03,PROD-AS-200,2026-04-22,2026-04-22,2026-04-22,779,completed,,
PO-0002888,PKG-03,PROD-HS-110,2026-04-22,2026-04-22,2026-04-22,1032,completed,,
PO-0002889,PKG-03,PROD-LB-400,2026-04-22,2026-04-22,2026-04-22,780,completed,,
PO-0002890,PKG-04,PROD-VD-500,2026-04-22,2026-04-22,2026-04-22,603,completed,,
PO-0002891,PKG-04,PROD-VD-500,2026-04-22,2026-04-22,2026-04-22,431,completed,,
PO-0002892,PKG-04,PROD-VD-500,2026-04-22,2026-04-22,2026-04-22,559,completed,,
PO-0002893,PKG-04,PROD-VD-500,2026-04-22,2026-04-22,2026-04-22,649,completed,,
PO-0002894,PKG-04,PROD-VD-500,2026-04-22,2026-04-22,2026-04-22,804,completed,,
PO-0002895,PKG-04,PROD-VD-500,2026-04-22,2026-04-22,2026-04-22,824,completed,,
PO-0002896,PKG-04,PROD-VD-500,2026-04-22,2026-04-22,2026-04-22,791,completed,,
PO-0002897,PKG-05,PROD-AS-200,2026-04-22,2026-04-22,2026-04-22,606,completed,,
PO-0002898,PKG-05,PROD-HS-110,2026-04-22,2026-04-22,2026-04-22,847,completed,,
PO-0002899,PKG-05,PROD-HS-110,2026-04-22,2026-04-22,2026-04-22,728,completed,,
PO-0002900,PKG-05,PROD-HS-100,2026-04-22,2026-04-22,2026-04-22,693,completed,,
PO-0002901,PKG-05,PROD-DM-300,2026-04-22,2026-04-22,2026-04-22,814,completed,,
PO-0002902,PKG-05,PROD-LB-400,2026-04-22,2026-04-22,2026-04-22,552,completed,,
PO-0002903,PKG-05,PROD-HS-110,2026-04-22,2026-04-22,2026-04-22,702,completed,,
PO-0002904,PKG-05,PROD-LB-400,2026-04-22,2026-04-22,2026-04-22,529,completed,,
PO-0002905,PKG-06,PROD-DM-300,2026-04-22,2026-04-22,2026-04-22,568,completed,,
PO-0002906,PKG-06,PROD-DM-300,2026-04-22,2026-04-22,2026-04-22,618,completed,,
PO-0002907,PKG-06,PROD-DM-300,2026-04-22,2026-04-22,2026-04-22,546,completed,,
PO-0002908,PKG-06,PROD-DM-300,2026-04-22,2026-04-22,2026-04-22,688,completed,,
PO-0002909,PKG-06,PROD-DM-300,2026-04-22,2026-04-22,2026-04-22,1035,completed,,
PO-0002910,PKG-06,PROD-HS-100,2026-04-22,2026-04-22,2026-04-22,705,completed,,
PO-0002911,PKG-06,PROD-VD-500,2026-04-22,2026-04-22,2026-04-22,809,completed,,
PO-0002912,PKG-06,PROD-DM-300,2026-04-22,2026-04-22,2026-04-22,586,completed,,
PO-0002913,PKG-06,PROD-AS-200,2026-04-22,2026-04-22,2026-04-22,631,completed,,
PO-0002914,PKG-01,PROD-HS-100,2026-04-23,2026-04-23,2026-04-23,825,completed,,
PO-0002915,PKG-01,PROD-DM-300,2026-04-23,2026-04-23,2026-04-23,1601,completed,,
PO-0002916,PKG-01,PROD-DM-300,2026-04-23,2026-04-23,2026-04-23,1240,completed,,
PO-0002917,PKG-01,PROD-DM-300,2026-04-23,2026-04-23,2026-04-23,946,completed,,
PO-0002918,PKG-01,PROD-LB-400,2026-04-23,2026-04-23,2026-04-23,1406,completed,,
PO-0002919,PKG-01,PROD-DM-300,2026-04-23,2026-04-23,2026-04-23,1373,completed,,
PO-0002920,PKG-01,PROD-DM-300,2026-04-23,2026-04-23,2026-04-23,1469,completed,,
PO-0002921,PKG-01,PROD-AS-200,2026-04-23,2026-04-23,2026-04-23,1317,completed,,
PO-0002922,PKG-01,PROD-DM-300,2026-04-23,2026-04-23,2026-04-23,845,completed,,
PO-0002923,PKG-01,PROD-DM-300,2026-04-23,2026-04-23,2026-04-23,801,completed,,
PO-0002924,PKG-01,PROD-DM-300,2026-04-23,2026-04-23,2026-04-23,1504,completed,,
PO-0002925,PKG-01,PROD-AS-200,2026-04-23,2026-04-23,2026-04-23,1142,completed,,
PO-0002926,PKG-01,PROD-VD-500,2026-04-23,2026-04-23,2026-04-23,1333,completed,,
PO-0002927,PKG-01,PROD-DM-300,2026-04-23,2026-04-23,2026-04-23,1185,completed,,
PO-0002928,PKG-01,PROD-AS-200,2026-04-23,2026-04-23,2026-04-23,843,completed,,
PO-0002929,PKG-01,PROD-DM-300,2026-04-23,2026-04-23,2026-04-23,983,completed,,
PO-0002930,PKG-01,PROD-DM-300,2026-04-23,2026-04-23,2026-04-23,1027,completed,,
PO-0002931,PKG-02,PROD-HS-100,2026-04-23,2026-04-23,2026-04-23,1131,completed,,
PO-0002932,PKG-02,PROD-HS-110,2026-04-23,2026-04-23,2026-04-23,770,completed,,
PO-0002933,PKG-02,PROD-HS-100,2026-04-23,2026-04-23,2026-04-23,782,completed,,
PO-0002934,PKG-02,PROD-HS-110,2026-04-23,2026-04-23,2026-04-23,797,completed,,
PO-0002935,PKG-02,PROD-HS-100,2026-04-23,2026-04-23,2026-04-23,1213,completed,,
PO-0002936,PKG-02,PROD-HS-100,2026-04-23,2026-04-23,2026-04-23,877,completed,,
PO-0002937,PKG-02,PROD-HS-100,2026-04-23,2026-04-23,2026-04-23,1233,completed,,
PO-0002938,PKG-02,PROD-HS-110,2026-04-23,2026-04-23,2026-04-23,1243,completed,,
PO-0002939,PKG-02,PROD-LB-400,2026-04-23,2026-04-23,2026-04-23,663,completed,,
PO-0002940,PKG-02,PROD-HS-100,2026-04-23,2026-04-23,2026-04-23,1092,completed,,
PO-0002941,PKG-02,PROD-HS-100,2026-04-23,2026-04-23,2026-04-23,927,completed,,
PO-0002942,PKG-02,PROD-LB-400,2026-04-23,2026-04-23,2026-04-23,916,completed,,
PO-0002943,PKG-02,PROD-HS-100,2026-04-23,2026-04-23,2026-04-23,668,completed,,
PO-0002944,PKG-02,PROD-HS-100,2026-04-23,2026-04-23,2026-04-23,822,completed,,
PO-0002945,PKG-02,PROD-HS-100,2026-04-23,2026-04-23,2026-04-23,1006,completed,,
PO-0002946,PKG-03,PROD-LB-400,2026-04-23,2026-04-23,2026-04-23,991,completed,,
PO-0002947,PKG-03,PROD-LB-400,2026-04-23,2026-04-23,2026-04-23,702,completed,,
PO-0002948,PKG-03,PROD-HS-100,2026-04-23,2026-04-23,2026-04-23,614,completed,,
PO-0002949,PKG-03,PROD-HS-100,2026-04-23,2026-04-23,2026-04-23,519,completed,,
PO-0002950,PKG-03,PROD-AS-200,2026-04-23,2026-04-23,2026-04-23,901,completed,,
PO-0002951,PKG-03,PROD-AS-200,2026-04-23,2026-04-23,2026-04-23,1055,completed,,
PO-0002952,PKG-03,PROD-HS-100,2026-04-23,2026-04-23,2026-04-23,899,completed,,
PO-0002953,PKG-03,PROD-HS-110,2026-04-23,2026-04-23,2026-04-23,677,completed,,
PO-0002954,PKG-03,PROD-HS-110,2026-04-23,2026-04-23,2026-04-23,794,completed,,
PO-0002955,PKG-04,PROD-VD-500,2026-04-23,2026-04-23,2026-04-23,502,completed,,
PO-0002956,PKG-04,PROD-VD-500,2026-04-23,2026-04-23,2026-04-23,585,completed,,
PO-0002957,PKG-04,PROD-VD-500,2026-04-23,2026-04-23,2026-04-23,830,completed,,
PO-0002958,PKG-04,PROD-VD-500,2026-04-23,2026-04-23,2026-04-23,745,completed,,
PO-0002959,PKG-04,PROD-VD-500,2026-04-23,2026-04-23,2026-04-23,734,completed,,
PO-0002960,PKG-04,PROD-VD-500,2026-04-23,2026-04-23,2026-04-23,513,completed,,
PO-0002961,PKG-04,PROD-VD-500,2026-04-23,2026-04-23,2026-04-23,470,completed,,
PO-0002962,PKG-05,PROD-AS-200,2026-04-23,2026-04-23,2026-04-23,787,completed,,
PO-0002963,PKG-05,PROD-HS-110,2026-04-23,2026-04-23,2026-04-23,703,completed,,
PO-0002964,PKG-05,PROD-HS-100,2026-04-23,2026-04-23,2026-04-23,523,completed,,
PO-0002965,PKG-05,PROD-HS-110,2026-04-23,2026-04-23,2026-04-23,440,completed,,
PO-0002966,PKG-05,PROD-VD-500,2026-04-23,2026-04-23,2026-04-23,465,completed,,
PO-0002967,PKG-05,PROD-HS-100,2026-04-23,2026-04-23,2026-04-23,822,completed,,
PO-0002968,PKG-05,PROD-LB-400,2026-04-23,2026-04-23,2026-04-23,684,completed,,
PO-0002969,PKG-05,PROD-AS-200,2026-04-23,2026-04-23,2026-04-23,901,completed,,
PO-0002970,PKG-06,PROD-AS-200,2026-04-23,2026-04-23,2026-04-23,1059,completed,,
PO-0002971,PKG-06,PROD-DM-300,2026-04-23,2026-04-23,2026-04-23,822,completed,,
PO-0002972,PKG-06,PROD-DM-300,2026-04-23,2026-04-23,2026-04-23,639,completed,,
PO-0002973,PKG-06,PROD-DM-300,2026-04-23,2026-04-23,2026-04-23,785,completed,,
PO-0002974,PKG-06,PROD-VD-500,2026-04-23,2026-04-23,2026-04-23,634,completed,,
PO-0002975,PKG-06,PROD-DM-300,2026-04-23,2026-04-23,2026-04-23,877,completed,,
PO-0002976,PKG-06,PROD-VD-500,2026-04-23,2026-04-23,2026-04-23,541,completed,,
PO-0002977,PKG-06,PROD-DM-300,2026-04-23,2026-04-23,2026-04-23,1066,completed,,
PO-0002978,PKG-06,PROD-DM-300,2026-04-23,2026-04-23,2026-04-23,814,completed,,
PO-0002979,PKG-01,PROD-DM-300,2026-04-24,2026-04-24,2026-04-24,888,completed,,
PO-0002980,PKG-01,PROD-DM-300,2026-04-24,2026-04-24,2026-04-24,1103,completed,,
PO-0002981,PKG-01,PROD-DM-300,2026-04-24,2026-04-24,2026-04-24,1015,completed,,
PO-0002982,PKG-01,PROD-DM-300,2026-04-24,2026-04-24,2026-04-24,1279,completed,,
PO-0002983,PKG-01,PROD-VD-500,2026-04-24,2026-04-24,2026-04-24,760,completed,,
PO-0002984,PKG-01,PROD-LB-400,2026-04-24,2026-04-24,2026-04-24,1245,completed,,
PO-0002985,PKG-01,PROD-DM-300,2026-04-24,2026-04-24,2026-04-24,932,completed,,
PO-0002986,PKG-01,PROD-DM-300,2026-04-24,2026-04-24,2026-04-24,1119,completed,,
PO-0002987,PKG-01,PROD-DM-300,2026-04-24,2026-04-24,2026-04-24,1086,completed,,
PO-0002988,PKG-01,PROD-DM-300,2026-04-24,2026-04-24,2026-04-24,1413,completed,,
PO-0002989,PKG-01,PROD-DM-300,2026-04-24,2026-04-24,2026-04-24,830,completed,,
PO-0002990,PKG-01,PROD-DM-300,2026-04-24,2026-04-24,2026-04-24,1082,completed,,
PO-0002991,PKG-01,PROD-DM-300,2026-04-24,2026-04-24,2026-04-24,1143,completed,,
PO-0002992,PKG-01,PROD-VD-500,2026-04-24,2026-04-24,2026-04-24,1183,completed,,
PO-0002993,PKG-01,PROD-DM-300,2026-04-24,2026-04-24,2026-04-24,1241,completed,,
PO-0002994,PKG-01,PROD-DM-300,2026-04-24,2026-04-24,2026-04-24,1205,completed,,
PO-0002995,PKG-01,PROD-DM-300,2026-04-24,2026-04-24,2026-04-24,740,completed,,
PO-0002996,PKG-02,PROD-HS-100,2026-04-24,2026-04-24,2026-04-24,1034,completed,,
PO-0002997,PKG-02,PROD-AS-200,2026-04-24,2026-04-24,2026-04-24,1384,completed,,
PO-0002998,PKG-02,PROD-HS-100,2026-04-24,2026-04-24,2026-04-24,715,completed,,
PO-0002999,PKG-02,PROD-HS-100,2026-04-24,2026-04-24,2026-04-24,1258,completed,,
PO-0003000,PKG-02,PROD-HS-100,2026-04-24,2026-04-24,2026-04-24,995,completed,,
PO-0003001,PKG-02,PROD-AS-200,2026-04-24,2026-04-24,2026-04-24,1229,completed,,
PO-0003002,PKG-02,PROD-HS-110,2026-04-24,2026-04-24,2026-04-24,1076,completed,,
PO-0003003,PKG-02,PROD-LB-400,2026-04-24,2026-04-24,2026-04-24,785,completed,,
PO-0003004,PKG-02,PROD-AS-200,2026-04-24,2026-04-24,2026-04-24,1243,completed,,
PO-0003005,PKG-02,PROD-LB-400,2026-04-24,2026-04-24,2026-04-24,758,completed,,
PO-0003006,PKG-02,PROD-HS-100,2026-04-24,2026-04-24,2026-04-24,1466,completed,,
PO-0003007,PKG-02,PROD-HS-100,2026-04-24,2026-04-24,2026-04-24,1071,completed,,
PO-0003008,PKG-02,PROD-HS-110,2026-04-24,2026-04-24,2026-04-24,1461,completed,,
PO-0003009,PKG-02,PROD-LB-400,2026-04-24,2026-04-24,2026-04-24,740,completed,,
PO-0003010,PKG-02,PROD-LB-400,2026-04-24,2026-04-24,2026-04-24,715,completed,,
PO-0003011,PKG-03,PROD-HS-110,2026-04-24,2026-04-24,2026-04-24,832,completed,,
PO-0003012,PKG-03,PROD-LB-400,2026-04-24,2026-04-24,2026-04-24,840,completed,,
PO-0003013,PKG-03,PROD-HS-110,2026-04-24,2026-04-24,2026-04-24,563,completed,,
PO-0003014,PKG-03,PROD-LB-400,2026-04-24,2026-04-24,2026-04-24,935,completed,,
PO-0003015,PKG-03,PROD-HS-110,2026-04-24,2026-04-24,2026-04-24,543,completed,,
PO-0003016,PKG-03,PROD-LB-400,2026-04-24,2026-04-24,2026-04-24,613,completed,,
PO-0003017,PKG-03,PROD-HS-100,2026-04-24,2026-04-24,2026-04-24,492,completed,,
PO-0003018,PKG-03,PROD-LB-400,2026-04-24,2026-04-24,2026-04-24,1033,completed,,
PO-0003019,PKG-03,PROD-AS-200,2026-04-24,2026-04-24,2026-04-24,854,completed,,
PO-0003020,PKG-04,PROD-DM-300,2026-04-24,2026-04-24,2026-04-24,700,completed,,
PO-0003021,PKG-04,PROD-VD-500,2026-04-24,2026-04-24,2026-04-24,824,completed,,
PO-0003022,PKG-04,PROD-VD-500,2026-04-24,2026-04-24,2026-04-24,811,completed,,
PO-0003023,PKG-04,PROD-VD-500,2026-04-24,2026-04-24,2026-04-24,793,completed,,
PO-0003024,PKG-04,PROD-HS-110,2026-04-24,2026-04-24,2026-04-24,684,completed,,
PO-0003025,PKG-04,PROD-LB-400,2026-04-24,2026-04-24,2026-04-24,797,completed,,
PO-0003026,PKG-04,PROD-VD-500,2026-04-24,2026-04-24,2026-04-24,472,completed,,
PO-0003027,PKG-05,PROD-HS-110,2026-04-24,2026-04-24,2026-04-24,549,completed,,
PO-0003028,PKG-05,PROD-LB-400,2026-04-24,2026-04-24,2026-04-24,547,completed,,
PO-0003029,PKG-05,PROD-HS-100,2026-04-24,2026-04-24,2026-04-24,790,completed,,
PO-0003030,PKG-05,PROD-LB-400,2026-04-24,2026-04-24,2026-04-24,673,completed,,
PO-0003031,PKG-05,PROD-HS-110,2026-04-24,2026-04-24,2026-04-24,581,completed,,
PO-0003032,PKG-05,PROD-AS-200,2026-04-24,2026-04-24,2026-04-24,454,completed,,
PO-0003033,PKG-05,PROD-HS-100,2026-04-24,2026-04-24,2026-04-24,897,completed,,
PO-0003034,PKG-05,PROD-VD-500,2026-04-24,2026-04-24,2026-04-24,427,completed,,
PO-0003035,PKG-06,PROD-DM-300,2026-04-24,2026-04-24,2026-04-24,543,completed,,
PO-0003036,PKG-06,PROD-DM-300,2026-04-24,2026-04-24,2026-04-24,625,completed,,
PO-0003037,PKG-06,PROD-DM-300,2026-04-24,2026-04-24,2026-04-24,746,completed,,
PO-0003038,PKG-06,PROD-DM-300,2026-04-24,2026-04-24,2026-04-24,605,completed,,
PO-0003039,PKG-06,PROD-VD-500,2026-04-24,2026-04-24,2026-04-24,506,completed,,
PO-0003040,PKG-06,PROD-HS-100,2026-04-24,2026-04-24,2026-04-24,496,completed,,
PO-0003041,PKG-06,PROD-DM-300,2026-04-24,2026-04-24,2026-04-24,788,completed,,
PO-0003042,PKG-06,PROD-DM-300,2026-04-24,2026-04-24,2026-04-24,960,completed,,
PO-0003043,PKG-06,PROD-DM-300,2026-04-24,2026-04-24,2026-04-24,530,completed,,
PO-0003044,PKG-01,PROD-DM-300,2026-04-25,2026-04-25,2026-04-25,706,completed,,
PO-0003045,PKG-01,PROD-LB-400,2026-04-25,2026-04-25,2026-04-25,1153,completed,,
PO-0003046,PKG-01,PROD-HS-100,2026-04-25,2026-04-25,2026-04-25,1395,completed,,
PO-0003047,PKG-01,PROD-DM-300,2026-04-25,2026-04-25,2026-04-25,929,completed,,
PO-0003048,PKG-01,PROD-LB-400,2026-04-25,2026-04-25,2026-04-25,817,completed,,
PO-0003049,PKG-01,PROD-DM-300,2026-04-25,2026-04-25,2026-04-25,1440,completed,,
PO-0003050,PKG-01,PROD-DM-300,2026-04-25,2026-04-25,2026-04-25,1570,completed,,
PO-0003051,PKG-01,PROD-LB-400,2026-04-25,2026-04-25,2026-04-25,813,completed,,
PO-0003052,PKG-01,PROD-VD-500,2026-04-25,2026-04-25,2026-04-25,966,completed,,
PO-0003053,PKG-01,PROD-VD-500,2026-04-25,2026-04-25,2026-04-25,1457,completed,,
PO-0003054,PKG-01,PROD-DM-300,2026-04-25,2026-04-25,2026-04-25,1310,completed,,
PO-0003055,PKG-01,PROD-AS-200,2026-04-25,2026-04-25,2026-04-25,1528,completed,,
PO-0003056,PKG-01,PROD-DM-300,2026-04-25,2026-04-25,2026-04-25,1091,completed,,
PO-0003057,PKG-01,PROD-VD-500,2026-04-25,2026-04-25,2026-04-25,927,completed,,
PO-0003058,PKG-01,PROD-AS-200,2026-04-25,2026-04-25,2026-04-25,993,completed,,
PO-0003059,PKG-01,PROD-DM-300,2026-04-25,2026-04-25,2026-04-25,1168,completed,,
PO-0003060,PKG-01,PROD-DM-300,2026-04-25,2026-04-25,2026-04-25,1291,completed,,
PO-0003061,PKG-02,PROD-HS-100,2026-04-25,2026-04-25,2026-04-25,856,completed,,
PO-0003062,PKG-02,PROD-HS-110,2026-04-25,2026-04-25,2026-04-25,1068,completed,,
PO-0003063,PKG-02,PROD-HS-100,2026-04-25,2026-04-25,2026-04-25,651,completed,,
PO-0003064,PKG-02,PROD-AS-200,2026-04-25,2026-04-25,2026-04-25,1322,completed,,
PO-0003065,PKG-02,PROD-HS-100,2026-04-25,2026-04-25,2026-04-25,645,completed,,
PO-0003066,PKG-02,PROD-HS-100,2026-04-25,2026-04-25,2026-04-25,980,completed,,
PO-0003067,PKG-02,PROD-VD-500,2026-04-25,2026-04-25,2026-04-25,907,completed,,
PO-0003068,PKG-02,PROD-HS-110,2026-04-25,2026-04-25,2026-04-25,1440,completed,,
PO-0003069,PKG-02,PROD-DM-300,2026-04-25,2026-04-25,2026-04-25,642,completed,,
PO-0003070,PKG-02,PROD-HS-100,2026-04-25,2026-04-25,2026-04-25,1371,completed,,
PO-0003071,PKG-02,PROD-AS-200,2026-04-25,2026-04-25,2026-04-25,917,completed,,
PO-0003072,PKG-02,PROD-HS-110,2026-04-25,2026-04-25,2026-04-25,643,completed,,
PO-0003073,PKG-02,PROD-AS-200,2026-04-25,2026-04-25,2026-04-25,1295,completed,,
PO-0003074,PKG-02,PROD-HS-100,2026-04-25,2026-04-25,2026-04-25,1287,completed,,
PO-0003075,PKG-02,PROD-HS-100,2026-04-25,2026-04-25,2026-04-25,1407,completed,,
PO-0003076,PKG-03,PROD-LB-400,2026-04-25,2026-04-25,2026-04-25,625,completed,,
PO-0003077,PKG-03,PROD-HS-110,2026-04-25,2026-04-25,2026-04-25,1065,completed,,
PO-0003078,PKG-03,PROD-HS-100,2026-04-25,2026-04-25,2026-04-25,1066,completed,,
PO-0003079,PKG-03,PROD-AS-200,2026-04-25,2026-04-25,2026-04-25,916,completed,,
PO-0003080,PKG-03,PROD-VD-500,2026-04-25,2026-04-25,2026-04-25,651,completed,,
PO-0003081,PKG-03,PROD-HS-100,2026-04-25,2026-04-25,2026-04-25,590,completed,,
PO-0003082,PKG-03,PROD-AS-200,2026-04-25,2026-04-25,2026-04-25,878,completed,,
PO-0003083,PKG-03,PROD-HS-110,2026-04-25,2026-04-25,2026-04-25,606,completed,,
PO-0003084,PKG-04,PROD-VD-500,2026-04-25,2026-04-25,2026-04-25,702,completed,,
PO-0003085,PKG-04,PROD-VD-500,2026-04-25,2026-04-25,2026-04-25,710,completed,,
PO-0003086,PKG-04,PROD-VD-500,2026-04-25,2026-04-25,2026-04-25,503,completed,,
PO-0003087,PKG-04,PROD-VD-500,2026-04-25,2026-04-25,2026-04-25,758,completed,,
PO-0003088,PKG-04,PROD-LB-400,2026-04-25,2026-04-25,2026-04-25,531,completed,,
PO-0003089,PKG-04,PROD-VD-500,2026-04-25,2026-04-25,2026-04-25,726,completed,,
PO-0003090,PKG-04,PROD-VD-500,2026-04-25,2026-04-25,2026-04-25,575,completed,,
PO-0003091,PKG-05,PROD-DM-300,2026-04-25,2026-04-25,2026-04-25,660,completed,,
PO-0003092,PKG-05,PROD-VD-500,2026-04-25,2026-04-25,2026-04-25,448,completed,,
PO-0003093,PKG-05,PROD-LB-400,2026-04-25,2026-04-25,2026-04-25,880,completed,,
PO-0003094,PKG-05,PROD-HS-100,2026-04-25,2026-04-25,2026-04-25,422,completed,,
PO-0003095,PKG-05,PROD-LB-400,2026-04-25,2026-04-25,2026-04-25,611,completed,,
PO-0003096,PKG-05,PROD-AS-200,2026-04-25,2026-04-25,2026-04-25,916,completed,,
PO-0003097,PKG-05,PROD-AS-200,2026-04-25,2026-04-25,2026-04-25,452,completed,,
PO-0003098,PKG-05,PROD-HS-100,2026-04-25,2026-04-25,2026-04-25,712,completed,,
PO-0003099,PKG-06,PROD-AS-200,2026-04-25,2026-04-25,2026-04-25,940,completed,,
PO-0003100,PKG-06,PROD-DM-300,2026-04-25,2026-04-25,2026-04-25,946,completed,,
PO-0003101,PKG-06,PROD-DM-300,2026-04-25,2026-04-25,2026-04-25,632,completed,,
PO-0003102,PKG-06,PROD-DM-300,2026-04-25,2026-04-25,2026-04-25,826,completed,,
PO-0003103,PKG-06,PROD-DM-300,2026-04-25,2026-04-25,2026-04-25,1083,completed,,
PO-0003104,PKG-06,PROD-HS-110,2026-04-25,2026-04-25,2026-04-25,666,completed,,
PO-0003105,PKG-06,PROD-DM-300,2026-04-25,2026-04-25,2026-04-25,615,completed,,
PO-0003106,PKG-06,PROD-DM-300,2026-04-25,2026-04-25,2026-04-25,829,completed,,
PO-0003107,PKG-06,PROD-DM-300,2026-04-25,2026-04-25,2026-04-25,782,completed,,
PO-0003108,PKG-01,PROD-DM-300,2026-04-27,2026-04-27,2026-04-27,1504,completed,,
PO-0003109,PKG-01,PROD-LB-400,2026-04-27,2026-04-27,2026-04-27,1129,completed,,
PO-0003110,PKG-01,PROD-LB-400,2026-04-27,2026-04-27,2026-04-27,694,completed,,
PO-0003111,PKG-01,PROD-VD-500,2026-04-27,2026-04-27,2026-04-27,1555,completed,,
PO-0003112,PKG-01,PROD-DM-300,2026-04-27,2026-04-27,2026-04-27,1218,completed,,
PO-0003113,PKG-01,PROD-DM-300,2026-04-27,2026-04-27,2026-04-27,1353,completed,,
PO-0003114,PKG-01,PROD-VD-500,2026-04-27,2026-04-27,2026-04-27,1093,completed,,
PO-0003115,PKG-01,PROD-VD-500,2026-04-27,2026-04-27,2026-04-27,1358,completed,,
PO-0003116,PKG-01,PROD-HS-110,2026-04-27,2026-04-27,2026-04-27,1349,completed,,
PO-0003117,PKG-01,PROD-DM-300,2026-04-27,2026-04-27,2026-04-27,852,completed,,
PO-0003118,PKG-01,PROD-HS-100,2026-04-27,2026-04-27,2026-04-27,1420,completed,,
PO-0003119,PKG-01,PROD-AS-200,2026-04-27,2026-04-27,2026-04-27,1098,completed,,
PO-0003120,PKG-01,PROD-DM-300,2026-04-27,2026-04-27,2026-04-27,1399,completed,,
PO-0003121,PKG-01,PROD-DM-300,2026-04-27,2026-04-27,2026-04-27,1310,completed,,
PO-0003122,PKG-01,PROD-DM-300,2026-04-27,2026-04-27,2026-04-27,1553,completed,,
PO-0003123,PKG-01,PROD-DM-300,2026-04-27,2026-04-27,2026-04-27,1248,completed,,
PO-0003124,PKG-01,PROD-LB-400,2026-04-27,2026-04-27,2026-04-27,1422,completed,,
PO-0003125,PKG-02,PROD-LB-400,2026-04-27,2026-04-27,2026-04-27,1429,completed,,
PO-0003126,PKG-02,PROD-LB-400,2026-04-27,2026-04-27,2026-04-27,769,completed,,
PO-0003127,PKG-02,PROD-HS-110,2026-04-27,2026-04-27,2026-04-27,997,completed,,
PO-0003128,PKG-02,PROD-HS-100,2026-04-27,2026-04-27,2026-04-27,879,completed,,
PO-0003129,PKG-02,PROD-LB-400,2026-04-27,2026-04-27,2026-04-27,1048,completed,,
PO-0003130,PKG-02,PROD-HS-100,2026-04-27,2026-04-27,2026-04-27,762,completed,,
PO-0003131,PKG-02,PROD-HS-100,2026-04-27,2026-04-27,2026-04-27,1025,completed,,
PO-0003132,PKG-02,PROD-LB-400,2026-04-27,2026-04-27,2026-04-27,640,completed,,
PO-0003133,PKG-02,PROD-HS-100,2026-04-27,2026-04-27,2026-04-27,874,completed,,
PO-0003134,PKG-02,PROD-HS-100,2026-04-27,2026-04-27,2026-04-27,830,completed,,
PO-0003135,PKG-02,PROD-HS-100,2026-04-27,2026-04-27,2026-04-27,686,completed,,
PO-0003136,PKG-02,PROD-LB-400,2026-04-27,2026-04-27,2026-04-27,655,completed,,
PO-0003137,PKG-02,PROD-HS-100,2026-04-27,2026-04-27,2026-04-27,801,completed,,
PO-0003138,PKG-02,PROD-LB-400,2026-04-27,2026-04-27,2026-04-27,748,completed,,
PO-0003139,PKG-02,PROD-HS-100,2026-04-27,2026-04-27,2026-04-27,1286,completed,,
PO-0003140,PKG-03,PROD-VD-500,2026-04-27,2026-04-27,2026-04-27,1110,completed,,
PO-0003141,PKG-03,PROD-LB-400,2026-04-27,2026-04-27,2026-04-27,938,completed,,
PO-0003142,PKG-03,PROD-LB-400,2026-04-27,2026-04-27,2026-04-27,747,completed,,
PO-0003143,PKG-03,PROD-LB-400,2026-04-27,2026-04-27,2026-04-27,864,completed,,
PO-0003144,PKG-03,PROD-HS-110,2026-04-27,2026-04-27,2026-04-27,1096,completed,,
PO-0003145,PKG-03,PROD-AS-200,2026-04-27,2026-04-27,2026-04-27,972,completed,,
PO-0003146,PKG-03,PROD-HS-110,2026-04-27,2026-04-27,2026-04-27,1159,completed,,
PO-0003147,PKG-03,PROD-AS-200,2026-04-27,2026-04-27,2026-04-27,890,completed,,
PO-0003148,PKG-04,PROD-VD-500,2026-04-27,2026-04-27,2026-04-27,476,completed,,
PO-0003149,PKG-04,PROD-VD-500,2026-04-27,2026-04-27,2026-04-27,876,completed,,
PO-0003150,PKG-04,PROD-VD-500,2026-04-27,2026-04-27,2026-04-27,514,completed,,
PO-0003151,PKG-04,PROD-VD-500,2026-04-27,2026-04-27,2026-04-27,630,completed,,
PO-0003152,PKG-04,PROD-VD-500,2026-04-27,2026-04-27,2026-04-27,602,completed,,
PO-0003153,PKG-04,PROD-VD-500,2026-04-27,2026-04-27,2026-04-27,516,completed,,
PO-0003154,PKG-04,PROD-VD-500,2026-04-27,2026-04-27,2026-04-27,854,completed,,
PO-0003155,PKG-05,PROD-HS-110,2026-04-27,2026-04-27,2026-04-27,856,completed,,
PO-0003156,PKG-05,PROD-AS-200,2026-04-27,2026-04-27,2026-04-27,689,completed,,
PO-0003157,PKG-05,PROD-HS-100,2026-04-27,2026-04-27,2026-04-27,698,completed,,
PO-0003158,PKG-05,PROD-VD-500,2026-04-27,2026-04-27,2026-04-27,741,completed,,
PO-0003159,PKG-05,PROD-LB-400,2026-04-27,2026-04-27,2026-04-27,560,completed,,
PO-0003160,PKG-05,PROD-HS-100,2026-04-27,2026-04-27,2026-04-27,754,completed,,
PO-0003161,PKG-05,PROD-HS-100,2026-04-27,2026-04-27,2026-04-27,714,completed,,
PO-0003162,PKG-05,PROD-HS-110,2026-04-27,2026-04-27,2026-04-27,441,completed,,
PO-0003163,PKG-06,PROD-AS-200,2026-04-27,2026-04-27,2026-04-27,498,completed,,
PO-0003164,PKG-06,PROD-DM-300,2026-04-27,2026-04-27,2026-04-27,735,completed,,
PO-0003165,PKG-06,PROD-DM-300,2026-04-27,2026-04-27,2026-04-27,743,completed,,
PO-0003166,PKG-06,PROD-DM-300,2026-04-27,2026-04-27,2026-04-27,915,completed,,
PO-0003167,PKG-06,PROD-DM-300,2026-04-27,2026-04-27,2026-04-27,523,completed,,
PO-0003168,PKG-06,PROD-DM-300,2026-04-27,2026-04-27,2026-04-27,1111,completed,,
PO-0003169,PKG-06,PROD-DM-300,2026-04-27,2026-04-27,2026-04-27,1015,completed,,
PO-0003170,PKG-06,PROD-DM-300,2026-04-27,2026-04-27,2026-04-27,914,completed,,
PO-0003171,PKG-06,PROD-DM-300,2026-04-27,2026-04-27,2026-04-27,670,completed,,
PO-0003172,PKG-01,PROD-AS-200,2026-04-28,2026-04-28,2026-04-28,1556,completed,,
PO-0003173,PKG-01,PROD-DM-300,2026-04-28,2026-04-28,2026-04-28,1528,completed,,
PO-0003174,PKG-01,PROD-DM-300,2026-04-28,2026-04-28,2026-04-28,1027,completed,,
PO-0003175,PKG-01,PROD-DM-300,2026-04-28,2026-04-28,2026-04-28,1208,completed,,
PO-0003176,PKG-01,PROD-VD-500,2026-04-28,2026-04-28,2026-04-28,974,completed,,
PO-0003177,PKG-01,PROD-DM-300,2026-04-28,2026-04-28,2026-04-28,1059,completed,,
PO-0003178,PKG-01,PROD-DM-300,2026-04-28,2026-04-28,2026-04-28,1480,completed,,
PO-0003179,PKG-01,PROD-DM-300,2026-04-28,2026-04-28,2026-04-28,1240,completed,,
PO-0003180,PKG-01,PROD-HS-100,2026-04-28,2026-04-28,2026-04-28,1060,completed,,
PO-0003181,PKG-01,PROD-DM-300,2026-04-28,2026-04-28,2026-04-28,1222,completed,,
PO-0003182,PKG-01,PROD-DM-300,2026-04-28,2026-04-28,2026-04-28,965,completed,,
PO-0003183,PKG-01,PROD-DM-300,2026-04-28,2026-04-28,2026-04-28,704,completed,,
PO-0003184,PKG-01,PROD-DM-300,2026-04-28,2026-04-28,2026-04-28,1421,completed,,
PO-0003185,PKG-01,PROD-HS-100,2026-04-28,2026-04-28,2026-04-28,1521,completed,,
PO-0003186,PKG-01,PROD-DM-300,2026-04-28,2026-04-28,2026-04-28,1099,completed,,
PO-0003187,PKG-01,PROD-DM-300,2026-04-28,2026-04-28,2026-04-28,1216,completed,,
PO-0003188,PKG-01,PROD-LB-400,2026-04-28,2026-04-28,2026-04-28,1164,completed,,
PO-0003189,PKG-02,PROD-HS-110,2026-04-28,2026-04-28,2026-04-28,767,completed,,
PO-0003190,PKG-02,PROD-HS-100,2026-04-28,2026-04-28,2026-04-28,1261,completed,,
PO-0003191,PKG-02,PROD-HS-100,2026-04-28,2026-04-28,2026-04-28,880,completed,,
PO-0003192,PKG-02,PROD-HS-100,2026-04-28,2026-04-28,2026-04-28,668,completed,,
PO-0003193,PKG-02,PROD-HS-100,2026-04-28,2026-04-28,2026-04-28,921,completed,,
PO-0003194,PKG-02,PROD-HS-110,2026-04-28,2026-04-28,2026-04-28,1015,completed,,
PO-0003195,PKG-02,PROD-HS-100,2026-04-28,2026-04-28,2026-04-28,1265,completed,,
PO-0003196,PKG-02,PROD-AS-200,2026-04-28,2026-04-28,2026-04-28,733,completed,,
PO-0003197,PKG-02,PROD-LB-400,2026-04-28,2026-04-28,2026-04-28,1156,completed,,
PO-0003198,PKG-02,PROD-HS-100,2026-04-28,2026-04-28,2026-04-28,1461,completed,,
PO-0003199,PKG-02,PROD-HS-100,2026-04-28,2026-04-28,2026-04-28,1146,completed,,
PO-0003200,PKG-02,PROD-AS-200,2026-04-28,2026-04-28,2026-04-28,1269,completed,,
PO-0003201,PKG-02,PROD-HS-100,2026-04-28,2026-04-28,2026-04-28,749,completed,,
PO-0003202,PKG-02,PROD-LB-400,2026-04-28,2026-04-28,2026-04-28,986,completed,,
PO-0003203,PKG-02,PROD-HS-110,2026-04-28,2026-04-28,2026-04-28,1107,completed,,
PO-0003204,PKG-03,PROD-HS-100,2026-04-28,2026-04-28,2026-04-28,900,completed,,
PO-0003205,PKG-03,PROD-LB-400,2026-04-28,2026-04-28,2026-04-28,571,completed,,
PO-0003206,PKG-03,PROD-AS-200,2026-04-28,2026-04-28,2026-04-28,1148,completed,,
PO-0003207,PKG-03,PROD-AS-200,2026-04-28,2026-04-28,2026-04-28,1066,completed,,
PO-0003208,PKG-03,PROD-AS-200,2026-04-28,2026-04-28,2026-04-28,1186,completed,,
PO-0003209,PKG-03,PROD-AS-200,2026-04-28,2026-04-28,2026-04-28,1081,completed,,
PO-0003210,PKG-03,PROD-AS-200,2026-04-28,2026-04-28,2026-04-28,595,completed,,
PO-0003211,PKG-03,PROD-LB-400,2026-04-28,2026-04-28,2026-04-28,892,completed,,
PO-0003212,PKG-04,PROD-VD-500,2026-04-28,2026-04-28,2026-04-28,430,completed,,
PO-0003213,PKG-04,PROD-VD-500,2026-04-28,2026-04-28,2026-04-28,583,completed,,
PO-0003214,PKG-04,PROD-VD-500,2026-04-28,2026-04-28,2026-04-28,577,completed,,
PO-0003215,PKG-04,PROD-VD-500,2026-04-28,2026-04-28,2026-04-28,643,completed,,
PO-0003216,PKG-04,PROD-HS-110,2026-04-28,2026-04-28,2026-04-28,784,completed,,
PO-0003217,PKG-04,PROD-VD-500,2026-04-28,2026-04-28,2026-04-28,868,completed,,
PO-0003218,PKG-04,PROD-HS-100,2026-04-28,2026-04-28,2026-04-28,542,completed,,
PO-0003219,PKG-05,PROD-AS-200,2026-04-28,2026-04-28,2026-04-28,765,completed,,
PO-0003220,PKG-05,PROD-VD-500,2026-04-28,2026-04-28,2026-04-28,869,completed,,
PO-0003221,PKG-05,PROD-AS-200,2026-04-28,2026-04-28,2026-04-28,789,completed,,
PO-0003222,PKG-05,PROD-HS-110,2026-04-28,2026-04-28,2026-04-28,446,completed,,
PO-0003223,PKG-05,PROD-HS-110,2026-04-28,2026-04-28,2026-04-28,491,completed,,
PO-0003224,PKG-05,PROD-HS-110,2026-04-28,2026-04-28,2026-04-28,774,completed,,
PO-0003225,PKG-05,PROD-LB-400,2026-04-28,2026-04-28,2026-04-28,664,completed,,
PO-0003226,PKG-05,PROD-VD-500,2026-04-28,2026-04-28,2026-04-28,699,completed,,
PO-0003227,PKG-06,PROD-DM-300,2026-04-28,2026-04-28,2026-04-28,1060,completed,,
PO-0003228,PKG-06,PROD-HS-110,2026-04-28,2026-04-28,2026-04-28,797,completed,,
PO-0003229,PKG-06,PROD-DM-300,2026-04-28,2026-04-28,2026-04-28,981,completed,,
PO-0003230,PKG-06,PROD-VD-500,2026-04-28,2026-04-28,2026-04-28,784,completed,,
PO-0003231,PKG-06,PROD-DM-300,2026-04-28,2026-04-28,2026-04-28,782,completed,,
PO-0003232,PKG-06,PROD-DM-300,2026-04-28,2026-04-28,2026-04-28,615,completed,,
PO-0003233,PKG-06,PROD-DM-300,2026-04-28,2026-04-28,2026-04-28,1012,completed,,
PO-0003234,PKG-06,PROD-DM-300,2026-04-28,2026-04-28,2026-04-28,566,completed,,
PO-0003235,PKG-06,PROD-VD-500,2026-04-28,2026-04-28,2026-04-28,802,completed,,
PO-0003236,PKG-01,PROD-VD-500,2026-04-29,2026-04-29,2026-04-29,858,completed,,
PO-0003237,PKG-01,PROD-DM-300,2026-04-29,2026-04-29,2026-04-29,1345,completed,,
PO-0003238,PKG-01,PROD-DM-300,2026-04-29,2026-04-29,2026-04-29,1509,completed,,
PO-0003239,PKG-01,PROD-DM-300,2026-04-29,2026-04-29,2026-04-29,1034,completed,,
PO-0003240,PKG-01,PROD-VD-500,2026-04-29,2026-04-29,2026-04-29,1428,completed,,
PO-0003241,PKG-01,PROD-HS-100,2026-04-29,2026-04-29,2026-04-29,1039,completed,,
PO-0003242,PKG-01,PROD-DM-300,2026-04-29,2026-04-29,2026-04-29,1451,completed,,
PO-0003243,PKG-01,PROD-DM-300,2026-04-29,2026-04-29,2026-04-29,943,completed,,
PO-0003244,PKG-01,PROD-DM-300,2026-04-29,2026-04-29,2026-04-29,1380,completed,,
PO-0003245,PKG-01,PROD-HS-110,2026-04-29,2026-04-29,2026-04-29,1453,completed,,
PO-0003246,PKG-01,PROD-DM-300,2026-04-29,2026-04-29,2026-04-29,1062,completed,,
PO-0003247,PKG-01,PROD-VD-500,2026-04-29,2026-04-29,2026-04-29,1121,completed,,
PO-0003248,PKG-01,PROD-DM-300,2026-04-29,2026-04-29,2026-04-29,1393,completed,,
PO-0003249,PKG-01,PROD-DM-300,2026-04-29,2026-04-29,2026-04-29,1321,completed,,
PO-0003250,PKG-01,PROD-HS-110,2026-04-29,2026-04-29,2026-04-29,1182,completed,,
PO-0003251,PKG-01,PROD-DM-300,2026-04-29,2026-04-29,2026-04-29,914,completed,,
PO-0003252,PKG-01,PROD-DM-300,2026-04-29,2026-04-29,2026-04-29,1033,completed,,
PO-0003253,PKG-01,PROD-DM-300,2026-04-29,2026-04-29,2026-04-29,854,completed,,
PO-0003254,PKG-02,PROD-HS-100,2026-04-29,2026-04-29,2026-04-29,1406,completed,,
PO-0003255,PKG-02,PROD-HS-100,2026-04-29,2026-04-29,2026-04-29,917,completed,,
PO-0003256,PKG-02,PROD-HS-100,2026-04-29,2026-04-29,2026-04-29,1164,completed,,
PO-0003257,PKG-02,PROD-HS-100,2026-04-29,2026-04-29,2026-04-29,812,completed,,
PO-0003258,PKG-02,PROD-HS-100,2026-04-29,2026-04-29,2026-04-29,1448,completed,,
PO-0003259,PKG-02,PROD-HS-100,2026-04-29,2026-04-29,2026-04-29,1417,completed,,
PO-0003260,PKG-02,PROD-HS-100,2026-04-29,2026-04-29,2026-04-29,872,completed,,
PO-0003261,PKG-02,PROD-LB-400,2026-04-29,2026-04-29,2026-04-29,1341,completed,,
PO-0003262,PKG-02,PROD-LB-400,2026-04-29,2026-04-29,2026-04-29,953,completed,,
PO-0003263,PKG-02,PROD-AS-200,2026-04-29,2026-04-29,2026-04-29,1429,completed,,
PO-0003264,PKG-02,PROD-HS-100,2026-04-29,2026-04-29,2026-04-29,1374,completed,,
PO-0003265,PKG-02,PROD-HS-100,2026-04-29,2026-04-29,2026-04-29,1318,completed,,
PO-0003266,PKG-02,PROD-HS-100,2026-04-29,2026-04-29,2026-04-29,1458,completed,,
PO-0003267,PKG-02,PROD-LB-400,2026-04-29,2026-04-29,2026-04-29,1003,completed,,
PO-0003268,PKG-02,PROD-HS-110,2026-04-29,2026-04-29,2026-04-29,1048,completed,,
PO-0003269,PKG-03,PROD-AS-200,2026-04-29,2026-04-29,2026-04-29,1151,completed,,
PO-0003270,PKG-03,PROD-HS-110,2026-04-29,2026-04-29,2026-04-29,942,completed,,
PO-0003271,PKG-03,PROD-HS-100,2026-04-29,2026-04-29,2026-04-29,826,completed,,
PO-0003272,PKG-03,PROD-HS-110,2026-04-29,2026-04-29,2026-04-29,582,completed,,
PO-0003273,PKG-03,PROD-AS-200,2026-04-29,2026-04-29,2026-04-29,676,completed,,
PO-0003274,PKG-03,PROD-HS-110,2026-04-29,2026-04-29,2026-04-29,1018,completed,,
PO-0003275,PKG-03,PROD-LB-400,2026-04-29,2026-04-29,2026-04-29,746,completed,,
PO-0003276,PKG-03,PROD-HS-100,2026-04-29,2026-04-29,2026-04-29,802,completed,,
PO-0003277,PKG-04,PROD-VD-500,2026-04-29,2026-04-29,2026-04-29,853,completed,,
PO-0003278,PKG-04,PROD-VD-500,2026-04-29,2026-04-29,2026-04-29,897,completed,,
PO-0003279,PKG-04,PROD-VD-500,2026-04-29,2026-04-29,2026-04-29,829,completed,,
PO-0003280,PKG-04,PROD-VD-500,2026-04-29,2026-04-29,2026-04-29,394,completed,,
PO-0003281,PKG-04,PROD-VD-500,2026-04-29,2026-04-29,2026-04-29,670,completed,,
PO-0003282,PKG-04,PROD-VD-500,2026-04-29,2026-04-29,2026-04-29,886,completed,,
PO-0003283,PKG-04,PROD-VD-500,2026-04-29,2026-04-29,2026-04-29,630,completed,,
PO-0003284,PKG-05,PROD-LB-400,2026-04-29,2026-04-29,2026-04-29,933,completed,,
PO-0003285,PKG-05,PROD-HS-110,2026-04-29,2026-04-29,2026-04-29,444,completed,,
PO-0003286,PKG-05,PROD-AS-200,2026-04-29,2026-04-29,2026-04-29,660,completed,,
PO-0003287,PKG-05,PROD-HS-100,2026-04-29,2026-04-29,2026-04-29,617,completed,,
PO-0003288,PKG-05,PROD-HS-100,2026-04-29,2026-04-29,2026-04-29,665,completed,,
PO-0003289,PKG-05,PROD-VD-500,2026-04-29,2026-04-29,2026-04-29,824,completed,,
PO-0003290,PKG-05,PROD-HS-100,2026-04-29,2026-04-29,2026-04-29,588,completed,,
PO-0003291,PKG-05,PROD-HS-100,2026-04-29,2026-04-29,2026-04-29,764,completed,,
PO-0003292,PKG-06,PROD-HS-100,2026-04-29,2026-04-29,2026-04-29,1085,completed,,
PO-0003293,PKG-06,PROD-DM-300,2026-04-29,2026-04-29,2026-04-29,571,completed,,
PO-0003294,PKG-06,PROD-HS-110,2026-04-29,2026-04-29,2026-04-29,966,completed,,
PO-0003295,PKG-06,PROD-AS-200,2026-04-29,2026-04-29,2026-04-29,973,completed,,
PO-0003296,PKG-06,PROD-VD-500,2026-04-29,2026-04-29,2026-04-29,752,completed,,
PO-0003297,PKG-06,PROD-DM-300,2026-04-29,2026-04-29,2026-04-29,605,completed,,
PO-0003298,PKG-06,PROD-DM-300,2026-04-29,2026-04-29,2026-04-29,565,completed,,
PO-0003299,PKG-06,PROD-DM-300,2026-04-29,2026-04-29,2026-04-29,846,completed,,
PO-0003300,PKG-06,PROD-DM-300,2026-04-29,2026-04-29,2026-04-29,752,completed,,
PO-0003301,PKG-01,PROD-DM-300,2026-04-30,2026-04-30,2026-04-30,651,completed,,
PO-0003302,PKG-01,PROD-DM-300,2026-04-30,2026-04-30,2026-04-30,702,completed,,
PO-0003303,PKG-01,PROD-DM-300,2026-04-30,2026-04-30,2026-04-30,1053,completed,,
PO-0003304,PKG-01,PROD-HS-100,2026-04-30,2026-04-30,2026-04-30,835,completed,,
PO-0003305,PKG-01,PROD-DM-300,2026-04-30,2026-04-30,2026-04-30,1085,completed,,
PO-0003306,PKG-01,PROD-HS-110,2026-04-30,2026-04-30,2026-04-30,1082,completed,,
PO-0003307,PKG-01,PROD-DM-300,2026-04-30,2026-04-30,2026-04-30,756,completed,,
PO-0003308,PKG-01,PROD-AS-200,2026-04-30,2026-04-30,2026-04-30,671,completed,,
PO-0003309,PKG-01,PROD-DM-300,2026-04-30,2026-04-30,2026-04-30,1471,completed,,
PO-0003310,PKG-01,PROD-HS-100,2026-04-30,2026-04-30,2026-04-30,1442,completed,,
PO-0003311,PKG-01,PROD-HS-110,2026-04-30,2026-04-30,2026-04-30,699,completed,,
PO-0003312,PKG-01,PROD-DM-300,2026-04-30,2026-04-30,2026-04-30,1160,completed,,
PO-0003313,PKG-01,PROD-DM-300,2026-04-30,2026-04-30,2026-04-30,818,completed,,
PO-0003314,PKG-01,PROD-DM-300,2026-04-30,2026-04-30,2026-04-30,1122,completed,,
PO-0003315,PKG-01,PROD-VD-500,2026-04-30,2026-04-30,2026-04-30,710,completed,,
PO-0003316,PKG-01,PROD-VD-500,2026-04-30,2026-04-30,2026-04-30,1050,completed,,
PO-0003317,PKG-01,PROD-DM-300,2026-04-30,2026-04-30,2026-04-30,1315,completed,,
PO-0003318,PKG-01,PROD-DM-300,2026-04-30,2026-04-30,2026-04-30,1174,completed,,
PO-0003319,PKG-02,PROD-HS-100,2026-04-30,2026-04-30,2026-04-30,1260,completed,,
PO-0003320,PKG-02,PROD-LB-400,2026-04-30,2026-04-30,2026-04-30,970,completed,,
PO-0003321,PKG-02,PROD-HS-100,2026-04-30,2026-04-30,2026-04-30,610,completed,,
PO-0003322,PKG-02,PROD-HS-100,2026-04-30,2026-04-30,2026-04-30,962,completed,,
PO-0003323,PKG-02,PROD-LB-400,2026-04-30,2026-04-30,2026-04-30,979,completed,,
PO-0003324,PKG-02,PROD-AS-200,2026-04-30,2026-04-30,2026-04-30,791,completed,,
PO-0003325,PKG-02,PROD-VD-500,2026-04-30,2026-04-30,2026-04-30,1064,completed,,
PO-0003326,PKG-02,PROD-AS-200,2026-04-30,2026-04-30,2026-04-30,1112,completed,,
PO-0003327,PKG-02,PROD-HS-100,2026-04-30,2026-04-30,2026-04-30,834,completed,,
PO-0003328,PKG-02,PROD-HS-100,2026-04-30,2026-04-30,2026-04-30,671,completed,,
PO-0003329,PKG-02,PROD-HS-100,2026-04-30,2026-04-30,2026-04-30,635,completed,,
PO-0003330,PKG-02,PROD-HS-100,2026-04-30,2026-04-30,2026-04-30,789,completed,,
PO-0003331,PKG-02,PROD-HS-100,2026-04-30,2026-04-30,2026-04-30,989,completed,,
PO-0003332,PKG-02,PROD-HS-100,2026-04-30,2026-04-30,2026-04-30,1351,completed,,
PO-0003333,PKG-02,PROD-LB-400,2026-04-30,2026-04-30,2026-04-30,925,completed,,
PO-0003334,PKG-02,PROD-HS-100,2026-04-30,2026-04-30,2026-04-30,870,completed,,
PO-0003335,PKG-03,PROD-LB-400,2026-04-30,2026-04-30,2026-04-30,1092,completed,,
PO-0003336,PKG-03,PROD-HS-110,2026-04-30,2026-04-30,2026-04-30,584,completed,,
PO-0003337,PKG-03,PROD-HS-110,2026-04-30,2026-04-30,2026-04-30,962,completed,,
PO-0003338,PKG-03,PROD-AS-200,2026-04-30,2026-04-30,2026-04-30,882,completed,,
PO-0003339,PKG-03,PROD-HS-100,2026-04-30,2026-04-30,2026-04-30,784,completed,,
PO-0003340,PKG-03,PROD-LB-400,2026-04-30,2026-04-30,2026-04-30,785,completed,,
PO-0003341,PKG-03,PROD-HS-100,2026-04-30,2026-04-30,2026-04-30,984,completed,,
PO-0003342,PKG-03,PROD-HS-100,2026-04-30,2026-04-30,2026-04-30,1181,completed,,
PO-0003343,PKG-04,PROD-VD-500,2026-04-30,2026-04-30,2026-04-30,510,completed,,
PO-0003344,PKG-04,PROD-VD-500,2026-04-30,2026-04-30,2026-04-30,758,completed,,
PO-0003345,PKG-04,PROD-VD-500,2026-04-30,2026-04-30,2026-04-30,793,completed,,
PO-0003346,PKG-04,PROD-VD-500,2026-04-30,2026-04-30,2026-04-30,882,completed,,
PO-0003347,PKG-04,PROD-HS-110,2026-04-30,2026-04-30,2026-04-30,725,completed,,
PO-0003348,PKG-04,PROD-LB-400,2026-04-30,2026-04-30,2026-04-30,434,completed,,
PO-0003349,PKG-04,PROD-VD-500,2026-04-30,2026-04-30,2026-04-30,873,completed,,
PO-0003350,PKG-05,PROD-VD-500,2026-04-30,2026-04-30,2026-04-30,765,completed,,
PO-0003351,PKG-05,PROD-LB-400,2026-04-30,2026-04-30,2026-04-30,844,completed,,
PO-0003352,PKG-05,PROD-LB-400,2026-04-30,2026-04-30,2026-04-30,948,completed,,
PO-0003353,PKG-05,PROD-HS-110,2026-04-30,2026-04-30,2026-04-30,956,completed,,
PO-0003354,PKG-05,PROD-DM-300,2026-04-30,2026-04-30,2026-04-30,636,completed,,
PO-0003355,PKG-05,PROD-AS-200,2026-04-30,2026-04-30,2026-04-30,512,completed,,
PO-0003356,PKG-05,PROD-HS-100,2026-04-30,2026-04-30,2026-04-30,478,completed,,
PO-0003357,PKG-05,PROD-AS-200,2026-04-30,2026-04-30,2026-04-30,793,completed,,
PO-0003358,PKG-06,PROD-DM-300,2026-04-30,2026-04-30,2026-04-30,656,completed,,
PO-0003359,PKG-06,PROD-DM-300,2026-04-30,2026-04-30,2026-04-30,1022,completed,,
PO-0003360,PKG-06,PROD-DM-300,2026-04-30,2026-04-30,2026-04-30,718,completed,,
PO-0003361,PKG-06,PROD-DM-300,2026-04-30,2026-04-30,2026-04-30,515,completed,,
PO-0003362,PKG-06,PROD-DM-300,2026-04-30,2026-04-30,2026-04-30,523,completed,,
PO-0003363,PKG-06,PROD-DM-300,2026-04-30,2026-04-30,2026-04-30,773,completed,,
PO-0003364,PKG-06,PROD-DM-300,2026-04-30,2026-04-30,2026-04-30,521,completed,,
PO-0003365,PKG-06,PROD-DM-300,2026-04-30,2026-04-30,2026-04-30,982,completed,,
PO-0003366,PKG-06,PROD-VD-500,2026-04-30,2026-04-30,2026-04-30,958,completed,,
PO-0003367,PKG-01,PROD-HS-100,2026-05-01,2026-05-01,2026-05-01,1361,completed,,
PO-0003368,PKG-01,PROD-DM-300,2026-05-01,2026-05-01,2026-05-01,803,completed,,
PO-0003369,PKG-01,PROD-DM-300,2026-05-01,2026-05-01,2026-05-01,1438,completed,,
PO-0003370,PKG-01,PROD-DM-300,2026-05-01,2026-05-01,2026-05-01,1067,completed,,
PO-0003371,PKG-01,PROD-DM-300,2026-05-01,2026-05-01,2026-05-01,1315,completed,,
PO-0003372,PKG-01,PROD-DM-300,2026-05-01,2026-05-01,2026-05-01,939,completed,,
PO-0003373,PKG-01,PROD-DM-300,2026-05-01,2026-05-01,2026-05-01,793,completed,,
PO-0003374,PKG-01,PROD-DM-300,2026-05-01,2026-05-01,2026-05-01,740,completed,,
PO-0003375,PKG-01,PROD-VD-500,2026-05-01,2026-05-01,2026-05-01,956,completed,,
PO-0003376,PKG-01,PROD-DM-300,2026-05-01,2026-05-01,2026-05-01,1073,completed,,
PO-0003377,PKG-01,PROD-LB-400,2026-05-01,2026-05-01,2026-05-01,1025,completed,,
PO-0003378,PKG-01,PROD-DM-300,2026-05-01,2026-05-01,2026-05-01,1239,completed,,
PO-0003379,PKG-01,PROD-DM-300,2026-05-01,2026-05-01,2026-05-01,1062,completed,,
PO-0003380,PKG-01,PROD-DM-300,2026-05-01,2026-05-01,2026-05-01,825,completed,,
PO-0003381,PKG-01,PROD-DM-300,2026-05-01,2026-05-01,2026-05-01,718,completed,,
PO-0003382,PKG-01,PROD-DM-300,2026-05-01,2026-05-01,2026-05-01,1183,completed,,
PO-0003383,PKG-01,PROD-DM-300,2026-05-01,2026-05-01,2026-05-01,790,completed,,
PO-0003384,PKG-02,PROD-HS-100,2026-05-01,2026-05-01,2026-05-01,750,completed,,
PO-0003385,PKG-02,PROD-HS-100,2026-05-01,2026-05-01,2026-05-01,1061,completed,,
PO-0003386,PKG-02,PROD-HS-100,2026-05-01,2026-05-01,2026-05-01,837,completed,,
PO-0003387,PKG-02,PROD-AS-200,2026-05-01,2026-05-01,2026-05-01,1225,completed,,
PO-0003388,PKG-02,PROD-LB-400,2026-05-01,2026-05-01,2026-05-01,1093,completed,,
PO-0003389,PKG-02,PROD-HS-100,2026-05-01,2026-05-01,2026-05-01,905,completed,,
PO-0003390,PKG-02,PROD-HS-100,2026-05-01,2026-05-01,2026-05-01,1057,completed,,
PO-0003391,PKG-02,PROD-HS-100,2026-05-01,2026-05-01,2026-05-01,728,completed,,
PO-0003392,PKG-02,PROD-HS-100,2026-05-01,2026-05-01,2026-05-01,714,completed,,
PO-0003393,PKG-02,PROD-LB-400,2026-05-01,2026-05-01,2026-05-01,1054,completed,,
PO-0003394,PKG-02,PROD-HS-100,2026-05-01,2026-05-01,2026-05-01,670,completed,,
PO-0003395,PKG-02,PROD-HS-100,2026-05-01,2026-05-01,2026-05-01,851,completed,,
PO-0003396,PKG-02,PROD-HS-100,2026-05-01,2026-05-01,2026-05-01,809,completed,,
PO-0003397,PKG-02,PROD-HS-100,2026-05-01,2026-05-01,2026-05-01,1120,completed,,
PO-0003398,PKG-02,PROD-LB-400,2026-05-01,2026-05-01,2026-05-01,678,completed,,
PO-0003399,PKG-03,PROD-HS-100,2026-05-01,2026-05-01,2026-05-01,577,completed,,
PO-0003400,PKG-03,PROD-AS-200,2026-05-01,2026-05-01,2026-05-01,577,completed,,
PO-0003401,PKG-03,PROD-HS-100,2026-05-01,2026-05-01,2026-05-01,874,completed,,
PO-0003402,PKG-03,PROD-LB-400,2026-05-01,2026-05-01,2026-05-01,928,completed,,
PO-0003403,PKG-03,PROD-LB-400,2026-05-01,2026-05-01,2026-05-01,643,completed,,
PO-0003404,PKG-03,PROD-HS-100,2026-05-01,2026-05-01,2026-05-01,925,completed,,
PO-0003405,PKG-03,PROD-HS-110,2026-05-01,2026-05-01,2026-05-01,493,completed,,
PO-0003406,PKG-03,PROD-VD-500,2026-05-01,2026-05-01,2026-05-01,1088,completed,,
PO-0003407,PKG-03,PROD-HS-110,2026-05-01,2026-05-01,2026-05-01,1086,completed,,
PO-0003408,PKG-04,PROD-DM-300,2026-05-01,2026-05-01,2026-05-01,754,completed,,
PO-0003409,PKG-04,PROD-AS-200,2026-05-01,2026-05-01,2026-05-01,638,completed,,
PO-0003410,PKG-04,PROD-VD-500,2026-05-01,2026-05-01,2026-05-01,545,completed,,
PO-0003411,PKG-04,PROD-VD-500,2026-05-01,2026-05-01,2026-05-01,454,completed,,
PO-0003412,PKG-04,PROD-VD-500,2026-05-01,2026-05-01,2026-05-01,590,completed,,
PO-0003413,PKG-04,PROD-VD-500,2026-05-01,2026-05-01,2026-05-01,705,completed,,
PO-0003414,PKG-04,PROD-LB-400,2026-05-01,2026-05-01,2026-05-01,649,completed,,
PO-0003415,PKG-05,PROD-VD-500,2026-05-01,2026-05-01,2026-05-01,966,completed,,
PO-0003416,PKG-05,PROD-LB-400,2026-05-01,2026-05-01,2026-05-01,469,completed,,
PO-0003417,PKG-05,PROD-HS-110,2026-05-01,2026-05-01,2026-05-01,472,completed,,
PO-0003418,PKG-05,PROD-LB-400,2026-05-01,2026-05-01,2026-05-01,487,completed,,
PO-0003419,PKG-05,PROD-HS-110,2026-05-01,2026-05-01,2026-05-01,736,completed,,
PO-0003420,PKG-05,PROD-DM-300,2026-05-01,2026-05-01,2026-05-01,644,completed,,
PO-0003421,PKG-05,PROD-HS-100,2026-05-01,2026-05-01,2026-05-01,937,completed,,
PO-0003422,PKG-05,PROD-LB-400,2026-05-01,2026-05-01,2026-05-01,721,completed,,
PO-0003423,PKG-06,PROD-DM-300,2026-05-01,2026-05-01,2026-05-01,622,completed,,
PO-0003424,PKG-06,PROD-HS-100,2026-05-01,2026-05-01,2026-05-01,700,completed,,
PO-0003425,PKG-06,PROD-HS-110,2026-05-01,2026-05-01,2026-05-01,806,completed,,
PO-0003426,PKG-06,PROD-LB-400,2026-05-01,2026-05-01,2026-05-01,758,completed,,
PO-0003427,PKG-06,PROD-DM-300,2026-05-01,2026-05-01,2026-05-01,898,completed,,
PO-0003428,PKG-06,PROD-DM-300,2026-05-01,2026-05-01,2026-05-01,901,completed,,
PO-0003429,PKG-06,PROD-LB-400,2026-05-01,2026-05-01,2026-05-01,733,completed,,
PO-0003430,PKG-06,PROD-DM-300,2026-05-01,2026-05-01,2026-05-01,828,completed,,
PO-0003431,PKG-06,PROD-DM-300,2026-05-01,2026-05-01,2026-05-01,840,completed,,
PO-0003432,PKG-01,PROD-DM-300,2026-05-02,2026-05-02,2026-05-02,1570,completed,,
PO-0003433,PKG-01,PROD-DM-300,2026-05-02,2026-05-02,2026-05-02,1155,completed,,
PO-0003434,PKG-01,PROD-DM-300,2026-05-02,2026-05-02,2026-05-02,1432,completed,,
PO-0003435,PKG-01,PROD-DM-300,2026-05-02,2026-05-02,2026-05-02,1049,completed,,
PO-0003436,PKG-01,PROD-VD-500,2026-05-02,2026-05-02,2026-05-02,1307,completed,,
PO-0003437,PKG-01,PROD-VD-500,2026-05-02,2026-05-02,2026-05-02,1255,completed,,
PO-0003438,PKG-01,PROD-DM-300,2026-05-02,2026-05-02,2026-05-02,1199,completed,,
PO-0003439,PKG-01,PROD-DM-300,2026-05-02,2026-05-02,2026-05-02,1004,completed,,
PO-0003440,PKG-01,PROD-VD-500,2026-05-02,2026-05-02,2026-05-02,1428,completed,,
PO-0003441,PKG-01,PROD-DM-300,2026-05-02,2026-05-02,2026-05-02,769,completed,,
PO-0003442,PKG-01,PROD-DM-300,2026-05-02,2026-05-02,2026-05-02,1424,completed,,
PO-0003443,PKG-01,PROD-VD-500,2026-05-02,2026-05-02,2026-05-02,1403,completed,,
PO-0003444,PKG-01,PROD-DM-300,2026-05-02,2026-05-02,2026-05-02,913,completed,,
PO-0003445,PKG-01,PROD-HS-100,2026-05-02,2026-05-02,2026-05-02,1279,completed,,
PO-0003446,PKG-01,PROD-VD-500,2026-05-02,2026-05-02,2026-05-02,1464,completed,,
PO-0003447,PKG-01,PROD-HS-100,2026-05-02,2026-05-02,2026-05-02,1334,completed,,
PO-0003448,PKG-01,PROD-DM-300,2026-05-02,2026-05-02,2026-05-02,1104,completed,,
PO-0003449,PKG-02,PROD-LB-400,2026-05-02,2026-05-02,2026-05-02,712,completed,,
PO-0003450,PKG-02,PROD-HS-100,2026-05-02,2026-05-02,2026-05-02,1277,completed,,
PO-0003451,PKG-02,PROD-HS-100,2026-05-02,2026-05-02,2026-05-02,1071,completed,,
PO-0003452,PKG-02,PROD-HS-100,2026-05-02,2026-05-02,2026-05-02,654,completed,,
PO-0003453,PKG-02,PROD-HS-100,2026-05-02,2026-05-02,2026-05-02,1313,completed,,
PO-0003454,PKG-02,PROD-HS-100,2026-05-02,2026-05-02,2026-05-02,917,completed,,
PO-0003455,PKG-02,PROD-HS-100,2026-05-02,2026-05-02,2026-05-02,960,completed,,
PO-0003456,PKG-02,PROD-LB-400,2026-05-02,2026-05-02,2026-05-02,731,completed,,
PO-0003457,PKG-02,PROD-HS-100,2026-05-02,2026-05-02,2026-05-02,683,completed,,
PO-0003458,PKG-02,PROD-HS-100,2026-05-02,2026-05-02,2026-05-02,1299,completed,,
PO-0003459,PKG-02,PROD-HS-100,2026-05-02,2026-05-02,2026-05-02,1021,completed,,
PO-0003460,PKG-02,PROD-HS-100,2026-05-02,2026-05-02,2026-05-02,1398,completed,,
PO-0003461,PKG-02,PROD-LB-400,2026-05-02,2026-05-02,2026-05-02,1259,completed,,
PO-0003462,PKG-02,PROD-HS-100,2026-05-02,2026-05-02,2026-05-02,1247,completed,,
PO-0003463,PKG-02,PROD-HS-100,2026-05-02,2026-05-02,2026-05-02,1037,completed,,
PO-0003464,PKG-03,PROD-LB-400,2026-05-02,2026-05-02,2026-05-02,509,completed,,
PO-0003465,PKG-03,PROD-AS-200,2026-05-02,2026-05-02,2026-05-02,1020,completed,,
PO-0003466,PKG-03,PROD-AS-200,2026-05-02,2026-05-02,2026-05-02,1034,completed,,
PO-0003467,PKG-03,PROD-HS-100,2026-05-02,2026-05-02,2026-05-02,599,completed,,
PO-0003468,PKG-03,PROD-AS-200,2026-05-02,2026-05-02,2026-05-02,1030,completed,,
PO-0003469,PKG-03,PROD-AS-200,2026-05-02,2026-05-02,2026-05-02,943,completed,,
PO-0003470,PKG-03,PROD-LB-400,2026-05-02,2026-05-02,2026-05-02,628,completed,,
PO-0003471,PKG-03,PROD-AS-200,2026-05-02,2026-05-02,2026-05-02,1001,completed,,
PO-0003472,PKG-03,PROD-HS-110,2026-05-02,2026-05-02,2026-05-02,934,completed,,
PO-0003473,PKG-04,PROD-VD-500,2026-05-02,2026-05-02,2026-05-02,668,completed,,
PO-0003474,PKG-04,PROD-AS-200,2026-05-02,2026-05-02,2026-05-02,621,completed,,
PO-0003475,PKG-04,PROD-VD-500,2026-05-02,2026-05-02,2026-05-02,477,completed,,
PO-0003476,PKG-04,PROD-HS-100,2026-05-02,2026-05-02,2026-05-02,872,completed,,
PO-0003477,PKG-04,PROD-HS-110,2026-05-02,2026-05-02,2026-05-02,755,completed,,
PO-0003478,PKG-04,PROD-VD-500,2026-05-02,2026-05-02,2026-05-02,887,completed,,
PO-0003479,PKG-04,PROD-VD-500,2026-05-02,2026-05-02,2026-05-02,882,completed,,
PO-0003480,PKG-05,PROD-LB-400,2026-05-02,2026-05-02,2026-05-02,688,completed,,
PO-0003481,PKG-05,PROD-LB-400,2026-05-02,2026-05-02,2026-05-02,516,completed,,
PO-0003482,PKG-05,PROD-AS-200,2026-05-02,2026-05-02,2026-05-02,642,completed,,
PO-0003483,PKG-05,PROD-LB-400,2026-05-02,2026-05-02,2026-05-02,809,completed,,
PO-0003484,PKG-05,PROD-HS-100,2026-05-02,2026-05-02,2026-05-02,798,completed,,
PO-0003485,PKG-05,PROD-HS-100,2026-05-02,2026-05-02,2026-05-02,629,completed,,
PO-0003486,PKG-05,PROD-VD-500,2026-05-02,2026-05-02,2026-05-02,636,completed,,
PO-0003487,PKG-05,PROD-HS-110,2026-05-02,2026-05-02,2026-05-02,617,completed,,
PO-0003488,PKG-06,PROD-DM-300,2026-05-02,2026-05-02,2026-05-02,758,completed,,
PO-0003489,PKG-06,PROD-DM-300,2026-05-02,2026-05-02,2026-05-02,880,completed,,
PO-0003490,PKG-06,PROD-DM-300,2026-05-02,2026-05-02,2026-05-02,773,completed,,
PO-0003491,PKG-06,PROD-AS-200,2026-05-02,2026-05-02,2026-05-02,677,completed,,
PO-0003492,PKG-06,PROD-DM-300,2026-05-02,2026-05-02,2026-05-02,914,completed,,
PO-0003493,PKG-06,PROD-DM-300,2026-05-02,2026-05-02,2026-05-02,785,completed,,
PO-0003494,PKG-06,PROD-DM-300,2026-05-02,2026-05-02,2026-05-02,631,completed,,
PO-0003495,PKG-06,PROD-DM-300,2026-05-02,2026-05-02,2026-05-02,727,completed,,
PO-0003496,PKG-06,PROD-VD-500,2026-05-02,2026-05-02,2026-05-02,584,completed,,
PO-0003497,PKG-01,PROD-DM-300,2026-05-04,2026-05-04,2026-05-04,1228,completed,,
PO-0003498,PKG-01,PROD-DM-300,2026-05-04,2026-05-04,2026-05-04,706,completed,,
PO-0003499,PKG-01,PROD-HS-100,2026-05-04,2026-05-04,2026-05-04,1563,completed,,
PO-0003500,PKG-01,PROD-DM-300,2026-05-04,2026-05-04,2026-05-04,1104,completed,,
PO-0003501,PKG-01,PROD-VD-500,2026-05-04,2026-05-04,2026-05-04,1240,completed,,
PO-0003502,PKG-01,PROD-DM-300,2026-05-04,2026-05-04,2026-05-04,1468,completed,,
PO-0003503,PKG-01,PROD-DM-300,2026-05-04,2026-05-04,2026-05-04,1269,completed,,
PO-0003504,PKG-01,PROD-DM-300,2026-05-04,2026-05-04,2026-05-04,1441,completed,,
PO-0003505,PKG-01,PROD-DM-300,2026-05-04,2026-05-04,2026-05-04,974,completed,,
PO-0003506,PKG-01,PROD-DM-300,2026-05-04,2026-05-04,2026-05-04,936,completed,,
PO-0003507,PKG-01,PROD-DM-300,2026-05-04,2026-05-04,2026-05-04,1145,completed,,
PO-0003508,PKG-01,PROD-DM-300,2026-05-04,2026-05-04,2026-05-04,729,completed,,
PO-0003509,PKG-01,PROD-DM-300,2026-05-04,2026-05-04,2026-05-04,1572,completed,,
PO-0003510,PKG-01,PROD-DM-300,2026-05-04,2026-05-04,2026-05-04,1071,completed,,
PO-0003511,PKG-01,PROD-DM-300,2026-05-04,2026-05-04,2026-05-04,1520,completed,,
PO-0003512,PKG-01,PROD-VD-500,2026-05-04,2026-05-04,2026-05-04,1252,completed,,
PO-0003513,PKG-01,PROD-DM-300,2026-05-04,2026-05-04,2026-05-04,1108,completed,,
PO-0003514,PKG-02,PROD-HS-100,2026-05-04,2026-05-04,2026-05-04,767,completed,,
PO-0003515,PKG-02,PROD-AS-200,2026-05-04,2026-05-04,2026-05-04,1389,completed,,
PO-0003516,PKG-02,PROD-LB-400,2026-05-04,2026-05-04,2026-05-04,1335,completed,,
PO-0003517,PKG-02,PROD-VD-500,2026-05-04,2026-05-04,2026-05-04,853,completed,,
PO-0003518,PKG-02,PROD-HS-110,2026-05-04,2026-05-04,2026-05-04,1152,completed,,
PO-0003519,PKG-02,PROD-HS-100,2026-05-04,2026-05-04,2026-05-04,841,completed,,
PO-0003520,PKG-02,PROD-LB-400,2026-05-04,2026-05-04,2026-05-04,941,completed,,
PO-0003521,PKG-02,PROD-HS-110,2026-05-04,2026-05-04,2026-05-04,1077,completed,,
PO-0003522,PKG-02,PROD-HS-100,2026-05-04,2026-05-04,2026-05-04,1006,completed,,
PO-0003523,PKG-02,PROD-HS-100,2026-05-04,2026-05-04,2026-05-04,794,completed,,
PO-0003524,PKG-02,PROD-HS-100,2026-05-04,2026-05-04,2026-05-04,1014,completed,,
PO-0003525,PKG-02,PROD-HS-110,2026-05-04,2026-05-04,2026-05-04,1205,completed,,
PO-0003526,PKG-02,PROD-HS-100,2026-05-04,2026-05-04,2026-05-04,924,completed,,
PO-0003527,PKG-02,PROD-HS-100,2026-05-04,2026-05-04,2026-05-04,660,completed,,
PO-0003528,PKG-02,PROD-HS-100,2026-05-04,2026-05-04,2026-05-04,1421,completed,,
PO-0003529,PKG-03,PROD-HS-100,2026-05-04,2026-05-04,2026-05-04,664,completed,,
PO-0003530,PKG-03,PROD-AS-200,2026-05-04,2026-05-04,2026-05-04,536,completed,,
PO-0003531,PKG-03,PROD-AS-200,2026-05-04,2026-05-04,2026-05-04,957,completed,,
PO-0003532,PKG-03,PROD-HS-100,2026-05-04,2026-05-04,2026-05-04,965,completed,,
PO-0003533,PKG-03,PROD-LB-400,2026-05-04,2026-05-04,2026-05-04,1069,completed,,
PO-0003534,PKG-03,PROD-DM-300,2026-05-04,2026-05-04,2026-05-04,1076,completed,,
PO-0003535,PKG-03,PROD-LB-400,2026-05-04,2026-05-04,2026-05-04,1107,completed,,
PO-0003536,PKG-03,PROD-HS-110,2026-05-04,2026-05-04,2026-05-04,1062,completed,,
PO-0003537,PKG-04,PROD-VD-500,2026-05-04,2026-05-04,2026-05-04,616,completed,,
PO-0003538,PKG-04,PROD-VD-500,2026-05-04,2026-05-04,2026-05-04,704,completed,,
PO-0003539,PKG-04,PROD-VD-500,2026-05-04,2026-05-04,2026-05-04,609,completed,,
PO-0003540,PKG-04,PROD-VD-500,2026-05-04,2026-05-04,2026-05-04,831,completed,,
PO-0003541,PKG-04,PROD-AS-200,2026-05-04,2026-05-04,2026-05-04,621,completed,,
PO-0003542,PKG-04,PROD-HS-110,2026-05-04,2026-05-04,2026-05-04,576,completed,,
PO-0003543,PKG-04,PROD-AS-200,2026-05-04,2026-05-04,2026-05-04,394,completed,,
PO-0003544,PKG-05,PROD-LB-400,2026-05-04,2026-05-04,2026-05-04,895,completed,,
PO-0003545,PKG-05,PROD-LB-400,2026-05-04,2026-05-04,2026-05-04,478,completed,,
PO-0003546,PKG-05,PROD-HS-110,2026-05-04,2026-05-04,2026-05-04,673,completed,,
PO-0003547,PKG-05,PROD-LB-400,2026-05-04,2026-05-04,2026-05-04,639,completed,,
PO-0003548,PKG-05,PROD-HS-100,2026-05-04,2026-05-04,2026-05-04,725,completed,,
PO-0003549,PKG-05,PROD-HS-110,2026-05-04,2026-05-04,2026-05-04,541,completed,,
PO-0003550,PKG-05,PROD-LB-400,2026-05-04,2026-05-04,2026-05-04,956,completed,,
PO-0003551,PKG-05,PROD-DM-300,2026-05-04,2026-05-04,2026-05-04,499,completed,,
PO-0003552,PKG-06,PROD-VD-500,2026-05-04,2026-05-04,2026-05-04,1105,completed,,
PO-0003553,PKG-06,PROD-DM-300,2026-05-04,2026-05-04,2026-05-04,975,completed,,
PO-0003554,PKG-06,PROD-DM-300,2026-05-04,2026-05-04,2026-05-04,696,completed,,
PO-0003555,PKG-06,PROD-VD-500,2026-05-04,2026-05-04,2026-05-04,584,completed,,
PO-0003556,PKG-06,PROD-DM-300,2026-05-04,2026-05-04,2026-05-04,515,completed,,
PO-0003557,PKG-06,PROD-DM-300,2026-05-04,2026-05-04,2026-05-04,1046,completed,,
PO-0003558,PKG-06,PROD-DM-300,2026-05-04,2026-05-04,2026-05-04,570,completed,,
PO-0003559,PKG-06,PROD-DM-300,2026-05-04,2026-05-04,2026-05-04,971,completed,,
PO-0003560,PKG-06,PROD-DM-300,2026-05-04,2026-05-04,2026-05-04,556,completed,,
PO-0003561,PKG-01,PROD-DM-300,2026-05-05,2026-05-05,2026-05-05,1392,completed,,
PO-0003562,PKG-01,PROD-DM-300,2026-05-05,2026-05-05,2026-05-05,1173,completed,,
PO-0003563,PKG-01,PROD-DM-300,2026-05-05,2026-05-05,2026-05-05,1069,completed,,
PO-0003564,PKG-01,PROD-HS-110,2026-05-05,2026-05-05,2026-05-05,1023,completed,,
PO-0003565,PKG-01,PROD-DM-300,2026-05-05,2026-05-05,2026-05-05,1248,completed,,
PO-0003566,PKG-01,PROD-DM-300,2026-05-05,2026-05-05,2026-05-05,830,completed,,
PO-0003567,PKG-01,PROD-DM-300,2026-05-05,2026-05-05,2026-05-05,1338,completed,,
PO-0003568,PKG-01,PROD-DM-300,2026-05-05,2026-05-05,2026-05-05,1137,completed,,
PO-0003569,PKG-01,PROD-DM-300,2026-05-05,2026-05-05,2026-05-05,1181,completed,,
PO-0003570,PKG-01,PROD-DM-300,2026-05-05,2026-05-05,2026-05-05,732,completed,,
PO-0003571,PKG-01,PROD-VD-500,2026-05-05,2026-05-05,2026-05-05,1340,completed,,
PO-0003572,PKG-01,PROD-DM-300,2026-05-05,2026-05-05,2026-05-05,1540,completed,,
PO-0003573,PKG-01,PROD-DM-300,2026-05-05,2026-05-05,2026-05-05,1036,completed,,
PO-0003574,PKG-01,PROD-DM-300,2026-05-05,2026-05-05,2026-05-05,930,completed,,
PO-0003575,PKG-01,PROD-HS-100,2026-05-05,2026-05-05,2026-05-05,1535,completed,,
PO-0003576,PKG-01,PROD-DM-300,2026-05-05,2026-05-05,2026-05-05,1189,completed,,
PO-0003577,PKG-01,PROD-DM-300,2026-05-05,2026-05-05,2026-05-05,830,completed,,
PO-0003578,PKG-02,PROD-HS-100,2026-05-05,2026-05-05,2026-05-05,1334,completed,,
PO-0003579,PKG-02,PROD-HS-100,2026-05-05,2026-05-05,2026-05-05,899,completed,,
PO-0003580,PKG-02,PROD-HS-110,2026-05-05,2026-05-05,2026-05-05,914,completed,,
PO-0003581,PKG-02,PROD-HS-100,2026-05-05,2026-05-05,2026-05-05,1398,completed,,
PO-0003582,PKG-02,PROD-LB-400,2026-05-05,2026-05-05,2026-05-05,1261,completed,,
PO-0003583,PKG-02,PROD-HS-100,2026-05-05,2026-05-05,2026-05-05,671,completed,,
PO-0003584,PKG-02,PROD-HS-100,2026-05-05,2026-05-05,2026-05-05,970,completed,,
PO-0003585,PKG-02,PROD-LB-400,2026-05-05,2026-05-05,2026-05-05,698,completed,,
PO-0003586,PKG-02,PROD-LB-400,2026-05-05,2026-05-05,2026-05-05,1177,completed,,
PO-0003587,PKG-02,PROD-HS-100,2026-05-05,2026-05-05,2026-05-05,985,completed,,
PO-0003588,PKG-02,PROD-AS-200,2026-05-05,2026-05-05,2026-05-05,1430,completed,,
PO-0003589,PKG-02,PROD-LB-400,2026-05-05,2026-05-05,2026-05-05,863,completed,,
PO-0003590,PKG-02,PROD-HS-100,2026-05-05,2026-05-05,2026-05-05,1413,completed,,
PO-0003591,PKG-02,PROD-HS-100,2026-05-05,2026-05-05,2026-05-05,1051,completed,,
PO-0003592,PKG-02,PROD-HS-100,2026-05-05,2026-05-05,2026-05-05,653,completed,,
PO-0003593,PKG-03,PROD-LB-400,2026-05-05,2026-05-05,2026-05-05,665,completed,,
PO-0003594,PKG-03,PROD-HS-100,2026-05-05,2026-05-05,2026-05-05,915,completed,,
PO-0003595,PKG-03,PROD-LB-400,2026-05-05,2026-05-05,2026-05-05,1012,completed,,
PO-0003596,PKG-03,PROD-HS-110,2026-05-05,2026-05-05,2026-05-05,969,completed,,
PO-0003597,PKG-03,PROD-HS-110,2026-05-05,2026-05-05,2026-05-05,785,completed,,
PO-0003598,PKG-03,PROD-LB-400,2026-05-05,2026-05-05,2026-05-05,849,completed,,
PO-0003599,PKG-03,PROD-HS-110,2026-05-05,2026-05-05,2026-05-05,717,completed,,
PO-0003600,PKG-03,PROD-HS-100,2026-05-05,2026-05-05,2026-05-05,906,completed,,
PO-0003601,PKG-04,PROD-VD-500,2026-05-05,2026-05-05,2026-05-05,882,completed,,
PO-0003602,PKG-04,PROD-VD-500,2026-05-05,2026-05-05,2026-05-05,870,completed,,
PO-0003603,PKG-04,PROD-VD-500,2026-05-05,2026-05-05,2026-05-05,419,completed,,
PO-0003604,PKG-04,PROD-AS-200,2026-05-05,2026-05-05,2026-05-05,475,completed,,
PO-0003605,PKG-04,PROD-VD-500,2026-05-05,2026-05-05,2026-05-05,397,completed,,
PO-0003606,PKG-04,PROD-VD-500,2026-05-05,2026-05-05,2026-05-05,637,completed,,
PO-0003607,PKG-04,PROD-VD-500,2026-05-05,2026-05-05,2026-05-05,413,completed,,
PO-0003608,PKG-05,PROD-HS-100,2026-05-05,2026-05-05,2026-05-05,741,completed,,
PO-0003609,PKG-05,PROD-LB-400,2026-05-05,2026-05-05,2026-05-05,755,completed,,
PO-0003610,PKG-05,PROD-AS-200,2026-05-05,2026-05-05,2026-05-05,616,completed,,
PO-0003611,PKG-05,PROD-LB-400,2026-05-05,2026-05-05,2026-05-05,432,completed,,
PO-0003612,PKG-05,PROD-LB-400,2026-05-05,2026-05-05,2026-05-05,548,completed,,
PO-0003613,PKG-05,PROD-AS-200,2026-05-05,2026-05-05,2026-05-05,417,completed,,
PO-0003614,PKG-05,PROD-AS-200,2026-05-05,2026-05-05,2026-05-05,770,completed,,
PO-0003615,PKG-05,PROD-VD-500,2026-05-05,2026-05-05,2026-05-05,595,completed,,
PO-0003616,PKG-06,PROD-DM-300,2026-05-05,2026-05-05,2026-05-05,959,completed,,
PO-0003617,PKG-06,PROD-DM-300,2026-05-05,2026-05-05,2026-05-05,680,completed,,
PO-0003618,PKG-06,PROD-DM-300,2026-05-05,2026-05-05,2026-05-05,945,completed,,
PO-0003619,PKG-06,PROD-DM-300,2026-05-05,2026-05-05,2026-05-05,1008,completed,,
PO-0003620,PKG-06,PROD-VD-500,2026-05-05,2026-05-05,2026-05-05,1074,completed,,
PO-0003621,PKG-06,PROD-VD-500,2026-05-05,2026-05-05,2026-05-05,844,completed,,
PO-0003622,PKG-06,PROD-DM-300,2026-05-05,2026-05-05,2026-05-05,798,completed,,
PO-0003623,PKG-06,PROD-HS-100,2026-05-05,2026-05-05,2026-05-05,1113,completed,,
PO-0003624,PKG-06,PROD-DM-300,2026-05-05,2026-05-05,2026-05-05,984,completed,,
PO-0003625,PKG-01,PROD-DM-300,2026-05-06,2026-05-06,2026-05-06,1222,completed,,
PO-0003626,PKG-01,PROD-DM-300,2026-05-06,2026-05-06,2026-05-06,950,completed,,
PO-0003627,PKG-01,PROD-DM-300,2026-05-06,2026-05-06,2026-05-06,1262,completed,,
PO-0003628,PKG-01,PROD-AS-200,2026-05-06,2026-05-06,2026-05-06,1416,completed,,
PO-0003629,PKG-01,PROD-AS-200,2026-05-06,2026-05-06,2026-05-06,794,completed,,
PO-0003630,PKG-01,PROD-DM-300,2026-05-06,2026-05-06,2026-05-06,1105,completed,,
PO-0003631,PKG-01,PROD-AS-200,2026-05-06,2026-05-06,2026-05-06,1147,completed,,
PO-0003632,PKG-01,PROD-DM-300,2026-05-06,2026-05-06,2026-05-06,829,completed,,
PO-0003633,PKG-01,PROD-DM-300,2026-05-06,2026-05-06,2026-05-06,1257,completed,,
PO-0003634,PKG-01,PROD-DM-300,2026-05-06,2026-05-06,2026-05-06,1319,completed,,
PO-0003635,PKG-01,PROD-DM-300,2026-05-06,2026-05-06,2026-05-06,1497,completed,,
PO-0003636,PKG-01,PROD-DM-300,2026-05-06,2026-05-06,2026-05-06,970,completed,,
PO-0003637,PKG-01,PROD-DM-300,2026-05-06,2026-05-06,2026-05-06,728,completed,,
PO-0003638,PKG-01,PROD-DM-300,2026-05-06,2026-05-06,2026-05-06,1088,completed,,
PO-0003639,PKG-01,PROD-DM-300,2026-05-06,2026-05-06,2026-05-06,1499,completed,,
PO-0003640,PKG-01,PROD-DM-300,2026-05-06,2026-05-06,2026-05-06,1478,completed,,
PO-0003641,PKG-01,PROD-DM-300,2026-05-06,2026-05-06,2026-05-06,703,completed,,
PO-0003642,PKG-02,PROD-HS-100,2026-05-06,2026-05-06,2026-05-06,688,completed,,
PO-0003643,PKG-02,PROD-LB-400,2026-05-06,2026-05-06,2026-05-06,769,completed,,
PO-0003644,PKG-02,PROD-HS-110,2026-05-06,2026-05-06,2026-05-06,694,completed,,
PO-0003645,PKG-02,PROD-HS-100,2026-05-06,2026-05-06,2026-05-06,1208,completed,,
PO-0003646,PKG-02,PROD-HS-100,2026-05-06,2026-05-06,2026-05-06,1233,completed,,
PO-0003647,PKG-02,PROD-AS-200,2026-05-06,2026-05-06,2026-05-06,968,completed,,
PO-0003648,PKG-02,PROD-HS-100,2026-05-06,2026-05-06,2026-05-06,1348,completed,,
PO-0003649,PKG-02,PROD-LB-400,2026-05-06,2026-05-06,2026-05-06,842,completed,,
PO-0003650,PKG-02,PROD-LB-400,2026-05-06,2026-05-06,2026-05-06,710,completed,,
PO-0003651,PKG-02,PROD-LB-400,2026-05-06,2026-05-06,2026-05-06,675,completed,,
PO-0003652,PKG-02,PROD-HS-100,2026-05-06,2026-05-06,2026-05-06,1243,completed,,
PO-0003653,PKG-02,PROD-AS-200,2026-05-06,2026-05-06,2026-05-06,1455,completed,,
PO-0003654,PKG-02,PROD-HS-100,2026-05-06,2026-05-06,2026-05-06,780,completed,,
PO-0003655,PKG-02,PROD-HS-100,2026-05-06,2026-05-06,2026-05-06,1448,completed,,
PO-0003656,PKG-02,PROD-HS-100,2026-05-06,2026-05-06,2026-05-06,742,completed,,
PO-0003657,PKG-03,PROD-HS-110,2026-05-06,2026-05-06,2026-05-06,1112,completed,,
PO-0003658,PKG-03,PROD-AS-200,2026-05-06,2026-05-06,2026-05-06,1058,completed,,
PO-0003659,PKG-03,PROD-HS-110,2026-05-06,2026-05-06,2026-05-06,1036,completed,,
PO-0003660,PKG-03,PROD-AS-200,2026-05-06,2026-05-06,2026-05-06,1066,completed,,
PO-0003661,PKG-03,PROD-LB-400,2026-05-06,2026-05-06,2026-05-06,564,completed,,
PO-0003662,PKG-03,PROD-HS-100,2026-05-06,2026-05-06,2026-05-06,1187,completed,,
PO-0003663,PKG-03,PROD-AS-200,2026-05-06,2026-05-06,2026-05-06,756,completed,,
PO-0003664,PKG-03,PROD-LB-400,2026-05-06,2026-05-06,2026-05-06,889,completed,,
PO-0003665,PKG-04,PROD-VD-500,2026-05-06,2026-05-06,2026-05-06,836,completed,,
PO-0003666,PKG-04,PROD-AS-200,2026-05-06,2026-05-06,2026-05-06,430,completed,,
PO-0003667,PKG-04,PROD-VD-500,2026-05-06,2026-05-06,2026-05-06,424,completed,,
PO-0003668,PKG-04,PROD-DM-300,2026-05-06,2026-05-06,2026-05-06,639,completed,,
PO-0003669,PKG-04,PROD-VD-500,2026-05-06,2026-05-06,2026-05-06,523,completed,,
PO-0003670,PKG-04,PROD-VD-500,2026-05-06,2026-05-06,2026-05-06,837,completed,,
PO-0003671,PKG-04,PROD-VD-500,2026-05-06,2026-05-06,2026-05-06,551,completed,,
PO-0003672,PKG-05,PROD-AS-200,2026-05-06,2026-05-06,2026-05-06,961,completed,,
PO-0003673,PKG-05,PROD-HS-110,2026-05-06,2026-05-06,2026-05-06,635,completed,,
PO-0003674,PKG-05,PROD-LB-400,2026-05-06,2026-05-06,2026-05-06,845,completed,,
PO-0003675,PKG-05,PROD-AS-200,2026-05-06,2026-05-06,2026-05-06,498,completed,,
PO-0003676,PKG-05,PROD-LB-400,2026-05-06,2026-05-06,2026-05-06,809,completed,,
PO-0003677,PKG-05,PROD-AS-200,2026-05-06,2026-05-06,2026-05-06,962,completed,,
PO-0003678,PKG-05,PROD-VD-500,2026-05-06,2026-05-06,2026-05-06,802,completed,,
PO-0003679,PKG-05,PROD-LB-400,2026-05-06,2026-05-06,2026-05-06,581,completed,,
PO-0003680,PKG-06,PROD-DM-300,2026-05-06,2026-05-06,2026-05-06,721,completed,,
PO-0003681,PKG-06,PROD-DM-300,2026-05-06,2026-05-06,2026-05-06,787,completed,,
PO-0003682,PKG-06,PROD-DM-300,2026-05-06,2026-05-06,2026-05-06,1088,completed,,
PO-0003683,PKG-06,PROD-DM-300,2026-05-06,2026-05-06,2026-05-06,1098,completed,,
PO-0003684,PKG-06,PROD-VD-500,2026-05-06,2026-05-06,2026-05-06,1028,completed,,
PO-0003685,PKG-06,PROD-VD-500,2026-05-06,2026-05-06,2026-05-06,715,completed,,
PO-0003686,PKG-06,PROD-DM-300,2026-05-06,2026-05-06,2026-05-06,662,completed,,
PO-0003687,PKG-06,PROD-DM-300,2026-05-06,2026-05-06,2026-05-06,627,completed,,
PO-0003688,PKG-06,PROD-DM-300,2026-05-06,2026-05-06,2026-05-06,610,completed,,
PO-0003689,PKG-01,PROD-DM-300,2026-05-07,2026-05-07,2026-05-07,1079,completed,,
PO-0003690,PKG-01,PROD-DM-300,2026-05-07,2026-05-07,2026-05-07,784,completed,,
PO-0003691,PKG-01,PROD-HS-100,2026-05-07,2026-05-07,2026-05-07,753,completed,,
PO-0003692,PKG-01,PROD-DM-300,2026-05-07,2026-05-07,2026-05-07,1289,completed,,
PO-0003693,PKG-01,PROD-DM-300,2026-05-07,2026-05-07,2026-05-07,754,completed,,
PO-0003694,PKG-01,PROD-DM-300,2026-05-07,2026-05-07,2026-05-07,975,completed,,
PO-0003695,PKG-01,PROD-DM-300,2026-05-07,2026-05-07,2026-05-07,897,completed,,
PO-0003696,PKG-01,PROD-HS-100,2026-05-07,2026-05-07,2026-05-07,1457,completed,,
PO-0003697,PKG-01,PROD-DM-300,2026-05-07,2026-05-07,2026-05-07,686,completed,,
PO-0003698,PKG-01,PROD-VD-500,2026-05-07,2026-05-07,2026-05-07,1225,completed,,
PO-0003699,PKG-01,PROD-DM-300,2026-05-07,2026-05-07,2026-05-07,1423,completed,,
PO-0003700,PKG-01,PROD-DM-300,2026-05-07,2026-05-07,2026-05-07,1135,completed,,
PO-0003701,PKG-01,PROD-LB-400,2026-05-07,2026-05-07,2026-05-07,1426,completed,,
PO-0003702,PKG-01,PROD-HS-100,2026-05-07,2026-05-07,2026-05-07,1500,completed,,
PO-0003703,PKG-01,PROD-DM-300,2026-05-07,2026-05-07,2026-05-07,1006,completed,,
PO-0003704,PKG-01,PROD-DM-300,2026-05-07,2026-05-07,2026-05-07,1286,completed,,
PO-0003705,PKG-01,PROD-DM-300,2026-05-07,2026-05-07,2026-05-07,1139,completed,,
PO-0003706,PKG-01,PROD-VD-500,2026-05-07,2026-05-07,2026-05-07,809,completed,,
PO-0003707,PKG-02,PROD-HS-100,2026-05-07,2026-05-07,2026-05-07,769,completed,,
PO-0003708,PKG-02,PROD-HS-100,2026-05-07,2026-05-07,2026-05-07,645,completed,,
PO-0003709,PKG-02,PROD-HS-110,2026-05-07,2026-05-07,2026-05-07,773,completed,,
PO-0003710,PKG-02,PROD-HS-100,2026-05-07,2026-05-07,2026-05-07,672,completed,,
PO-0003711,PKG-02,PROD-HS-100,2026-05-07,2026-05-07,2026-05-07,1006,completed,,
PO-0003712,PKG-02,PROD-HS-100,2026-05-07,2026-05-07,2026-05-07,721,completed,,
PO-0003713,PKG-02,PROD-HS-110,2026-05-07,2026-05-07,2026-05-07,1049,completed,,
PO-0003714,PKG-02,PROD-HS-110,2026-05-07,2026-05-07,2026-05-07,980,completed,,
PO-0003715,PKG-02,PROD-HS-100,2026-05-07,2026-05-07,2026-05-07,907,completed,,
PO-0003716,PKG-02,PROD-HS-100,2026-05-07,2026-05-07,2026-05-07,673,completed,,
PO-0003717,PKG-02,PROD-HS-100,2026-05-07,2026-05-07,2026-05-07,1013,completed,,
PO-0003718,PKG-02,PROD-HS-100,2026-05-07,2026-05-07,2026-05-07,799,completed,,
PO-0003719,PKG-02,PROD-HS-100,2026-05-07,2026-05-07,2026-05-07,805,completed,,
PO-0003720,PKG-02,PROD-HS-100,2026-05-07,2026-05-07,2026-05-07,1055,completed,,
PO-0003721,PKG-02,PROD-AS-200,2026-05-07,2026-05-07,2026-05-07,1294,completed,,
PO-0003722,PKG-03,PROD-LB-400,2026-05-07,2026-05-07,2026-05-07,979,completed,,
PO-0003723,PKG-03,PROD-AS-200,2026-05-07,2026-05-07,2026-05-07,839,completed,,
PO-0003724,PKG-03,PROD-LB-400,2026-05-07,2026-05-07,2026-05-07,746,completed,,
PO-0003725,PKG-03,PROD-HS-100,2026-05-07,2026-05-07,2026-05-07,958,completed,,
PO-0003726,PKG-03,PROD-AS-200,2026-05-07,2026-05-07,2026-05-07,952,completed,,
PO-0003727,PKG-03,PROD-HS-100,2026-05-07,2026-05-07,2026-05-07,669,completed,,
PO-0003728,PKG-03,PROD-HS-110,2026-05-07,2026-05-07,2026-05-07,703,completed,,
PO-0003729,PKG-03,PROD-AS-200,2026-05-07,2026-05-07,2026-05-07,1105,completed,,
PO-0003730,PKG-04,PROD-VD-500,2026-05-07,2026-05-07,2026-05-07,763,completed,,
PO-0003731,PKG-04,PROD-VD-500,2026-05-07,2026-05-07,2026-05-07,803,completed,,
PO-0003732,PKG-04,PROD-VD-500,2026-05-07,2026-05-07,2026-05-07,404,completed,,
PO-0003733,PKG-04,PROD-VD-500,2026-05-07,2026-05-07,2026-05-07,773,completed,,
PO-0003734,PKG-04,PROD-VD-500,2026-05-07,2026-05-07,2026-05-07,689,completed,,
PO-0003735,PKG-04,PROD-VD-500,2026-05-07,2026-05-07,2026-05-07,523,completed,,
PO-0003736,PKG-04,PROD-VD-500,2026-05-07,2026-05-07,2026-05-07,649,completed,,
PO-0003737,PKG-05,PROD-HS-100,2026-05-07,2026-05-07,2026-05-07,897,completed,,
PO-0003738,PKG-05,PROD-AS-200,2026-05-07,2026-05-07,2026-05-07,957,completed,,
PO-0003739,PKG-05,PROD-AS-200,2026-05-07,2026-05-07,2026-05-07,929,completed,,
PO-0003740,PKG-05,PROD-AS-200,2026-05-07,2026-05-07,2026-05-07,737,completed,,
PO-0003741,PKG-05,PROD-LB-400,2026-05-07,2026-05-07,2026-05-07,489,completed,,
PO-0003742,PKG-05,PROD-AS-200,2026-05-07,2026-05-07,2026-05-07,714,completed,,
PO-0003743,PKG-05,PROD-LB-400,2026-05-07,2026-05-07,2026-05-07,864,completed,,
PO-0003744,PKG-05,PROD-LB-400,2026-05-07,2026-05-07,2026-05-07,650,completed,,
PO-0003745,PKG-06,PROD-DM-300,2026-05-07,2026-05-07,2026-05-07,893,completed,,
PO-0003746,PKG-06,PROD-LB-400,2026-05-07,2026-05-07,2026-05-07,495,completed,,
PO-0003747,PKG-06,PROD-DM-300,2026-05-07,2026-05-07,2026-05-07,636,completed,,
PO-0003748,PKG-06,PROD-DM-300,2026-05-07,2026-05-07,2026-05-07,1022,completed,,
PO-0003749,PKG-06,PROD-DM-300,2026-05-07,2026-05-07,2026-05-07,583,completed,,
PO-0003750,PKG-06,PROD-DM-300,2026-05-07,2026-05-07,2026-05-07,674,completed,,
PO-0003751,PKG-06,PROD-DM-300,2026-05-07,2026-05-07,2026-05-07,791,completed,,
PO-0003752,PKG-06,PROD-DM-300,2026-05-07,2026-05-07,2026-05-07,498,completed,,
PO-0003753,PKG-06,PROD-DM-300,2026-05-07,2026-05-07,2026-05-07,592,completed,,
PO-0003754,PKG-01,PROD-DM-300,2026-05-08,2026-05-08,2026-05-08,1446,completed,,
PO-0003755,PKG-01,PROD-DM-300,2026-05-08,2026-05-08,2026-05-08,1463,completed,,
PO-0003756,PKG-01,PROD-DM-300,2026-05-08,2026-05-08,2026-05-08,1245,completed,,
PO-0003757,PKG-01,PROD-HS-110,2026-05-08,2026-05-08,2026-05-08,965,completed,,
PO-0003758,PKG-01,PROD-DM-300,2026-05-08,2026-05-08,2026-05-08,1326,completed,,
PO-0003759,PKG-01,PROD-DM-300,2026-05-08,2026-05-08,2026-05-08,786,completed,,
PO-0003760,PKG-01,PROD-LB-400,2026-05-08,2026-05-08,2026-05-08,1036,completed,,
PO-0003761,PKG-01,PROD-DM-300,2026-05-08,2026-05-08,2026-05-08,1004,completed,,
PO-0003762,PKG-01,PROD-LB-400,2026-05-08,2026-05-08,2026-05-08,1466,completed,,
PO-0003763,PKG-01,PROD-HS-100,2026-05-08,2026-05-08,2026-05-08,868,completed,,
PO-0003764,PKG-01,PROD-DM-300,2026-05-08,2026-05-08,2026-05-08,1307,completed,,
PO-0003765,PKG-01,PROD-DM-300,2026-05-08,2026-05-08,2026-05-08,913,completed,,
PO-0003766,PKG-01,PROD-DM-300,2026-05-08,2026-05-08,2026-05-08,919,completed,,
PO-0003767,PKG-01,PROD-DM-300,2026-05-08,2026-05-08,2026-05-08,1430,completed,,
PO-0003768,PKG-01,PROD-DM-300,2026-05-08,2026-05-08,2026-05-08,1396,completed,,
PO-0003769,PKG-01,PROD-DM-300,2026-05-08,2026-05-08,2026-05-08,688,completed,,
PO-0003770,PKG-01,PROD-DM-300,2026-05-08,2026-05-08,2026-05-08,764,completed,,
PO-0003771,PKG-01,PROD-DM-300,2026-05-08,2026-05-08,2026-05-08,1194,completed,,
PO-0003772,PKG-02,PROD-AS-200,2026-05-08,2026-05-08,2026-05-08,1179,completed,,
PO-0003773,PKG-02,PROD-LB-400,2026-05-08,2026-05-08,2026-05-08,813,completed,,
PO-0003774,PKG-02,PROD-HS-100,2026-05-08,2026-05-08,2026-05-08,968,completed,,
PO-0003775,PKG-02,PROD-HS-100,2026-05-08,2026-05-08,2026-05-08,883,completed,,
PO-0003776,PKG-02,PROD-HS-110,2026-05-08,2026-05-08,2026-05-08,1155,completed,,
PO-0003777,PKG-02,PROD-HS-100,2026-05-08,2026-05-08,2026-05-08,1235,completed,,
PO-0003778,PKG-02,PROD-LB-400,2026-05-08,2026-05-08,2026-05-08,807,completed,,
PO-0003779,PKG-02,PROD-HS-100,2026-05-08,2026-05-08,2026-05-08,683,completed,,
PO-0003780,PKG-02,PROD-HS-110,2026-05-08,2026-05-08,2026-05-08,1261,completed,,
PO-0003781,PKG-02,PROD-HS-100,2026-05-08,2026-05-08,2026-05-08,1346,completed,,
PO-0003782,PKG-02,PROD-HS-100,2026-05-08,2026-05-08,2026-05-08,764,completed,,
PO-0003783,PKG-02,PROD-AS-200,2026-05-08,2026-05-08,2026-05-08,1034,completed,,
PO-0003784,PKG-02,PROD-HS-100,2026-05-08,2026-05-08,2026-05-08,1303,completed,,
PO-0003785,PKG-02,PROD-HS-100,2026-05-08,2026-05-08,2026-05-08,689,completed,,
PO-0003786,PKG-02,PROD-AS-200,2026-05-08,2026-05-08,2026-05-08,790,completed,,
PO-0003787,PKG-02,PROD-HS-110,2026-05-08,2026-05-08,2026-05-08,1092,completed,,
PO-0003788,PKG-03,PROD-LB-400,2026-05-08,2026-05-08,2026-05-08,934,completed,,
PO-0003789,PKG-03,PROD-AS-200,2026-05-08,2026-05-08,2026-05-08,1125,completed,,
PO-0003790,PKG-03,PROD-VD-500,2026-05-08,2026-05-08,2026-05-08,656,completed,,
PO-0003791,PKG-03,PROD-HS-100,2026-05-08,2026-05-08,2026-05-08,694,completed,,
PO-0003792,PKG-03,PROD-AS-200,2026-05-08,2026-05-08,2026-05-08,916,completed,,
PO-0003793,PKG-03,PROD-HS-100,2026-05-08,2026-05-08,2026-05-08,638,completed,,
PO-0003794,PKG-03,PROD-LB-400,2026-05-08,2026-05-08,2026-05-08,779,completed,,
PO-0003795,PKG-03,PROD-DM-300,2026-05-08,2026-05-08,2026-05-08,950,completed,,
PO-0003796,PKG-04,PROD-VD-500,2026-05-08,2026-05-08,2026-05-08,736,maintenance_blocked,,MW-PKG-04-202605
PO-0003797,PKG-04,PROD-VD-500,2026-05-08,2026-05-08,2026-05-08,689,maintenance_blocked,,MW-PKG-04-202605
PO-0003798,PKG-04,PROD-VD-500,2026-05-08,2026-05-08,2026-05-08,661,maintenance_blocked,,MW-PKG-04-202605
PO-0003799,PKG-04,PROD-DM-300,2026-05-08,2026-05-08,2026-05-08,840,maintenance_blocked,,MW-PKG-04-202605
PO-0003800,PKG-04,PROD-VD-500,2026-05-08,2026-05-08,2026-05-08,783,maintenance_blocked,,MW-PKG-04-202605
PO-0003801,PKG-04,PROD-VD-500,2026-05-08,2026-05-08,2026-05-08,484,maintenance_blocked,,MW-PKG-04-202605
PO-0003802,PKG-04,PROD-VD-500,2026-05-08,2026-05-08,2026-05-08,671,maintenance_blocked,,MW-PKG-04-202605
PO-0003803,PKG-05,PROD-HS-100,2026-05-08,2026-05-08,2026-05-08,519,completed,,
PO-0003804,PKG-05,PROD-DM-300,2026-05-08,2026-05-08,2026-05-08,714,completed,,
PO-0003805,PKG-05,PROD-VD-500,2026-05-08,2026-05-08,2026-05-08,909,completed,,
PO-0003806,PKG-05,PROD-LB-400,2026-05-08,2026-05-08,2026-05-08,556,completed,,
PO-0003807,PKG-05,PROD-AS-200,2026-05-08,2026-05-08,2026-05-08,687,completed,,
PO-0003808,PKG-05,PROD-HS-110,2026-05-08,2026-05-08,2026-05-08,528,completed,,
PO-0003809,PKG-05,PROD-LB-400,2026-05-08,2026-05-08,2026-05-08,786,completed,,
PO-0003810,PKG-05,PROD-HS-110,2026-05-08,2026-05-08,2026-05-08,561,completed,,
PO-0003811,PKG-06,PROD-DM-300,2026-05-08,2026-05-08,2026-05-08,549,completed,,
PO-0003812,PKG-06,PROD-VD-500,2026-05-08,2026-05-08,2026-05-08,1070,completed,,
PO-0003813,PKG-06,PROD-DM-300,2026-05-08,2026-05-08,2026-05-08,898,completed,,
PO-0003814,PKG-06,PROD-VD-500,2026-05-08,2026-05-08,2026-05-08,624,completed,,
PO-0003815,PKG-06,PROD-HS-100,2026-05-08,2026-05-08,2026-05-08,1041,completed,,
PO-0003816,PKG-06,PROD-DM-300,2026-05-08,2026-05-08,2026-05-08,567,completed,,
PO-0003817,PKG-06,PROD-LB-400,2026-05-08,2026-05-08,2026-05-08,1138,completed,,
PO-0003818,PKG-06,PROD-DM-300,2026-05-08,2026-05-08,2026-05-08,795,completed,,
PO-0003819,PKG-06,PROD-DM-300,2026-05-08,2026-05-08,2026-05-08,710,completed,,
PO-0003820,PKG-01,PROD-DM-300,2026-05-09,2026-05-09,2026-05-09,1168,completed,,
PO-0003821,PKG-01,PROD-DM-300,2026-05-09,2026-05-09,2026-05-09,1318,completed,,
PO-0003822,PKG-01,PROD-VD-500,2026-05-09,2026-05-09,2026-05-09,1116,completed,,
PO-0003823,PKG-01,PROD-DM-300,2026-05-09,2026-05-09,2026-05-09,1519,completed,,
PO-0003824,PKG-01,PROD-AS-200,2026-05-09,2026-05-09,2026-05-09,933,completed,,
PO-0003825,PKG-01,PROD-AS-200,2026-05-09,2026-05-09,2026-05-09,1516,completed,,
PO-0003826,PKG-01,PROD-DM-300,2026-05-09,2026-05-09,2026-05-09,817,completed,,
PO-0003827,PKG-01,PROD-DM-300,2026-05-09,2026-05-09,2026-05-09,1431,completed,,
PO-0003828,PKG-01,PROD-DM-300,2026-05-09,2026-05-09,2026-05-09,1205,completed,,
PO-0003829,PKG-01,PROD-DM-300,2026-05-09,2026-05-09,2026-05-09,1171,completed,,
PO-0003830,PKG-01,PROD-DM-300,2026-05-09,2026-05-09,2026-05-09,1506,completed,,
PO-0003831,PKG-01,PROD-LB-400,2026-05-09,2026-05-09,2026-05-09,1475,completed,,
PO-0003832,PKG-01,PROD-DM-300,2026-05-09,2026-05-09,2026-05-09,736,completed,,
PO-0003833,PKG-01,PROD-DM-300,2026-05-09,2026-05-09,2026-05-09,1034,completed,,
PO-0003834,PKG-01,PROD-HS-100,2026-05-09,2026-05-09,2026-05-09,1200,completed,,
PO-0003835,PKG-01,PROD-HS-100,2026-05-09,2026-05-09,2026-05-09,1163,completed,,
PO-0003836,PKG-01,PROD-HS-110,2026-05-09,2026-05-09,2026-05-09,702,completed,,
PO-0003837,PKG-02,PROD-HS-100,2026-05-09,2026-05-09,2026-05-09,1118,completed,,
PO-0003838,PKG-02,PROD-HS-110,2026-05-09,2026-05-09,2026-05-09,1057,completed,,
PO-0003839,PKG-02,PROD-HS-100,2026-05-09,2026-05-09,2026-05-09,1325,completed,,
PO-0003840,PKG-02,PROD-HS-100,2026-05-09,2026-05-09,2026-05-09,1035,completed,,
PO-0003841,PKG-02,PROD-HS-100,2026-05-09,2026-05-09,2026-05-09,932,completed,,
PO-0003842,PKG-02,PROD-HS-100,2026-05-09,2026-05-09,2026-05-09,1474,completed,,
PO-0003843,PKG-02,PROD-VD-500,2026-05-09,2026-05-09,2026-05-09,868,completed,,
PO-0003844,PKG-02,PROD-HS-100,2026-05-09,2026-05-09,2026-05-09,1434,completed,,
PO-0003845,PKG-02,PROD-AS-200,2026-05-09,2026-05-09,2026-05-09,1242,completed,,
PO-0003846,PKG-02,PROD-HS-100,2026-05-09,2026-05-09,2026-05-09,1349,completed,,
PO-0003847,PKG-02,PROD-HS-110,2026-05-09,2026-05-09,2026-05-09,800,completed,,
PO-0003848,PKG-02,PROD-HS-100,2026-05-09,2026-05-09,2026-05-09,1136,completed,,
PO-0003849,PKG-02,PROD-HS-110,2026-05-09,2026-05-09,2026-05-09,634,completed,,
PO-0003850,PKG-02,PROD-HS-100,2026-05-09,2026-05-09,2026-05-09,781,completed,,
PO-0003851,PKG-02,PROD-HS-100,2026-05-09,2026-05-09,2026-05-09,1342,completed,,
PO-0003852,PKG-03,PROD-LB-400,2026-05-09,2026-05-09,2026-05-09,479,completed,,
PO-0003853,PKG-03,PROD-AS-200,2026-05-09,2026-05-09,2026-05-09,585,completed,,
PO-0003854,PKG-03,PROD-HS-110,2026-05-09,2026-05-09,2026-05-09,502,completed,,
PO-0003855,PKG-03,PROD-HS-110,2026-05-09,2026-05-09,2026-05-09,553,completed,,
PO-0003856,PKG-03,PROD-HS-110,2026-05-09,2026-05-09,2026-05-09,1090,completed,,
PO-0003857,PKG-03,PROD-HS-100,2026-05-09,2026-05-09,2026-05-09,1074,completed,,
PO-0003858,PKG-03,PROD-AS-200,2026-05-09,2026-05-09,2026-05-09,773,completed,,
PO-0003859,PKG-03,PROD-HS-110,2026-05-09,2026-05-09,2026-05-09,754,completed,,
PO-0003860,PKG-03,PROD-AS-200,2026-05-09,2026-05-09,2026-05-09,926,completed,,
PO-0003861,PKG-04,PROD-VD-500,2026-05-09,2026-05-09,2026-05-09,725,maintenance_blocked,,MW-PKG-04-202605
PO-0003862,PKG-04,PROD-VD-500,2026-05-09,2026-05-09,2026-05-09,626,maintenance_blocked,,MW-PKG-04-202605
PO-0003863,PKG-04,PROD-VD-500,2026-05-09,2026-05-09,2026-05-09,449,maintenance_blocked,,MW-PKG-04-202605
PO-0003864,PKG-04,PROD-DM-300,2026-05-09,2026-05-09,2026-05-09,544,maintenance_blocked,,MW-PKG-04-202605
PO-0003865,PKG-04,PROD-DM-300,2026-05-09,2026-05-09,2026-05-09,766,maintenance_blocked,,MW-PKG-04-202605
PO-0003866,PKG-04,PROD-AS-200,2026-05-09,2026-05-09,2026-05-09,719,maintenance_blocked,,MW-PKG-04-202605
PO-0003867,PKG-04,PROD-VD-500,2026-05-09,2026-05-09,2026-05-09,776,maintenance_blocked,,MW-PKG-04-202605
PO-0003868,PKG-05,PROD-VD-500,2026-05-09,2026-05-09,2026-05-09,745,completed,,
PO-0003869,PKG-05,PROD-LB-400,2026-05-09,2026-05-09,2026-05-09,790,completed,,
PO-0003870,PKG-05,PROD-HS-100,2026-05-09,2026-05-09,2026-05-09,512,completed,,
PO-0003871,PKG-05,PROD-VD-500,2026-05-09,2026-05-09,2026-05-09,525,completed,,
PO-0003872,PKG-05,PROD-AS-200,2026-05-09,2026-05-09,2026-05-09,644,completed,,
PO-0003873,PKG-05,PROD-LB-400,2026-05-09,2026-05-09,2026-05-09,825,completed,,
PO-0003874,PKG-05,PROD-AS-200,2026-05-09,2026-05-09,2026-05-09,511,completed,,
PO-0003875,PKG-05,PROD-LB-400,2026-05-09,2026-05-09,2026-05-09,872,completed,,
PO-0003876,PKG-06,PROD-DM-300,2026-05-09,2026-05-09,2026-05-09,812,completed,,
PO-0003877,PKG-06,PROD-DM-300,2026-05-09,2026-05-09,2026-05-09,631,completed,,
PO-0003878,PKG-06,PROD-DM-300,2026-05-09,2026-05-09,2026-05-09,730,completed,,
PO-0003879,PKG-06,PROD-DM-300,2026-05-09,2026-05-09,2026-05-09,959,completed,,
PO-0003880,PKG-06,PROD-VD-500,2026-05-09,2026-05-09,2026-05-09,1111,completed,,
PO-0003881,PKG-06,PROD-DM-300,2026-05-09,2026-05-09,2026-05-09,858,completed,,
PO-0003882,PKG-06,PROD-DM-300,2026-05-09,2026-05-09,2026-05-09,1104,completed,,
PO-0003883,PKG-06,PROD-DM-300,2026-05-09,2026-05-09,2026-05-09,658,completed,,
PO-0003884,PKG-06,PROD-DM-300,2026-05-09,2026-05-09,2026-05-09,599,completed,,
PO-0003885,PKG-01,PROD-DM-300,2026-05-11,2026-05-11,2026-05-11,807,completed,,
PO-0003886,PKG-01,PROD-DM-300,2026-05-11,2026-05-11,2026-05-11,808,completed,,
PO-0003887,PKG-01,PROD-DM-300,2026-05-11,2026-05-11,2026-05-11,734,completed,,
PO-0003888,PKG-01,PROD-LB-400,2026-05-11,2026-05-11,2026-05-11,1175,completed,,
PO-0003889,PKG-01,PROD-DM-300,2026-05-11,2026-05-11,2026-05-11,873,completed,,
PO-0003890,PKG-01,PROD-DM-300,2026-05-11,2026-05-11,2026-05-11,753,completed,,
PO-0003891,PKG-01,PROD-LB-400,2026-05-11,2026-05-11,2026-05-11,1467,completed,,
PO-0003892,PKG-01,PROD-DM-300,2026-05-11,2026-05-11,2026-05-11,810,completed,,
PO-0003893,PKG-01,PROD-HS-110,2026-05-11,2026-05-11,2026-05-11,900,completed,,
PO-0003894,PKG-01,PROD-DM-300,2026-05-11,2026-05-11,2026-05-11,1514,completed,,
PO-0003895,PKG-01,PROD-DM-300,2026-05-11,2026-05-11,2026-05-11,805,completed,,
PO-0003896,PKG-01,PROD-LB-400,2026-05-11,2026-05-11,2026-05-11,864,completed,,
PO-0003897,PKG-01,PROD-DM-300,2026-05-11,2026-05-11,2026-05-11,1193,completed,,
PO-0003898,PKG-01,PROD-HS-100,2026-05-11,2026-05-11,2026-05-11,1419,completed,,
PO-0003899,PKG-01,PROD-DM-300,2026-05-11,2026-05-11,2026-05-11,1522,completed,,
PO-0003900,PKG-01,PROD-DM-300,2026-05-11,2026-05-11,2026-05-11,1137,completed,,
PO-0003901,PKG-01,PROD-LB-400,2026-05-11,2026-05-11,2026-05-11,1124,completed,,
PO-0003902,PKG-02,PROD-HS-100,2026-05-11,2026-05-11,2026-05-11,1327,completed,,
PO-0003903,PKG-02,PROD-HS-100,2026-05-11,2026-05-11,2026-05-11,885,completed,,
PO-0003904,PKG-02,PROD-HS-100,2026-05-11,2026-05-11,2026-05-11,1465,completed,,
PO-0003905,PKG-02,PROD-HS-100,2026-05-11,2026-05-11,2026-05-11,1000,completed,,
PO-0003906,PKG-02,PROD-HS-100,2026-05-11,2026-05-11,2026-05-11,984,completed,,
PO-0003907,PKG-02,PROD-HS-100,2026-05-11,2026-05-11,2026-05-11,1110,completed,,
PO-0003908,PKG-02,PROD-HS-100,2026-05-11,2026-05-11,2026-05-11,1427,completed,,
PO-0003909,PKG-02,PROD-HS-100,2026-05-11,2026-05-11,2026-05-11,1364,completed,,
PO-0003910,PKG-02,PROD-HS-100,2026-05-11,2026-05-11,2026-05-11,1470,completed,,
PO-0003911,PKG-02,PROD-HS-110,2026-05-11,2026-05-11,2026-05-11,774,completed,,
PO-0003912,PKG-02,PROD-HS-100,2026-05-11,2026-05-11,2026-05-11,1061,completed,,
PO-0003913,PKG-02,PROD-AS-200,2026-05-11,2026-05-11,2026-05-11,1155,completed,,
PO-0003914,PKG-02,PROD-HS-100,2026-05-11,2026-05-11,2026-05-11,976,completed,,
PO-0003915,PKG-02,PROD-HS-100,2026-05-11,2026-05-11,2026-05-11,1145,completed,,
PO-0003916,PKG-02,PROD-LB-400,2026-05-11,2026-05-11,2026-05-11,735,completed,,
PO-0003917,PKG-03,PROD-HS-110,2026-05-11,2026-05-11,2026-05-11,783,completed,,
PO-0003918,PKG-03,PROD-HS-110,2026-05-11,2026-05-11,2026-05-11,1011,completed,,
PO-0003919,PKG-03,PROD-LB-400,2026-05-11,2026-05-11,2026-05-11,957,completed,,
PO-0003920,PKG-03,PROD-AS-200,2026-05-11,2026-05-11,2026-05-11,669,completed,,
PO-0003921,PKG-03,PROD-HS-100,2026-05-11,2026-05-11,2026-05-11,836,completed,,
PO-0003922,PKG-03,PROD-AS-200,2026-05-11,2026-05-11,2026-05-11,1011,completed,,
PO-0003923,PKG-03,PROD-AS-200,2026-05-11,2026-05-11,2026-05-11,476,completed,,
PO-0003924,PKG-03,PROD-HS-110,2026-05-11,2026-05-11,2026-05-11,743,completed,,
PO-0003925,PKG-03,PROD-AS-200,2026-05-11,2026-05-11,2026-05-11,1072,completed,,
PO-0003926,PKG-04,PROD-LB-400,2026-05-11,2026-05-11,2026-05-11,595,completed,,
PO-0003927,PKG-04,PROD-VD-500,2026-05-11,2026-05-11,2026-05-11,661,completed,,
PO-0003928,PKG-04,PROD-VD-500,2026-05-11,2026-05-11,2026-05-11,709,completed,,
PO-0003929,PKG-04,PROD-VD-500,2026-05-11,2026-05-11,2026-05-11,783,completed,,
PO-0003930,PKG-04,PROD-HS-110,2026-05-11,2026-05-11,2026-05-11,852,completed,,
PO-0003931,PKG-04,PROD-VD-500,2026-05-11,2026-05-11,2026-05-11,557,completed,,
PO-0003932,PKG-04,PROD-VD-500,2026-05-11,2026-05-11,2026-05-11,844,completed,,
PO-0003933,PKG-05,PROD-HS-100,2026-05-11,2026-05-11,2026-05-11,673,completed,,
PO-0003934,PKG-05,PROD-AS-200,2026-05-11,2026-05-11,2026-05-11,844,completed,,
PO-0003935,PKG-05,PROD-HS-110,2026-05-11,2026-05-11,2026-05-11,915,completed,,
PO-0003936,PKG-05,PROD-LB-400,2026-05-11,2026-05-11,2026-05-11,815,completed,,
PO-0003937,PKG-05,PROD-DM-300,2026-05-11,2026-05-11,2026-05-11,958,completed,,
PO-0003938,PKG-05,PROD-LB-400,2026-05-11,2026-05-11,2026-05-11,678,completed,,
PO-0003939,PKG-05,PROD-AS-200,2026-05-11,2026-05-11,2026-05-11,462,completed,,
PO-0003940,PKG-05,PROD-HS-110,2026-05-11,2026-05-11,2026-05-11,669,completed,,
PO-0003941,PKG-06,PROD-DM-300,2026-05-11,2026-05-11,2026-05-11,847,completed,,
PO-0003942,PKG-06,PROD-DM-300,2026-05-11,2026-05-11,2026-05-11,810,completed,,
PO-0003943,PKG-06,PROD-DM-300,2026-05-11,2026-05-11,2026-05-11,860,completed,,
PO-0003944,PKG-06,PROD-DM-300,2026-05-11,2026-05-11,2026-05-11,901,completed,,
PO-0003945,PKG-06,PROD-VD-500,2026-05-11,2026-05-11,2026-05-11,605,completed,,
PO-0003946,PKG-06,PROD-DM-300,2026-05-11,2026-05-11,2026-05-11,952,completed,,
PO-0003947,PKG-06,PROD-AS-200,2026-05-11,2026-05-11,2026-05-11,1000,completed,,
PO-0003948,PKG-06,PROD-DM-300,2026-05-11,2026-05-11,2026-05-11,1030,completed,,
PO-0003949,PKG-06,PROD-DM-300,2026-05-11,2026-05-11,2026-05-11,1119,completed,,
PO-0003950,PKG-01,PROD-DM-300,2026-05-12,2026-05-12,2026-05-12,1412,completed,,
PO-0003951,PKG-01,PROD-DM-300,2026-05-12,2026-05-12,2026-05-12,1119,completed,,
PO-0003952,PKG-01,PROD-DM-300,2026-05-12,2026-05-12,2026-05-12,1021,completed,,
PO-0003953,PKG-01,PROD-DM-300,2026-05-12,2026-05-12,2026-05-12,1260,completed,,
PO-0003954,PKG-01,PROD-DM-300,2026-05-12,2026-05-12,2026-05-12,1121,completed,,
PO-0003955,PKG-01,PROD-DM-300,2026-05-12,2026-05-12,2026-05-12,913,completed,,
PO-0003956,PKG-01,PROD-DM-300,2026-05-12,2026-05-12,2026-05-12,1036,completed,,
PO-0003957,PKG-01,PROD-DM-300,2026-05-12,2026-05-12,2026-05-12,781,completed,,
PO-0003958,PKG-01,PROD-DM-300,2026-05-12,2026-05-12,2026-05-12,1455,completed,,
PO-0003959,PKG-01,PROD-DM-300,2026-05-12,2026-05-12,2026-05-12,1207,completed,,
PO-0003960,PKG-01,PROD-DM-300,2026-05-12,2026-05-12,2026-05-12,776,completed,,
PO-0003961,PKG-01,PROD-DM-300,2026-05-12,2026-05-12,2026-05-12,718,completed,,
PO-0003962,PKG-01,PROD-DM-300,2026-05-12,2026-05-12,2026-05-12,713,completed,,
PO-0003963,PKG-01,PROD-DM-300,2026-05-12,2026-05-12,2026-05-12,976,completed,,
PO-0003964,PKG-01,PROD-VD-500,2026-05-12,2026-05-12,2026-05-12,1040,completed,,
PO-0003965,PKG-01,PROD-HS-110,2026-05-12,2026-05-12,2026-05-12,1119,completed,,
PO-0003966,PKG-01,PROD-DM-300,2026-05-12,2026-05-12,2026-05-12,1529,completed,,
PO-0003967,PKG-02,PROD-AS-200,2026-05-12,2026-05-12,2026-05-12,992,completed,,
PO-0003968,PKG-02,PROD-HS-100,2026-05-12,2026-05-12,2026-05-12,1026,completed,,
PO-0003969,PKG-02,PROD-HS-100,2026-05-12,2026-05-12,2026-05-12,1155,completed,,
PO-0003970,PKG-02,PROD-HS-100,2026-05-12,2026-05-12,2026-05-12,737,completed,,
PO-0003971,PKG-02,PROD-HS-100,2026-05-12,2026-05-12,2026-05-12,1278,completed,,
PO-0003972,PKG-02,PROD-HS-100,2026-05-12,2026-05-12,2026-05-12,1297,completed,,
PO-0003973,PKG-02,PROD-HS-100,2026-05-12,2026-05-12,2026-05-12,1181,completed,,
PO-0003974,PKG-02,PROD-AS-200,2026-05-12,2026-05-12,2026-05-12,868,completed,,
PO-0003975,PKG-02,PROD-HS-100,2026-05-12,2026-05-12,2026-05-12,660,completed,,
PO-0003976,PKG-02,PROD-HS-100,2026-05-12,2026-05-12,2026-05-12,1083,completed,,
PO-0003977,PKG-02,PROD-HS-100,2026-05-12,2026-05-12,2026-05-12,1016,completed,,
PO-0003978,PKG-02,PROD-HS-110,2026-05-12,2026-05-12,2026-05-12,810,completed,,
PO-0003979,PKG-02,PROD-HS-100,2026-05-12,2026-05-12,2026-05-12,1239,completed,,
PO-0003980,PKG-02,PROD-AS-200,2026-05-12,2026-05-12,2026-05-12,926,completed,,
PO-0003981,PKG-02,PROD-HS-100,2026-05-12,2026-05-12,2026-05-12,1101,completed,,
PO-0003982,PKG-03,PROD-LB-400,2026-05-12,2026-05-12,2026-05-12,1204,completed,,
PO-0003983,PKG-03,PROD-LB-400,2026-05-12,2026-05-12,2026-05-12,739,completed,,
PO-0003984,PKG-03,PROD-HS-110,2026-05-12,2026-05-12,2026-05-12,765,completed,,
PO-0003985,PKG-03,PROD-HS-110,2026-05-12,2026-05-12,2026-05-12,1215,completed,,
PO-0003986,PKG-03,PROD-AS-200,2026-05-12,2026-05-12,2026-05-12,952,completed,,
PO-0003987,PKG-03,PROD-HS-110,2026-05-12,2026-05-12,2026-05-12,1004,completed,,
PO-0003988,PKG-03,PROD-LB-400,2026-05-12,2026-05-12,2026-05-12,1135,completed,,
PO-0003989,PKG-03,PROD-LB-400,2026-05-12,2026-05-12,2026-05-12,1079,completed,,
PO-0003990,PKG-04,PROD-VD-500,2026-05-12,2026-05-12,2026-05-12,710,completed,,
PO-0003991,PKG-04,PROD-AS-200,2026-05-12,2026-05-12,2026-05-12,877,completed,,
PO-0003992,PKG-04,PROD-HS-100,2026-05-12,2026-05-12,2026-05-12,584,completed,,
PO-0003993,PKG-04,PROD-HS-100,2026-05-12,2026-05-12,2026-05-12,588,completed,,
PO-0003994,PKG-04,PROD-VD-500,2026-05-12,2026-05-12,2026-05-12,746,completed,,
PO-0003995,PKG-04,PROD-VD-500,2026-05-12,2026-05-12,2026-05-12,677,completed,,
PO-0003996,PKG-04,PROD-VD-500,2026-05-12,2026-05-12,2026-05-12,391,completed,,
PO-0003997,PKG-05,PROD-AS-200,2026-05-12,2026-05-12,2026-05-12,652,completed,,
PO-0003998,PKG-05,PROD-AS-200,2026-05-12,2026-05-12,2026-05-12,783,completed,,
PO-0003999,PKG-05,PROD-VD-500,2026-05-12,2026-05-12,2026-05-12,434,completed,,
PO-0004000,PKG-05,PROD-AS-200,2026-05-12,2026-05-12,2026-05-12,735,completed,,
PO-0004001,PKG-05,PROD-HS-110,2026-05-12,2026-05-12,2026-05-12,606,completed,,
PO-0004002,PKG-05,PROD-HS-110,2026-05-12,2026-05-12,2026-05-12,661,completed,,
PO-0004003,PKG-05,PROD-HS-100,2026-05-12,2026-05-12,2026-05-12,614,completed,,
PO-0004004,PKG-05,PROD-LB-400,2026-05-12,2026-05-12,2026-05-12,769,completed,,
PO-0004005,PKG-06,PROD-AS-200,2026-05-12,2026-05-12,2026-05-12,932,completed,,
PO-0004006,PKG-06,PROD-DM-300,2026-05-12,2026-05-12,2026-05-12,981,completed,,
PO-0004007,PKG-06,PROD-DM-300,2026-05-12,2026-05-12,2026-05-12,1128,completed,,
PO-0004008,PKG-06,PROD-DM-300,2026-05-12,2026-05-12,2026-05-12,676,completed,,
PO-0004009,PKG-06,PROD-DM-300,2026-05-12,2026-05-12,2026-05-12,887,completed,,
PO-0004010,PKG-06,PROD-DM-300,2026-05-12,2026-05-12,2026-05-12,677,completed,,
PO-0004011,PKG-06,PROD-DM-300,2026-05-12,2026-05-12,2026-05-12,735,completed,,
PO-0004012,PKG-06,PROD-VD-500,2026-05-12,2026-05-12,2026-05-12,748,completed,,
PO-0004013,PKG-06,PROD-DM-300,2026-05-12,2026-05-12,2026-05-12,859,completed,,
PO-0004014,PKG-01,PROD-VD-500,2026-05-13,2026-05-13,2026-05-13,1096,completed,,
PO-0004015,PKG-01,PROD-LB-400,2026-05-13,2026-05-13,2026-05-13,1090,completed,,
PO-0004016,PKG-01,PROD-AS-200,2026-05-13,2026-05-13,2026-05-13,809,completed,,
PO-0004017,PKG-01,PROD-AS-200,2026-05-13,2026-05-13,2026-05-13,754,completed,,
PO-0004018,PKG-01,PROD-HS-110,2026-05-13,2026-05-13,2026-05-13,1132,completed,,
PO-0004019,PKG-01,PROD-DM-300,2026-05-13,2026-05-13,2026-05-13,796,completed,,
PO-0004020,PKG-01,PROD-DM-300,2026-05-13,2026-05-13,2026-05-13,1562,completed,,
PO-0004021,PKG-01,PROD-DM-300,2026-05-13,2026-05-13,2026-05-13,1310,completed,,
PO-0004022,PKG-01,PROD-HS-110,2026-05-13,2026-05-13,2026-05-13,949,completed,,
PO-0004023,PKG-01,PROD-DM-300,2026-05-13,2026-05-13,2026-05-13,1076,completed,,
PO-0004024,PKG-01,PROD-DM-300,2026-05-13,2026-05-13,2026-05-13,1183,completed,,
PO-0004025,PKG-01,PROD-DM-300,2026-05-13,2026-05-13,2026-05-13,879,completed,,
PO-0004026,PKG-01,PROD-DM-300,2026-05-13,2026-05-13,2026-05-13,844,completed,,
PO-0004027,PKG-01,PROD-DM-300,2026-05-13,2026-05-13,2026-05-13,1121,completed,,
PO-0004028,PKG-01,PROD-VD-500,2026-05-13,2026-05-13,2026-05-13,1503,completed,,
PO-0004029,PKG-01,PROD-DM-300,2026-05-13,2026-05-13,2026-05-13,1597,completed,,
PO-0004030,PKG-01,PROD-DM-300,2026-05-13,2026-05-13,2026-05-13,714,completed,,
PO-0004031,PKG-02,PROD-HS-100,2026-05-13,2026-05-13,2026-05-13,1073,completed,,
PO-0004032,PKG-02,PROD-HS-100,2026-05-13,2026-05-13,2026-05-13,853,completed,,
PO-0004033,PKG-02,PROD-HS-110,2026-05-13,2026-05-13,2026-05-13,1123,completed,,
PO-0004034,PKG-02,PROD-HS-100,2026-05-13,2026-05-13,2026-05-13,1010,completed,,
PO-0004035,PKG-02,PROD-HS-110,2026-05-13,2026-05-13,2026-05-13,1062,completed,,
PO-0004036,PKG-02,PROD-HS-100,2026-05-13,2026-05-13,2026-05-13,818,completed,,
PO-0004037,PKG-02,PROD-HS-100,2026-05-13,2026-05-13,2026-05-13,1233,completed,,
PO-0004038,PKG-02,PROD-HS-100,2026-05-13,2026-05-13,2026-05-13,812,completed,,
PO-0004039,PKG-02,PROD-AS-200,2026-05-13,2026-05-13,2026-05-13,874,completed,,
PO-0004040,PKG-02,PROD-HS-100,2026-05-13,2026-05-13,2026-05-13,766,completed,,
PO-0004041,PKG-02,PROD-HS-100,2026-05-13,2026-05-13,2026-05-13,1385,completed,,
PO-0004042,PKG-02,PROD-HS-100,2026-05-13,2026-05-13,2026-05-13,899,completed,,
PO-0004043,PKG-02,PROD-HS-100,2026-05-13,2026-05-13,2026-05-13,1171,completed,,
PO-0004044,PKG-02,PROD-HS-100,2026-05-13,2026-05-13,2026-05-13,1277,completed,,
PO-0004045,PKG-02,PROD-HS-110,2026-05-13,2026-05-13,2026-05-13,1448,completed,,
PO-0004046,PKG-03,PROD-HS-110,2026-05-13,2026-05-13,2026-05-13,729,completed,,
PO-0004047,PKG-03,PROD-AS-200,2026-05-13,2026-05-13,2026-05-13,914,completed,,
PO-0004048,PKG-03,PROD-LB-400,2026-05-13,2026-05-13,2026-05-13,658,completed,,
PO-0004049,PKG-03,PROD-DM-300,2026-05-13,2026-05-13,2026-05-13,1140,completed,,
PO-0004050,PKG-03,PROD-HS-110,2026-05-13,2026-05-13,2026-05-13,782,completed,,
PO-0004051,PKG-03,PROD-HS-110,2026-05-13,2026-05-13,2026-05-13,904,completed,,
PO-0004052,PKG-03,PROD-AS-200,2026-05-13,2026-05-13,2026-05-13,1182,completed,,
PO-0004053,PKG-03,PROD-LB-400,2026-05-13,2026-05-13,2026-05-13,1180,completed,,
PO-0004054,PKG-04,PROD-VD-500,2026-05-13,2026-05-13,2026-05-13,470,completed,,
PO-0004055,PKG-04,PROD-VD-500,2026-05-13,2026-05-13,2026-05-13,755,completed,,
PO-0004056,PKG-04,PROD-VD-500,2026-05-13,2026-05-13,2026-05-13,862,completed,,
PO-0004057,PKG-04,PROD-VD-500,2026-05-13,2026-05-13,2026-05-13,662,completed,,
PO-0004058,PKG-04,PROD-DM-300,2026-05-13,2026-05-13,2026-05-13,647,completed,,
PO-0004059,PKG-04,PROD-HS-110,2026-05-13,2026-05-13,2026-05-13,873,completed,,
PO-0004060,PKG-04,PROD-VD-500,2026-05-13,2026-05-13,2026-05-13,651,completed,,
PO-0004061,PKG-05,PROD-HS-110,2026-05-13,2026-05-13,2026-05-13,473,completed,,
PO-0004062,PKG-05,PROD-HS-100,2026-05-13,2026-05-13,2026-05-13,556,completed,,
PO-0004063,PKG-05,PROD-VD-500,2026-05-13,2026-05-13,2026-05-13,670,completed,,
PO-0004064,PKG-05,PROD-LB-400,2026-05-13,2026-05-13,2026-05-13,708,completed,,
PO-0004065,PKG-05,PROD-LB-400,2026-05-13,2026-05-13,2026-05-13,718,completed,,
PO-0004066,PKG-05,PROD-HS-110,2026-05-13,2026-05-13,2026-05-13,908,completed,,
PO-0004067,PKG-05,PROD-AS-200,2026-05-13,2026-05-13,2026-05-13,916,completed,,
PO-0004068,PKG-05,PROD-HS-110,2026-05-13,2026-05-13,2026-05-13,639,completed,,
PO-0004069,PKG-06,PROD-DM-300,2026-05-13,2026-05-13,2026-05-13,527,completed,,
PO-0004070,PKG-06,PROD-VD-500,2026-05-13,2026-05-13,2026-05-13,501,completed,,
PO-0004071,PKG-06,PROD-DM-300,2026-05-13,2026-05-13,2026-05-13,785,completed,,
PO-0004072,PKG-06,PROD-VD-500,2026-05-13,2026-05-13,2026-05-13,712,completed,,
PO-0004073,PKG-06,PROD-DM-300,2026-05-13,2026-05-13,2026-05-13,864,completed,,
PO-0004074,PKG-06,PROD-VD-500,2026-05-13,2026-05-13,2026-05-13,835,completed,,
PO-0004075,PKG-06,PROD-VD-500,2026-05-13,2026-05-13,2026-05-13,870,completed,,
PO-0004076,PKG-06,PROD-DM-300,2026-05-13,2026-05-13,2026-05-13,559,completed,,
PO-0004077,PKG-06,PROD-DM-300,2026-05-13,2026-05-13,2026-05-13,851,completed,,
PO-0004078,PKG-01,PROD-DM-300,2026-05-14,2026-05-14,2026-05-14,1155,completed,,
PO-0004079,PKG-01,PROD-DM-300,2026-05-14,2026-05-14,2026-05-14,778,completed,,
PO-0004080,PKG-01,PROD-DM-300,2026-05-14,2026-05-14,2026-05-14,867,completed,,
PO-0004081,PKG-01,PROD-DM-300,2026-05-14,2026-05-14,2026-05-14,1392,completed,,
PO-0004082,PKG-01,PROD-HS-100,2026-05-14,2026-05-14,2026-05-14,912,completed,,
PO-0004083,PKG-01,PROD-DM-300,2026-05-14,2026-05-14,2026-05-14,975,completed,,
PO-0004084,PKG-01,PROD-DM-300,2026-05-14,2026-05-14,2026-05-14,1275,completed,,
PO-0004085,PKG-01,PROD-HS-100,2026-05-14,2026-05-14,2026-05-14,947,completed,,
PO-0004086,PKG-01,PROD-DM-300,2026-05-14,2026-05-14,2026-05-14,890,completed,,
PO-0004087,PKG-01,PROD-DM-300,2026-05-14,2026-05-14,2026-05-14,1273,completed,,
PO-0004088,PKG-01,PROD-HS-100,2026-05-14,2026-05-14,2026-05-14,847,completed,,
PO-0004089,PKG-01,PROD-AS-200,2026-05-14,2026-05-14,2026-05-14,807,completed,,
PO-0004090,PKG-01,PROD-DM-300,2026-05-14,2026-05-14,2026-05-14,1396,completed,,
PO-0004091,PKG-01,PROD-HS-110,2026-05-14,2026-05-14,2026-05-14,1400,completed,,
PO-0004092,PKG-01,PROD-DM-300,2026-05-14,2026-05-14,2026-05-14,1038,completed,,
PO-0004093,PKG-01,PROD-DM-300,2026-05-14,2026-05-14,2026-05-14,827,completed,,
PO-0004094,PKG-01,PROD-DM-300,2026-05-14,2026-05-14,2026-05-14,1379,completed,,
PO-0004095,PKG-02,PROD-HS-100,2026-05-14,2026-05-14,2026-05-14,705,completed,,
PO-0004096,PKG-02,PROD-HS-100,2026-05-14,2026-05-14,2026-05-14,1296,completed,,
PO-0004097,PKG-02,PROD-AS-200,2026-05-14,2026-05-14,2026-05-14,817,completed,,
PO-0004098,PKG-02,PROD-HS-100,2026-05-14,2026-05-14,2026-05-14,1204,completed,,
PO-0004099,PKG-02,PROD-AS-200,2026-05-14,2026-05-14,2026-05-14,1070,completed,,
PO-0004100,PKG-02,PROD-HS-100,2026-05-14,2026-05-14,2026-05-14,710,completed,,
PO-0004101,PKG-02,PROD-HS-100,2026-05-14,2026-05-14,2026-05-14,1069,completed,,
PO-0004102,PKG-02,PROD-HS-100,2026-05-14,2026-05-14,2026-05-14,1091,completed,,
PO-0004103,PKG-02,PROD-HS-100,2026-05-14,2026-05-14,2026-05-14,1369,completed,,
PO-0004104,PKG-02,PROD-HS-110,2026-05-14,2026-05-14,2026-05-14,1339,completed,,
PO-0004105,PKG-02,PROD-HS-100,2026-05-14,2026-05-14,2026-05-14,920,completed,,
PO-0004106,PKG-02,PROD-HS-110,2026-05-14,2026-05-14,2026-05-14,1276,completed,,
PO-0004107,PKG-02,PROD-HS-100,2026-05-14,2026-05-14,2026-05-14,746,completed,,
PO-0004108,PKG-02,PROD-HS-110,2026-05-14,2026-05-14,2026-05-14,747,completed,,
PO-0004109,PKG-02,PROD-HS-100,2026-05-14,2026-05-14,2026-05-14,917,completed,,
PO-0004110,PKG-03,PROD-HS-110,2026-05-14,2026-05-14,2026-05-14,728,completed,,
PO-0004111,PKG-03,PROD-HS-110,2026-05-14,2026-05-14,2026-05-14,689,completed,,
PO-0004112,PKG-03,PROD-HS-100,2026-05-14,2026-05-14,2026-05-14,783,completed,,
PO-0004113,PKG-03,PROD-HS-100,2026-05-14,2026-05-14,2026-05-14,713,completed,,
PO-0004114,PKG-03,PROD-HS-100,2026-05-14,2026-05-14,2026-05-14,846,completed,,
PO-0004115,PKG-03,PROD-HS-110,2026-05-14,2026-05-14,2026-05-14,870,completed,,
PO-0004116,PKG-03,PROD-HS-110,2026-05-14,2026-05-14,2026-05-14,1202,completed,,
PO-0004117,PKG-03,PROD-LB-400,2026-05-14,2026-05-14,2026-05-14,671,completed,,
PO-0004118,PKG-04,PROD-VD-500,2026-05-14,2026-05-14,2026-05-14,410,completed,,
PO-0004119,PKG-04,PROD-VD-500,2026-05-14,2026-05-14,2026-05-14,860,completed,,
PO-0004120,PKG-04,PROD-VD-500,2026-05-14,2026-05-14,2026-05-14,575,completed,,
PO-0004121,PKG-04,PROD-VD-500,2026-05-14,2026-05-14,2026-05-14,633,completed,,
PO-0004122,PKG-04,PROD-VD-500,2026-05-14,2026-05-14,2026-05-14,549,completed,,
PO-0004123,PKG-04,PROD-DM-300,2026-05-14,2026-05-14,2026-05-14,657,completed,,
PO-0004124,PKG-04,PROD-DM-300,2026-05-14,2026-05-14,2026-05-14,435,completed,,
PO-0004125,PKG-05,PROD-LB-400,2026-05-14,2026-05-14,2026-05-14,864,completed,,
PO-0004126,PKG-05,PROD-AS-200,2026-05-14,2026-05-14,2026-05-14,956,completed,,
PO-0004127,PKG-05,PROD-HS-110,2026-05-14,2026-05-14,2026-05-14,807,completed,,
PO-0004128,PKG-05,PROD-LB-400,2026-05-14,2026-05-14,2026-05-14,532,completed,,
PO-0004129,PKG-05,PROD-LB-400,2026-05-14,2026-05-14,2026-05-14,774,completed,,
PO-0004130,PKG-05,PROD-LB-400,2026-05-14,2026-05-14,2026-05-14,805,completed,,
PO-0004131,PKG-05,PROD-HS-110,2026-05-14,2026-05-14,2026-05-14,528,completed,,
PO-0004132,PKG-05,PROD-VD-500,2026-05-14,2026-05-14,2026-05-14,733,completed,,
PO-0004133,PKG-06,PROD-DM-300,2026-05-14,2026-05-14,2026-05-14,704,completed,,
PO-0004134,PKG-06,PROD-DM-300,2026-05-14,2026-05-14,2026-05-14,834,completed,,
PO-0004135,PKG-06,PROD-DM-300,2026-05-14,2026-05-14,2026-05-14,683,completed,,
PO-0004136,PKG-06,PROD-DM-300,2026-05-14,2026-05-14,2026-05-14,807,completed,,
PO-0004137,PKG-06,PROD-DM-300,2026-05-14,2026-05-14,2026-05-14,1080,completed,,
PO-0004138,PKG-06,PROD-VD-500,2026-05-14,2026-05-14,2026-05-14,917,completed,,
PO-0004139,PKG-06,PROD-LB-400,2026-05-14,2026-05-14,2026-05-14,1056,completed,,
PO-0004140,PKG-06,PROD-DM-300,2026-05-14,2026-05-14,2026-05-14,727,completed,,
PO-0004141,PKG-06,PROD-HS-100,2026-05-14,2026-05-14,2026-05-14,836,completed,,
PO-0004142,PKG-01,PROD-VD-500,2026-05-15,2026-05-15,2026-05-15,955,completed,,
PO-0004143,PKG-01,PROD-DM-300,2026-05-15,2026-05-15,2026-05-15,899,completed,,
PO-0004144,PKG-01,PROD-DM-300,2026-05-15,2026-05-15,2026-05-15,1084,completed,,
PO-0004145,PKG-01,PROD-HS-100,2026-05-15,2026-05-15,2026-05-15,1442,completed,,
PO-0004146,PKG-01,PROD-DM-300,2026-05-15,2026-05-15,2026-05-15,1323,completed,,
PO-0004147,PKG-01,PROD-DM-300,2026-05-15,2026-05-15,2026-05-15,863,completed,,
PO-0004148,PKG-01,PROD-HS-100,2026-05-15,2026-05-15,2026-05-15,936,completed,,
PO-0004149,PKG-01,PROD-DM-300,2026-05-15,2026-05-15,2026-05-15,1112,completed,,
PO-0004150,PKG-01,PROD-DM-300,2026-05-15,2026-05-15,2026-05-15,1035,completed,,
PO-0004151,PKG-01,PROD-DM-300,2026-05-15,2026-05-15,2026-05-15,1231,completed,,
PO-0004152,PKG-01,PROD-DM-300,2026-05-15,2026-05-15,2026-05-15,808,completed,,
PO-0004153,PKG-01,PROD-HS-100,2026-05-15,2026-05-15,2026-05-15,896,completed,,
PO-0004154,PKG-01,PROD-DM-300,2026-05-15,2026-05-15,2026-05-15,1479,completed,,
PO-0004155,PKG-01,PROD-DM-300,2026-05-15,2026-05-15,2026-05-15,1009,completed,,
PO-0004156,PKG-01,PROD-DM-300,2026-05-15,2026-05-15,2026-05-15,1332,completed,,
PO-0004157,PKG-01,PROD-DM-300,2026-05-15,2026-05-15,2026-05-15,875,completed,,
PO-0004158,PKG-01,PROD-DM-300,2026-05-15,2026-05-15,2026-05-15,1240,completed,,
PO-0004159,PKG-01,PROD-DM-300,2026-05-15,2026-05-15,2026-05-15,821,completed,,
PO-0004160,PKG-02,PROD-AS-200,2026-05-15,2026-05-15,2026-05-15,852,completed,,
PO-0004161,PKG-02,PROD-HS-100,2026-05-15,2026-05-15,2026-05-15,1295,completed,,
PO-0004162,PKG-02,PROD-HS-110,2026-05-15,2026-05-15,2026-05-15,1180,completed,,
PO-0004163,PKG-02,PROD-HS-100,2026-05-15,2026-05-15,2026-05-15,768,completed,,
PO-0004164,PKG-02,PROD-HS-100,2026-05-15,2026-05-15,2026-05-15,1130,completed,,
PO-0004165,PKG-02,PROD-LB-400,2026-05-15,2026-05-15,2026-05-15,1396,completed,,
PO-0004166,PKG-02,PROD-HS-110,2026-05-15,2026-05-15,2026-05-15,807,completed,,
PO-0004167,PKG-02,PROD-AS-200,2026-05-15,2026-05-15,2026-05-15,649,completed,,
PO-0004168,PKG-02,PROD-HS-100,2026-05-15,2026-05-15,2026-05-15,1318,completed,,
PO-0004169,PKG-02,PROD-HS-100,2026-05-15,2026-05-15,2026-05-15,1293,completed,,
PO-0004170,PKG-02,PROD-HS-100,2026-05-15,2026-05-15,2026-05-15,1230,completed,,
PO-0004171,PKG-02,PROD-HS-110,2026-05-15,2026-05-15,2026-05-15,1207,completed,,
PO-0004172,PKG-02,PROD-AS-200,2026-05-15,2026-05-15,2026-05-15,961,completed,,
PO-0004173,PKG-02,PROD-HS-100,2026-05-15,2026-05-15,2026-05-15,1166,completed,,
PO-0004174,PKG-02,PROD-HS-100,2026-05-15,2026-05-15,2026-05-15,1447,completed,,
PO-0004175,PKG-03,PROD-HS-110,2026-05-15,2026-05-15,2026-05-15,872,completed,,
PO-0004176,PKG-03,PROD-HS-110,2026-05-15,2026-05-15,2026-05-15,1206,completed,,
PO-0004177,PKG-03,PROD-HS-110,2026-05-15,2026-05-15,2026-05-15,1017,completed,,
PO-0004178,PKG-03,PROD-VD-500,2026-05-15,2026-05-15,2026-05-15,1037,completed,,
PO-0004179,PKG-03,PROD-HS-100,2026-05-15,2026-05-15,2026-05-15,789,completed,,
PO-0004180,PKG-03,PROD-HS-100,2026-05-15,2026-05-15,2026-05-15,1093,completed,,
PO-0004181,PKG-03,PROD-HS-100,2026-05-15,2026-05-15,2026-05-15,1136,completed,,
PO-0004182,PKG-03,PROD-LB-400,2026-05-15,2026-05-15,2026-05-15,1167,completed,,
PO-0004183,PKG-04,PROD-VD-500,2026-05-15,2026-05-15,2026-05-15,818,completed,,
PO-0004184,PKG-04,PROD-VD-500,2026-05-15,2026-05-15,2026-05-15,483,completed,,
PO-0004185,PKG-04,PROD-VD-500,2026-05-15,2026-05-15,2026-05-15,711,completed,,
PO-0004186,PKG-04,PROD-LB-400,2026-05-15,2026-05-15,2026-05-15,820,completed,,
PO-0004187,PKG-04,PROD-VD-500,2026-05-15,2026-05-15,2026-05-15,476,completed,,
PO-0004188,PKG-04,PROD-VD-500,2026-05-15,2026-05-15,2026-05-15,627,completed,,
PO-0004189,PKG-04,PROD-VD-500,2026-05-15,2026-05-15,2026-05-15,522,completed,,
PO-0004190,PKG-05,PROD-LB-400,2026-05-15,2026-05-15,2026-05-15,781,completed,,
PO-0004191,PKG-05,PROD-HS-110,2026-05-15,2026-05-15,2026-05-15,485,completed,,
PO-0004192,PKG-05,PROD-HS-110,2026-05-15,2026-05-15,2026-05-15,632,completed,,
PO-0004193,PKG-05,PROD-AS-200,2026-05-15,2026-05-15,2026-05-15,470,completed,,
PO-0004194,PKG-05,PROD-AS-200,2026-05-15,2026-05-15,2026-05-15,927,completed,,
PO-0004195,PKG-05,PROD-HS-100,2026-05-15,2026-05-15,2026-05-15,769,completed,,
PO-0004196,PKG-05,PROD-LB-400,2026-05-15,2026-05-15,2026-05-15,503,completed,,
PO-0004197,PKG-05,PROD-HS-100,2026-05-15,2026-05-15,2026-05-15,531,completed,,
PO-0004198,PKG-06,PROD-DM-300,2026-05-15,2026-05-15,2026-05-15,925,completed,,
PO-0004199,PKG-06,PROD-HS-110,2026-05-15,2026-05-15,2026-05-15,754,completed,,
PO-0004200,PKG-06,PROD-DM-300,2026-05-15,2026-05-15,2026-05-15,580,completed,,
PO-0004201,PKG-06,PROD-DM-300,2026-05-15,2026-05-15,2026-05-15,619,completed,,
PO-0004202,PKG-06,PROD-DM-300,2026-05-15,2026-05-15,2026-05-15,602,completed,,
PO-0004203,PKG-06,PROD-DM-300,2026-05-15,2026-05-15,2026-05-15,756,completed,,
PO-0004204,PKG-06,PROD-DM-300,2026-05-15,2026-05-15,2026-05-15,1086,completed,,
PO-0004205,PKG-06,PROD-DM-300,2026-05-15,2026-05-15,2026-05-15,709,completed,,
PO-0004206,PKG-06,PROD-HS-100,2026-05-15,2026-05-15,2026-05-15,741,completed,,
PO-0004207,PKG-01,PROD-DM-300,2026-05-16,2026-05-16,2026-05-16,1395,completed,,
PO-0004208,PKG-01,PROD-DM-300,2026-05-16,2026-05-16,2026-05-16,925,completed,,
PO-0004209,PKG-01,PROD-VD-500,2026-05-16,2026-05-16,2026-05-16,1148,completed,,
PO-0004210,PKG-01,PROD-DM-300,2026-05-16,2026-05-16,2026-05-16,928,completed,,
PO-0004211,PKG-01,PROD-DM-300,2026-05-16,2026-05-16,2026-05-16,812,completed,,
PO-0004212,PKG-01,PROD-DM-300,2026-05-16,2026-05-16,2026-05-16,1480,completed,,
PO-0004213,PKG-01,PROD-DM-300,2026-05-16,2026-05-16,2026-05-16,1258,completed,,
PO-0004214,PKG-01,PROD-HS-110,2026-05-16,2026-05-16,2026-05-16,1000,completed,,
PO-0004215,PKG-01,PROD-LB-400,2026-05-16,2026-05-16,2026-05-16,905,completed,,
PO-0004216,PKG-01,PROD-DM-300,2026-05-16,2026-05-16,2026-05-16,1049,completed,,
PO-0004217,PKG-01,PROD-DM-300,2026-05-16,2026-05-16,2026-05-16,788,completed,,
PO-0004218,PKG-01,PROD-VD-500,2026-05-16,2026-05-16,2026-05-16,1427,completed,,
PO-0004219,PKG-01,PROD-DM-300,2026-05-16,2026-05-16,2026-05-16,883,completed,,
PO-0004220,PKG-01,PROD-DM-300,2026-05-16,2026-05-16,2026-05-16,881,completed,,
PO-0004221,PKG-01,PROD-HS-100,2026-05-16,2026-05-16,2026-05-16,752,completed,,
PO-0004222,PKG-01,PROD-DM-300,2026-05-16,2026-05-16,2026-05-16,920,completed,,
PO-0004223,PKG-01,PROD-DM-300,2026-05-16,2026-05-16,2026-05-16,1223,completed,,
PO-0004224,PKG-01,PROD-LB-400,2026-05-16,2026-05-16,2026-05-16,1283,completed,,
PO-0004225,PKG-02,PROD-HS-100,2026-05-16,2026-05-16,2026-05-16,1265,completed,,
PO-0004226,PKG-02,PROD-HS-100,2026-05-16,2026-05-16,2026-05-16,1149,completed,,
PO-0004227,PKG-02,PROD-AS-200,2026-05-16,2026-05-16,2026-05-16,748,completed,,
PO-0004228,PKG-02,PROD-HS-100,2026-05-16,2026-05-16,2026-05-16,743,completed,,
PO-0004229,PKG-02,PROD-HS-110,2026-05-16,2026-05-16,2026-05-16,1079,completed,,
PO-0004230,PKG-02,PROD-HS-100,2026-05-16,2026-05-16,2026-05-16,759,completed,,
PO-0004231,PKG-02,PROD-HS-100,2026-05-16,2026-05-16,2026-05-16,949,completed,,
PO-0004232,PKG-02,PROD-AS-200,2026-05-16,2026-05-16,2026-05-16,1227,completed,,
PO-0004233,PKG-02,PROD-HS-100,2026-05-16,2026-05-16,2026-05-16,1235,completed,,
PO-0004234,PKG-02,PROD-HS-110,2026-05-16,2026-05-16,2026-05-16,1004,completed,,
PO-0004235,PKG-02,PROD-HS-110,2026-05-16,2026-05-16,2026-05-16,1240,completed,,
PO-0004236,PKG-02,PROD-HS-110,2026-05-16,2026-05-16,2026-05-16,1345,completed,,
PO-0004237,PKG-02,PROD-HS-110,2026-05-16,2026-05-16,2026-05-16,1052,completed,,
PO-0004238,PKG-02,PROD-HS-100,2026-05-16,2026-05-16,2026-05-16,1372,completed,,
PO-0004239,PKG-02,PROD-AS-200,2026-05-16,2026-05-16,2026-05-16,776,completed,,
PO-0004240,PKG-02,PROD-HS-100,2026-05-16,2026-05-16,2026-05-16,616,completed,,
PO-0004241,PKG-03,PROD-HS-100,2026-05-16,2026-05-16,2026-05-16,731,completed,,
PO-0004242,PKG-03,PROD-HS-100,2026-05-16,2026-05-16,2026-05-16,698,completed,,
PO-0004243,PKG-03,PROD-HS-100,2026-05-16,2026-05-16,2026-05-16,863,completed,,
PO-0004244,PKG-03,PROD-LB-400,2026-05-16,2026-05-16,2026-05-16,931,completed,,
PO-0004245,PKG-03,PROD-AS-200,2026-05-16,2026-05-16,2026-05-16,767,completed,,
PO-0004246,PKG-03,PROD-LB-400,2026-05-16,2026-05-16,2026-05-16,1050,completed,,
PO-0004247,PKG-03,PROD-HS-100,2026-05-16,2026-05-16,2026-05-16,1067,completed,,
PO-0004248,PKG-03,PROD-HS-110,2026-05-16,2026-05-16,2026-05-16,1225,completed,,
PO-0004249,PKG-04,PROD-VD-500,2026-05-16,2026-05-16,2026-05-16,697,completed,,
PO-0004250,PKG-04,PROD-LB-400,2026-05-16,2026-05-16,2026-05-16,622,completed,,
PO-0004251,PKG-04,PROD-VD-500,2026-05-16,2026-05-16,2026-05-16,752,completed,,
PO-0004252,PKG-04,PROD-VD-500,2026-05-16,2026-05-16,2026-05-16,881,completed,,
PO-0004253,PKG-04,PROD-VD-500,2026-05-16,2026-05-16,2026-05-16,904,completed,,
PO-0004254,PKG-04,PROD-HS-100,2026-05-16,2026-05-16,2026-05-16,696,completed,,
PO-0004255,PKG-04,PROD-VD-500,2026-05-16,2026-05-16,2026-05-16,748,completed,,
PO-0004256,PKG-05,PROD-HS-100,2026-05-16,2026-05-16,2026-05-16,792,completed,,
PO-0004257,PKG-05,PROD-HS-110,2026-05-16,2026-05-16,2026-05-16,443,completed,,
PO-0004258,PKG-05,PROD-VD-500,2026-05-16,2026-05-16,2026-05-16,773,completed,,
PO-0004259,PKG-05,PROD-HS-110,2026-05-16,2026-05-16,2026-05-16,605,completed,,
PO-0004260,PKG-05,PROD-HS-100,2026-05-16,2026-05-16,2026-05-16,527,completed,,
PO-0004261,PKG-05,PROD-AS-200,2026-05-16,2026-05-16,2026-05-16,438,completed,,
PO-0004262,PKG-05,PROD-VD-500,2026-05-16,2026-05-16,2026-05-16,775,completed,,
PO-0004263,PKG-05,PROD-HS-100,2026-05-16,2026-05-16,2026-05-16,634,completed,,
PO-0004264,PKG-06,PROD-DM-300,2026-05-16,2026-05-16,2026-05-16,712,completed,,
PO-0004265,PKG-06,PROD-LB-400,2026-05-16,2026-05-16,2026-05-16,597,completed,,
PO-0004266,PKG-06,PROD-DM-300,2026-05-16,2026-05-16,2026-05-16,803,completed,,
PO-0004267,PKG-06,PROD-DM-300,2026-05-16,2026-05-16,2026-05-16,761,completed,,
PO-0004268,PKG-06,PROD-HS-110,2026-05-16,2026-05-16,2026-05-16,924,completed,,
PO-0004269,PKG-06,PROD-VD-500,2026-05-16,2026-05-16,2026-05-16,672,completed,,
PO-0004270,PKG-06,PROD-DM-300,2026-05-16,2026-05-16,2026-05-16,1017,completed,,
PO-0004271,PKG-06,PROD-HS-110,2026-05-16,2026-05-16,2026-05-16,789,completed,,
PO-0004272,PKG-06,PROD-VD-500,2026-05-16,2026-05-16,2026-05-16,1082,completed,,
PO-0004273,PKG-01,PROD-DM-300,2026-05-18,2026-05-18,2026-05-18,1467,completed,,
PO-0004274,PKG-01,PROD-HS-110,2026-05-18,2026-05-18,2026-05-18,1173,completed,,
PO-0004275,PKG-01,PROD-DM-300,2026-05-18,2026-05-18,2026-05-18,967,completed,,
PO-0004276,PKG-01,PROD-AS-200,2026-05-18,2026-05-18,2026-05-18,923,completed,,
PO-0004277,PKG-01,PROD-LB-400,2026-05-18,2026-05-18,2026-05-18,1184,completed,,
PO-0004278,PKG-01,PROD-DM-300,2026-05-18,2026-05-18,2026-05-18,1367,completed,,
PO-0004279,PKG-01,PROD-DM-300,2026-05-18,2026-05-18,2026-05-18,1254,completed,,
PO-0004280,PKG-01,PROD-DM-300,2026-05-18,2026-05-18,2026-05-18,1105,completed,,
PO-0004281,PKG-01,PROD-DM-300,2026-05-18,2026-05-18,2026-05-18,1604,completed,,
PO-0004282,PKG-01,PROD-DM-300,2026-05-18,2026-05-18,2026-05-18,1265,completed,,
PO-0004283,PKG-01,PROD-VD-500,2026-05-18,2026-05-18,2026-05-18,1305,completed,,
PO-0004284,PKG-01,PROD-DM-300,2026-05-18,2026-05-18,2026-05-18,864,completed,,
PO-0004285,PKG-01,PROD-AS-200,2026-05-18,2026-05-18,2026-05-18,1092,completed,,
PO-0004286,PKG-01,PROD-DM-300,2026-05-18,2026-05-18,2026-05-18,1221,completed,,
PO-0004287,PKG-01,PROD-DM-300,2026-05-18,2026-05-18,2026-05-18,873,completed,,
PO-0004288,PKG-01,PROD-HS-100,2026-05-18,2026-05-18,2026-05-18,1408,completed,,
PO-0004289,PKG-01,PROD-DM-300,2026-05-18,2026-05-18,2026-05-18,733,completed,,
PO-0004290,PKG-02,PROD-HS-110,2026-05-18,2026-05-18,2026-05-18,1398,completed,,
PO-0004291,PKG-02,PROD-HS-100,2026-05-18,2026-05-18,2026-05-18,1419,completed,,
PO-0004292,PKG-02,PROD-HS-110,2026-05-18,2026-05-18,2026-05-18,998,completed,,
PO-0004293,PKG-02,PROD-HS-100,2026-05-18,2026-05-18,2026-05-18,694,completed,,
PO-0004294,PKG-02,PROD-HS-110,2026-05-18,2026-05-18,2026-05-18,1032,completed,,
PO-0004295,PKG-02,PROD-HS-110,2026-05-18,2026-05-18,2026-05-18,970,completed,,
PO-0004296,PKG-02,PROD-HS-100,2026-05-18,2026-05-18,2026-05-18,1227,completed,,
PO-0004297,PKG-02,PROD-HS-100,2026-05-18,2026-05-18,2026-05-18,1101,completed,,
PO-0004298,PKG-02,PROD-HS-100,2026-05-18,2026-05-18,2026-05-18,641,completed,,
PO-0004299,PKG-02,PROD-HS-100,2026-05-18,2026-05-18,2026-05-18,958,completed,,
PO-0004300,PKG-02,PROD-AS-200,2026-05-18,2026-05-18,2026-05-18,765,completed,,
PO-0004301,PKG-02,PROD-LB-400,2026-05-18,2026-05-18,2026-05-18,703,completed,,
PO-0004302,PKG-02,PROD-HS-110,2026-05-18,2026-05-18,2026-05-18,909,completed,,
PO-0004303,PKG-02,PROD-HS-100,2026-05-18,2026-05-18,2026-05-18,1351,completed,,
PO-0004304,PKG-02,PROD-HS-100,2026-05-18,2026-05-18,2026-05-18,1291,completed,,
PO-0004305,PKG-03,PROD-HS-100,2026-05-18,2026-05-18,2026-05-18,690,completed,,
PO-0004306,PKG-03,PROD-LB-400,2026-05-18,2026-05-18,2026-05-18,679,completed,,
PO-0004307,PKG-03,PROD-LB-400,2026-05-18,2026-05-18,2026-05-18,1063,completed,,
PO-0004308,PKG-03,PROD-LB-400,2026-05-18,2026-05-18,2026-05-18,515,completed,,
PO-0004309,PKG-03,PROD-HS-110,2026-05-18,2026-05-18,2026-05-18,816,completed,,
PO-0004310,PKG-03,PROD-HS-100,2026-05-18,2026-05-18,2026-05-18,901,completed,,
PO-0004311,PKG-03,PROD-HS-110,2026-05-18,2026-05-18,2026-05-18,601,completed,,
PO-0004312,PKG-03,PROD-HS-100,2026-05-18,2026-05-18,2026-05-18,1103,completed,,
PO-0004313,PKG-03,PROD-AS-200,2026-05-18,2026-05-18,2026-05-18,829,completed,,
PO-0004314,PKG-04,PROD-VD-500,2026-05-18,2026-05-18,2026-05-18,487,completed,,
PO-0004315,PKG-04,PROD-VD-500,2026-05-18,2026-05-18,2026-05-18,836,completed,,
PO-0004316,PKG-04,PROD-VD-500,2026-05-18,2026-05-18,2026-05-18,765,completed,,
PO-0004317,PKG-04,PROD-VD-500,2026-05-18,2026-05-18,2026-05-18,612,completed,,
PO-0004318,PKG-04,PROD-VD-500,2026-05-18,2026-05-18,2026-05-18,397,completed,,
PO-0004319,PKG-04,PROD-VD-500,2026-05-18,2026-05-18,2026-05-18,908,completed,,
PO-0004320,PKG-04,PROD-VD-500,2026-05-18,2026-05-18,2026-05-18,674,completed,,
PO-0004321,PKG-05,PROD-LB-400,2026-05-18,2026-05-18,2026-05-18,487,completed,,
PO-0004322,PKG-05,PROD-AS-200,2026-05-18,2026-05-18,2026-05-18,865,completed,,
PO-0004323,PKG-05,PROD-AS-200,2026-05-18,2026-05-18,2026-05-18,665,completed,,
PO-0004324,PKG-05,PROD-AS-200,2026-05-18,2026-05-18,2026-05-18,473,completed,,
PO-0004325,PKG-05,PROD-HS-100,2026-05-18,2026-05-18,2026-05-18,958,completed,,
PO-0004326,PKG-05,PROD-HS-100,2026-05-18,2026-05-18,2026-05-18,451,completed,,
PO-0004327,PKG-05,PROD-HS-110,2026-05-18,2026-05-18,2026-05-18,678,completed,,
PO-0004328,PKG-05,PROD-HS-110,2026-05-18,2026-05-18,2026-05-18,713,completed,,
PO-0004329,PKG-06,PROD-HS-110,2026-05-18,2026-05-18,2026-05-18,1039,completed,,
PO-0004330,PKG-06,PROD-LB-400,2026-05-18,2026-05-18,2026-05-18,1127,completed,,
PO-0004331,PKG-06,PROD-AS-200,2026-05-18,2026-05-18,2026-05-18,752,completed,,
PO-0004332,PKG-06,PROD-DM-300,2026-05-18,2026-05-18,2026-05-18,926,completed,,
PO-0004333,PKG-06,PROD-DM-300,2026-05-18,2026-05-18,2026-05-18,802,completed,,
PO-0004334,PKG-06,PROD-DM-300,2026-05-18,2026-05-18,2026-05-18,909,completed,,
PO-0004335,PKG-06,PROD-DM-300,2026-05-18,2026-05-18,2026-05-18,752,completed,,
PO-0004336,PKG-06,PROD-HS-110,2026-05-18,2026-05-18,2026-05-18,1073,completed,,
PO-0004337,PKG-06,PROD-DM-300,2026-05-18,2026-05-18,2026-05-18,575,completed,,
PO-0004338,PKG-01,PROD-DM-300,2026-05-19,2026-05-19,2026-05-19,722,completed,,
PO-0004339,PKG-01,PROD-DM-300,2026-05-19,2026-05-19,2026-05-19,1178,completed,,
PO-0004340,PKG-01,PROD-LB-400,2026-05-19,2026-05-19,2026-05-19,1359,completed,,
PO-0004341,PKG-01,PROD-DM-300,2026-05-19,2026-05-19,2026-05-19,853,completed,,
PO-0004342,PKG-01,PROD-DM-300,2026-05-19,2026-05-19,2026-05-19,1067,completed,,
PO-0004343,PKG-01,PROD-HS-100,2026-05-19,2026-05-19,2026-05-19,1368,completed,,
PO-0004344,PKG-01,PROD-DM-300,2026-05-19,2026-05-19,2026-05-19,1022,completed,,
PO-0004345,PKG-01,PROD-DM-300,2026-05-19,2026-05-19,2026-05-19,1269,completed,,
PO-0004346,PKG-01,PROD-DM-300,2026-05-19,2026-05-19,2026-05-19,1541,completed,,
PO-0004347,PKG-01,PROD-DM-300,2026-05-19,2026-05-19,2026-05-19,1451,completed,,
PO-0004348,PKG-01,PROD-AS-200,2026-05-19,2026-05-19,2026-05-19,1201,completed,,
PO-0004349,PKG-01,PROD-VD-500,2026-05-19,2026-05-19,2026-05-19,840,completed,,
PO-0004350,PKG-01,PROD-DM-300,2026-05-19,2026-05-19,2026-05-19,1493,completed,,
PO-0004351,PKG-01,PROD-VD-500,2026-05-19,2026-05-19,2026-05-19,1151,completed,,
PO-0004352,PKG-01,PROD-DM-300,2026-05-19,2026-05-19,2026-05-19,751,completed,,
PO-0004353,PKG-01,PROD-DM-300,2026-05-19,2026-05-19,2026-05-19,1280,completed,,
PO-0004354,PKG-01,PROD-DM-300,2026-05-19,2026-05-19,2026-05-19,706,completed,,
PO-0004355,PKG-02,PROD-LB-400,2026-05-19,2026-05-19,2026-05-19,1006,completed,,
PO-0004356,PKG-02,PROD-AS-200,2026-05-19,2026-05-19,2026-05-19,1134,completed,,
PO-0004357,PKG-02,PROD-LB-400,2026-05-19,2026-05-19,2026-05-19,1407,completed,,
PO-0004358,PKG-02,PROD-HS-110,2026-05-19,2026-05-19,2026-05-19,890,completed,,
PO-0004359,PKG-02,PROD-AS-200,2026-05-19,2026-05-19,2026-05-19,1248,completed,,
PO-0004360,PKG-02,PROD-HS-110,2026-05-19,2026-05-19,2026-05-19,663,completed,,
PO-0004361,PKG-02,PROD-HS-100,2026-05-19,2026-05-19,2026-05-19,971,completed,,
PO-0004362,PKG-02,PROD-HS-100,2026-05-19,2026-05-19,2026-05-19,814,completed,,
PO-0004363,PKG-02,PROD-AS-200,2026-05-19,2026-05-19,2026-05-19,1237,completed,,
PO-0004364,PKG-02,PROD-HS-100,2026-05-19,2026-05-19,2026-05-19,971,completed,,
PO-0004365,PKG-02,PROD-HS-100,2026-05-19,2026-05-19,2026-05-19,1435,completed,,
PO-0004366,PKG-02,PROD-HS-100,2026-05-19,2026-05-19,2026-05-19,661,completed,,
PO-0004367,PKG-02,PROD-HS-100,2026-05-19,2026-05-19,2026-05-19,955,completed,,
PO-0004368,PKG-02,PROD-HS-100,2026-05-19,2026-05-19,2026-05-19,1331,completed,,
PO-0004369,PKG-02,PROD-HS-100,2026-05-19,2026-05-19,2026-05-19,1369,completed,,
PO-0004370,PKG-03,PROD-HS-100,2026-05-19,2026-05-19,2026-05-19,688,completed,,
PO-0004371,PKG-03,PROD-LB-400,2026-05-19,2026-05-19,2026-05-19,632,completed,,
PO-0004372,PKG-03,PROD-AS-200,2026-05-19,2026-05-19,2026-05-19,1093,completed,,
PO-0004373,PKG-03,PROD-LB-400,2026-05-19,2026-05-19,2026-05-19,875,completed,,
PO-0004374,PKG-03,PROD-LB-400,2026-05-19,2026-05-19,2026-05-19,1031,completed,,
PO-0004375,PKG-03,PROD-LB-400,2026-05-19,2026-05-19,2026-05-19,531,completed,,
PO-0004376,PKG-03,PROD-DM-300,2026-05-19,2026-05-19,2026-05-19,504,completed,,
PO-0004377,PKG-03,PROD-LB-400,2026-05-19,2026-05-19,2026-05-19,847,completed,,
PO-0004378,PKG-03,PROD-LB-400,2026-05-19,2026-05-19,2026-05-19,1101,completed,,
PO-0004379,PKG-04,PROD-VD-500,2026-05-19,2026-05-19,2026-05-19,443,completed,,
PO-0004380,PKG-04,PROD-VD-500,2026-05-19,2026-05-19,2026-05-19,769,completed,,
PO-0004381,PKG-04,PROD-VD-500,2026-05-19,2026-05-19,2026-05-19,419,completed,,
PO-0004382,PKG-04,PROD-DM-300,2026-05-19,2026-05-19,2026-05-19,682,completed,,
PO-0004383,PKG-04,PROD-VD-500,2026-05-19,2026-05-19,2026-05-19,560,completed,,
PO-0004384,PKG-04,PROD-VD-500,2026-05-19,2026-05-19,2026-05-19,532,completed,,
PO-0004385,PKG-04,PROD-VD-500,2026-05-19,2026-05-19,2026-05-19,765,completed,,
PO-0004386,PKG-05,PROD-AS-200,2026-05-19,2026-05-19,2026-05-19,684,completed,,
PO-0004387,PKG-05,PROD-AS-200,2026-05-19,2026-05-19,2026-05-19,882,completed,,
PO-0004388,PKG-05,PROD-AS-200,2026-05-19,2026-05-19,2026-05-19,550,completed,,
PO-0004389,PKG-05,PROD-AS-200,2026-05-19,2026-05-19,2026-05-19,507,completed,,
PO-0004390,PKG-05,PROD-VD-500,2026-05-19,2026-05-19,2026-05-19,750,completed,,
PO-0004391,PKG-05,PROD-HS-100,2026-05-19,2026-05-19,2026-05-19,668,completed,,
PO-0004392,PKG-05,PROD-HS-110,2026-05-19,2026-05-19,2026-05-19,848,completed,,
PO-0004393,PKG-05,PROD-DM-300,2026-05-19,2026-05-19,2026-05-19,868,completed,,
PO-0004394,PKG-06,PROD-HS-110,2026-05-19,2026-05-19,2026-05-19,930,completed,,
PO-0004395,PKG-06,PROD-DM-300,2026-05-19,2026-05-19,2026-05-19,1109,completed,,
PO-0004396,PKG-06,PROD-DM-300,2026-05-19,2026-05-19,2026-05-19,1061,completed,,
PO-0004397,PKG-06,PROD-DM-300,2026-05-19,2026-05-19,2026-05-19,596,completed,,
PO-0004398,PKG-06,PROD-DM-300,2026-05-19,2026-05-19,2026-05-19,895,completed,,
PO-0004399,PKG-06,PROD-VD-500,2026-05-19,2026-05-19,2026-05-19,580,completed,,
PO-0004400,PKG-06,PROD-DM-300,2026-05-19,2026-05-19,2026-05-19,499,completed,,
PO-0004401,PKG-06,PROD-HS-100,2026-05-19,2026-05-19,2026-05-19,790,completed,,
PO-0004402,PKG-06,PROD-VD-500,2026-05-19,2026-05-19,2026-05-19,783,completed,,
PO-0004403,PKG-01,PROD-VD-500,2026-05-20,2026-05-20,2026-05-20,1369,completed,,
PO-0004404,PKG-01,PROD-DM-300,2026-05-20,2026-05-20,2026-05-20,727,completed,,
PO-0004405,PKG-01,PROD-DM-300,2026-05-20,2026-05-20,2026-05-20,1290,completed,,
PO-0004406,PKG-01,PROD-DM-300,2026-05-20,2026-05-20,2026-05-20,1211,completed,,
PO-0004407,PKG-01,PROD-DM-300,2026-05-20,2026-05-20,2026-05-20,948,completed,,
PO-0004408,PKG-01,PROD-DM-300,2026-05-20,2026-05-20,2026-05-20,747,completed,,
PO-0004409,PKG-01,PROD-DM-300,2026-05-20,2026-05-20,2026-05-20,757,completed,,
PO-0004410,PKG-01,PROD-AS-200,2026-05-20,2026-05-20,2026-05-20,1167,completed,,
PO-0004411,PKG-01,PROD-HS-110,2026-05-20,2026-05-20,2026-05-20,1203,completed,,
PO-0004412,PKG-01,PROD-DM-300,2026-05-20,2026-05-20,2026-05-20,1329,completed,,
PO-0004413,PKG-01,PROD-VD-500,2026-05-20,2026-05-20,2026-05-20,1422,completed,,
PO-0004414,PKG-01,PROD-DM-300,2026-05-20,2026-05-20,2026-05-20,693,completed,,
PO-0004415,PKG-01,PROD-DM-300,2026-05-20,2026-05-20,2026-05-20,1118,completed,,
PO-0004416,PKG-01,PROD-DM-300,2026-05-20,2026-05-20,2026-05-20,1458,completed,,
PO-0004417,PKG-01,PROD-DM-300,2026-05-20,2026-05-20,2026-05-20,1065,completed,,
PO-0004418,PKG-01,PROD-AS-200,2026-05-20,2026-05-20,2026-05-20,1215,completed,,
PO-0004419,PKG-01,PROD-DM-300,2026-05-20,2026-05-20,2026-05-20,1250,completed,,
PO-0004420,PKG-02,PROD-HS-100,2026-05-20,2026-05-20,2026-05-20,1232,completed,,
PO-0004421,PKG-02,PROD-HS-100,2026-05-20,2026-05-20,2026-05-20,703,completed,,
PO-0004422,PKG-02,PROD-HS-110,2026-05-20,2026-05-20,2026-05-20,1466,completed,,
PO-0004423,PKG-02,PROD-LB-400,2026-05-20,2026-05-20,2026-05-20,991,completed,,
PO-0004424,PKG-02,PROD-HS-100,2026-05-20,2026-05-20,2026-05-20,807,completed,,
PO-0004425,PKG-02,PROD-AS-200,2026-05-20,2026-05-20,2026-05-20,1369,completed,,
PO-0004426,PKG-02,PROD-HS-110,2026-05-20,2026-05-20,2026-05-20,785,completed,,
PO-0004427,PKG-02,PROD-HS-110,2026-05-20,2026-05-20,2026-05-20,979,completed,,
PO-0004428,PKG-02,PROD-HS-100,2026-05-20,2026-05-20,2026-05-20,847,completed,,
PO-0004429,PKG-02,PROD-HS-100,2026-05-20,2026-05-20,2026-05-20,858,completed,,
PO-0004430,PKG-02,PROD-LB-400,2026-05-20,2026-05-20,2026-05-20,1089,completed,,
PO-0004431,PKG-02,PROD-HS-110,2026-05-20,2026-05-20,2026-05-20,1043,completed,,
PO-0004432,PKG-02,PROD-HS-110,2026-05-20,2026-05-20,2026-05-20,1430,completed,,
PO-0004433,PKG-02,PROD-HS-100,2026-05-20,2026-05-20,2026-05-20,1452,completed,,
PO-0004434,PKG-02,PROD-LB-400,2026-05-20,2026-05-20,2026-05-20,678,completed,,
PO-0004435,PKG-03,PROD-LB-400,2026-05-20,2026-05-20,2026-05-20,688,completed,,
PO-0004436,PKG-03,PROD-LB-400,2026-05-20,2026-05-20,2026-05-20,900,completed,,
PO-0004437,PKG-03,PROD-HS-110,2026-05-20,2026-05-20,2026-05-20,1159,completed,,
PO-0004438,PKG-03,PROD-HS-110,2026-05-20,2026-05-20,2026-05-20,1109,completed,,
PO-0004439,PKG-03,PROD-AS-200,2026-05-20,2026-05-20,2026-05-20,977,completed,,
PO-0004440,PKG-03,PROD-HS-110,2026-05-20,2026-05-20,2026-05-20,1233,completed,,
PO-0004441,PKG-03,PROD-AS-200,2026-05-20,2026-05-20,2026-05-20,545,completed,,
PO-0004442,PKG-03,PROD-LB-400,2026-05-20,2026-05-20,2026-05-20,848,completed,,
PO-0004443,PKG-04,PROD-VD-500,2026-05-20,2026-05-20,2026-05-20,557,completed,,
PO-0004444,PKG-04,PROD-VD-500,2026-05-20,2026-05-20,2026-05-20,646,completed,,
PO-0004445,PKG-04,PROD-VD-500,2026-05-20,2026-05-20,2026-05-20,452,completed,,
PO-0004446,PKG-04,PROD-VD-500,2026-05-20,2026-05-20,2026-05-20,674,completed,,
PO-0004447,PKG-04,PROD-VD-500,2026-05-20,2026-05-20,2026-05-20,595,completed,,
PO-0004448,PKG-04,PROD-VD-500,2026-05-20,2026-05-20,2026-05-20,455,completed,,
PO-0004449,PKG-04,PROD-VD-500,2026-05-20,2026-05-20,2026-05-20,898,completed,,
PO-0004450,PKG-05,PROD-HS-100,2026-05-20,2026-05-20,2026-05-20,761,completed,,
PO-0004451,PKG-05,PROD-LB-400,2026-05-20,2026-05-20,2026-05-20,896,completed,,
PO-0004452,PKG-05,PROD-HS-100,2026-05-20,2026-05-20,2026-05-20,692,completed,,
PO-0004453,PKG-05,PROD-HS-110,2026-05-20,2026-05-20,2026-05-20,749,completed,,
PO-0004454,PKG-05,PROD-LB-400,2026-05-20,2026-05-20,2026-05-20,677,completed,,
PO-0004455,PKG-05,PROD-HS-110,2026-05-20,2026-05-20,2026-05-20,812,completed,,
PO-0004456,PKG-05,PROD-HS-110,2026-05-20,2026-05-20,2026-05-20,704,completed,,
PO-0004457,PKG-05,PROD-AS-200,2026-05-20,2026-05-20,2026-05-20,778,completed,,
PO-0004458,PKG-06,PROD-DM-300,2026-05-20,2026-05-20,2026-05-20,794,completed,,
PO-0004459,PKG-06,PROD-DM-300,2026-05-20,2026-05-20,2026-05-20,612,completed,,
PO-0004460,PKG-06,PROD-AS-200,2026-05-20,2026-05-20,2026-05-20,641,completed,,
PO-0004461,PKG-06,PROD-AS-200,2026-05-20,2026-05-20,2026-05-20,692,completed,,
PO-0004462,PKG-06,PROD-DM-300,2026-05-20,2026-05-20,2026-05-20,923,completed,,
PO-0004463,PKG-06,PROD-DM-300,2026-05-20,2026-05-20,2026-05-20,860,completed,,
PO-0004464,PKG-06,PROD-DM-300,2026-05-20,2026-05-20,2026-05-20,951,completed,,
PO-0004465,PKG-06,PROD-VD-500,2026-05-20,2026-05-20,2026-05-20,920,completed,,
PO-0004466,PKG-06,PROD-DM-300,2026-05-20,2026-05-20,2026-05-20,737,completed,,
PO-0004467,PKG-01,PROD-DM-300,2026-05-21,2026-05-21,2026-05-21,1098,completed,,
PO-0004468,PKG-01,PROD-DM-300,2026-05-21,2026-05-21,2026-05-21,1081,completed,,
PO-0004469,PKG-01,PROD-DM-300,2026-05-21,2026-05-21,2026-05-21,1358,completed,,
PO-0004470,PKG-01,PROD-DM-300,2026-05-21,2026-05-21,2026-05-21,1412,completed,,
PO-0004471,PKG-01,PROD-DM-300,2026-05-21,2026-05-21,2026-05-21,1293,completed,,
PO-0004472,PKG-01,PROD-DM-300,2026-05-21,2026-05-21,2026-05-21,934,completed,,
PO-0004473,PKG-01,PROD-DM-300,2026-05-21,2026-05-21,2026-05-21,1178,completed,,
PO-0004474,PKG-01,PROD-VD-500,2026-05-21,2026-05-21,2026-05-21,1575,completed,,
PO-0004475,PKG-01,PROD-DM-300,2026-05-21,2026-05-21,2026-05-21,1136,completed,,
PO-0004476,PKG-01,PROD-DM-300,2026-05-21,2026-05-21,2026-05-21,1265,completed,,
PO-0004477,PKG-01,PROD-LB-400,2026-05-21,2026-05-21,2026-05-21,1386,completed,,
PO-0004478,PKG-01,PROD-DM-300,2026-05-21,2026-05-21,2026-05-21,1109,completed,,
PO-0004479,PKG-01,PROD-DM-300,2026-05-21,2026-05-21,2026-05-21,1569,completed,,
PO-0004480,PKG-01,PROD-DM-300,2026-05-21,2026-05-21,2026-05-21,1050,completed,,
PO-0004481,PKG-01,PROD-DM-300,2026-05-21,2026-05-21,2026-05-21,1417,completed,,
PO-0004482,PKG-01,PROD-HS-100,2026-05-21,2026-05-21,2026-05-21,1485,completed,,
PO-0004483,PKG-01,PROD-DM-300,2026-05-21,2026-05-21,2026-05-21,1247,completed,,
PO-0004484,PKG-02,PROD-HS-100,2026-05-21,2026-05-21,2026-05-21,1172,completed,,
PO-0004485,PKG-02,PROD-HS-100,2026-05-21,2026-05-21,2026-05-21,748,completed,,
PO-0004486,PKG-02,PROD-LB-400,2026-05-21,2026-05-21,2026-05-21,743,completed,,
PO-0004487,PKG-02,PROD-AS-200,2026-05-21,2026-05-21,2026-05-21,1233,completed,,
PO-0004488,PKG-02,PROD-HS-100,2026-05-21,2026-05-21,2026-05-21,1060,completed,,
PO-0004489,PKG-02,PROD-LB-400,2026-05-21,2026-05-21,2026-05-21,793,completed,,
PO-0004490,PKG-02,PROD-HS-100,2026-05-21,2026-05-21,2026-05-21,736,completed,,
PO-0004491,PKG-02,PROD-HS-100,2026-05-21,2026-05-21,2026-05-21,909,completed,,
PO-0004492,PKG-02,PROD-AS-200,2026-05-21,2026-05-21,2026-05-21,676,completed,,
PO-0004493,PKG-02,PROD-AS-200,2026-05-21,2026-05-21,2026-05-21,1005,completed,,
PO-0004494,PKG-02,PROD-HS-100,2026-05-21,2026-05-21,2026-05-21,957,completed,,
PO-0004495,PKG-02,PROD-HS-100,2026-05-21,2026-05-21,2026-05-21,902,completed,,
PO-0004496,PKG-02,PROD-HS-100,2026-05-21,2026-05-21,2026-05-21,1088,completed,,
PO-0004497,PKG-02,PROD-AS-200,2026-05-21,2026-05-21,2026-05-21,1319,completed,,
PO-0004498,PKG-02,PROD-HS-100,2026-05-21,2026-05-21,2026-05-21,1262,completed,,
PO-0004499,PKG-03,PROD-DM-300,2026-05-21,2026-05-21,2026-05-21,1093,completed,,
PO-0004500,PKG-03,PROD-AS-200,2026-05-21,2026-05-21,2026-05-21,949,completed,,
PO-0004501,PKG-03,PROD-HS-110,2026-05-21,2026-05-21,2026-05-21,749,completed,,
PO-0004502,PKG-03,PROD-LB-400,2026-05-21,2026-05-21,2026-05-21,1021,completed,,
PO-0004503,PKG-03,PROD-LB-400,2026-05-21,2026-05-21,2026-05-21,575,completed,,
PO-0004504,PKG-03,PROD-AS-200,2026-05-21,2026-05-21,2026-05-21,787,completed,,
PO-0004505,PKG-03,PROD-LB-400,2026-05-21,2026-05-21,2026-05-21,902,completed,,
PO-0004506,PKG-03,PROD-AS-200,2026-05-21,2026-05-21,2026-05-21,852,completed,,
PO-0004507,PKG-04,PROD-VD-500,2026-05-21,2026-05-21,2026-05-21,899,completed,,
PO-0004508,PKG-04,PROD-VD-500,2026-05-21,2026-05-21,2026-05-21,562,completed,,
PO-0004509,PKG-04,PROD-VD-500,2026-05-21,2026-05-21,2026-05-21,816,completed,,
PO-0004510,PKG-04,PROD-LB-400,2026-05-21,2026-05-21,2026-05-21,417,completed,,
PO-0004511,PKG-04,PROD-VD-500,2026-05-21,2026-05-21,2026-05-21,696,completed,,
PO-0004512,PKG-04,PROD-DM-300,2026-05-21,2026-05-21,2026-05-21,438,completed,,
PO-0004513,PKG-04,PROD-VD-500,2026-05-21,2026-05-21,2026-05-21,848,completed,,
PO-0004514,PKG-05,PROD-AS-200,2026-05-21,2026-05-21,2026-05-21,901,completed,,
PO-0004515,PKG-05,PROD-AS-200,2026-05-21,2026-05-21,2026-05-21,664,completed,,
PO-0004516,PKG-05,PROD-HS-110,2026-05-21,2026-05-21,2026-05-21,957,completed,,
PO-0004517,PKG-05,PROD-AS-200,2026-05-21,2026-05-21,2026-05-21,522,completed,,
PO-0004518,PKG-05,PROD-LB-400,2026-05-21,2026-05-21,2026-05-21,877,completed,,
PO-0004519,PKG-05,PROD-VD-500,2026-05-21,2026-05-21,2026-05-21,857,completed,,
PO-0004520,PKG-05,PROD-LB-400,2026-05-21,2026-05-21,2026-05-21,440,completed,,
PO-0004521,PKG-05,PROD-VD-500,2026-05-21,2026-05-21,2026-05-21,595,completed,,
PO-0004522,PKG-06,PROD-DM-300,2026-05-21,2026-05-21,2026-05-21,688,completed,,
PO-0004523,PKG-06,PROD-DM-300,2026-05-21,2026-05-21,2026-05-21,559,completed,,
PO-0004524,PKG-06,PROD-DM-300,2026-05-21,2026-05-21,2026-05-21,567,completed,,
PO-0004525,PKG-06,PROD-VD-500,2026-05-21,2026-05-21,2026-05-21,1120,completed,,
PO-0004526,PKG-06,PROD-HS-100,2026-05-21,2026-05-21,2026-05-21,1057,completed,,
PO-0004527,PKG-06,PROD-HS-110,2026-05-21,2026-05-21,2026-05-21,894,completed,,
PO-0004528,PKG-06,PROD-DM-300,2026-05-21,2026-05-21,2026-05-21,674,completed,,
PO-0004529,PKG-06,PROD-DM-300,2026-05-21,2026-05-21,2026-05-21,875,completed,,
PO-0004530,PKG-06,PROD-DM-300,2026-05-21,2026-05-21,2026-05-21,828,completed,,
PO-0004531,PKG-01,PROD-DM-300,2026-05-22,2026-05-22,2026-05-22,765,completed,,
PO-0004532,PKG-01,PROD-DM-300,2026-05-22,2026-05-22,2026-05-22,1387,completed,,
PO-0004533,PKG-01,PROD-LB-400,2026-05-22,2026-05-22,2026-05-22,981,completed,,
PO-0004534,PKG-01,PROD-DM-300,2026-05-22,2026-05-22,2026-05-22,912,completed,,
PO-0004535,PKG-01,PROD-DM-300,2026-05-22,2026-05-22,2026-05-22,987,completed,,
PO-0004536,PKG-01,PROD-DM-300,2026-05-22,2026-05-22,2026-05-22,1299,completed,,
PO-0004537,PKG-01,PROD-DM-300,2026-05-22,2026-05-22,2026-05-22,1150,completed,,
PO-0004538,PKG-01,PROD-VD-500,2026-05-22,2026-05-22,2026-05-22,1064,completed,,
PO-0004539,PKG-01,PROD-DM-300,2026-05-22,2026-05-22,2026-05-22,1370,completed,,
PO-0004540,PKG-01,PROD-DM-300,2026-05-22,2026-05-22,2026-05-22,1026,completed,,
PO-0004541,PKG-01,PROD-HS-100,2026-05-22,2026-05-22,2026-05-22,1563,completed,,
PO-0004542,PKG-01,PROD-HS-110,2026-05-22,2026-05-22,2026-05-22,1429,completed,,
PO-0004543,PKG-01,PROD-DM-300,2026-05-22,2026-05-22,2026-05-22,1551,completed,,
PO-0004544,PKG-01,PROD-DM-300,2026-05-22,2026-05-22,2026-05-22,1078,completed,,
PO-0004545,PKG-01,PROD-AS-200,2026-05-22,2026-05-22,2026-05-22,1489,completed,,
PO-0004546,PKG-01,PROD-VD-500,2026-05-22,2026-05-22,2026-05-22,1022,completed,,
PO-0004547,PKG-01,PROD-DM-300,2026-05-22,2026-05-22,2026-05-22,745,completed,,
PO-0004548,PKG-02,PROD-HS-110,2026-05-22,2026-05-22,2026-05-22,1034,completed,,
PO-0004549,PKG-02,PROD-HS-100,2026-05-22,2026-05-22,2026-05-22,1422,completed,,
PO-0004550,PKG-02,PROD-HS-100,2026-05-22,2026-05-22,2026-05-22,909,completed,,
PO-0004551,PKG-02,PROD-HS-100,2026-05-22,2026-05-22,2026-05-22,703,completed,,
PO-0004552,PKG-02,PROD-AS-200,2026-05-22,2026-05-22,2026-05-22,1471,completed,,
PO-0004553,PKG-02,PROD-HS-100,2026-05-22,2026-05-22,2026-05-22,695,completed,,
PO-0004554,PKG-02,PROD-HS-100,2026-05-22,2026-05-22,2026-05-22,1074,completed,,
PO-0004555,PKG-02,PROD-HS-100,2026-05-22,2026-05-22,2026-05-22,1291,completed,,
PO-0004556,PKG-02,PROD-LB-400,2026-05-22,2026-05-22,2026-05-22,647,completed,,
PO-0004557,PKG-02,PROD-HS-100,2026-05-22,2026-05-22,2026-05-22,756,completed,,
PO-0004558,PKG-02,PROD-HS-100,2026-05-22,2026-05-22,2026-05-22,673,completed,,
PO-0004559,PKG-02,PROD-HS-100,2026-05-22,2026-05-22,2026-05-22,708,completed,,
PO-0004560,PKG-02,PROD-HS-110,2026-05-22,2026-05-22,2026-05-22,1147,completed,,
PO-0004561,PKG-02,PROD-HS-110,2026-05-22,2026-05-22,2026-05-22,964,completed,,
PO-0004562,PKG-02,PROD-HS-110,2026-05-22,2026-05-22,2026-05-22,929,completed,,
PO-0004563,PKG-03,PROD-AS-200,2026-05-22,2026-05-22,2026-05-22,761,completed,,
PO-0004564,PKG-03,PROD-HS-100,2026-05-22,2026-05-22,2026-05-22,874,completed,,
PO-0004565,PKG-03,PROD-HS-110,2026-05-22,2026-05-22,2026-05-22,1180,completed,,
PO-0004566,PKG-03,PROD-LB-400,2026-05-22,2026-05-22,2026-05-22,722,completed,,
PO-0004567,PKG-03,PROD-AS-200,2026-05-22,2026-05-22,2026-05-22,716,completed,,
PO-0004568,PKG-03,PROD-AS-200,2026-05-22,2026-05-22,2026-05-22,954,completed,,
PO-0004569,PKG-03,PROD-HS-110,2026-05-22,2026-05-22,2026-05-22,692,completed,,
PO-0004570,PKG-03,PROD-AS-200,2026-05-22,2026-05-22,2026-05-22,751,completed,,
PO-0004571,PKG-04,PROD-VD-500,2026-05-22,2026-05-22,2026-05-22,659,completed,,
PO-0004572,PKG-04,PROD-VD-500,2026-05-22,2026-05-22,2026-05-22,633,completed,,
PO-0004573,PKG-04,PROD-AS-200,2026-05-22,2026-05-22,2026-05-22,838,completed,,
PO-0004574,PKG-04,PROD-VD-500,2026-05-22,2026-05-22,2026-05-22,571,completed,,
PO-0004575,PKG-04,PROD-LB-400,2026-05-22,2026-05-22,2026-05-22,509,completed,,
PO-0004576,PKG-04,PROD-VD-500,2026-05-22,2026-05-22,2026-05-22,906,completed,,
PO-0004577,PKG-04,PROD-VD-500,2026-05-22,2026-05-22,2026-05-22,794,completed,,
PO-0004578,PKG-05,PROD-LB-400,2026-05-22,2026-05-22,2026-05-22,441,completed,,
PO-0004579,PKG-05,PROD-LB-400,2026-05-22,2026-05-22,2026-05-22,570,completed,,
PO-0004580,PKG-05,PROD-AS-200,2026-05-22,2026-05-22,2026-05-22,645,completed,,
PO-0004581,PKG-05,PROD-HS-110,2026-05-22,2026-05-22,2026-05-22,541,completed,,
PO-0004582,PKG-05,PROD-HS-110,2026-05-22,2026-05-22,2026-05-22,835,completed,,
PO-0004583,PKG-05,PROD-LB-400,2026-05-22,2026-05-22,2026-05-22,870,completed,,
PO-0004584,PKG-05,PROD-VD-500,2026-05-22,2026-05-22,2026-05-22,609,completed,,
PO-0004585,PKG-05,PROD-HS-110,2026-05-22,2026-05-22,2026-05-22,439,completed,,
PO-0004586,PKG-06,PROD-DM-300,2026-05-22,2026-05-22,2026-05-22,820,completed,,
PO-0004587,PKG-06,PROD-DM-300,2026-05-22,2026-05-22,2026-05-22,619,completed,,
PO-0004588,PKG-06,PROD-DM-300,2026-05-22,2026-05-22,2026-05-22,1139,completed,,
PO-0004589,PKG-06,PROD-VD-500,2026-05-22,2026-05-22,2026-05-22,551,completed,,
PO-0004590,PKG-06,PROD-HS-100,2026-05-22,2026-05-22,2026-05-22,864,completed,,
PO-0004591,PKG-06,PROD-DM-300,2026-05-22,2026-05-22,2026-05-22,774,completed,,
PO-0004592,PKG-06,PROD-DM-300,2026-05-22,2026-05-22,2026-05-22,497,completed,,
PO-0004593,PKG-06,PROD-DM-300,2026-05-22,2026-05-22,2026-05-22,521,completed,,
PO-0004594,PKG-06,PROD-HS-110,2026-05-22,2026-05-22,2026-05-22,1006,completed,,
PO-0004595,PKG-01,PROD-AS-200,2026-05-23,2026-05-23,2026-05-23,755,completed,,
PO-0004596,PKG-01,PROD-HS-110,2026-05-23,2026-05-23,2026-05-23,732,completed,,
PO-0004597,PKG-01,PROD-DM-300,2026-05-23,2026-05-23,2026-05-23,1173,completed,,
PO-0004598,PKG-01,PROD-AS-200,2026-05-23,2026-05-23,2026-05-23,1163,completed,,
PO-0004599,PKG-01,PROD-VD-500,2026-05-23,2026-05-23,2026-05-23,812,completed,,
PO-0004600,PKG-01,PROD-VD-500,2026-05-23,2026-05-23,2026-05-23,984,completed,,
PO-0004601,PKG-01,PROD-DM-300,2026-05-23,2026-05-23,2026-05-23,1416,completed,,
PO-0004602,PKG-01,PROD-DM-300,2026-05-23,2026-05-23,2026-05-23,1391,completed,,
PO-0004603,PKG-01,PROD-DM-300,2026-05-23,2026-05-23,2026-05-23,1250,completed,,
PO-0004604,PKG-01,PROD-DM-300,2026-05-23,2026-05-23,2026-05-23,1292,completed,,
PO-0004605,PKG-01,PROD-DM-300,2026-05-23,2026-05-23,2026-05-23,982,completed,,
PO-0004606,PKG-01,PROD-VD-500,2026-05-23,2026-05-23,2026-05-23,1038,completed,,
PO-0004607,PKG-01,PROD-DM-300,2026-05-23,2026-05-23,2026-05-23,1395,completed,,
PO-0004608,PKG-01,PROD-LB-400,2026-05-23,2026-05-23,2026-05-23,1181,completed,,
PO-0004609,PKG-01,PROD-DM-300,2026-05-23,2026-05-23,2026-05-23,677,completed,,
PO-0004610,PKG-01,PROD-DM-300,2026-05-23,2026-05-23,2026-05-23,751,completed,,
PO-0004611,PKG-01,PROD-DM-300,2026-05-23,2026-05-23,2026-05-23,1148,completed,,
PO-0004612,PKG-01,PROD-DM-300,2026-05-23,2026-05-23,2026-05-23,836,completed,,
PO-0004613,PKG-02,PROD-AS-200,2026-05-23,2026-05-23,2026-05-23,704,completed,,
PO-0004614,PKG-02,PROD-HS-100,2026-05-23,2026-05-23,2026-05-23,1010,completed,,
PO-0004615,PKG-02,PROD-HS-100,2026-05-23,2026-05-23,2026-05-23,1299,completed,,
PO-0004616,PKG-02,PROD-HS-100,2026-05-23,2026-05-23,2026-05-23,917,completed,,
PO-0004617,PKG-02,PROD-HS-110,2026-05-23,2026-05-23,2026-05-23,1263,completed,,
PO-0004618,PKG-02,PROD-HS-110,2026-05-23,2026-05-23,2026-05-23,719,completed,,
PO-0004619,PKG-02,PROD-HS-100,2026-05-23,2026-05-23,2026-05-23,707,completed,,
PO-0004620,PKG-02,PROD-HS-100,2026-05-23,2026-05-23,2026-05-23,1298,completed,,
PO-0004621,PKG-02,PROD-HS-110,2026-05-23,2026-05-23,2026-05-23,1091,completed,,
PO-0004622,PKG-02,PROD-LB-400,2026-05-23,2026-05-23,2026-05-23,1048,completed,,
PO-0004623,PKG-02,PROD-HS-100,2026-05-23,2026-05-23,2026-05-23,1233,completed,,
PO-0004624,PKG-02,PROD-HS-100,2026-05-23,2026-05-23,2026-05-23,649,completed,,
PO-0004625,PKG-02,PROD-HS-100,2026-05-23,2026-05-23,2026-05-23,1357,completed,,
PO-0004626,PKG-02,PROD-HS-100,2026-05-23,2026-05-23,2026-05-23,1295,completed,,
PO-0004627,PKG-02,PROD-AS-200,2026-05-23,2026-05-23,2026-05-23,992,completed,,
PO-0004628,PKG-03,PROD-HS-110,2026-05-23,2026-05-23,2026-05-23,680,completed,,
PO-0004629,PKG-03,PROD-LB-400,2026-05-23,2026-05-23,2026-05-23,771,completed,,
PO-0004630,PKG-03,PROD-HS-100,2026-05-23,2026-05-23,2026-05-23,651,completed,,
PO-0004631,PKG-03,PROD-HS-100,2026-05-23,2026-05-23,2026-05-23,1196,completed,,
PO-0004632,PKG-03,PROD-HS-110,2026-05-23,2026-05-23,2026-05-23,802,completed,,
PO-0004633,PKG-03,PROD-HS-110,2026-05-23,2026-05-23,2026-05-23,777,completed,,
PO-0004634,PKG-03,PROD-LB-400,2026-05-23,2026-05-23,2026-05-23,680,completed,,
PO-0004635,PKG-03,PROD-HS-100,2026-05-23,2026-05-23,2026-05-23,656,completed,,
PO-0004636,PKG-04,PROD-VD-500,2026-05-23,2026-05-23,2026-05-23,608,completed,,
PO-0004637,PKG-04,PROD-VD-500,2026-05-23,2026-05-23,2026-05-23,737,completed,,
PO-0004638,PKG-04,PROD-VD-500,2026-05-23,2026-05-23,2026-05-23,399,completed,,
PO-0004639,PKG-04,PROD-VD-500,2026-05-23,2026-05-23,2026-05-23,854,completed,,
PO-0004640,PKG-04,PROD-LB-400,2026-05-23,2026-05-23,2026-05-23,545,completed,,
PO-0004641,PKG-04,PROD-VD-500,2026-05-23,2026-05-23,2026-05-23,391,completed,,
PO-0004642,PKG-04,PROD-VD-500,2026-05-23,2026-05-23,2026-05-23,502,completed,,
PO-0004643,PKG-05,PROD-LB-400,2026-05-23,2026-05-23,2026-05-23,587,completed,,
PO-0004644,PKG-05,PROD-HS-110,2026-05-23,2026-05-23,2026-05-23,821,completed,,
PO-0004645,PKG-05,PROD-HS-110,2026-05-23,2026-05-23,2026-05-23,741,completed,,
PO-0004646,PKG-05,PROD-AS-200,2026-05-23,2026-05-23,2026-05-23,836,completed,,
PO-0004647,PKG-05,PROD-HS-100,2026-05-23,2026-05-23,2026-05-23,955,completed,,
PO-0004648,PKG-05,PROD-AS-200,2026-05-23,2026-05-23,2026-05-23,631,completed,,
PO-0004649,PKG-05,PROD-AS-200,2026-05-23,2026-05-23,2026-05-23,594,completed,,
PO-0004650,PKG-05,PROD-LB-400,2026-05-23,2026-05-23,2026-05-23,449,completed,,
PO-0004651,PKG-06,PROD-DM-300,2026-05-23,2026-05-23,2026-05-23,811,completed,,
PO-0004652,PKG-06,PROD-DM-300,2026-05-23,2026-05-23,2026-05-23,749,completed,,
PO-0004653,PKG-06,PROD-HS-110,2026-05-23,2026-05-23,2026-05-23,665,completed,,
PO-0004654,PKG-06,PROD-DM-300,2026-05-23,2026-05-23,2026-05-23,566,completed,,
PO-0004655,PKG-06,PROD-DM-300,2026-05-23,2026-05-23,2026-05-23,538,completed,,
PO-0004656,PKG-06,PROD-DM-300,2026-05-23,2026-05-23,2026-05-23,1059,completed,,
PO-0004657,PKG-06,PROD-VD-500,2026-05-23,2026-05-23,2026-05-23,1089,completed,,
PO-0004658,PKG-06,PROD-DM-300,2026-05-23,2026-05-23,2026-05-23,693,completed,,
PO-0004659,PKG-06,PROD-DM-300,2026-05-23,2026-05-23,2026-05-23,534,completed,,
PO-0004660,PKG-01,PROD-DM-300,2026-05-25,2026-05-25,2026-05-25,726,completed,,
PO-0004661,PKG-01,PROD-DM-300,2026-05-25,2026-05-25,2026-05-25,819,completed,,
PO-0004662,PKG-01,PROD-DM-300,2026-05-25,2026-05-25,2026-05-25,675,completed,,
PO-0004663,PKG-01,PROD-DM-300,2026-05-25,2026-05-25,2026-05-25,1412,completed,,
PO-0004664,PKG-01,PROD-DM-300,2026-05-25,2026-05-25,2026-05-25,947,completed,,
PO-0004665,PKG-01,PROD-DM-300,2026-05-25,2026-05-25,2026-05-25,876,completed,,
PO-0004666,PKG-01,PROD-DM-300,2026-05-25,2026-05-25,2026-05-25,1295,completed,,
PO-0004667,PKG-01,PROD-DM-300,2026-05-25,2026-05-25,2026-05-25,1266,completed,,
PO-0004668,PKG-01,PROD-DM-300,2026-05-25,2026-05-25,2026-05-25,1322,completed,,
PO-0004669,PKG-01,PROD-VD-500,2026-05-25,2026-05-25,2026-05-25,829,completed,,
PO-0004670,PKG-01,PROD-DM-300,2026-05-25,2026-05-25,2026-05-25,911,completed,,
PO-0004671,PKG-01,PROD-DM-300,2026-05-25,2026-05-25,2026-05-25,963,completed,,
PO-0004672,PKG-01,PROD-DM-300,2026-05-25,2026-05-25,2026-05-25,1470,completed,,
PO-0004673,PKG-01,PROD-AS-200,2026-05-25,2026-05-25,2026-05-25,1392,completed,,
PO-0004674,PKG-01,PROD-HS-110,2026-05-25,2026-05-25,2026-05-25,1513,completed,,
PO-0004675,PKG-01,PROD-DM-300,2026-05-25,2026-05-25,2026-05-25,1484,completed,,
PO-0004676,PKG-01,PROD-DM-300,2026-05-25,2026-05-25,2026-05-25,980,completed,,
PO-0004677,PKG-01,PROD-DM-300,2026-05-25,2026-05-25,2026-05-25,1040,completed,,
PO-0004678,PKG-02,PROD-HS-100,2026-05-25,2026-05-25,2026-05-25,1233,completed,,
PO-0004679,PKG-02,PROD-HS-110,2026-05-25,2026-05-25,2026-05-25,1326,completed,,
PO-0004680,PKG-02,PROD-HS-100,2026-05-25,2026-05-25,2026-05-25,828,completed,,
PO-0004681,PKG-02,PROD-AS-200,2026-05-25,2026-05-25,2026-05-25,976,completed,,
PO-0004682,PKG-02,PROD-HS-100,2026-05-25,2026-05-25,2026-05-25,784,completed,,
PO-0004683,PKG-02,PROD-HS-100,2026-05-25,2026-05-25,2026-05-25,746,completed,,
PO-0004684,PKG-02,PROD-HS-100,2026-05-25,2026-05-25,2026-05-25,1097,completed,,
PO-0004685,PKG-02,PROD-LB-400,2026-05-25,2026-05-25,2026-05-25,1100,completed,,
PO-0004686,PKG-02,PROD-LB-400,2026-05-25,2026-05-25,2026-05-25,888,completed,,
PO-0004687,PKG-02,PROD-HS-100,2026-05-25,2026-05-25,2026-05-25,1067,completed,,
PO-0004688,PKG-02,PROD-HS-100,2026-05-25,2026-05-25,2026-05-25,1073,completed,,
PO-0004689,PKG-02,PROD-LB-400,2026-05-25,2026-05-25,2026-05-25,1127,completed,,
PO-0004690,PKG-02,PROD-HS-100,2026-05-25,2026-05-25,2026-05-25,641,completed,,
PO-0004691,PKG-02,PROD-HS-100,2026-05-25,2026-05-25,2026-05-25,885,completed,,
PO-0004692,PKG-02,PROD-HS-100,2026-05-25,2026-05-25,2026-05-25,1244,completed,,
PO-0004693,PKG-02,PROD-HS-100,2026-05-25,2026-05-25,2026-05-25,611,completed,,
PO-0004694,PKG-03,PROD-HS-110,2026-05-25,2026-05-25,2026-05-25,799,completed,,
PO-0004695,PKG-03,PROD-HS-110,2026-05-25,2026-05-25,2026-05-25,734,completed,,
PO-0004696,PKG-03,PROD-LB-400,2026-05-25,2026-05-25,2026-05-25,885,completed,,
PO-0004697,PKG-03,PROD-LB-400,2026-05-25,2026-05-25,2026-05-25,909,completed,,
PO-0004698,PKG-03,PROD-HS-100,2026-05-25,2026-05-25,2026-05-25,1057,completed,,
PO-0004699,PKG-03,PROD-AS-200,2026-05-25,2026-05-25,2026-05-25,1124,completed,,
PO-0004700,PKG-03,PROD-LB-400,2026-05-25,2026-05-25,2026-05-25,630,completed,,
PO-0004701,PKG-03,PROD-HS-110,2026-05-25,2026-05-25,2026-05-25,740,completed,,
PO-0004702,PKG-04,PROD-VD-500,2026-05-25,2026-05-25,2026-05-25,704,completed,,
PO-0004703,PKG-04,PROD-VD-500,2026-05-25,2026-05-25,2026-05-25,459,completed,,
PO-0004704,PKG-04,PROD-VD-500,2026-05-25,2026-05-25,2026-05-25,462,completed,,
PO-0004705,PKG-04,PROD-VD-500,2026-05-25,2026-05-25,2026-05-25,623,completed,,
PO-0004706,PKG-04,PROD-VD-500,2026-05-25,2026-05-25,2026-05-25,589,completed,,
PO-0004707,PKG-04,PROD-VD-500,2026-05-25,2026-05-25,2026-05-25,812,completed,,
PO-0004708,PKG-04,PROD-VD-500,2026-05-25,2026-05-25,2026-05-25,774,completed,,
PO-0004709,PKG-05,PROD-LB-400,2026-05-25,2026-05-25,2026-05-25,821,completed,,
PO-0004710,PKG-05,PROD-HS-100,2026-05-25,2026-05-25,2026-05-25,517,completed,,
PO-0004711,PKG-05,PROD-HS-100,2026-05-25,2026-05-25,2026-05-25,462,completed,,
PO-0004712,PKG-05,PROD-HS-110,2026-05-25,2026-05-25,2026-05-25,455,completed,,
PO-0004713,PKG-05,PROD-DM-300,2026-05-25,2026-05-25,2026-05-25,684,completed,,
PO-0004714,PKG-05,PROD-HS-110,2026-05-25,2026-05-25,2026-05-25,869,completed,,
PO-0004715,PKG-05,PROD-HS-100,2026-05-25,2026-05-25,2026-05-25,546,completed,,
PO-0004716,PKG-05,PROD-HS-100,2026-05-25,2026-05-25,2026-05-25,418,completed,,
PO-0004717,PKG-06,PROD-DM-300,2026-05-25,2026-05-25,2026-05-25,774,completed,,
PO-0004718,PKG-06,PROD-AS-200,2026-05-25,2026-05-25,2026-05-25,874,completed,,
PO-0004719,PKG-06,PROD-DM-300,2026-05-25,2026-05-25,2026-05-25,869,completed,,
PO-0004720,PKG-06,PROD-DM-300,2026-05-25,2026-05-25,2026-05-25,500,completed,,
PO-0004721,PKG-06,PROD-DM-300,2026-05-25,2026-05-25,2026-05-25,851,completed,,
PO-0004722,PKG-06,PROD-VD-500,2026-05-25,2026-05-25,2026-05-25,927,completed,,
PO-0004723,PKG-06,PROD-DM-300,2026-05-25,2026-05-25,2026-05-25,525,completed,,
PO-0004724,PKG-06,PROD-HS-100,2026-05-25,2026-05-25,2026-05-25,1058,completed,,
PO-0004725,PKG-06,PROD-LB-400,2026-05-25,2026-05-25,2026-05-25,765,completed,,
PO-0004726,PKG-01,PROD-DM-300,2026-05-26,2026-05-26,2026-05-26,1064,completed,,
PO-0004727,PKG-01,PROD-DM-300,2026-05-26,2026-05-26,2026-05-26,806,completed,,
PO-0004728,PKG-01,PROD-VD-500,2026-05-26,2026-05-26,2026-05-26,1015,completed,,
PO-0004729,PKG-01,PROD-DM-300,2026-05-26,2026-05-26,2026-05-26,1561,completed,,
PO-0004730,PKG-01,PROD-DM-300,2026-05-26,2026-05-26,2026-05-26,1536,completed,,
PO-0004731,PKG-01,PROD-HS-100,2026-05-26,2026-05-26,2026-05-26,1320,completed,,
PO-0004732,PKG-01,PROD-HS-100,2026-05-26,2026-05-26,2026-05-26,1459,completed,,
PO-0004733,PKG-01,PROD-DM-300,2026-05-26,2026-05-26,2026-05-26,1521,completed,,
PO-0004734,PKG-01,PROD-DM-300,2026-05-26,2026-05-26,2026-05-26,733,completed,,
PO-0004735,PKG-01,PROD-DM-300,2026-05-26,2026-05-26,2026-05-26,1515,completed,,
PO-0004736,PKG-01,PROD-DM-300,2026-05-26,2026-05-26,2026-05-26,1527,completed,,
PO-0004737,PKG-01,PROD-DM-300,2026-05-26,2026-05-26,2026-05-26,1232,completed,,
PO-0004738,PKG-01,PROD-VD-500,2026-05-26,2026-05-26,2026-05-26,1008,completed,,
PO-0004739,PKG-01,PROD-HS-100,2026-05-26,2026-05-26,2026-05-26,1287,completed,,
PO-0004740,PKG-01,PROD-DM-300,2026-05-26,2026-05-26,2026-05-26,964,completed,,
PO-0004741,PKG-01,PROD-DM-300,2026-05-26,2026-05-26,2026-05-26,1435,completed,,
PO-0004742,PKG-01,PROD-DM-300,2026-05-26,2026-05-26,2026-05-26,1267,completed,,
PO-0004743,PKG-02,PROD-HS-100,2026-05-26,2026-05-26,2026-05-26,691,completed,,
PO-0004744,PKG-02,PROD-HS-110,2026-05-26,2026-05-26,2026-05-26,764,completed,,
PO-0004745,PKG-02,PROD-HS-100,2026-05-26,2026-05-26,2026-05-26,1028,completed,,
PO-0004746,PKG-02,PROD-HS-100,2026-05-26,2026-05-26,2026-05-26,870,completed,,
PO-0004747,PKG-02,PROD-HS-100,2026-05-26,2026-05-26,2026-05-26,1141,completed,,
PO-0004748,PKG-02,PROD-HS-110,2026-05-26,2026-05-26,2026-05-26,701,completed,,
PO-0004749,PKG-02,PROD-LB-400,2026-05-26,2026-05-26,2026-05-26,1163,completed,,
PO-0004750,PKG-02,PROD-HS-100,2026-05-26,2026-05-26,2026-05-26,1223,completed,,
PO-0004751,PKG-02,PROD-LB-400,2026-05-26,2026-05-26,2026-05-26,1289,completed,,
PO-0004752,PKG-02,PROD-AS-200,2026-05-26,2026-05-26,2026-05-26,959,completed,,
PO-0004753,PKG-02,PROD-HS-100,2026-05-26,2026-05-26,2026-05-26,1227,completed,,
PO-0004754,PKG-02,PROD-HS-100,2026-05-26,2026-05-26,2026-05-26,1237,completed,,
PO-0004755,PKG-02,PROD-HS-110,2026-05-26,2026-05-26,2026-05-26,651,completed,,
PO-0004756,PKG-02,PROD-AS-200,2026-05-26,2026-05-26,2026-05-26,1141,completed,,
PO-0004757,PKG-02,PROD-HS-100,2026-05-26,2026-05-26,2026-05-26,798,completed,,
PO-0004758,PKG-03,PROD-HS-100,2026-05-26,2026-05-26,2026-05-26,751,completed,,
PO-0004759,PKG-03,PROD-LB-400,2026-05-26,2026-05-26,2026-05-26,580,completed,,
PO-0004760,PKG-03,PROD-AS-200,2026-05-26,2026-05-26,2026-05-26,590,completed,,
PO-0004761,PKG-03,PROD-HS-100,2026-05-26,2026-05-26,2026-05-26,544,completed,,
PO-0004762,PKG-03,PROD-HS-100,2026-05-26,2026-05-26,2026-05-26,1016,completed,,
PO-0004763,PKG-03,PROD-LB-400,2026-05-26,2026-05-26,2026-05-26,852,completed,,
PO-0004764,PKG-03,PROD-LB-400,2026-05-26,2026-05-26,2026-05-26,889,completed,,
PO-0004765,PKG-03,PROD-LB-400,2026-05-26,2026-05-26,2026-05-26,810,completed,,
PO-0004766,PKG-03,PROD-LB-400,2026-05-26,2026-05-26,2026-05-26,768,completed,,
PO-0004767,PKG-04,PROD-VD-500,2026-05-26,2026-05-26,2026-05-26,622,completed,,
PO-0004768,PKG-04,PROD-VD-500,2026-05-26,2026-05-26,2026-05-26,537,completed,,
PO-0004769,PKG-04,PROD-HS-100,2026-05-26,2026-05-26,2026-05-26,678,completed,,
PO-0004770,PKG-04,PROD-VD-500,2026-05-26,2026-05-26,2026-05-26,654,completed,,
PO-0004771,PKG-04,PROD-VD-500,2026-05-26,2026-05-26,2026-05-26,666,completed,,
PO-0004772,PKG-04,PROD-VD-500,2026-05-26,2026-05-26,2026-05-26,842,completed,,
PO-0004773,PKG-04,PROD-VD-500,2026-05-26,2026-05-26,2026-05-26,674,completed,,
PO-0004774,PKG-05,PROD-LB-400,2026-05-26,2026-05-26,2026-05-26,618,completed,,
PO-0004775,PKG-05,PROD-AS-200,2026-05-26,2026-05-26,2026-05-26,661,completed,,
PO-0004776,PKG-05,PROD-VD-500,2026-05-26,2026-05-26,2026-05-26,879,completed,,
PO-0004777,PKG-05,PROD-HS-110,2026-05-26,2026-05-26,2026-05-26,655,completed,,
PO-0004778,PKG-05,PROD-HS-100,2026-05-26,2026-05-26,2026-05-26,513,completed,,
PO-0004779,PKG-05,PROD-HS-110,2026-05-26,2026-05-26,2026-05-26,610,completed,,
PO-0004780,PKG-05,PROD-AS-200,2026-05-26,2026-05-26,2026-05-26,671,completed,,
PO-0004781,PKG-05,PROD-LB-400,2026-05-26,2026-05-26,2026-05-26,612,completed,,
PO-0004782,PKG-06,PROD-DM-300,2026-05-26,2026-05-26,2026-05-26,822,completed,,
PO-0004783,PKG-06,PROD-DM-300,2026-05-26,2026-05-26,2026-05-26,851,completed,,
PO-0004784,PKG-06,PROD-DM-300,2026-05-26,2026-05-26,2026-05-26,821,completed,,
PO-0004785,PKG-06,PROD-DM-300,2026-05-26,2026-05-26,2026-05-26,668,completed,,
PO-0004786,PKG-06,PROD-DM-300,2026-05-26,2026-05-26,2026-05-26,738,completed,,
PO-0004787,PKG-06,PROD-DM-300,2026-05-26,2026-05-26,2026-05-26,668,completed,,
PO-0004788,PKG-06,PROD-DM-300,2026-05-26,2026-05-26,2026-05-26,731,completed,,
PO-0004789,PKG-06,PROD-DM-300,2026-05-26,2026-05-26,2026-05-26,932,completed,,
PO-0004790,PKG-06,PROD-DM-300,2026-05-26,2026-05-26,2026-05-26,1010,completed,,
PO-0004791,PKG-01,PROD-DM-300,2026-05-27,2026-05-27,2026-05-27,1118,completed,,
PO-0004792,PKG-01,PROD-DM-300,2026-05-27,2026-05-27,2026-05-27,1020,completed,,
PO-0004793,PKG-01,PROD-DM-300,2026-05-27,2026-05-27,2026-05-27,988,completed,,
PO-0004794,PKG-01,PROD-DM-300,2026-05-27,2026-05-27,2026-05-27,1026,completed,,
PO-0004795,PKG-01,PROD-DM-300,2026-05-27,2026-05-27,2026-05-27,1234,completed,,
PO-0004796,PKG-01,PROD-DM-300,2026-05-27,2026-05-27,2026-05-27,787,completed,,
PO-0004797,PKG-01,PROD-VD-500,2026-05-27,2026-05-27,2026-05-27,1584,completed,,
PO-0004798,PKG-01,PROD-DM-300,2026-05-27,2026-05-27,2026-05-27,996,completed,,
PO-0004799,PKG-01,PROD-DM-300,2026-05-27,2026-05-27,2026-05-27,1275,completed,,
PO-0004800,PKG-01,PROD-DM-300,2026-05-27,2026-05-27,2026-05-27,811,completed,,
PO-0004801,PKG-01,PROD-VD-500,2026-05-27,2026-05-27,2026-05-27,918,completed,,
PO-0004802,PKG-01,PROD-HS-100,2026-05-27,2026-05-27,2026-05-27,849,completed,,
PO-0004803,PKG-01,PROD-DM-300,2026-05-27,2026-05-27,2026-05-27,1321,completed,,
PO-0004804,PKG-01,PROD-DM-300,2026-05-27,2026-05-27,2026-05-27,1079,completed,,
PO-0004805,PKG-01,PROD-DM-300,2026-05-27,2026-05-27,2026-05-27,1059,completed,,
PO-0004806,PKG-01,PROD-DM-300,2026-05-27,2026-05-27,2026-05-27,1259,completed,,
PO-0004807,PKG-01,PROD-DM-300,2026-05-27,2026-05-27,2026-05-27,796,completed,,
PO-0004808,PKG-02,PROD-HS-100,2026-05-27,2026-05-27,2026-05-27,951,completed,,
PO-0004809,PKG-02,PROD-HS-100,2026-05-27,2026-05-27,2026-05-27,1109,completed,,
PO-0004810,PKG-02,PROD-LB-400,2026-05-27,2026-05-27,2026-05-27,1044,completed,,
PO-0004811,PKG-02,PROD-HS-110,2026-05-27,2026-05-27,2026-05-27,1122,completed,,
PO-0004812,PKG-02,PROD-LB-400,2026-05-27,2026-05-27,2026-05-27,994,completed,,
PO-0004813,PKG-02,PROD-AS-200,2026-05-27,2026-05-27,2026-05-27,1046,completed,,
PO-0004814,PKG-02,PROD-DM-300,2026-05-27,2026-05-27,2026-05-27,1227,completed,,
PO-0004815,PKG-02,PROD-HS-100,2026-05-27,2026-05-27,2026-05-27,1351,completed,,
PO-0004816,PKG-02,PROD-HS-100,2026-05-27,2026-05-27,2026-05-27,827,completed,,
PO-0004817,PKG-02,PROD-HS-110,2026-05-27,2026-05-27,2026-05-27,669,completed,,
PO-0004818,PKG-02,PROD-HS-100,2026-05-27,2026-05-27,2026-05-27,1210,completed,,
PO-0004819,PKG-02,PROD-HS-110,2026-05-27,2026-05-27,2026-05-27,1224,completed,,
PO-0004820,PKG-02,PROD-HS-100,2026-05-27,2026-05-27,2026-05-27,641,completed,,
PO-0004821,PKG-02,PROD-HS-100,2026-05-27,2026-05-27,2026-05-27,812,completed,,
PO-0004822,PKG-02,PROD-LB-400,2026-05-27,2026-05-27,2026-05-27,896,completed,,
PO-0004823,PKG-03,PROD-LB-400,2026-05-27,2026-05-27,2026-05-27,864,completed,,
PO-0004824,PKG-03,PROD-AS-200,2026-05-27,2026-05-27,2026-05-27,603,completed,,
PO-0004825,PKG-03,PROD-AS-200,2026-05-27,2026-05-27,2026-05-27,476,completed,,
PO-0004826,PKG-03,PROD-LB-400,2026-05-27,2026-05-27,2026-05-27,521,completed,,
PO-0004827,PKG-03,PROD-LB-400,2026-05-27,2026-05-27,2026-05-27,546,completed,,
PO-0004828,PKG-03,PROD-VD-500,2026-05-27,2026-05-27,2026-05-27,917,completed,,
PO-0004829,PKG-03,PROD-AS-200,2026-05-27,2026-05-27,2026-05-27,578,completed,,
PO-0004830,PKG-03,PROD-HS-100,2026-05-27,2026-05-27,2026-05-27,498,completed,,
PO-0004831,PKG-03,PROD-HS-100,2026-05-27,2026-05-27,2026-05-27,644,completed,,
PO-0004832,PKG-04,PROD-AS-200,2026-05-27,2026-05-27,2026-05-27,811,completed,,
PO-0004833,PKG-04,PROD-VD-500,2026-05-27,2026-05-27,2026-05-27,451,completed,,
PO-0004834,PKG-04,PROD-VD-500,2026-05-27,2026-05-27,2026-05-27,780,completed,,
PO-0004835,PKG-04,PROD-VD-500,2026-05-27,2026-05-27,2026-05-27,769,completed,,
PO-0004836,PKG-04,PROD-VD-500,2026-05-27,2026-05-27,2026-05-27,617,completed,,
PO-0004837,PKG-04,PROD-VD-500,2026-05-27,2026-05-27,2026-05-27,859,completed,,
PO-0004838,PKG-04,PROD-VD-500,2026-05-27,2026-05-27,2026-05-27,835,completed,,
PO-0004839,PKG-05,PROD-HS-100,2026-05-27,2026-05-27,2026-05-27,759,completed,,
PO-0004840,PKG-05,PROD-HS-110,2026-05-27,2026-05-27,2026-05-27,550,completed,,
PO-0004841,PKG-05,PROD-AS-200,2026-05-27,2026-05-27,2026-05-27,797,completed,,
PO-0004842,PKG-05,PROD-LB-400,2026-05-27,2026-05-27,2026-05-27,690,completed,,
PO-0004843,PKG-05,PROD-AS-200,2026-05-27,2026-05-27,2026-05-27,587,completed,,
PO-0004844,PKG-05,PROD-LB-400,2026-05-27,2026-05-27,2026-05-27,936,completed,,
PO-0004845,PKG-05,PROD-HS-100,2026-05-27,2026-05-27,2026-05-27,928,completed,,
PO-0004846,PKG-05,PROD-VD-500,2026-05-27,2026-05-27,2026-05-27,874,completed,,
PO-0004847,PKG-06,PROD-DM-300,2026-05-27,2026-05-27,2026-05-27,1140,completed,,
PO-0004848,PKG-06,PROD-DM-300,2026-05-27,2026-05-27,2026-05-27,866,completed,,
PO-0004849,PKG-06,PROD-HS-100,2026-05-27,2026-05-27,2026-05-27,895,completed,,
PO-0004850,PKG-06,PROD-DM-300,2026-05-27,2026-05-27,2026-05-27,499,completed,,
PO-0004851,PKG-06,PROD-DM-300,2026-05-27,2026-05-27,2026-05-27,711,completed,,
PO-0004852,PKG-06,PROD-DM-300,2026-05-27,2026-05-27,2026-05-27,1063,completed,,
PO-0004853,PKG-06,PROD-DM-300,2026-05-27,2026-05-27,2026-05-27,1037,completed,,
PO-0004854,PKG-06,PROD-DM-300,2026-05-27,2026-05-27,2026-05-27,711,completed,,
PO-0004855,PKG-06,PROD-DM-300,2026-05-27,2026-05-27,2026-05-27,653,completed,,
PO-0004856,PKG-01,PROD-DM-300,2026-05-28,2026-05-28,2026-05-28,1502,completed,,
PO-0004857,PKG-01,PROD-DM-300,2026-05-28,2026-05-28,2026-05-28,1317,completed,,
PO-0004858,PKG-01,PROD-DM-300,2026-05-28,2026-05-28,2026-05-28,992,completed,,
PO-0004859,PKG-01,PROD-DM-300,2026-05-28,2026-05-28,2026-05-28,1600,completed,,
PO-0004860,PKG-01,PROD-DM-300,2026-05-28,2026-05-28,2026-05-28,1384,completed,,
PO-0004861,PKG-01,PROD-HS-110,2026-05-28,2026-05-28,2026-05-28,1042,completed,,
PO-0004862,PKG-01,PROD-DM-300,2026-05-28,2026-05-28,2026-05-28,1058,completed,,
PO-0004863,PKG-01,PROD-DM-300,2026-05-28,2026-05-28,2026-05-28,724,completed,,
PO-0004864,PKG-01,PROD-DM-300,2026-05-28,2026-05-28,2026-05-28,1124,completed,,
PO-0004865,PKG-01,PROD-LB-400,2026-05-28,2026-05-28,2026-05-28,835,completed,,
PO-0004866,PKG-01,PROD-AS-200,2026-05-28,2026-05-28,2026-05-28,777,completed,,
PO-0004867,PKG-01,PROD-VD-500,2026-05-28,2026-05-28,2026-05-28,1582,completed,,
PO-0004868,PKG-01,PROD-VD-500,2026-05-28,2026-05-28,2026-05-28,981,completed,,
PO-0004869,PKG-01,PROD-VD-500,2026-05-28,2026-05-28,2026-05-28,1290,completed,,
PO-0004870,PKG-01,PROD-DM-300,2026-05-28,2026-05-28,2026-05-28,906,completed,,
PO-0004871,PKG-01,PROD-DM-300,2026-05-28,2026-05-28,2026-05-28,1490,completed,,
PO-0004872,PKG-01,PROD-DM-300,2026-05-28,2026-05-28,2026-05-28,829,completed,,
PO-0004873,PKG-02,PROD-AS-200,2026-05-28,2026-05-28,2026-05-28,1309,completed,,
PO-0004874,PKG-02,PROD-AS-200,2026-05-28,2026-05-28,2026-05-28,1455,completed,,
PO-0004875,PKG-02,PROD-HS-110,2026-05-28,2026-05-28,2026-05-28,1395,completed,,
PO-0004876,PKG-02,PROD-VD-500,2026-05-28,2026-05-28,2026-05-28,1328,completed,,
PO-0004877,PKG-02,PROD-HS-110,2026-05-28,2026-05-28,2026-05-28,743,completed,,
PO-0004878,PKG-02,PROD-AS-200,2026-05-28,2026-05-28,2026-05-28,1287,completed,,
PO-0004879,PKG-02,PROD-HS-100,2026-05-28,2026-05-28,2026-05-28,1047,completed,,
PO-0004880,PKG-02,PROD-HS-100,2026-05-28,2026-05-28,2026-05-28,724,completed,,
PO-0004881,PKG-02,PROD-HS-110,2026-05-28,2026-05-28,2026-05-28,1056,completed,,
PO-0004882,PKG-02,PROD-HS-100,2026-05-28,2026-05-28,2026-05-28,931,completed,,
PO-0004883,PKG-02,PROD-HS-100,2026-05-28,2026-05-28,2026-05-28,810,completed,,
PO-0004884,PKG-02,PROD-HS-100,2026-05-28,2026-05-28,2026-05-28,1288,completed,,
PO-0004885,PKG-02,PROD-AS-200,2026-05-28,2026-05-28,2026-05-28,989,completed,,
PO-0004886,PKG-02,PROD-HS-100,2026-05-28,2026-05-28,2026-05-28,1390,completed,,
PO-0004887,PKG-02,PROD-HS-100,2026-05-28,2026-05-28,2026-05-28,898,completed,,
PO-0004888,PKG-03,PROD-HS-110,2026-05-28,2026-05-28,2026-05-28,1203,completed,,
PO-0004889,PKG-03,PROD-VD-500,2026-05-28,2026-05-28,2026-05-28,644,completed,,
PO-0004890,PKG-03,PROD-HS-110,2026-05-28,2026-05-28,2026-05-28,861,completed,,
PO-0004891,PKG-03,PROD-HS-110,2026-05-28,2026-05-28,2026-05-28,548,completed,,
PO-0004892,PKG-03,PROD-AS-200,2026-05-28,2026-05-28,2026-05-28,1055,completed,,
PO-0004893,PKG-03,PROD-HS-100,2026-05-28,2026-05-28,2026-05-28,778,completed,,
PO-0004894,PKG-03,PROD-LB-400,2026-05-28,2026-05-28,2026-05-28,1044,completed,,
PO-0004895,PKG-03,PROD-DM-300,2026-05-28,2026-05-28,2026-05-28,758,completed,,
PO-0004896,PKG-04,PROD-VD-500,2026-05-28,2026-05-28,2026-05-28,443,completed,,
PO-0004897,PKG-04,PROD-VD-500,2026-05-28,2026-05-28,2026-05-28,524,completed,,
PO-0004898,PKG-04,PROD-VD-500,2026-05-28,2026-05-28,2026-05-28,515,completed,,
PO-0004899,PKG-04,PROD-VD-500,2026-05-28,2026-05-28,2026-05-28,738,completed,,
PO-0004900,PKG-04,PROD-VD-500,2026-05-28,2026-05-28,2026-05-28,524,completed,,
PO-0004901,PKG-04,PROD-VD-500,2026-05-28,2026-05-28,2026-05-28,808,completed,,
PO-0004902,PKG-04,PROD-VD-500,2026-05-28,2026-05-28,2026-05-28,671,completed,,
PO-0004903,PKG-05,PROD-AS-200,2026-05-28,2026-05-28,2026-05-28,742,completed,,
PO-0004904,PKG-05,PROD-HS-110,2026-05-28,2026-05-28,2026-05-28,889,completed,,
PO-0004905,PKG-05,PROD-DM-300,2026-05-28,2026-05-28,2026-05-28,450,completed,,
PO-0004906,PKG-05,PROD-LB-400,2026-05-28,2026-05-28,2026-05-28,810,completed,,
PO-0004907,PKG-05,PROD-VD-500,2026-05-28,2026-05-28,2026-05-28,723,completed,,
PO-0004908,PKG-05,PROD-HS-110,2026-05-28,2026-05-28,2026-05-28,433,completed,,
PO-0004909,PKG-05,PROD-LB-400,2026-05-28,2026-05-28,2026-05-28,945,completed,,
PO-0004910,PKG-05,PROD-LB-400,2026-05-28,2026-05-28,2026-05-28,818,completed,,
PO-0004911,PKG-06,PROD-VD-500,2026-05-28,2026-05-28,2026-05-28,533,completed,,
PO-0004912,PKG-06,PROD-DM-300,2026-05-28,2026-05-28,2026-05-28,1011,completed,,
PO-0004913,PKG-06,PROD-DM-300,2026-05-28,2026-05-28,2026-05-28,667,completed,,
PO-0004914,PKG-06,PROD-DM-300,2026-05-28,2026-05-28,2026-05-28,886,completed,,
PO-0004915,PKG-06,PROD-DM-300,2026-05-28,2026-05-28,2026-05-28,1128,completed,,
PO-0004916,PKG-06,PROD-DM-300,2026-05-28,2026-05-28,2026-05-28,634,completed,,
PO-0004917,PKG-06,PROD-DM-300,2026-05-28,2026-05-28,2026-05-28,796,completed,,
PO-0004918,PKG-06,PROD-DM-300,2026-05-28,2026-05-28,2026-05-28,673,completed,,
PO-0004919,PKG-06,PROD-DM-300,2026-05-28,2026-05-28,2026-05-28,705,completed,,
PO-0004920,PKG-01,PROD-DM-300,2026-05-29,2026-05-29,2026-05-29,1296,completed,,
PO-0004921,PKG-01,PROD-DM-300,2026-05-29,2026-05-29,2026-05-29,1320,completed,,
PO-0004922,PKG-01,PROD-DM-300,2026-05-29,2026-05-29,2026-05-29,1364,completed,,
PO-0004923,PKG-01,PROD-DM-300,2026-05-29,2026-05-29,2026-05-29,740,completed,,
PO-0004924,PKG-01,PROD-DM-300,2026-05-29,2026-05-29,2026-05-29,1328,completed,,
PO-0004925,PKG-01,PROD-DM-300,2026-05-29,2026-05-29,2026-05-29,1239,completed,,
PO-0004926,PKG-01,PROD-DM-300,2026-05-29,2026-05-29,2026-05-29,1001,completed,,
PO-0004927,PKG-01,PROD-DM-300,2026-05-29,2026-05-29,2026-05-29,1039,completed,,
PO-0004928,PKG-01,PROD-DM-300,2026-05-29,2026-05-29,2026-05-29,1168,completed,,
PO-0004929,PKG-01,PROD-DM-300,2026-05-29,2026-05-29,2026-05-29,1347,completed,,
PO-0004930,PKG-01,PROD-DM-300,2026-05-29,2026-05-29,2026-05-29,710,completed,,
PO-0004931,PKG-01,PROD-DM-300,2026-05-29,2026-05-29,2026-05-29,823,completed,,
PO-0004932,PKG-01,PROD-DM-300,2026-05-29,2026-05-29,2026-05-29,1004,completed,,
PO-0004933,PKG-01,PROD-DM-300,2026-05-29,2026-05-29,2026-05-29,1365,completed,,
PO-0004934,PKG-01,PROD-DM-300,2026-05-29,2026-05-29,2026-05-29,1575,completed,,
PO-0004935,PKG-01,PROD-DM-300,2026-05-29,2026-05-29,2026-05-29,859,completed,,
PO-0004936,PKG-01,PROD-DM-300,2026-05-29,2026-05-29,2026-05-29,977,completed,,
PO-0004937,PKG-02,PROD-HS-100,2026-05-29,2026-05-29,2026-05-29,888,completed,,
PO-0004938,PKG-02,PROD-HS-110,2026-05-29,2026-05-29,2026-05-29,672,completed,,
PO-0004939,PKG-02,PROD-LB-400,2026-05-29,2026-05-29,2026-05-29,1276,completed,,
PO-0004940,PKG-02,PROD-HS-100,2026-05-29,2026-05-29,2026-05-29,1415,completed,,
PO-0004941,PKG-02,PROD-HS-110,2026-05-29,2026-05-29,2026-05-29,1035,completed,,
PO-0004942,PKG-02,PROD-HS-100,2026-05-29,2026-05-29,2026-05-29,763,completed,,
PO-0004943,PKG-02,PROD-LB-400,2026-05-29,2026-05-29,2026-05-29,793,completed,,
PO-0004944,PKG-02,PROD-AS-200,2026-05-29,2026-05-29,2026-05-29,690,completed,,
PO-0004945,PKG-02,PROD-AS-200,2026-05-29,2026-05-29,2026-05-29,1072,completed,,
PO-0004946,PKG-02,PROD-HS-110,2026-05-29,2026-05-29,2026-05-29,1348,completed,,
PO-0004947,PKG-02,PROD-HS-100,2026-05-29,2026-05-29,2026-05-29,1334,completed,,
PO-0004948,PKG-02,PROD-LB-400,2026-05-29,2026-05-29,2026-05-29,1438,completed,,
PO-0004949,PKG-02,PROD-HS-100,2026-05-29,2026-05-29,2026-05-29,1395,completed,,
PO-0004950,PKG-02,PROD-HS-100,2026-05-29,2026-05-29,2026-05-29,978,completed,,
PO-0004951,PKG-02,PROD-HS-110,2026-05-29,2026-05-29,2026-05-29,758,completed,,
PO-0004952,PKG-03,PROD-AS-200,2026-05-29,2026-05-29,2026-05-29,540,completed,,
PO-0004953,PKG-03,PROD-AS-200,2026-05-29,2026-05-29,2026-05-29,744,completed,,
PO-0004954,PKG-03,PROD-HS-100,2026-05-29,2026-05-29,2026-05-29,1227,completed,,
PO-0004955,PKG-03,PROD-AS-200,2026-05-29,2026-05-29,2026-05-29,772,completed,,
PO-0004956,PKG-03,PROD-HS-100,2026-05-29,2026-05-29,2026-05-29,822,completed,,
PO-0004957,PKG-03,PROD-LB-400,2026-05-29,2026-05-29,2026-05-29,1060,completed,,
PO-0004958,PKG-03,PROD-AS-200,2026-05-29,2026-05-29,2026-05-29,949,completed,,
PO-0004959,PKG-03,PROD-HS-100,2026-05-29,2026-05-29,2026-05-29,1193,completed,,
PO-0004960,PKG-04,PROD-AS-200,2026-05-29,2026-05-29,2026-05-29,495,completed,,
PO-0004961,PKG-04,PROD-VD-500,2026-05-29,2026-05-29,2026-05-29,823,completed,,
PO-0004962,PKG-04,PROD-LB-400,2026-05-29,2026-05-29,2026-05-29,859,completed,,
PO-0004963,PKG-04,PROD-VD-500,2026-05-29,2026-05-29,2026-05-29,693,completed,,
PO-0004964,PKG-04,PROD-VD-500,2026-05-29,2026-05-29,2026-05-29,664,completed,,
PO-0004965,PKG-04,PROD-LB-400,2026-05-29,2026-05-29,2026-05-29,761,completed,,
PO-0004966,PKG-04,PROD-VD-500,2026-05-29,2026-05-29,2026-05-29,797,completed,,
PO-0004967,PKG-05,PROD-HS-110,2026-05-29,2026-05-29,2026-05-29,642,completed,,
PO-0004968,PKG-05,PROD-LB-400,2026-05-29,2026-05-29,2026-05-29,431,completed,,
PO-0004969,PKG-05,PROD-AS-200,2026-05-29,2026-05-29,2026-05-29,723,completed,,
PO-0004970,PKG-05,PROD-HS-110,2026-05-29,2026-05-29,2026-05-29,875,completed,,
PO-0004971,PKG-05,PROD-LB-400,2026-05-29,2026-05-29,2026-05-29,442,completed,,
PO-0004972,PKG-05,PROD-AS-200,2026-05-29,2026-05-29,2026-05-29,836,completed,,
PO-0004973,PKG-05,PROD-LB-400,2026-05-29,2026-05-29,2026-05-29,765,completed,,
PO-0004974,PKG-05,PROD-AS-200,2026-05-29,2026-05-29,2026-05-29,828,completed,,
PO-0004975,PKG-06,PROD-HS-110,2026-05-29,2026-05-29,2026-05-29,945,completed,,
PO-0004976,PKG-06,PROD-DM-300,2026-05-29,2026-05-29,2026-05-29,596,completed,,
PO-0004977,PKG-06,PROD-DM-300,2026-05-29,2026-05-29,2026-05-29,1005,completed,,
PO-0004978,PKG-06,PROD-DM-300,2026-05-29,2026-05-29,2026-05-29,538,completed,,
PO-0004979,PKG-06,PROD-LB-400,2026-05-29,2026-05-29,2026-05-29,603,completed,,
PO-0004980,PKG-06,PROD-DM-300,2026-05-29,2026-05-29,2026-05-29,1122,completed,,
PO-0004981,PKG-06,PROD-HS-100,2026-05-29,2026-05-29,2026-05-29,728,completed,,
PO-0004982,PKG-06,PROD-DM-300,2026-05-29,2026-05-29,2026-05-29,565,completed,,
PO-0004983,PKG-06,PROD-DM-300,2026-05-29,2026-05-29,2026-05-29,801,completed,,
PO-0004984,PKG-01,PROD-DM-300,2026-05-30,2026-05-30,2026-05-30,1156,completed,,
PO-0004985,PKG-01,PROD-DM-300,2026-05-30,2026-05-30,2026-05-30,1141,completed,,
PO-0004986,PKG-01,PROD-DM-300,2026-05-30,2026-05-30,2026-05-30,860,completed,,
PO-0004987,PKG-01,PROD-VD-500,2026-05-30,2026-05-30,2026-05-30,760,completed,,
PO-0004988,PKG-01,PROD-DM-300,2026-05-30,2026-05-30,2026-05-30,699,completed,,
PO-0004989,PKG-01,PROD-DM-300,2026-05-30,2026-05-30,2026-05-30,1346,completed,,
PO-0004990,PKG-01,PROD-DM-300,2026-05-30,2026-05-30,2026-05-30,1362,completed,,
PO-0004991,PKG-01,PROD-DM-300,2026-05-30,2026-05-30,2026-05-30,748,completed,,
PO-0004992,PKG-01,PROD-DM-300,2026-05-30,2026-05-30,2026-05-30,1258,completed,,
PO-0004993,PKG-01,PROD-DM-300,2026-05-30,2026-05-30,2026-05-30,838,completed,,
PO-0004994,PKG-01,PROD-DM-300,2026-05-30,2026-05-30,2026-05-30,1515,completed,,
PO-0004995,PKG-01,PROD-DM-300,2026-05-30,2026-05-30,2026-05-30,1361,completed,,
PO-0004996,PKG-01,PROD-VD-500,2026-05-30,2026-05-30,2026-05-30,872,completed,,
PO-0004997,PKG-01,PROD-DM-300,2026-05-30,2026-05-30,2026-05-30,866,completed,,
PO-0004998,PKG-01,PROD-AS-200,2026-05-30,2026-05-30,2026-05-30,1554,completed,,
PO-0004999,PKG-01,PROD-DM-300,2026-05-30,2026-05-30,2026-05-30,1300,completed,,
PO-0005000,PKG-01,PROD-DM-300,2026-05-30,2026-05-30,2026-05-30,1588,completed,,
PO-0005001,PKG-02,PROD-HS-100,2026-05-30,2026-05-30,2026-05-30,1006,completed,,
PO-0005002,PKG-02,PROD-HS-100,2026-05-30,2026-05-30,2026-05-30,1228,completed,,
PO-0005003,PKG-02,PROD-HS-100,2026-05-30,2026-05-30,2026-05-30,1133,completed,,
PO-0005004,PKG-02,PROD-HS-100,2026-05-30,2026-05-30,2026-05-30,1188,completed,,
PO-0005005,PKG-02,PROD-HS-100,2026-05-30,2026-05-30,2026-05-30,1203,completed,,
PO-0005006,PKG-02,PROD-AS-200,2026-05-30,2026-05-30,2026-05-30,1060,completed,,
PO-0005007,PKG-02,PROD-HS-100,2026-05-30,2026-05-30,2026-05-30,791,completed,,
PO-0005008,PKG-02,PROD-HS-100,2026-05-30,2026-05-30,2026-05-30,1391,completed,,
PO-0005009,PKG-02,PROD-HS-100,2026-05-30,2026-05-30,2026-05-30,1108,completed,,
PO-0005010,PKG-02,PROD-AS-200,2026-05-30,2026-05-30,2026-05-30,1244,completed,,
PO-0005011,PKG-02,PROD-HS-100,2026-05-30,2026-05-30,2026-05-30,931,completed,,
PO-0005012,PKG-02,PROD-HS-100,2026-05-30,2026-05-30,2026-05-30,1110,completed,,
PO-0005013,PKG-02,PROD-HS-110,2026-05-30,2026-05-30,2026-05-30,1316,completed,,
PO-0005014,PKG-02,PROD-HS-100,2026-05-30,2026-05-30,2026-05-30,1036,completed,,
PO-0005015,PKG-02,PROD-HS-100,2026-05-30,2026-05-30,2026-05-30,1455,completed,,
PO-0005016,PKG-03,PROD-HS-110,2026-05-30,2026-05-30,2026-05-30,1177,completed,,
PO-0005017,PKG-03,PROD-HS-100,2026-05-30,2026-05-30,2026-05-30,649,completed,,
PO-0005018,PKG-03,PROD-HS-110,2026-05-30,2026-05-30,2026-05-30,612,completed,,
PO-0005019,PKG-03,PROD-LB-400,2026-05-30,2026-05-30,2026-05-30,993,completed,,
PO-0005020,PKG-03,PROD-AS-200,2026-05-30,2026-05-30,2026-05-30,1026,completed,,
PO-0005021,PKG-03,PROD-AS-200,2026-05-30,2026-05-30,2026-05-30,843,completed,,
PO-0005022,PKG-03,PROD-HS-110,2026-05-30,2026-05-30,2026-05-30,1123,completed,,
PO-0005023,PKG-03,PROD-HS-100,2026-05-30,2026-05-30,2026-05-30,754,completed,,
PO-0005024,PKG-04,PROD-VD-500,2026-05-30,2026-05-30,2026-05-30,460,completed,,
PO-0005025,PKG-04,PROD-VD-500,2026-05-30,2026-05-30,2026-05-30,687,completed,,
PO-0005026,PKG-04,PROD-DM-300,2026-05-30,2026-05-30,2026-05-30,426,completed,,
PO-0005027,PKG-04,PROD-VD-500,2026-05-30,2026-05-30,2026-05-30,769,completed,,
PO-0005028,PKG-04,PROD-VD-500,2026-05-30,2026-05-30,2026-05-30,452,completed,,
PO-0005029,PKG-04,PROD-VD-500,2026-05-30,2026-05-30,2026-05-30,784,completed,,
PO-0005030,PKG-04,PROD-DM-300,2026-05-30,2026-05-30,2026-05-30,709,completed,,
PO-0005031,PKG-05,PROD-HS-110,2026-05-30,2026-05-30,2026-05-30,890,completed,,
PO-0005032,PKG-05,PROD-LB-400,2026-05-30,2026-05-30,2026-05-30,578,completed,,
PO-0005033,PKG-05,PROD-VD-500,2026-05-30,2026-05-30,2026-05-30,550,completed,,
PO-0005034,PKG-05,PROD-HS-110,2026-05-30,2026-05-30,2026-05-30,614,completed,,
PO-0005035,PKG-05,PROD-HS-100,2026-05-30,2026-05-30,2026-05-30,599,completed,,
PO-0005036,PKG-05,PROD-AS-200,2026-05-30,2026-05-30,2026-05-30,417,completed,,
PO-0005037,PKG-05,PROD-AS-200,2026-05-30,2026-05-30,2026-05-30,904,completed,,
PO-0005038,PKG-05,PROD-LB-400,2026-05-30,2026-05-30,2026-05-30,470,completed,,
PO-0005039,PKG-06,PROD-DM-300,2026-05-30,2026-05-30,2026-05-30,699,completed,,
PO-0005040,PKG-06,PROD-AS-200,2026-05-30,2026-05-30,2026-05-30,521,completed,,
PO-0005041,PKG-06,PROD-DM-300,2026-05-30,2026-05-30,2026-05-30,791,completed,,
PO-0005042,PKG-06,PROD-DM-300,2026-05-30,2026-05-30,2026-05-30,562,completed,,
PO-0005043,PKG-06,PROD-VD-500,2026-05-30,2026-05-30,2026-05-30,771,completed,,
PO-0005044,PKG-06,PROD-DM-300,2026-05-30,2026-05-30,2026-05-30,1100,completed,,
PO-0005045,PKG-06,PROD-VD-500,2026-05-30,2026-05-30,2026-05-30,709,completed,,
PO-0005046,PKG-06,PROD-VD-500,2026-05-30,2026-05-30,2026-05-30,1046,completed,,
PO-0005047,PKG-06,PROD-DM-300,2026-05-30,2026-05-30,2026-05-30,768,completed,,
PO-0005048,PKG-01,PROD-DM-300,2026-06-01,2026-06-01,2026-06-01,810,completed,,
PO-0005049,PKG-01,PROD-DM-300,2026-06-01,2026-06-01,2026-06-01,1503,completed,,
PO-0005050,PKG-01,PROD-DM-300,2026-06-01,2026-06-01,2026-06-01,1314,completed,,
PO-0005051,PKG-01,PROD-AS-200,2026-06-01,2026-06-01,2026-06-01,1135,completed,,
PO-0005052,PKG-01,PROD-AS-200,2026-06-01,2026-06-01,2026-06-01,844,completed,,
PO-0005053,PKG-01,PROD-DM-300,2026-06-01,2026-06-01,2026-06-01,1496,completed,,
PO-0005054,PKG-01,PROD-DM-300,2026-06-01,2026-06-01,2026-06-01,693,completed,,
PO-0005055,PKG-01,PROD-DM-300,2026-06-01,2026-06-01,2026-06-01,755,completed,,
PO-0005056,PKG-01,PROD-DM-300,2026-06-01,2026-06-01,2026-06-01,1493,completed,,
PO-0005057,PKG-01,PROD-DM-300,2026-06-01,2026-06-01,2026-06-01,1364,completed,,
PO-0005058,PKG-01,PROD-DM-300,2026-06-01,2026-06-01,2026-06-01,762,completed,,
PO-0005059,PKG-01,PROD-DM-300,2026-06-01,2026-06-01,2026-06-01,1502,completed,,
PO-0005060,PKG-01,PROD-DM-300,2026-06-01,2026-06-01,2026-06-01,814,completed,,
PO-0005061,PKG-01,PROD-DM-300,2026-06-01,2026-06-01,2026-06-01,667,completed,,
PO-0005062,PKG-01,PROD-DM-300,2026-06-01,2026-06-01,2026-06-01,727,completed,,
PO-0005063,PKG-01,PROD-HS-100,2026-06-01,2026-06-01,2026-06-01,992,completed,,
PO-0005064,PKG-01,PROD-DM-300,2026-06-01,2026-06-01,2026-06-01,1122,completed,,
PO-0005065,PKG-01,PROD-DM-300,2026-06-01,2026-06-01,2026-06-01,1378,completed,,
PO-0005066,PKG-02,PROD-HS-100,2026-06-01,2026-06-01,2026-06-01,886,completed,,
PO-0005067,PKG-02,PROD-HS-100,2026-06-01,2026-06-01,2026-06-01,896,completed,,
PO-0005068,PKG-02,PROD-HS-110,2026-06-01,2026-06-01,2026-06-01,1453,completed,,
PO-0005069,PKG-02,PROD-HS-110,2026-06-01,2026-06-01,2026-06-01,1469,completed,,
PO-0005070,PKG-02,PROD-HS-110,2026-06-01,2026-06-01,2026-06-01,1159,completed,,
PO-0005071,PKG-02,PROD-HS-100,2026-06-01,2026-06-01,2026-06-01,697,completed,,
PO-0005072,PKG-02,PROD-HS-100,2026-06-01,2026-06-01,2026-06-01,1072,completed,,
PO-0005073,PKG-02,PROD-HS-100,2026-06-01,2026-06-01,2026-06-01,898,completed,,
PO-0005074,PKG-02,PROD-AS-200,2026-06-01,2026-06-01,2026-06-01,1167,completed,,
PO-0005075,PKG-02,PROD-HS-100,2026-06-01,2026-06-01,2026-06-01,1247,completed,,
PO-0005076,PKG-02,PROD-HS-100,2026-06-01,2026-06-01,2026-06-01,1222,completed,,
PO-0005077,PKG-02,PROD-HS-100,2026-06-01,2026-06-01,2026-06-01,936,completed,,
PO-0005078,PKG-02,PROD-AS-200,2026-06-01,2026-06-01,2026-06-01,1463,completed,,
PO-0005079,PKG-02,PROD-HS-100,2026-06-01,2026-06-01,2026-06-01,1399,completed,,
PO-0005080,PKG-02,PROD-VD-500,2026-06-01,2026-06-01,2026-06-01,759,completed,,
PO-0005081,PKG-03,PROD-HS-100,2026-06-01,2026-06-01,2026-06-01,721,completed,,
PO-0005082,PKG-03,PROD-HS-110,2026-06-01,2026-06-01,2026-06-01,836,completed,,
PO-0005083,PKG-03,PROD-HS-100,2026-06-01,2026-06-01,2026-06-01,1099,completed,,
PO-0005084,PKG-03,PROD-LB-400,2026-06-01,2026-06-01,2026-06-01,763,completed,,
PO-0005085,PKG-03,PROD-AS-200,2026-06-01,2026-06-01,2026-06-01,882,completed,,
PO-0005086,PKG-03,PROD-HS-110,2026-06-01,2026-06-01,2026-06-01,684,completed,,
PO-0005087,PKG-03,PROD-LB-400,2026-06-01,2026-06-01,2026-06-01,1179,completed,,
PO-0005088,PKG-03,PROD-HS-100,2026-06-01,2026-06-01,2026-06-01,630,completed,,
PO-0005089,PKG-04,PROD-VD-500,2026-06-01,2026-06-01,2026-06-01,738,completed,,
PO-0005090,PKG-04,PROD-VD-500,2026-06-01,2026-06-01,2026-06-01,700,completed,,
PO-0005091,PKG-04,PROD-VD-500,2026-06-01,2026-06-01,2026-06-01,519,completed,,
PO-0005092,PKG-04,PROD-VD-500,2026-06-01,2026-06-01,2026-06-01,718,completed,,
PO-0005093,PKG-04,PROD-VD-500,2026-06-01,2026-06-01,2026-06-01,650,completed,,
PO-0005094,PKG-04,PROD-VD-500,2026-06-01,2026-06-01,2026-06-01,615,completed,,
PO-0005095,PKG-04,PROD-HS-100,2026-06-01,2026-06-01,2026-06-01,772,completed,,
PO-0005096,PKG-05,PROD-HS-110,2026-06-01,2026-06-01,2026-06-01,953,maintenance_blocked,,MW-PKG-05-202605
PO-0005097,PKG-05,PROD-HS-100,2026-06-01,2026-06-01,2026-06-01,758,maintenance_blocked,,MW-PKG-05-202605
PO-0005098,PKG-05,PROD-HS-100,2026-06-01,2026-06-01,2026-06-01,554,maintenance_blocked,,MW-PKG-05-202605
PO-0005099,PKG-05,PROD-LB-400,2026-06-01,2026-06-01,2026-06-01,870,maintenance_blocked,,MW-PKG-05-202605
PO-0005100,PKG-05,PROD-HS-110,2026-06-01,2026-06-01,2026-06-01,674,maintenance_blocked,,MW-PKG-05-202605
PO-0005101,PKG-05,PROD-LB-400,2026-06-01,2026-06-01,2026-06-01,558,maintenance_blocked,,MW-PKG-05-202605
PO-0005102,PKG-05,PROD-AS-200,2026-06-01,2026-06-01,2026-06-01,937,maintenance_blocked,,MW-PKG-05-202605
PO-0005103,PKG-05,PROD-HS-100,2026-06-01,2026-06-01,2026-06-01,494,maintenance_blocked,,MW-PKG-05-202605
PO-0005104,PKG-06,PROD-AS-200,2026-06-01,2026-06-01,2026-06-01,577,completed,,
PO-0005105,PKG-06,PROD-DM-300,2026-06-01,2026-06-01,2026-06-01,743,completed,,
PO-0005106,PKG-06,PROD-DM-300,2026-06-01,2026-06-01,2026-06-01,568,completed,,
PO-0005107,PKG-06,PROD-DM-300,2026-06-01,2026-06-01,2026-06-01,597,completed,,
PO-0005108,PKG-06,PROD-DM-300,2026-06-01,2026-06-01,2026-06-01,662,completed,,
PO-0005109,PKG-06,PROD-HS-100,2026-06-01,2026-06-01,2026-06-01,791,completed,,
PO-0005110,PKG-06,PROD-DM-300,2026-06-01,2026-06-01,2026-06-01,730,completed,,
PO-0005111,PKG-06,PROD-DM-300,2026-06-01,2026-06-01,2026-06-01,855,completed,,
PO-0005112,PKG-06,PROD-DM-300,2026-06-01,2026-06-01,2026-06-01,855,completed,,
PO-0005113,PKG-01,PROD-DM-300,2026-06-02,2026-06-02,2026-06-02,1317,completed,,
PO-0005114,PKG-01,PROD-DM-300,2026-06-02,2026-06-02,2026-06-02,1158,completed,,
PO-0005115,PKG-01,PROD-DM-300,2026-06-02,2026-06-02,2026-06-02,1430,completed,,
PO-0005116,PKG-01,PROD-DM-300,2026-06-02,2026-06-02,2026-06-02,788,completed,,
PO-0005117,PKG-01,PROD-DM-300,2026-06-02,2026-06-02,2026-06-02,1190,completed,,
PO-0005118,PKG-01,PROD-DM-300,2026-06-02,2026-06-02,2026-06-02,790,completed,,
PO-0005119,PKG-01,PROD-DM-300,2026-06-02,2026-06-02,2026-06-02,971,completed,,
PO-0005120,PKG-01,PROD-DM-300,2026-06-02,2026-06-02,2026-06-02,758,completed,,
PO-0005121,PKG-01,PROD-DM-300,2026-06-02,2026-06-02,2026-06-02,824,completed,,
PO-0005122,PKG-01,PROD-DM-300,2026-06-02,2026-06-02,2026-06-02,1233,completed,,
PO-0005123,PKG-01,PROD-DM-300,2026-06-02,2026-06-02,2026-06-02,1461,completed,,
PO-0005124,PKG-01,PROD-AS-200,2026-06-02,2026-06-02,2026-06-02,1203,completed,,
PO-0005125,PKG-01,PROD-DM-300,2026-06-02,2026-06-02,2026-06-02,1167,completed,,
PO-0005126,PKG-01,PROD-DM-300,2026-06-02,2026-06-02,2026-06-02,673,completed,,
PO-0005127,PKG-01,PROD-DM-300,2026-06-02,2026-06-02,2026-06-02,1312,completed,,
PO-0005128,PKG-01,PROD-DM-300,2026-06-02,2026-06-02,2026-06-02,1263,completed,,
PO-0005129,PKG-01,PROD-AS-200,2026-06-02,2026-06-02,2026-06-02,1280,completed,,
PO-0005130,PKG-01,PROD-DM-300,2026-06-02,2026-06-02,2026-06-02,1272,completed,,
PO-0005131,PKG-02,PROD-HS-100,2026-06-02,2026-06-02,2026-06-02,1346,completed,,
PO-0005132,PKG-02,PROD-HS-100,2026-06-02,2026-06-02,2026-06-02,1331,completed,,
PO-0005133,PKG-02,PROD-HS-100,2026-06-02,2026-06-02,2026-06-02,733,completed,,
PO-0005134,PKG-02,PROD-HS-110,2026-06-02,2026-06-02,2026-06-02,1196,completed,,
PO-0005135,PKG-02,PROD-LB-400,2026-06-02,2026-06-02,2026-06-02,987,completed,,
PO-0005136,PKG-02,PROD-HS-110,2026-06-02,2026-06-02,2026-06-02,971,completed,,
PO-0005137,PKG-02,PROD-HS-100,2026-06-02,2026-06-02,2026-06-02,1013,completed,,
PO-0005138,PKG-02,PROD-HS-100,2026-06-02,2026-06-02,2026-06-02,939,completed,,
PO-0005139,PKG-02,PROD-HS-100,2026-06-02,2026-06-02,2026-06-02,917,completed,,
PO-0005140,PKG-02,PROD-HS-100,2026-06-02,2026-06-02,2026-06-02,960,completed,,
PO-0005141,PKG-02,PROD-AS-200,2026-06-02,2026-06-02,2026-06-02,846,completed,,
PO-0005142,PKG-02,PROD-HS-100,2026-06-02,2026-06-02,2026-06-02,908,completed,,
PO-0005143,PKG-02,PROD-LB-400,2026-06-02,2026-06-02,2026-06-02,1224,completed,,
PO-0005144,PKG-02,PROD-LB-400,2026-06-02,2026-06-02,2026-06-02,1041,completed,,
PO-0005145,PKG-02,PROD-HS-100,2026-06-02,2026-06-02,2026-06-02,872,completed,,
PO-0005146,PKG-02,PROD-HS-100,2026-06-02,2026-06-02,2026-06-02,1374,completed,,
PO-0005147,PKG-03,PROD-AS-200,2026-06-02,2026-06-02,2026-06-02,1184,completed,,
PO-0005148,PKG-03,PROD-HS-100,2026-06-02,2026-06-02,2026-06-02,1150,completed,,
PO-0005149,PKG-03,PROD-HS-100,2026-06-02,2026-06-02,2026-06-02,580,completed,,
PO-0005150,PKG-03,PROD-AS-200,2026-06-02,2026-06-02,2026-06-02,1022,completed,,
PO-0005151,PKG-03,PROD-AS-200,2026-06-02,2026-06-02,2026-06-02,941,completed,,
PO-0005152,PKG-03,PROD-HS-110,2026-06-02,2026-06-02,2026-06-02,1059,completed,,
PO-0005153,PKG-03,PROD-HS-100,2026-06-02,2026-06-02,2026-06-02,1140,completed,,
PO-0005154,PKG-03,PROD-HS-100,2026-06-02,2026-06-02,2026-06-02,798,completed,,
PO-0005155,PKG-04,PROD-VD-500,2026-06-02,2026-06-02,2026-06-02,578,completed,,
PO-0005156,PKG-04,PROD-AS-200,2026-06-02,2026-06-02,2026-06-02,837,completed,,
PO-0005157,PKG-04,PROD-VD-500,2026-06-02,2026-06-02,2026-06-02,503,completed,,
PO-0005158,PKG-04,PROD-VD-500,2026-06-02,2026-06-02,2026-06-02,645,completed,,
PO-0005159,PKG-04,PROD-VD-500,2026-06-02,2026-06-02,2026-06-02,506,completed,,
PO-0005160,PKG-04,PROD-HS-110,2026-06-02,2026-06-02,2026-06-02,803,completed,,
PO-0005161,PKG-04,PROD-AS-200,2026-06-02,2026-06-02,2026-06-02,464,completed,,
PO-0005162,PKG-05,PROD-DM-300,2026-06-02,2026-06-02,2026-06-02,496,maintenance_blocked,,MW-PKG-05-202605
PO-0005163,PKG-05,PROD-AS-200,2026-06-02,2026-06-02,2026-06-02,552,maintenance_blocked,,MW-PKG-05-202605
PO-0005164,PKG-05,PROD-HS-100,2026-06-02,2026-06-02,2026-06-02,682,maintenance_blocked,,MW-PKG-05-202605
PO-0005165,PKG-05,PROD-LB-400,2026-06-02,2026-06-02,2026-06-02,915,maintenance_blocked,,MW-PKG-05-202605
PO-0005166,PKG-05,PROD-DM-300,2026-06-02,2026-06-02,2026-06-02,603,maintenance_blocked,,MW-PKG-05-202605
PO-0005167,PKG-05,PROD-AS-200,2026-06-02,2026-06-02,2026-06-02,459,maintenance_blocked,,MW-PKG-05-202605
PO-0005168,PKG-05,PROD-AS-200,2026-06-02,2026-06-02,2026-06-02,920,maintenance_blocked,,MW-PKG-05-202605
PO-0005169,PKG-05,PROD-LB-400,2026-06-02,2026-06-02,2026-06-02,742,maintenance_blocked,,MW-PKG-05-202605
PO-0005170,PKG-06,PROD-DM-300,2026-06-02,2026-06-02,2026-06-02,626,completed,,
PO-0005171,PKG-06,PROD-HS-110,2026-06-02,2026-06-02,2026-06-02,665,completed,,
PO-0005172,PKG-06,PROD-DM-300,2026-06-02,2026-06-02,2026-06-02,542,completed,,
PO-0005173,PKG-06,PROD-DM-300,2026-06-02,2026-06-02,2026-06-02,684,completed,,
PO-0005174,PKG-06,PROD-HS-100,2026-06-02,2026-06-02,2026-06-02,801,completed,,
PO-0005175,PKG-06,PROD-DM-300,2026-06-02,2026-06-02,2026-06-02,732,completed,,
PO-0005176,PKG-06,PROD-DM-300,2026-06-02,2026-06-02,2026-06-02,806,completed,,
PO-0005177,PKG-06,PROD-DM-300,2026-06-02,2026-06-02,2026-06-02,720,completed,,
PO-0005178,PKG-06,PROD-DM-300,2026-06-02,2026-06-02,2026-06-02,862,completed,,
PO-0005179,PKG-01,PROD-DM-300,2026-06-03,2026-06-03,2026-06-03,1055,completed,,
PO-0005180,PKG-01,PROD-DM-300,2026-06-03,2026-06-03,2026-06-03,954,completed,,
PO-0005181,PKG-01,PROD-DM-300,2026-06-03,2026-06-03,2026-06-03,1208,completed,,
PO-0005182,PKG-01,PROD-DM-300,2026-06-03,2026-06-03,2026-06-03,1096,completed,,
PO-0005183,PKG-01,PROD-DM-300,2026-06-03,2026-06-03,2026-06-03,720,completed,,
PO-0005184,PKG-01,PROD-HS-100,2026-06-03,2026-06-03,2026-06-03,711,completed,,
PO-0005185,PKG-01,PROD-VD-500,2026-06-03,2026-06-03,2026-06-03,706,completed,,
PO-0005186,PKG-01,PROD-DM-300,2026-06-03,2026-06-03,2026-06-03,848,completed,,
PO-0005187,PKG-01,PROD-LB-400,2026-06-03,2026-06-03,2026-06-03,1277,completed,,
PO-0005188,PKG-01,PROD-AS-200,2026-06-03,2026-06-03,2026-06-03,1090,completed,,
PO-0005189,PKG-01,PROD-DM-300,2026-06-03,2026-06-03,2026-06-03,1568,completed,,
PO-0005190,PKG-01,PROD-DM-300,2026-06-03,2026-06-03,2026-06-03,1436,completed,,
PO-0005191,PKG-01,PROD-DM-300,2026-06-03,2026-06-03,2026-06-03,1053,completed,,
PO-0005192,PKG-01,PROD-DM-300,2026-06-03,2026-06-03,2026-06-03,1060,completed,,
PO-0005193,PKG-01,PROD-VD-500,2026-06-03,2026-06-03,2026-06-03,1485,completed,,
PO-0005194,PKG-01,PROD-DM-300,2026-06-03,2026-06-03,2026-06-03,863,completed,,
PO-0005195,PKG-01,PROD-AS-200,2026-06-03,2026-06-03,2026-06-03,1212,completed,,
PO-0005196,PKG-02,PROD-HS-110,2026-06-03,2026-06-03,2026-06-03,1251,completed,,
PO-0005197,PKG-02,PROD-HS-100,2026-06-03,2026-06-03,2026-06-03,1397,completed,,
PO-0005198,PKG-02,PROD-LB-400,2026-06-03,2026-06-03,2026-06-03,706,completed,,
PO-0005199,PKG-02,PROD-LB-400,2026-06-03,2026-06-03,2026-06-03,1262,completed,,
PO-0005200,PKG-02,PROD-LB-400,2026-06-03,2026-06-03,2026-06-03,652,completed,,
PO-0005201,PKG-02,PROD-HS-100,2026-06-03,2026-06-03,2026-06-03,895,completed,,
PO-0005202,PKG-02,PROD-HS-100,2026-06-03,2026-06-03,2026-06-03,660,completed,,
PO-0005203,PKG-02,PROD-VD-500,2026-06-03,2026-06-03,2026-06-03,1176,completed,,
PO-0005204,PKG-02,PROD-HS-100,2026-06-03,2026-06-03,2026-06-03,1037,completed,,
PO-0005205,PKG-02,PROD-LB-400,2026-06-03,2026-06-03,2026-06-03,972,completed,,
PO-0005206,PKG-02,PROD-HS-110,2026-06-03,2026-06-03,2026-06-03,1323,completed,,
PO-0005207,PKG-02,PROD-HS-100,2026-06-03,2026-06-03,2026-06-03,916,completed,,
PO-0005208,PKG-02,PROD-LB-400,2026-06-03,2026-06-03,2026-06-03,1355,completed,,
PO-0005209,PKG-02,PROD-AS-200,2026-06-03,2026-06-03,2026-06-03,1318,completed,,
PO-0005210,PKG-02,PROD-LB-400,2026-06-03,2026-06-03,2026-06-03,945,completed,,
PO-0005211,PKG-03,PROD-HS-110,2026-06-03,2026-06-03,2026-06-03,846,completed,,
PO-0005212,PKG-03,PROD-LB-400,2026-06-03,2026-06-03,2026-06-03,958,completed,,
PO-0005213,PKG-03,PROD-HS-110,2026-06-03,2026-06-03,2026-06-03,767,completed,,
PO-0005214,PKG-03,PROD-LB-400,2026-06-03,2026-06-03,2026-06-03,818,completed,,
PO-0005215,PKG-03,PROD-AS-200,2026-06-03,2026-06-03,2026-06-03,808,completed,,
PO-0005216,PKG-03,PROD-HS-100,2026-06-03,2026-06-03,2026-06-03,1061,completed,,
PO-0005217,PKG-03,PROD-HS-100,2026-06-03,2026-06-03,2026-06-03,825,completed,,
PO-0005218,PKG-03,PROD-HS-100,2026-06-03,2026-06-03,2026-06-03,837,completed,,
PO-0005219,PKG-03,PROD-LB-400,2026-06-03,2026-06-03,2026-06-03,641,completed,,
PO-0005220,PKG-04,PROD-VD-500,2026-06-03,2026-06-03,2026-06-03,514,completed,,
PO-0005221,PKG-04,PROD-VD-500,2026-06-03,2026-06-03,2026-06-03,870,completed,,
PO-0005222,PKG-04,PROD-VD-500,2026-06-03,2026-06-03,2026-06-03,743,completed,,
PO-0005223,PKG-04,PROD-VD-500,2026-06-03,2026-06-03,2026-06-03,415,completed,,
PO-0005224,PKG-04,PROD-HS-100,2026-06-03,2026-06-03,2026-06-03,608,completed,,
PO-0005225,PKG-04,PROD-VD-500,2026-06-03,2026-06-03,2026-06-03,850,completed,,
PO-0005226,PKG-04,PROD-VD-500,2026-06-03,2026-06-03,2026-06-03,500,completed,,
PO-0005227,PKG-05,PROD-DM-300,2026-06-03,2026-06-03,2026-06-03,771,completed,,
PO-0005228,PKG-05,PROD-HS-110,2026-06-03,2026-06-03,2026-06-03,642,completed,,
PO-0005229,PKG-05,PROD-HS-100,2026-06-03,2026-06-03,2026-06-03,534,completed,,
PO-0005230,PKG-05,PROD-HS-100,2026-06-03,2026-06-03,2026-06-03,464,completed,,
PO-0005231,PKG-05,PROD-LB-400,2026-06-03,2026-06-03,2026-06-03,668,completed,,
PO-0005232,PKG-05,PROD-LB-400,2026-06-03,2026-06-03,2026-06-03,486,completed,,
PO-0005233,PKG-05,PROD-AS-200,2026-06-03,2026-06-03,2026-06-03,869,completed,,
PO-0005234,PKG-05,PROD-HS-100,2026-06-03,2026-06-03,2026-06-03,724,completed,,
PO-0005235,PKG-06,PROD-DM-300,2026-06-03,2026-06-03,2026-06-03,1032,completed,,
PO-0005236,PKG-06,PROD-DM-300,2026-06-03,2026-06-03,2026-06-03,1046,completed,,
PO-0005237,PKG-06,PROD-AS-200,2026-06-03,2026-06-03,2026-06-03,857,completed,,
PO-0005238,PKG-06,PROD-LB-400,2026-06-03,2026-06-03,2026-06-03,516,completed,,
PO-0005239,PKG-06,PROD-DM-300,2026-06-03,2026-06-03,2026-06-03,1141,completed,,
PO-0005240,PKG-06,PROD-DM-300,2026-06-03,2026-06-03,2026-06-03,736,completed,,
PO-0005241,PKG-06,PROD-DM-300,2026-06-03,2026-06-03,2026-06-03,908,completed,,
PO-0005242,PKG-06,PROD-DM-300,2026-06-03,2026-06-03,2026-06-03,816,completed,,
PO-0005243,PKG-06,PROD-DM-300,2026-06-03,2026-06-03,2026-06-03,1017,completed,,
PO-0005244,PKG-01,PROD-DM-300,2026-06-04,2026-06-04,2026-06-04,823,completed,,
PO-0005245,PKG-01,PROD-DM-300,2026-06-04,2026-06-04,2026-06-04,1072,completed,,
PO-0005246,PKG-01,PROD-DM-300,2026-06-04,2026-06-04,2026-06-04,1390,completed,,
PO-0005247,PKG-01,PROD-AS-200,2026-06-04,2026-06-04,2026-06-04,963,completed,,
PO-0005248,PKG-01,PROD-VD-500,2026-06-04,2026-06-04,2026-06-04,1357,completed,,
PO-0005249,PKG-01,PROD-AS-200,2026-06-04,2026-06-04,2026-06-04,1447,completed,,
PO-0005250,PKG-01,PROD-DM-300,2026-06-04,2026-06-04,2026-06-04,1534,completed,,
PO-0005251,PKG-01,PROD-DM-300,2026-06-04,2026-06-04,2026-06-04,961,completed,,
PO-0005252,PKG-01,PROD-DM-300,2026-06-04,2026-06-04,2026-06-04,1140,completed,,
PO-0005253,PKG-01,PROD-DM-300,2026-06-04,2026-06-04,2026-06-04,1441,completed,,
PO-0005254,PKG-01,PROD-DM-300,2026-06-04,2026-06-04,2026-06-04,1604,completed,,
PO-0005255,PKG-01,PROD-DM-300,2026-06-04,2026-06-04,2026-06-04,1269,completed,,
PO-0005256,PKG-01,PROD-VD-500,2026-06-04,2026-06-04,2026-06-04,1289,completed,,
PO-0005257,PKG-01,PROD-DM-300,2026-06-04,2026-06-04,2026-06-04,1534,completed,,
PO-0005258,PKG-01,PROD-DM-300,2026-06-04,2026-06-04,2026-06-04,1502,completed,,
PO-0005259,PKG-01,PROD-DM-300,2026-06-04,2026-06-04,2026-06-04,1588,completed,,
PO-0005260,PKG-01,PROD-DM-300,2026-06-04,2026-06-04,2026-06-04,1006,completed,,
PO-0005261,PKG-02,PROD-HS-100,2026-06-04,2026-06-04,2026-06-04,1141,completed,,
PO-0005262,PKG-02,PROD-HS-100,2026-06-04,2026-06-04,2026-06-04,757,completed,,
PO-0005263,PKG-02,PROD-AS-200,2026-06-04,2026-06-04,2026-06-04,1355,completed,,
PO-0005264,PKG-02,PROD-AS-200,2026-06-04,2026-06-04,2026-06-04,1053,completed,,
PO-0005265,PKG-02,PROD-HS-110,2026-06-04,2026-06-04,2026-06-04,726,completed,,
PO-0005266,PKG-02,PROD-HS-100,2026-06-04,2026-06-04,2026-06-04,841,completed,,
PO-0005267,PKG-02,PROD-HS-100,2026-06-04,2026-06-04,2026-06-04,1245,completed,,
PO-0005268,PKG-02,PROD-HS-100,2026-06-04,2026-06-04,2026-06-04,1407,completed,,
PO-0005269,PKG-02,PROD-HS-100,2026-06-04,2026-06-04,2026-06-04,993,completed,,
PO-0005270,PKG-02,PROD-HS-100,2026-06-04,2026-06-04,2026-06-04,738,completed,,
PO-0005271,PKG-02,PROD-AS-200,2026-06-04,2026-06-04,2026-06-04,1130,completed,,
PO-0005272,PKG-02,PROD-HS-100,2026-06-04,2026-06-04,2026-06-04,972,completed,,
PO-0005273,PKG-02,PROD-HS-100,2026-06-04,2026-06-04,2026-06-04,1197,completed,,
PO-0005274,PKG-02,PROD-AS-200,2026-06-04,2026-06-04,2026-06-04,1368,completed,,
PO-0005275,PKG-02,PROD-HS-100,2026-06-04,2026-06-04,2026-06-04,643,completed,,
PO-0005276,PKG-03,PROD-HS-100,2026-06-04,2026-06-04,2026-06-04,950,completed,,
PO-0005277,PKG-03,PROD-LB-400,2026-06-04,2026-06-04,2026-06-04,858,completed,,
PO-0005278,PKG-03,PROD-AS-200,2026-06-04,2026-06-04,2026-06-04,944,completed,,
PO-0005279,PKG-03,PROD-HS-110,2026-06-04,2026-06-04,2026-06-04,599,completed,,
PO-0005280,PKG-03,PROD-DM-300,2026-06-04,2026-06-04,2026-06-04,826,completed,,
PO-0005281,PKG-03,PROD-AS-200,2026-06-04,2026-06-04,2026-06-04,729,completed,,
PO-0005282,PKG-03,PROD-LB-400,2026-06-04,2026-06-04,2026-06-04,1004,completed,,
PO-0005283,PKG-03,PROD-HS-100,2026-06-04,2026-06-04,2026-06-04,795,completed,,
PO-0005284,PKG-03,PROD-HS-100,2026-06-04,2026-06-04,2026-06-04,679,completed,,
PO-0005285,PKG-04,PROD-AS-200,2026-06-04,2026-06-04,2026-06-04,472,completed,,
PO-0005286,PKG-04,PROD-VD-500,2026-06-04,2026-06-04,2026-06-04,402,completed,,
PO-0005287,PKG-04,PROD-VD-500,2026-06-04,2026-06-04,2026-06-04,551,completed,,
PO-0005288,PKG-04,PROD-DM-300,2026-06-04,2026-06-04,2026-06-04,734,completed,,
PO-0005289,PKG-04,PROD-VD-500,2026-06-04,2026-06-04,2026-06-04,873,completed,,
PO-0005290,PKG-04,PROD-VD-500,2026-06-04,2026-06-04,2026-06-04,416,completed,,
PO-0005291,PKG-04,PROD-LB-400,2026-06-04,2026-06-04,2026-06-04,409,completed,,
PO-0005292,PKG-05,PROD-AS-200,2026-06-04,2026-06-04,2026-06-04,754,completed,,
PO-0005293,PKG-05,PROD-LB-400,2026-06-04,2026-06-04,2026-06-04,465,completed,,
PO-0005294,PKG-05,PROD-LB-400,2026-06-04,2026-06-04,2026-06-04,941,completed,,
PO-0005295,PKG-05,PROD-HS-100,2026-06-04,2026-06-04,2026-06-04,897,completed,,
PO-0005296,PKG-05,PROD-LB-400,2026-06-04,2026-06-04,2026-06-04,823,completed,,
PO-0005297,PKG-05,PROD-HS-100,2026-06-04,2026-06-04,2026-06-04,811,completed,,
PO-0005298,PKG-05,PROD-DM-300,2026-06-04,2026-06-04,2026-06-04,835,completed,,
PO-0005299,PKG-05,PROD-HS-110,2026-06-04,2026-06-04,2026-06-04,936,completed,,
PO-0005300,PKG-06,PROD-DM-300,2026-06-04,2026-06-04,2026-06-04,739,completed,,
PO-0005301,PKG-06,PROD-DM-300,2026-06-04,2026-06-04,2026-06-04,554,completed,,
PO-0005302,PKG-06,PROD-DM-300,2026-06-04,2026-06-04,2026-06-04,626,completed,,
PO-0005303,PKG-06,PROD-DM-300,2026-06-04,2026-06-04,2026-06-04,597,completed,,
PO-0005304,PKG-06,PROD-HS-110,2026-06-04,2026-06-04,2026-06-04,726,completed,,
PO-0005305,PKG-06,PROD-AS-200,2026-06-04,2026-06-04,2026-06-04,932,completed,,
PO-0005306,PKG-06,PROD-DM-300,2026-06-04,2026-06-04,2026-06-04,626,completed,,
PO-0005307,PKG-06,PROD-DM-300,2026-06-04,2026-06-04,2026-06-04,677,completed,,
PO-0005308,PKG-06,PROD-HS-110,2026-06-04,2026-06-04,2026-06-04,1055,completed,,
PO-0005309,PKG-01,PROD-DM-300,2026-06-05,2026-06-05,2026-06-05,1494,completed,,
PO-0005310,PKG-01,PROD-DM-300,2026-06-05,2026-06-05,2026-06-05,1359,completed,,
PO-0005311,PKG-01,PROD-DM-300,2026-06-05,2026-06-05,2026-06-05,1051,completed,,
PO-0005312,PKG-01,PROD-DM-300,2026-06-05,2026-06-05,2026-06-05,1083,completed,,
PO-0005313,PKG-01,PROD-VD-500,2026-06-05,2026-06-05,2026-06-05,1207,completed,,
PO-0005314,PKG-01,PROD-LB-400,2026-06-05,2026-06-05,2026-06-05,991,completed,,
PO-0005315,PKG-01,PROD-DM-300,2026-06-05,2026-06-05,2026-06-05,1189,completed,,
PO-0005316,PKG-01,PROD-DM-300,2026-06-05,2026-06-05,2026-06-05,948,completed,,
PO-0005317,PKG-01,PROD-VD-500,2026-06-05,2026-06-05,2026-06-05,1283,completed,,
PO-0005318,PKG-01,PROD-DM-300,2026-06-05,2026-06-05,2026-06-05,1008,completed,,
PO-0005319,PKG-01,PROD-DM-300,2026-06-05,2026-06-05,2026-06-05,1273,completed,,
PO-0005320,PKG-01,PROD-DM-300,2026-06-05,2026-06-05,2026-06-05,1453,completed,,
PO-0005321,PKG-01,PROD-DM-300,2026-06-05,2026-06-05,2026-06-05,1595,completed,,
PO-0005322,PKG-01,PROD-DM-300,2026-06-05,2026-06-05,2026-06-05,728,completed,,
PO-0005323,PKG-01,PROD-HS-110,2026-06-05,2026-06-05,2026-06-05,1088,completed,,
PO-0005324,PKG-01,PROD-VD-500,2026-06-05,2026-06-05,2026-06-05,820,completed,,
PO-0005325,PKG-01,PROD-DM-300,2026-06-05,2026-06-05,2026-06-05,1375,completed,,
PO-0005326,PKG-02,PROD-HS-100,2026-06-05,2026-06-05,2026-06-05,911,completed,,
PO-0005327,PKG-02,PROD-HS-100,2026-06-05,2026-06-05,2026-06-05,664,completed,,
PO-0005328,PKG-02,PROD-AS-200,2026-06-05,2026-06-05,2026-06-05,1118,completed,,
PO-0005329,PKG-02,PROD-HS-100,2026-06-05,2026-06-05,2026-06-05,710,completed,,
PO-0005330,PKG-02,PROD-HS-100,2026-06-05,2026-06-05,2026-06-05,843,completed,,
PO-0005331,PKG-02,PROD-HS-100,2026-06-05,2026-06-05,2026-06-05,1080,completed,,
PO-0005332,PKG-02,PROD-HS-100,2026-06-05,2026-06-05,2026-06-05,1453,completed,,
PO-0005333,PKG-02,PROD-HS-100,2026-06-05,2026-06-05,2026-06-05,1326,completed,,
PO-0005334,PKG-02,PROD-LB-400,2026-06-05,2026-06-05,2026-06-05,1056,completed,,
PO-0005335,PKG-02,PROD-LB-400,2026-06-05,2026-06-05,2026-06-05,816,completed,,
PO-0005336,PKG-02,PROD-HS-110,2026-06-05,2026-06-05,2026-06-05,931,completed,,
PO-0005337,PKG-02,PROD-HS-100,2026-06-05,2026-06-05,2026-06-05,714,completed,,
PO-0005338,PKG-02,PROD-AS-200,2026-06-05,2026-06-05,2026-06-05,1312,completed,,
PO-0005339,PKG-02,PROD-HS-100,2026-06-05,2026-06-05,2026-06-05,1331,completed,,
PO-0005340,PKG-02,PROD-HS-100,2026-06-05,2026-06-05,2026-06-05,1256,completed,,
PO-0005341,PKG-03,PROD-LB-400,2026-06-05,2026-06-05,2026-06-05,611,completed,,
PO-0005342,PKG-03,PROD-LB-400,2026-06-05,2026-06-05,2026-06-05,1198,completed,,
PO-0005343,PKG-03,PROD-HS-110,2026-06-05,2026-06-05,2026-06-05,945,completed,,
PO-0005344,PKG-03,PROD-HS-100,2026-06-05,2026-06-05,2026-06-05,772,completed,,
PO-0005345,PKG-03,PROD-LB-400,2026-06-05,2026-06-05,2026-06-05,584,completed,,
PO-0005346,PKG-03,PROD-VD-500,2026-06-05,2026-06-05,2026-06-05,797,completed,,
PO-0005347,PKG-03,PROD-HS-100,2026-06-05,2026-06-05,2026-06-05,601,completed,,
PO-0005348,PKG-03,PROD-AS-200,2026-06-05,2026-06-05,2026-06-05,1057,completed,,
PO-0005349,PKG-04,PROD-AS-200,2026-06-05,2026-06-05,2026-06-05,644,completed,,
PO-0005350,PKG-04,PROD-VD-500,2026-06-05,2026-06-05,2026-06-05,537,completed,,
PO-0005351,PKG-04,PROD-VD-500,2026-06-05,2026-06-05,2026-06-05,420,completed,,
PO-0005352,PKG-04,PROD-AS-200,2026-06-05,2026-06-05,2026-06-05,566,completed,,
PO-0005353,PKG-04,PROD-VD-500,2026-06-05,2026-06-05,2026-06-05,793,completed,,
PO-0005354,PKG-04,PROD-HS-110,2026-06-05,2026-06-05,2026-06-05,742,completed,,
PO-0005355,PKG-04,PROD-AS-200,2026-06-05,2026-06-05,2026-06-05,756,completed,,
PO-0005356,PKG-05,PROD-LB-400,2026-06-05,2026-06-05,2026-06-05,722,completed,,
PO-0005357,PKG-05,PROD-AS-200,2026-06-05,2026-06-05,2026-06-05,775,completed,,
PO-0005358,PKG-05,PROD-HS-110,2026-06-05,2026-06-05,2026-06-05,840,completed,,
PO-0005359,PKG-05,PROD-HS-110,2026-06-05,2026-06-05,2026-06-05,579,completed,,
PO-0005360,PKG-05,PROD-LB-400,2026-06-05,2026-06-05,2026-06-05,744,completed,,
PO-0005361,PKG-05,PROD-AS-200,2026-06-05,2026-06-05,2026-06-05,865,completed,,
PO-0005362,PKG-05,PROD-HS-100,2026-06-05,2026-06-05,2026-06-05,768,completed,,
PO-0005363,PKG-05,PROD-AS-200,2026-06-05,2026-06-05,2026-06-05,519,completed,,
PO-0005364,PKG-06,PROD-DM-300,2026-06-05,2026-06-05,2026-06-05,578,completed,,
PO-0005365,PKG-06,PROD-VD-500,2026-06-05,2026-06-05,2026-06-05,1140,completed,,
PO-0005366,PKG-06,PROD-HS-100,2026-06-05,2026-06-05,2026-06-05,718,completed,,
PO-0005367,PKG-06,PROD-DM-300,2026-06-05,2026-06-05,2026-06-05,1083,completed,,
PO-0005368,PKG-06,PROD-AS-200,2026-06-05,2026-06-05,2026-06-05,737,completed,,
PO-0005369,PKG-06,PROD-DM-300,2026-06-05,2026-06-05,2026-06-05,1106,completed,,
PO-0005370,PKG-06,PROD-VD-500,2026-06-05,2026-06-05,2026-06-05,624,completed,,
PO-0005371,PKG-06,PROD-DM-300,2026-06-05,2026-06-05,2026-06-05,651,completed,,
PO-0005372,PKG-06,PROD-DM-300,2026-06-05,2026-06-05,2026-06-05,1040,completed,,
PO-0005373,PKG-01,PROD-DM-300,2026-06-06,2026-06-06,2026-06-06,823,completed,,
PO-0005374,PKG-01,PROD-DM-300,2026-06-06,2026-06-06,2026-06-06,1571,completed,,
PO-0005375,PKG-01,PROD-DM-300,2026-06-06,2026-06-06,2026-06-06,880,completed,,
PO-0005376,PKG-01,PROD-DM-300,2026-06-06,2026-06-06,2026-06-06,860,completed,,
PO-0005377,PKG-01,PROD-DM-300,2026-06-06,2026-06-06,2026-06-06,856,completed,,
PO-0005378,PKG-01,PROD-DM-300,2026-06-06,2026-06-06,2026-06-06,1327,completed,,
PO-0005379,PKG-01,PROD-DM-300,2026-06-06,2026-06-06,2026-06-06,1285,completed,,
PO-0005380,PKG-01,PROD-LB-400,2026-06-06,2026-06-06,2026-06-06,989,completed,,
PO-0005381,PKG-01,PROD-DM-300,2026-06-06,2026-06-06,2026-06-06,1224,completed,,
PO-0005382,PKG-01,PROD-DM-300,2026-06-06,2026-06-06,2026-06-06,822,completed,,
PO-0005383,PKG-01,PROD-DM-300,2026-06-06,2026-06-06,2026-06-06,823,completed,,
PO-0005384,PKG-01,PROD-DM-300,2026-06-06,2026-06-06,2026-06-06,1440,completed,,
PO-0005385,PKG-01,PROD-VD-500,2026-06-06,2026-06-06,2026-06-06,1278,completed,,
PO-0005386,PKG-01,PROD-DM-300,2026-06-06,2026-06-06,2026-06-06,1143,completed,,
PO-0005387,PKG-01,PROD-AS-200,2026-06-06,2026-06-06,2026-06-06,815,completed,,
PO-0005388,PKG-01,PROD-DM-300,2026-06-06,2026-06-06,2026-06-06,1100,completed,,
PO-0005389,PKG-01,PROD-DM-300,2026-06-06,2026-06-06,2026-06-06,1581,completed,,
PO-0005390,PKG-02,PROD-HS-100,2026-06-06,2026-06-06,2026-06-06,1359,completed,,
PO-0005391,PKG-02,PROD-HS-100,2026-06-06,2026-06-06,2026-06-06,1170,completed,,
PO-0005392,PKG-02,PROD-LB-400,2026-06-06,2026-06-06,2026-06-06,780,completed,,
PO-0005393,PKG-02,PROD-HS-100,2026-06-06,2026-06-06,2026-06-06,831,completed,,
PO-0005394,PKG-02,PROD-HS-110,2026-06-06,2026-06-06,2026-06-06,1027,completed,,
PO-0005395,PKG-02,PROD-LB-400,2026-06-06,2026-06-06,2026-06-06,1452,completed,,
PO-0005396,PKG-02,PROD-HS-100,2026-06-06,2026-06-06,2026-06-06,1353,completed,,
PO-0005397,PKG-02,PROD-AS-200,2026-06-06,2026-06-06,2026-06-06,934,completed,,
PO-0005398,PKG-02,PROD-HS-110,2026-06-06,2026-06-06,2026-06-06,1468,completed,,
PO-0005399,PKG-02,PROD-AS-200,2026-06-06,2026-06-06,2026-06-06,1096,completed,,
PO-0005400,PKG-02,PROD-HS-100,2026-06-06,2026-06-06,2026-06-06,1256,completed,,
PO-0005401,PKG-02,PROD-LB-400,2026-06-06,2026-06-06,2026-06-06,1438,completed,,
PO-0005402,PKG-02,PROD-AS-200,2026-06-06,2026-06-06,2026-06-06,1082,completed,,
PO-0005403,PKG-02,PROD-HS-100,2026-06-06,2026-06-06,2026-06-06,1230,completed,,
PO-0005404,PKG-02,PROD-HS-100,2026-06-06,2026-06-06,2026-06-06,1349,completed,,
PO-0005405,PKG-03,PROD-AS-200,2026-06-06,2026-06-06,2026-06-06,1174,completed,,
PO-0005406,PKG-03,PROD-LB-400,2026-06-06,2026-06-06,2026-06-06,747,completed,,
PO-0005407,PKG-03,PROD-HS-110,2026-06-06,2026-06-06,2026-06-06,835,completed,,
PO-0005408,PKG-03,PROD-HS-110,2026-06-06,2026-06-06,2026-06-06,752,completed,,
PO-0005409,PKG-03,PROD-VD-500,2026-06-06,2026-06-06,2026-06-06,622,completed,,
PO-0005410,PKG-03,PROD-LB-400,2026-06-06,2026-06-06,2026-06-06,958,completed,,
PO-0005411,PKG-03,PROD-HS-110,2026-06-06,2026-06-06,2026-06-06,541,completed,,
PO-0005412,PKG-03,PROD-AS-200,2026-06-06,2026-06-06,2026-06-06,654,completed,,
PO-0005413,PKG-04,PROD-VD-500,2026-06-06,2026-06-06,2026-06-06,608,completed,,
PO-0005414,PKG-04,PROD-VD-500,2026-06-06,2026-06-06,2026-06-06,897,completed,,
PO-0005415,PKG-04,PROD-VD-500,2026-06-06,2026-06-06,2026-06-06,577,completed,,
PO-0005416,PKG-04,PROD-VD-500,2026-06-06,2026-06-06,2026-06-06,487,completed,,
PO-0005417,PKG-04,PROD-VD-500,2026-06-06,2026-06-06,2026-06-06,776,completed,,
PO-0005418,PKG-04,PROD-VD-500,2026-06-06,2026-06-06,2026-06-06,444,completed,,
PO-0005419,PKG-04,PROD-VD-500,2026-06-06,2026-06-06,2026-06-06,835,completed,,
PO-0005420,PKG-05,PROD-VD-500,2026-06-06,2026-06-06,2026-06-06,604,completed,,
PO-0005421,PKG-05,PROD-HS-110,2026-06-06,2026-06-06,2026-06-06,535,completed,,
PO-0005422,PKG-05,PROD-HS-100,2026-06-06,2026-06-06,2026-06-06,635,completed,,
PO-0005423,PKG-05,PROD-HS-100,2026-06-06,2026-06-06,2026-06-06,763,completed,,
PO-0005424,PKG-05,PROD-HS-110,2026-06-06,2026-06-06,2026-06-06,818,completed,,
PO-0005425,PKG-05,PROD-HS-100,2026-06-06,2026-06-06,2026-06-06,716,completed,,
PO-0005426,PKG-05,PROD-AS-200,2026-06-06,2026-06-06,2026-06-06,590,completed,,
PO-0005427,PKG-05,PROD-VD-500,2026-06-06,2026-06-06,2026-06-06,628,completed,,
PO-0005428,PKG-06,PROD-DM-300,2026-06-06,2026-06-06,2026-06-06,870,completed,,
PO-0005429,PKG-06,PROD-DM-300,2026-06-06,2026-06-06,2026-06-06,737,completed,,
PO-0005430,PKG-06,PROD-DM-300,2026-06-06,2026-06-06,2026-06-06,872,completed,,
PO-0005431,PKG-06,PROD-DM-300,2026-06-06,2026-06-06,2026-06-06,1086,completed,,
PO-0005432,PKG-06,PROD-DM-300,2026-06-06,2026-06-06,2026-06-06,1020,completed,,
PO-0005433,PKG-06,PROD-DM-300,2026-06-06,2026-06-06,2026-06-06,699,completed,,
PO-0005434,PKG-06,PROD-DM-300,2026-06-06,2026-06-06,2026-06-06,720,completed,,
PO-0005435,PKG-06,PROD-DM-300,2026-06-06,2026-06-06,2026-06-06,835,completed,,
PO-0005436,PKG-06,PROD-DM-300,2026-06-06,2026-06-06,2026-06-06,584,completed,,
PO-0005437,PKG-01,PROD-DM-300,2026-06-08,2026-06-08,2026-06-08,960,completed,,
PO-0005438,PKG-01,PROD-DM-300,2026-06-08,2026-06-08,2026-06-08,1106,completed,,
PO-0005439,PKG-01,PROD-DM-300,2026-06-08,2026-06-08,2026-06-08,1159,completed,,
PO-0005440,PKG-01,PROD-DM-300,2026-06-08,2026-06-08,2026-06-08,1514,completed,,
PO-0005441,PKG-01,PROD-DM-300,2026-06-08,2026-06-08,2026-06-08,968,completed,,
PO-0005442,PKG-01,PROD-DM-300,2026-06-08,2026-06-08,2026-06-08,1574,completed,,
PO-0005443,PKG-01,PROD-HS-100,2026-06-08,2026-06-08,2026-06-08,1447,completed,,
PO-0005444,PKG-01,PROD-DM-300,2026-06-08,2026-06-08,2026-06-08,1543,completed,,
PO-0005445,PKG-01,PROD-DM-300,2026-06-08,2026-06-08,2026-06-08,912,completed,,
PO-0005446,PKG-01,PROD-DM-300,2026-06-08,2026-06-08,2026-06-08,747,completed,,
PO-0005447,PKG-01,PROD-VD-500,2026-06-08,2026-06-08,2026-06-08,1190,completed,,
PO-0005448,PKG-01,PROD-LB-400,2026-06-08,2026-06-08,2026-06-08,1403,completed,,
PO-0005449,PKG-01,PROD-LB-400,2026-06-08,2026-06-08,2026-06-08,760,completed,,
PO-0005450,PKG-01,PROD-DM-300,2026-06-08,2026-06-08,2026-06-08,1318,completed,,
PO-0005451,PKG-01,PROD-LB-400,2026-06-08,2026-06-08,2026-06-08,1288,completed,,
PO-0005452,PKG-01,PROD-DM-300,2026-06-08,2026-06-08,2026-06-08,889,completed,,
PO-0005453,PKG-01,PROD-DM-300,2026-06-08,2026-06-08,2026-06-08,726,completed,,
PO-0005454,PKG-02,PROD-LB-400,2026-06-08,2026-06-08,2026-06-08,987,completed,,
PO-0005455,PKG-02,PROD-AS-200,2026-06-08,2026-06-08,2026-06-08,912,completed,,
PO-0005456,PKG-02,PROD-HS-100,2026-06-08,2026-06-08,2026-06-08,1248,completed,,
PO-0005457,PKG-02,PROD-LB-400,2026-06-08,2026-06-08,2026-06-08,1133,completed,,
PO-0005458,PKG-02,PROD-AS-200,2026-06-08,2026-06-08,2026-06-08,998,completed,,
PO-0005459,PKG-02,PROD-HS-100,2026-06-08,2026-06-08,2026-06-08,1016,completed,,
PO-0005460,PKG-02,PROD-HS-100,2026-06-08,2026-06-08,2026-06-08,667,completed,,
PO-0005461,PKG-02,PROD-HS-100,2026-06-08,2026-06-08,2026-06-08,672,completed,,
PO-0005462,PKG-02,PROD-VD-500,2026-06-08,2026-06-08,2026-06-08,884,completed,,
PO-0005463,PKG-02,PROD-HS-100,2026-06-08,2026-06-08,2026-06-08,1261,completed,,
PO-0005464,PKG-02,PROD-HS-100,2026-06-08,2026-06-08,2026-06-08,1183,completed,,
PO-0005465,PKG-02,PROD-HS-100,2026-06-08,2026-06-08,2026-06-08,1037,completed,,
PO-0005466,PKG-02,PROD-AS-200,2026-06-08,2026-06-08,2026-06-08,1011,completed,,
PO-0005467,PKG-02,PROD-HS-110,2026-06-08,2026-06-08,2026-06-08,935,completed,,
PO-0005468,PKG-02,PROD-HS-100,2026-06-08,2026-06-08,2026-06-08,651,completed,,
PO-0005469,PKG-03,PROD-AS-200,2026-06-08,2026-06-08,2026-06-08,567,completed,,
PO-0005470,PKG-03,PROD-HS-110,2026-06-08,2026-06-08,2026-06-08,877,completed,,
PO-0005471,PKG-03,PROD-HS-110,2026-06-08,2026-06-08,2026-06-08,1072,completed,,
PO-0005472,PKG-03,PROD-HS-100,2026-06-08,2026-06-08,2026-06-08,855,completed,,
PO-0005473,PKG-03,PROD-HS-100,2026-06-08,2026-06-08,2026-06-08,1051,completed,,
PO-0005474,PKG-03,PROD-HS-100,2026-06-08,2026-06-08,2026-06-08,1199,completed,,
PO-0005475,PKG-03,PROD-HS-100,2026-06-08,2026-06-08,2026-06-08,1183,completed,,
PO-0005476,PKG-03,PROD-LB-400,2026-06-08,2026-06-08,2026-06-08,679,completed,,
PO-0005477,PKG-04,PROD-DM-300,2026-06-08,2026-06-08,2026-06-08,724,completed,,
PO-0005478,PKG-04,PROD-HS-100,2026-06-08,2026-06-08,2026-06-08,621,completed,,
PO-0005479,PKG-04,PROD-DM-300,2026-06-08,2026-06-08,2026-06-08,719,completed,,
PO-0005480,PKG-04,PROD-AS-200,2026-06-08,2026-06-08,2026-06-08,853,completed,,
PO-0005481,PKG-04,PROD-VD-500,2026-06-08,2026-06-08,2026-06-08,427,completed,,
PO-0005482,PKG-04,PROD-AS-200,2026-06-08,2026-06-08,2026-06-08,618,completed,,
PO-0005483,PKG-04,PROD-VD-500,2026-06-08,2026-06-08,2026-06-08,403,completed,,
PO-0005484,PKG-05,PROD-AS-200,2026-06-08,2026-06-08,2026-06-08,730,completed,,
PO-0005485,PKG-05,PROD-AS-200,2026-06-08,2026-06-08,2026-06-08,584,completed,,
PO-0005486,PKG-05,PROD-LB-400,2026-06-08,2026-06-08,2026-06-08,642,completed,,
PO-0005487,PKG-05,PROD-AS-200,2026-06-08,2026-06-08,2026-06-08,661,completed,,
PO-0005488,PKG-05,PROD-VD-500,2026-06-08,2026-06-08,2026-06-08,656,completed,,
PO-0005489,PKG-05,PROD-AS-200,2026-06-08,2026-06-08,2026-06-08,499,completed,,
PO-0005490,PKG-05,PROD-HS-100,2026-06-08,2026-06-08,2026-06-08,803,completed,,
PO-0005491,PKG-05,PROD-AS-200,2026-06-08,2026-06-08,2026-06-08,760,completed,,
PO-0005492,PKG-06,PROD-DM-300,2026-06-08,2026-06-08,2026-06-08,814,completed,,
PO-0005493,PKG-06,PROD-DM-300,2026-06-08,2026-06-08,2026-06-08,843,completed,,
PO-0005494,PKG-06,PROD-DM-300,2026-06-08,2026-06-08,2026-06-08,954,completed,,
PO-0005495,PKG-06,PROD-AS-200,2026-06-08,2026-06-08,2026-06-08,1141,completed,,
PO-0005496,PKG-06,PROD-DM-300,2026-06-08,2026-06-08,2026-06-08,650,completed,,
PO-0005497,PKG-06,PROD-DM-300,2026-06-08,2026-06-08,2026-06-08,600,completed,,
PO-0005498,PKG-06,PROD-DM-300,2026-06-08,2026-06-08,2026-06-08,735,completed,,
PO-0005499,PKG-06,PROD-DM-300,2026-06-08,2026-06-08,2026-06-08,1027,completed,,
PO-0005500,PKG-06,PROD-DM-300,2026-06-08,2026-06-08,2026-06-08,1060,completed,,
PO-0005501,PKG-01,PROD-DM-300,2026-06-09,2026-06-09,2026-06-09,1504,completed,,
PO-0005502,PKG-01,PROD-DM-300,2026-06-09,2026-06-09,2026-06-09,819,completed,,
PO-0005503,PKG-01,PROD-AS-200,2026-06-09,2026-06-09,2026-06-09,1157,completed,,
PO-0005504,PKG-01,PROD-DM-300,2026-06-09,2026-06-09,2026-06-09,1034,completed,,
PO-0005505,PKG-01,PROD-DM-300,2026-06-09,2026-06-09,2026-06-09,1038,completed,,
PO-0005506,PKG-01,PROD-DM-300,2026-06-09,2026-06-09,2026-06-09,1293,completed,,
PO-0005507,PKG-01,PROD-LB-400,2026-06-09,2026-06-09,2026-06-09,1297,completed,,
PO-0005508,PKG-01,PROD-DM-300,2026-06-09,2026-06-09,2026-06-09,1419,completed,,
PO-0005509,PKG-01,PROD-AS-200,2026-06-09,2026-06-09,2026-06-09,672,completed,,
PO-0005510,PKG-01,PROD-HS-100,2026-06-09,2026-06-09,2026-06-09,769,completed,,
PO-0005511,PKG-01,PROD-DM-300,2026-06-09,2026-06-09,2026-06-09,1248,completed,,
PO-0005512,PKG-01,PROD-DM-300,2026-06-09,2026-06-09,2026-06-09,1500,completed,,
PO-0005513,PKG-01,PROD-DM-300,2026-06-09,2026-06-09,2026-06-09,912,completed,,
PO-0005514,PKG-01,PROD-DM-300,2026-06-09,2026-06-09,2026-06-09,1255,completed,,
PO-0005515,PKG-01,PROD-DM-300,2026-06-09,2026-06-09,2026-06-09,1325,completed,,
PO-0005516,PKG-01,PROD-DM-300,2026-06-09,2026-06-09,2026-06-09,980,completed,,
PO-0005517,PKG-01,PROD-HS-100,2026-06-09,2026-06-09,2026-06-09,847,completed,,
PO-0005518,PKG-01,PROD-AS-200,2026-06-09,2026-06-09,2026-06-09,662,completed,,
PO-0005519,PKG-02,PROD-HS-100,2026-06-09,2026-06-09,2026-06-09,865,completed,,
PO-0005520,PKG-02,PROD-HS-110,2026-06-09,2026-06-09,2026-06-09,1000,completed,,
PO-0005521,PKG-02,PROD-HS-100,2026-06-09,2026-06-09,2026-06-09,735,completed,,
PO-0005522,PKG-02,PROD-HS-100,2026-06-09,2026-06-09,2026-06-09,1256,completed,,
PO-0005523,PKG-02,PROD-HS-100,2026-06-09,2026-06-09,2026-06-09,1067,completed,,
PO-0005524,PKG-02,PROD-HS-100,2026-06-09,2026-06-09,2026-06-09,1066,completed,,
PO-0005525,PKG-02,PROD-HS-110,2026-06-09,2026-06-09,2026-06-09,1179,completed,,
PO-0005526,PKG-02,PROD-HS-100,2026-06-09,2026-06-09,2026-06-09,1113,completed,,
PO-0005527,PKG-02,PROD-DM-300,2026-06-09,2026-06-09,2026-06-09,1214,completed,,
PO-0005528,PKG-02,PROD-HS-100,2026-06-09,2026-06-09,2026-06-09,823,completed,,
PO-0005529,PKG-02,PROD-HS-100,2026-06-09,2026-06-09,2026-06-09,1344,completed,,
PO-0005530,PKG-02,PROD-HS-100,2026-06-09,2026-06-09,2026-06-09,1451,completed,,
PO-0005531,PKG-02,PROD-HS-100,2026-06-09,2026-06-09,2026-06-09,634,completed,,
PO-0005532,PKG-02,PROD-HS-100,2026-06-09,2026-06-09,2026-06-09,1312,completed,,
PO-0005533,PKG-02,PROD-AS-200,2026-06-09,2026-06-09,2026-06-09,785,completed,,
PO-0005534,PKG-03,PROD-LB-400,2026-06-09,2026-06-09,2026-06-09,606,completed,,
PO-0005535,PKG-03,PROD-AS-200,2026-06-09,2026-06-09,2026-06-09,687,completed,,
PO-0005536,PKG-03,PROD-LB-400,2026-06-09,2026-06-09,2026-06-09,651,completed,,
PO-0005537,PKG-03,PROD-AS-200,2026-06-09,2026-06-09,2026-06-09,1047,completed,,
PO-0005538,PKG-03,PROD-HS-100,2026-06-09,2026-06-09,2026-06-09,612,completed,,
PO-0005539,PKG-03,PROD-HS-110,2026-06-09,2026-06-09,2026-06-09,1200,completed,,
PO-0005540,PKG-03,PROD-AS-200,2026-06-09,2026-06-09,2026-06-09,620,completed,,
PO-0005541,PKG-03,PROD-HS-110,2026-06-09,2026-06-09,2026-06-09,1050,completed,,
PO-0005542,PKG-04,PROD-HS-100,2026-06-09,2026-06-09,2026-06-09,420,completed,,
PO-0005543,PKG-04,PROD-VD-500,2026-06-09,2026-06-09,2026-06-09,811,completed,,
PO-0005544,PKG-04,PROD-VD-500,2026-06-09,2026-06-09,2026-06-09,685,completed,,
PO-0005545,PKG-04,PROD-VD-500,2026-06-09,2026-06-09,2026-06-09,552,completed,,
PO-0005546,PKG-04,PROD-VD-500,2026-06-09,2026-06-09,2026-06-09,581,completed,,
PO-0005547,PKG-04,PROD-VD-500,2026-06-09,2026-06-09,2026-06-09,695,completed,,
PO-0005548,PKG-04,PROD-DM-300,2026-06-09,2026-06-09,2026-06-09,665,completed,,
PO-0005549,PKG-05,PROD-VD-500,2026-06-09,2026-06-09,2026-06-09,710,completed,,
PO-0005550,PKG-05,PROD-VD-500,2026-06-09,2026-06-09,2026-06-09,966,completed,,
PO-0005551,PKG-05,PROD-HS-110,2026-06-09,2026-06-09,2026-06-09,617,completed,,
PO-0005552,PKG-05,PROD-LB-400,2026-06-09,2026-06-09,2026-06-09,627,completed,,
PO-0005553,PKG-05,PROD-VD-500,2026-06-09,2026-06-09,2026-06-09,462,completed,,
PO-0005554,PKG-05,PROD-HS-110,2026-06-09,2026-06-09,2026-06-09,538,completed,,
PO-0005555,PKG-05,PROD-AS-200,2026-06-09,2026-06-09,2026-06-09,621,completed,,
PO-0005556,PKG-05,PROD-VD-500,2026-06-09,2026-06-09,2026-06-09,685,completed,,
PO-0005557,PKG-06,PROD-DM-300,2026-06-09,2026-06-09,2026-06-09,1069,completed,,
PO-0005558,PKG-06,PROD-DM-300,2026-06-09,2026-06-09,2026-06-09,1023,completed,,
PO-0005559,PKG-06,PROD-DM-300,2026-06-09,2026-06-09,2026-06-09,924,completed,,
PO-0005560,PKG-06,PROD-DM-300,2026-06-09,2026-06-09,2026-06-09,1037,completed,,
PO-0005561,PKG-06,PROD-DM-300,2026-06-09,2026-06-09,2026-06-09,788,completed,,
PO-0005562,PKG-06,PROD-LB-400,2026-06-09,2026-06-09,2026-06-09,676,completed,,
PO-0005563,PKG-06,PROD-VD-500,2026-06-09,2026-06-09,2026-06-09,639,completed,,
PO-0005564,PKG-06,PROD-DM-300,2026-06-09,2026-06-09,2026-06-09,924,completed,,
PO-0005565,PKG-06,PROD-LB-400,2026-06-09,2026-06-09,2026-06-09,760,completed,,
PO-0005566,PKG-01,PROD-DM-300,2026-06-10,2026-06-10,2026-06-10,1225,completed,,
PO-0005567,PKG-01,PROD-DM-300,2026-06-10,2026-06-10,2026-06-10,1043,completed,,
PO-0005568,PKG-01,PROD-DM-300,2026-06-10,2026-06-10,2026-06-10,1237,completed,,
PO-0005569,PKG-01,PROD-DM-300,2026-06-10,2026-06-10,2026-06-10,942,completed,,
PO-0005570,PKG-01,PROD-DM-300,2026-06-10,2026-06-10,2026-06-10,693,completed,,
PO-0005571,PKG-01,PROD-DM-300,2026-06-10,2026-06-10,2026-06-10,763,completed,,
PO-0005572,PKG-01,PROD-DM-300,2026-06-10,2026-06-10,2026-06-10,995,completed,,
PO-0005573,PKG-01,PROD-DM-300,2026-06-10,2026-06-10,2026-06-10,1043,completed,,
PO-0005574,PKG-01,PROD-DM-300,2026-06-10,2026-06-10,2026-06-10,804,completed,,
PO-0005575,PKG-01,PROD-DM-300,2026-06-10,2026-06-10,2026-06-10,784,completed,,
PO-0005576,PKG-01,PROD-VD-500,2026-06-10,2026-06-10,2026-06-10,830,completed,,
PO-0005577,PKG-01,PROD-AS-200,2026-06-10,2026-06-10,2026-06-10,1095,completed,,
PO-0005578,PKG-01,PROD-VD-500,2026-06-10,2026-06-10,2026-06-10,1475,completed,,
PO-0005579,PKG-01,PROD-DM-300,2026-06-10,2026-06-10,2026-06-10,761,completed,,
PO-0005580,PKG-01,PROD-DM-300,2026-06-10,2026-06-10,2026-06-10,750,completed,,
PO-0005581,PKG-01,PROD-DM-300,2026-06-10,2026-06-10,2026-06-10,1277,completed,,
PO-0005582,PKG-01,PROD-DM-300,2026-06-10,2026-06-10,2026-06-10,1252,completed,,
PO-0005583,PKG-01,PROD-DM-300,2026-06-10,2026-06-10,2026-06-10,751,completed,,
PO-0005584,PKG-02,PROD-HS-100,2026-06-10,2026-06-10,2026-06-10,973,completed,,
PO-0005585,PKG-02,PROD-LB-400,2026-06-10,2026-06-10,2026-06-10,1349,completed,,
PO-0005586,PKG-02,PROD-HS-100,2026-06-10,2026-06-10,2026-06-10,814,completed,,
PO-0005587,PKG-02,PROD-AS-200,2026-06-10,2026-06-10,2026-06-10,819,completed,,
PO-0005588,PKG-02,PROD-LB-400,2026-06-10,2026-06-10,2026-06-10,637,completed,,
PO-0005589,PKG-02,PROD-HS-100,2026-06-10,2026-06-10,2026-06-10,782,completed,,
PO-0005590,PKG-02,PROD-HS-110,2026-06-10,2026-06-10,2026-06-10,1096,completed,,
PO-0005591,PKG-02,PROD-HS-100,2026-06-10,2026-06-10,2026-06-10,957,completed,,
PO-0005592,PKG-02,PROD-HS-100,2026-06-10,2026-06-10,2026-06-10,1266,completed,,
PO-0005593,PKG-02,PROD-HS-100,2026-06-10,2026-06-10,2026-06-10,605,completed,,
PO-0005594,PKG-02,PROD-LB-400,2026-06-10,2026-06-10,2026-06-10,1297,completed,,
PO-0005595,PKG-02,PROD-HS-100,2026-06-10,2026-06-10,2026-06-10,1258,completed,,
PO-0005596,PKG-02,PROD-HS-100,2026-06-10,2026-06-10,2026-06-10,896,completed,,
PO-0005597,PKG-02,PROD-HS-100,2026-06-10,2026-06-10,2026-06-10,651,completed,,
PO-0005598,PKG-02,PROD-HS-100,2026-06-10,2026-06-10,2026-06-10,812,completed,,
PO-0005599,PKG-02,PROD-HS-100,2026-06-10,2026-06-10,2026-06-10,693,completed,,
PO-0005600,PKG-03,PROD-AS-200,2026-06-10,2026-06-10,2026-06-10,899,completed,,
PO-0005601,PKG-03,PROD-AS-200,2026-06-10,2026-06-10,2026-06-10,536,completed,,
PO-0005602,PKG-03,PROD-HS-100,2026-06-10,2026-06-10,2026-06-10,996,completed,,
PO-0005603,PKG-03,PROD-AS-200,2026-06-10,2026-06-10,2026-06-10,854,completed,,
PO-0005604,PKG-03,PROD-LB-400,2026-06-10,2026-06-10,2026-06-10,783,completed,,
PO-0005605,PKG-03,PROD-HS-110,2026-06-10,2026-06-10,2026-06-10,632,completed,,
PO-0005606,PKG-03,PROD-AS-200,2026-06-10,2026-06-10,2026-06-10,593,completed,,
PO-0005607,PKG-03,PROD-HS-110,2026-06-10,2026-06-10,2026-06-10,1050,completed,,
PO-0005608,PKG-04,PROD-VD-500,2026-06-10,2026-06-10,2026-06-10,616,completed,,
PO-0005609,PKG-04,PROD-VD-500,2026-06-10,2026-06-10,2026-06-10,708,completed,,
PO-0005610,PKG-04,PROD-VD-500,2026-06-10,2026-06-10,2026-06-10,843,completed,,
PO-0005611,PKG-04,PROD-VD-500,2026-06-10,2026-06-10,2026-06-10,566,completed,,
PO-0005612,PKG-04,PROD-VD-500,2026-06-10,2026-06-10,2026-06-10,750,completed,,
PO-0005613,PKG-04,PROD-AS-200,2026-06-10,2026-06-10,2026-06-10,583,completed,,
PO-0005614,PKG-04,PROD-VD-500,2026-06-10,2026-06-10,2026-06-10,745,completed,,
PO-0005615,PKG-05,PROD-AS-200,2026-06-10,2026-06-10,2026-06-10,758,completed,,
PO-0005616,PKG-05,PROD-AS-200,2026-06-10,2026-06-10,2026-06-10,752,completed,,
PO-0005617,PKG-05,PROD-HS-110,2026-06-10,2026-06-10,2026-06-10,482,completed,,
PO-0005618,PKG-05,PROD-AS-200,2026-06-10,2026-06-10,2026-06-10,935,completed,,
PO-0005619,PKG-05,PROD-HS-110,2026-06-10,2026-06-10,2026-06-10,712,completed,,
PO-0005620,PKG-05,PROD-HS-110,2026-06-10,2026-06-10,2026-06-10,859,completed,,
PO-0005621,PKG-05,PROD-HS-100,2026-06-10,2026-06-10,2026-06-10,661,completed,,
PO-0005622,PKG-05,PROD-AS-200,2026-06-10,2026-06-10,2026-06-10,548,completed,,
PO-0005623,PKG-06,PROD-HS-110,2026-06-10,2026-06-10,2026-06-10,727,completed,,
PO-0005624,PKG-06,PROD-DM-300,2026-06-10,2026-06-10,2026-06-10,601,completed,,
PO-0005625,PKG-06,PROD-DM-300,2026-06-10,2026-06-10,2026-06-10,768,completed,,
PO-0005626,PKG-06,PROD-DM-300,2026-06-10,2026-06-10,2026-06-10,996,completed,,
PO-0005627,PKG-06,PROD-DM-300,2026-06-10,2026-06-10,2026-06-10,798,completed,,
PO-0005628,PKG-06,PROD-DM-300,2026-06-10,2026-06-10,2026-06-10,995,completed,,
PO-0005629,PKG-06,PROD-DM-300,2026-06-10,2026-06-10,2026-06-10,500,completed,,
PO-0005630,PKG-06,PROD-DM-300,2026-06-10,2026-06-10,2026-06-10,518,completed,,
PO-0005631,PKG-06,PROD-HS-100,2026-06-10,2026-06-10,2026-06-10,682,completed,,
PO-0005632,PKG-01,PROD-HS-110,2026-06-11,2026-06-11,2026-06-11,1455,completed,,
PO-0005633,PKG-01,PROD-DM-300,2026-06-11,2026-06-11,2026-06-11,1244,completed,,
PO-0005634,PKG-01,PROD-DM-300,2026-06-11,2026-06-11,2026-06-11,1016,completed,,
PO-0005635,PKG-01,PROD-DM-300,2026-06-11,2026-06-11,2026-06-11,1555,completed,,
PO-0005636,PKG-01,PROD-DM-300,2026-06-11,2026-06-11,2026-06-11,1472,completed,,
PO-0005637,PKG-01,PROD-DM-300,2026-06-11,2026-06-11,2026-06-11,1229,completed,,
PO-0005638,PKG-01,PROD-DM-300,2026-06-11,2026-06-11,2026-06-11,1107,completed,,
PO-0005639,PKG-01,PROD-DM-300,2026-06-11,2026-06-11,2026-06-11,1236,completed,,
PO-0005640,PKG-01,PROD-DM-300,2026-06-11,2026-06-11,2026-06-11,1169,completed,,
PO-0005641,PKG-01,PROD-DM-300,2026-06-11,2026-06-11,2026-06-11,1477,completed,,
PO-0005642,PKG-01,PROD-HS-110,2026-06-11,2026-06-11,2026-06-11,1063,completed,,
PO-0005643,PKG-01,PROD-LB-400,2026-06-11,2026-06-11,2026-06-11,1359,completed,,
PO-0005644,PKG-01,PROD-DM-300,2026-06-11,2026-06-11,2026-06-11,1526,completed,,
PO-0005645,PKG-01,PROD-DM-300,2026-06-11,2026-06-11,2026-06-11,1180,completed,,
PO-0005646,PKG-01,PROD-HS-100,2026-06-11,2026-06-11,2026-06-11,1401,completed,,
PO-0005647,PKG-01,PROD-DM-300,2026-06-11,2026-06-11,2026-06-11,902,completed,,
PO-0005648,PKG-01,PROD-DM-300,2026-06-11,2026-06-11,2026-06-11,1454,completed,,
PO-0005649,PKG-02,PROD-HS-100,2026-06-11,2026-06-11,2026-06-11,1404,completed,,
PO-0005650,PKG-02,PROD-HS-100,2026-06-11,2026-06-11,2026-06-11,1137,completed,,
PO-0005651,PKG-02,PROD-HS-110,2026-06-11,2026-06-11,2026-06-11,876,completed,,
PO-0005652,PKG-02,PROD-HS-100,2026-06-11,2026-06-11,2026-06-11,1155,completed,,
PO-0005653,PKG-02,PROD-AS-200,2026-06-11,2026-06-11,2026-06-11,1219,completed,,
PO-0005654,PKG-02,PROD-HS-100,2026-06-11,2026-06-11,2026-06-11,1030,completed,,
PO-0005655,PKG-02,PROD-LB-400,2026-06-11,2026-06-11,2026-06-11,1326,completed,,
PO-0005656,PKG-02,PROD-HS-100,2026-06-11,2026-06-11,2026-06-11,830,completed,,
PO-0005657,PKG-02,PROD-HS-110,2026-06-11,2026-06-11,2026-06-11,1240,completed,,
PO-0005658,PKG-02,PROD-LB-400,2026-06-11,2026-06-11,2026-06-11,932,completed,,
PO-0005659,PKG-02,PROD-HS-100,2026-06-11,2026-06-11,2026-06-11,1327,completed,,
PO-0005660,PKG-02,PROD-HS-100,2026-06-11,2026-06-11,2026-06-11,686,completed,,
PO-0005661,PKG-02,PROD-HS-100,2026-06-11,2026-06-11,2026-06-11,768,completed,,
PO-0005662,PKG-02,PROD-AS-200,2026-06-11,2026-06-11,2026-06-11,1336,completed,,
PO-0005663,PKG-02,PROD-LB-400,2026-06-11,2026-06-11,2026-06-11,990,completed,,
PO-0005664,PKG-03,PROD-HS-110,2026-06-11,2026-06-11,2026-06-11,731,completed,,
PO-0005665,PKG-03,PROD-LB-400,2026-06-11,2026-06-11,2026-06-11,878,completed,,
PO-0005666,PKG-03,PROD-AS-200,2026-06-11,2026-06-11,2026-06-11,1082,completed,,
PO-0005667,PKG-03,PROD-AS-200,2026-06-11,2026-06-11,2026-06-11,501,completed,,
PO-0005668,PKG-03,PROD-AS-200,2026-06-11,2026-06-11,2026-06-11,553,completed,,
PO-0005669,PKG-03,PROD-HS-100,2026-06-11,2026-06-11,2026-06-11,753,completed,,
PO-0005670,PKG-03,PROD-AS-200,2026-06-11,2026-06-11,2026-06-11,1060,completed,,
PO-0005671,PKG-03,PROD-LB-400,2026-06-11,2026-06-11,2026-06-11,778,completed,,
PO-0005672,PKG-03,PROD-AS-200,2026-06-11,2026-06-11,2026-06-11,1012,completed,,
PO-0005673,PKG-04,PROD-VD-500,2026-06-11,2026-06-11,2026-06-11,429,completed,,
PO-0005674,PKG-04,PROD-VD-500,2026-06-11,2026-06-11,2026-06-11,632,completed,,
PO-0005675,PKG-04,PROD-VD-500,2026-06-11,2026-06-11,2026-06-11,407,completed,,
PO-0005676,PKG-04,PROD-VD-500,2026-06-11,2026-06-11,2026-06-11,420,completed,,
PO-0005677,PKG-04,PROD-VD-500,2026-06-11,2026-06-11,2026-06-11,453,completed,,
PO-0005678,PKG-04,PROD-VD-500,2026-06-11,2026-06-11,2026-06-11,494,completed,,
PO-0005679,PKG-04,PROD-VD-500,2026-06-11,2026-06-11,2026-06-11,831,completed,,
PO-0005680,PKG-05,PROD-HS-100,2026-06-11,2026-06-11,2026-06-11,724,completed,,
PO-0005681,PKG-05,PROD-HS-100,2026-06-11,2026-06-11,2026-06-11,527,completed,,
PO-0005682,PKG-05,PROD-HS-110,2026-06-11,2026-06-11,2026-06-11,765,completed,,
PO-0005683,PKG-05,PROD-AS-200,2026-06-11,2026-06-11,2026-06-11,663,completed,,
PO-0005684,PKG-05,PROD-HS-100,2026-06-11,2026-06-11,2026-06-11,417,completed,,
PO-0005685,PKG-05,PROD-HS-110,2026-06-11,2026-06-11,2026-06-11,657,completed,,
PO-0005686,PKG-05,PROD-DM-300,2026-06-11,2026-06-11,2026-06-11,483,completed,,
PO-0005687,PKG-05,PROD-AS-200,2026-06-11,2026-06-11,2026-06-11,895,completed,,
PO-0005688,PKG-06,PROD-DM-300,2026-06-11,2026-06-11,2026-06-11,1089,completed,,
PO-0005689,PKG-06,PROD-DM-300,2026-06-11,2026-06-11,2026-06-11,1108,completed,,
PO-0005690,PKG-06,PROD-DM-300,2026-06-11,2026-06-11,2026-06-11,757,completed,,
PO-0005691,PKG-06,PROD-LB-400,2026-06-11,2026-06-11,2026-06-11,1043,completed,,
PO-0005692,PKG-06,PROD-DM-300,2026-06-11,2026-06-11,2026-06-11,794,completed,,
PO-0005693,PKG-06,PROD-DM-300,2026-06-11,2026-06-11,2026-06-11,1018,completed,,
PO-0005694,PKG-06,PROD-DM-300,2026-06-11,2026-06-11,2026-06-11,851,completed,,
PO-0005695,PKG-06,PROD-HS-100,2026-06-11,2026-06-11,2026-06-11,753,completed,,
PO-0005696,PKG-06,PROD-AS-200,2026-06-11,2026-06-11,2026-06-11,921,completed,,
PO-0005697,PKG-01,PROD-AS-200,2026-06-12,2026-06-12,2026-06-12,1365,completed,,
PO-0005698,PKG-01,PROD-HS-110,2026-06-12,2026-06-12,2026-06-12,1047,completed,,
PO-0005699,PKG-01,PROD-DM-300,2026-06-12,2026-06-12,2026-06-12,1109,completed,,
PO-0005700,PKG-01,PROD-LB-400,2026-06-12,2026-06-12,2026-06-12,1065,completed,,
PO-0005701,PKG-01,PROD-DM-300,2026-06-12,2026-06-12,2026-06-12,953,completed,,
PO-0005702,PKG-01,PROD-LB-400,2026-06-12,2026-06-12,2026-06-12,1536,completed,,
PO-0005703,PKG-01,PROD-DM-300,2026-06-12,2026-06-12,2026-06-12,1474,completed,,
PO-0005704,PKG-01,PROD-DM-300,2026-06-12,2026-06-12,2026-06-12,1208,completed,,
PO-0005705,PKG-01,PROD-DM-300,2026-06-12,2026-06-12,2026-06-12,1292,completed,,
PO-0005706,PKG-01,PROD-DM-300,2026-06-12,2026-06-12,2026-06-12,1483,completed,,
PO-0005707,PKG-01,PROD-DM-300,2026-06-12,2026-06-12,2026-06-12,1308,completed,,
PO-0005708,PKG-01,PROD-DM-300,2026-06-12,2026-06-12,2026-06-12,1381,completed,,
PO-0005709,PKG-01,PROD-VD-500,2026-06-12,2026-06-12,2026-06-12,1313,completed,,
PO-0005710,PKG-01,PROD-HS-110,2026-06-12,2026-06-12,2026-06-12,1049,completed,,
PO-0005711,PKG-01,PROD-HS-110,2026-06-12,2026-06-12,2026-06-12,1432,completed,,
PO-0005712,PKG-01,PROD-DM-300,2026-06-12,2026-06-12,2026-06-12,766,completed,,
PO-0005713,PKG-01,PROD-DM-300,2026-06-12,2026-06-12,2026-06-12,1433,completed,,
PO-0005714,PKG-02,PROD-LB-400,2026-06-12,2026-06-12,2026-06-12,964,completed,,
PO-0005715,PKG-02,PROD-AS-200,2026-06-12,2026-06-12,2026-06-12,930,completed,,
PO-0005716,PKG-02,PROD-AS-200,2026-06-12,2026-06-12,2026-06-12,951,completed,,
PO-0005717,PKG-02,PROD-HS-100,2026-06-12,2026-06-12,2026-06-12,999,completed,,
PO-0005718,PKG-02,PROD-LB-400,2026-06-12,2026-06-12,2026-06-12,1358,completed,,
PO-0005719,PKG-02,PROD-HS-110,2026-06-12,2026-06-12,2026-06-12,1449,completed,,
PO-0005720,PKG-02,PROD-AS-200,2026-06-12,2026-06-12,2026-06-12,1474,completed,,
PO-0005721,PKG-02,PROD-HS-100,2026-06-12,2026-06-12,2026-06-12,830,completed,,
PO-0005722,PKG-02,PROD-HS-100,2026-06-12,2026-06-12,2026-06-12,1231,completed,,
PO-0005723,PKG-02,PROD-HS-100,2026-06-12,2026-06-12,2026-06-12,953,completed,,
PO-0005724,PKG-02,PROD-HS-100,2026-06-12,2026-06-12,2026-06-12,1455,completed,,
PO-0005725,PKG-02,PROD-HS-100,2026-06-12,2026-06-12,2026-06-12,1176,completed,,
PO-0005726,PKG-02,PROD-HS-100,2026-06-12,2026-06-12,2026-06-12,844,completed,,
PO-0005727,PKG-02,PROD-HS-100,2026-06-12,2026-06-12,2026-06-12,1074,completed,,
PO-0005728,PKG-02,PROD-AS-200,2026-06-12,2026-06-12,2026-06-12,1331,completed,,
PO-0005729,PKG-03,PROD-LB-400,2026-06-12,2026-06-12,2026-06-12,935,completed,,
PO-0005730,PKG-03,PROD-HS-110,2026-06-12,2026-06-12,2026-06-12,544,completed,,
PO-0005731,PKG-03,PROD-AS-200,2026-06-12,2026-06-12,2026-06-12,661,completed,,
PO-0005732,PKG-03,PROD-HS-110,2026-06-12,2026-06-12,2026-06-12,588,completed,,
PO-0005733,PKG-03,PROD-HS-100,2026-06-12,2026-06-12,2026-06-12,745,completed,,
PO-0005734,PKG-03,PROD-AS-200,2026-06-12,2026-06-12,2026-06-12,1082,completed,,
PO-0005735,PKG-03,PROD-HS-110,2026-06-12,2026-06-12,2026-06-12,946,completed,,
PO-0005736,PKG-03,PROD-LB-400,2026-06-12,2026-06-12,2026-06-12,754,completed,,
PO-0005737,PKG-03,PROD-HS-110,2026-06-12,2026-06-12,2026-06-12,862,completed,,
PO-0005738,PKG-04,PROD-VD-500,2026-06-12,2026-06-12,2026-06-12,538,completed,,
PO-0005739,PKG-04,PROD-VD-500,2026-06-12,2026-06-12,2026-06-12,697,completed,,
PO-0005740,PKG-04,PROD-HS-100,2026-06-12,2026-06-12,2026-06-12,509,completed,,
PO-0005741,PKG-04,PROD-AS-200,2026-06-12,2026-06-12,2026-06-12,796,completed,,
PO-0005742,PKG-04,PROD-VD-500,2026-06-12,2026-06-12,2026-06-12,431,completed,,
PO-0005743,PKG-04,PROD-AS-200,2026-06-12,2026-06-12,2026-06-12,428,completed,,
PO-0005744,PKG-04,PROD-VD-500,2026-06-12,2026-06-12,2026-06-12,516,completed,,
PO-0005745,PKG-05,PROD-AS-200,2026-06-12,2026-06-12,2026-06-12,710,completed,,
PO-0005746,PKG-05,PROD-HS-110,2026-06-12,2026-06-12,2026-06-12,742,completed,,
PO-0005747,PKG-05,PROD-HS-100,2026-06-12,2026-06-12,2026-06-12,806,completed,,
PO-0005748,PKG-05,PROD-HS-110,2026-06-12,2026-06-12,2026-06-12,731,completed,,
PO-0005749,PKG-05,PROD-AS-200,2026-06-12,2026-06-12,2026-06-12,565,completed,,
PO-0005750,PKG-05,PROD-HS-100,2026-06-12,2026-06-12,2026-06-12,802,completed,,
PO-0005751,PKG-05,PROD-HS-110,2026-06-12,2026-06-12,2026-06-12,822,completed,,
PO-0005752,PKG-05,PROD-HS-110,2026-06-12,2026-06-12,2026-06-12,423,completed,,
PO-0005753,PKG-06,PROD-DM-300,2026-06-12,2026-06-12,2026-06-12,559,completed,,
PO-0005754,PKG-06,PROD-VD-500,2026-06-12,2026-06-12,2026-06-12,749,completed,,
PO-0005755,PKG-06,PROD-DM-300,2026-06-12,2026-06-12,2026-06-12,987,completed,,
PO-0005756,PKG-06,PROD-DM-300,2026-06-12,2026-06-12,2026-06-12,1070,completed,,
PO-0005757,PKG-06,PROD-DM-300,2026-06-12,2026-06-12,2026-06-12,1080,completed,,
PO-0005758,PKG-06,PROD-DM-300,2026-06-12,2026-06-12,2026-06-12,804,completed,,
PO-0005759,PKG-06,PROD-DM-300,2026-06-12,2026-06-12,2026-06-12,861,completed,,
PO-0005760,PKG-06,PROD-DM-300,2026-06-12,2026-06-12,2026-06-12,545,completed,,
PO-0005761,PKG-06,PROD-DM-300,2026-06-12,2026-06-12,2026-06-12,834,completed,,
PO-0005762,PKG-01,PROD-DM-300,2026-06-13,2026-06-13,2026-06-13,769,completed,,
PO-0005763,PKG-01,PROD-DM-300,2026-06-13,2026-06-13,2026-06-13,1135,completed,,
PO-0005764,PKG-01,PROD-DM-300,2026-06-13,2026-06-13,2026-06-13,1395,completed,,
PO-0005765,PKG-01,PROD-DM-300,2026-06-13,2026-06-13,2026-06-13,792,completed,,
PO-0005766,PKG-01,PROD-HS-100,2026-06-13,2026-06-13,2026-06-13,925,completed,,
PO-0005767,PKG-01,PROD-DM-300,2026-06-13,2026-06-13,2026-06-13,1441,completed,,
PO-0005768,PKG-01,PROD-DM-300,2026-06-13,2026-06-13,2026-06-13,789,completed,,
PO-0005769,PKG-01,PROD-HS-110,2026-06-13,2026-06-13,2026-06-13,1574,completed,,
PO-0005770,PKG-01,PROD-VD-500,2026-06-13,2026-06-13,2026-06-13,1000,completed,,
PO-0005771,PKG-01,PROD-DM-300,2026-06-13,2026-06-13,2026-06-13,1339,completed,,
PO-0005772,PKG-01,PROD-DM-300,2026-06-13,2026-06-13,2026-06-13,1503,completed,,
PO-0005773,PKG-01,PROD-DM-300,2026-06-13,2026-06-13,2026-06-13,1479,completed,,
PO-0005774,PKG-01,PROD-DM-300,2026-06-13,2026-06-13,2026-06-13,1075,completed,,
PO-0005775,PKG-01,PROD-DM-300,2026-06-13,2026-06-13,2026-06-13,768,completed,,
PO-0005776,PKG-01,PROD-VD-500,2026-06-13,2026-06-13,2026-06-13,995,completed,,
PO-0005777,PKG-01,PROD-DM-300,2026-06-13,2026-06-13,2026-06-13,1192,completed,,
PO-0005778,PKG-01,PROD-DM-300,2026-06-13,2026-06-13,2026-06-13,1604,completed,,
PO-0005779,PKG-02,PROD-HS-100,2026-06-13,2026-06-13,2026-06-13,1120,completed,,
PO-0005780,PKG-02,PROD-HS-100,2026-06-13,2026-06-13,2026-06-13,1384,completed,,
PO-0005781,PKG-02,PROD-HS-110,2026-06-13,2026-06-13,2026-06-13,661,completed,,
PO-0005782,PKG-02,PROD-AS-200,2026-06-13,2026-06-13,2026-06-13,849,completed,,
PO-0005783,PKG-02,PROD-AS-200,2026-06-13,2026-06-13,2026-06-13,658,completed,,
PO-0005784,PKG-02,PROD-HS-100,2026-06-13,2026-06-13,2026-06-13,751,completed,,
PO-0005785,PKG-02,PROD-HS-100,2026-06-13,2026-06-13,2026-06-13,894,completed,,
PO-0005786,PKG-02,PROD-LB-400,2026-06-13,2026-06-13,2026-06-13,879,completed,,
PO-0005787,PKG-02,PROD-HS-100,2026-06-13,2026-06-13,2026-06-13,1260,completed,,
PO-0005788,PKG-02,PROD-HS-100,2026-06-13,2026-06-13,2026-06-13,911,completed,,
PO-0005789,PKG-02,PROD-HS-100,2026-06-13,2026-06-13,2026-06-13,986,completed,,
PO-0005790,PKG-02,PROD-LB-400,2026-06-13,2026-06-13,2026-06-13,994,completed,,
PO-0005791,PKG-02,PROD-HS-110,2026-06-13,2026-06-13,2026-06-13,1255,completed,,
PO-0005792,PKG-02,PROD-HS-100,2026-06-13,2026-06-13,2026-06-13,1173,completed,,
PO-0005793,PKG-02,PROD-HS-110,2026-06-13,2026-06-13,2026-06-13,1374,completed,,
PO-0005794,PKG-03,PROD-LB-400,2026-06-13,2026-06-13,2026-06-13,763,completed,,
PO-0005795,PKG-03,PROD-AS-200,2026-06-13,2026-06-13,2026-06-13,934,completed,,
PO-0005796,PKG-03,PROD-HS-110,2026-06-13,2026-06-13,2026-06-13,775,completed,,
PO-0005797,PKG-03,PROD-AS-200,2026-06-13,2026-06-13,2026-06-13,945,completed,,
PO-0005798,PKG-03,PROD-HS-100,2026-06-13,2026-06-13,2026-06-13,1137,completed,,
PO-0005799,PKG-03,PROD-LB-400,2026-06-13,2026-06-13,2026-06-13,594,completed,,
PO-0005800,PKG-03,PROD-LB-400,2026-06-13,2026-06-13,2026-06-13,843,completed,,
PO-0005801,PKG-03,PROD-HS-110,2026-06-13,2026-06-13,2026-06-13,597,completed,,
PO-0005802,PKG-04,PROD-VD-500,2026-06-13,2026-06-13,2026-06-13,581,completed,,
PO-0005803,PKG-04,PROD-VD-500,2026-06-13,2026-06-13,2026-06-13,810,completed,,
PO-0005804,PKG-04,PROD-AS-200,2026-06-13,2026-06-13,2026-06-13,786,completed,,
PO-0005805,PKG-04,PROD-VD-500,2026-06-13,2026-06-13,2026-06-13,646,completed,,
PO-0005806,PKG-04,PROD-VD-500,2026-06-13,2026-06-13,2026-06-13,703,completed,,
PO-0005807,PKG-04,PROD-VD-500,2026-06-13,2026-06-13,2026-06-13,479,completed,,
PO-0005808,PKG-04,PROD-VD-500,2026-06-13,2026-06-13,2026-06-13,870,completed,,
PO-0005809,PKG-05,PROD-LB-400,2026-06-13,2026-06-13,2026-06-13,446,completed,,
PO-0005810,PKG-05,PROD-LB-400,2026-06-13,2026-06-13,2026-06-13,650,completed,,
PO-0005811,PKG-05,PROD-HS-110,2026-06-13,2026-06-13,2026-06-13,496,completed,,
PO-0005812,PKG-05,PROD-HS-110,2026-06-13,2026-06-13,2026-06-13,642,completed,,
PO-0005813,PKG-05,PROD-HS-110,2026-06-13,2026-06-13,2026-06-13,869,completed,,
PO-0005814,PKG-05,PROD-HS-100,2026-06-13,2026-06-13,2026-06-13,561,completed,,
PO-0005815,PKG-05,PROD-LB-400,2026-06-13,2026-06-13,2026-06-13,500,completed,,
PO-0005816,PKG-05,PROD-HS-100,2026-06-13,2026-06-13,2026-06-13,539,completed,,
PO-0005817,PKG-06,PROD-DM-300,2026-06-13,2026-06-13,2026-06-13,938,completed,,
PO-0005818,PKG-06,PROD-DM-300,2026-06-13,2026-06-13,2026-06-13,547,completed,,
PO-0005819,PKG-06,PROD-DM-300,2026-06-13,2026-06-13,2026-06-13,547,completed,,
PO-0005820,PKG-06,PROD-AS-200,2026-06-13,2026-06-13,2026-06-13,1045,completed,,
PO-0005821,PKG-06,PROD-DM-300,2026-06-13,2026-06-13,2026-06-13,985,completed,,
PO-0005822,PKG-06,PROD-DM-300,2026-06-13,2026-06-13,2026-06-13,1081,completed,,
PO-0005823,PKG-06,PROD-DM-300,2026-06-13,2026-06-13,2026-06-13,658,completed,,
PO-0005824,PKG-06,PROD-DM-300,2026-06-13,2026-06-13,2026-06-13,687,completed,,
PO-0005825,PKG-06,PROD-DM-300,2026-06-13,2026-06-13,2026-06-13,1109,completed,,
PO-0005826,PKG-01,PROD-AS-200,2026-06-15,2026-06-15,2026-06-15,738,completed,,
PO-0005827,PKG-01,PROD-DM-300,2026-06-15,2026-06-15,2026-06-15,1285,completed,,
PO-0005828,PKG-01,PROD-DM-300,2026-06-15,2026-06-15,2026-06-15,1535,completed,,
PO-0005829,PKG-01,PROD-VD-500,2026-06-15,2026-06-15,2026-06-15,1489,completed,,
PO-0005830,PKG-01,PROD-VD-500,2026-06-15,2026-06-15,2026-06-15,1421,completed,,
PO-0005831,PKG-01,PROD-LB-400,2026-06-15,2026-06-15,2026-06-15,1262,completed,,
PO-0005832,PKG-01,PROD-VD-500,2026-06-15,2026-06-15,2026-06-15,1368,completed,,
PO-0005833,PKG-01,PROD-DM-300,2026-06-15,2026-06-15,2026-06-15,755,completed,,
PO-0005834,PKG-01,PROD-DM-300,2026-06-15,2026-06-15,2026-06-15,844,completed,,
PO-0005835,PKG-01,PROD-VD-500,2026-06-15,2026-06-15,2026-06-15,1417,completed,,
PO-0005836,PKG-01,PROD-DM-300,2026-06-15,2026-06-15,2026-06-15,946,completed,,
PO-0005837,PKG-01,PROD-HS-100,2026-06-15,2026-06-15,2026-06-15,1333,completed,,
PO-0005838,PKG-01,PROD-DM-300,2026-06-15,2026-06-15,2026-06-15,1131,completed,,
PO-0005839,PKG-01,PROD-HS-110,2026-06-15,2026-06-15,2026-06-15,1115,completed,,
PO-0005840,PKG-01,PROD-DM-300,2026-06-15,2026-06-15,2026-06-15,709,completed,,
PO-0005841,PKG-01,PROD-DM-300,2026-06-15,2026-06-15,2026-06-15,797,completed,,
PO-0005842,PKG-01,PROD-DM-300,2026-06-15,2026-06-15,2026-06-15,744,completed,,
PO-0005843,PKG-02,PROD-HS-100,2026-06-15,2026-06-15,2026-06-15,1280,completed,,
PO-0005844,PKG-02,PROD-HS-100,2026-06-15,2026-06-15,2026-06-15,824,completed,,
PO-0005845,PKG-02,PROD-HS-100,2026-06-15,2026-06-15,2026-06-15,818,completed,,
PO-0005846,PKG-02,PROD-HS-100,2026-06-15,2026-06-15,2026-06-15,1474,completed,,
PO-0005847,PKG-02,PROD-LB-400,2026-06-15,2026-06-15,2026-06-15,713,completed,,
PO-0005848,PKG-02,PROD-HS-100,2026-06-15,2026-06-15,2026-06-15,845,completed,,
PO-0005849,PKG-02,PROD-HS-100,2026-06-15,2026-06-15,2026-06-15,1230,completed,,
PO-0005850,PKG-02,PROD-HS-100,2026-06-15,2026-06-15,2026-06-15,948,completed,,
PO-0005851,PKG-02,PROD-HS-100,2026-06-15,2026-06-15,2026-06-15,1053,completed,,
PO-0005852,PKG-02,PROD-HS-100,2026-06-15,2026-06-15,2026-06-15,1426,completed,,
PO-0005853,PKG-02,PROD-LB-400,2026-06-15,2026-06-15,2026-06-15,1284,completed,,
PO-0005854,PKG-02,PROD-HS-110,2026-06-15,2026-06-15,2026-06-15,881,completed,,
PO-0005855,PKG-02,PROD-HS-100,2026-06-15,2026-06-15,2026-06-15,1200,completed,,
PO-0005856,PKG-02,PROD-HS-100,2026-06-15,2026-06-15,2026-06-15,945,completed,,
PO-0005857,PKG-02,PROD-HS-110,2026-06-15,2026-06-15,2026-06-15,860,completed,,
PO-0005858,PKG-03,PROD-LB-400,2026-06-15,2026-06-15,2026-06-15,994,completed,,
PO-0005859,PKG-03,PROD-AS-200,2026-06-15,2026-06-15,2026-06-15,946,completed,,
PO-0005860,PKG-03,PROD-AS-200,2026-06-15,2026-06-15,2026-06-15,931,completed,,
PO-0005861,PKG-03,PROD-LB-400,2026-06-15,2026-06-15,2026-06-15,660,completed,,
PO-0005862,PKG-03,PROD-AS-200,2026-06-15,2026-06-15,2026-06-15,629,completed,,
PO-0005863,PKG-03,PROD-HS-110,2026-06-15,2026-06-15,2026-06-15,992,completed,,
PO-0005864,PKG-03,PROD-HS-110,2026-06-15,2026-06-15,2026-06-15,911,completed,,
PO-0005865,PKG-03,PROD-LB-400,2026-06-15,2026-06-15,2026-06-15,725,completed,,
PO-0005866,PKG-04,PROD-AS-200,2026-06-15,2026-06-15,2026-06-15,647,completed,,
PO-0005867,PKG-04,PROD-VD-500,2026-06-15,2026-06-15,2026-06-15,671,completed,,
PO-0005868,PKG-04,PROD-VD-500,2026-06-15,2026-06-15,2026-06-15,446,completed,,
PO-0005869,PKG-04,PROD-HS-100,2026-06-15,2026-06-15,2026-06-15,688,completed,,
PO-0005870,PKG-04,PROD-VD-500,2026-06-15,2026-06-15,2026-06-15,800,completed,,
PO-0005871,PKG-04,PROD-DM-300,2026-06-15,2026-06-15,2026-06-15,621,completed,,
PO-0005872,PKG-04,PROD-VD-500,2026-06-15,2026-06-15,2026-06-15,816,completed,,
PO-0005873,PKG-05,PROD-HS-110,2026-06-15,2026-06-15,2026-06-15,656,completed,,
PO-0005874,PKG-05,PROD-DM-300,2026-06-15,2026-06-15,2026-06-15,731,completed,,
PO-0005875,PKG-05,PROD-HS-100,2026-06-15,2026-06-15,2026-06-15,904,completed,,
PO-0005876,PKG-05,PROD-LB-400,2026-06-15,2026-06-15,2026-06-15,878,completed,,
PO-0005877,PKG-05,PROD-HS-100,2026-06-15,2026-06-15,2026-06-15,958,completed,,
PO-0005878,PKG-05,PROD-LB-400,2026-06-15,2026-06-15,2026-06-15,523,completed,,
PO-0005879,PKG-05,PROD-LB-400,2026-06-15,2026-06-15,2026-06-15,931,completed,,
PO-0005880,PKG-05,PROD-HS-110,2026-06-15,2026-06-15,2026-06-15,763,completed,,
PO-0005881,PKG-06,PROD-DM-300,2026-06-15,2026-06-15,2026-06-15,958,completed,,
PO-0005882,PKG-06,PROD-HS-110,2026-06-15,2026-06-15,2026-06-15,1052,completed,,
PO-0005883,PKG-06,PROD-DM-300,2026-06-15,2026-06-15,2026-06-15,562,completed,,
PO-0005884,PKG-06,PROD-DM-300,2026-06-15,2026-06-15,2026-06-15,859,completed,,
PO-0005885,PKG-06,PROD-DM-300,2026-06-15,2026-06-15,2026-06-15,582,completed,,
PO-0005886,PKG-06,PROD-DM-300,2026-06-15,2026-06-15,2026-06-15,917,completed,,
PO-0005887,PKG-06,PROD-DM-300,2026-06-15,2026-06-15,2026-06-15,1129,completed,,
PO-0005888,PKG-06,PROD-DM-300,2026-06-15,2026-06-15,2026-06-15,778,completed,,
PO-0005889,PKG-06,PROD-DM-300,2026-06-15,2026-06-15,2026-06-15,722,completed,,
PO-0005890,PKG-01,PROD-AS-200,2026-06-16,2026-06-16,2026-06-16,852,completed,,
PO-0005891,PKG-01,PROD-DM-300,2026-06-16,2026-06-16,2026-06-16,1415,completed,,
PO-0005892,PKG-01,PROD-DM-300,2026-06-16,2026-06-16,2026-06-16,1258,completed,,
PO-0005893,PKG-01,PROD-DM-300,2026-06-16,2026-06-16,2026-06-16,752,completed,,
PO-0005894,PKG-01,PROD-HS-100,2026-06-16,2026-06-16,2026-06-16,714,completed,,
PO-0005895,PKG-01,PROD-DM-300,2026-06-16,2026-06-16,2026-06-16,846,completed,,
PO-0005896,PKG-01,PROD-DM-300,2026-06-16,2026-06-16,2026-06-16,793,completed,,
PO-0005897,PKG-01,PROD-DM-300,2026-06-16,2026-06-16,2026-06-16,737,completed,,
PO-0005898,PKG-01,PROD-DM-300,2026-06-16,2026-06-16,2026-06-16,1023,completed,,
PO-0005899,PKG-01,PROD-VD-500,2026-06-16,2026-06-16,2026-06-16,1593,completed,,
PO-0005900,PKG-01,PROD-DM-300,2026-06-16,2026-06-16,2026-06-16,741,completed,,
PO-0005901,PKG-01,PROD-DM-300,2026-06-16,2026-06-16,2026-06-16,1338,completed,,
PO-0005902,PKG-01,PROD-DM-300,2026-06-16,2026-06-16,2026-06-16,1476,completed,,
PO-0005903,PKG-01,PROD-DM-300,2026-06-16,2026-06-16,2026-06-16,804,completed,,
PO-0005904,PKG-01,PROD-HS-110,2026-06-16,2026-06-16,2026-06-16,1565,completed,,
PO-0005905,PKG-01,PROD-HS-110,2026-06-16,2026-06-16,2026-06-16,1175,completed,,
PO-0005906,PKG-01,PROD-DM-300,2026-06-16,2026-06-16,2026-06-16,1312,completed,,
PO-0005907,PKG-02,PROD-HS-100,2026-06-16,2026-06-16,2026-06-16,1218,completed,,
PO-0005908,PKG-02,PROD-LB-400,2026-06-16,2026-06-16,2026-06-16,797,completed,,
PO-0005909,PKG-02,PROD-VD-500,2026-06-16,2026-06-16,2026-06-16,688,completed,,
PO-0005910,PKG-02,PROD-HS-100,2026-06-16,2026-06-16,2026-06-16,1326,completed,,
PO-0005911,PKG-02,PROD-HS-100,2026-06-16,2026-06-16,2026-06-16,1237,completed,,
PO-0005912,PKG-02,PROD-HS-100,2026-06-16,2026-06-16,2026-06-16,1384,completed,,
PO-0005913,PKG-02,PROD-HS-100,2026-06-16,2026-06-16,2026-06-16,876,completed,,
PO-0005914,PKG-02,PROD-HS-100,2026-06-16,2026-06-16,2026-06-16,1108,completed,,
PO-0005915,PKG-02,PROD-HS-100,2026-06-16,2026-06-16,2026-06-16,984,completed,,
PO-0005916,PKG-02,PROD-HS-100,2026-06-16,2026-06-16,2026-06-16,987,completed,,
PO-0005917,PKG-02,PROD-VD-500,2026-06-16,2026-06-16,2026-06-16,1198,completed,,
PO-0005918,PKG-02,PROD-HS-100,2026-06-16,2026-06-16,2026-06-16,1034,completed,,
PO-0005919,PKG-02,PROD-HS-100,2026-06-16,2026-06-16,2026-06-16,857,completed,,
PO-0005920,PKG-02,PROD-HS-100,2026-06-16,2026-06-16,2026-06-16,1329,completed,,
PO-0005921,PKG-02,PROD-HS-100,2026-06-16,2026-06-16,2026-06-16,1013,completed,,
PO-0005922,PKG-03,PROD-HS-110,2026-06-16,2026-06-16,2026-06-16,865,completed,,
PO-0005923,PKG-03,PROD-LB-400,2026-06-16,2026-06-16,2026-06-16,654,completed,,
PO-0005924,PKG-03,PROD-HS-110,2026-06-16,2026-06-16,2026-06-16,1118,completed,,
PO-0005925,PKG-03,PROD-LB-400,2026-06-16,2026-06-16,2026-06-16,901,completed,,
PO-0005926,PKG-03,PROD-VD-500,2026-06-16,2026-06-16,2026-06-16,1213,completed,,
PO-0005927,PKG-03,PROD-HS-110,2026-06-16,2026-06-16,2026-06-16,1196,completed,,
PO-0005928,PKG-03,PROD-HS-110,2026-06-16,2026-06-16,2026-06-16,1136,completed,,
PO-0005929,PKG-03,PROD-AS-200,2026-06-16,2026-06-16,2026-06-16,1198,completed,,
PO-0005930,PKG-04,PROD-VD-500,2026-06-16,2026-06-16,2026-06-16,839,completed,,
PO-0005931,PKG-04,PROD-LB-400,2026-06-16,2026-06-16,2026-06-16,793,completed,,
PO-0005932,PKG-04,PROD-VD-500,2026-06-16,2026-06-16,2026-06-16,450,completed,,
PO-0005933,PKG-04,PROD-VD-500,2026-06-16,2026-06-16,2026-06-16,722,completed,,
PO-0005934,PKG-04,PROD-AS-200,2026-06-16,2026-06-16,2026-06-16,830,completed,,
PO-0005935,PKG-04,PROD-VD-500,2026-06-16,2026-06-16,2026-06-16,828,completed,,
PO-0005936,PKG-04,PROD-VD-500,2026-06-16,2026-06-16,2026-06-16,687,completed,,
PO-0005937,PKG-05,PROD-AS-200,2026-06-16,2026-06-16,2026-06-16,544,completed,,
PO-0005938,PKG-05,PROD-AS-200,2026-06-16,2026-06-16,2026-06-16,511,completed,,
PO-0005939,PKG-05,PROD-LB-400,2026-06-16,2026-06-16,2026-06-16,921,completed,,
PO-0005940,PKG-05,PROD-VD-500,2026-06-16,2026-06-16,2026-06-16,938,completed,,
PO-0005941,PKG-05,PROD-HS-110,2026-06-16,2026-06-16,2026-06-16,946,completed,,
PO-0005942,PKG-05,PROD-LB-400,2026-06-16,2026-06-16,2026-06-16,703,completed,,
PO-0005943,PKG-05,PROD-LB-400,2026-06-16,2026-06-16,2026-06-16,526,completed,,
PO-0005944,PKG-05,PROD-LB-400,2026-06-16,2026-06-16,2026-06-16,692,completed,,
PO-0005945,PKG-06,PROD-DM-300,2026-06-16,2026-06-16,2026-06-16,767,completed,,
PO-0005946,PKG-06,PROD-LB-400,2026-06-16,2026-06-16,2026-06-16,762,completed,,
PO-0005947,PKG-06,PROD-DM-300,2026-06-16,2026-06-16,2026-06-16,1036,completed,,
PO-0005948,PKG-06,PROD-DM-300,2026-06-16,2026-06-16,2026-06-16,1030,completed,,
PO-0005949,PKG-06,PROD-HS-110,2026-06-16,2026-06-16,2026-06-16,1085,completed,,
PO-0005950,PKG-06,PROD-VD-500,2026-06-16,2026-06-16,2026-06-16,620,completed,,
PO-0005951,PKG-06,PROD-DM-300,2026-06-16,2026-06-16,2026-06-16,927,completed,,
PO-0005952,PKG-06,PROD-DM-300,2026-06-16,2026-06-16,2026-06-16,552,completed,,
PO-0005953,PKG-06,PROD-DM-300,2026-06-16,2026-06-16,2026-06-16,1032,completed,,
PO-0005954,PKG-01,PROD-DM-300,2026-06-17,2026-06-17,2026-06-17,1454,completed,,
PO-0005955,PKG-01,PROD-DM-300,2026-06-17,2026-06-17,2026-06-17,1206,completed,,
PO-0005956,PKG-01,PROD-DM-300,2026-06-17,2026-06-17,2026-06-17,1209,completed,,
PO-0005957,PKG-01,PROD-LB-400,2026-06-17,2026-06-17,2026-06-17,1442,completed,,
PO-0005958,PKG-01,PROD-DM-300,2026-06-17,2026-06-17,2026-06-17,1070,completed,,
PO-0005959,PKG-01,PROD-DM-300,2026-06-17,2026-06-17,2026-06-17,1229,completed,,
PO-0005960,PKG-01,PROD-LB-400,2026-06-17,2026-06-17,2026-06-17,1097,completed,,
PO-0005961,PKG-01,PROD-DM-300,2026-06-17,2026-06-17,2026-06-17,973,completed,,
PO-0005962,PKG-01,PROD-DM-300,2026-06-17,2026-06-17,2026-06-17,893,completed,,
PO-0005963,PKG-01,PROD-DM-300,2026-06-17,2026-06-17,2026-06-17,830,completed,,
PO-0005964,PKG-01,PROD-DM-300,2026-06-17,2026-06-17,2026-06-17,755,completed,,
PO-0005965,PKG-01,PROD-DM-300,2026-06-17,2026-06-17,2026-06-17,1479,completed,,
PO-0005966,PKG-01,PROD-DM-300,2026-06-17,2026-06-17,2026-06-17,1074,completed,,
PO-0005967,PKG-01,PROD-DM-300,2026-06-17,2026-06-17,2026-06-17,1223,completed,,
PO-0005968,PKG-01,PROD-HS-110,2026-06-17,2026-06-17,2026-06-17,1135,completed,,
PO-0005969,PKG-01,PROD-DM-300,2026-06-17,2026-06-17,2026-06-17,767,completed,,
PO-0005970,PKG-01,PROD-DM-300,2026-06-17,2026-06-17,2026-06-17,1207,completed,,
PO-0005971,PKG-01,PROD-HS-100,2026-06-17,2026-06-17,2026-06-17,1260,completed,,
PO-0005972,PKG-02,PROD-HS-100,2026-06-17,2026-06-17,2026-06-17,900,completed,,
PO-0005973,PKG-02,PROD-HS-100,2026-06-17,2026-06-17,2026-06-17,1346,completed,,
PO-0005974,PKG-02,PROD-HS-100,2026-06-17,2026-06-17,2026-06-17,1111,completed,,
PO-0005975,PKG-02,PROD-HS-100,2026-06-17,2026-06-17,2026-06-17,658,completed,,
PO-0005976,PKG-02,PROD-LB-400,2026-06-17,2026-06-17,2026-06-17,1320,completed,,
PO-0005977,PKG-02,PROD-AS-200,2026-06-17,2026-06-17,2026-06-17,1261,completed,,
PO-0005978,PKG-02,PROD-HS-100,2026-06-17,2026-06-17,2026-06-17,1306,completed,,
PO-0005979,PKG-02,PROD-HS-100,2026-06-17,2026-06-17,2026-06-17,946,completed,,
PO-0005980,PKG-02,PROD-AS-200,2026-06-17,2026-06-17,2026-06-17,1236,completed,,
PO-0005981,PKG-02,PROD-HS-100,2026-06-17,2026-06-17,2026-06-17,665,completed,,
PO-0005982,PKG-02,PROD-HS-100,2026-06-17,2026-06-17,2026-06-17,899,completed,,
PO-0005983,PKG-02,PROD-HS-100,2026-06-17,2026-06-17,2026-06-17,1200,completed,,
PO-0005984,PKG-02,PROD-HS-100,2026-06-17,2026-06-17,2026-06-17,953,completed,,
PO-0005985,PKG-02,PROD-HS-100,2026-06-17,2026-06-17,2026-06-17,1325,completed,,
PO-0005986,PKG-02,PROD-HS-100,2026-06-17,2026-06-17,2026-06-17,1355,completed,,
PO-0005987,PKG-03,PROD-HS-100,2026-06-17,2026-06-17,2026-06-17,1007,completed,,
PO-0005988,PKG-03,PROD-AS-200,2026-06-17,2026-06-17,2026-06-17,652,completed,,
PO-0005989,PKG-03,PROD-HS-100,2026-06-17,2026-06-17,2026-06-17,1138,completed,,
PO-0005990,PKG-03,PROD-DM-300,2026-06-17,2026-06-17,2026-06-17,1183,completed,,
PO-0005991,PKG-03,PROD-HS-100,2026-06-17,2026-06-17,2026-06-17,1223,completed,,
PO-0005992,PKG-03,PROD-HS-110,2026-06-17,2026-06-17,2026-06-17,985,completed,,
PO-0005993,PKG-03,PROD-LB-400,2026-06-17,2026-06-17,2026-06-17,1009,completed,,
PO-0005994,PKG-03,PROD-AS-200,2026-06-17,2026-06-17,2026-06-17,1123,completed,,
PO-0005995,PKG-04,PROD-VD-500,2026-06-17,2026-06-17,2026-06-17,784,completed,,
PO-0005996,PKG-04,PROD-VD-500,2026-06-17,2026-06-17,2026-06-17,685,completed,,
PO-0005997,PKG-04,PROD-VD-500,2026-06-17,2026-06-17,2026-06-17,565,completed,,
PO-0005998,PKG-04,PROD-VD-500,2026-06-17,2026-06-17,2026-06-17,558,completed,,
PO-0005999,PKG-04,PROD-LB-400,2026-06-17,2026-06-17,2026-06-17,591,completed,,
PO-0006000,PKG-04,PROD-VD-500,2026-06-17,2026-06-17,2026-06-17,779,completed,,
PO-0006001,PKG-04,PROD-LB-400,2026-06-17,2026-06-17,2026-06-17,654,completed,,
PO-0006002,PKG-05,PROD-AS-200,2026-06-17,2026-06-17,2026-06-17,577,completed,,
PO-0006003,PKG-05,PROD-HS-110,2026-06-17,2026-06-17,2026-06-17,590,completed,,
PO-0006004,PKG-05,PROD-LB-400,2026-06-17,2026-06-17,2026-06-17,549,completed,,
PO-0006005,PKG-05,PROD-AS-200,2026-06-17,2026-06-17,2026-06-17,537,completed,,
PO-0006006,PKG-05,PROD-LB-400,2026-06-17,2026-06-17,2026-06-17,488,completed,,
PO-0006007,PKG-05,PROD-HS-100,2026-06-17,2026-06-17,2026-06-17,956,completed,,
PO-0006008,PKG-05,PROD-HS-100,2026-06-17,2026-06-17,2026-06-17,827,completed,,
PO-0006009,PKG-05,PROD-VD-500,2026-06-17,2026-06-17,2026-06-17,635,completed,,
PO-0006010,PKG-06,PROD-DM-300,2026-06-17,2026-06-17,2026-06-17,1128,completed,,
PO-0006011,PKG-06,PROD-VD-500,2026-06-17,2026-06-17,2026-06-17,832,completed,,
PO-0006012,PKG-06,PROD-HS-100,2026-06-17,2026-06-17,2026-06-17,1138,completed,,
PO-0006013,PKG-06,PROD-DM-300,2026-06-17,2026-06-17,2026-06-17,1134,completed,,
PO-0006014,PKG-06,PROD-LB-400,2026-06-17,2026-06-17,2026-06-17,1041,completed,,
PO-0006015,PKG-06,PROD-DM-300,2026-06-17,2026-06-17,2026-06-17,641,completed,,
PO-0006016,PKG-06,PROD-HS-100,2026-06-17,2026-06-17,2026-06-17,824,completed,,
PO-0006017,PKG-06,PROD-DM-300,2026-06-17,2026-06-17,2026-06-17,564,completed,,
PO-0006018,PKG-06,PROD-DM-300,2026-06-17,2026-06-17,2026-06-17,580,completed,,
PO-0006019,PKG-01,PROD-DM-300,2026-06-18,2026-06-18,2026-06-18,1126,completed,,
PO-0006020,PKG-01,PROD-DM-300,2026-06-18,2026-06-18,2026-06-18,944,completed,,
PO-0006021,PKG-01,PROD-HS-110,2026-06-18,2026-06-18,2026-06-18,956,completed,,
PO-0006022,PKG-01,PROD-DM-300,2026-06-18,2026-06-18,2026-06-18,889,completed,,
PO-0006023,PKG-01,PROD-DM-300,2026-06-18,2026-06-18,2026-06-18,983,completed,,
PO-0006024,PKG-01,PROD-DM-300,2026-06-18,2026-06-18,2026-06-18,668,completed,,
PO-0006025,PKG-01,PROD-VD-500,2026-06-18,2026-06-18,2026-06-18,1137,completed,,
PO-0006026,PKG-01,PROD-LB-400,2026-06-18,2026-06-18,2026-06-18,985,completed,,
PO-0006027,PKG-01,PROD-DM-300,2026-06-18,2026-06-18,2026-06-18,1424,completed,,
PO-0006028,PKG-01,PROD-DM-300,2026-06-18,2026-06-18,2026-06-18,936,completed,,
PO-0006029,PKG-01,PROD-AS-200,2026-06-18,2026-06-18,2026-06-18,660,completed,,
PO-0006030,PKG-01,PROD-AS-200,2026-06-18,2026-06-18,2026-06-18,941,completed,,
PO-0006031,PKG-01,PROD-DM-300,2026-06-18,2026-06-18,2026-06-18,1472,completed,,
PO-0006032,PKG-01,PROD-VD-500,2026-06-18,2026-06-18,2026-06-18,713,completed,,
PO-0006033,PKG-01,PROD-DM-300,2026-06-18,2026-06-18,2026-06-18,875,completed,,
PO-0006034,PKG-01,PROD-DM-300,2026-06-18,2026-06-18,2026-06-18,1135,completed,,
PO-0006035,PKG-01,PROD-DM-300,2026-06-18,2026-06-18,2026-06-18,1269,completed,,
PO-0006036,PKG-01,PROD-DM-300,2026-06-18,2026-06-18,2026-06-18,978,completed,,
PO-0006037,PKG-02,PROD-HS-100,2026-06-18,2026-06-18,2026-06-18,1054,completed,,
PO-0006038,PKG-02,PROD-HS-100,2026-06-18,2026-06-18,2026-06-18,1264,completed,,
PO-0006039,PKG-02,PROD-AS-200,2026-06-18,2026-06-18,2026-06-18,921,completed,,
PO-0006040,PKG-02,PROD-HS-100,2026-06-18,2026-06-18,2026-06-18,652,completed,,
PO-0006041,PKG-02,PROD-AS-200,2026-06-18,2026-06-18,2026-06-18,1470,completed,,
PO-0006042,PKG-02,PROD-HS-100,2026-06-18,2026-06-18,2026-06-18,884,completed,,
PO-0006043,PKG-02,PROD-HS-100,2026-06-18,2026-06-18,2026-06-18,851,completed,,
PO-0006044,PKG-02,PROD-HS-100,2026-06-18,2026-06-18,2026-06-18,884,completed,,
PO-0006045,PKG-02,PROD-HS-100,2026-06-18,2026-06-18,2026-06-18,1338,completed,,
PO-0006046,PKG-02,PROD-HS-100,2026-06-18,2026-06-18,2026-06-18,1046,completed,,
PO-0006047,PKG-02,PROD-HS-100,2026-06-18,2026-06-18,2026-06-18,1474,completed,,
PO-0006048,PKG-02,PROD-HS-100,2026-06-18,2026-06-18,2026-06-18,1436,completed,,
PO-0006049,PKG-02,PROD-HS-100,2026-06-18,2026-06-18,2026-06-18,955,completed,,
PO-0006050,PKG-02,PROD-HS-100,2026-06-18,2026-06-18,2026-06-18,823,completed,,
PO-0006051,PKG-02,PROD-HS-100,2026-06-18,2026-06-18,2026-06-18,833,completed,,
PO-0006052,PKG-03,PROD-HS-100,2026-06-18,2026-06-18,2026-06-18,665,completed,,
PO-0006053,PKG-03,PROD-VD-500,2026-06-18,2026-06-18,2026-06-18,539,completed,,
PO-0006054,PKG-03,PROD-HS-100,2026-06-18,2026-06-18,2026-06-18,630,completed,,
PO-0006055,PKG-03,PROD-HS-100,2026-06-18,2026-06-18,2026-06-18,938,completed,,
PO-0006056,PKG-03,PROD-HS-110,2026-06-18,2026-06-18,2026-06-18,895,completed,,
PO-0006057,PKG-03,PROD-AS-200,2026-06-18,2026-06-18,2026-06-18,729,completed,,
PO-0006058,PKG-03,PROD-AS-200,2026-06-18,2026-06-18,2026-06-18,1237,completed,,
PO-0006059,PKG-03,PROD-LB-400,2026-06-18,2026-06-18,2026-06-18,1240,completed,,
PO-0006060,PKG-04,PROD-VD-500,2026-06-18,2026-06-18,2026-06-18,752,completed,,
PO-0006061,PKG-04,PROD-VD-500,2026-06-18,2026-06-18,2026-06-18,545,completed,,
PO-0006062,PKG-04,PROD-HS-100,2026-06-18,2026-06-18,2026-06-18,575,completed,,
PO-0006063,PKG-04,PROD-VD-500,2026-06-18,2026-06-18,2026-06-18,518,completed,,
PO-0006064,PKG-04,PROD-VD-500,2026-06-18,2026-06-18,2026-06-18,407,completed,,
PO-0006065,PKG-04,PROD-VD-500,2026-06-18,2026-06-18,2026-06-18,580,completed,,
PO-0006066,PKG-04,PROD-AS-200,2026-06-18,2026-06-18,2026-06-18,441,completed,,
PO-0006067,PKG-05,PROD-VD-500,2026-06-18,2026-06-18,2026-06-18,786,completed,,
PO-0006068,PKG-05,PROD-HS-110,2026-06-18,2026-06-18,2026-06-18,471,completed,,
PO-0006069,PKG-05,PROD-LB-400,2026-06-18,2026-06-18,2026-06-18,577,completed,,
PO-0006070,PKG-05,PROD-HS-100,2026-06-18,2026-06-18,2026-06-18,600,completed,,
PO-0006071,PKG-05,PROD-HS-100,2026-06-18,2026-06-18,2026-06-18,463,completed,,
PO-0006072,PKG-05,PROD-AS-200,2026-06-18,2026-06-18,2026-06-18,760,completed,,
PO-0006073,PKG-05,PROD-HS-100,2026-06-18,2026-06-18,2026-06-18,963,completed,,
PO-0006074,PKG-05,PROD-AS-200,2026-06-18,2026-06-18,2026-06-18,571,completed,,
PO-0006075,PKG-06,PROD-HS-100,2026-06-18,2026-06-18,2026-06-18,1089,completed,,
PO-0006076,PKG-06,PROD-DM-300,2026-06-18,2026-06-18,2026-06-18,916,completed,,
PO-0006077,PKG-06,PROD-HS-100,2026-06-18,2026-06-18,2026-06-18,954,completed,,
PO-0006078,PKG-06,PROD-DM-300,2026-06-18,2026-06-18,2026-06-18,883,completed,,
PO-0006079,PKG-06,PROD-VD-500,2026-06-18,2026-06-18,2026-06-18,551,completed,,
PO-0006080,PKG-06,PROD-DM-300,2026-06-18,2026-06-18,2026-06-18,867,completed,,
PO-0006081,PKG-06,PROD-DM-300,2026-06-18,2026-06-18,2026-06-18,634,completed,,
PO-0006082,PKG-06,PROD-DM-300,2026-06-18,2026-06-18,2026-06-18,1101,completed,,
PO-0006083,PKG-06,PROD-LB-400,2026-06-18,2026-06-18,2026-06-18,685,completed,,
PO-0006084,PKG-01,PROD-LB-400,2026-06-19,2026-06-19,2026-06-19,859,completed,,
PO-0006085,PKG-01,PROD-VD-500,2026-06-19,2026-06-19,2026-06-19,1575,completed,,
PO-0006086,PKG-01,PROD-HS-100,2026-06-19,2026-06-19,2026-06-19,1319,completed,,
PO-0006087,PKG-01,PROD-DM-300,2026-06-19,2026-06-19,2026-06-19,1029,completed,,
PO-0006088,PKG-01,PROD-DM-300,2026-06-19,2026-06-19,2026-06-19,1022,completed,,
PO-0006089,PKG-01,PROD-DM-300,2026-06-19,2026-06-19,2026-06-19,719,completed,,
PO-0006090,PKG-01,PROD-DM-300,2026-06-19,2026-06-19,2026-06-19,1009,completed,,
PO-0006091,PKG-01,PROD-DM-300,2026-06-19,2026-06-19,2026-06-19,1428,completed,,
PO-0006092,PKG-01,PROD-DM-300,2026-06-19,2026-06-19,2026-06-19,1353,completed,,
PO-0006093,PKG-01,PROD-DM-300,2026-06-19,2026-06-19,2026-06-19,1290,completed,,
PO-0006094,PKG-01,PROD-HS-100,2026-06-19,2026-06-19,2026-06-19,780,completed,,
PO-0006095,PKG-01,PROD-VD-500,2026-06-19,2026-06-19,2026-06-19,1543,completed,,
PO-0006096,PKG-01,PROD-DM-300,2026-06-19,2026-06-19,2026-06-19,1058,completed,,
PO-0006097,PKG-01,PROD-DM-300,2026-06-19,2026-06-19,2026-06-19,919,completed,,
PO-0006098,PKG-01,PROD-DM-300,2026-06-19,2026-06-19,2026-06-19,1101,completed,,
PO-0006099,PKG-01,PROD-VD-500,2026-06-19,2026-06-19,2026-06-19,1332,completed,,
PO-0006100,PKG-01,PROD-DM-300,2026-06-19,2026-06-19,2026-06-19,1381,completed,,
PO-0006101,PKG-02,PROD-HS-100,2026-06-19,2026-06-19,2026-06-19,794,completed,,
PO-0006102,PKG-02,PROD-HS-100,2026-06-19,2026-06-19,2026-06-19,968,completed,,
PO-0006103,PKG-02,PROD-DM-300,2026-06-19,2026-06-19,2026-06-19,885,completed,,
PO-0006104,PKG-02,PROD-HS-100,2026-06-19,2026-06-19,2026-06-19,946,completed,,
PO-0006105,PKG-02,PROD-HS-100,2026-06-19,2026-06-19,2026-06-19,645,completed,,
PO-0006106,PKG-02,PROD-LB-400,2026-06-19,2026-06-19,2026-06-19,778,completed,,
PO-0006107,PKG-02,PROD-HS-100,2026-06-19,2026-06-19,2026-06-19,721,completed,,
PO-0006108,PKG-02,PROD-HS-100,2026-06-19,2026-06-19,2026-06-19,657,completed,,
PO-0006109,PKG-02,PROD-VD-500,2026-06-19,2026-06-19,2026-06-19,741,completed,,
PO-0006110,PKG-02,PROD-HS-110,2026-06-19,2026-06-19,2026-06-19,1056,completed,,
PO-0006111,PKG-02,PROD-HS-100,2026-06-19,2026-06-19,2026-06-19,970,completed,,
PO-0006112,PKG-02,PROD-LB-400,2026-06-19,2026-06-19,2026-06-19,930,completed,,
PO-0006113,PKG-02,PROD-HS-110,2026-06-19,2026-06-19,2026-06-19,1007,completed,,
PO-0006114,PKG-02,PROD-HS-100,2026-06-19,2026-06-19,2026-06-19,1003,completed,,
PO-0006115,PKG-02,PROD-HS-110,2026-06-19,2026-06-19,2026-06-19,1010,completed,,
PO-0006116,PKG-03,PROD-AS-200,2026-06-19,2026-06-19,2026-06-19,1049,completed,,
PO-0006117,PKG-03,PROD-AS-200,2026-06-19,2026-06-19,2026-06-19,728,completed,,
PO-0006118,PKG-03,PROD-HS-110,2026-06-19,2026-06-19,2026-06-19,502,completed,,
PO-0006119,PKG-03,PROD-HS-100,2026-06-19,2026-06-19,2026-06-19,968,completed,,
PO-0006120,PKG-03,PROD-HS-100,2026-06-19,2026-06-19,2026-06-19,554,completed,,
PO-0006121,PKG-03,PROD-HS-110,2026-06-19,2026-06-19,2026-06-19,767,completed,,
PO-0006122,PKG-03,PROD-VD-500,2026-06-19,2026-06-19,2026-06-19,685,completed,,
PO-0006123,PKG-03,PROD-AS-200,2026-06-19,2026-06-19,2026-06-19,774,completed,,
PO-0006124,PKG-03,PROD-LB-400,2026-06-19,2026-06-19,2026-06-19,1023,completed,,
PO-0006125,PKG-04,PROD-VD-500,2026-06-19,2026-06-19,2026-06-19,459,completed,,
PO-0006126,PKG-04,PROD-VD-500,2026-06-19,2026-06-19,2026-06-19,886,completed,,
PO-0006127,PKG-04,PROD-VD-500,2026-06-19,2026-06-19,2026-06-19,638,completed,,
PO-0006128,PKG-04,PROD-VD-500,2026-06-19,2026-06-19,2026-06-19,627,completed,,
PO-0006129,PKG-04,PROD-VD-500,2026-06-19,2026-06-19,2026-06-19,622,completed,,
PO-0006130,PKG-04,PROD-VD-500,2026-06-19,2026-06-19,2026-06-19,453,completed,,
PO-0006131,PKG-04,PROD-VD-500,2026-06-19,2026-06-19,2026-06-19,462,completed,,
PO-0006132,PKG-05,PROD-LB-400,2026-06-19,2026-06-19,2026-06-19,555,completed,,
PO-0006133,PKG-05,PROD-HS-110,2026-06-19,2026-06-19,2026-06-19,548,completed,,
PO-0006134,PKG-05,PROD-AS-200,2026-06-19,2026-06-19,2026-06-19,803,completed,,
PO-0006135,PKG-05,PROD-HS-100,2026-06-19,2026-06-19,2026-06-19,502,completed,,
PO-0006136,PKG-05,PROD-HS-110,2026-06-19,2026-06-19,2026-06-19,873,completed,,
PO-0006137,PKG-05,PROD-AS-200,2026-06-19,2026-06-19,2026-06-19,579,completed,,
PO-0006138,PKG-05,PROD-HS-110,2026-06-19,2026-06-19,2026-06-19,895,completed,,
PO-0006139,PKG-05,PROD-HS-110,2026-06-19,2026-06-19,2026-06-19,724,completed,,
PO-0006140,PKG-06,PROD-DM-300,2026-06-19,2026-06-19,2026-06-19,841,completed,,
PO-0006141,PKG-06,PROD-DM-300,2026-06-19,2026-06-19,2026-06-19,988,completed,,
PO-0006142,PKG-06,PROD-HS-110,2026-06-19,2026-06-19,2026-06-19,1128,completed,,
PO-0006143,PKG-06,PROD-DM-300,2026-06-19,2026-06-19,2026-06-19,678,completed,,
PO-0006144,PKG-06,PROD-LB-400,2026-06-19,2026-06-19,2026-06-19,724,completed,,
PO-0006145,PKG-06,PROD-DM-300,2026-06-19,2026-06-19,2026-06-19,562,completed,,
PO-0006146,PKG-06,PROD-VD-500,2026-06-19,2026-06-19,2026-06-19,675,completed,,
PO-0006147,PKG-06,PROD-DM-300,2026-06-19,2026-06-19,2026-06-19,965,completed,,
PO-0006148,PKG-06,PROD-DM-300,2026-06-19,2026-06-19,2026-06-19,654,completed,,
PO-0006149,PKG-01,PROD-DM-300,2026-06-20,2026-06-20,2026-06-20,1481,completed,,
PO-0006150,PKG-01,PROD-DM-300,2026-06-20,2026-06-20,2026-06-20,900,completed,,
PO-0006151,PKG-01,PROD-DM-300,2026-06-20,2026-06-20,2026-06-20,1239,completed,,
PO-0006152,PKG-01,PROD-DM-300,2026-06-20,2026-06-20,2026-06-20,945,completed,,
PO-0006153,PKG-01,PROD-DM-300,2026-06-20,2026-06-20,2026-06-20,1422,completed,,
PO-0006154,PKG-01,PROD-DM-300,2026-06-20,2026-06-20,2026-06-20,1159,completed,,
PO-0006155,PKG-01,PROD-VD-500,2026-06-20,2026-06-20,2026-06-20,1451,completed,,
PO-0006156,PKG-01,PROD-DM-300,2026-06-20,2026-06-20,2026-06-20,978,completed,,
PO-0006157,PKG-01,PROD-DM-300,2026-06-20,2026-06-20,2026-06-20,1535,completed,,
PO-0006158,PKG-01,PROD-DM-300,2026-06-20,2026-06-20,2026-06-20,1101,completed,,
PO-0006159,PKG-01,PROD-DM-300,2026-06-20,2026-06-20,2026-06-20,1133,completed,,
PO-0006160,PKG-01,PROD-DM-300,2026-06-20,2026-06-20,2026-06-20,735,completed,,
PO-0006161,PKG-01,PROD-DM-300,2026-06-20,2026-06-20,2026-06-20,907,completed,,
PO-0006162,PKG-01,PROD-DM-300,2026-06-20,2026-06-20,2026-06-20,911,completed,,
PO-0006163,PKG-01,PROD-HS-110,2026-06-20,2026-06-20,2026-06-20,973,completed,,
PO-0006164,PKG-01,PROD-DM-300,2026-06-20,2026-06-20,2026-06-20,1471,completed,,
PO-0006165,PKG-01,PROD-DM-300,2026-06-20,2026-06-20,2026-06-20,1464,completed,,
PO-0006166,PKG-02,PROD-HS-110,2026-06-20,2026-06-20,2026-06-20,1013,completed,,
PO-0006167,PKG-02,PROD-AS-200,2026-06-20,2026-06-20,2026-06-20,1426,completed,,
PO-0006168,PKG-02,PROD-HS-100,2026-06-20,2026-06-20,2026-06-20,921,completed,,
PO-0006169,PKG-02,PROD-LB-400,2026-06-20,2026-06-20,2026-06-20,772,completed,,
PO-0006170,PKG-02,PROD-HS-100,2026-06-20,2026-06-20,2026-06-20,988,completed,,
PO-0006171,PKG-02,PROD-HS-100,2026-06-20,2026-06-20,2026-06-20,1286,completed,,
PO-0006172,PKG-02,PROD-AS-200,2026-06-20,2026-06-20,2026-06-20,1232,completed,,
PO-0006173,PKG-02,PROD-HS-100,2026-06-20,2026-06-20,2026-06-20,1243,completed,,
PO-0006174,PKG-02,PROD-HS-100,2026-06-20,2026-06-20,2026-06-20,1268,completed,,
PO-0006175,PKG-02,PROD-HS-110,2026-06-20,2026-06-20,2026-06-20,888,completed,,
PO-0006176,PKG-02,PROD-LB-400,2026-06-20,2026-06-20,2026-06-20,1429,completed,,
PO-0006177,PKG-02,PROD-LB-400,2026-06-20,2026-06-20,2026-06-20,697,completed,,
PO-0006178,PKG-02,PROD-LB-400,2026-06-20,2026-06-20,2026-06-20,822,completed,,
PO-0006179,PKG-02,PROD-HS-100,2026-06-20,2026-06-20,2026-06-20,997,completed,,
PO-0006180,PKG-02,PROD-HS-100,2026-06-20,2026-06-20,2026-06-20,878,completed,,
PO-0006181,PKG-03,PROD-HS-100,2026-06-20,2026-06-20,2026-06-20,1036,completed,,
PO-0006182,PKG-03,PROD-LB-400,2026-06-20,2026-06-20,2026-06-20,871,completed,,
PO-0006183,PKG-03,PROD-LB-400,2026-06-20,2026-06-20,2026-06-20,734,completed,,
PO-0006184,PKG-03,PROD-HS-110,2026-06-20,2026-06-20,2026-06-20,501,completed,,
PO-0006185,PKG-03,PROD-AS-200,2026-06-20,2026-06-20,2026-06-20,659,completed,,
PO-0006186,PKG-03,PROD-LB-400,2026-06-20,2026-06-20,2026-06-20,1047,completed,,
PO-0006187,PKG-03,PROD-HS-110,2026-06-20,2026-06-20,2026-06-20,1052,completed,,
PO-0006188,PKG-03,PROD-AS-200,2026-06-20,2026-06-20,2026-06-20,633,completed,,
PO-0006189,PKG-03,PROD-AS-200,2026-06-20,2026-06-20,2026-06-20,868,completed,,
PO-0006190,PKG-04,PROD-VD-500,2026-06-20,2026-06-20,2026-06-20,574,completed,,
PO-0006191,PKG-04,PROD-VD-500,2026-06-20,2026-06-20,2026-06-20,566,completed,,
PO-0006192,PKG-04,PROD-VD-500,2026-06-20,2026-06-20,2026-06-20,492,completed,,
PO-0006193,PKG-04,PROD-VD-500,2026-06-20,2026-06-20,2026-06-20,836,completed,,
PO-0006194,PKG-04,PROD-VD-500,2026-06-20,2026-06-20,2026-06-20,609,completed,,
PO-0006195,PKG-04,PROD-VD-500,2026-06-20,2026-06-20,2026-06-20,728,completed,,
PO-0006196,PKG-04,PROD-VD-500,2026-06-20,2026-06-20,2026-06-20,778,completed,,
PO-0006197,PKG-05,PROD-HS-110,2026-06-20,2026-06-20,2026-06-20,838,completed,,
PO-0006198,PKG-05,PROD-HS-110,2026-06-20,2026-06-20,2026-06-20,659,completed,,
PO-0006199,PKG-05,PROD-AS-200,2026-06-20,2026-06-20,2026-06-20,845,completed,,
PO-0006200,PKG-05,PROD-AS-200,2026-06-20,2026-06-20,2026-06-20,811,completed,,
PO-0006201,PKG-05,PROD-LB-400,2026-06-20,2026-06-20,2026-06-20,539,completed,,
PO-0006202,PKG-05,PROD-VD-500,2026-06-20,2026-06-20,2026-06-20,662,completed,,
PO-0006203,PKG-05,PROD-LB-400,2026-06-20,2026-06-20,2026-06-20,534,completed,,
PO-0006204,PKG-05,PROD-HS-110,2026-06-20,2026-06-20,2026-06-20,515,completed,,
PO-0006205,PKG-06,PROD-HS-110,2026-06-20,2026-06-20,2026-06-20,670,completed,,
PO-0006206,PKG-06,PROD-DM-300,2026-06-20,2026-06-20,2026-06-20,572,completed,,
PO-0006207,PKG-06,PROD-DM-300,2026-06-20,2026-06-20,2026-06-20,1057,completed,,
PO-0006208,PKG-06,PROD-DM-300,2026-06-20,2026-06-20,2026-06-20,686,completed,,
PO-0006209,PKG-06,PROD-HS-110,2026-06-20,2026-06-20,2026-06-20,1126,completed,,
PO-0006210,PKG-06,PROD-DM-300,2026-06-20,2026-06-20,2026-06-20,560,completed,,
PO-0006211,PKG-06,PROD-DM-300,2026-06-20,2026-06-20,2026-06-20,500,completed,,
PO-0006212,PKG-06,PROD-DM-300,2026-06-20,2026-06-20,2026-06-20,892,completed,,
PO-0006213,PKG-06,PROD-DM-300,2026-06-20,2026-06-20,2026-06-20,1074,completed,,
PO-0006214,PKG-01,PROD-DM-300,2026-06-22,2026-06-22,2026-06-22,1409,completed,,
PO-0006215,PKG-01,PROD-DM-300,2026-06-22,2026-06-22,2026-06-22,1519,completed,,
PO-0006216,PKG-01,PROD-DM-300,2026-06-22,2026-06-22,2026-06-22,864,completed,,
PO-0006217,PKG-01,PROD-HS-100,2026-06-22,2026-06-22,2026-06-22,923,completed,,
PO-0006218,PKG-01,PROD-DM-300,2026-06-22,2026-06-22,2026-06-22,934,completed,,
PO-0006219,PKG-01,PROD-DM-300,2026-06-22,2026-06-22,2026-06-22,1148,completed,,
PO-0006220,PKG-01,PROD-DM-300,2026-06-22,2026-06-22,2026-06-22,1369,completed,,
PO-0006221,PKG-01,PROD-DM-300,2026-06-22,2026-06-22,2026-06-22,1066,completed,,
PO-0006222,PKG-01,PROD-LB-400,2026-06-22,2026-06-22,2026-06-22,1379,completed,,
PO-0006223,PKG-01,PROD-DM-300,2026-06-22,2026-06-22,2026-06-22,1463,completed,,
PO-0006224,PKG-01,PROD-VD-500,2026-06-22,2026-06-22,2026-06-22,1400,completed,,
PO-0006225,PKG-01,PROD-DM-300,2026-06-22,2026-06-22,2026-06-22,1069,completed,,
PO-0006226,PKG-01,PROD-HS-110,2026-06-22,2026-06-22,2026-06-22,872,completed,,
PO-0006227,PKG-01,PROD-DM-300,2026-06-22,2026-06-22,2026-06-22,1449,completed,,
PO-0006228,PKG-01,PROD-DM-300,2026-06-22,2026-06-22,2026-06-22,1063,completed,,
PO-0006229,PKG-01,PROD-VD-500,2026-06-22,2026-06-22,2026-06-22,1471,completed,,
PO-0006230,PKG-01,PROD-DM-300,2026-06-22,2026-06-22,2026-06-22,908,completed,,
PO-0006231,PKG-02,PROD-LB-400,2026-06-22,2026-06-22,2026-06-22,1121,completed,,
PO-0006232,PKG-02,PROD-HS-100,2026-06-22,2026-06-22,2026-06-22,727,completed,,
PO-0006233,PKG-02,PROD-HS-100,2026-06-22,2026-06-22,2026-06-22,825,completed,,
PO-0006234,PKG-02,PROD-HS-100,2026-06-22,2026-06-22,2026-06-22,1170,completed,,
PO-0006235,PKG-02,PROD-HS-100,2026-06-22,2026-06-22,2026-06-22,1067,completed,,
PO-0006236,PKG-02,PROD-HS-100,2026-06-22,2026-06-22,2026-06-22,1054,completed,,
PO-0006237,PKG-02,PROD-HS-100,2026-06-22,2026-06-22,2026-06-22,1318,completed,,
PO-0006238,PKG-02,PROD-HS-110,2026-06-22,2026-06-22,2026-06-22,1202,completed,,
PO-0006239,PKG-02,PROD-HS-100,2026-06-22,2026-06-22,2026-06-22,1377,completed,,
PO-0006240,PKG-02,PROD-HS-100,2026-06-22,2026-06-22,2026-06-22,1047,completed,,
PO-0006241,PKG-02,PROD-LB-400,2026-06-22,2026-06-22,2026-06-22,1060,completed,,
PO-0006242,PKG-02,PROD-HS-110,2026-06-22,2026-06-22,2026-06-22,1157,completed,,
PO-0006243,PKG-02,PROD-LB-400,2026-06-22,2026-06-22,2026-06-22,863,completed,,
PO-0006244,PKG-02,PROD-LB-400,2026-06-22,2026-06-22,2026-06-22,634,completed,,
PO-0006245,PKG-02,PROD-HS-100,2026-06-22,2026-06-22,2026-06-22,1456,completed,,
PO-0006246,PKG-03,PROD-LB-400,2026-06-22,2026-06-22,2026-06-22,916,completed,,
PO-0006247,PKG-03,PROD-AS-200,2026-06-22,2026-06-22,2026-06-22,943,completed,,
PO-0006248,PKG-03,PROD-AS-200,2026-06-22,2026-06-22,2026-06-22,583,completed,,
PO-0006249,PKG-03,PROD-AS-200,2026-06-22,2026-06-22,2026-06-22,1072,completed,,
PO-0006250,PKG-03,PROD-LB-400,2026-06-22,2026-06-22,2026-06-22,577,completed,,
PO-0006251,PKG-03,PROD-HS-100,2026-06-22,2026-06-22,2026-06-22,1118,completed,,
PO-0006252,PKG-03,PROD-HS-100,2026-06-22,2026-06-22,2026-06-22,657,completed,,
PO-0006253,PKG-03,PROD-LB-400,2026-06-22,2026-06-22,2026-06-22,1163,completed,,
PO-0006254,PKG-04,PROD-VD-500,2026-06-22,2026-06-22,2026-06-22,739,completed,,
PO-0006255,PKG-04,PROD-VD-500,2026-06-22,2026-06-22,2026-06-22,824,completed,,
PO-0006256,PKG-04,PROD-VD-500,2026-06-22,2026-06-22,2026-06-22,773,completed,,
PO-0006257,PKG-04,PROD-VD-500,2026-06-22,2026-06-22,2026-06-22,768,completed,,
PO-0006258,PKG-04,PROD-VD-500,2026-06-22,2026-06-22,2026-06-22,765,completed,,
PO-0006259,PKG-04,PROD-VD-500,2026-06-22,2026-06-22,2026-06-22,702,completed,,
PO-0006260,PKG-04,PROD-DM-300,2026-06-22,2026-06-22,2026-06-22,541,completed,,
PO-0006261,PKG-05,PROD-LB-400,2026-06-22,2026-06-22,2026-06-22,875,completed,,
PO-0006262,PKG-05,PROD-AS-200,2026-06-22,2026-06-22,2026-06-22,909,completed,,
PO-0006263,PKG-05,PROD-HS-110,2026-06-22,2026-06-22,2026-06-22,708,completed,,
PO-0006264,PKG-05,PROD-LB-400,2026-06-22,2026-06-22,2026-06-22,535,completed,,
PO-0006265,PKG-05,PROD-HS-100,2026-06-22,2026-06-22,2026-06-22,708,completed,,
PO-0006266,PKG-05,PROD-HS-100,2026-06-22,2026-06-22,2026-06-22,482,completed,,
PO-0006267,PKG-05,PROD-VD-500,2026-06-22,2026-06-22,2026-06-22,917,completed,,
PO-0006268,PKG-05,PROD-HS-110,2026-06-22,2026-06-22,2026-06-22,889,completed,,
PO-0006269,PKG-06,PROD-DM-300,2026-06-22,2026-06-22,2026-06-22,922,completed,,
PO-0006270,PKG-06,PROD-VD-500,2026-06-22,2026-06-22,2026-06-22,494,completed,,
PO-0006271,PKG-06,PROD-DM-300,2026-06-22,2026-06-22,2026-06-22,511,completed,,
PO-0006272,PKG-06,PROD-DM-300,2026-06-22,2026-06-22,2026-06-22,860,completed,,
PO-0006273,PKG-06,PROD-DM-300,2026-06-22,2026-06-22,2026-06-22,1035,completed,,
PO-0006274,PKG-06,PROD-DM-300,2026-06-22,2026-06-22,2026-06-22,761,completed,,
PO-0006275,PKG-06,PROD-DM-300,2026-06-22,2026-06-22,2026-06-22,902,completed,,
PO-0006276,PKG-06,PROD-DM-300,2026-06-22,2026-06-22,2026-06-22,495,completed,,
PO-0006277,PKG-06,PROD-DM-300,2026-06-22,2026-06-22,2026-06-22,534,completed,,
PO-0006278,PKG-01,PROD-VD-500,2026-06-23,2026-06-23,2026-06-23,1028,completed,,
PO-0006279,PKG-01,PROD-VD-500,2026-06-23,2026-06-23,2026-06-23,1346,completed,,
PO-0006280,PKG-01,PROD-DM-300,2026-06-23,2026-06-23,2026-06-23,835,completed,,
PO-0006281,PKG-01,PROD-DM-300,2026-06-23,2026-06-23,2026-06-23,928,completed,,
PO-0006282,PKG-01,PROD-DM-300,2026-06-23,2026-06-23,2026-06-23,1348,completed,,
PO-0006283,PKG-01,PROD-VD-500,2026-06-23,2026-06-23,2026-06-23,1556,completed,,
PO-0006284,PKG-01,PROD-DM-300,2026-06-23,2026-06-23,2026-06-23,1400,completed,,
PO-0006285,PKG-01,PROD-DM-300,2026-06-23,2026-06-23,2026-06-23,1599,completed,,
PO-0006286,PKG-01,PROD-VD-500,2026-06-23,2026-06-23,2026-06-23,1273,completed,,
PO-0006287,PKG-01,PROD-AS-200,2026-06-23,2026-06-23,2026-06-23,1100,completed,,
PO-0006288,PKG-01,PROD-DM-300,2026-06-23,2026-06-23,2026-06-23,715,completed,,
PO-0006289,PKG-01,PROD-VD-500,2026-06-23,2026-06-23,2026-06-23,903,completed,,
PO-0006290,PKG-01,PROD-DM-300,2026-06-23,2026-06-23,2026-06-23,729,completed,,
PO-0006291,PKG-01,PROD-DM-300,2026-06-23,2026-06-23,2026-06-23,743,completed,,
PO-0006292,PKG-01,PROD-DM-300,2026-06-23,2026-06-23,2026-06-23,1460,completed,,
PO-0006293,PKG-01,PROD-DM-300,2026-06-23,2026-06-23,2026-06-23,1236,completed,,
PO-0006294,PKG-01,PROD-LB-400,2026-06-23,2026-06-23,2026-06-23,816,completed,,
PO-0006295,PKG-02,PROD-HS-100,2026-06-23,2026-06-23,2026-06-23,1332,completed,,
PO-0006296,PKG-02,PROD-HS-100,2026-06-23,2026-06-23,2026-06-23,879,completed,,
PO-0006297,PKG-02,PROD-HS-100,2026-06-23,2026-06-23,2026-06-23,978,completed,,
PO-0006298,PKG-02,PROD-HS-100,2026-06-23,2026-06-23,2026-06-23,1141,completed,,
PO-0006299,PKG-02,PROD-HS-100,2026-06-23,2026-06-23,2026-06-23,819,completed,,
PO-0006300,PKG-02,PROD-HS-100,2026-06-23,2026-06-23,2026-06-23,654,completed,,
PO-0006301,PKG-02,PROD-HS-100,2026-06-23,2026-06-23,2026-06-23,697,completed,,
PO-0006302,PKG-02,PROD-AS-200,2026-06-23,2026-06-23,2026-06-23,1204,completed,,
PO-0006303,PKG-02,PROD-LB-400,2026-06-23,2026-06-23,2026-06-23,1194,completed,,
PO-0006304,PKG-02,PROD-HS-100,2026-06-23,2026-06-23,2026-06-23,1309,completed,,
PO-0006305,PKG-02,PROD-HS-100,2026-06-23,2026-06-23,2026-06-23,1151,completed,,
PO-0006306,PKG-02,PROD-HS-100,2026-06-23,2026-06-23,2026-06-23,936,completed,,
PO-0006307,PKG-02,PROD-LB-400,2026-06-23,2026-06-23,2026-06-23,1076,completed,,
PO-0006308,PKG-02,PROD-HS-100,2026-06-23,2026-06-23,2026-06-23,1001,completed,,
PO-0006309,PKG-02,PROD-HS-100,2026-06-23,2026-06-23,2026-06-23,656,completed,,
PO-0006310,PKG-03,PROD-HS-100,2026-06-23,2026-06-23,2026-06-23,585,completed,,
PO-0006311,PKG-03,PROD-HS-110,2026-06-23,2026-06-23,2026-06-23,1157,completed,,
PO-0006312,PKG-03,PROD-HS-110,2026-06-23,2026-06-23,2026-06-23,955,completed,,
PO-0006313,PKG-03,PROD-HS-100,2026-06-23,2026-06-23,2026-06-23,771,completed,,
PO-0006314,PKG-03,PROD-LB-400,2026-06-23,2026-06-23,2026-06-23,578,completed,,
PO-0006315,PKG-03,PROD-AS-200,2026-06-23,2026-06-23,2026-06-23,981,completed,,
PO-0006316,PKG-03,PROD-LB-400,2026-06-23,2026-06-23,2026-06-23,655,completed,,
PO-0006317,PKG-03,PROD-HS-110,2026-06-23,2026-06-23,2026-06-23,1229,completed,,
PO-0006318,PKG-04,PROD-VD-500,2026-06-23,2026-06-23,2026-06-23,673,completed,,
PO-0006319,PKG-04,PROD-VD-500,2026-06-23,2026-06-23,2026-06-23,442,completed,,
PO-0006320,PKG-04,PROD-VD-500,2026-06-23,2026-06-23,2026-06-23,778,completed,,
PO-0006321,PKG-04,PROD-VD-500,2026-06-23,2026-06-23,2026-06-23,904,completed,,
PO-0006322,PKG-04,PROD-VD-500,2026-06-23,2026-06-23,2026-06-23,537,completed,,
PO-0006323,PKG-04,PROD-VD-500,2026-06-23,2026-06-23,2026-06-23,521,completed,,
PO-0006324,PKG-04,PROD-VD-500,2026-06-23,2026-06-23,2026-06-23,850,completed,,
PO-0006325,PKG-05,PROD-AS-200,2026-06-23,2026-06-23,2026-06-23,615,completed,,
PO-0006326,PKG-05,PROD-AS-200,2026-06-23,2026-06-23,2026-06-23,632,completed,,
PO-0006327,PKG-05,PROD-VD-500,2026-06-23,2026-06-23,2026-06-23,857,completed,,
PO-0006328,PKG-05,PROD-VD-500,2026-06-23,2026-06-23,2026-06-23,559,completed,,
PO-0006329,PKG-05,PROD-VD-500,2026-06-23,2026-06-23,2026-06-23,927,completed,,
PO-0006330,PKG-05,PROD-LB-400,2026-06-23,2026-06-23,2026-06-23,958,completed,,
PO-0006331,PKG-05,PROD-LB-400,2026-06-23,2026-06-23,2026-06-23,695,completed,,
PO-0006332,PKG-05,PROD-LB-400,2026-06-23,2026-06-23,2026-06-23,943,completed,,
PO-0006333,PKG-06,PROD-AS-200,2026-06-23,2026-06-23,2026-06-23,847,maintenance_blocked,,MW-PKG-06-202606
PO-0006334,PKG-06,PROD-HS-110,2026-06-23,2026-06-23,2026-06-23,977,maintenance_blocked,,MW-PKG-06-202606
PO-0006335,PKG-06,PROD-DM-300,2026-06-23,2026-06-23,2026-06-23,930,maintenance_blocked,,MW-PKG-06-202606
PO-0006336,PKG-06,PROD-DM-300,2026-06-23,2026-06-23,2026-06-23,780,maintenance_blocked,,MW-PKG-06-202606
PO-0006337,PKG-06,PROD-VD-500,2026-06-23,2026-06-23,2026-06-23,1027,maintenance_blocked,,MW-PKG-06-202606
PO-0006338,PKG-06,PROD-DM-300,2026-06-23,2026-06-23,2026-06-23,749,maintenance_blocked,,MW-PKG-06-202606
PO-0006339,PKG-06,PROD-DM-300,2026-06-23,2026-06-23,2026-06-23,1023,maintenance_blocked,,MW-PKG-06-202606
PO-0006340,PKG-06,PROD-DM-300,2026-06-23,2026-06-23,2026-06-23,717,maintenance_blocked,,MW-PKG-06-202606
PO-0006341,PKG-06,PROD-DM-300,2026-06-23,2026-06-23,2026-06-23,600,maintenance_blocked,,MW-PKG-06-202606
PO-0006342,PKG-01,PROD-DM-300,2026-06-24,2026-06-24,2026-06-24,1446,completed,,
PO-0006343,PKG-01,PROD-AS-200,2026-06-24,2026-06-24,2026-06-24,1245,completed,,
PO-0006344,PKG-01,PROD-VD-500,2026-06-24,2026-06-24,2026-06-24,997,completed,,
PO-0006345,PKG-01,PROD-DM-300,2026-06-24,2026-06-24,2026-06-24,1386,completed,,
PO-0006346,PKG-01,PROD-HS-100,2026-06-24,2026-06-24,2026-06-24,1185,completed,,
PO-0006347,PKG-01,PROD-DM-300,2026-06-24,2026-06-24,2026-06-24,1001,completed,,
PO-0006348,PKG-01,PROD-AS-200,2026-06-24,2026-06-24,2026-06-24,891,completed,,
PO-0006349,PKG-01,PROD-DM-300,2026-06-24,2026-06-24,2026-06-24,1427,completed,,
PO-0006350,PKG-01,PROD-DM-300,2026-06-24,2026-06-24,2026-06-24,1193,completed,,
PO-0006351,PKG-01,PROD-VD-500,2026-06-24,2026-06-24,2026-06-24,1273,completed,,
PO-0006352,PKG-01,PROD-AS-200,2026-06-24,2026-06-24,2026-06-24,1580,completed,,
PO-0006353,PKG-01,PROD-DM-300,2026-06-24,2026-06-24,2026-06-24,989,completed,,
PO-0006354,PKG-01,PROD-DM-300,2026-06-24,2026-06-24,2026-06-24,1528,completed,,
PO-0006355,PKG-01,PROD-DM-300,2026-06-24,2026-06-24,2026-06-24,1295,completed,,
PO-0006356,PKG-01,PROD-VD-500,2026-06-24,2026-06-24,2026-06-24,1335,completed,,
PO-0006357,PKG-01,PROD-DM-300,2026-06-24,2026-06-24,2026-06-24,1463,completed,,
PO-0006358,PKG-01,PROD-AS-200,2026-06-24,2026-06-24,2026-06-24,815,completed,,
PO-0006359,PKG-02,PROD-LB-400,2026-06-24,2026-06-24,2026-06-24,720,completed,,
PO-0006360,PKG-02,PROD-HS-110,2026-06-24,2026-06-24,2026-06-24,726,completed,,
PO-0006361,PKG-02,PROD-HS-100,2026-06-24,2026-06-24,2026-06-24,971,completed,,
PO-0006362,PKG-02,PROD-HS-100,2026-06-24,2026-06-24,2026-06-24,1341,completed,,
PO-0006363,PKG-02,PROD-HS-100,2026-06-24,2026-06-24,2026-06-24,1251,completed,,
PO-0006364,PKG-02,PROD-HS-110,2026-06-24,2026-06-24,2026-06-24,1163,completed,,
PO-0006365,PKG-02,PROD-HS-100,2026-06-24,2026-06-24,2026-06-24,961,completed,,
PO-0006366,PKG-02,PROD-HS-110,2026-06-24,2026-06-24,2026-06-24,1190,completed,,
PO-0006367,PKG-02,PROD-HS-100,2026-06-24,2026-06-24,2026-06-24,775,completed,,
PO-0006368,PKG-02,PROD-HS-110,2026-06-24,2026-06-24,2026-06-24,983,completed,,
PO-0006369,PKG-02,PROD-LB-400,2026-06-24,2026-06-24,2026-06-24,1002,completed,,
PO-0006370,PKG-02,PROD-HS-100,2026-06-24,2026-06-24,2026-06-24,926,completed,,
PO-0006371,PKG-02,PROD-HS-100,2026-06-24,2026-06-24,2026-06-24,721,completed,,
PO-0006372,PKG-02,PROD-HS-100,2026-06-24,2026-06-24,2026-06-24,1463,completed,,
PO-0006373,PKG-02,PROD-AS-200,2026-06-24,2026-06-24,2026-06-24,672,completed,,
PO-0006374,PKG-03,PROD-AS-200,2026-06-24,2026-06-24,2026-06-24,920,completed,,
PO-0006375,PKG-03,PROD-AS-200,2026-06-24,2026-06-24,2026-06-24,806,completed,,
PO-0006376,PKG-03,PROD-AS-200,2026-06-24,2026-06-24,2026-06-24,845,completed,,
PO-0006377,PKG-03,PROD-HS-110,2026-06-24,2026-06-24,2026-06-24,1020,completed,,
PO-0006378,PKG-03,PROD-HS-110,2026-06-24,2026-06-24,2026-06-24,690,completed,,
PO-0006379,PKG-03,PROD-AS-200,2026-06-24,2026-06-24,2026-06-24,867,completed,,
PO-0006380,PKG-03,PROD-LB-400,2026-06-24,2026-06-24,2026-06-24,635,completed,,
PO-0006381,PKG-03,PROD-LB-400,2026-06-24,2026-06-24,2026-06-24,815,completed,,
PO-0006382,PKG-04,PROD-LB-400,2026-06-24,2026-06-24,2026-06-24,884,completed,,
PO-0006383,PKG-04,PROD-VD-500,2026-06-24,2026-06-24,2026-06-24,556,completed,,
PO-0006384,PKG-04,PROD-VD-500,2026-06-24,2026-06-24,2026-06-24,580,completed,,
PO-0006385,PKG-04,PROD-VD-500,2026-06-24,2026-06-24,2026-06-24,487,completed,,
PO-0006386,PKG-04,PROD-VD-500,2026-06-24,2026-06-24,2026-06-24,554,completed,,
PO-0006387,PKG-04,PROD-VD-500,2026-06-24,2026-06-24,2026-06-24,697,completed,,
PO-0006388,PKG-04,PROD-VD-500,2026-06-24,2026-06-24,2026-06-24,774,completed,,
PO-0006389,PKG-05,PROD-VD-500,2026-06-24,2026-06-24,2026-06-24,635,completed,,
PO-0006390,PKG-05,PROD-HS-100,2026-06-24,2026-06-24,2026-06-24,455,completed,,
PO-0006391,PKG-05,PROD-HS-110,2026-06-24,2026-06-24,2026-06-24,444,completed,,
PO-0006392,PKG-05,PROD-AS-200,2026-06-24,2026-06-24,2026-06-24,890,completed,,
PO-0006393,PKG-05,PROD-HS-110,2026-06-24,2026-06-24,2026-06-24,651,completed,,
PO-0006394,PKG-05,PROD-AS-200,2026-06-24,2026-06-24,2026-06-24,457,completed,,
PO-0006395,PKG-05,PROD-LB-400,2026-06-24,2026-06-24,2026-06-24,772,completed,,
PO-0006396,PKG-05,PROD-LB-400,2026-06-24,2026-06-24,2026-06-24,966,completed,,
PO-0006397,PKG-06,PROD-DM-300,2026-06-24,2026-06-24,2026-06-24,908,maintenance_blocked,,MW-PKG-06-202606
PO-0006398,PKG-06,PROD-VD-500,2026-06-24,2026-06-24,2026-06-24,983,maintenance_blocked,,MW-PKG-06-202606
PO-0006399,PKG-06,PROD-DM-300,2026-06-24,2026-06-24,2026-06-24,521,maintenance_blocked,,MW-PKG-06-202606
PO-0006400,PKG-06,PROD-DM-300,2026-06-24,2026-06-24,2026-06-24,942,maintenance_blocked,,MW-PKG-06-202606
PO-0006401,PKG-06,PROD-DM-300,2026-06-24,2026-06-24,2026-06-24,640,maintenance_blocked,,MW-PKG-06-202606
PO-0006402,PKG-06,PROD-DM-300,2026-06-24,2026-06-24,2026-06-24,873,maintenance_blocked,,MW-PKG-06-202606
PO-0006403,PKG-06,PROD-DM-300,2026-06-24,2026-06-24,2026-06-24,740,maintenance_blocked,,MW-PKG-06-202606
PO-0006404,PKG-06,PROD-VD-500,2026-06-24,2026-06-24,2026-06-24,798,maintenance_blocked,,MW-PKG-06-202606
PO-0006405,PKG-06,PROD-DM-300,2026-06-24,2026-06-24,2026-06-24,502,maintenance_blocked,,MW-PKG-06-202606
PO-0006406,PKG-01,PROD-DM-300,2026-06-25,2026-06-25,2026-06-25,1359,completed,,
PO-0006407,PKG-01,PROD-DM-300,2026-06-25,2026-06-25,2026-06-25,925,completed,,
PO-0006408,PKG-01,PROD-DM-300,2026-06-25,2026-06-25,2026-06-25,1491,completed,,
PO-0006409,PKG-01,PROD-DM-300,2026-06-25,2026-06-25,2026-06-25,1216,completed,,
PO-0006410,PKG-01,PROD-DM-300,2026-06-25,2026-06-25,2026-06-25,1178,completed,,
PO-0006411,PKG-01,PROD-DM-300,2026-06-25,2026-06-25,2026-06-25,1269,completed,,
PO-0006412,PKG-01,PROD-AS-200,2026-06-25,2026-06-25,2026-06-25,1484,completed,,
PO-0006413,PKG-01,PROD-DM-300,2026-06-25,2026-06-25,2026-06-25,1302,completed,,
PO-0006414,PKG-01,PROD-DM-300,2026-06-25,2026-06-25,2026-06-25,1124,completed,,
PO-0006415,PKG-01,PROD-LB-400,2026-06-25,2026-06-25,2026-06-25,765,completed,,
PO-0006416,PKG-01,PROD-DM-300,2026-06-25,2026-06-25,2026-06-25,1435,completed,,
PO-0006417,PKG-01,PROD-DM-300,2026-06-25,2026-06-25,2026-06-25,688,completed,,
PO-0006418,PKG-01,PROD-DM-300,2026-06-25,2026-06-25,2026-06-25,722,completed,,
PO-0006419,PKG-01,PROD-DM-300,2026-06-25,2026-06-25,2026-06-25,882,completed,,
PO-0006420,PKG-01,PROD-AS-200,2026-06-25,2026-06-25,2026-06-25,986,completed,,
PO-0006421,PKG-01,PROD-DM-300,2026-06-25,2026-06-25,2026-06-25,675,completed,,
PO-0006422,PKG-01,PROD-DM-300,2026-06-25,2026-06-25,2026-06-25,1231,completed,,
PO-0006423,PKG-01,PROD-DM-300,2026-06-25,2026-06-25,2026-06-25,1083,completed,,
PO-0006424,PKG-02,PROD-AS-200,2026-06-25,2026-06-25,2026-06-25,1184,completed,,
PO-0006425,PKG-02,PROD-LB-400,2026-06-25,2026-06-25,2026-06-25,1128,completed,,
PO-0006426,PKG-02,PROD-HS-100,2026-06-25,2026-06-25,2026-06-25,1210,completed,,
PO-0006427,PKG-02,PROD-HS-100,2026-06-25,2026-06-25,2026-06-25,1148,completed,,
PO-0006428,PKG-02,PROD-HS-100,2026-06-25,2026-06-25,2026-06-25,1129,completed,,
PO-0006429,PKG-02,PROD-HS-100,2026-06-25,2026-06-25,2026-06-25,655,completed,,
PO-0006430,PKG-02,PROD-AS-200,2026-06-25,2026-06-25,2026-06-25,909,completed,,
PO-0006431,PKG-02,PROD-HS-110,2026-06-25,2026-06-25,2026-06-25,1053,completed,,
PO-0006432,PKG-02,PROD-HS-100,2026-06-25,2026-06-25,2026-06-25,1150,completed,,
PO-0006433,PKG-02,PROD-LB-400,2026-06-25,2026-06-25,2026-06-25,1228,completed,,
PO-0006434,PKG-02,PROD-LB-400,2026-06-25,2026-06-25,2026-06-25,1145,completed,,
PO-0006435,PKG-02,PROD-HS-100,2026-06-25,2026-06-25,2026-06-25,640,completed,,
PO-0006436,PKG-02,PROD-LB-400,2026-06-25,2026-06-25,2026-06-25,1240,completed,,
PO-0006437,PKG-02,PROD-HS-100,2026-06-25,2026-06-25,2026-06-25,784,completed,,
PO-0006438,PKG-02,PROD-HS-100,2026-06-25,2026-06-25,2026-06-25,1132,completed,,
PO-0006439,PKG-03,PROD-AS-200,2026-06-25,2026-06-25,2026-06-25,1090,completed,,
PO-0006440,PKG-03,PROD-HS-100,2026-06-25,2026-06-25,2026-06-25,1069,completed,,
PO-0006441,PKG-03,PROD-LB-400,2026-06-25,2026-06-25,2026-06-25,802,completed,,
PO-0006442,PKG-03,PROD-HS-110,2026-06-25,2026-06-25,2026-06-25,769,completed,,
PO-0006443,PKG-03,PROD-LB-400,2026-06-25,2026-06-25,2026-06-25,1108,completed,,
PO-0006444,PKG-03,PROD-HS-100,2026-06-25,2026-06-25,2026-06-25,764,completed,,
PO-0006445,PKG-03,PROD-HS-100,2026-06-25,2026-06-25,2026-06-25,1117,completed,,
PO-0006446,PKG-03,PROD-AS-200,2026-06-25,2026-06-25,2026-06-25,1023,completed,,
PO-0006447,PKG-04,PROD-HS-100,2026-06-25,2026-06-25,2026-06-25,539,completed,,
PO-0006448,PKG-04,PROD-HS-110,2026-06-25,2026-06-25,2026-06-25,611,completed,,
PO-0006449,PKG-04,PROD-VD-500,2026-06-25,2026-06-25,2026-06-25,903,completed,,
PO-0006450,PKG-04,PROD-VD-500,2026-06-25,2026-06-25,2026-06-25,878,completed,,
PO-0006451,PKG-04,PROD-AS-200,2026-06-25,2026-06-25,2026-06-25,874,completed,,
PO-0006452,PKG-04,PROD-VD-500,2026-06-25,2026-06-25,2026-06-25,523,completed,,
PO-0006453,PKG-04,PROD-VD-500,2026-06-25,2026-06-25,2026-06-25,572,completed,,
PO-0006454,PKG-05,PROD-HS-110,2026-06-25,2026-06-25,2026-06-25,566,completed,,
PO-0006455,PKG-05,PROD-AS-200,2026-06-25,2026-06-25,2026-06-25,606,completed,,
PO-0006456,PKG-05,PROD-HS-100,2026-06-25,2026-06-25,2026-06-25,477,completed,,
PO-0006457,PKG-05,PROD-HS-110,2026-06-25,2026-06-25,2026-06-25,448,completed,,
PO-0006458,PKG-05,PROD-LB-400,2026-06-25,2026-06-25,2026-06-25,600,completed,,
PO-0006459,PKG-05,PROD-HS-100,2026-06-25,2026-06-25,2026-06-25,700,completed,,
PO-0006460,PKG-05,PROD-LB-400,2026-06-25,2026-06-25,2026-06-25,911,completed,,
PO-0006461,PKG-05,PROD-LB-400,2026-06-25,2026-06-25,2026-06-25,830,completed,,
PO-0006462,PKG-06,PROD-LB-400,2026-06-25,2026-06-25,2026-06-25,739,completed,,
PO-0006463,PKG-06,PROD-DM-300,2026-06-25,2026-06-25,2026-06-25,1073,completed,,
PO-0006464,PKG-06,PROD-DM-300,2026-06-25,2026-06-25,2026-06-25,889,completed,,
PO-0006465,PKG-06,PROD-DM-300,2026-06-25,2026-06-25,2026-06-25,492,completed,,
PO-0006466,PKG-06,PROD-DM-300,2026-06-25,2026-06-25,2026-06-25,978,completed,,
PO-0006467,PKG-06,PROD-DM-300,2026-06-25,2026-06-25,2026-06-25,1123,completed,,
PO-0006468,PKG-06,PROD-DM-300,2026-06-25,2026-06-25,2026-06-25,575,completed,,
PO-0006469,PKG-06,PROD-DM-300,2026-06-25,2026-06-25,2026-06-25,1106,completed,,
PO-0006470,PKG-06,PROD-HS-100,2026-06-25,2026-06-25,2026-06-25,624,completed,,
PO-0006471,PKG-01,PROD-DM-300,2026-06-26,2026-06-26,2026-06-26,1029,completed,,
PO-0006472,PKG-01,PROD-DM-300,2026-06-26,2026-06-26,2026-06-26,1332,completed,,
PO-0006473,PKG-01,PROD-HS-100,2026-06-26,2026-06-26,2026-06-26,1240,completed,,
PO-0006474,PKG-01,PROD-AS-200,2026-06-26,2026-06-26,2026-06-26,770,completed,,
PO-0006475,PKG-01,PROD-HS-110,2026-06-26,2026-06-26,2026-06-26,844,completed,,
PO-0006476,PKG-01,PROD-DM-300,2026-06-26,2026-06-26,2026-06-26,1255,completed,,
PO-0006477,PKG-01,PROD-VD-500,2026-06-26,2026-06-26,2026-06-26,1118,completed,,
PO-0006478,PKG-01,PROD-DM-300,2026-06-26,2026-06-26,2026-06-26,1172,completed,,
PO-0006479,PKG-01,PROD-DM-300,2026-06-26,2026-06-26,2026-06-26,1026,completed,,
PO-0006480,PKG-01,PROD-DM-300,2026-06-26,2026-06-26,2026-06-26,1351,completed,,
PO-0006481,PKG-01,PROD-DM-300,2026-06-26,2026-06-26,2026-06-26,1241,completed,,
PO-0006482,PKG-01,PROD-DM-300,2026-06-26,2026-06-26,2026-06-26,943,completed,,
PO-0006483,PKG-01,PROD-DM-300,2026-06-26,2026-06-26,2026-06-26,1221,completed,,
PO-0006484,PKG-01,PROD-DM-300,2026-06-26,2026-06-26,2026-06-26,1337,completed,,
PO-0006485,PKG-01,PROD-DM-300,2026-06-26,2026-06-26,2026-06-26,942,completed,,
PO-0006486,PKG-01,PROD-DM-300,2026-06-26,2026-06-26,2026-06-26,884,completed,,
PO-0006487,PKG-01,PROD-LB-400,2026-06-26,2026-06-26,2026-06-26,702,completed,,
PO-0006488,PKG-01,PROD-DM-300,2026-06-26,2026-06-26,2026-06-26,1324,completed,,
PO-0006489,PKG-02,PROD-HS-100,2026-06-26,2026-06-26,2026-06-26,990,completed,,
PO-0006490,PKG-02,PROD-LB-400,2026-06-26,2026-06-26,2026-06-26,1119,completed,,
PO-0006491,PKG-02,PROD-LB-400,2026-06-26,2026-06-26,2026-06-26,722,completed,,
PO-0006492,PKG-02,PROD-AS-200,2026-06-26,2026-06-26,2026-06-26,1097,completed,,
PO-0006493,PKG-02,PROD-HS-100,2026-06-26,2026-06-26,2026-06-26,761,completed,,
PO-0006494,PKG-02,PROD-HS-100,2026-06-26,2026-06-26,2026-06-26,963,completed,,
PO-0006495,PKG-02,PROD-HS-100,2026-06-26,2026-06-26,2026-06-26,1044,completed,,
PO-0006496,PKG-02,PROD-HS-100,2026-06-26,2026-06-26,2026-06-26,1379,completed,,
PO-0006497,PKG-02,PROD-AS-200,2026-06-26,2026-06-26,2026-06-26,1345,completed,,
PO-0006498,PKG-02,PROD-AS-200,2026-06-26,2026-06-26,2026-06-26,775,completed,,
PO-0006499,PKG-02,PROD-HS-110,2026-06-26,2026-06-26,2026-06-26,1471,completed,,
PO-0006500,PKG-02,PROD-HS-100,2026-06-26,2026-06-26,2026-06-26,723,completed,,
PO-0006501,PKG-02,PROD-HS-100,2026-06-26,2026-06-26,2026-06-26,1117,completed,,
PO-0006502,PKG-02,PROD-HS-100,2026-06-26,2026-06-26,2026-06-26,813,completed,,
PO-0006503,PKG-02,PROD-HS-110,2026-06-26,2026-06-26,2026-06-26,1311,completed,,
PO-0006504,PKG-03,PROD-HS-100,2026-06-26,2026-06-26,2026-06-26,1166,completed,,
PO-0006505,PKG-03,PROD-HS-100,2026-06-26,2026-06-26,2026-06-26,815,completed,,
PO-0006506,PKG-03,PROD-HS-110,2026-06-26,2026-06-26,2026-06-26,769,completed,,
PO-0006507,PKG-03,PROD-HS-110,2026-06-26,2026-06-26,2026-06-26,1069,completed,,
PO-0006508,PKG-03,PROD-AS-200,2026-06-26,2026-06-26,2026-06-26,790,completed,,
PO-0006509,PKG-03,PROD-LB-400,2026-06-26,2026-06-26,2026-06-26,1236,completed,,
PO-0006510,PKG-03,PROD-HS-110,2026-06-26,2026-06-26,2026-06-26,941,completed,,
PO-0006511,PKG-03,PROD-HS-110,2026-06-26,2026-06-26,2026-06-26,613,completed,,
PO-0006512,PKG-04,PROD-VD-500,2026-06-26,2026-06-26,2026-06-26,721,completed,,
PO-0006513,PKG-04,PROD-VD-500,2026-06-26,2026-06-26,2026-06-26,464,completed,,
PO-0006514,PKG-04,PROD-VD-500,2026-06-26,2026-06-26,2026-06-26,792,completed,,
PO-0006515,PKG-04,PROD-VD-500,2026-06-26,2026-06-26,2026-06-26,655,completed,,
PO-0006516,PKG-04,PROD-VD-500,2026-06-26,2026-06-26,2026-06-26,563,completed,,
PO-0006517,PKG-04,PROD-VD-500,2026-06-26,2026-06-26,2026-06-26,735,completed,,
PO-0006518,PKG-04,PROD-AS-200,2026-06-26,2026-06-26,2026-06-26,481,completed,,
PO-0006519,PKG-05,PROD-VD-500,2026-06-26,2026-06-26,2026-06-26,618,completed,,
PO-0006520,PKG-05,PROD-HS-110,2026-06-26,2026-06-26,2026-06-26,959,completed,,
PO-0006521,PKG-05,PROD-HS-100,2026-06-26,2026-06-26,2026-06-26,479,completed,,
PO-0006522,PKG-05,PROD-VD-500,2026-06-26,2026-06-26,2026-06-26,594,completed,,
PO-0006523,PKG-05,PROD-AS-200,2026-06-26,2026-06-26,2026-06-26,589,completed,,
PO-0006524,PKG-05,PROD-LB-400,2026-06-26,2026-06-26,2026-06-26,657,completed,,
PO-0006525,PKG-05,PROD-DM-300,2026-06-26,2026-06-26,2026-06-26,967,completed,,
PO-0006526,PKG-05,PROD-HS-100,2026-06-26,2026-06-26,2026-06-26,557,completed,,
PO-0006527,PKG-06,PROD-VD-500,2026-06-26,2026-06-26,2026-06-26,519,completed,,
PO-0006528,PKG-06,PROD-LB-400,2026-06-26,2026-06-26,2026-06-26,821,completed,,
PO-0006529,PKG-06,PROD-DM-300,2026-06-26,2026-06-26,2026-06-26,931,completed,,
PO-0006530,PKG-06,PROD-VD-500,2026-06-26,2026-06-26,2026-06-26,697,completed,,
PO-0006531,PKG-06,PROD-VD-500,2026-06-26,2026-06-26,2026-06-26,781,completed,,
PO-0006532,PKG-06,PROD-DM-300,2026-06-26,2026-06-26,2026-06-26,870,completed,,
PO-0006533,PKG-06,PROD-DM-300,2026-06-26,2026-06-26,2026-06-26,767,completed,,
PO-0006534,PKG-06,PROD-LB-400,2026-06-26,2026-06-26,2026-06-26,576,completed,,
PO-0006535,PKG-06,PROD-HS-110,2026-06-26,2026-06-26,2026-06-26,608,completed,,
PO-0006536,PKG-01,PROD-DM-300,2026-06-27,2026-06-27,2026-06-27,714,completed,,
PO-0006537,PKG-01,PROD-DM-300,2026-06-27,2026-06-27,2026-06-27,1442,completed,,
PO-0006538,PKG-01,PROD-DM-300,2026-06-27,2026-06-27,2026-06-27,1292,completed,,
PO-0006539,PKG-01,PROD-LB-400,2026-06-27,2026-06-27,2026-06-27,1461,completed,,
PO-0006540,PKG-01,PROD-HS-110,2026-06-27,2026-06-27,2026-06-27,844,completed,,
PO-0006541,PKG-01,PROD-VD-500,2026-06-27,2026-06-27,2026-06-27,937,completed,,
PO-0006542,PKG-01,PROD-DM-300,2026-06-27,2026-06-27,2026-06-27,917,completed,,
PO-0006543,PKG-01,PROD-DM-300,2026-06-27,2026-06-27,2026-06-27,1482,completed,,
PO-0006544,PKG-01,PROD-DM-300,2026-06-27,2026-06-27,2026-06-27,744,completed,,
PO-0006545,PKG-01,PROD-DM-300,2026-06-27,2026-06-27,2026-06-27,1498,completed,,
PO-0006546,PKG-01,PROD-VD-500,2026-06-27,2026-06-27,2026-06-27,1148,completed,,
PO-0006547,PKG-01,PROD-DM-300,2026-06-27,2026-06-27,2026-06-27,1289,completed,,
PO-0006548,PKG-01,PROD-DM-300,2026-06-27,2026-06-27,2026-06-27,1483,completed,,
PO-0006549,PKG-01,PROD-DM-300,2026-06-27,2026-06-27,2026-06-27,890,completed,,
PO-0006550,PKG-01,PROD-DM-300,2026-06-27,2026-06-27,2026-06-27,1359,completed,,
PO-0006551,PKG-01,PROD-DM-300,2026-06-27,2026-06-27,2026-06-27,919,completed,,
PO-0006552,PKG-01,PROD-DM-300,2026-06-27,2026-06-27,2026-06-27,852,completed,,
PO-0006553,PKG-02,PROD-HS-100,2026-06-27,2026-06-27,2026-06-27,851,completed,,
PO-0006554,PKG-02,PROD-DM-300,2026-06-27,2026-06-27,2026-06-27,729,completed,,
PO-0006555,PKG-02,PROD-HS-100,2026-06-27,2026-06-27,2026-06-27,637,completed,,
PO-0006556,PKG-02,PROD-HS-110,2026-06-27,2026-06-27,2026-06-27,943,completed,,
PO-0006557,PKG-02,PROD-HS-100,2026-06-27,2026-06-27,2026-06-27,1139,completed,,
PO-0006558,PKG-02,PROD-HS-100,2026-06-27,2026-06-27,2026-06-27,905,completed,,
PO-0006559,PKG-02,PROD-HS-100,2026-06-27,2026-06-27,2026-06-27,1343,completed,,
PO-0006560,PKG-02,PROD-HS-110,2026-06-27,2026-06-27,2026-06-27,1181,completed,,
PO-0006561,PKG-02,PROD-AS-200,2026-06-27,2026-06-27,2026-06-27,1408,completed,,
PO-0006562,PKG-02,PROD-LB-400,2026-06-27,2026-06-27,2026-06-27,749,completed,,
PO-0006563,PKG-02,PROD-AS-200,2026-06-27,2026-06-27,2026-06-27,1280,completed,,
PO-0006564,PKG-02,PROD-HS-100,2026-06-27,2026-06-27,2026-06-27,1164,completed,,
PO-0006565,PKG-02,PROD-HS-110,2026-06-27,2026-06-27,2026-06-27,1273,completed,,
PO-0006566,PKG-02,PROD-HS-110,2026-06-27,2026-06-27,2026-06-27,1053,completed,,
PO-0006567,PKG-02,PROD-HS-100,2026-06-27,2026-06-27,2026-06-27,1469,completed,,
PO-0006568,PKG-03,PROD-HS-100,2026-06-27,2026-06-27,2026-06-27,640,completed,,
PO-0006569,PKG-03,PROD-HS-100,2026-06-27,2026-06-27,2026-06-27,999,completed,,
PO-0006570,PKG-03,PROD-HS-110,2026-06-27,2026-06-27,2026-06-27,1076,completed,,
PO-0006571,PKG-03,PROD-LB-400,2026-06-27,2026-06-27,2026-06-27,900,completed,,
PO-0006572,PKG-03,PROD-LB-400,2026-06-27,2026-06-27,2026-06-27,828,completed,,
PO-0006573,PKG-03,PROD-DM-300,2026-06-27,2026-06-27,2026-06-27,657,completed,,
PO-0006574,PKG-03,PROD-AS-200,2026-06-27,2026-06-27,2026-06-27,842,completed,,
PO-0006575,PKG-03,PROD-LB-400,2026-06-27,2026-06-27,2026-06-27,570,completed,,
PO-0006576,PKG-03,PROD-LB-400,2026-06-27,2026-06-27,2026-06-27,671,completed,,
PO-0006577,PKG-04,PROD-VD-500,2026-06-27,2026-06-27,2026-06-27,853,completed,,
PO-0006578,PKG-04,PROD-VD-500,2026-06-27,2026-06-27,2026-06-27,557,completed,,
PO-0006579,PKG-04,PROD-VD-500,2026-06-27,2026-06-27,2026-06-27,664,completed,,
PO-0006580,PKG-04,PROD-VD-500,2026-06-27,2026-06-27,2026-06-27,408,completed,,
PO-0006581,PKG-04,PROD-VD-500,2026-06-27,2026-06-27,2026-06-27,859,completed,,
PO-0006582,PKG-04,PROD-VD-500,2026-06-27,2026-06-27,2026-06-27,474,completed,,
PO-0006583,PKG-04,PROD-VD-500,2026-06-27,2026-06-27,2026-06-27,609,completed,,
PO-0006584,PKG-05,PROD-AS-200,2026-06-27,2026-06-27,2026-06-27,611,completed,,
PO-0006585,PKG-05,PROD-AS-200,2026-06-27,2026-06-27,2026-06-27,554,completed,,
PO-0006586,PKG-05,PROD-AS-200,2026-06-27,2026-06-27,2026-06-27,792,completed,,
PO-0006587,PKG-05,PROD-HS-100,2026-06-27,2026-06-27,2026-06-27,761,completed,,
PO-0006588,PKG-05,PROD-AS-200,2026-06-27,2026-06-27,2026-06-27,646,completed,,
PO-0006589,PKG-05,PROD-AS-200,2026-06-27,2026-06-27,2026-06-27,856,completed,,
PO-0006590,PKG-05,PROD-VD-500,2026-06-27,2026-06-27,2026-06-27,576,completed,,
PO-0006591,PKG-05,PROD-LB-400,2026-06-27,2026-06-27,2026-06-27,834,completed,,
PO-0006592,PKG-06,PROD-DM-300,2026-06-27,2026-06-27,2026-06-27,699,completed,,
PO-0006593,PKG-06,PROD-DM-300,2026-06-27,2026-06-27,2026-06-27,1029,completed,,
PO-0006594,PKG-06,PROD-DM-300,2026-06-27,2026-06-27,2026-06-27,507,completed,,
PO-0006595,PKG-06,PROD-DM-300,2026-06-27,2026-06-27,2026-06-27,673,completed,,
PO-0006596,PKG-06,PROD-DM-300,2026-06-27,2026-06-27,2026-06-27,936,completed,,
PO-0006597,PKG-06,PROD-HS-100,2026-06-27,2026-06-27,2026-06-27,691,completed,,
PO-0006598,PKG-06,PROD-VD-500,2026-06-27,2026-06-27,2026-06-27,809,completed,,
PO-0006599,PKG-06,PROD-DM-300,2026-06-27,2026-06-27,2026-06-27,712,completed,,
PO-0006600,PKG-06,PROD-DM-300,2026-06-27,2026-06-27,2026-06-27,695,completed,,
PO-0006601,PKG-01,PROD-DM-300,2026-06-29,2026-06-29,2026-06-29,705,completed,,
PO-0006602,PKG-01,PROD-DM-300,2026-06-29,2026-06-29,2026-06-29,967,completed,,
PO-0006603,PKG-01,PROD-DM-300,2026-06-29,2026-06-29,2026-06-29,1488,completed,,
PO-0006604,PKG-01,PROD-DM-300,2026-06-29,2026-06-29,2026-06-29,742,completed,,
PO-0006605,PKG-01,PROD-DM-300,2026-06-29,2026-06-29,2026-06-29,1231,completed,,
PO-0006606,PKG-01,PROD-AS-200,2026-06-29,2026-06-29,2026-06-29,1058,completed,,
PO-0006607,PKG-01,PROD-DM-300,2026-06-29,2026-06-29,2026-06-29,1459,completed,,
PO-0006608,PKG-01,PROD-DM-300,2026-06-29,2026-06-29,2026-06-29,1179,completed,,
PO-0006609,PKG-01,PROD-DM-300,2026-06-29,2026-06-29,2026-06-29,1252,completed,,
PO-0006610,PKG-01,PROD-VD-500,2026-06-29,2026-06-29,2026-06-29,995,completed,,
PO-0006611,PKG-01,PROD-DM-300,2026-06-29,2026-06-29,2026-06-29,1224,completed,,
PO-0006612,PKG-01,PROD-LB-400,2026-06-29,2026-06-29,2026-06-29,850,completed,,
PO-0006613,PKG-01,PROD-DM-300,2026-06-29,2026-06-29,2026-06-29,1441,completed,,
PO-0006614,PKG-01,PROD-HS-110,2026-06-29,2026-06-29,2026-06-29,785,completed,,
PO-0006615,PKG-01,PROD-DM-300,2026-06-29,2026-06-29,2026-06-29,860,completed,,
PO-0006616,PKG-01,PROD-DM-300,2026-06-29,2026-06-29,2026-06-29,1577,completed,,
PO-0006617,PKG-01,PROD-DM-300,2026-06-29,2026-06-29,2026-06-29,1084,completed,,
PO-0006618,PKG-02,PROD-HS-100,2026-06-29,2026-06-29,2026-06-29,1348,completed,,
PO-0006619,PKG-02,PROD-AS-200,2026-06-29,2026-06-29,2026-06-29,1011,completed,,
PO-0006620,PKG-02,PROD-AS-200,2026-06-29,2026-06-29,2026-06-29,868,completed,,
PO-0006621,PKG-02,PROD-HS-100,2026-06-29,2026-06-29,2026-06-29,1438,completed,,
PO-0006622,PKG-02,PROD-HS-100,2026-06-29,2026-06-29,2026-06-29,1082,completed,,
PO-0006623,PKG-02,PROD-HS-110,2026-06-29,2026-06-29,2026-06-29,1237,completed,,
PO-0006624,PKG-02,PROD-LB-400,2026-06-29,2026-06-29,2026-06-29,944,completed,,
PO-0006625,PKG-02,PROD-HS-110,2026-06-29,2026-06-29,2026-06-29,1200,completed,,
PO-0006626,PKG-02,PROD-HS-110,2026-06-29,2026-06-29,2026-06-29,783,completed,,
PO-0006627,PKG-02,PROD-LB-400,2026-06-29,2026-06-29,2026-06-29,943,completed,,
PO-0006628,PKG-02,PROD-VD-500,2026-06-29,2026-06-29,2026-06-29,1255,completed,,
PO-0006629,PKG-02,PROD-HS-110,2026-06-29,2026-06-29,2026-06-29,1131,completed,,
PO-0006630,PKG-02,PROD-HS-100,2026-06-29,2026-06-29,2026-06-29,858,completed,,
PO-0006631,PKG-02,PROD-HS-100,2026-06-29,2026-06-29,2026-06-29,1379,completed,,
PO-0006632,PKG-02,PROD-HS-100,2026-06-29,2026-06-29,2026-06-29,714,completed,,
PO-0006633,PKG-03,PROD-HS-100,2026-06-29,2026-06-29,2026-06-29,917,completed,,
PO-0006634,PKG-03,PROD-VD-500,2026-06-29,2026-06-29,2026-06-29,554,completed,,
PO-0006635,PKG-03,PROD-HS-110,2026-06-29,2026-06-29,2026-06-29,698,completed,,
PO-0006636,PKG-03,PROD-AS-200,2026-06-29,2026-06-29,2026-06-29,981,completed,,
PO-0006637,PKG-03,PROD-HS-110,2026-06-29,2026-06-29,2026-06-29,827,completed,,
PO-0006638,PKG-03,PROD-LB-400,2026-06-29,2026-06-29,2026-06-29,733,completed,,
PO-0006639,PKG-03,PROD-LB-400,2026-06-29,2026-06-29,2026-06-29,585,completed,,
PO-0006640,PKG-03,PROD-AS-200,2026-06-29,2026-06-29,2026-06-29,936,completed,,
PO-0006641,PKG-03,PROD-LB-400,2026-06-29,2026-06-29,2026-06-29,978,completed,,
PO-0006642,PKG-04,PROD-VD-500,2026-06-29,2026-06-29,2026-06-29,885,completed,,
PO-0006643,PKG-04,PROD-VD-500,2026-06-29,2026-06-29,2026-06-29,535,completed,,
PO-0006644,PKG-04,PROD-VD-500,2026-06-29,2026-06-29,2026-06-29,661,completed,,
PO-0006645,PKG-04,PROD-VD-500,2026-06-29,2026-06-29,2026-06-29,655,completed,,
PO-0006646,PKG-04,PROD-VD-500,2026-06-29,2026-06-29,2026-06-29,768,completed,,
PO-0006647,PKG-04,PROD-VD-500,2026-06-29,2026-06-29,2026-06-29,450,completed,,
PO-0006648,PKG-04,PROD-LB-400,2026-06-29,2026-06-29,2026-06-29,605,completed,,
PO-0006649,PKG-05,PROD-HS-110,2026-06-29,2026-06-29,2026-06-29,420,completed,,
PO-0006650,PKG-05,PROD-LB-400,2026-06-29,2026-06-29,2026-06-29,555,completed,,
PO-0006651,PKG-05,PROD-DM-300,2026-06-29,2026-06-29,2026-06-29,649,completed,,
PO-0006652,PKG-05,PROD-LB-400,2026-06-29,2026-06-29,2026-06-29,916,completed,,
PO-0006653,PKG-05,PROD-LB-400,2026-06-29,2026-06-29,2026-06-29,455,completed,,
PO-0006654,PKG-05,PROD-HS-110,2026-06-29,2026-06-29,2026-06-29,847,completed,,
PO-0006655,PKG-05,PROD-HS-110,2026-06-29,2026-06-29,2026-06-29,929,completed,,
PO-0006656,PKG-05,PROD-DM-300,2026-06-29,2026-06-29,2026-06-29,497,completed,,
PO-0006657,PKG-06,PROD-DM-300,2026-06-29,2026-06-29,2026-06-29,746,completed,,
PO-0006658,PKG-06,PROD-AS-200,2026-06-29,2026-06-29,2026-06-29,1116,completed,,
PO-0006659,PKG-06,PROD-DM-300,2026-06-29,2026-06-29,2026-06-29,700,completed,,
PO-0006660,PKG-06,PROD-DM-300,2026-06-29,2026-06-29,2026-06-29,1035,completed,,
PO-0006661,PKG-06,PROD-DM-300,2026-06-29,2026-06-29,2026-06-29,575,completed,,
PO-0006662,PKG-06,PROD-DM-300,2026-06-29,2026-06-29,2026-06-29,747,completed,,
PO-0006663,PKG-06,PROD-DM-300,2026-06-29,2026-06-29,2026-06-29,638,completed,,
PO-0006664,PKG-06,PROD-VD-500,2026-06-29,2026-06-29,2026-06-29,1091,completed,,
PO-0006665,PKG-06,PROD-DM-300,2026-06-29,2026-06-29,2026-06-29,940,completed,,
PO-0006666,PKG-01,PROD-DM-300,2026-06-30,2026-06-30,2026-06-30,1326,completed,,
PO-0006667,PKG-01,PROD-DM-300,2026-06-30,2026-06-30,2026-06-30,1267,completed,,
PO-0006668,PKG-01,PROD-DM-300,2026-06-30,2026-06-30,2026-06-30,896,completed,,
PO-0006669,PKG-01,PROD-DM-300,2026-06-30,2026-06-30,2026-06-30,1230,completed,,
PO-0006670,PKG-01,PROD-DM-300,2026-06-30,2026-06-30,2026-06-30,1061,completed,,
PO-0006671,PKG-01,PROD-DM-300,2026-06-30,2026-06-30,2026-06-30,785,completed,,
PO-0006672,PKG-01,PROD-DM-300,2026-06-30,2026-06-30,2026-06-30,1574,completed,,
PO-0006673,PKG-01,PROD-VD-500,2026-06-30,2026-06-30,2026-06-30,1192,completed,,
PO-0006674,PKG-01,PROD-LB-400,2026-06-30,2026-06-30,2026-06-30,1580,completed,,
PO-0006675,PKG-01,PROD-DM-300,2026-06-30,2026-06-30,2026-06-30,1130,completed,,
PO-0006676,PKG-01,PROD-DM-300,2026-06-30,2026-06-30,2026-06-30,1345,completed,,
PO-0006677,PKG-01,PROD-DM-300,2026-06-30,2026-06-30,2026-06-30,1201,completed,,
PO-0006678,PKG-01,PROD-DM-300,2026-06-30,2026-06-30,2026-06-30,721,completed,,
PO-0006679,PKG-01,PROD-DM-300,2026-06-30,2026-06-30,2026-06-30,808,completed,,
PO-0006680,PKG-01,PROD-DM-300,2026-06-30,2026-06-30,2026-06-30,1458,completed,,
PO-0006681,PKG-01,PROD-DM-300,2026-06-30,2026-06-30,2026-06-30,1243,completed,,
PO-0006682,PKG-01,PROD-DM-300,2026-06-30,2026-06-30,2026-06-30,1246,completed,,
PO-0006683,PKG-02,PROD-HS-100,2026-06-30,2026-06-30,2026-06-30,1127,completed,,
PO-0006684,PKG-02,PROD-LB-400,2026-06-30,2026-06-30,2026-06-30,1384,completed,,
PO-0006685,PKG-02,PROD-HS-110,2026-06-30,2026-06-30,2026-06-30,1294,completed,,
PO-0006686,PKG-02,PROD-HS-100,2026-06-30,2026-06-30,2026-06-30,674,completed,,
PO-0006687,PKG-02,PROD-HS-100,2026-06-30,2026-06-30,2026-06-30,813,completed,,
PO-0006688,PKG-02,PROD-HS-100,2026-06-30,2026-06-30,2026-06-30,985,completed,,
PO-0006689,PKG-02,PROD-AS-200,2026-06-30,2026-06-30,2026-06-30,1428,completed,,
PO-0006690,PKG-02,PROD-LB-400,2026-06-30,2026-06-30,2026-06-30,1444,completed,,
PO-0006691,PKG-02,PROD-HS-100,2026-06-30,2026-06-30,2026-06-30,1155,completed,,
PO-0006692,PKG-02,PROD-HS-100,2026-06-30,2026-06-30,2026-06-30,937,completed,,
PO-0006693,PKG-02,PROD-AS-200,2026-06-30,2026-06-30,2026-06-30,910,completed,,
PO-0006694,PKG-02,PROD-VD-500,2026-06-30,2026-06-30,2026-06-30,1266,completed,,
PO-0006695,PKG-02,PROD-HS-100,2026-06-30,2026-06-30,2026-06-30,976,completed,,
PO-0006696,PKG-02,PROD-HS-110,2026-06-30,2026-06-30,2026-06-30,952,completed,,
PO-0006697,PKG-02,PROD-HS-100,2026-06-30,2026-06-30,2026-06-30,764,completed,,
PO-0006698,PKG-03,PROD-AS-200,2026-06-30,2026-06-30,2026-06-30,711,completed,,
PO-0006699,PKG-03,PROD-AS-200,2026-06-30,2026-06-30,2026-06-30,623,completed,,
PO-0006700,PKG-03,PROD-HS-110,2026-06-30,2026-06-30,2026-06-30,644,completed,,
PO-0006701,PKG-03,PROD-AS-200,2026-06-30,2026-06-30,2026-06-30,1172,completed,,
PO-0006702,PKG-03,PROD-HS-110,2026-06-30,2026-06-30,2026-06-30,652,completed,,
PO-0006703,PKG-03,PROD-LB-400,2026-06-30,2026-06-30,2026-06-30,1206,completed,,
PO-0006704,PKG-03,PROD-HS-100,2026-06-30,2026-06-30,2026-06-30,1117,completed,,
PO-0006705,PKG-03,PROD-LB-400,2026-06-30,2026-06-30,2026-06-30,994,completed,,
PO-0006706,PKG-04,PROD-VD-500,2026-06-30,2026-06-30,2026-06-30,768,completed,,
PO-0006707,PKG-04,PROD-VD-500,2026-06-30,2026-06-30,2026-06-30,526,completed,,
PO-0006708,PKG-04,PROD-VD-500,2026-06-30,2026-06-30,2026-06-30,674,completed,,
PO-0006709,PKG-04,PROD-VD-500,2026-06-30,2026-06-30,2026-06-30,590,completed,,
PO-0006710,PKG-04,PROD-VD-500,2026-06-30,2026-06-30,2026-06-30,617,completed,,
PO-0006711,PKG-04,PROD-DM-300,2026-06-30,2026-06-30,2026-06-30,517,completed,,
PO-0006712,PKG-04,PROD-DM-300,2026-06-30,2026-06-30,2026-06-30,833,completed,,
PO-0006713,PKG-05,PROD-AS-200,2026-06-30,2026-06-30,2026-06-30,688,completed,,
PO-0006714,PKG-05,PROD-HS-100,2026-06-30,2026-06-30,2026-06-30,872,completed,,
PO-0006715,PKG-05,PROD-HS-100,2026-06-30,2026-06-30,2026-06-30,926,completed,,
PO-0006716,PKG-05,PROD-VD-500,2026-06-30,2026-06-30,2026-06-30,720,completed,,
PO-0006717,PKG-05,PROD-HS-110,2026-06-30,2026-06-30,2026-06-30,750,completed,,
PO-0006718,PKG-05,PROD-HS-110,2026-06-30,2026-06-30,2026-06-30,430,completed,,
PO-0006719,PKG-05,PROD-HS-100,2026-06-30,2026-06-30,2026-06-30,793,completed,,
PO-0006720,PKG-05,PROD-VD-500,2026-06-30,2026-06-30,2026-06-30,837,completed,,
PO-0006721,PKG-06,PROD-DM-300,2026-06-30,2026-06-30,2026-06-30,596,completed,,
PO-0006722,PKG-06,PROD-LB-400,2026-06-30,2026-06-30,2026-06-30,1049,completed,,
PO-0006723,PKG-06,PROD-DM-300,2026-06-30,2026-06-30,2026-06-30,647,completed,,
PO-0006724,PKG-06,PROD-HS-100,2026-06-30,2026-06-30,2026-06-30,620,completed,,
PO-0006725,PKG-06,PROD-DM-300,2026-06-30,2026-06-30,2026-06-30,835,completed,,
PO-0006726,PKG-06,PROD-HS-100,2026-06-30,2026-06-30,2026-06-30,607,completed,,
PO-0006727,PKG-06,PROD-DM-300,2026-06-30,2026-06-30,2026-06-30,824,completed,,
PO-0006728,PKG-06,PROD-DM-300,2026-06-30,2026-06-30,2026-06-30,668,completed,,
PO-0006729,PKG-06,PROD-VD-500,2026-06-30,2026-06-30,2026-06-30,609,completed,,
PO-0006730,PKG-01,PROD-LB-400,2026-07-01,2026-07-01,2026-07-01,978,completed,,
PO-0006731,PKG-01,PROD-AS-200,2026-07-01,2026-07-01,2026-07-01,1121,completed,,
PO-0006732,PKG-01,PROD-DM-300,2026-07-01,2026-07-01,2026-07-01,825,completed,,
PO-0006733,PKG-01,PROD-DM-300,2026-07-01,2026-07-01,2026-07-01,1253,completed,,
PO-0006734,PKG-01,PROD-AS-200,2026-07-01,2026-07-01,2026-07-01,982,completed,,
PO-0006735,PKG-01,PROD-DM-300,2026-07-01,2026-07-01,2026-07-01,715,completed,,
PO-0006736,PKG-01,PROD-VD-500,2026-07-01,2026-07-01,2026-07-01,1401,completed,,
PO-0006737,PKG-01,PROD-HS-110,2026-07-01,2026-07-01,2026-07-01,961,completed,,
PO-0006738,PKG-01,PROD-DM-300,2026-07-01,2026-07-01,2026-07-01,1360,completed,,
PO-0006739,PKG-01,PROD-DM-300,2026-07-01,2026-07-01,2026-07-01,740,completed,,
PO-0006740,PKG-01,PROD-DM-300,2026-07-01,2026-07-01,2026-07-01,1225,completed,,
PO-0006741,PKG-01,PROD-VD-500,2026-07-01,2026-07-01,2026-07-01,1427,completed,,
PO-0006742,PKG-01,PROD-DM-300,2026-07-01,2026-07-01,2026-07-01,925,completed,,
PO-0006743,PKG-01,PROD-DM-300,2026-07-01,2026-07-01,2026-07-01,1519,completed,,
PO-0006744,PKG-01,PROD-DM-300,2026-07-01,2026-07-01,2026-07-01,1435,completed,,
PO-0006745,PKG-01,PROD-DM-300,2026-07-01,2026-07-01,2026-07-01,1528,completed,,
PO-0006746,PKG-01,PROD-DM-300,2026-07-01,2026-07-01,2026-07-01,1098,completed,,
PO-0006747,PKG-02,PROD-HS-100,2026-07-01,2026-07-01,2026-07-01,1229,completed,,
PO-0006748,PKG-02,PROD-HS-100,2026-07-01,2026-07-01,2026-07-01,1302,completed,,
PO-0006749,PKG-02,PROD-AS-200,2026-07-01,2026-07-01,2026-07-01,950,completed,,
PO-0006750,PKG-02,PROD-HS-110,2026-07-01,2026-07-01,2026-07-01,753,completed,,
PO-0006751,PKG-02,PROD-HS-100,2026-07-01,2026-07-01,2026-07-01,1065,completed,,
PO-0006752,PKG-02,PROD-HS-100,2026-07-01,2026-07-01,2026-07-01,836,completed,,
PO-0006753,PKG-02,PROD-LB-400,2026-07-01,2026-07-01,2026-07-01,1399,completed,,
PO-0006754,PKG-02,PROD-HS-110,2026-07-01,2026-07-01,2026-07-01,893,completed,,
PO-0006755,PKG-02,PROD-HS-100,2026-07-01,2026-07-01,2026-07-01,841,completed,,
PO-0006756,PKG-02,PROD-HS-100,2026-07-01,2026-07-01,2026-07-01,1348,completed,,
PO-0006757,PKG-02,PROD-HS-100,2026-07-01,2026-07-01,2026-07-01,1334,completed,,
PO-0006758,PKG-02,PROD-HS-100,2026-07-01,2026-07-01,2026-07-01,871,completed,,
PO-0006759,PKG-02,PROD-HS-110,2026-07-01,2026-07-01,2026-07-01,1247,completed,,
PO-0006760,PKG-02,PROD-HS-100,2026-07-01,2026-07-01,2026-07-01,826,completed,,
PO-0006761,PKG-02,PROD-HS-100,2026-07-01,2026-07-01,2026-07-01,668,completed,,
PO-0006762,PKG-03,PROD-AS-200,2026-07-01,2026-07-01,2026-07-01,697,completed,,
PO-0006763,PKG-03,PROD-LB-400,2026-07-01,2026-07-01,2026-07-01,908,completed,,
PO-0006764,PKG-03,PROD-LB-400,2026-07-01,2026-07-01,2026-07-01,713,completed,,
PO-0006765,PKG-03,PROD-LB-400,2026-07-01,2026-07-01,2026-07-01,554,completed,,
PO-0006766,PKG-03,PROD-HS-100,2026-07-01,2026-07-01,2026-07-01,759,completed,,
PO-0006767,PKG-03,PROD-HS-100,2026-07-01,2026-07-01,2026-07-01,628,completed,,
PO-0006768,PKG-03,PROD-LB-400,2026-07-01,2026-07-01,2026-07-01,1145,completed,,
PO-0006769,PKG-03,PROD-HS-110,2026-07-01,2026-07-01,2026-07-01,1063,completed,,
PO-0006770,PKG-04,PROD-VD-500,2026-07-01,2026-07-01,2026-07-01,421,completed,,
PO-0006771,PKG-04,PROD-VD-500,2026-07-01,2026-07-01,2026-07-01,657,completed,,
PO-0006772,PKG-04,PROD-VD-500,2026-07-01,2026-07-01,2026-07-01,498,completed,,
PO-0006773,PKG-04,PROD-VD-500,2026-07-01,2026-07-01,2026-07-01,504,completed,,
PO-0006774,PKG-04,PROD-VD-500,2026-07-01,2026-07-01,2026-07-01,741,completed,,
PO-0006775,PKG-04,PROD-VD-500,2026-07-01,2026-07-01,2026-07-01,712,completed,,
PO-0006776,PKG-04,PROD-VD-500,2026-07-01,2026-07-01,2026-07-01,762,completed,,
PO-0006777,PKG-05,PROD-HS-110,2026-07-01,2026-07-01,2026-07-01,557,completed,,
PO-0006778,PKG-05,PROD-AS-200,2026-07-01,2026-07-01,2026-07-01,810,completed,,
PO-0006779,PKG-05,PROD-HS-110,2026-07-01,2026-07-01,2026-07-01,883,completed,,
PO-0006780,PKG-05,PROD-HS-100,2026-07-01,2026-07-01,2026-07-01,792,completed,,
PO-0006781,PKG-05,PROD-AS-200,2026-07-01,2026-07-01,2026-07-01,881,completed,,
PO-0006782,PKG-05,PROD-HS-110,2026-07-01,2026-07-01,2026-07-01,772,completed,,
PO-0006783,PKG-05,PROD-HS-100,2026-07-01,2026-07-01,2026-07-01,957,completed,,
PO-0006784,PKG-05,PROD-AS-200,2026-07-01,2026-07-01,2026-07-01,447,completed,,
PO-0006785,PKG-06,PROD-DM-300,2026-07-01,2026-07-01,2026-07-01,1112,completed,,
PO-0006786,PKG-06,PROD-DM-300,2026-07-01,2026-07-01,2026-07-01,703,completed,,
PO-0006787,PKG-06,PROD-DM-300,2026-07-01,2026-07-01,2026-07-01,884,completed,,
PO-0006788,PKG-06,PROD-DM-300,2026-07-01,2026-07-01,2026-07-01,810,completed,,
PO-0006789,PKG-06,PROD-DM-300,2026-07-01,2026-07-01,2026-07-01,1030,completed,,
PO-0006790,PKG-06,PROD-DM-300,2026-07-01,2026-07-01,2026-07-01,1028,completed,,
PO-0006791,PKG-06,PROD-DM-300,2026-07-01,2026-07-01,2026-07-01,823,completed,,
PO-0006792,PKG-06,PROD-DM-300,2026-07-01,2026-07-01,2026-07-01,567,completed,,
PO-0006793,PKG-06,PROD-HS-110,2026-07-01,2026-07-01,2026-07-01,907,completed,,
PO-0006794,PKG-01,PROD-DM-300,2026-07-02,2026-07-02,2026-07-02,693,completed,,
PO-0006795,PKG-01,PROD-DM-300,2026-07-02,2026-07-02,2026-07-02,1597,completed,,
PO-0006796,PKG-01,PROD-AS-200,2026-07-02,2026-07-02,2026-07-02,845,completed,,
PO-0006797,PKG-01,PROD-DM-300,2026-07-02,2026-07-02,2026-07-02,992,completed,,
PO-0006798,PKG-01,PROD-DM-300,2026-07-02,2026-07-02,2026-07-02,1312,completed,,
PO-0006799,PKG-01,PROD-DM-300,2026-07-02,2026-07-02,2026-07-02,840,completed,,
PO-0006800,PKG-01,PROD-DM-300,2026-07-02,2026-07-02,2026-07-02,883,completed,,
PO-0006801,PKG-01,PROD-DM-300,2026-07-02,2026-07-02,2026-07-02,1327,completed,,
PO-0006802,PKG-01,PROD-DM-300,2026-07-02,2026-07-02,2026-07-02,949,completed,,
PO-0006803,PKG-01,PROD-LB-400,2026-07-02,2026-07-02,2026-07-02,1194,completed,,
PO-0006804,PKG-01,PROD-DM-300,2026-07-02,2026-07-02,2026-07-02,1517,completed,,
PO-0006805,PKG-01,PROD-DM-300,2026-07-02,2026-07-02,2026-07-02,716,completed,,
PO-0006806,PKG-01,PROD-DM-300,2026-07-02,2026-07-02,2026-07-02,1258,completed,,
PO-0006807,PKG-01,PROD-AS-200,2026-07-02,2026-07-02,2026-07-02,1363,completed,,
PO-0006808,PKG-01,PROD-DM-300,2026-07-02,2026-07-02,2026-07-02,768,completed,,
PO-0006809,PKG-01,PROD-DM-300,2026-07-02,2026-07-02,2026-07-02,1286,completed,,
PO-0006810,PKG-01,PROD-DM-300,2026-07-02,2026-07-02,2026-07-02,748,completed,,
PO-0006811,PKG-02,PROD-LB-400,2026-07-02,2026-07-02,2026-07-02,1155,completed,,
PO-0006812,PKG-02,PROD-HS-100,2026-07-02,2026-07-02,2026-07-02,1296,completed,,
PO-0006813,PKG-02,PROD-HS-100,2026-07-02,2026-07-02,2026-07-02,1199,completed,,
PO-0006814,PKG-02,PROD-HS-100,2026-07-02,2026-07-02,2026-07-02,820,completed,,
PO-0006815,PKG-02,PROD-AS-200,2026-07-02,2026-07-02,2026-07-02,704,completed,,
PO-0006816,PKG-02,PROD-HS-100,2026-07-02,2026-07-02,2026-07-02,1012,completed,,
PO-0006817,PKG-02,PROD-HS-100,2026-07-02,2026-07-02,2026-07-02,1226,completed,,
PO-0006818,PKG-02,PROD-HS-100,2026-07-02,2026-07-02,2026-07-02,736,completed,,
PO-0006819,PKG-02,PROD-AS-200,2026-07-02,2026-07-02,2026-07-02,705,completed,,
PO-0006820,PKG-02,PROD-HS-100,2026-07-02,2026-07-02,2026-07-02,1418,completed,,
PO-0006821,PKG-02,PROD-HS-100,2026-07-02,2026-07-02,2026-07-02,1031,completed,,
PO-0006822,PKG-02,PROD-HS-100,2026-07-02,2026-07-02,2026-07-02,687,completed,,
PO-0006823,PKG-02,PROD-LB-400,2026-07-02,2026-07-02,2026-07-02,1113,completed,,
PO-0006824,PKG-02,PROD-AS-200,2026-07-02,2026-07-02,2026-07-02,649,completed,,
PO-0006825,PKG-02,PROD-AS-200,2026-07-02,2026-07-02,2026-07-02,987,completed,,
PO-0006826,PKG-03,PROD-LB-400,2026-07-02,2026-07-02,2026-07-02,998,completed,,
PO-0006827,PKG-03,PROD-LB-400,2026-07-02,2026-07-02,2026-07-02,599,completed,,
PO-0006828,PKG-03,PROD-LB-400,2026-07-02,2026-07-02,2026-07-02,1036,completed,,
PO-0006829,PKG-03,PROD-HS-100,2026-07-02,2026-07-02,2026-07-02,996,completed,,
PO-0006830,PKG-03,PROD-AS-200,2026-07-02,2026-07-02,2026-07-02,1091,completed,,
PO-0006831,PKG-03,PROD-LB-400,2026-07-02,2026-07-02,2026-07-02,706,completed,,
PO-0006832,PKG-03,PROD-HS-110,2026-07-02,2026-07-02,2026-07-02,887,completed,,
PO-0006833,PKG-03,PROD-HS-100,2026-07-02,2026-07-02,2026-07-02,892,completed,,
PO-0006834,PKG-04,PROD-VD-500,2026-07-02,2026-07-02,2026-07-02,835,completed,,
PO-0006835,PKG-04,PROD-VD-500,2026-07-02,2026-07-02,2026-07-02,894,completed,,
PO-0006836,PKG-04,PROD-VD-500,2026-07-02,2026-07-02,2026-07-02,702,completed,,
PO-0006837,PKG-04,PROD-DM-300,2026-07-02,2026-07-02,2026-07-02,828,completed,,
PO-0006838,PKG-04,PROD-LB-400,2026-07-02,2026-07-02,2026-07-02,736,completed,,
PO-0006839,PKG-04,PROD-VD-500,2026-07-02,2026-07-02,2026-07-02,776,completed,,
PO-0006840,PKG-04,PROD-VD-500,2026-07-02,2026-07-02,2026-07-02,606,completed,,
PO-0006841,PKG-05,PROD-DM-300,2026-07-02,2026-07-02,2026-07-02,958,completed,,
PO-0006842,PKG-05,PROD-HS-100,2026-07-02,2026-07-02,2026-07-02,807,completed,,
PO-0006843,PKG-05,PROD-AS-200,2026-07-02,2026-07-02,2026-07-02,868,completed,,
PO-0006844,PKG-05,PROD-LB-400,2026-07-02,2026-07-02,2026-07-02,954,completed,,
PO-0006845,PKG-05,PROD-AS-200,2026-07-02,2026-07-02,2026-07-02,537,completed,,
PO-0006846,PKG-05,PROD-LB-400,2026-07-02,2026-07-02,2026-07-02,838,completed,,
PO-0006847,PKG-05,PROD-LB-400,2026-07-02,2026-07-02,2026-07-02,578,completed,,
PO-0006848,PKG-05,PROD-HS-110,2026-07-02,2026-07-02,2026-07-02,527,completed,,
PO-0006849,PKG-06,PROD-DM-300,2026-07-02,2026-07-02,2026-07-02,794,completed,,
PO-0006850,PKG-06,PROD-HS-110,2026-07-02,2026-07-02,2026-07-02,656,completed,,
PO-0006851,PKG-06,PROD-HS-110,2026-07-02,2026-07-02,2026-07-02,893,completed,,
PO-0006852,PKG-06,PROD-DM-300,2026-07-02,2026-07-02,2026-07-02,1080,completed,,
PO-0006853,PKG-06,PROD-DM-300,2026-07-02,2026-07-02,2026-07-02,961,completed,,
PO-0006854,PKG-06,PROD-DM-300,2026-07-02,2026-07-02,2026-07-02,779,completed,,
PO-0006855,PKG-06,PROD-AS-200,2026-07-02,2026-07-02,2026-07-02,1122,completed,,
PO-0006856,PKG-06,PROD-HS-110,2026-07-02,2026-07-02,2026-07-02,1091,completed,,
PO-0006857,PKG-06,PROD-DM-300,2026-07-02,2026-07-02,2026-07-02,1139,completed,,
PO-0006858,PKG-01,PROD-DM-300,2026-07-03,2026-07-03,2026-07-03,1186,completed,,
PO-0006859,PKG-01,PROD-DM-300,2026-07-03,2026-07-03,2026-07-03,1145,completed,,
PO-0006860,PKG-01,PROD-DM-300,2026-07-03,2026-07-03,2026-07-03,1149,completed,,
PO-0006861,PKG-01,PROD-DM-300,2026-07-03,2026-07-03,2026-07-03,1270,completed,,
PO-0006862,PKG-01,PROD-VD-500,2026-07-03,2026-07-03,2026-07-03,1371,completed,,
PO-0006863,PKG-01,PROD-DM-300,2026-07-03,2026-07-03,2026-07-03,1044,completed,,
PO-0006864,PKG-01,PROD-DM-300,2026-07-03,2026-07-03,2026-07-03,1119,completed,,
PO-0006865,PKG-01,PROD-DM-300,2026-07-03,2026-07-03,2026-07-03,1191,completed,,
PO-0006866,PKG-01,PROD-DM-300,2026-07-03,2026-07-03,2026-07-03,672,completed,,
PO-0006867,PKG-01,PROD-DM-300,2026-07-03,2026-07-03,2026-07-03,1091,completed,,
PO-0006868,PKG-01,PROD-DM-300,2026-07-03,2026-07-03,2026-07-03,673,completed,,
PO-0006869,PKG-01,PROD-AS-200,2026-07-03,2026-07-03,2026-07-03,1056,completed,,
PO-0006870,PKG-01,PROD-DM-300,2026-07-03,2026-07-03,2026-07-03,1081,completed,,
PO-0006871,PKG-01,PROD-DM-300,2026-07-03,2026-07-03,2026-07-03,1189,completed,,
PO-0006872,PKG-01,PROD-DM-300,2026-07-03,2026-07-03,2026-07-03,1018,completed,,
PO-0006873,PKG-01,PROD-DM-300,2026-07-03,2026-07-03,2026-07-03,1256,completed,,
PO-0006874,PKG-01,PROD-HS-100,2026-07-03,2026-07-03,2026-07-03,1179,completed,,
PO-0006875,PKG-01,PROD-VD-500,2026-07-03,2026-07-03,2026-07-03,1377,completed,,
PO-0006876,PKG-02,PROD-HS-100,2026-07-03,2026-07-03,2026-07-03,1144,completed,,
PO-0006877,PKG-02,PROD-HS-100,2026-07-03,2026-07-03,2026-07-03,1147,completed,,
PO-0006878,PKG-02,PROD-HS-110,2026-07-03,2026-07-03,2026-07-03,1310,completed,,
PO-0006879,PKG-02,PROD-HS-100,2026-07-03,2026-07-03,2026-07-03,807,completed,,
PO-0006880,PKG-02,PROD-HS-100,2026-07-03,2026-07-03,2026-07-03,821,completed,,
PO-0006881,PKG-02,PROD-LB-400,2026-07-03,2026-07-03,2026-07-03,887,completed,,
PO-0006882,PKG-02,PROD-LB-400,2026-07-03,2026-07-03,2026-07-03,1262,completed,,
PO-0006883,PKG-02,PROD-LB-400,2026-07-03,2026-07-03,2026-07-03,642,completed,,
PO-0006884,PKG-02,PROD-HS-100,2026-07-03,2026-07-03,2026-07-03,1430,completed,,
PO-0006885,PKG-02,PROD-HS-110,2026-07-03,2026-07-03,2026-07-03,1244,completed,,
PO-0006886,PKG-02,PROD-HS-100,2026-07-03,2026-07-03,2026-07-03,1181,completed,,
PO-0006887,PKG-02,PROD-HS-100,2026-07-03,2026-07-03,2026-07-03,889,completed,,
PO-0006888,PKG-02,PROD-HS-100,2026-07-03,2026-07-03,2026-07-03,1256,completed,,
PO-0006889,PKG-02,PROD-HS-110,2026-07-03,2026-07-03,2026-07-03,929,completed,,
PO-0006890,PKG-02,PROD-HS-100,2026-07-03,2026-07-03,2026-07-03,1435,completed,,
PO-0006891,PKG-03,PROD-HS-110,2026-07-03,2026-07-03,2026-07-03,871,completed,,
PO-0006892,PKG-03,PROD-HS-110,2026-07-03,2026-07-03,2026-07-03,703,completed,,
PO-0006893,PKG-03,PROD-HS-100,2026-07-03,2026-07-03,2026-07-03,1184,completed,,
PO-0006894,PKG-03,PROD-HS-100,2026-07-03,2026-07-03,2026-07-03,560,completed,,
PO-0006895,PKG-03,PROD-HS-110,2026-07-03,2026-07-03,2026-07-03,609,completed,,
PO-0006896,PKG-03,PROD-HS-100,2026-07-03,2026-07-03,2026-07-03,1183,completed,,
PO-0006897,PKG-03,PROD-VD-500,2026-07-03,2026-07-03,2026-07-03,1143,completed,,
PO-0006898,PKG-03,PROD-AS-200,2026-07-03,2026-07-03,2026-07-03,841,completed,,
PO-0006899,PKG-04,PROD-VD-500,2026-07-03,2026-07-03,2026-07-03,713,completed,,
PO-0006900,PKG-04,PROD-VD-500,2026-07-03,2026-07-03,2026-07-03,456,completed,,
PO-0006901,PKG-04,PROD-VD-500,2026-07-03,2026-07-03,2026-07-03,807,completed,,
PO-0006902,PKG-04,PROD-VD-500,2026-07-03,2026-07-03,2026-07-03,505,completed,,
PO-0006903,PKG-04,PROD-VD-500,2026-07-03,2026-07-03,2026-07-03,779,completed,,
PO-0006904,PKG-04,PROD-VD-500,2026-07-03,2026-07-03,2026-07-03,850,completed,,
PO-0006905,PKG-04,PROD-VD-500,2026-07-03,2026-07-03,2026-07-03,585,completed,,
PO-0006906,PKG-05,PROD-LB-400,2026-07-03,2026-07-03,2026-07-03,901,completed,,
PO-0006907,PKG-05,PROD-VD-500,2026-07-03,2026-07-03,2026-07-03,845,completed,,
PO-0006908,PKG-05,PROD-LB-400,2026-07-03,2026-07-03,2026-07-03,554,completed,,
PO-0006909,PKG-05,PROD-HS-100,2026-07-03,2026-07-03,2026-07-03,957,completed,,
PO-0006910,PKG-05,PROD-LB-400,2026-07-03,2026-07-03,2026-07-03,869,completed,,
PO-0006911,PKG-05,PROD-AS-200,2026-07-03,2026-07-03,2026-07-03,946,completed,,
PO-0006912,PKG-05,PROD-HS-110,2026-07-03,2026-07-03,2026-07-03,555,completed,,
PO-0006913,PKG-05,PROD-VD-500,2026-07-03,2026-07-03,2026-07-03,512,completed,,
PO-0006914,PKG-06,PROD-DM-300,2026-07-03,2026-07-03,2026-07-03,1027,completed,,
PO-0006915,PKG-06,PROD-VD-500,2026-07-03,2026-07-03,2026-07-03,672,completed,,
PO-0006916,PKG-06,PROD-DM-300,2026-07-03,2026-07-03,2026-07-03,825,completed,,
PO-0006917,PKG-06,PROD-DM-300,2026-07-03,2026-07-03,2026-07-03,973,completed,,
PO-0006918,PKG-06,PROD-DM-300,2026-07-03,2026-07-03,2026-07-03,956,completed,,
PO-0006919,PKG-06,PROD-DM-300,2026-07-03,2026-07-03,2026-07-03,1068,completed,,
PO-0006920,PKG-06,PROD-DM-300,2026-07-03,2026-07-03,2026-07-03,537,completed,,
PO-0006921,PKG-06,PROD-DM-300,2026-07-03,2026-07-03,2026-07-03,730,completed,,
PO-0006922,PKG-06,PROD-AS-200,2026-07-03,2026-07-03,2026-07-03,609,completed,,
PO-0006923,PKG-01,PROD-HS-110,2026-07-04,2026-07-04,2026-07-04,720,completed,,
PO-0006924,PKG-01,PROD-DM-300,2026-07-04,2026-07-04,2026-07-04,1334,completed,,
PO-0006925,PKG-01,PROD-VD-500,2026-07-04,2026-07-04,2026-07-04,1312,completed,,
PO-0006926,PKG-01,PROD-DM-300,2026-07-04,2026-07-04,2026-07-04,1474,completed,,
PO-0006927,PKG-01,PROD-DM-300,2026-07-04,2026-07-04,2026-07-04,1322,completed,,
PO-0006928,PKG-01,PROD-DM-300,2026-07-04,2026-07-04,2026-07-04,916,completed,,
PO-0006929,PKG-01,PROD-VD-500,2026-07-04,2026-07-04,2026-07-04,1167,completed,,
PO-0006930,PKG-01,PROD-DM-300,2026-07-04,2026-07-04,2026-07-04,1440,completed,,
PO-0006931,PKG-01,PROD-DM-300,2026-07-04,2026-07-04,2026-07-04,1493,completed,,
PO-0006932,PKG-01,PROD-LB-400,2026-07-04,2026-07-04,2026-07-04,1186,completed,,
PO-0006933,PKG-01,PROD-DM-300,2026-07-04,2026-07-04,2026-07-04,1423,completed,,
PO-0006934,PKG-01,PROD-DM-300,2026-07-04,2026-07-04,2026-07-04,906,completed,,
PO-0006935,PKG-01,PROD-LB-400,2026-07-04,2026-07-04,2026-07-04,1224,completed,,
PO-0006936,PKG-01,PROD-DM-300,2026-07-04,2026-07-04,2026-07-04,1387,completed,,
PO-0006937,PKG-01,PROD-LB-400,2026-07-04,2026-07-04,2026-07-04,1449,completed,,
PO-0006938,PKG-01,PROD-DM-300,2026-07-04,2026-07-04,2026-07-04,871,completed,,
PO-0006939,PKG-01,PROD-LB-400,2026-07-04,2026-07-04,2026-07-04,1331,completed,,
PO-0006940,PKG-01,PROD-DM-300,2026-07-04,2026-07-04,2026-07-04,803,completed,,
PO-0006941,PKG-02,PROD-AS-200,2026-07-04,2026-07-04,2026-07-04,1287,completed,,
PO-0006942,PKG-02,PROD-HS-110,2026-07-04,2026-07-04,2026-07-04,854,completed,,
PO-0006943,PKG-02,PROD-HS-100,2026-07-04,2026-07-04,2026-07-04,1355,completed,,
PO-0006944,PKG-02,PROD-HS-100,2026-07-04,2026-07-04,2026-07-04,1139,completed,,
PO-0006945,PKG-02,PROD-AS-200,2026-07-04,2026-07-04,2026-07-04,1428,completed,,
PO-0006946,PKG-02,PROD-AS-200,2026-07-04,2026-07-04,2026-07-04,1320,completed,,
PO-0006947,PKG-02,PROD-HS-100,2026-07-04,2026-07-04,2026-07-04,998,completed,,
PO-0006948,PKG-02,PROD-HS-100,2026-07-04,2026-07-04,2026-07-04,1356,completed,,
PO-0006949,PKG-02,PROD-HS-100,2026-07-04,2026-07-04,2026-07-04,691,completed,,
PO-0006950,PKG-02,PROD-AS-200,2026-07-04,2026-07-04,2026-07-04,948,completed,,
PO-0006951,PKG-02,PROD-HS-100,2026-07-04,2026-07-04,2026-07-04,903,completed,,
PO-0006952,PKG-02,PROD-LB-400,2026-07-04,2026-07-04,2026-07-04,1322,completed,,
PO-0006953,PKG-02,PROD-HS-100,2026-07-04,2026-07-04,2026-07-04,1247,completed,,
PO-0006954,PKG-02,PROD-HS-100,2026-07-04,2026-07-04,2026-07-04,665,completed,,
PO-0006955,PKG-02,PROD-AS-200,2026-07-04,2026-07-04,2026-07-04,795,completed,,
PO-0006956,PKG-03,PROD-LB-400,2026-07-04,2026-07-04,2026-07-04,695,completed,,
PO-0006957,PKG-03,PROD-AS-200,2026-07-04,2026-07-04,2026-07-04,787,completed,,
PO-0006958,PKG-03,PROD-HS-100,2026-07-04,2026-07-04,2026-07-04,934,completed,,
PO-0006959,PKG-03,PROD-AS-200,2026-07-04,2026-07-04,2026-07-04,1230,completed,,
PO-0006960,PKG-03,PROD-HS-100,2026-07-04,2026-07-04,2026-07-04,874,completed,,
PO-0006961,PKG-03,PROD-AS-200,2026-07-04,2026-07-04,2026-07-04,688,completed,,
PO-0006962,PKG-03,PROD-HS-100,2026-07-04,2026-07-04,2026-07-04,902,completed,,
PO-0006963,PKG-03,PROD-HS-100,2026-07-04,2026-07-04,2026-07-04,619,completed,,
PO-0006964,PKG-04,PROD-HS-100,2026-07-04,2026-07-04,2026-07-04,667,completed,,
PO-0006965,PKG-04,PROD-VD-500,2026-07-04,2026-07-04,2026-07-04,520,completed,,
PO-0006966,PKG-04,PROD-DM-300,2026-07-04,2026-07-04,2026-07-04,483,completed,,
PO-0006967,PKG-04,PROD-VD-500,2026-07-04,2026-07-04,2026-07-04,507,completed,,
PO-0006968,PKG-04,PROD-VD-500,2026-07-04,2026-07-04,2026-07-04,472,completed,,
PO-0006969,PKG-04,PROD-VD-500,2026-07-04,2026-07-04,2026-07-04,531,completed,,
PO-0006970,PKG-04,PROD-VD-500,2026-07-04,2026-07-04,2026-07-04,652,completed,,
PO-0006971,PKG-05,PROD-HS-100,2026-07-04,2026-07-04,2026-07-04,923,completed,,
PO-0006972,PKG-05,PROD-LB-400,2026-07-04,2026-07-04,2026-07-04,432,completed,,
PO-0006973,PKG-05,PROD-LB-400,2026-07-04,2026-07-04,2026-07-04,594,completed,,
PO-0006974,PKG-05,PROD-HS-100,2026-07-04,2026-07-04,2026-07-04,836,completed,,
PO-0006975,PKG-05,PROD-HS-100,2026-07-04,2026-07-04,2026-07-04,946,completed,,
PO-0006976,PKG-05,PROD-AS-200,2026-07-04,2026-07-04,2026-07-04,809,completed,,
PO-0006977,PKG-05,PROD-HS-110,2026-07-04,2026-07-04,2026-07-04,892,completed,,
PO-0006978,PKG-05,PROD-LB-400,2026-07-04,2026-07-04,2026-07-04,823,completed,,
PO-0006979,PKG-06,PROD-DM-300,2026-07-04,2026-07-04,2026-07-04,681,completed,,
PO-0006980,PKG-06,PROD-DM-300,2026-07-04,2026-07-04,2026-07-04,641,completed,,
PO-0006981,PKG-06,PROD-DM-300,2026-07-04,2026-07-04,2026-07-04,1068,completed,,
PO-0006982,PKG-06,PROD-VD-500,2026-07-04,2026-07-04,2026-07-04,835,completed,,
PO-0006983,PKG-06,PROD-DM-300,2026-07-04,2026-07-04,2026-07-04,664,completed,,
PO-0006984,PKG-06,PROD-HS-100,2026-07-04,2026-07-04,2026-07-04,916,completed,,
PO-0006985,PKG-06,PROD-AS-200,2026-07-04,2026-07-04,2026-07-04,716,completed,,
PO-0006986,PKG-06,PROD-HS-100,2026-07-04,2026-07-04,2026-07-04,922,completed,,
PO-0006987,PKG-06,PROD-LB-400,2026-07-04,2026-07-04,2026-07-04,1107,completed,,
PO-0006988,PKG-01,PROD-DM-300,2026-07-06,2026-07-06,2026-07-06,1446,completed,,
PO-0006989,PKG-01,PROD-DM-300,2026-07-06,2026-07-06,2026-07-06,801,completed,,
PO-0006990,PKG-01,PROD-DM-300,2026-07-06,2026-07-06,2026-07-06,1342,completed,,
PO-0006991,PKG-01,PROD-DM-300,2026-07-06,2026-07-06,2026-07-06,1131,completed,,
PO-0006992,PKG-01,PROD-DM-300,2026-07-06,2026-07-06,2026-07-06,968,completed,,
PO-0006993,PKG-01,PROD-DM-300,2026-07-06,2026-07-06,2026-07-06,1107,completed,,
PO-0006994,PKG-01,PROD-DM-300,2026-07-06,2026-07-06,2026-07-06,885,completed,,
PO-0006995,PKG-01,PROD-DM-300,2026-07-06,2026-07-06,2026-07-06,1085,completed,,
PO-0006996,PKG-01,PROD-DM-300,2026-07-06,2026-07-06,2026-07-06,1206,completed,,
PO-0006997,PKG-01,PROD-DM-300,2026-07-06,2026-07-06,2026-07-06,1256,completed,,
PO-0006998,PKG-01,PROD-VD-500,2026-07-06,2026-07-06,2026-07-06,942,completed,,
PO-0006999,PKG-01,PROD-DM-300,2026-07-06,2026-07-06,2026-07-06,711,completed,,
PO-0007000,PKG-01,PROD-DM-300,2026-07-06,2026-07-06,2026-07-06,1090,completed,,
PO-0007001,PKG-01,PROD-DM-300,2026-07-06,2026-07-06,2026-07-06,916,completed,,
PO-0007002,PKG-01,PROD-DM-300,2026-07-06,2026-07-06,2026-07-06,1250,completed,,
PO-0007003,PKG-01,PROD-DM-300,2026-07-06,2026-07-06,2026-07-06,1587,completed,,
PO-0007004,PKG-01,PROD-DM-300,2026-07-06,2026-07-06,2026-07-06,863,completed,,
PO-0007005,PKG-02,PROD-HS-110,2026-07-06,2026-07-06,2026-07-06,913,completed,,
PO-0007006,PKG-02,PROD-HS-100,2026-07-06,2026-07-06,2026-07-06,1456,completed,,
PO-0007007,PKG-02,PROD-AS-200,2026-07-06,2026-07-06,2026-07-06,1135,completed,,
PO-0007008,PKG-02,PROD-HS-110,2026-07-06,2026-07-06,2026-07-06,750,completed,,
PO-0007009,PKG-02,PROD-HS-100,2026-07-06,2026-07-06,2026-07-06,1396,completed,,
PO-0007010,PKG-02,PROD-HS-100,2026-07-06,2026-07-06,2026-07-06,1181,completed,,
PO-0007011,PKG-02,PROD-HS-110,2026-07-06,2026-07-06,2026-07-06,1418,completed,,
PO-0007012,PKG-02,PROD-AS-200,2026-07-06,2026-07-06,2026-07-06,765,completed,,
PO-0007013,PKG-02,PROD-AS-200,2026-07-06,2026-07-06,2026-07-06,1385,completed,,
PO-0007014,PKG-02,PROD-LB-400,2026-07-06,2026-07-06,2026-07-06,895,completed,,
PO-0007015,PKG-02,PROD-LB-400,2026-07-06,2026-07-06,2026-07-06,1108,completed,,
PO-0007016,PKG-02,PROD-LB-400,2026-07-06,2026-07-06,2026-07-06,750,completed,,
PO-0007017,PKG-02,PROD-HS-100,2026-07-06,2026-07-06,2026-07-06,786,completed,,
PO-0007018,PKG-02,PROD-LB-400,2026-07-06,2026-07-06,2026-07-06,1420,completed,,
PO-0007019,PKG-02,PROD-HS-100,2026-07-06,2026-07-06,2026-07-06,1018,completed,,
PO-0007020,PKG-03,PROD-HS-100,2026-07-06,2026-07-06,2026-07-06,681,completed,,
PO-0007021,PKG-03,PROD-LB-400,2026-07-06,2026-07-06,2026-07-06,718,completed,,
PO-0007022,PKG-03,PROD-AS-200,2026-07-06,2026-07-06,2026-07-06,972,completed,,
PO-0007023,PKG-03,PROD-LB-400,2026-07-06,2026-07-06,2026-07-06,521,completed,,
PO-0007024,PKG-03,PROD-AS-200,2026-07-06,2026-07-06,2026-07-06,844,completed,,
PO-0007025,PKG-03,PROD-AS-200,2026-07-06,2026-07-06,2026-07-06,674,completed,,
PO-0007026,PKG-03,PROD-AS-200,2026-07-06,2026-07-06,2026-07-06,554,completed,,
PO-0007027,PKG-03,PROD-HS-110,2026-07-06,2026-07-06,2026-07-06,847,completed,,
PO-0007028,PKG-03,PROD-LB-400,2026-07-06,2026-07-06,2026-07-06,1007,completed,,
PO-0007029,PKG-04,PROD-HS-100,2026-07-06,2026-07-06,2026-07-06,424,completed,,
PO-0007030,PKG-04,PROD-VD-500,2026-07-06,2026-07-06,2026-07-06,438,completed,,
PO-0007031,PKG-04,PROD-VD-500,2026-07-06,2026-07-06,2026-07-06,784,completed,,
PO-0007032,PKG-04,PROD-VD-500,2026-07-06,2026-07-06,2026-07-06,562,completed,,
PO-0007033,PKG-04,PROD-VD-500,2026-07-06,2026-07-06,2026-07-06,442,completed,,
PO-0007034,PKG-04,PROD-VD-500,2026-07-06,2026-07-06,2026-07-06,625,completed,,
PO-0007035,PKG-04,PROD-VD-500,2026-07-06,2026-07-06,2026-07-06,763,completed,,
PO-0007036,PKG-05,PROD-HS-100,2026-07-06,2026-07-06,2026-07-06,477,completed,,
PO-0007037,PKG-05,PROD-LB-400,2026-07-06,2026-07-06,2026-07-06,610,completed,,
PO-0007038,PKG-05,PROD-HS-100,2026-07-06,2026-07-06,2026-07-06,672,completed,,
PO-0007039,PKG-05,PROD-AS-200,2026-07-06,2026-07-06,2026-07-06,948,completed,,
PO-0007040,PKG-05,PROD-VD-500,2026-07-06,2026-07-06,2026-07-06,848,completed,,
PO-0007041,PKG-05,PROD-AS-200,2026-07-06,2026-07-06,2026-07-06,711,completed,,
PO-0007042,PKG-05,PROD-LB-400,2026-07-06,2026-07-06,2026-07-06,857,completed,,
PO-0007043,PKG-05,PROD-LB-400,2026-07-06,2026-07-06,2026-07-06,438,completed,,
PO-0007044,PKG-06,PROD-DM-300,2026-07-06,2026-07-06,2026-07-06,1047,completed,,
PO-0007045,PKG-06,PROD-DM-300,2026-07-06,2026-07-06,2026-07-06,551,completed,,
PO-0007046,PKG-06,PROD-DM-300,2026-07-06,2026-07-06,2026-07-06,560,completed,,
PO-0007047,PKG-06,PROD-LB-400,2026-07-06,2026-07-06,2026-07-06,814,completed,,
PO-0007048,PKG-06,PROD-DM-300,2026-07-06,2026-07-06,2026-07-06,526,completed,,
PO-0007049,PKG-06,PROD-DM-300,2026-07-06,2026-07-06,2026-07-06,1113,completed,,
PO-0007050,PKG-06,PROD-DM-300,2026-07-06,2026-07-06,2026-07-06,857,completed,,
PO-0007051,PKG-06,PROD-DM-300,2026-07-06,2026-07-06,2026-07-06,594,completed,,
PO-0007052,PKG-06,PROD-DM-300,2026-07-06,2026-07-06,2026-07-06,556,completed,,
PO-0007053,PKG-01,PROD-LB-400,2026-07-07,2026-07-07,2026-07-07,1429,completed,,
PO-0007054,PKG-01,PROD-HS-110,2026-07-07,2026-07-07,2026-07-07,1046,completed,,
PO-0007055,PKG-01,PROD-DM-300,2026-07-07,2026-07-07,2026-07-07,1333,completed,,
PO-0007056,PKG-01,PROD-DM-300,2026-07-07,2026-07-07,2026-07-07,1340,completed,,
PO-0007057,PKG-01,PROD-DM-300,2026-07-07,2026-07-07,2026-07-07,878,completed,,
PO-0007058,PKG-01,PROD-DM-300,2026-07-07,2026-07-07,2026-07-07,1100,completed,,
PO-0007059,PKG-01,PROD-DM-300,2026-07-07,2026-07-07,2026-07-07,818,completed,,
PO-0007060,PKG-01,PROD-VD-500,2026-07-07,2026-07-07,2026-07-07,943,completed,,
PO-0007061,PKG-01,PROD-VD-500,2026-07-07,2026-07-07,2026-07-07,726,completed,,
PO-0007062,PKG-01,PROD-DM-300,2026-07-07,2026-07-07,2026-07-07,722,completed,,
PO-0007063,PKG-01,PROD-VD-500,2026-07-07,2026-07-07,2026-07-07,1227,completed,,
PO-0007064,PKG-01,PROD-DM-300,2026-07-07,2026-07-07,2026-07-07,1473,completed,,
PO-0007065,PKG-01,PROD-DM-300,2026-07-07,2026-07-07,2026-07-07,959,completed,,
PO-0007066,PKG-01,PROD-DM-300,2026-07-07,2026-07-07,2026-07-07,1478,completed,,
PO-0007067,PKG-01,PROD-DM-300,2026-07-07,2026-07-07,2026-07-07,1129,completed,,
PO-0007068,PKG-01,PROD-DM-300,2026-07-07,2026-07-07,2026-07-07,978,completed,,
PO-0007069,PKG-01,PROD-LB-400,2026-07-07,2026-07-07,2026-07-07,714,completed,,
PO-0007070,PKG-02,PROD-HS-110,2026-07-07,2026-07-07,2026-07-07,1003,completed,,
PO-0007071,PKG-02,PROD-HS-100,2026-07-07,2026-07-07,2026-07-07,1092,completed,,
PO-0007072,PKG-02,PROD-HS-100,2026-07-07,2026-07-07,2026-07-07,1285,completed,,
PO-0007073,PKG-02,PROD-HS-100,2026-07-07,2026-07-07,2026-07-07,1470,completed,,
PO-0007074,PKG-02,PROD-HS-100,2026-07-07,2026-07-07,2026-07-07,958,completed,,
PO-0007075,PKG-02,PROD-LB-400,2026-07-07,2026-07-07,2026-07-07,1406,completed,,
PO-0007076,PKG-02,PROD-HS-100,2026-07-07,2026-07-07,2026-07-07,646,completed,,
PO-0007077,PKG-02,PROD-HS-100,2026-07-07,2026-07-07,2026-07-07,687,completed,,
PO-0007078,PKG-02,PROD-HS-100,2026-07-07,2026-07-07,2026-07-07,979,completed,,
PO-0007079,PKG-02,PROD-HS-110,2026-07-07,2026-07-07,2026-07-07,1178,completed,,
PO-0007080,PKG-02,PROD-HS-100,2026-07-07,2026-07-07,2026-07-07,1271,completed,,
PO-0007081,PKG-02,PROD-HS-100,2026-07-07,2026-07-07,2026-07-07,663,completed,,
PO-0007082,PKG-02,PROD-HS-100,2026-07-07,2026-07-07,2026-07-07,1121,completed,,
PO-0007083,PKG-02,PROD-HS-100,2026-07-07,2026-07-07,2026-07-07,1470,completed,,
PO-0007084,PKG-02,PROD-AS-200,2026-07-07,2026-07-07,2026-07-07,1434,completed,,
PO-0007085,PKG-03,PROD-HS-110,2026-07-07,2026-07-07,2026-07-07,630,completed,,
PO-0007086,PKG-03,PROD-LB-400,2026-07-07,2026-07-07,2026-07-07,932,completed,,
PO-0007087,PKG-03,PROD-VD-500,2026-07-07,2026-07-07,2026-07-07,755,completed,,
PO-0007088,PKG-03,PROD-AS-200,2026-07-07,2026-07-07,2026-07-07,491,completed,,
PO-0007089,PKG-03,PROD-HS-110,2026-07-07,2026-07-07,2026-07-07,873,completed,,
PO-0007090,PKG-03,PROD-HS-110,2026-07-07,2026-07-07,2026-07-07,784,completed,,
PO-0007091,PKG-03,PROD-AS-200,2026-07-07,2026-07-07,2026-07-07,1032,completed,,
PO-0007092,PKG-03,PROD-AS-200,2026-07-07,2026-07-07,2026-07-07,637,completed,,
PO-0007093,PKG-03,PROD-HS-110,2026-07-07,2026-07-07,2026-07-07,786,completed,,
PO-0007094,PKG-04,PROD-VD-500,2026-07-07,2026-07-07,2026-07-07,466,completed,,
PO-0007095,PKG-04,PROD-LB-400,2026-07-07,2026-07-07,2026-07-07,527,completed,,
PO-0007096,PKG-04,PROD-VD-500,2026-07-07,2026-07-07,2026-07-07,567,completed,,
PO-0007097,PKG-04,PROD-VD-500,2026-07-07,2026-07-07,2026-07-07,481,completed,,
PO-0007098,PKG-04,PROD-VD-500,2026-07-07,2026-07-07,2026-07-07,854,completed,,
PO-0007099,PKG-04,PROD-VD-500,2026-07-07,2026-07-07,2026-07-07,444,completed,,
PO-0007100,PKG-04,PROD-VD-500,2026-07-07,2026-07-07,2026-07-07,882,completed,,
PO-0007101,PKG-05,PROD-VD-500,2026-07-07,2026-07-07,2026-07-07,790,completed,,
PO-0007102,PKG-05,PROD-LB-400,2026-07-07,2026-07-07,2026-07-07,660,completed,,
PO-0007103,PKG-05,PROD-HS-100,2026-07-07,2026-07-07,2026-07-07,938,completed,,
PO-0007104,PKG-05,PROD-HS-110,2026-07-07,2026-07-07,2026-07-07,549,completed,,
PO-0007105,PKG-05,PROD-HS-100,2026-07-07,2026-07-07,2026-07-07,950,completed,,
PO-0007106,PKG-05,PROD-HS-110,2026-07-07,2026-07-07,2026-07-07,947,completed,,
PO-0007107,PKG-05,PROD-AS-200,2026-07-07,2026-07-07,2026-07-07,674,completed,,
PO-0007108,PKG-05,PROD-VD-500,2026-07-07,2026-07-07,2026-07-07,711,completed,,
PO-0007109,PKG-06,PROD-DM-300,2026-07-07,2026-07-07,2026-07-07,668,completed,,
PO-0007110,PKG-06,PROD-DM-300,2026-07-07,2026-07-07,2026-07-07,578,completed,,
PO-0007111,PKG-06,PROD-DM-300,2026-07-07,2026-07-07,2026-07-07,812,completed,,
PO-0007112,PKG-06,PROD-DM-300,2026-07-07,2026-07-07,2026-07-07,527,completed,,
PO-0007113,PKG-06,PROD-DM-300,2026-07-07,2026-07-07,2026-07-07,1030,completed,,
PO-0007114,PKG-06,PROD-DM-300,2026-07-07,2026-07-07,2026-07-07,1086,completed,,
PO-0007115,PKG-06,PROD-DM-300,2026-07-07,2026-07-07,2026-07-07,801,completed,,
PO-0007116,PKG-06,PROD-DM-300,2026-07-07,2026-07-07,2026-07-07,867,completed,,
PO-0007117,PKG-06,PROD-LB-400,2026-07-07,2026-07-07,2026-07-07,745,completed,,
PO-0007118,PKG-01,PROD-DM-300,2026-07-08,2026-07-08,2026-07-08,819,completed,,
PO-0007119,PKG-01,PROD-DM-300,2026-07-08,2026-07-08,2026-07-08,1560,completed,,
PO-0007120,PKG-01,PROD-DM-300,2026-07-08,2026-07-08,2026-07-08,1424,completed,,
PO-0007121,PKG-01,PROD-DM-300,2026-07-08,2026-07-08,2026-07-08,1174,completed,,
PO-0007122,PKG-01,PROD-HS-110,2026-07-08,2026-07-08,2026-07-08,1387,completed,,
PO-0007123,PKG-01,PROD-LB-400,2026-07-08,2026-07-08,2026-07-08,939,completed,,
PO-0007124,PKG-01,PROD-DM-300,2026-07-08,2026-07-08,2026-07-08,1407,completed,,
PO-0007125,PKG-01,PROD-DM-300,2026-07-08,2026-07-08,2026-07-08,1172,completed,,
PO-0007126,PKG-01,PROD-DM-300,2026-07-08,2026-07-08,2026-07-08,1005,completed,,
PO-0007127,PKG-01,PROD-DM-300,2026-07-08,2026-07-08,2026-07-08,1119,completed,,
PO-0007128,PKG-01,PROD-AS-200,2026-07-08,2026-07-08,2026-07-08,907,completed,,
PO-0007129,PKG-01,PROD-VD-500,2026-07-08,2026-07-08,2026-07-08,1352,completed,,
PO-0007130,PKG-01,PROD-DM-300,2026-07-08,2026-07-08,2026-07-08,1230,completed,,
PO-0007131,PKG-01,PROD-AS-200,2026-07-08,2026-07-08,2026-07-08,1193,completed,,
PO-0007132,PKG-01,PROD-DM-300,2026-07-08,2026-07-08,2026-07-08,1314,completed,,
PO-0007133,PKG-01,PROD-DM-300,2026-07-08,2026-07-08,2026-07-08,1575,completed,,
PO-0007134,PKG-01,PROD-DM-300,2026-07-08,2026-07-08,2026-07-08,1536,completed,,
PO-0007135,PKG-02,PROD-HS-110,2026-07-08,2026-07-08,2026-07-08,1076,completed,,
PO-0007136,PKG-02,PROD-LB-400,2026-07-08,2026-07-08,2026-07-08,766,completed,,
PO-0007137,PKG-02,PROD-LB-400,2026-07-08,2026-07-08,2026-07-08,705,completed,,
PO-0007138,PKG-02,PROD-HS-110,2026-07-08,2026-07-08,2026-07-08,1054,completed,,
PO-0007139,PKG-02,PROD-HS-100,2026-07-08,2026-07-08,2026-07-08,1083,completed,,
PO-0007140,PKG-02,PROD-AS-200,2026-07-08,2026-07-08,2026-07-08,1019,completed,,
PO-0007141,PKG-02,PROD-HS-110,2026-07-08,2026-07-08,2026-07-08,711,completed,,
PO-0007142,PKG-02,PROD-HS-100,2026-07-08,2026-07-08,2026-07-08,1279,completed,,
PO-0007143,PKG-02,PROD-HS-100,2026-07-08,2026-07-08,2026-07-08,811,completed,,
PO-0007144,PKG-02,PROD-HS-100,2026-07-08,2026-07-08,2026-07-08,1209,completed,,
PO-0007145,PKG-02,PROD-HS-110,2026-07-08,2026-07-08,2026-07-08,944,completed,,
PO-0007146,PKG-02,PROD-DM-300,2026-07-08,2026-07-08,2026-07-08,1042,completed,,
PO-0007147,PKG-02,PROD-HS-100,2026-07-08,2026-07-08,2026-07-08,1265,completed,,
PO-0007148,PKG-02,PROD-AS-200,2026-07-08,2026-07-08,2026-07-08,939,completed,,
PO-0007149,PKG-02,PROD-HS-100,2026-07-08,2026-07-08,2026-07-08,713,completed,,
PO-0007150,PKG-03,PROD-HS-110,2026-07-08,2026-07-08,2026-07-08,605,completed,,
PO-0007151,PKG-03,PROD-HS-110,2026-07-08,2026-07-08,2026-07-08,733,completed,,
PO-0007152,PKG-03,PROD-LB-400,2026-07-08,2026-07-08,2026-07-08,924,completed,,
PO-0007153,PKG-03,PROD-HS-110,2026-07-08,2026-07-08,2026-07-08,883,completed,,
PO-0007154,PKG-03,PROD-LB-400,2026-07-08,2026-07-08,2026-07-08,1057,completed,,
PO-0007155,PKG-03,PROD-HS-100,2026-07-08,2026-07-08,2026-07-08,972,completed,,
PO-0007156,PKG-03,PROD-HS-110,2026-07-08,2026-07-08,2026-07-08,1046,completed,,
PO-0007157,PKG-03,PROD-HS-100,2026-07-08,2026-07-08,2026-07-08,863,completed,,
PO-0007158,PKG-04,PROD-VD-500,2026-07-08,2026-07-08,2026-07-08,684,completed,,
PO-0007159,PKG-04,PROD-VD-500,2026-07-08,2026-07-08,2026-07-08,872,completed,,
PO-0007160,PKG-04,PROD-DM-300,2026-07-08,2026-07-08,2026-07-08,544,completed,,
PO-0007161,PKG-04,PROD-VD-500,2026-07-08,2026-07-08,2026-07-08,686,completed,,
PO-0007162,PKG-04,PROD-HS-110,2026-07-08,2026-07-08,2026-07-08,652,completed,,
PO-0007163,PKG-04,PROD-VD-500,2026-07-08,2026-07-08,2026-07-08,600,completed,,
PO-0007164,PKG-04,PROD-VD-500,2026-07-08,2026-07-08,2026-07-08,558,completed,,
PO-0007165,PKG-05,PROD-HS-110,2026-07-08,2026-07-08,2026-07-08,904,completed,,
PO-0007166,PKG-05,PROD-HS-100,2026-07-08,2026-07-08,2026-07-08,785,completed,,
PO-0007167,PKG-05,PROD-LB-400,2026-07-08,2026-07-08,2026-07-08,460,completed,,
PO-0007168,PKG-05,PROD-AS-200,2026-07-08,2026-07-08,2026-07-08,798,completed,,
PO-0007169,PKG-05,PROD-HS-110,2026-07-08,2026-07-08,2026-07-08,666,completed,,
PO-0007170,PKG-05,PROD-LB-400,2026-07-08,2026-07-08,2026-07-08,866,completed,,
PO-0007171,PKG-05,PROD-LB-400,2026-07-08,2026-07-08,2026-07-08,773,completed,,
PO-0007172,PKG-05,PROD-LB-400,2026-07-08,2026-07-08,2026-07-08,618,completed,,
PO-0007173,PKG-06,PROD-DM-300,2026-07-08,2026-07-08,2026-07-08,933,completed,,
PO-0007174,PKG-06,PROD-VD-500,2026-07-08,2026-07-08,2026-07-08,757,completed,,
PO-0007175,PKG-06,PROD-DM-300,2026-07-08,2026-07-08,2026-07-08,646,completed,,
PO-0007176,PKG-06,PROD-DM-300,2026-07-08,2026-07-08,2026-07-08,615,completed,,
PO-0007177,PKG-06,PROD-LB-400,2026-07-08,2026-07-08,2026-07-08,726,completed,,
PO-0007178,PKG-06,PROD-DM-300,2026-07-08,2026-07-08,2026-07-08,887,completed,,
PO-0007179,PKG-06,PROD-DM-300,2026-07-08,2026-07-08,2026-07-08,890,completed,,
PO-0007180,PKG-06,PROD-DM-300,2026-07-08,2026-07-08,2026-07-08,672,completed,,
PO-0007181,PKG-06,PROD-DM-300,2026-07-08,2026-07-08,2026-07-08,998,completed,,
PO-0007182,PKG-01,PROD-HS-110,2026-07-09,2026-07-09,2026-07-09,1114,completed,,
PO-0007183,PKG-01,PROD-DM-300,2026-07-09,2026-07-09,2026-07-09,1496,completed,,
PO-0007184,PKG-01,PROD-VD-500,2026-07-09,2026-07-09,2026-07-09,865,completed,,
PO-0007185,PKG-01,PROD-VD-500,2026-07-09,2026-07-09,2026-07-09,1446,completed,,
PO-0007186,PKG-01,PROD-DM-300,2026-07-09,2026-07-09,2026-07-09,1605,completed,,
PO-0007187,PKG-01,PROD-DM-300,2026-07-09,2026-07-09,2026-07-09,1351,completed,,
PO-0007188,PKG-01,PROD-DM-300,2026-07-09,2026-07-09,2026-07-09,1203,completed,,
PO-0007189,PKG-01,PROD-DM-300,2026-07-09,2026-07-09,2026-07-09,1397,completed,,
PO-0007190,PKG-01,PROD-DM-300,2026-07-09,2026-07-09,2026-07-09,850,completed,,
PO-0007191,PKG-01,PROD-DM-300,2026-07-09,2026-07-09,2026-07-09,712,completed,,
PO-0007192,PKG-01,PROD-DM-300,2026-07-09,2026-07-09,2026-07-09,1262,completed,,
PO-0007193,PKG-01,PROD-LB-400,2026-07-09,2026-07-09,2026-07-09,1314,completed,,
PO-0007194,PKG-01,PROD-HS-100,2026-07-09,2026-07-09,2026-07-09,1408,completed,,
PO-0007195,PKG-01,PROD-DM-300,2026-07-09,2026-07-09,2026-07-09,1234,completed,,
PO-0007196,PKG-01,PROD-HS-110,2026-07-09,2026-07-09,2026-07-09,1285,completed,,
PO-0007197,PKG-01,PROD-DM-300,2026-07-09,2026-07-09,2026-07-09,909,completed,,
PO-0007198,PKG-01,PROD-DM-300,2026-07-09,2026-07-09,2026-07-09,1194,completed,,
PO-0007199,PKG-02,PROD-LB-400,2026-07-09,2026-07-09,2026-07-09,1083,completed,,
PO-0007200,PKG-02,PROD-HS-100,2026-07-09,2026-07-09,2026-07-09,1065,completed,,
PO-0007201,PKG-02,PROD-LB-400,2026-07-09,2026-07-09,2026-07-09,701,completed,,
PO-0007202,PKG-02,PROD-HS-110,2026-07-09,2026-07-09,2026-07-09,854,completed,,
PO-0007203,PKG-02,PROD-HS-100,2026-07-09,2026-07-09,2026-07-09,1378,completed,,
PO-0007204,PKG-02,PROD-HS-100,2026-07-09,2026-07-09,2026-07-09,1310,completed,,
PO-0007205,PKG-02,PROD-HS-100,2026-07-09,2026-07-09,2026-07-09,744,completed,,
PO-0007206,PKG-02,PROD-HS-100,2026-07-09,2026-07-09,2026-07-09,907,completed,,
PO-0007207,PKG-02,PROD-HS-100,2026-07-09,2026-07-09,2026-07-09,1383,completed,,
PO-0007208,PKG-02,PROD-HS-100,2026-07-09,2026-07-09,2026-07-09,1189,completed,,
PO-0007209,PKG-02,PROD-HS-100,2026-07-09,2026-07-09,2026-07-09,731,completed,,
PO-0007210,PKG-02,PROD-HS-100,2026-07-09,2026-07-09,2026-07-09,944,completed,,
PO-0007211,PKG-02,PROD-HS-100,2026-07-09,2026-07-09,2026-07-09,966,completed,,
PO-0007212,PKG-02,PROD-HS-100,2026-07-09,2026-07-09,2026-07-09,732,completed,,
PO-0007213,PKG-02,PROD-AS-200,2026-07-09,2026-07-09,2026-07-09,1346,completed,,
PO-0007214,PKG-03,PROD-HS-100,2026-07-09,2026-07-09,2026-07-09,551,completed,,
PO-0007215,PKG-03,PROD-LB-400,2026-07-09,2026-07-09,2026-07-09,791,completed,,
PO-0007216,PKG-03,PROD-HS-110,2026-07-09,2026-07-09,2026-07-09,852,completed,,
PO-0007217,PKG-03,PROD-HS-110,2026-07-09,2026-07-09,2026-07-09,1064,completed,,
PO-0007218,PKG-03,PROD-AS-200,2026-07-09,2026-07-09,2026-07-09,766,completed,,
PO-0007219,PKG-03,PROD-VD-500,2026-07-09,2026-07-09,2026-07-09,611,completed,,
PO-0007220,PKG-03,PROD-HS-110,2026-07-09,2026-07-09,2026-07-09,610,completed,,
PO-0007221,PKG-03,PROD-VD-500,2026-07-09,2026-07-09,2026-07-09,853,completed,,
PO-0007222,PKG-04,PROD-VD-500,2026-07-09,2026-07-09,2026-07-09,489,completed,,
PO-0007223,PKG-04,PROD-VD-500,2026-07-09,2026-07-09,2026-07-09,689,completed,,
PO-0007224,PKG-04,PROD-VD-500,2026-07-09,2026-07-09,2026-07-09,602,completed,,
PO-0007225,PKG-04,PROD-VD-500,2026-07-09,2026-07-09,2026-07-09,735,completed,,
PO-0007226,PKG-04,PROD-DM-300,2026-07-09,2026-07-09,2026-07-09,541,completed,,
PO-0007227,PKG-04,PROD-VD-500,2026-07-09,2026-07-09,2026-07-09,838,completed,,
PO-0007228,PKG-04,PROD-VD-500,2026-07-09,2026-07-09,2026-07-09,442,completed,,
PO-0007229,PKG-05,PROD-VD-500,2026-07-09,2026-07-09,2026-07-09,490,completed,,
PO-0007230,PKG-05,PROD-HS-110,2026-07-09,2026-07-09,2026-07-09,567,completed,,
PO-0007231,PKG-05,PROD-HS-100,2026-07-09,2026-07-09,2026-07-09,792,completed,,
PO-0007232,PKG-05,PROD-HS-110,2026-07-09,2026-07-09,2026-07-09,902,completed,,
PO-0007233,PKG-05,PROD-LB-400,2026-07-09,2026-07-09,2026-07-09,957,completed,,
PO-0007234,PKG-05,PROD-AS-200,2026-07-09,2026-07-09,2026-07-09,582,completed,,
PO-0007235,PKG-05,PROD-HS-100,2026-07-09,2026-07-09,2026-07-09,670,completed,,
PO-0007236,PKG-05,PROD-HS-110,2026-07-09,2026-07-09,2026-07-09,567,completed,,
PO-0007237,PKG-06,PROD-HS-110,2026-07-09,2026-07-09,2026-07-09,1089,completed,,
PO-0007238,PKG-06,PROD-LB-400,2026-07-09,2026-07-09,2026-07-09,930,completed,,
PO-0007239,PKG-06,PROD-DM-300,2026-07-09,2026-07-09,2026-07-09,570,completed,,
PO-0007240,PKG-06,PROD-AS-200,2026-07-09,2026-07-09,2026-07-09,849,completed,,
PO-0007241,PKG-06,PROD-DM-300,2026-07-09,2026-07-09,2026-07-09,615,completed,,
PO-0007242,PKG-06,PROD-DM-300,2026-07-09,2026-07-09,2026-07-09,725,completed,,
PO-0007243,PKG-06,PROD-DM-300,2026-07-09,2026-07-09,2026-07-09,640,completed,,
PO-0007244,PKG-06,PROD-VD-500,2026-07-09,2026-07-09,2026-07-09,914,completed,,
PO-0007245,PKG-06,PROD-DM-300,2026-07-09,2026-07-09,2026-07-09,823,completed,,
PO-0007246,PKG-01,PROD-DM-300,2026-07-10,2026-07-10,2026-07-10,889,completed,,
PO-0007247,PKG-01,PROD-DM-300,2026-07-10,2026-07-10,2026-07-10,1519,completed,,
PO-0007248,PKG-01,PROD-DM-300,2026-07-10,2026-07-10,2026-07-10,914,completed,,
PO-0007249,PKG-01,PROD-DM-300,2026-07-10,2026-07-10,2026-07-10,1522,completed,,
PO-0007250,PKG-01,PROD-HS-110,2026-07-10,2026-07-10,2026-07-10,1085,completed,,
PO-0007251,PKG-01,PROD-DM-300,2026-07-10,2026-07-10,2026-07-10,819,completed,,
PO-0007252,PKG-01,PROD-VD-500,2026-07-10,2026-07-10,2026-07-10,1179,completed,,
PO-0007253,PKG-01,PROD-HS-100,2026-07-10,2026-07-10,2026-07-10,1450,completed,,
PO-0007254,PKG-01,PROD-DM-300,2026-07-10,2026-07-10,2026-07-10,1113,completed,,
PO-0007255,PKG-01,PROD-VD-500,2026-07-10,2026-07-10,2026-07-10,1217,completed,,
PO-0007256,PKG-01,PROD-DM-300,2026-07-10,2026-07-10,2026-07-10,942,completed,,
PO-0007257,PKG-01,PROD-DM-300,2026-07-10,2026-07-10,2026-07-10,1081,completed,,
PO-0007258,PKG-01,PROD-DM-300,2026-07-10,2026-07-10,2026-07-10,1088,completed,,
PO-0007259,PKG-01,PROD-DM-300,2026-07-10,2026-07-10,2026-07-10,803,completed,,
PO-0007260,PKG-01,PROD-DM-300,2026-07-10,2026-07-10,2026-07-10,1447,completed,,
PO-0007261,PKG-01,PROD-DM-300,2026-07-10,2026-07-10,2026-07-10,1358,completed,,
PO-0007262,PKG-01,PROD-DM-300,2026-07-10,2026-07-10,2026-07-10,1502,completed,,
PO-0007263,PKG-02,PROD-AS-200,2026-07-10,2026-07-10,2026-07-10,1450,completed,,
PO-0007264,PKG-02,PROD-HS-100,2026-07-10,2026-07-10,2026-07-10,1183,completed,,
PO-0007265,PKG-02,PROD-HS-110,2026-07-10,2026-07-10,2026-07-10,988,completed,,
PO-0007266,PKG-02,PROD-HS-110,2026-07-10,2026-07-10,2026-07-10,846,completed,,
PO-0007267,PKG-02,PROD-HS-100,2026-07-10,2026-07-10,2026-07-10,934,completed,,
PO-0007268,PKG-02,PROD-LB-400,2026-07-10,2026-07-10,2026-07-10,1150,completed,,
PO-0007269,PKG-02,PROD-HS-100,2026-07-10,2026-07-10,2026-07-10,719,completed,,
PO-0007270,PKG-02,PROD-LB-400,2026-07-10,2026-07-10,2026-07-10,1455,completed,,
PO-0007271,PKG-02,PROD-HS-100,2026-07-10,2026-07-10,2026-07-10,1161,completed,,
PO-0007272,PKG-02,PROD-LB-400,2026-07-10,2026-07-10,2026-07-10,757,completed,,
PO-0007273,PKG-02,PROD-AS-200,2026-07-10,2026-07-10,2026-07-10,715,completed,,
PO-0007274,PKG-02,PROD-HS-100,2026-07-10,2026-07-10,2026-07-10,1324,completed,,
PO-0007275,PKG-02,PROD-HS-100,2026-07-10,2026-07-10,2026-07-10,805,completed,,
PO-0007276,PKG-02,PROD-HS-100,2026-07-10,2026-07-10,2026-07-10,1043,completed,,
PO-0007277,PKG-02,PROD-HS-100,2026-07-10,2026-07-10,2026-07-10,1075,completed,,
PO-0007278,PKG-03,PROD-LB-400,2026-07-10,2026-07-10,2026-07-10,881,completed,,
PO-0007279,PKG-03,PROD-LB-400,2026-07-10,2026-07-10,2026-07-10,839,completed,,
PO-0007280,PKG-03,PROD-AS-200,2026-07-10,2026-07-10,2026-07-10,988,completed,,
PO-0007281,PKG-03,PROD-LB-400,2026-07-10,2026-07-10,2026-07-10,1177,completed,,
PO-0007282,PKG-03,PROD-LB-400,2026-07-10,2026-07-10,2026-07-10,607,completed,,
PO-0007283,PKG-03,PROD-HS-100,2026-07-10,2026-07-10,2026-07-10,1181,completed,,
PO-0007284,PKG-03,PROD-LB-400,2026-07-10,2026-07-10,2026-07-10,937,completed,,
PO-0007285,PKG-03,PROD-HS-100,2026-07-10,2026-07-10,2026-07-10,544,completed,,
PO-0007286,PKG-04,PROD-VD-500,2026-07-10,2026-07-10,2026-07-10,630,completed,,
PO-0007287,PKG-04,PROD-DM-300,2026-07-10,2026-07-10,2026-07-10,721,completed,,
PO-0007288,PKG-04,PROD-VD-500,2026-07-10,2026-07-10,2026-07-10,546,completed,,
PO-0007289,PKG-04,PROD-HS-100,2026-07-10,2026-07-10,2026-07-10,801,completed,,
PO-0007290,PKG-04,PROD-VD-500,2026-07-10,2026-07-10,2026-07-10,653,completed,,
PO-0007291,PKG-04,PROD-VD-500,2026-07-10,2026-07-10,2026-07-10,817,completed,,
PO-0007292,PKG-04,PROD-VD-500,2026-07-10,2026-07-10,2026-07-10,465,completed,,
PO-0007293,PKG-05,PROD-HS-100,2026-07-10,2026-07-10,2026-07-10,603,completed,,
PO-0007294,PKG-05,PROD-LB-400,2026-07-10,2026-07-10,2026-07-10,905,completed,,
PO-0007295,PKG-05,PROD-LB-400,2026-07-10,2026-07-10,2026-07-10,622,completed,,
PO-0007296,PKG-05,PROD-VD-500,2026-07-10,2026-07-10,2026-07-10,514,completed,,
PO-0007297,PKG-05,PROD-HS-110,2026-07-10,2026-07-10,2026-07-10,643,completed,,
PO-0007298,PKG-05,PROD-LB-400,2026-07-10,2026-07-10,2026-07-10,839,completed,,
PO-0007299,PKG-05,PROD-AS-200,2026-07-10,2026-07-10,2026-07-10,689,completed,,
PO-0007300,PKG-05,PROD-HS-110,2026-07-10,2026-07-10,2026-07-10,678,completed,,
PO-0007301,PKG-06,PROD-DM-300,2026-07-10,2026-07-10,2026-07-10,806,completed,,
PO-0007302,PKG-06,PROD-DM-300,2026-07-10,2026-07-10,2026-07-10,1072,completed,,
PO-0007303,PKG-06,PROD-LB-400,2026-07-10,2026-07-10,2026-07-10,531,completed,,
PO-0007304,PKG-06,PROD-HS-100,2026-07-10,2026-07-10,2026-07-10,901,completed,,
PO-0007305,PKG-06,PROD-DM-300,2026-07-10,2026-07-10,2026-07-10,539,completed,,
PO-0007306,PKG-06,PROD-HS-110,2026-07-10,2026-07-10,2026-07-10,993,completed,,
PO-0007307,PKG-06,PROD-DM-300,2026-07-10,2026-07-10,2026-07-10,521,completed,,
PO-0007308,PKG-06,PROD-DM-300,2026-07-10,2026-07-10,2026-07-10,766,completed,,
PO-0007309,PKG-06,PROD-DM-300,2026-07-10,2026-07-10,2026-07-10,914,completed,,
PO-0007310,PKG-01,PROD-DM-300,2026-07-11,2026-07-11,2026-07-11,967,completed,,
PO-0007311,PKG-01,PROD-HS-110,2026-07-11,2026-07-11,2026-07-11,862,completed,,
PO-0007312,PKG-01,PROD-DM-300,2026-07-11,2026-07-11,2026-07-11,1126,completed,,
PO-0007313,PKG-01,PROD-VD-500,2026-07-11,2026-07-11,2026-07-11,976,completed,,
PO-0007314,PKG-01,PROD-DM-300,2026-07-11,2026-07-11,2026-07-11,1505,completed,,
PO-0007315,PKG-01,PROD-DM-300,2026-07-11,2026-07-11,2026-07-11,1328,completed,,
PO-0007316,PKG-01,PROD-DM-300,2026-07-11,2026-07-11,2026-07-11,1187,completed,,
PO-0007317,PKG-01,PROD-DM-300,2026-07-11,2026-07-11,2026-07-11,873,completed,,
PO-0007318,PKG-01,PROD-DM-300,2026-07-11,2026-07-11,2026-07-11,1363,completed,,
PO-0007319,PKG-01,PROD-DM-300,2026-07-11,2026-07-11,2026-07-11,1419,completed,,
PO-0007320,PKG-01,PROD-VD-500,2026-07-11,2026-07-11,2026-07-11,1086,completed,,
PO-0007321,PKG-01,PROD-DM-300,2026-07-11,2026-07-11,2026-07-11,1132,completed,,
PO-0007322,PKG-01,PROD-DM-300,2026-07-11,2026-07-11,2026-07-11,1447,completed,,
PO-0007323,PKG-01,PROD-DM-300,2026-07-11,2026-07-11,2026-07-11,1104,completed,,
PO-0007324,PKG-01,PROD-VD-500,2026-07-11,2026-07-11,2026-07-11,1139,completed,,
PO-0007325,PKG-01,PROD-AS-200,2026-07-11,2026-07-11,2026-07-11,1279,completed,,
PO-0007326,PKG-01,PROD-DM-300,2026-07-11,2026-07-11,2026-07-11,1003,completed,,
PO-0007327,PKG-01,PROD-DM-300,2026-07-11,2026-07-11,2026-07-11,797,completed,,
PO-0007328,PKG-02,PROD-AS-200,2026-07-11,2026-07-11,2026-07-11,689,completed,,
PO-0007329,PKG-02,PROD-HS-100,2026-07-11,2026-07-11,2026-07-11,861,completed,,
PO-0007330,PKG-02,PROD-HS-110,2026-07-11,2026-07-11,2026-07-11,1147,completed,,
PO-0007331,PKG-02,PROD-HS-100,2026-07-11,2026-07-11,2026-07-11,1000,completed,,
PO-0007332,PKG-02,PROD-HS-100,2026-07-11,2026-07-11,2026-07-11,1337,completed,,
PO-0007333,PKG-02,PROD-HS-100,2026-07-11,2026-07-11,2026-07-11,988,completed,,
PO-0007334,PKG-02,PROD-DM-300,2026-07-11,2026-07-11,2026-07-11,925,completed,,
PO-0007335,PKG-02,PROD-AS-200,2026-07-11,2026-07-11,2026-07-11,1006,completed,,
PO-0007336,PKG-02,PROD-HS-100,2026-07-11,2026-07-11,2026-07-11,1305,completed,,
PO-0007337,PKG-02,PROD-HS-110,2026-07-11,2026-07-11,2026-07-11,1112,completed,,
PO-0007338,PKG-02,PROD-HS-100,2026-07-11,2026-07-11,2026-07-11,1093,completed,,
PO-0007339,PKG-02,PROD-HS-100,2026-07-11,2026-07-11,2026-07-11,932,completed,,
PO-0007340,PKG-02,PROD-LB-400,2026-07-11,2026-07-11,2026-07-11,1372,completed,,
PO-0007341,PKG-02,PROD-LB-400,2026-07-11,2026-07-11,2026-07-11,1441,completed,,
PO-0007342,PKG-02,PROD-HS-110,2026-07-11,2026-07-11,2026-07-11,1052,completed,,
PO-0007343,PKG-03,PROD-AS-200,2026-07-11,2026-07-11,2026-07-11,883,completed,,
PO-0007344,PKG-03,PROD-AS-200,2026-07-11,2026-07-11,2026-07-11,746,completed,,
PO-0007345,PKG-03,PROD-HS-110,2026-07-11,2026-07-11,2026-07-11,1190,completed,,
PO-0007346,PKG-03,PROD-AS-200,2026-07-11,2026-07-11,2026-07-11,734,completed,,
PO-0007347,PKG-03,PROD-LB-400,2026-07-11,2026-07-11,2026-07-11,933,completed,,
PO-0007348,PKG-03,PROD-LB-400,2026-07-11,2026-07-11,2026-07-11,1027,completed,,
PO-0007349,PKG-03,PROD-AS-200,2026-07-11,2026-07-11,2026-07-11,1095,completed,,
PO-0007350,PKG-03,PROD-AS-200,2026-07-11,2026-07-11,2026-07-11,1106,completed,,
PO-0007351,PKG-04,PROD-HS-100,2026-07-11,2026-07-11,2026-07-11,563,completed,,
PO-0007352,PKG-04,PROD-VD-500,2026-07-11,2026-07-11,2026-07-11,769,completed,,
PO-0007353,PKG-04,PROD-HS-100,2026-07-11,2026-07-11,2026-07-11,461,completed,,
PO-0007354,PKG-04,PROD-VD-500,2026-07-11,2026-07-11,2026-07-11,832,completed,,
PO-0007355,PKG-04,PROD-AS-200,2026-07-11,2026-07-11,2026-07-11,639,completed,,
PO-0007356,PKG-04,PROD-VD-500,2026-07-11,2026-07-11,2026-07-11,764,completed,,
PO-0007357,PKG-04,PROD-VD-500,2026-07-11,2026-07-11,2026-07-11,403,completed,,
PO-0007358,PKG-05,PROD-AS-200,2026-07-11,2026-07-11,2026-07-11,427,completed,,
PO-0007359,PKG-05,PROD-HS-110,2026-07-11,2026-07-11,2026-07-11,516,completed,,
PO-0007360,PKG-05,PROD-AS-200,2026-07-11,2026-07-11,2026-07-11,676,completed,,
PO-0007361,PKG-05,PROD-HS-110,2026-07-11,2026-07-11,2026-07-11,893,completed,,
PO-0007362,PKG-05,PROD-LB-400,2026-07-11,2026-07-11,2026-07-11,873,completed,,
PO-0007363,PKG-05,PROD-HS-110,2026-07-11,2026-07-11,2026-07-11,846,completed,,
PO-0007364,PKG-05,PROD-AS-200,2026-07-11,2026-07-11,2026-07-11,644,completed,,
PO-0007365,PKG-05,PROD-HS-100,2026-07-11,2026-07-11,2026-07-11,957,completed,,
PO-0007366,PKG-06,PROD-DM-300,2026-07-11,2026-07-11,2026-07-11,925,completed,,
PO-0007367,PKG-06,PROD-DM-300,2026-07-11,2026-07-11,2026-07-11,922,completed,,
PO-0007368,PKG-06,PROD-VD-500,2026-07-11,2026-07-11,2026-07-11,1049,completed,,
PO-0007369,PKG-06,PROD-DM-300,2026-07-11,2026-07-11,2026-07-11,1041,completed,,
PO-0007370,PKG-06,PROD-DM-300,2026-07-11,2026-07-11,2026-07-11,735,completed,,
PO-0007371,PKG-06,PROD-DM-300,2026-07-11,2026-07-11,2026-07-11,527,completed,,
PO-0007372,PKG-06,PROD-DM-300,2026-07-11,2026-07-11,2026-07-11,566,completed,,
PO-0007373,PKG-06,PROD-DM-300,2026-07-11,2026-07-11,2026-07-11,841,completed,,
PO-0007374,PKG-06,PROD-DM-300,2026-07-11,2026-07-11,2026-07-11,824,completed,,
PO-0007375,PKG-01,PROD-LB-400,2026-07-13,2026-07-13,2026-07-13,956,completed,,
PO-0007376,PKG-01,PROD-VD-500,2026-07-13,2026-07-13,2026-07-13,945,completed,,
PO-0007377,PKG-01,PROD-DM-300,2026-07-13,2026-07-13,2026-07-13,1475,completed,,
PO-0007378,PKG-01,PROD-DM-300,2026-07-13,2026-07-13,2026-07-13,1248,completed,,
PO-0007379,PKG-01,PROD-DM-300,2026-07-13,2026-07-13,2026-07-13,927,completed,,
PO-0007380,PKG-01,PROD-VD-500,2026-07-13,2026-07-13,2026-07-13,1086,completed,,
PO-0007381,PKG-01,PROD-DM-300,2026-07-13,2026-07-13,2026-07-13,1211,completed,,
PO-0007382,PKG-01,PROD-DM-300,2026-07-13,2026-07-13,2026-07-13,813,completed,,
PO-0007383,PKG-01,PROD-HS-100,2026-07-13,2026-07-13,2026-07-13,1057,completed,,
PO-0007384,PKG-01,PROD-DM-300,2026-07-13,2026-07-13,2026-07-13,676,completed,,
PO-0007385,PKG-01,PROD-DM-300,2026-07-13,2026-07-13,2026-07-13,1396,completed,,
PO-0007386,PKG-01,PROD-DM-300,2026-07-13,2026-07-13,2026-07-13,906,completed,,
PO-0007387,PKG-01,PROD-DM-300,2026-07-13,2026-07-13,2026-07-13,1500,completed,,
PO-0007388,PKG-01,PROD-DM-300,2026-07-13,2026-07-13,2026-07-13,716,completed,,
PO-0007389,PKG-01,PROD-DM-300,2026-07-13,2026-07-13,2026-07-13,1131,completed,,
PO-0007390,PKG-01,PROD-VD-500,2026-07-13,2026-07-13,2026-07-13,916,completed,,
PO-0007391,PKG-01,PROD-DM-300,2026-07-13,2026-07-13,2026-07-13,1257,completed,,
PO-0007392,PKG-01,PROD-AS-200,2026-07-13,2026-07-13,2026-07-13,1003,completed,,
PO-0007393,PKG-02,PROD-AS-200,2026-07-13,2026-07-13,2026-07-13,641,completed,,
PO-0007394,PKG-02,PROD-LB-400,2026-07-13,2026-07-13,2026-07-13,966,completed,,
PO-0007395,PKG-02,PROD-HS-100,2026-07-13,2026-07-13,2026-07-13,1253,completed,,
PO-0007396,PKG-02,PROD-HS-100,2026-07-13,2026-07-13,2026-07-13,665,completed,,
PO-0007397,PKG-02,PROD-HS-100,2026-07-13,2026-07-13,2026-07-13,925,completed,,
PO-0007398,PKG-02,PROD-HS-100,2026-07-13,2026-07-13,2026-07-13,1155,completed,,
PO-0007399,PKG-02,PROD-HS-100,2026-07-13,2026-07-13,2026-07-13,832,completed,,
PO-0007400,PKG-02,PROD-HS-100,2026-07-13,2026-07-13,2026-07-13,736,completed,,
PO-0007401,PKG-02,PROD-HS-100,2026-07-13,2026-07-13,2026-07-13,899,completed,,
PO-0007402,PKG-02,PROD-AS-200,2026-07-13,2026-07-13,2026-07-13,679,completed,,
PO-0007403,PKG-02,PROD-LB-400,2026-07-13,2026-07-13,2026-07-13,769,completed,,
PO-0007404,PKG-02,PROD-AS-200,2026-07-13,2026-07-13,2026-07-13,1201,completed,,
PO-0007405,PKG-02,PROD-AS-200,2026-07-13,2026-07-13,2026-07-13,709,completed,,
PO-0007406,PKG-02,PROD-HS-100,2026-07-13,2026-07-13,2026-07-13,1007,completed,,
PO-0007407,PKG-02,PROD-HS-110,2026-07-13,2026-07-13,2026-07-13,1263,completed,,
PO-0007408,PKG-03,PROD-AS-200,2026-07-13,2026-07-13,2026-07-13,538,completed,,
PO-0007409,PKG-03,PROD-HS-110,2026-07-13,2026-07-13,2026-07-13,811,completed,,
PO-0007410,PKG-03,PROD-AS-200,2026-07-13,2026-07-13,2026-07-13,995,completed,,
PO-0007411,PKG-03,PROD-HS-110,2026-07-13,2026-07-13,2026-07-13,1214,completed,,
PO-0007412,PKG-03,PROD-HS-100,2026-07-13,2026-07-13,2026-07-13,701,completed,,
PO-0007413,PKG-03,PROD-AS-200,2026-07-13,2026-07-13,2026-07-13,1014,completed,,
PO-0007414,PKG-03,PROD-AS-200,2026-07-13,2026-07-13,2026-07-13,633,completed,,
PO-0007415,PKG-03,PROD-HS-110,2026-07-13,2026-07-13,2026-07-13,721,completed,,
PO-0007416,PKG-04,PROD-AS-200,2026-07-13,2026-07-13,2026-07-13,833,completed,,
PO-0007417,PKG-04,PROD-VD-500,2026-07-13,2026-07-13,2026-07-13,624,completed,,
PO-0007418,PKG-04,PROD-AS-200,2026-07-13,2026-07-13,2026-07-13,846,completed,,
PO-0007419,PKG-04,PROD-VD-500,2026-07-13,2026-07-13,2026-07-13,774,completed,,
PO-0007420,PKG-04,PROD-VD-500,2026-07-13,2026-07-13,2026-07-13,845,completed,,
PO-0007421,PKG-04,PROD-VD-500,2026-07-13,2026-07-13,2026-07-13,523,completed,,
PO-0007422,PKG-04,PROD-HS-100,2026-07-13,2026-07-13,2026-07-13,512,completed,,
PO-0007423,PKG-05,PROD-LB-400,2026-07-13,2026-07-13,2026-07-13,732,completed,,
PO-0007424,PKG-05,PROD-VD-500,2026-07-13,2026-07-13,2026-07-13,744,completed,,
PO-0007425,PKG-05,PROD-HS-110,2026-07-13,2026-07-13,2026-07-13,786,completed,,
PO-0007426,PKG-05,PROD-AS-200,2026-07-13,2026-07-13,2026-07-13,641,completed,,
PO-0007427,PKG-05,PROD-AS-200,2026-07-13,2026-07-13,2026-07-13,742,completed,,
PO-0007428,PKG-05,PROD-VD-500,2026-07-13,2026-07-13,2026-07-13,596,completed,,
PO-0007429,PKG-05,PROD-AS-200,2026-07-13,2026-07-13,2026-07-13,533,completed,,
PO-0007430,PKG-05,PROD-VD-500,2026-07-13,2026-07-13,2026-07-13,761,completed,,
PO-0007431,PKG-06,PROD-DM-300,2026-07-13,2026-07-13,2026-07-13,996,completed,,
PO-0007432,PKG-06,PROD-LB-400,2026-07-13,2026-07-13,2026-07-13,872,completed,,
PO-0007433,PKG-06,PROD-DM-300,2026-07-13,2026-07-13,2026-07-13,1053,completed,,
PO-0007434,PKG-06,PROD-DM-300,2026-07-13,2026-07-13,2026-07-13,1058,completed,,
PO-0007435,PKG-06,PROD-DM-300,2026-07-13,2026-07-13,2026-07-13,624,completed,,
PO-0007436,PKG-06,PROD-DM-300,2026-07-13,2026-07-13,2026-07-13,1018,completed,,
PO-0007437,PKG-06,PROD-LB-400,2026-07-13,2026-07-13,2026-07-13,497,completed,,
PO-0007438,PKG-06,PROD-VD-500,2026-07-13,2026-07-13,2026-07-13,846,completed,,
PO-0007439,PKG-06,PROD-DM-300,2026-07-13,2026-07-13,2026-07-13,515,completed,,
PO-0007440,PKG-01,PROD-DM-300,2026-07-14,2026-07-14,2026-07-14,756,completed,,
PO-0007441,PKG-01,PROD-VD-500,2026-07-14,2026-07-14,2026-07-14,1598,completed,,
PO-0007442,PKG-01,PROD-DM-300,2026-07-14,2026-07-14,2026-07-14,848,completed,,
PO-0007443,PKG-01,PROD-DM-300,2026-07-14,2026-07-14,2026-07-14,829,completed,,
PO-0007444,PKG-01,PROD-VD-500,2026-07-14,2026-07-14,2026-07-14,1519,completed,,
PO-0007445,PKG-01,PROD-DM-300,2026-07-14,2026-07-14,2026-07-14,939,completed,,
PO-0007446,PKG-01,PROD-DM-300,2026-07-14,2026-07-14,2026-07-14,801,completed,,
PO-0007447,PKG-01,PROD-AS-200,2026-07-14,2026-07-14,2026-07-14,764,completed,,
PO-0007448,PKG-01,PROD-LB-400,2026-07-14,2026-07-14,2026-07-14,819,completed,,
PO-0007449,PKG-01,PROD-DM-300,2026-07-14,2026-07-14,2026-07-14,977,completed,,
PO-0007450,PKG-01,PROD-DM-300,2026-07-14,2026-07-14,2026-07-14,957,completed,,
PO-0007451,PKG-01,PROD-VD-500,2026-07-14,2026-07-14,2026-07-14,1544,completed,,
PO-0007452,PKG-01,PROD-DM-300,2026-07-14,2026-07-14,2026-07-14,1515,completed,,
PO-0007453,PKG-01,PROD-LB-400,2026-07-14,2026-07-14,2026-07-14,998,completed,,
PO-0007454,PKG-01,PROD-DM-300,2026-07-14,2026-07-14,2026-07-14,1244,completed,,
PO-0007455,PKG-01,PROD-HS-100,2026-07-14,2026-07-14,2026-07-14,1343,completed,,
PO-0007456,PKG-01,PROD-DM-300,2026-07-14,2026-07-14,2026-07-14,1014,completed,,
PO-0007457,PKG-02,PROD-LB-400,2026-07-14,2026-07-14,2026-07-14,1473,completed,,
PO-0007458,PKG-02,PROD-HS-100,2026-07-14,2026-07-14,2026-07-14,1069,completed,,
PO-0007459,PKG-02,PROD-AS-200,2026-07-14,2026-07-14,2026-07-14,759,completed,,
PO-0007460,PKG-02,PROD-HS-100,2026-07-14,2026-07-14,2026-07-14,989,completed,,
PO-0007461,PKG-02,PROD-AS-200,2026-07-14,2026-07-14,2026-07-14,670,completed,,
PO-0007462,PKG-02,PROD-HS-100,2026-07-14,2026-07-14,2026-07-14,1104,completed,,
PO-0007463,PKG-02,PROD-HS-110,2026-07-14,2026-07-14,2026-07-14,942,completed,,
PO-0007464,PKG-02,PROD-HS-100,2026-07-14,2026-07-14,2026-07-14,1274,completed,,
PO-0007465,PKG-02,PROD-HS-100,2026-07-14,2026-07-14,2026-07-14,1441,completed,,
PO-0007466,PKG-02,PROD-LB-400,2026-07-14,2026-07-14,2026-07-14,1103,completed,,
PO-0007467,PKG-02,PROD-AS-200,2026-07-14,2026-07-14,2026-07-14,884,completed,,
PO-0007468,PKG-02,PROD-HS-100,2026-07-14,2026-07-14,2026-07-14,886,completed,,
PO-0007469,PKG-02,PROD-HS-100,2026-07-14,2026-07-14,2026-07-14,653,completed,,
PO-0007470,PKG-02,PROD-HS-100,2026-07-14,2026-07-14,2026-07-14,1201,completed,,
PO-0007471,PKG-02,PROD-HS-110,2026-07-14,2026-07-14,2026-07-14,798,completed,,
PO-0007472,PKG-03,PROD-LB-400,2026-07-14,2026-07-14,2026-07-14,618,completed,,
PO-0007473,PKG-03,PROD-AS-200,2026-07-14,2026-07-14,2026-07-14,654,completed,,
PO-0007474,PKG-03,PROD-HS-100,2026-07-14,2026-07-14,2026-07-14,811,completed,,
PO-0007475,PKG-03,PROD-HS-110,2026-07-14,2026-07-14,2026-07-14,897,completed,,
PO-0007476,PKG-03,PROD-LB-400,2026-07-14,2026-07-14,2026-07-14,1039,completed,,
PO-0007477,PKG-03,PROD-HS-110,2026-07-14,2026-07-14,2026-07-14,986,completed,,
PO-0007478,PKG-03,PROD-AS-200,2026-07-14,2026-07-14,2026-07-14,758,completed,,
PO-0007479,PKG-03,PROD-AS-200,2026-07-14,2026-07-14,2026-07-14,877,completed,,
PO-0007480,PKG-03,PROD-AS-200,2026-07-14,2026-07-14,2026-07-14,1035,completed,,
PO-0007481,PKG-04,PROD-VD-500,2026-07-14,2026-07-14,2026-07-14,591,completed,,
PO-0007482,PKG-04,PROD-VD-500,2026-07-14,2026-07-14,2026-07-14,432,completed,,
PO-0007483,PKG-04,PROD-LB-400,2026-07-14,2026-07-14,2026-07-14,731,completed,,
PO-0007484,PKG-04,PROD-VD-500,2026-07-14,2026-07-14,2026-07-14,404,completed,,
PO-0007485,PKG-04,PROD-VD-500,2026-07-14,2026-07-14,2026-07-14,496,completed,,
PO-0007486,PKG-04,PROD-VD-500,2026-07-14,2026-07-14,2026-07-14,559,completed,,
PO-0007487,PKG-04,PROD-VD-500,2026-07-14,2026-07-14,2026-07-14,414,completed,,
PO-0007488,PKG-05,PROD-HS-110,2026-07-14,2026-07-14,2026-07-14,923,completed,,
PO-0007489,PKG-05,PROD-HS-110,2026-07-14,2026-07-14,2026-07-14,597,completed,,
PO-0007490,PKG-05,PROD-DM-300,2026-07-14,2026-07-14,2026-07-14,914,completed,,
PO-0007491,PKG-05,PROD-HS-110,2026-07-14,2026-07-14,2026-07-14,829,completed,,
PO-0007492,PKG-05,PROD-DM-300,2026-07-14,2026-07-14,2026-07-14,553,completed,,
PO-0007493,PKG-05,PROD-HS-110,2026-07-14,2026-07-14,2026-07-14,949,completed,,
PO-0007494,PKG-05,PROD-AS-200,2026-07-14,2026-07-14,2026-07-14,953,completed,,
PO-0007495,PKG-05,PROD-DM-300,2026-07-14,2026-07-14,2026-07-14,495,completed,,
PO-0007496,PKG-06,PROD-DM-300,2026-07-14,2026-07-14,2026-07-14,742,completed,,
PO-0007497,PKG-06,PROD-DM-300,2026-07-14,2026-07-14,2026-07-14,901,completed,,
PO-0007498,PKG-06,PROD-HS-100,2026-07-14,2026-07-14,2026-07-14,522,completed,,
PO-0007499,PKG-06,PROD-DM-300,2026-07-14,2026-07-14,2026-07-14,797,completed,,
PO-0007500,PKG-06,PROD-DM-300,2026-07-14,2026-07-14,2026-07-14,656,completed,,
PO-0007501,PKG-06,PROD-DM-300,2026-07-14,2026-07-14,2026-07-14,692,completed,,
PO-0007502,PKG-06,PROD-DM-300,2026-07-14,2026-07-14,2026-07-14,1102,completed,,
PO-0007503,PKG-06,PROD-HS-110,2026-07-14,2026-07-14,2026-07-14,699,completed,,
PO-0007504,PKG-06,PROD-DM-300,2026-07-14,2026-07-14,2026-07-14,863,completed,,
PO-0007505,PKG-01,PROD-DM-300,2026-07-15,2026-07-15,2026-07-15,735,completed,,
PO-0007506,PKG-01,PROD-DM-300,2026-07-15,2026-07-15,2026-07-15,1182,completed,,
PO-0007507,PKG-01,PROD-HS-110,2026-07-15,2026-07-15,2026-07-15,695,completed,,
PO-0007508,PKG-01,PROD-DM-300,2026-07-15,2026-07-15,2026-07-15,1093,completed,,
PO-0007509,PKG-01,PROD-DM-300,2026-07-15,2026-07-15,2026-07-15,1490,completed,,
PO-0007510,PKG-01,PROD-DM-300,2026-07-15,2026-07-15,2026-07-15,1409,completed,,
PO-0007511,PKG-01,PROD-DM-300,2026-07-15,2026-07-15,2026-07-15,1308,completed,,
PO-0007512,PKG-01,PROD-DM-300,2026-07-15,2026-07-15,2026-07-15,748,completed,,
PO-0007513,PKG-01,PROD-DM-300,2026-07-15,2026-07-15,2026-07-15,714,completed,,
PO-0007514,PKG-01,PROD-DM-300,2026-07-15,2026-07-15,2026-07-15,1132,completed,,
PO-0007515,PKG-01,PROD-DM-300,2026-07-15,2026-07-15,2026-07-15,711,completed,,
PO-0007516,PKG-01,PROD-DM-300,2026-07-15,2026-07-15,2026-07-15,1004,completed,,
PO-0007517,PKG-01,PROD-VD-500,2026-07-15,2026-07-15,2026-07-15,1136,completed,,
PO-0007518,PKG-01,PROD-DM-300,2026-07-15,2026-07-15,2026-07-15,1502,completed,,
PO-0007519,PKG-01,PROD-DM-300,2026-07-15,2026-07-15,2026-07-15,1101,completed,,
PO-0007520,PKG-01,PROD-DM-300,2026-07-15,2026-07-15,2026-07-15,788,completed,,
PO-0007521,PKG-01,PROD-VD-500,2026-07-15,2026-07-15,2026-07-15,715,completed,,
PO-0007522,PKG-02,PROD-HS-110,2026-07-15,2026-07-15,2026-07-15,1260,completed,,
PO-0007523,PKG-02,PROD-HS-100,2026-07-15,2026-07-15,2026-07-15,914,completed,,
PO-0007524,PKG-02,PROD-HS-100,2026-07-15,2026-07-15,2026-07-15,1005,completed,,
PO-0007525,PKG-02,PROD-HS-110,2026-07-15,2026-07-15,2026-07-15,1201,completed,,
PO-0007526,PKG-02,PROD-HS-100,2026-07-15,2026-07-15,2026-07-15,891,completed,,
PO-0007527,PKG-02,PROD-HS-100,2026-07-15,2026-07-15,2026-07-15,789,completed,,
PO-0007528,PKG-02,PROD-LB-400,2026-07-15,2026-07-15,2026-07-15,1322,completed,,
PO-0007529,PKG-02,PROD-HS-100,2026-07-15,2026-07-15,2026-07-15,824,completed,,
PO-0007530,PKG-02,PROD-HS-100,2026-07-15,2026-07-15,2026-07-15,1365,completed,,
PO-0007531,PKG-02,PROD-HS-110,2026-07-15,2026-07-15,2026-07-15,1008,completed,,
PO-0007532,PKG-02,PROD-HS-100,2026-07-15,2026-07-15,2026-07-15,1330,completed,,
PO-0007533,PKG-02,PROD-HS-100,2026-07-15,2026-07-15,2026-07-15,1227,completed,,
PO-0007534,PKG-02,PROD-HS-100,2026-07-15,2026-07-15,2026-07-15,1137,completed,,
PO-0007535,PKG-02,PROD-HS-110,2026-07-15,2026-07-15,2026-07-15,1212,completed,,
PO-0007536,PKG-02,PROD-HS-100,2026-07-15,2026-07-15,2026-07-15,1337,completed,,
PO-0007537,PKG-03,PROD-AS-200,2026-07-15,2026-07-15,2026-07-15,858,completed,,
PO-0007538,PKG-03,PROD-HS-110,2026-07-15,2026-07-15,2026-07-15,1038,completed,,
PO-0007539,PKG-03,PROD-HS-110,2026-07-15,2026-07-15,2026-07-15,919,completed,,
PO-0007540,PKG-03,PROD-HS-100,2026-07-15,2026-07-15,2026-07-15,668,completed,,
PO-0007541,PKG-03,PROD-LB-400,2026-07-15,2026-07-15,2026-07-15,535,completed,,
PO-0007542,PKG-03,PROD-HS-100,2026-07-15,2026-07-15,2026-07-15,656,completed,,
PO-0007543,PKG-03,PROD-HS-110,2026-07-15,2026-07-15,2026-07-15,707,completed,,
PO-0007544,PKG-03,PROD-AS-200,2026-07-15,2026-07-15,2026-07-15,844,completed,,
PO-0007545,PKG-03,PROD-AS-200,2026-07-15,2026-07-15,2026-07-15,988,completed,,
PO-0007546,PKG-04,PROD-HS-100,2026-07-15,2026-07-15,2026-07-15,720,completed,,
PO-0007547,PKG-04,PROD-VD-500,2026-07-15,2026-07-15,2026-07-15,472,completed,,
PO-0007548,PKG-04,PROD-VD-500,2026-07-15,2026-07-15,2026-07-15,876,completed,,
PO-0007549,PKG-04,PROD-VD-500,2026-07-15,2026-07-15,2026-07-15,442,completed,,
PO-0007550,PKG-04,PROD-VD-500,2026-07-15,2026-07-15,2026-07-15,482,completed,,
PO-0007551,PKG-04,PROD-VD-500,2026-07-15,2026-07-15,2026-07-15,436,completed,,
PO-0007552,PKG-04,PROD-VD-500,2026-07-15,2026-07-15,2026-07-15,537,completed,,
PO-0007553,PKG-05,PROD-HS-100,2026-07-15,2026-07-15,2026-07-15,941,completed,,
PO-0007554,PKG-05,PROD-AS-200,2026-07-15,2026-07-15,2026-07-15,795,completed,,
PO-0007555,PKG-05,PROD-HS-100,2026-07-15,2026-07-15,2026-07-15,911,completed,,
PO-0007556,PKG-05,PROD-AS-200,2026-07-15,2026-07-15,2026-07-15,749,completed,,
PO-0007557,PKG-05,PROD-LB-400,2026-07-15,2026-07-15,2026-07-15,954,completed,,
PO-0007558,PKG-05,PROD-HS-110,2026-07-15,2026-07-15,2026-07-15,788,completed,,
PO-0007559,PKG-05,PROD-LB-400,2026-07-15,2026-07-15,2026-07-15,648,completed,,
PO-0007560,PKG-05,PROD-AS-200,2026-07-15,2026-07-15,2026-07-15,600,completed,,
PO-0007561,PKG-06,PROD-LB-400,2026-07-15,2026-07-15,2026-07-15,513,completed,,
PO-0007562,PKG-06,PROD-DM-300,2026-07-15,2026-07-15,2026-07-15,1140,completed,,
PO-0007563,PKG-06,PROD-HS-110,2026-07-15,2026-07-15,2026-07-15,959,completed,,
PO-0007564,PKG-06,PROD-AS-200,2026-07-15,2026-07-15,2026-07-15,1002,completed,,
PO-0007565,PKG-06,PROD-DM-300,2026-07-15,2026-07-15,2026-07-15,593,completed,,
PO-0007566,PKG-06,PROD-DM-300,2026-07-15,2026-07-15,2026-07-15,551,completed,,
PO-0007567,PKG-06,PROD-DM-300,2026-07-15,2026-07-15,2026-07-15,648,completed,,
PO-0007568,PKG-06,PROD-VD-500,2026-07-15,2026-07-15,2026-07-15,615,completed,,
PO-0007569,PKG-06,PROD-DM-300,2026-07-15,2026-07-15,2026-07-15,1048,completed,,
PO-0007570,PKG-01,PROD-VD-500,2026-07-16,2026-07-16,2026-07-16,1541,completed,,
PO-0007571,PKG-01,PROD-VD-500,2026-07-16,2026-07-16,2026-07-16,1561,completed,,
PO-0007572,PKG-01,PROD-DM-300,2026-07-16,2026-07-16,2026-07-16,848,completed,,
PO-0007573,PKG-01,PROD-DM-300,2026-07-16,2026-07-16,2026-07-16,822,completed,,
PO-0007574,PKG-01,PROD-DM-300,2026-07-16,2026-07-16,2026-07-16,856,completed,,
PO-0007575,PKG-01,PROD-HS-110,2026-07-16,2026-07-16,2026-07-16,1343,completed,,
PO-0007576,PKG-01,PROD-DM-300,2026-07-16,2026-07-16,2026-07-16,1352,completed,,
PO-0007577,PKG-01,PROD-LB-400,2026-07-16,2026-07-16,2026-07-16,1598,completed,,
PO-0007578,PKG-01,PROD-DM-300,2026-07-16,2026-07-16,2026-07-16,861,completed,,
PO-0007579,PKG-01,PROD-DM-300,2026-07-16,2026-07-16,2026-07-16,1526,completed,,
PO-0007580,PKG-01,PROD-DM-300,2026-07-16,2026-07-16,2026-07-16,1079,completed,,
PO-0007581,PKG-01,PROD-HS-110,2026-07-16,2026-07-16,2026-07-16,1203,completed,,
PO-0007582,PKG-01,PROD-DM-300,2026-07-16,2026-07-16,2026-07-16,828,completed,,
PO-0007583,PKG-01,PROD-DM-300,2026-07-16,2026-07-16,2026-07-16,1348,completed,,
PO-0007584,PKG-01,PROD-DM-300,2026-07-16,2026-07-16,2026-07-16,734,completed,,
PO-0007585,PKG-01,PROD-DM-300,2026-07-16,2026-07-16,2026-07-16,967,completed,,
PO-0007586,PKG-01,PROD-DM-300,2026-07-16,2026-07-16,2026-07-16,700,completed,,
PO-0007587,PKG-02,PROD-HS-110,2026-07-16,2026-07-16,2026-07-16,763,completed,,
PO-0007588,PKG-02,PROD-HS-110,2026-07-16,2026-07-16,2026-07-16,1210,completed,,
PO-0007589,PKG-02,PROD-HS-100,2026-07-16,2026-07-16,2026-07-16,1120,completed,,
PO-0007590,PKG-02,PROD-HS-100,2026-07-16,2026-07-16,2026-07-16,1253,completed,,
PO-0007591,PKG-02,PROD-HS-100,2026-07-16,2026-07-16,2026-07-16,1010,completed,,
PO-0007592,PKG-02,PROD-HS-100,2026-07-16,2026-07-16,2026-07-16,1029,completed,,
PO-0007593,PKG-02,PROD-AS-200,2026-07-16,2026-07-16,2026-07-16,866,completed,,
PO-0007594,PKG-02,PROD-HS-100,2026-07-16,2026-07-16,2026-07-16,1074,completed,,
PO-0007595,PKG-02,PROD-HS-110,2026-07-16,2026-07-16,2026-07-16,700,completed,,
PO-0007596,PKG-02,PROD-HS-100,2026-07-16,2026-07-16,2026-07-16,1310,completed,,
PO-0007597,PKG-02,PROD-AS-200,2026-07-16,2026-07-16,2026-07-16,1090,completed,,
PO-0007598,PKG-02,PROD-HS-100,2026-07-16,2026-07-16,2026-07-16,1394,completed,,
PO-0007599,PKG-02,PROD-HS-100,2026-07-16,2026-07-16,2026-07-16,760,completed,,
PO-0007600,PKG-02,PROD-LB-400,2026-07-16,2026-07-16,2026-07-16,1227,completed,,
PO-0007601,PKG-02,PROD-HS-100,2026-07-16,2026-07-16,2026-07-16,914,completed,,
PO-0007602,PKG-03,PROD-HS-100,2026-07-16,2026-07-16,2026-07-16,1167,completed,,
PO-0007603,PKG-03,PROD-LB-400,2026-07-16,2026-07-16,2026-07-16,1163,completed,,
PO-0007604,PKG-03,PROD-HS-100,2026-07-16,2026-07-16,2026-07-16,936,completed,,
PO-0007605,PKG-03,PROD-AS-200,2026-07-16,2026-07-16,2026-07-16,1236,completed,,
PO-0007606,PKG-03,PROD-HS-110,2026-07-16,2026-07-16,2026-07-16,1013,completed,,
PO-0007607,PKG-03,PROD-HS-110,2026-07-16,2026-07-16,2026-07-16,1183,completed,,
PO-0007608,PKG-03,PROD-LB-400,2026-07-16,2026-07-16,2026-07-16,1126,completed,,
PO-0007609,PKG-03,PROD-AS-200,2026-07-16,2026-07-16,2026-07-16,868,completed,,
PO-0007610,PKG-04,PROD-VD-500,2026-07-16,2026-07-16,2026-07-16,539,completed,,
PO-0007611,PKG-04,PROD-VD-500,2026-07-16,2026-07-16,2026-07-16,476,completed,,
PO-0007612,PKG-04,PROD-AS-200,2026-07-16,2026-07-16,2026-07-16,856,completed,,
PO-0007613,PKG-04,PROD-VD-500,2026-07-16,2026-07-16,2026-07-16,584,completed,,
PO-0007614,PKG-04,PROD-VD-500,2026-07-16,2026-07-16,2026-07-16,467,completed,,
PO-0007615,PKG-04,PROD-VD-500,2026-07-16,2026-07-16,2026-07-16,513,completed,,
PO-0007616,PKG-04,PROD-VD-500,2026-07-16,2026-07-16,2026-07-16,710,completed,,
PO-0007617,PKG-05,PROD-VD-500,2026-07-16,2026-07-16,2026-07-16,820,completed,,
PO-0007618,PKG-05,PROD-AS-200,2026-07-16,2026-07-16,2026-07-16,705,completed,,
PO-0007619,PKG-05,PROD-VD-500,2026-07-16,2026-07-16,2026-07-16,506,completed,,
PO-0007620,PKG-05,PROD-HS-110,2026-07-16,2026-07-16,2026-07-16,517,completed,,
PO-0007621,PKG-05,PROD-HS-100,2026-07-16,2026-07-16,2026-07-16,527,completed,,
PO-0007622,PKG-05,PROD-VD-500,2026-07-16,2026-07-16,2026-07-16,827,completed,,
PO-0007623,PKG-05,PROD-HS-110,2026-07-16,2026-07-16,2026-07-16,938,completed,,
PO-0007624,PKG-05,PROD-HS-110,2026-07-16,2026-07-16,2026-07-16,580,completed,,
PO-0007625,PKG-06,PROD-DM-300,2026-07-16,2026-07-16,2026-07-16,958,completed,,
PO-0007626,PKG-06,PROD-DM-300,2026-07-16,2026-07-16,2026-07-16,1003,completed,,
PO-0007627,PKG-06,PROD-DM-300,2026-07-16,2026-07-16,2026-07-16,1111,completed,,
PO-0007628,PKG-06,PROD-DM-300,2026-07-16,2026-07-16,2026-07-16,725,completed,,
PO-0007629,PKG-06,PROD-AS-200,2026-07-16,2026-07-16,2026-07-16,956,completed,,
PO-0007630,PKG-06,PROD-DM-300,2026-07-16,2026-07-16,2026-07-16,763,completed,,
PO-0007631,PKG-06,PROD-HS-100,2026-07-16,2026-07-16,2026-07-16,1089,completed,,
PO-0007632,PKG-06,PROD-DM-300,2026-07-16,2026-07-16,2026-07-16,511,completed,,
PO-0007633,PKG-06,PROD-AS-200,2026-07-16,2026-07-16,2026-07-16,793,completed,,
PO-0007634,PKG-01,PROD-DM-300,2026-07-17,2026-07-17,2026-07-17,960,completed,,
PO-0007635,PKG-01,PROD-DM-300,2026-07-17,2026-07-17,2026-07-17,794,completed,,
PO-0007636,PKG-01,PROD-DM-300,2026-07-17,2026-07-17,2026-07-17,1166,completed,,
PO-0007637,PKG-01,PROD-VD-500,2026-07-17,2026-07-17,2026-07-17,1098,completed,,
PO-0007638,PKG-01,PROD-AS-200,2026-07-17,2026-07-17,2026-07-17,1088,completed,,
PO-0007639,PKG-01,PROD-DM-300,2026-07-17,2026-07-17,2026-07-17,1237,completed,,
PO-0007640,PKG-01,PROD-VD-500,2026-07-17,2026-07-17,2026-07-17,1210,completed,,
PO-0007641,PKG-01,PROD-DM-300,2026-07-17,2026-07-17,2026-07-17,1558,completed,,
PO-0007642,PKG-01,PROD-HS-100,2026-07-17,2026-07-17,2026-07-17,1232,completed,,
PO-0007643,PKG-01,PROD-HS-110,2026-07-17,2026-07-17,2026-07-17,1025,completed,,
PO-0007644,PKG-01,PROD-DM-300,2026-07-17,2026-07-17,2026-07-17,1042,completed,,
PO-0007645,PKG-01,PROD-DM-300,2026-07-17,2026-07-17,2026-07-17,1011,completed,,
PO-0007646,PKG-01,PROD-VD-500,2026-07-17,2026-07-17,2026-07-17,947,completed,,
PO-0007647,PKG-01,PROD-DM-300,2026-07-17,2026-07-17,2026-07-17,1152,completed,,
PO-0007648,PKG-01,PROD-DM-300,2026-07-17,2026-07-17,2026-07-17,899,completed,,
PO-0007649,PKG-01,PROD-DM-300,2026-07-17,2026-07-17,2026-07-17,794,completed,,
PO-0007650,PKG-01,PROD-DM-300,2026-07-17,2026-07-17,2026-07-17,773,completed,,
PO-0007651,PKG-02,PROD-AS-200,2026-07-17,2026-07-17,2026-07-17,698,completed,,
PO-0007652,PKG-02,PROD-AS-200,2026-07-17,2026-07-17,2026-07-17,1394,completed,,
PO-0007653,PKG-02,PROD-HS-100,2026-07-17,2026-07-17,2026-07-17,1216,completed,,
PO-0007654,PKG-02,PROD-LB-400,2026-07-17,2026-07-17,2026-07-17,1352,completed,,
PO-0007655,PKG-02,PROD-HS-100,2026-07-17,2026-07-17,2026-07-17,1405,completed,,
PO-0007656,PKG-02,PROD-LB-400,2026-07-17,2026-07-17,2026-07-17,1395,completed,,
PO-0007657,PKG-02,PROD-HS-100,2026-07-17,2026-07-17,2026-07-17,906,completed,,
PO-0007658,PKG-02,PROD-HS-100,2026-07-17,2026-07-17,2026-07-17,801,completed,,
PO-0007659,PKG-02,PROD-HS-100,2026-07-17,2026-07-17,2026-07-17,911,completed,,
PO-0007660,PKG-02,PROD-HS-110,2026-07-17,2026-07-17,2026-07-17,1053,completed,,
PO-0007661,PKG-02,PROD-HS-100,2026-07-17,2026-07-17,2026-07-17,1418,completed,,
PO-0007662,PKG-02,PROD-HS-110,2026-07-17,2026-07-17,2026-07-17,1455,completed,,
PO-0007663,PKG-02,PROD-HS-110,2026-07-17,2026-07-17,2026-07-17,1427,completed,,
PO-0007664,PKG-02,PROD-HS-110,2026-07-17,2026-07-17,2026-07-17,1221,completed,,
PO-0007665,PKG-02,PROD-HS-110,2026-07-17,2026-07-17,2026-07-17,1244,completed,,
PO-0007666,PKG-03,PROD-LB-400,2026-07-17,2026-07-17,2026-07-17,539,completed,,
PO-0007667,PKG-03,PROD-HS-110,2026-07-17,2026-07-17,2026-07-17,874,completed,,
PO-0007668,PKG-03,PROD-AS-200,2026-07-17,2026-07-17,2026-07-17,956,completed,,
PO-0007669,PKG-03,PROD-AS-200,2026-07-17,2026-07-17,2026-07-17,862,completed,,
PO-0007670,PKG-03,PROD-AS-200,2026-07-17,2026-07-17,2026-07-17,752,completed,,
PO-0007671,PKG-03,PROD-HS-100,2026-07-17,2026-07-17,2026-07-17,1029,completed,,
PO-0007672,PKG-03,PROD-LB-400,2026-07-17,2026-07-17,2026-07-17,1157,completed,,
PO-0007673,PKG-03,PROD-LB-400,2026-07-17,2026-07-17,2026-07-17,632,completed,,
PO-0007674,PKG-04,PROD-VD-500,2026-07-17,2026-07-17,2026-07-17,677,completed,,
PO-0007675,PKG-04,PROD-VD-500,2026-07-17,2026-07-17,2026-07-17,514,completed,,
PO-0007676,PKG-04,PROD-VD-500,2026-07-17,2026-07-17,2026-07-17,641,completed,,
PO-0007677,PKG-04,PROD-VD-500,2026-07-17,2026-07-17,2026-07-17,523,completed,,
PO-0007678,PKG-04,PROD-VD-500,2026-07-17,2026-07-17,2026-07-17,416,completed,,
PO-0007679,PKG-04,PROD-VD-500,2026-07-17,2026-07-17,2026-07-17,840,completed,,
PO-0007680,PKG-04,PROD-VD-500,2026-07-17,2026-07-17,2026-07-17,673,completed,,
PO-0007681,PKG-05,PROD-AS-200,2026-07-17,2026-07-17,2026-07-17,838,completed,,
PO-0007682,PKG-05,PROD-LB-400,2026-07-17,2026-07-17,2026-07-17,719,completed,,
PO-0007683,PKG-05,PROD-LB-400,2026-07-17,2026-07-17,2026-07-17,519,completed,,
PO-0007684,PKG-05,PROD-LB-400,2026-07-17,2026-07-17,2026-07-17,785,completed,,
PO-0007685,PKG-05,PROD-AS-200,2026-07-17,2026-07-17,2026-07-17,934,completed,,
PO-0007686,PKG-05,PROD-HS-110,2026-07-17,2026-07-17,2026-07-17,558,completed,,
PO-0007687,PKG-05,PROD-VD-500,2026-07-17,2026-07-17,2026-07-17,439,completed,,
PO-0007688,PKG-05,PROD-HS-110,2026-07-17,2026-07-17,2026-07-17,686,completed,,
PO-0007689,PKG-06,PROD-DM-300,2026-07-17,2026-07-17,2026-07-17,906,completed,,
PO-0007690,PKG-06,PROD-DM-300,2026-07-17,2026-07-17,2026-07-17,541,completed,,
PO-0007691,PKG-06,PROD-DM-300,2026-07-17,2026-07-17,2026-07-17,1062,completed,,
PO-0007692,PKG-06,PROD-DM-300,2026-07-17,2026-07-17,2026-07-17,730,completed,,
PO-0007693,PKG-06,PROD-AS-200,2026-07-17,2026-07-17,2026-07-17,661,completed,,
PO-0007694,PKG-06,PROD-VD-500,2026-07-17,2026-07-17,2026-07-17,851,completed,,
PO-0007695,PKG-06,PROD-DM-300,2026-07-17,2026-07-17,2026-07-17,556,completed,,
PO-0007696,PKG-06,PROD-HS-100,2026-07-17,2026-07-17,2026-07-17,728,completed,,
PO-0007697,PKG-06,PROD-DM-300,2026-07-17,2026-07-17,2026-07-17,1039,completed,,
PO-0007698,PKG-01,PROD-DM-300,2026-07-18,2026-07-18,2026-07-18,1219,completed,,
PO-0007699,PKG-01,PROD-DM-300,2026-07-18,2026-07-18,2026-07-18,1442,completed,,
PO-0007700,PKG-01,PROD-DM-300,2026-07-18,2026-07-18,2026-07-18,961,completed,,
PO-0007701,PKG-01,PROD-DM-300,2026-07-18,2026-07-18,2026-07-18,1011,completed,,
PO-0007702,PKG-01,PROD-DM-300,2026-07-18,2026-07-18,2026-07-18,814,completed,,
PO-0007703,PKG-01,PROD-DM-300,2026-07-18,2026-07-18,2026-07-18,743,completed,,
PO-0007704,PKG-01,PROD-DM-300,2026-07-18,2026-07-18,2026-07-18,707,completed,,
PO-0007705,PKG-01,PROD-LB-400,2026-07-18,2026-07-18,2026-07-18,1404,completed,,
PO-0007706,PKG-01,PROD-VD-500,2026-07-18,2026-07-18,2026-07-18,1557,completed,,
PO-0007707,PKG-01,PROD-DM-300,2026-07-18,2026-07-18,2026-07-18,1124,completed,,
PO-0007708,PKG-01,PROD-DM-300,2026-07-18,2026-07-18,2026-07-18,1163,completed,,
PO-0007709,PKG-01,PROD-DM-300,2026-07-18,2026-07-18,2026-07-18,810,completed,,
PO-0007710,PKG-01,PROD-DM-300,2026-07-18,2026-07-18,2026-07-18,1145,completed,,
PO-0007711,PKG-01,PROD-VD-500,2026-07-18,2026-07-18,2026-07-18,1224,completed,,
PO-0007712,PKG-01,PROD-HS-100,2026-07-18,2026-07-18,2026-07-18,736,completed,,
PO-0007713,PKG-01,PROD-DM-300,2026-07-18,2026-07-18,2026-07-18,1310,completed,,
PO-0007714,PKG-01,PROD-DM-300,2026-07-18,2026-07-18,2026-07-18,1277,completed,,
PO-0007715,PKG-02,PROD-HS-110,2026-07-18,2026-07-18,2026-07-18,1193,completed,,
PO-0007716,PKG-02,PROD-AS-200,2026-07-18,2026-07-18,2026-07-18,1395,completed,,
PO-0007717,PKG-02,PROD-AS-200,2026-07-18,2026-07-18,2026-07-18,1420,completed,,
PO-0007718,PKG-02,PROD-LB-400,2026-07-18,2026-07-18,2026-07-18,795,completed,,
PO-0007719,PKG-02,PROD-HS-110,2026-07-18,2026-07-18,2026-07-18,1457,completed,,
PO-0007720,PKG-02,PROD-HS-100,2026-07-18,2026-07-18,2026-07-18,1276,completed,,
PO-0007721,PKG-02,PROD-HS-100,2026-07-18,2026-07-18,2026-07-18,835,completed,,
PO-0007722,PKG-02,PROD-HS-100,2026-07-18,2026-07-18,2026-07-18,1230,completed,,
PO-0007723,PKG-02,PROD-LB-400,2026-07-18,2026-07-18,2026-07-18,1392,completed,,
PO-0007724,PKG-02,PROD-HS-100,2026-07-18,2026-07-18,2026-07-18,1224,completed,,
PO-0007725,PKG-02,PROD-HS-100,2026-07-18,2026-07-18,2026-07-18,1071,completed,,
PO-0007726,PKG-02,PROD-HS-100,2026-07-18,2026-07-18,2026-07-18,663,completed,,
PO-0007727,PKG-02,PROD-HS-100,2026-07-18,2026-07-18,2026-07-18,635,completed,,
PO-0007728,PKG-02,PROD-HS-100,2026-07-18,2026-07-18,2026-07-18,862,completed,,
PO-0007729,PKG-02,PROD-HS-100,2026-07-18,2026-07-18,2026-07-18,1405,completed,,
PO-0007730,PKG-03,PROD-HS-110,2026-07-18,2026-07-18,2026-07-18,740,completed,,
PO-0007731,PKG-03,PROD-HS-110,2026-07-18,2026-07-18,2026-07-18,739,completed,,
PO-0007732,PKG-03,PROD-HS-100,2026-07-18,2026-07-18,2026-07-18,1220,completed,,
PO-0007733,PKG-03,PROD-LB-400,2026-07-18,2026-07-18,2026-07-18,796,completed,,
PO-0007734,PKG-03,PROD-AS-200,2026-07-18,2026-07-18,2026-07-18,549,completed,,
PO-0007735,PKG-03,PROD-AS-200,2026-07-18,2026-07-18,2026-07-18,789,completed,,
PO-0007736,PKG-03,PROD-AS-200,2026-07-18,2026-07-18,2026-07-18,1225,completed,,
PO-0007737,PKG-03,PROD-HS-100,2026-07-18,2026-07-18,2026-07-18,913,completed,,
PO-0007738,PKG-04,PROD-VD-500,2026-07-18,2026-07-18,2026-07-18,898,completed,,
PO-0007739,PKG-04,PROD-VD-500,2026-07-18,2026-07-18,2026-07-18,406,completed,,
PO-0007740,PKG-04,PROD-LB-400,2026-07-18,2026-07-18,2026-07-18,685,completed,,
PO-0007741,PKG-04,PROD-VD-500,2026-07-18,2026-07-18,2026-07-18,879,completed,,
PO-0007742,PKG-04,PROD-VD-500,2026-07-18,2026-07-18,2026-07-18,686,completed,,
PO-0007743,PKG-04,PROD-HS-100,2026-07-18,2026-07-18,2026-07-18,467,completed,,
PO-0007744,PKG-04,PROD-VD-500,2026-07-18,2026-07-18,2026-07-18,768,completed,,
PO-0007745,PKG-05,PROD-HS-100,2026-07-18,2026-07-18,2026-07-18,767,completed,,
PO-0007746,PKG-05,PROD-AS-200,2026-07-18,2026-07-18,2026-07-18,436,completed,,
PO-0007747,PKG-05,PROD-HS-100,2026-07-18,2026-07-18,2026-07-18,812,completed,,
PO-0007748,PKG-05,PROD-AS-200,2026-07-18,2026-07-18,2026-07-18,620,completed,,
PO-0007749,PKG-05,PROD-LB-400,2026-07-18,2026-07-18,2026-07-18,451,completed,,
PO-0007750,PKG-05,PROD-LB-400,2026-07-18,2026-07-18,2026-07-18,681,completed,,
PO-0007751,PKG-05,PROD-AS-200,2026-07-18,2026-07-18,2026-07-18,655,completed,,
PO-0007752,PKG-05,PROD-VD-500,2026-07-18,2026-07-18,2026-07-18,902,completed,,
PO-0007753,PKG-06,PROD-VD-500,2026-07-18,2026-07-18,2026-07-18,1030,completed,,
PO-0007754,PKG-06,PROD-DM-300,2026-07-18,2026-07-18,2026-07-18,666,completed,,
PO-0007755,PKG-06,PROD-DM-300,2026-07-18,2026-07-18,2026-07-18,1030,completed,,
PO-0007756,PKG-06,PROD-DM-300,2026-07-18,2026-07-18,2026-07-18,909,completed,,
PO-0007757,PKG-06,PROD-DM-300,2026-07-18,2026-07-18,2026-07-18,826,completed,,
PO-0007758,PKG-06,PROD-VD-500,2026-07-18,2026-07-18,2026-07-18,817,completed,,
PO-0007759,PKG-06,PROD-DM-300,2026-07-18,2026-07-18,2026-07-18,774,completed,,
PO-0007760,PKG-06,PROD-DM-300,2026-07-18,2026-07-18,2026-07-18,810,completed,,
PO-0007761,PKG-06,PROD-DM-300,2026-07-18,2026-07-18,2026-07-18,870,completed,,
PO-0007762,PKG-01,PROD-DM-300,2026-07-20,2026-07-20,2026-07-20,1458,completed,,
PO-0007763,PKG-01,PROD-DM-300,2026-07-20,2026-07-20,2026-07-20,1176,completed,,
PO-0007764,PKG-01,PROD-VD-500,2026-07-20,2026-07-20,2026-07-20,1456,completed,,
PO-0007765,PKG-01,PROD-DM-300,2026-07-20,2026-07-20,2026-07-20,1138,completed,,
PO-0007766,PKG-01,PROD-DM-300,2026-07-20,2026-07-20,2026-07-20,1035,completed,,
PO-0007767,PKG-01,PROD-DM-300,2026-07-20,2026-07-20,2026-07-20,790,completed,,
PO-0007768,PKG-01,PROD-DM-300,2026-07-20,2026-07-20,2026-07-20,954,completed,,
PO-0007769,PKG-01,PROD-DM-300,2026-07-20,2026-07-20,2026-07-20,1008,completed,,
PO-0007770,PKG-01,PROD-DM-300,2026-07-20,2026-07-20,2026-07-20,847,completed,,
PO-0007771,PKG-01,PROD-LB-400,2026-07-20,2026-07-20,2026-07-20,1262,completed,,
PO-0007772,PKG-01,PROD-DM-300,2026-07-20,2026-07-20,2026-07-20,1032,completed,,
PO-0007773,PKG-01,PROD-LB-400,2026-07-20,2026-07-20,2026-07-20,1314,completed,,
PO-0007774,PKG-01,PROD-DM-300,2026-07-20,2026-07-20,2026-07-20,1087,completed,,
PO-0007775,PKG-01,PROD-DM-300,2026-07-20,2026-07-20,2026-07-20,1072,completed,,
PO-0007776,PKG-01,PROD-HS-110,2026-07-20,2026-07-20,2026-07-20,1514,completed,,
PO-0007777,PKG-01,PROD-DM-300,2026-07-20,2026-07-20,2026-07-20,1079,completed,,
PO-0007778,PKG-01,PROD-DM-300,2026-07-20,2026-07-20,2026-07-20,874,completed,,
PO-0007779,PKG-01,PROD-HS-100,2026-07-20,2026-07-20,2026-07-20,1273,completed,,
PO-0007780,PKG-02,PROD-HS-110,2026-07-20,2026-07-20,2026-07-20,1117,completed,,
PO-0007781,PKG-02,PROD-AS-200,2026-07-20,2026-07-20,2026-07-20,694,completed,,
PO-0007782,PKG-02,PROD-HS-100,2026-07-20,2026-07-20,2026-07-20,850,completed,,
PO-0007783,PKG-02,PROD-HS-100,2026-07-20,2026-07-20,2026-07-20,1337,completed,,
PO-0007784,PKG-02,PROD-HS-110,2026-07-20,2026-07-20,2026-07-20,782,completed,,
PO-0007785,PKG-02,PROD-AS-200,2026-07-20,2026-07-20,2026-07-20,753,completed,,
PO-0007786,PKG-02,PROD-HS-100,2026-07-20,2026-07-20,2026-07-20,907,completed,,
PO-0007787,PKG-02,PROD-AS-200,2026-07-20,2026-07-20,2026-07-20,1286,completed,,
PO-0007788,PKG-02,PROD-HS-100,2026-07-20,2026-07-20,2026-07-20,1053,completed,,
PO-0007789,PKG-02,PROD-HS-100,2026-07-20,2026-07-20,2026-07-20,1465,completed,,
PO-0007790,PKG-02,PROD-AS-200,2026-07-20,2026-07-20,2026-07-20,1309,completed,,
PO-0007791,PKG-02,PROD-HS-110,2026-07-20,2026-07-20,2026-07-20,1167,completed,,
PO-0007792,PKG-02,PROD-LB-400,2026-07-20,2026-07-20,2026-07-20,725,completed,,
PO-0007793,PKG-02,PROD-HS-100,2026-07-20,2026-07-20,2026-07-20,830,completed,,
PO-0007794,PKG-02,PROD-HS-110,2026-07-20,2026-07-20,2026-07-20,647,completed,,
PO-0007795,PKG-03,PROD-HS-110,2026-07-20,2026-07-20,2026-07-20,622,completed,,
PO-0007796,PKG-03,PROD-AS-200,2026-07-20,2026-07-20,2026-07-20,1149,completed,,
PO-0007797,PKG-03,PROD-LB-400,2026-07-20,2026-07-20,2026-07-20,627,completed,,
PO-0007798,PKG-03,PROD-HS-100,2026-07-20,2026-07-20,2026-07-20,627,completed,,
PO-0007799,PKG-03,PROD-HS-100,2026-07-20,2026-07-20,2026-07-20,1030,completed,,
PO-0007800,PKG-03,PROD-LB-400,2026-07-20,2026-07-20,2026-07-20,1074,completed,,
PO-0007801,PKG-03,PROD-LB-400,2026-07-20,2026-07-20,2026-07-20,733,completed,,
PO-0007802,PKG-03,PROD-AS-200,2026-07-20,2026-07-20,2026-07-20,919,completed,,
PO-0007803,PKG-04,PROD-VD-500,2026-07-20,2026-07-20,2026-07-20,834,completed,,
PO-0007804,PKG-04,PROD-VD-500,2026-07-20,2026-07-20,2026-07-20,749,completed,,
PO-0007805,PKG-04,PROD-VD-500,2026-07-20,2026-07-20,2026-07-20,858,completed,,
PO-0007806,PKG-04,PROD-VD-500,2026-07-20,2026-07-20,2026-07-20,781,completed,,
PO-0007807,PKG-04,PROD-VD-500,2026-07-20,2026-07-20,2026-07-20,783,completed,,
PO-0007808,PKG-04,PROD-VD-500,2026-07-20,2026-07-20,2026-07-20,483,completed,,
PO-0007809,PKG-04,PROD-LB-400,2026-07-20,2026-07-20,2026-07-20,416,completed,,
PO-0007810,PKG-05,PROD-LB-400,2026-07-20,2026-07-20,2026-07-20,817,completed,,
PO-0007811,PKG-05,PROD-HS-110,2026-07-20,2026-07-20,2026-07-20,849,completed,,
PO-0007812,PKG-05,PROD-HS-110,2026-07-20,2026-07-20,2026-07-20,772,completed,,
PO-0007813,PKG-05,PROD-LB-400,2026-07-20,2026-07-20,2026-07-20,879,completed,,
PO-0007814,PKG-05,PROD-AS-200,2026-07-20,2026-07-20,2026-07-20,755,completed,,
PO-0007815,PKG-05,PROD-LB-400,2026-07-20,2026-07-20,2026-07-20,835,completed,,
PO-0007816,PKG-05,PROD-AS-200,2026-07-20,2026-07-20,2026-07-20,900,completed,,
PO-0007817,PKG-05,PROD-HS-100,2026-07-20,2026-07-20,2026-07-20,942,completed,,
PO-0007818,PKG-06,PROD-DM-300,2026-07-20,2026-07-20,2026-07-20,783,completed,,
PO-0007819,PKG-06,PROD-VD-500,2026-07-20,2026-07-20,2026-07-20,1073,completed,,
PO-0007820,PKG-06,PROD-VD-500,2026-07-20,2026-07-20,2026-07-20,639,completed,,
PO-0007821,PKG-06,PROD-VD-500,2026-07-20,2026-07-20,2026-07-20,983,completed,,
PO-0007822,PKG-06,PROD-DM-300,2026-07-20,2026-07-20,2026-07-20,937,completed,,
PO-0007823,PKG-06,PROD-AS-200,2026-07-20,2026-07-20,2026-07-20,642,completed,,
PO-0007824,PKG-06,PROD-VD-500,2026-07-20,2026-07-20,2026-07-20,611,completed,,
PO-0007825,PKG-06,PROD-DM-300,2026-07-20,2026-07-20,2026-07-20,1046,completed,,
PO-0007826,PKG-06,PROD-DM-300,2026-07-20,2026-07-20,2026-07-20,645,completed,,
PO-0007827,PKG-01,PROD-DM-300,2026-07-21,2026-07-21,2026-07-21,1334,completed,,
PO-0007828,PKG-01,PROD-DM-300,2026-07-21,2026-07-21,2026-07-21,1298,completed,,
PO-0007829,PKG-01,PROD-DM-300,2026-07-21,2026-07-21,2026-07-21,1305,completed,,
PO-0007830,PKG-01,PROD-HS-110,2026-07-21,2026-07-21,2026-07-21,1470,completed,,
PO-0007831,PKG-01,PROD-DM-300,2026-07-21,2026-07-21,2026-07-21,1365,completed,,
PO-0007832,PKG-01,PROD-DM-300,2026-07-21,2026-07-21,2026-07-21,1332,completed,,
PO-0007833,PKG-01,PROD-DM-300,2026-07-21,2026-07-21,2026-07-21,1509,completed,,
PO-0007834,PKG-01,PROD-AS-200,2026-07-21,2026-07-21,2026-07-21,903,completed,,
PO-0007835,PKG-01,PROD-DM-300,2026-07-21,2026-07-21,2026-07-21,1269,completed,,
PO-0007836,PKG-01,PROD-DM-300,2026-07-21,2026-07-21,2026-07-21,980,completed,,
PO-0007837,PKG-01,PROD-DM-300,2026-07-21,2026-07-21,2026-07-21,1114,completed,,
PO-0007838,PKG-01,PROD-VD-500,2026-07-21,2026-07-21,2026-07-21,1080,completed,,
PO-0007839,PKG-01,PROD-DM-300,2026-07-21,2026-07-21,2026-07-21,1324,completed,,
PO-0007840,PKG-01,PROD-VD-500,2026-07-21,2026-07-21,2026-07-21,671,completed,,
PO-0007841,PKG-01,PROD-DM-300,2026-07-21,2026-07-21,2026-07-21,769,completed,,
PO-0007842,PKG-01,PROD-VD-500,2026-07-21,2026-07-21,2026-07-21,729,completed,,
PO-0007843,PKG-01,PROD-DM-300,2026-07-21,2026-07-21,2026-07-21,764,completed,,
PO-0007844,PKG-01,PROD-DM-300,2026-07-21,2026-07-21,2026-07-21,1020,completed,,
PO-0007845,PKG-02,PROD-LB-400,2026-07-21,2026-07-21,2026-07-21,1360,completed,,
PO-0007846,PKG-02,PROD-HS-100,2026-07-21,2026-07-21,2026-07-21,1148,completed,,
PO-0007847,PKG-02,PROD-AS-200,2026-07-21,2026-07-21,2026-07-21,1355,completed,,
PO-0007848,PKG-02,PROD-HS-100,2026-07-21,2026-07-21,2026-07-21,940,completed,,
PO-0007849,PKG-02,PROD-HS-100,2026-07-21,2026-07-21,2026-07-21,983,completed,,
PO-0007850,PKG-02,PROD-HS-100,2026-07-21,2026-07-21,2026-07-21,651,completed,,
PO-0007851,PKG-02,PROD-HS-100,2026-07-21,2026-07-21,2026-07-21,1227,completed,,
PO-0007852,PKG-02,PROD-HS-100,2026-07-21,2026-07-21,2026-07-21,1303,completed,,
PO-0007853,PKG-02,PROD-HS-100,2026-07-21,2026-07-21,2026-07-21,1446,completed,,
PO-0007854,PKG-02,PROD-AS-200,2026-07-21,2026-07-21,2026-07-21,1467,completed,,
PO-0007855,PKG-02,PROD-HS-110,2026-07-21,2026-07-21,2026-07-21,782,completed,,
PO-0007856,PKG-02,PROD-VD-500,2026-07-21,2026-07-21,2026-07-21,736,completed,,
PO-0007857,PKG-02,PROD-HS-100,2026-07-21,2026-07-21,2026-07-21,1027,completed,,
PO-0007858,PKG-02,PROD-HS-100,2026-07-21,2026-07-21,2026-07-21,677,completed,,
PO-0007859,PKG-02,PROD-HS-100,2026-07-21,2026-07-21,2026-07-21,1037,completed,,
PO-0007860,PKG-03,PROD-AS-200,2026-07-21,2026-07-21,2026-07-21,674,completed,,
PO-0007861,PKG-03,PROD-HS-110,2026-07-21,2026-07-21,2026-07-21,703,completed,,
PO-0007862,PKG-03,PROD-LB-400,2026-07-21,2026-07-21,2026-07-21,1062,completed,,
PO-0007863,PKG-03,PROD-HS-100,2026-07-21,2026-07-21,2026-07-21,1227,completed,,
PO-0007864,PKG-03,PROD-HS-110,2026-07-21,2026-07-21,2026-07-21,691,completed,,
PO-0007865,PKG-03,PROD-LB-400,2026-07-21,2026-07-21,2026-07-21,1054,completed,,
PO-0007866,PKG-03,PROD-HS-100,2026-07-21,2026-07-21,2026-07-21,1208,completed,,
PO-0007867,PKG-03,PROD-AS-200,2026-07-21,2026-07-21,2026-07-21,571,completed,,
PO-0007868,PKG-04,PROD-VD-500,2026-07-21,2026-07-21,2026-07-21,572,completed,,
PO-0007869,PKG-04,PROD-VD-500,2026-07-21,2026-07-21,2026-07-21,831,completed,,
PO-0007870,PKG-04,PROD-VD-500,2026-07-21,2026-07-21,2026-07-21,712,completed,,
PO-0007871,PKG-04,PROD-VD-500,2026-07-21,2026-07-21,2026-07-21,565,completed,,
PO-0007872,PKG-04,PROD-HS-100,2026-07-21,2026-07-21,2026-07-21,420,completed,,
PO-0007873,PKG-04,PROD-VD-500,2026-07-21,2026-07-21,2026-07-21,421,completed,,
PO-0007874,PKG-04,PROD-VD-500,2026-07-21,2026-07-21,2026-07-21,567,completed,,
PO-0007875,PKG-05,PROD-HS-100,2026-07-21,2026-07-21,2026-07-21,676,completed,,
PO-0007876,PKG-05,PROD-LB-400,2026-07-21,2026-07-21,2026-07-21,908,completed,,
PO-0007877,PKG-05,PROD-AS-200,2026-07-21,2026-07-21,2026-07-21,485,completed,,
PO-0007878,PKG-05,PROD-HS-100,2026-07-21,2026-07-21,2026-07-21,908,completed,,
PO-0007879,PKG-05,PROD-LB-400,2026-07-21,2026-07-21,2026-07-21,751,completed,,
PO-0007880,PKG-05,PROD-HS-110,2026-07-21,2026-07-21,2026-07-21,750,completed,,
PO-0007881,PKG-05,PROD-HS-100,2026-07-21,2026-07-21,2026-07-21,478,completed,,
PO-0007882,PKG-05,PROD-AS-200,2026-07-21,2026-07-21,2026-07-21,732,completed,,
PO-0007883,PKG-06,PROD-DM-300,2026-07-21,2026-07-21,2026-07-21,725,completed,,
PO-0007884,PKG-06,PROD-DM-300,2026-07-21,2026-07-21,2026-07-21,985,completed,,
PO-0007885,PKG-06,PROD-DM-300,2026-07-21,2026-07-21,2026-07-21,1104,completed,,
PO-0007886,PKG-06,PROD-DM-300,2026-07-21,2026-07-21,2026-07-21,887,completed,,
PO-0007887,PKG-06,PROD-DM-300,2026-07-21,2026-07-21,2026-07-21,1026,completed,,
PO-0007888,PKG-06,PROD-DM-300,2026-07-21,2026-07-21,2026-07-21,1014,completed,,
PO-0007889,PKG-06,PROD-DM-300,2026-07-21,2026-07-21,2026-07-21,893,completed,,
PO-0007890,PKG-06,PROD-DM-300,2026-07-21,2026-07-21,2026-07-21,683,completed,,
PO-0007891,PKG-06,PROD-DM-300,2026-07-21,2026-07-21,2026-07-21,924,completed,,
PO-0007892,PKG-01,PROD-LB-400,2026-07-22,2026-07-22,2026-07-22,1275,completed,,
PO-0007893,PKG-01,PROD-DM-300,2026-07-22,2026-07-22,2026-07-22,1603,completed,,
PO-0007894,PKG-01,PROD-DM-300,2026-07-22,2026-07-22,2026-07-22,724,completed,,
PO-0007895,PKG-01,PROD-VD-500,2026-07-22,2026-07-22,2026-07-22,1021,completed,,
PO-0007896,PKG-01,PROD-DM-300,2026-07-22,2026-07-22,2026-07-22,760,completed,,
PO-0007897,PKG-01,PROD-DM-300,2026-07-22,2026-07-22,2026-07-22,1118,completed,,
PO-0007898,PKG-01,PROD-DM-300,2026-07-22,2026-07-22,2026-07-22,1350,completed,,
PO-0007899,PKG-01,PROD-LB-400,2026-07-22,2026-07-22,2026-07-22,988,completed,,
PO-0007900,PKG-01,PROD-VD-500,2026-07-22,2026-07-22,2026-07-22,1387,completed,,
PO-0007901,PKG-01,PROD-VD-500,2026-07-22,2026-07-22,2026-07-22,1121,completed,,
PO-0007902,PKG-01,PROD-DM-300,2026-07-22,2026-07-22,2026-07-22,1591,completed,,
PO-0007903,PKG-01,PROD-DM-300,2026-07-22,2026-07-22,2026-07-22,1527,completed,,
PO-0007904,PKG-01,PROD-DM-300,2026-07-22,2026-07-22,2026-07-22,995,completed,,
PO-0007905,PKG-01,PROD-DM-300,2026-07-22,2026-07-22,2026-07-22,1604,completed,,
PO-0007906,PKG-01,PROD-VD-500,2026-07-22,2026-07-22,2026-07-22,1498,completed,,
PO-0007907,PKG-01,PROD-VD-500,2026-07-22,2026-07-22,2026-07-22,697,completed,,
PO-0007908,PKG-01,PROD-LB-400,2026-07-22,2026-07-22,2026-07-22,1436,completed,,
PO-0007909,PKG-02,PROD-HS-100,2026-07-22,2026-07-22,2026-07-22,1042,completed,,
PO-0007910,PKG-02,PROD-AS-200,2026-07-22,2026-07-22,2026-07-22,1137,completed,,
PO-0007911,PKG-02,PROD-HS-100,2026-07-22,2026-07-22,2026-07-22,1459,completed,,
PO-0007912,PKG-02,PROD-HS-100,2026-07-22,2026-07-22,2026-07-22,1064,completed,,
PO-0007913,PKG-02,PROD-HS-100,2026-07-22,2026-07-22,2026-07-22,1098,completed,,
PO-0007914,PKG-02,PROD-LB-400,2026-07-22,2026-07-22,2026-07-22,1319,completed,,
PO-0007915,PKG-02,PROD-HS-100,2026-07-22,2026-07-22,2026-07-22,792,completed,,
PO-0007916,PKG-02,PROD-HS-100,2026-07-22,2026-07-22,2026-07-22,1055,completed,,
PO-0007917,PKG-02,PROD-VD-500,2026-07-22,2026-07-22,2026-07-22,1395,completed,,
PO-0007918,PKG-02,PROD-HS-100,2026-07-22,2026-07-22,2026-07-22,1340,completed,,
PO-0007919,PKG-02,PROD-HS-100,2026-07-22,2026-07-22,2026-07-22,1431,completed,,
PO-0007920,PKG-02,PROD-HS-100,2026-07-22,2026-07-22,2026-07-22,1085,completed,,
PO-0007921,PKG-02,PROD-AS-200,2026-07-22,2026-07-22,2026-07-22,1103,completed,,
PO-0007922,PKG-02,PROD-HS-100,2026-07-22,2026-07-22,2026-07-22,1283,completed,,
PO-0007923,PKG-02,PROD-LB-400,2026-07-22,2026-07-22,2026-07-22,766,completed,,
PO-0007924,PKG-03,PROD-HS-100,2026-07-22,2026-07-22,2026-07-22,679,completed,,
PO-0007925,PKG-03,PROD-AS-200,2026-07-22,2026-07-22,2026-07-22,690,completed,,
PO-0007926,PKG-03,PROD-HS-110,2026-07-22,2026-07-22,2026-07-22,502,completed,,
PO-0007927,PKG-03,PROD-LB-400,2026-07-22,2026-07-22,2026-07-22,1032,completed,,
PO-0007928,PKG-03,PROD-HS-110,2026-07-22,2026-07-22,2026-07-22,784,completed,,
PO-0007929,PKG-03,PROD-AS-200,2026-07-22,2026-07-22,2026-07-22,978,completed,,
PO-0007930,PKG-03,PROD-LB-400,2026-07-22,2026-07-22,2026-07-22,537,completed,,
PO-0007931,PKG-03,PROD-LB-400,2026-07-22,2026-07-22,2026-07-22,655,completed,,
PO-0007932,PKG-03,PROD-HS-110,2026-07-22,2026-07-22,2026-07-22,779,completed,,
PO-0007933,PKG-04,PROD-VD-500,2026-07-22,2026-07-22,2026-07-22,592,completed,,
PO-0007934,PKG-04,PROD-VD-500,2026-07-22,2026-07-22,2026-07-22,521,completed,,
PO-0007935,PKG-04,PROD-VD-500,2026-07-22,2026-07-22,2026-07-22,647,completed,,
PO-0007936,PKG-04,PROD-AS-200,2026-07-22,2026-07-22,2026-07-22,694,completed,,
PO-0007937,PKG-04,PROD-AS-200,2026-07-22,2026-07-22,2026-07-22,435,completed,,
PO-0007938,PKG-04,PROD-VD-500,2026-07-22,2026-07-22,2026-07-22,570,completed,,
PO-0007939,PKG-04,PROD-VD-500,2026-07-22,2026-07-22,2026-07-22,800,completed,,
PO-0007940,PKG-05,PROD-AS-200,2026-07-22,2026-07-22,2026-07-22,659,completed,,
PO-0007941,PKG-05,PROD-HS-100,2026-07-22,2026-07-22,2026-07-22,594,completed,,
PO-0007942,PKG-05,PROD-AS-200,2026-07-22,2026-07-22,2026-07-22,428,completed,,
PO-0007943,PKG-05,PROD-HS-110,2026-07-22,2026-07-22,2026-07-22,468,completed,,
PO-0007944,PKG-05,PROD-LB-400,2026-07-22,2026-07-22,2026-07-22,596,completed,,
PO-0007945,PKG-05,PROD-AS-200,2026-07-22,2026-07-22,2026-07-22,732,completed,,
PO-0007946,PKG-05,PROD-HS-110,2026-07-22,2026-07-22,2026-07-22,780,completed,,
PO-0007947,PKG-05,PROD-LB-400,2026-07-22,2026-07-22,2026-07-22,590,completed,,
PO-0007948,PKG-06,PROD-DM-300,2026-07-22,2026-07-22,2026-07-22,644,completed,,
PO-0007949,PKG-06,PROD-DM-300,2026-07-22,2026-07-22,2026-07-22,786,completed,,
PO-0007950,PKG-06,PROD-DM-300,2026-07-22,2026-07-22,2026-07-22,1120,completed,,
PO-0007951,PKG-06,PROD-DM-300,2026-07-22,2026-07-22,2026-07-22,1105,completed,,
PO-0007952,PKG-06,PROD-DM-300,2026-07-22,2026-07-22,2026-07-22,640,completed,,
PO-0007953,PKG-06,PROD-DM-300,2026-07-22,2026-07-22,2026-07-22,617,completed,,
PO-0007954,PKG-06,PROD-DM-300,2026-07-22,2026-07-22,2026-07-22,724,completed,,
PO-0007955,PKG-06,PROD-AS-200,2026-07-22,2026-07-22,2026-07-22,818,completed,,
PO-0007956,PKG-06,PROD-DM-300,2026-07-22,2026-07-22,2026-07-22,810,completed,,
PO-0007957,PKG-01,PROD-DM-300,2026-07-23,2026-07-23,2026-07-23,1161,completed,,
PO-0007958,PKG-01,PROD-DM-300,2026-07-23,2026-07-23,2026-07-23,815,completed,,
PO-0007959,PKG-01,PROD-DM-300,2026-07-23,2026-07-23,2026-07-23,967,completed,,
PO-0007960,PKG-01,PROD-DM-300,2026-07-23,2026-07-23,2026-07-23,915,completed,,
PO-0007961,PKG-01,PROD-AS-200,2026-07-23,2026-07-23,2026-07-23,719,completed,,
PO-0007962,PKG-01,PROD-DM-300,2026-07-23,2026-07-23,2026-07-23,1604,completed,,
PO-0007963,PKG-01,PROD-LB-400,2026-07-23,2026-07-23,2026-07-23,745,completed,,
PO-0007964,PKG-01,PROD-DM-300,2026-07-23,2026-07-23,2026-07-23,1326,completed,,
PO-0007965,PKG-01,PROD-VD-500,2026-07-23,2026-07-23,2026-07-23,1568,completed,,
PO-0007966,PKG-01,PROD-DM-300,2026-07-23,2026-07-23,2026-07-23,1494,completed,,
PO-0007967,PKG-01,PROD-DM-300,2026-07-23,2026-07-23,2026-07-23,992,completed,,
PO-0007968,PKG-01,PROD-DM-300,2026-07-23,2026-07-23,2026-07-23,1417,completed,,
PO-0007969,PKG-01,PROD-DM-300,2026-07-23,2026-07-23,2026-07-23,1578,completed,,
PO-0007970,PKG-01,PROD-VD-500,2026-07-23,2026-07-23,2026-07-23,1388,completed,,
PO-0007971,PKG-01,PROD-DM-300,2026-07-23,2026-07-23,2026-07-23,1323,completed,,
PO-0007972,PKG-01,PROD-HS-110,2026-07-23,2026-07-23,2026-07-23,1168,completed,,
PO-0007973,PKG-01,PROD-HS-110,2026-07-23,2026-07-23,2026-07-23,884,completed,,
PO-0007974,PKG-02,PROD-HS-100,2026-07-23,2026-07-23,2026-07-23,743,completed,,
PO-0007975,PKG-02,PROD-HS-110,2026-07-23,2026-07-23,2026-07-23,1014,completed,,
PO-0007976,PKG-02,PROD-HS-100,2026-07-23,2026-07-23,2026-07-23,1374,completed,,
PO-0007977,PKG-02,PROD-HS-100,2026-07-23,2026-07-23,2026-07-23,727,completed,,
PO-0007978,PKG-02,PROD-LB-400,2026-07-23,2026-07-23,2026-07-23,1399,completed,,
PO-0007979,PKG-02,PROD-HS-110,2026-07-23,2026-07-23,2026-07-23,692,completed,,
PO-0007980,PKG-02,PROD-HS-100,2026-07-23,2026-07-23,2026-07-23,1140,completed,,
PO-0007981,PKG-02,PROD-HS-100,2026-07-23,2026-07-23,2026-07-23,1021,completed,,
PO-0007982,PKG-02,PROD-HS-100,2026-07-23,2026-07-23,2026-07-23,823,completed,,
PO-0007983,PKG-02,PROD-HS-100,2026-07-23,2026-07-23,2026-07-23,658,completed,,
PO-0007984,PKG-02,PROD-HS-100,2026-07-23,2026-07-23,2026-07-23,680,completed,,
PO-0007985,PKG-02,PROD-HS-100,2026-07-23,2026-07-23,2026-07-23,787,completed,,
PO-0007986,PKG-02,PROD-HS-100,2026-07-23,2026-07-23,2026-07-23,705,completed,,
PO-0007987,PKG-02,PROD-AS-200,2026-07-23,2026-07-23,2026-07-23,1000,completed,,
PO-0007988,PKG-02,PROD-AS-200,2026-07-23,2026-07-23,2026-07-23,870,completed,,
PO-0007989,PKG-03,PROD-HS-110,2026-07-23,2026-07-23,2026-07-23,508,completed,,
PO-0007990,PKG-03,PROD-AS-200,2026-07-23,2026-07-23,2026-07-23,1062,completed,,
PO-0007991,PKG-03,PROD-HS-110,2026-07-23,2026-07-23,2026-07-23,740,completed,,
PO-0007992,PKG-03,PROD-HS-100,2026-07-23,2026-07-23,2026-07-23,566,completed,,
PO-0007993,PKG-03,PROD-HS-100,2026-07-23,2026-07-23,2026-07-23,678,completed,,
PO-0007994,PKG-03,PROD-AS-200,2026-07-23,2026-07-23,2026-07-23,1026,completed,,
PO-0007995,PKG-03,PROD-HS-110,2026-07-23,2026-07-23,2026-07-23,818,completed,,
PO-0007996,PKG-03,PROD-LB-400,2026-07-23,2026-07-23,2026-07-23,1066,completed,,
PO-0007997,PKG-03,PROD-VD-500,2026-07-23,2026-07-23,2026-07-23,626,completed,,
PO-0007998,PKG-04,PROD-VD-500,2026-07-23,2026-07-23,2026-07-23,840,completed,,
PO-0007999,PKG-04,PROD-VD-500,2026-07-23,2026-07-23,2026-07-23,684,completed,,
PO-0008000,PKG-04,PROD-VD-500,2026-07-23,2026-07-23,2026-07-23,775,completed,,
PO-0008001,PKG-04,PROD-VD-500,2026-07-23,2026-07-23,2026-07-23,506,completed,,
PO-0008002,PKG-04,PROD-VD-500,2026-07-23,2026-07-23,2026-07-23,707,completed,,
PO-0008003,PKG-04,PROD-VD-500,2026-07-23,2026-07-23,2026-07-23,860,completed,,
PO-0008004,PKG-04,PROD-VD-500,2026-07-23,2026-07-23,2026-07-23,850,completed,,
PO-0008005,PKG-05,PROD-AS-200,2026-07-23,2026-07-23,2026-07-23,817,completed,,
PO-0008006,PKG-05,PROD-LB-400,2026-07-23,2026-07-23,2026-07-23,547,completed,,
PO-0008007,PKG-05,PROD-LB-400,2026-07-23,2026-07-23,2026-07-23,908,completed,,
PO-0008008,PKG-05,PROD-AS-200,2026-07-23,2026-07-23,2026-07-23,964,completed,,
PO-0008009,PKG-05,PROD-HS-100,2026-07-23,2026-07-23,2026-07-23,747,completed,,
PO-0008010,PKG-05,PROD-HS-110,2026-07-23,2026-07-23,2026-07-23,765,completed,,
PO-0008011,PKG-05,PROD-HS-110,2026-07-23,2026-07-23,2026-07-23,663,completed,,
PO-0008012,PKG-05,PROD-VD-500,2026-07-23,2026-07-23,2026-07-23,500,completed,,
PO-0008013,PKG-06,PROD-DM-300,2026-07-23,2026-07-23,2026-07-23,1055,completed,,
PO-0008014,PKG-06,PROD-DM-300,2026-07-23,2026-07-23,2026-07-23,587,completed,,
PO-0008015,PKG-06,PROD-AS-200,2026-07-23,2026-07-23,2026-07-23,721,completed,,
PO-0008016,PKG-06,PROD-HS-100,2026-07-23,2026-07-23,2026-07-23,842,completed,,
PO-0008017,PKG-06,PROD-HS-110,2026-07-23,2026-07-23,2026-07-23,528,completed,,
PO-0008018,PKG-06,PROD-DM-300,2026-07-23,2026-07-23,2026-07-23,551,completed,,
PO-0008019,PKG-06,PROD-DM-300,2026-07-23,2026-07-23,2026-07-23,1130,completed,,
PO-0008020,PKG-06,PROD-DM-300,2026-07-23,2026-07-23,2026-07-23,668,completed,,
PO-0008021,PKG-06,PROD-DM-300,2026-07-23,2026-07-23,2026-07-23,1011,completed,,
PO-0008022,PKG-01,PROD-HS-110,2026-07-24,2026-07-24,2026-07-24,1396,completed,,
PO-0008023,PKG-01,PROD-HS-100,2026-07-24,2026-07-24,2026-07-24,860,completed,,
PO-0008024,PKG-01,PROD-DM-300,2026-07-24,2026-07-24,2026-07-24,1123,completed,,
PO-0008025,PKG-01,PROD-DM-300,2026-07-24,2026-07-24,2026-07-24,882,completed,,
PO-0008026,PKG-01,PROD-DM-300,2026-07-24,2026-07-24,2026-07-24,1466,completed,,
PO-0008027,PKG-01,PROD-LB-400,2026-07-24,2026-07-24,2026-07-24,919,completed,,
PO-0008028,PKG-01,PROD-DM-300,2026-07-24,2026-07-24,2026-07-24,1341,completed,,
PO-0008029,PKG-01,PROD-DM-300,2026-07-24,2026-07-24,2026-07-24,1328,completed,,
PO-0008030,PKG-01,PROD-DM-300,2026-07-24,2026-07-24,2026-07-24,971,completed,,
PO-0008031,PKG-01,PROD-DM-300,2026-07-24,2026-07-24,2026-07-24,819,completed,,
PO-0008032,PKG-01,PROD-DM-300,2026-07-24,2026-07-24,2026-07-24,790,completed,,
PO-0008033,PKG-01,PROD-DM-300,2026-07-24,2026-07-24,2026-07-24,1065,completed,,
PO-0008034,PKG-01,PROD-AS-200,2026-07-24,2026-07-24,2026-07-24,1032,completed,,
PO-0008035,PKG-01,PROD-DM-300,2026-07-24,2026-07-24,2026-07-24,819,completed,,
PO-0008036,PKG-01,PROD-LB-400,2026-07-24,2026-07-24,2026-07-24,1241,completed,,
PO-0008037,PKG-01,PROD-DM-300,2026-07-24,2026-07-24,2026-07-24,1299,completed,,
PO-0008038,PKG-01,PROD-DM-300,2026-07-24,2026-07-24,2026-07-24,1262,completed,,
PO-0008039,PKG-02,PROD-LB-400,2026-07-24,2026-07-24,2026-07-24,1391,completed,,
PO-0008040,PKG-02,PROD-HS-100,2026-07-24,2026-07-24,2026-07-24,788,completed,,
PO-0008041,PKG-02,PROD-HS-100,2026-07-24,2026-07-24,2026-07-24,739,completed,,
PO-0008042,PKG-02,PROD-AS-200,2026-07-24,2026-07-24,2026-07-24,952,completed,,
PO-0008043,PKG-02,PROD-HS-100,2026-07-24,2026-07-24,2026-07-24,851,completed,,
PO-0008044,PKG-02,PROD-HS-100,2026-07-24,2026-07-24,2026-07-24,1078,completed,,
PO-0008045,PKG-02,PROD-HS-100,2026-07-24,2026-07-24,2026-07-24,1274,completed,,
PO-0008046,PKG-02,PROD-VD-500,2026-07-24,2026-07-24,2026-07-24,1276,completed,,
PO-0008047,PKG-02,PROD-LB-400,2026-07-24,2026-07-24,2026-07-24,1214,completed,,
PO-0008048,PKG-02,PROD-HS-100,2026-07-24,2026-07-24,2026-07-24,789,completed,,
PO-0008049,PKG-02,PROD-HS-100,2026-07-24,2026-07-24,2026-07-24,1201,completed,,
PO-0008050,PKG-02,PROD-HS-100,2026-07-24,2026-07-24,2026-07-24,966,completed,,
PO-0008051,PKG-02,PROD-HS-100,2026-07-24,2026-07-24,2026-07-24,1409,completed,,
PO-0008052,PKG-02,PROD-HS-110,2026-07-24,2026-07-24,2026-07-24,925,completed,,
PO-0008053,PKG-02,PROD-HS-100,2026-07-24,2026-07-24,2026-07-24,1307,completed,,
PO-0008054,PKG-03,PROD-AS-200,2026-07-24,2026-07-24,2026-07-24,1052,completed,,
PO-0008055,PKG-03,PROD-LB-400,2026-07-24,2026-07-24,2026-07-24,969,completed,,
PO-0008056,PKG-03,PROD-VD-500,2026-07-24,2026-07-24,2026-07-24,705,completed,,
PO-0008057,PKG-03,PROD-HS-110,2026-07-24,2026-07-24,2026-07-24,769,completed,,
PO-0008058,PKG-03,PROD-HS-110,2026-07-24,2026-07-24,2026-07-24,574,completed,,
PO-0008059,PKG-03,PROD-AS-200,2026-07-24,2026-07-24,2026-07-24,904,completed,,
PO-0008060,PKG-03,PROD-HS-100,2026-07-24,2026-07-24,2026-07-24,1081,completed,,
PO-0008061,PKG-03,PROD-AS-200,2026-07-24,2026-07-24,2026-07-24,727,completed,,
PO-0008062,PKG-04,PROD-VD-500,2026-07-24,2026-07-24,2026-07-24,876,completed,,
PO-0008063,PKG-04,PROD-VD-500,2026-07-24,2026-07-24,2026-07-24,769,completed,,
PO-0008064,PKG-04,PROD-VD-500,2026-07-24,2026-07-24,2026-07-24,546,completed,,
PO-0008065,PKG-04,PROD-DM-300,2026-07-24,2026-07-24,2026-07-24,818,completed,,
PO-0008066,PKG-04,PROD-VD-500,2026-07-24,2026-07-24,2026-07-24,792,completed,,
PO-0008067,PKG-04,PROD-VD-500,2026-07-24,2026-07-24,2026-07-24,404,completed,,
PO-0008068,PKG-04,PROD-VD-500,2026-07-24,2026-07-24,2026-07-24,520,completed,,
PO-0008069,PKG-05,PROD-HS-100,2026-07-24,2026-07-24,2026-07-24,500,completed,,
PO-0008070,PKG-05,PROD-HS-100,2026-07-24,2026-07-24,2026-07-24,817,completed,,
PO-0008071,PKG-05,PROD-HS-100,2026-07-24,2026-07-24,2026-07-24,419,completed,,
PO-0008072,PKG-05,PROD-HS-110,2026-07-24,2026-07-24,2026-07-24,621,completed,,
PO-0008073,PKG-05,PROD-VD-500,2026-07-24,2026-07-24,2026-07-24,777,completed,,
PO-0008074,PKG-05,PROD-AS-200,2026-07-24,2026-07-24,2026-07-24,704,completed,,
PO-0008075,PKG-05,PROD-HS-100,2026-07-24,2026-07-24,2026-07-24,682,completed,,
PO-0008076,PKG-05,PROD-LB-400,2026-07-24,2026-07-24,2026-07-24,937,completed,,
PO-0008077,PKG-06,PROD-DM-300,2026-07-24,2026-07-24,2026-07-24,1065,completed,,
PO-0008078,PKG-06,PROD-VD-500,2026-07-24,2026-07-24,2026-07-24,601,completed,,
PO-0008079,PKG-06,PROD-DM-300,2026-07-24,2026-07-24,2026-07-24,741,completed,,
PO-0008080,PKG-06,PROD-DM-300,2026-07-24,2026-07-24,2026-07-24,974,completed,,
PO-0008081,PKG-06,PROD-LB-400,2026-07-24,2026-07-24,2026-07-24,1132,completed,,
PO-0008082,PKG-06,PROD-DM-300,2026-07-24,2026-07-24,2026-07-24,1140,completed,,
PO-0008083,PKG-06,PROD-DM-300,2026-07-24,2026-07-24,2026-07-24,923,completed,,
PO-0008084,PKG-06,PROD-LB-400,2026-07-24,2026-07-24,2026-07-24,714,completed,,
PO-0008085,PKG-06,PROD-DM-300,2026-07-24,2026-07-24,2026-07-24,833,completed,,
PO-0008086,PKG-01,PROD-DM-300,2026-07-25,2026-07-25,2026-07-25,1242,completed,,
PO-0008087,PKG-01,PROD-DM-300,2026-07-25,2026-07-25,2026-07-25,732,completed,,
PO-0008088,PKG-01,PROD-DM-300,2026-07-25,2026-07-25,2026-07-25,1533,completed,,
PO-0008089,PKG-01,PROD-DM-300,2026-07-25,2026-07-25,2026-07-25,1330,completed,,
PO-0008090,PKG-01,PROD-DM-300,2026-07-25,2026-07-25,2026-07-25,1172,completed,,
PO-0008091,PKG-01,PROD-AS-200,2026-07-25,2026-07-25,2026-07-25,1514,completed,,
PO-0008092,PKG-01,PROD-DM-300,2026-07-25,2026-07-25,2026-07-25,955,completed,,
PO-0008093,PKG-01,PROD-DM-300,2026-07-25,2026-07-25,2026-07-25,1338,completed,,
PO-0008094,PKG-01,PROD-DM-300,2026-07-25,2026-07-25,2026-07-25,1487,completed,,
PO-0008095,PKG-01,PROD-DM-300,2026-07-25,2026-07-25,2026-07-25,709,completed,,
PO-0008096,PKG-01,PROD-DM-300,2026-07-25,2026-07-25,2026-07-25,1266,completed,,
PO-0008097,PKG-01,PROD-DM-300,2026-07-25,2026-07-25,2026-07-25,1304,completed,,
PO-0008098,PKG-01,PROD-DM-300,2026-07-25,2026-07-25,2026-07-25,891,completed,,
PO-0008099,PKG-01,PROD-DM-300,2026-07-25,2026-07-25,2026-07-25,1482,completed,,
PO-0008100,PKG-01,PROD-VD-500,2026-07-25,2026-07-25,2026-07-25,1432,completed,,
PO-0008101,PKG-01,PROD-DM-300,2026-07-25,2026-07-25,2026-07-25,1585,completed,,
PO-0008102,PKG-01,PROD-DM-300,2026-07-25,2026-07-25,2026-07-25,1063,completed,,
PO-0008103,PKG-02,PROD-HS-100,2026-07-25,2026-07-25,2026-07-25,1047,completed,,
PO-0008104,PKG-02,PROD-HS-100,2026-07-25,2026-07-25,2026-07-25,874,completed,,
PO-0008105,PKG-02,PROD-HS-100,2026-07-25,2026-07-25,2026-07-25,1252,completed,,
PO-0008106,PKG-02,PROD-AS-200,2026-07-25,2026-07-25,2026-07-25,1376,completed,,
PO-0008107,PKG-02,PROD-HS-100,2026-07-25,2026-07-25,2026-07-25,1452,completed,,
PO-0008108,PKG-02,PROD-VD-500,2026-07-25,2026-07-25,2026-07-25,845,completed,,
PO-0008109,PKG-02,PROD-HS-100,2026-07-25,2026-07-25,2026-07-25,830,completed,,
PO-0008110,PKG-02,PROD-AS-200,2026-07-25,2026-07-25,2026-07-25,1262,completed,,
PO-0008111,PKG-02,PROD-HS-100,2026-07-25,2026-07-25,2026-07-25,777,completed,,
PO-0008112,PKG-02,PROD-LB-400,2026-07-25,2026-07-25,2026-07-25,1460,completed,,
PO-0008113,PKG-02,PROD-HS-110,2026-07-25,2026-07-25,2026-07-25,790,completed,,
PO-0008114,PKG-02,PROD-AS-200,2026-07-25,2026-07-25,2026-07-25,1114,completed,,
PO-0008115,PKG-02,PROD-HS-100,2026-07-25,2026-07-25,2026-07-25,1439,completed,,
PO-0008116,PKG-02,PROD-HS-100,2026-07-25,2026-07-25,2026-07-25,647,completed,,
PO-0008117,PKG-02,PROD-LB-400,2026-07-25,2026-07-25,2026-07-25,758,completed,,
PO-0008118,PKG-03,PROD-HS-110,2026-07-25,2026-07-25,2026-07-25,871,completed,,
PO-0008119,PKG-03,PROD-AS-200,2026-07-25,2026-07-25,2026-07-25,727,completed,,
PO-0008120,PKG-03,PROD-LB-400,2026-07-25,2026-07-25,2026-07-25,916,completed,,
PO-0008121,PKG-03,PROD-LB-400,2026-07-25,2026-07-25,2026-07-25,1095,completed,,
PO-0008122,PKG-03,PROD-HS-100,2026-07-25,2026-07-25,2026-07-25,852,completed,,
PO-0008123,PKG-03,PROD-HS-100,2026-07-25,2026-07-25,2026-07-25,1236,completed,,
PO-0008124,PKG-03,PROD-HS-100,2026-07-25,2026-07-25,2026-07-25,1131,completed,,
PO-0008125,PKG-03,PROD-HS-110,2026-07-25,2026-07-25,2026-07-25,568,completed,,
PO-0008126,PKG-04,PROD-VD-500,2026-07-25,2026-07-25,2026-07-25,413,completed,,
PO-0008127,PKG-04,PROD-VD-500,2026-07-25,2026-07-25,2026-07-25,665,completed,,
PO-0008128,PKG-04,PROD-VD-500,2026-07-25,2026-07-25,2026-07-25,468,completed,,
PO-0008129,PKG-04,PROD-VD-500,2026-07-25,2026-07-25,2026-07-25,712,completed,,
PO-0008130,PKG-04,PROD-VD-500,2026-07-25,2026-07-25,2026-07-25,673,completed,,
PO-0008131,PKG-04,PROD-VD-500,2026-07-25,2026-07-25,2026-07-25,875,completed,,
PO-0008132,PKG-04,PROD-HS-100,2026-07-25,2026-07-25,2026-07-25,831,completed,,
PO-0008133,PKG-05,PROD-LB-400,2026-07-25,2026-07-25,2026-07-25,619,completed,,
PO-0008134,PKG-05,PROD-AS-200,2026-07-25,2026-07-25,2026-07-25,913,completed,,
PO-0008135,PKG-05,PROD-LB-400,2026-07-25,2026-07-25,2026-07-25,516,completed,,
PO-0008136,PKG-05,PROD-AS-200,2026-07-25,2026-07-25,2026-07-25,836,completed,,
PO-0008137,PKG-05,PROD-AS-200,2026-07-25,2026-07-25,2026-07-25,673,completed,,
PO-0008138,PKG-05,PROD-HS-110,2026-07-25,2026-07-25,2026-07-25,766,completed,,
PO-0008139,PKG-05,PROD-HS-100,2026-07-25,2026-07-25,2026-07-25,618,completed,,
PO-0008140,PKG-05,PROD-DM-300,2026-07-25,2026-07-25,2026-07-25,827,completed,,
PO-0008141,PKG-06,PROD-HS-110,2026-07-25,2026-07-25,2026-07-25,1072,completed,,
PO-0008142,PKG-06,PROD-DM-300,2026-07-25,2026-07-25,2026-07-25,808,completed,,
PO-0008143,PKG-06,PROD-VD-500,2026-07-25,2026-07-25,2026-07-25,1004,completed,,
PO-0008144,PKG-06,PROD-LB-400,2026-07-25,2026-07-25,2026-07-25,565,completed,,
PO-0008145,PKG-06,PROD-DM-300,2026-07-25,2026-07-25,2026-07-25,1064,completed,,
PO-0008146,PKG-06,PROD-DM-300,2026-07-25,2026-07-25,2026-07-25,1052,completed,,
PO-0008147,PKG-06,PROD-DM-300,2026-07-25,2026-07-25,2026-07-25,696,completed,,
PO-0008148,PKG-06,PROD-DM-300,2026-07-25,2026-07-25,2026-07-25,638,completed,,
PO-0008149,PKG-06,PROD-DM-300,2026-07-25,2026-07-25,2026-07-25,698,completed,,
PO-0008150,PKG-01,PROD-HS-110,2026-07-27,2026-07-27,2026-07-27,1372,completed,,
PO-0008151,PKG-01,PROD-DM-300,2026-07-27,2026-07-27,2026-07-27,1010,completed,,
PO-0008152,PKG-01,PROD-DM-300,2026-07-27,2026-07-27,2026-07-27,1376,completed,,
PO-0008153,PKG-01,PROD-VD-500,2026-07-27,2026-07-27,2026-07-27,950,completed,,
PO-0008154,PKG-01,PROD-DM-300,2026-07-27,2026-07-27,2026-07-27,823,completed,,
PO-0008155,PKG-01,PROD-DM-300,2026-07-27,2026-07-27,2026-07-27,1364,completed,,
PO-0008156,PKG-01,PROD-LB-400,2026-07-27,2026-07-27,2026-07-27,1102,completed,,
PO-0008157,PKG-01,PROD-VD-500,2026-07-27,2026-07-27,2026-07-27,1498,completed,,
PO-0008158,PKG-01,PROD-DM-300,2026-07-27,2026-07-27,2026-07-27,1397,completed,,
PO-0008159,PKG-01,PROD-DM-300,2026-07-27,2026-07-27,2026-07-27,1401,completed,,
PO-0008160,PKG-01,PROD-DM-300,2026-07-27,2026-07-27,2026-07-27,735,completed,,
PO-0008161,PKG-01,PROD-HS-100,2026-07-27,2026-07-27,2026-07-27,1442,completed,,
PO-0008162,PKG-01,PROD-HS-100,2026-07-27,2026-07-27,2026-07-27,1202,completed,,
PO-0008163,PKG-01,PROD-DM-300,2026-07-27,2026-07-27,2026-07-27,1356,completed,,
PO-0008164,PKG-01,PROD-DM-300,2026-07-27,2026-07-27,2026-07-27,1213,completed,,
PO-0008165,PKG-01,PROD-DM-300,2026-07-27,2026-07-27,2026-07-27,961,completed,,
PO-0008166,PKG-01,PROD-HS-100,2026-07-27,2026-07-27,2026-07-27,1477,completed,,
PO-0008167,PKG-02,PROD-HS-100,2026-07-27,2026-07-27,2026-07-27,1028,completed,,
PO-0008168,PKG-02,PROD-HS-100,2026-07-27,2026-07-27,2026-07-27,919,completed,,
PO-0008169,PKG-02,PROD-HS-100,2026-07-27,2026-07-27,2026-07-27,811,completed,,
PO-0008170,PKG-02,PROD-HS-100,2026-07-27,2026-07-27,2026-07-27,828,completed,,
PO-0008171,PKG-02,PROD-AS-200,2026-07-27,2026-07-27,2026-07-27,1231,completed,,
PO-0008172,PKG-02,PROD-HS-100,2026-07-27,2026-07-27,2026-07-27,1276,completed,,
PO-0008173,PKG-02,PROD-HS-100,2026-07-27,2026-07-27,2026-07-27,923,completed,,
PO-0008174,PKG-02,PROD-LB-400,2026-07-27,2026-07-27,2026-07-27,749,completed,,
PO-0008175,PKG-02,PROD-DM-300,2026-07-27,2026-07-27,2026-07-27,940,completed,,
PO-0008176,PKG-02,PROD-HS-100,2026-07-27,2026-07-27,2026-07-27,1031,completed,,
PO-0008177,PKG-02,PROD-LB-400,2026-07-27,2026-07-27,2026-07-27,917,completed,,
PO-0008178,PKG-02,PROD-HS-100,2026-07-27,2026-07-27,2026-07-27,765,completed,,
PO-0008179,PKG-02,PROD-HS-100,2026-07-27,2026-07-27,2026-07-27,992,completed,,
PO-0008180,PKG-02,PROD-HS-100,2026-07-27,2026-07-27,2026-07-27,1136,completed,,
PO-0008181,PKG-02,PROD-AS-200,2026-07-27,2026-07-27,2026-07-27,910,completed,,
PO-0008182,PKG-03,PROD-AS-200,2026-07-27,2026-07-27,2026-07-27,541,completed,,
PO-0008183,PKG-03,PROD-AS-200,2026-07-27,2026-07-27,2026-07-27,1176,completed,,
PO-0008184,PKG-03,PROD-HS-100,2026-07-27,2026-07-27,2026-07-27,630,completed,,
PO-0008185,PKG-03,PROD-HS-100,2026-07-27,2026-07-27,2026-07-27,1019,completed,,
PO-0008186,PKG-03,PROD-HS-100,2026-07-27,2026-07-27,2026-07-27,787,completed,,
PO-0008187,PKG-03,PROD-HS-110,2026-07-27,2026-07-27,2026-07-27,1141,completed,,
PO-0008188,PKG-03,PROD-LB-400,2026-07-27,2026-07-27,2026-07-27,615,completed,,
PO-0008189,PKG-03,PROD-AS-200,2026-07-27,2026-07-27,2026-07-27,1066,completed,,
PO-0008190,PKG-04,PROD-VD-500,2026-07-27,2026-07-27,2026-07-27,759,completed,,
PO-0008191,PKG-04,PROD-VD-500,2026-07-27,2026-07-27,2026-07-27,736,completed,,
PO-0008192,PKG-04,PROD-VD-500,2026-07-27,2026-07-27,2026-07-27,666,completed,,
PO-0008193,PKG-04,PROD-VD-500,2026-07-27,2026-07-27,2026-07-27,433,completed,,
PO-0008194,PKG-04,PROD-HS-110,2026-07-27,2026-07-27,2026-07-27,755,completed,,
PO-0008195,PKG-04,PROD-VD-500,2026-07-27,2026-07-27,2026-07-27,847,completed,,
PO-0008196,PKG-04,PROD-HS-100,2026-07-27,2026-07-27,2026-07-27,799,completed,,
PO-0008197,PKG-05,PROD-HS-110,2026-07-27,2026-07-27,2026-07-27,582,completed,,
PO-0008198,PKG-05,PROD-AS-200,2026-07-27,2026-07-27,2026-07-27,745,completed,,
PO-0008199,PKG-05,PROD-HS-110,2026-07-27,2026-07-27,2026-07-27,816,completed,,
PO-0008200,PKG-05,PROD-LB-400,2026-07-27,2026-07-27,2026-07-27,592,completed,,
PO-0008201,PKG-05,PROD-VD-500,2026-07-27,2026-07-27,2026-07-27,513,completed,,
PO-0008202,PKG-05,PROD-HS-100,2026-07-27,2026-07-27,2026-07-27,711,completed,,
PO-0008203,PKG-05,PROD-VD-500,2026-07-27,2026-07-27,2026-07-27,758,completed,,
PO-0008204,PKG-05,PROD-AS-200,2026-07-27,2026-07-27,2026-07-27,885,completed,,
PO-0008205,PKG-06,PROD-DM-300,2026-07-27,2026-07-27,2026-07-27,624,completed,,
PO-0008206,PKG-06,PROD-DM-300,2026-07-27,2026-07-27,2026-07-27,938,completed,,
PO-0008207,PKG-06,PROD-DM-300,2026-07-27,2026-07-27,2026-07-27,515,completed,,
PO-0008208,PKG-06,PROD-LB-400,2026-07-27,2026-07-27,2026-07-27,796,completed,,
PO-0008209,PKG-06,PROD-DM-300,2026-07-27,2026-07-27,2026-07-27,770,completed,,
PO-0008210,PKG-06,PROD-DM-300,2026-07-27,2026-07-27,2026-07-27,778,completed,,
PO-0008211,PKG-06,PROD-LB-400,2026-07-27,2026-07-27,2026-07-27,956,completed,,
PO-0008212,PKG-06,PROD-HS-100,2026-07-27,2026-07-27,2026-07-27,700,completed,,
PO-0008213,PKG-06,PROD-DM-300,2026-07-27,2026-07-27,2026-07-27,494,completed,,
PO-0008214,PKG-01,PROD-DM-300,2026-07-28,2026-07-28,2026-07-28,1423,completed,,
PO-0008215,PKG-01,PROD-DM-300,2026-07-28,2026-07-28,2026-07-28,1425,completed,,
PO-0008216,PKG-01,PROD-DM-300,2026-07-28,2026-07-28,2026-07-28,1486,completed,,
PO-0008217,PKG-01,PROD-DM-300,2026-07-28,2026-07-28,2026-07-28,813,completed,,
PO-0008218,PKG-01,PROD-DM-300,2026-07-28,2026-07-28,2026-07-28,1475,completed,,
PO-0008219,PKG-01,PROD-HS-100,2026-07-28,2026-07-28,2026-07-28,1031,completed,,
PO-0008220,PKG-01,PROD-DM-300,2026-07-28,2026-07-28,2026-07-28,1330,completed,,
PO-0008221,PKG-01,PROD-DM-300,2026-07-28,2026-07-28,2026-07-28,1088,completed,,
PO-0008222,PKG-01,PROD-DM-300,2026-07-28,2026-07-28,2026-07-28,1381,completed,,
PO-0008223,PKG-01,PROD-DM-300,2026-07-28,2026-07-28,2026-07-28,888,completed,,
PO-0008224,PKG-01,PROD-DM-300,2026-07-28,2026-07-28,2026-07-28,1493,completed,,
PO-0008225,PKG-01,PROD-HS-110,2026-07-28,2026-07-28,2026-07-28,901,completed,,
PO-0008226,PKG-01,PROD-DM-300,2026-07-28,2026-07-28,2026-07-28,1429,completed,,
PO-0008227,PKG-01,PROD-DM-300,2026-07-28,2026-07-28,2026-07-28,1118,completed,,
PO-0008228,PKG-01,PROD-AS-200,2026-07-28,2026-07-28,2026-07-28,1320,completed,,
PO-0008229,PKG-01,PROD-LB-400,2026-07-28,2026-07-28,2026-07-28,715,completed,,
PO-0008230,PKG-01,PROD-HS-100,2026-07-28,2026-07-28,2026-07-28,1332,completed,,
PO-0008231,PKG-01,PROD-AS-200,2026-07-28,2026-07-28,2026-07-28,837,completed,,
PO-0008232,PKG-02,PROD-AS-200,2026-07-28,2026-07-28,2026-07-28,1418,completed,,
PO-0008233,PKG-02,PROD-AS-200,2026-07-28,2026-07-28,2026-07-28,882,completed,,
PO-0008234,PKG-02,PROD-HS-100,2026-07-28,2026-07-28,2026-07-28,1086,completed,,
PO-0008235,PKG-02,PROD-LB-400,2026-07-28,2026-07-28,2026-07-28,1116,completed,,
PO-0008236,PKG-02,PROD-HS-100,2026-07-28,2026-07-28,2026-07-28,865,completed,,
PO-0008237,PKG-02,PROD-HS-100,2026-07-28,2026-07-28,2026-07-28,857,completed,,
PO-0008238,PKG-02,PROD-HS-100,2026-07-28,2026-07-28,2026-07-28,730,completed,,
PO-0008239,PKG-02,PROD-HS-100,2026-07-28,2026-07-28,2026-07-28,1166,completed,,
PO-0008240,PKG-02,PROD-AS-200,2026-07-28,2026-07-28,2026-07-28,649,completed,,
PO-0008241,PKG-02,PROD-LB-400,2026-07-28,2026-07-28,2026-07-28,748,completed,,
PO-0008242,PKG-02,PROD-AS-200,2026-07-28,2026-07-28,2026-07-28,1139,completed,,
PO-0008243,PKG-02,PROD-HS-100,2026-07-28,2026-07-28,2026-07-28,1365,completed,,
PO-0008244,PKG-02,PROD-AS-200,2026-07-28,2026-07-28,2026-07-28,741,completed,,
PO-0008245,PKG-02,PROD-HS-110,2026-07-28,2026-07-28,2026-07-28,850,completed,,
PO-0008246,PKG-02,PROD-HS-100,2026-07-28,2026-07-28,2026-07-28,648,completed,,
PO-0008247,PKG-03,PROD-LB-400,2026-07-28,2026-07-28,2026-07-28,799,completed,,
PO-0008248,PKG-03,PROD-AS-200,2026-07-28,2026-07-28,2026-07-28,950,completed,,
PO-0008249,PKG-03,PROD-LB-400,2026-07-28,2026-07-28,2026-07-28,775,completed,,
PO-0008250,PKG-03,PROD-HS-110,2026-07-28,2026-07-28,2026-07-28,1075,completed,,
PO-0008251,PKG-03,PROD-HS-110,2026-07-28,2026-07-28,2026-07-28,572,completed,,
PO-0008252,PKG-03,PROD-LB-400,2026-07-28,2026-07-28,2026-07-28,1110,completed,,
PO-0008253,PKG-03,PROD-LB-400,2026-07-28,2026-07-28,2026-07-28,738,completed,,
PO-0008254,PKG-03,PROD-LB-400,2026-07-28,2026-07-28,2026-07-28,776,completed,,
PO-0008255,PKG-04,PROD-AS-200,2026-07-28,2026-07-28,2026-07-28,562,completed,,
PO-0008256,PKG-04,PROD-HS-110,2026-07-28,2026-07-28,2026-07-28,423,completed,,
PO-0008257,PKG-04,PROD-VD-500,2026-07-28,2026-07-28,2026-07-28,846,completed,,
PO-0008258,PKG-04,PROD-VD-500,2026-07-28,2026-07-28,2026-07-28,871,completed,,
PO-0008259,PKG-04,PROD-VD-500,2026-07-28,2026-07-28,2026-07-28,538,completed,,
PO-0008260,PKG-04,PROD-VD-500,2026-07-28,2026-07-28,2026-07-28,478,completed,,
PO-0008261,PKG-04,PROD-VD-500,2026-07-28,2026-07-28,2026-07-28,419,completed,,
PO-0008262,PKG-05,PROD-AS-200,2026-07-28,2026-07-28,2026-07-28,963,completed,,
PO-0008263,PKG-05,PROD-VD-500,2026-07-28,2026-07-28,2026-07-28,691,completed,,
PO-0008264,PKG-05,PROD-LB-400,2026-07-28,2026-07-28,2026-07-28,785,completed,,
PO-0008265,PKG-05,PROD-LB-400,2026-07-28,2026-07-28,2026-07-28,713,completed,,
PO-0008266,PKG-05,PROD-LB-400,2026-07-28,2026-07-28,2026-07-28,853,completed,,
PO-0008267,PKG-05,PROD-LB-400,2026-07-28,2026-07-28,2026-07-28,886,completed,,
PO-0008268,PKG-05,PROD-DM-300,2026-07-28,2026-07-28,2026-07-28,638,completed,,
PO-0008269,PKG-05,PROD-AS-200,2026-07-28,2026-07-28,2026-07-28,557,completed,,
PO-0008270,PKG-06,PROD-DM-300,2026-07-28,2026-07-28,2026-07-28,869,completed,,
PO-0008271,PKG-06,PROD-DM-300,2026-07-28,2026-07-28,2026-07-28,753,completed,,
PO-0008272,PKG-06,PROD-DM-300,2026-07-28,2026-07-28,2026-07-28,589,completed,,
PO-0008273,PKG-06,PROD-DM-300,2026-07-28,2026-07-28,2026-07-28,505,completed,,
PO-0008274,PKG-06,PROD-DM-300,2026-07-28,2026-07-28,2026-07-28,675,completed,,
PO-0008275,PKG-06,PROD-VD-500,2026-07-28,2026-07-28,2026-07-28,894,completed,,
PO-0008276,PKG-06,PROD-DM-300,2026-07-28,2026-07-28,2026-07-28,1003,completed,,
PO-0008277,PKG-06,PROD-DM-300,2026-07-28,2026-07-28,2026-07-28,1067,completed,,
PO-0008278,PKG-06,PROD-DM-300,2026-07-28,2026-07-28,2026-07-28,582,completed,,
PO-0008279,PKG-01,PROD-DM-300,2026-07-29,2026-07-29,2026-07-29,973,completed,,
PO-0008280,PKG-01,PROD-DM-300,2026-07-29,2026-07-29,2026-07-29,799,completed,,
PO-0008281,PKG-01,PROD-DM-300,2026-07-29,2026-07-29,2026-07-29,916,completed,,
PO-0008282,PKG-01,PROD-DM-300,2026-07-29,2026-07-29,2026-07-29,797,completed,,
PO-0008283,PKG-01,PROD-DM-300,2026-07-29,2026-07-29,2026-07-29,825,completed,,
PO-0008284,PKG-01,PROD-DM-300,2026-07-29,2026-07-29,2026-07-29,1067,completed,,
PO-0008285,PKG-01,PROD-DM-300,2026-07-29,2026-07-29,2026-07-29,1266,completed,,
PO-0008286,PKG-01,PROD-DM-300,2026-07-29,2026-07-29,2026-07-29,873,completed,,
PO-0008287,PKG-01,PROD-DM-300,2026-07-29,2026-07-29,2026-07-29,1266,completed,,
PO-0008288,PKG-01,PROD-DM-300,2026-07-29,2026-07-29,2026-07-29,936,completed,,
PO-0008289,PKG-01,PROD-DM-300,2026-07-29,2026-07-29,2026-07-29,1173,completed,,
PO-0008290,PKG-01,PROD-AS-200,2026-07-29,2026-07-29,2026-07-29,961,completed,,
PO-0008291,PKG-01,PROD-DM-300,2026-07-29,2026-07-29,2026-07-29,1340,completed,,
PO-0008292,PKG-01,PROD-DM-300,2026-07-29,2026-07-29,2026-07-29,1475,completed,,
PO-0008293,PKG-01,PROD-DM-300,2026-07-29,2026-07-29,2026-07-29,1513,completed,,
PO-0008294,PKG-01,PROD-DM-300,2026-07-29,2026-07-29,2026-07-29,973,completed,,
PO-0008295,PKG-01,PROD-DM-300,2026-07-29,2026-07-29,2026-07-29,754,completed,,
PO-0008296,PKG-01,PROD-HS-110,2026-07-29,2026-07-29,2026-07-29,1175,completed,,
PO-0008297,PKG-02,PROD-LB-400,2026-07-29,2026-07-29,2026-07-29,1261,completed,,
PO-0008298,PKG-02,PROD-AS-200,2026-07-29,2026-07-29,2026-07-29,1432,completed,,
PO-0008299,PKG-02,PROD-HS-100,2026-07-29,2026-07-29,2026-07-29,1102,completed,,
PO-0008300,PKG-02,PROD-LB-400,2026-07-29,2026-07-29,2026-07-29,955,completed,,
PO-0008301,PKG-02,PROD-HS-100,2026-07-29,2026-07-29,2026-07-29,842,completed,,
PO-0008302,PKG-02,PROD-AS-200,2026-07-29,2026-07-29,2026-07-29,890,completed,,
PO-0008303,PKG-02,PROD-AS-200,2026-07-29,2026-07-29,2026-07-29,858,completed,,
PO-0008304,PKG-02,PROD-VD-500,2026-07-29,2026-07-29,2026-07-29,728,completed,,
PO-0008305,PKG-02,PROD-HS-100,2026-07-29,2026-07-29,2026-07-29,1338,completed,,
PO-0008306,PKG-02,PROD-HS-100,2026-07-29,2026-07-29,2026-07-29,666,completed,,
PO-0008307,PKG-02,PROD-LB-400,2026-07-29,2026-07-29,2026-07-29,1073,completed,,
PO-0008308,PKG-02,PROD-HS-100,2026-07-29,2026-07-29,2026-07-29,686,completed,,
PO-0008309,PKG-02,PROD-HS-110,2026-07-29,2026-07-29,2026-07-29,933,completed,,
PO-0008310,PKG-02,PROD-HS-100,2026-07-29,2026-07-29,2026-07-29,964,completed,,
PO-0008311,PKG-02,PROD-HS-100,2026-07-29,2026-07-29,2026-07-29,765,completed,,
PO-0008312,PKG-03,PROD-LB-400,2026-07-29,2026-07-29,2026-07-29,873,completed,,
PO-0008313,PKG-03,PROD-LB-400,2026-07-29,2026-07-29,2026-07-29,1021,completed,,
PO-0008314,PKG-03,PROD-HS-110,2026-07-29,2026-07-29,2026-07-29,979,completed,,
PO-0008315,PKG-03,PROD-HS-110,2026-07-29,2026-07-29,2026-07-29,1068,completed,,
PO-0008316,PKG-03,PROD-HS-100,2026-07-29,2026-07-29,2026-07-29,1220,completed,,
PO-0008317,PKG-03,PROD-HS-100,2026-07-29,2026-07-29,2026-07-29,1044,completed,,
PO-0008318,PKG-03,PROD-LB-400,2026-07-29,2026-07-29,2026-07-29,637,completed,,
PO-0008319,PKG-03,PROD-AS-200,2026-07-29,2026-07-29,2026-07-29,1009,completed,,
PO-0008320,PKG-04,PROD-VD-500,2026-07-29,2026-07-29,2026-07-29,733,completed,,
PO-0008321,PKG-04,PROD-VD-500,2026-07-29,2026-07-29,2026-07-29,772,completed,,
PO-0008322,PKG-04,PROD-VD-500,2026-07-29,2026-07-29,2026-07-29,527,completed,,
PO-0008323,PKG-04,PROD-VD-500,2026-07-29,2026-07-29,2026-07-29,621,completed,,
PO-0008324,PKG-04,PROD-VD-500,2026-07-29,2026-07-29,2026-07-29,458,completed,,
PO-0008325,PKG-04,PROD-HS-100,2026-07-29,2026-07-29,2026-07-29,752,completed,,
PO-0008326,PKG-04,PROD-VD-500,2026-07-29,2026-07-29,2026-07-29,764,completed,,
PO-0008327,PKG-05,PROD-LB-400,2026-07-29,2026-07-29,2026-07-29,680,completed,,
PO-0008328,PKG-05,PROD-HS-110,2026-07-29,2026-07-29,2026-07-29,619,completed,,
PO-0008329,PKG-05,PROD-VD-500,2026-07-29,2026-07-29,2026-07-29,912,completed,,
PO-0008330,PKG-05,PROD-LB-400,2026-07-29,2026-07-29,2026-07-29,523,completed,,
PO-0008331,PKG-05,PROD-VD-500,2026-07-29,2026-07-29,2026-07-29,451,completed,,
PO-0008332,PKG-05,PROD-HS-110,2026-07-29,2026-07-29,2026-07-29,792,completed,,
PO-0008333,PKG-05,PROD-DM-300,2026-07-29,2026-07-29,2026-07-29,870,completed,,
PO-0008334,PKG-05,PROD-AS-200,2026-07-29,2026-07-29,2026-07-29,709,completed,,
PO-0008335,PKG-06,PROD-AS-200,2026-07-29,2026-07-29,2026-07-29,852,completed,,
PO-0008336,PKG-06,PROD-DM-300,2026-07-29,2026-07-29,2026-07-29,745,completed,,
PO-0008337,PKG-06,PROD-DM-300,2026-07-29,2026-07-29,2026-07-29,577,completed,,
PO-0008338,PKG-06,PROD-AS-200,2026-07-29,2026-07-29,2026-07-29,704,completed,,
PO-0008339,PKG-06,PROD-DM-300,2026-07-29,2026-07-29,2026-07-29,913,completed,,
PO-0008340,PKG-06,PROD-VD-500,2026-07-29,2026-07-29,2026-07-29,768,completed,,
PO-0008341,PKG-06,PROD-DM-300,2026-07-29,2026-07-29,2026-07-29,501,completed,,
PO-0008342,PKG-06,PROD-DM-300,2026-07-29,2026-07-29,2026-07-29,1038,completed,,
PO-0008343,PKG-06,PROD-LB-400,2026-07-29,2026-07-29,2026-07-29,767,completed,,
PO-0008344,PKG-01,PROD-DM-300,2026-07-30,2026-07-30,2026-07-30,1273,completed,,
PO-0008345,PKG-01,PROD-DM-300,2026-07-30,2026-07-30,2026-07-30,807,completed,,
PO-0008346,PKG-01,PROD-VD-500,2026-07-30,2026-07-30,2026-07-30,957,completed,,
PO-0008347,PKG-01,PROD-DM-300,2026-07-30,2026-07-30,2026-07-30,1467,completed,,
PO-0008348,PKG-01,PROD-VD-500,2026-07-30,2026-07-30,2026-07-30,1580,completed,,
PO-0008349,PKG-01,PROD-DM-300,2026-07-30,2026-07-30,2026-07-30,1598,completed,,
PO-0008350,PKG-01,PROD-AS-200,2026-07-30,2026-07-30,2026-07-30,1034,completed,,
PO-0008351,PKG-01,PROD-DM-300,2026-07-30,2026-07-30,2026-07-30,752,completed,,
PO-0008352,PKG-01,PROD-DM-300,2026-07-30,2026-07-30,2026-07-30,1230,completed,,
PO-0008353,PKG-01,PROD-DM-300,2026-07-30,2026-07-30,2026-07-30,1439,completed,,
PO-0008354,PKG-01,PROD-HS-110,2026-07-30,2026-07-30,2026-07-30,1386,completed,,
PO-0008355,PKG-01,PROD-HS-100,2026-07-30,2026-07-30,2026-07-30,1142,completed,,
PO-0008356,PKG-01,PROD-DM-300,2026-07-30,2026-07-30,2026-07-30,939,completed,,
PO-0008357,PKG-01,PROD-DM-300,2026-07-30,2026-07-30,2026-07-30,1536,completed,,
PO-0008358,PKG-01,PROD-AS-200,2026-07-30,2026-07-30,2026-07-30,912,completed,,
PO-0008359,PKG-01,PROD-AS-200,2026-07-30,2026-07-30,2026-07-30,954,completed,,
PO-0008360,PKG-01,PROD-DM-300,2026-07-30,2026-07-30,2026-07-30,1212,completed,,
PO-0008361,PKG-02,PROD-HS-100,2026-07-30,2026-07-30,2026-07-30,678,completed,,
PO-0008362,PKG-02,PROD-HS-100,2026-07-30,2026-07-30,2026-07-30,844,completed,,
PO-0008363,PKG-02,PROD-HS-100,2026-07-30,2026-07-30,2026-07-30,1119,completed,,
PO-0008364,PKG-02,PROD-HS-110,2026-07-30,2026-07-30,2026-07-30,909,completed,,
PO-0008365,PKG-02,PROD-AS-200,2026-07-30,2026-07-30,2026-07-30,1101,completed,,
PO-0008366,PKG-02,PROD-HS-100,2026-07-30,2026-07-30,2026-07-30,887,completed,,
PO-0008367,PKG-02,PROD-AS-200,2026-07-30,2026-07-30,2026-07-30,1085,completed,,
PO-0008368,PKG-02,PROD-LB-400,2026-07-30,2026-07-30,2026-07-30,847,completed,,
PO-0008369,PKG-02,PROD-LB-400,2026-07-30,2026-07-30,2026-07-30,935,completed,,
PO-0008370,PKG-02,PROD-AS-200,2026-07-30,2026-07-30,2026-07-30,1471,completed,,
PO-0008371,PKG-02,PROD-HS-110,2026-07-30,2026-07-30,2026-07-30,815,completed,,
PO-0008372,PKG-02,PROD-HS-100,2026-07-30,2026-07-30,2026-07-30,949,completed,,
PO-0008373,PKG-02,PROD-HS-100,2026-07-30,2026-07-30,2026-07-30,1296,completed,,
PO-0008374,PKG-02,PROD-HS-110,2026-07-30,2026-07-30,2026-07-30,959,completed,,
PO-0008375,PKG-02,PROD-LB-400,2026-07-30,2026-07-30,2026-07-30,1041,completed,,
PO-0008376,PKG-03,PROD-HS-110,2026-07-30,2026-07-30,2026-07-30,599,completed,,
PO-0008377,PKG-03,PROD-AS-200,2026-07-30,2026-07-30,2026-07-30,503,completed,,
PO-0008378,PKG-03,PROD-HS-100,2026-07-30,2026-07-30,2026-07-30,596,completed,,
PO-0008379,PKG-03,PROD-LB-400,2026-07-30,2026-07-30,2026-07-30,701,completed,,
PO-0008380,PKG-03,PROD-HS-100,2026-07-30,2026-07-30,2026-07-30,948,completed,,
PO-0008381,PKG-03,PROD-LB-400,2026-07-30,2026-07-30,2026-07-30,475,completed,,
PO-0008382,PKG-03,PROD-HS-100,2026-07-30,2026-07-30,2026-07-30,722,completed,,
PO-0008383,PKG-03,PROD-LB-400,2026-07-30,2026-07-30,2026-07-30,1055,completed,,
PO-0008384,PKG-03,PROD-HS-100,2026-07-30,2026-07-30,2026-07-30,817,completed,,
PO-0008385,PKG-04,PROD-VD-500,2026-07-30,2026-07-30,2026-07-30,787,completed,,
PO-0008386,PKG-04,PROD-VD-500,2026-07-30,2026-07-30,2026-07-30,437,completed,,
PO-0008387,PKG-04,PROD-VD-500,2026-07-30,2026-07-30,2026-07-30,446,completed,,
PO-0008388,PKG-04,PROD-HS-100,2026-07-30,2026-07-30,2026-07-30,860,completed,,
PO-0008389,PKG-04,PROD-VD-500,2026-07-30,2026-07-30,2026-07-30,395,completed,,
PO-0008390,PKG-04,PROD-VD-500,2026-07-30,2026-07-30,2026-07-30,523,completed,,
PO-0008391,PKG-04,PROD-VD-500,2026-07-30,2026-07-30,2026-07-30,544,completed,,
PO-0008392,PKG-05,PROD-AS-200,2026-07-30,2026-07-30,2026-07-30,632,completed,,
PO-0008393,PKG-05,PROD-HS-110,2026-07-30,2026-07-30,2026-07-30,591,completed,,
PO-0008394,PKG-05,PROD-HS-100,2026-07-30,2026-07-30,2026-07-30,757,completed,,
PO-0008395,PKG-05,PROD-AS-200,2026-07-30,2026-07-30,2026-07-30,804,completed,,
PO-0008396,PKG-05,PROD-HS-110,2026-07-30,2026-07-30,2026-07-30,759,completed,,
PO-0008397,PKG-05,PROD-HS-100,2026-07-30,2026-07-30,2026-07-30,902,completed,,
PO-0008398,PKG-05,PROD-AS-200,2026-07-30,2026-07-30,2026-07-30,689,completed,,
PO-0008399,PKG-05,PROD-AS-200,2026-07-30,2026-07-30,2026-07-30,578,completed,,
PO-0008400,PKG-06,PROD-DM-300,2026-07-30,2026-07-30,2026-07-30,1011,completed,,
PO-0008401,PKG-06,PROD-AS-200,2026-07-30,2026-07-30,2026-07-30,772,completed,,
PO-0008402,PKG-06,PROD-VD-500,2026-07-30,2026-07-30,2026-07-30,851,completed,,
PO-0008403,PKG-06,PROD-DM-300,2026-07-30,2026-07-30,2026-07-30,734,completed,,
PO-0008404,PKG-06,PROD-DM-300,2026-07-30,2026-07-30,2026-07-30,694,completed,,
PO-0008405,PKG-06,PROD-DM-300,2026-07-30,2026-07-30,2026-07-30,677,completed,,
PO-0008406,PKG-06,PROD-DM-300,2026-07-30,2026-07-30,2026-07-30,998,completed,,
PO-0008407,PKG-06,PROD-VD-500,2026-07-30,2026-07-30,2026-07-30,805,completed,,
PO-0008408,PKG-06,PROD-DM-300,2026-07-30,2026-07-30,2026-07-30,626,completed,,
PO-0008409,PKG-01,PROD-VD-500,2026-07-31,2026-07-31,2026-07-31,1087,completed,,
PO-0008410,PKG-01,PROD-DM-300,2026-07-31,2026-07-31,2026-07-31,739,completed,,
PO-0008411,PKG-01,PROD-DM-300,2026-07-31,2026-07-31,2026-07-31,1262,completed,,
PO-0008412,PKG-01,PROD-AS-200,2026-07-31,2026-07-31,2026-07-31,1383,completed,,
PO-0008413,PKG-01,PROD-DM-300,2026-07-31,2026-07-31,2026-07-31,1040,completed,,
PO-0008414,PKG-01,PROD-DM-300,2026-07-31,2026-07-31,2026-07-31,824,completed,,
PO-0008415,PKG-01,PROD-VD-500,2026-07-31,2026-07-31,2026-07-31,834,completed,,
PO-0008416,PKG-01,PROD-DM-300,2026-07-31,2026-07-31,2026-07-31,1012,completed,,
PO-0008417,PKG-01,PROD-DM-300,2026-07-31,2026-07-31,2026-07-31,1426,completed,,
PO-0008418,PKG-01,PROD-DM-300,2026-07-31,2026-07-31,2026-07-31,1389,completed,,
PO-0008419,PKG-01,PROD-DM-300,2026-07-31,2026-07-31,2026-07-31,1235,completed,,
PO-0008420,PKG-01,PROD-DM-300,2026-07-31,2026-07-31,2026-07-31,832,completed,,
PO-0008421,PKG-01,PROD-DM-300,2026-07-31,2026-07-31,2026-07-31,1430,completed,,
PO-0008422,PKG-01,PROD-DM-300,2026-07-31,2026-07-31,2026-07-31,844,completed,,
PO-0008423,PKG-01,PROD-DM-300,2026-07-31,2026-07-31,2026-07-31,819,completed,,
PO-0008424,PKG-01,PROD-DM-300,2026-07-31,2026-07-31,2026-07-31,855,completed,,
PO-0008425,PKG-01,PROD-DM-300,2026-07-31,2026-07-31,2026-07-31,1079,completed,,
PO-0008426,PKG-02,PROD-HS-100,2026-07-31,2026-07-31,2026-07-31,1324,completed,,
PO-0008427,PKG-02,PROD-HS-110,2026-07-31,2026-07-31,2026-07-31,1002,completed,,
PO-0008428,PKG-02,PROD-AS-200,2026-07-31,2026-07-31,2026-07-31,1318,completed,,
PO-0008429,PKG-02,PROD-HS-100,2026-07-31,2026-07-31,2026-07-31,764,completed,,
PO-0008430,PKG-02,PROD-HS-110,2026-07-31,2026-07-31,2026-07-31,1246,completed,,
PO-0008431,PKG-02,PROD-HS-100,2026-07-31,2026-07-31,2026-07-31,998,completed,,
PO-0008432,PKG-02,PROD-HS-100,2026-07-31,2026-07-31,2026-07-31,1021,completed,,
PO-0008433,PKG-02,PROD-LB-400,2026-07-31,2026-07-31,2026-07-31,1215,completed,,
PO-0008434,PKG-02,PROD-HS-100,2026-07-31,2026-07-31,2026-07-31,726,completed,,
PO-0008435,PKG-02,PROD-HS-100,2026-07-31,2026-07-31,2026-07-31,717,completed,,
PO-0008436,PKG-02,PROD-VD-500,2026-07-31,2026-07-31,2026-07-31,1376,completed,,
PO-0008437,PKG-02,PROD-HS-100,2026-07-31,2026-07-31,2026-07-31,1067,completed,,
PO-0008438,PKG-02,PROD-AS-200,2026-07-31,2026-07-31,2026-07-31,795,completed,,
PO-0008439,PKG-02,PROD-AS-200,2026-07-31,2026-07-31,2026-07-31,701,completed,,
PO-0008440,PKG-02,PROD-AS-200,2026-07-31,2026-07-31,2026-07-31,796,completed,,
PO-0008441,PKG-03,PROD-HS-110,2026-07-31,2026-07-31,2026-07-31,551,completed,,
PO-0008442,PKG-03,PROD-LB-400,2026-07-31,2026-07-31,2026-07-31,544,completed,,
PO-0008443,PKG-03,PROD-VD-500,2026-07-31,2026-07-31,2026-07-31,1059,completed,,
PO-0008444,PKG-03,PROD-AS-200,2026-07-31,2026-07-31,2026-07-31,917,completed,,
PO-0008445,PKG-03,PROD-LB-400,2026-07-31,2026-07-31,2026-07-31,575,completed,,
PO-0008446,PKG-03,PROD-HS-110,2026-07-31,2026-07-31,2026-07-31,986,completed,,
PO-0008447,PKG-03,PROD-HS-100,2026-07-31,2026-07-31,2026-07-31,537,completed,,
PO-0008448,PKG-03,PROD-HS-110,2026-07-31,2026-07-31,2026-07-31,660,completed,,
PO-0008449,PKG-03,PROD-HS-110,2026-07-31,2026-07-31,2026-07-31,744,completed,,
PO-0008450,PKG-04,PROD-VD-500,2026-07-31,2026-07-31,2026-07-31,554,completed,,
PO-0008451,PKG-04,PROD-VD-500,2026-07-31,2026-07-31,2026-07-31,695,completed,,
PO-0008452,PKG-04,PROD-HS-100,2026-07-31,2026-07-31,2026-07-31,415,completed,,
PO-0008453,PKG-04,PROD-VD-500,2026-07-31,2026-07-31,2026-07-31,494,completed,,
PO-0008454,PKG-04,PROD-VD-500,2026-07-31,2026-07-31,2026-07-31,723,completed,,
PO-0008455,PKG-04,PROD-VD-500,2026-07-31,2026-07-31,2026-07-31,689,completed,,
PO-0008456,PKG-04,PROD-VD-500,2026-07-31,2026-07-31,2026-07-31,868,completed,,
PO-0008457,PKG-05,PROD-HS-100,2026-07-31,2026-07-31,2026-07-31,574,completed,,
PO-0008458,PKG-05,PROD-HS-100,2026-07-31,2026-07-31,2026-07-31,893,completed,,
PO-0008459,PKG-05,PROD-HS-100,2026-07-31,2026-07-31,2026-07-31,841,completed,,
PO-0008460,PKG-05,PROD-HS-110,2026-07-31,2026-07-31,2026-07-31,531,completed,,
PO-0008461,PKG-05,PROD-HS-100,2026-07-31,2026-07-31,2026-07-31,903,completed,,
PO-0008462,PKG-05,PROD-LB-400,2026-07-31,2026-07-31,2026-07-31,883,completed,,
PO-0008463,PKG-05,PROD-AS-200,2026-07-31,2026-07-31,2026-07-31,963,completed,,
PO-0008464,PKG-05,PROD-HS-100,2026-07-31,2026-07-31,2026-07-31,536,completed,,
PO-0008465,PKG-06,PROD-LB-400,2026-07-31,2026-07-31,2026-07-31,973,completed,,
PO-0008466,PKG-06,PROD-DM-300,2026-07-31,2026-07-31,2026-07-31,1129,completed,,
PO-0008467,PKG-06,PROD-DM-300,2026-07-31,2026-07-31,2026-07-31,1078,completed,,
PO-0008468,PKG-06,PROD-DM-300,2026-07-31,2026-07-31,2026-07-31,1018,completed,,
PO-0008469,PKG-06,PROD-DM-300,2026-07-31,2026-07-31,2026-07-31,890,completed,,
PO-0008470,PKG-06,PROD-HS-100,2026-07-31,2026-07-31,2026-07-31,674,completed,,
PO-0008471,PKG-06,PROD-DM-300,2026-07-31,2026-07-31,2026-07-31,598,completed,,
PO-0008472,PKG-06,PROD-LB-400,2026-07-31,2026-07-31,2026-07-31,689,completed,,
PO-0008473,PKG-06,PROD-VD-500,2026-07-31,2026-07-31,2026-07-31,1103,completed,,
PO-0008474,PKG-01,PROD-DM-300,2026-08-01,2026-08-01,2026-08-01,1347,completed,,
PO-0008475,PKG-01,PROD-DM-300,2026-08-01,2026-08-01,2026-08-01,1315,completed,,
PO-0008476,PKG-01,PROD-DM-300,2026-08-01,2026-08-01,2026-08-01,849,completed,,
PO-0008477,PKG-01,PROD-VD-500,2026-08-01,2026-08-01,2026-08-01,1338,completed,,
PO-0008478,PKG-01,PROD-HS-100,2026-08-01,2026-08-01,2026-08-01,1430,completed,,
PO-0008479,PKG-01,PROD-HS-110,2026-08-01,2026-08-01,2026-08-01,1154,completed,,
PO-0008480,PKG-01,PROD-DM-300,2026-08-01,2026-08-01,2026-08-01,1476,completed,,
PO-0008481,PKG-01,PROD-DM-300,2026-08-01,2026-08-01,2026-08-01,1054,completed,,
PO-0008482,PKG-01,PROD-DM-300,2026-08-01,2026-08-01,2026-08-01,1407,completed,,
PO-0008483,PKG-01,PROD-DM-300,2026-08-01,2026-08-01,2026-08-01,857,completed,,
PO-0008484,PKG-01,PROD-DM-300,2026-08-01,2026-08-01,2026-08-01,1181,completed,,
PO-0008485,PKG-01,PROD-DM-300,2026-08-01,2026-08-01,2026-08-01,1045,completed,,
PO-0008486,PKG-01,PROD-DM-300,2026-08-01,2026-08-01,2026-08-01,1256,completed,,
PO-0008487,PKG-01,PROD-DM-300,2026-08-01,2026-08-01,2026-08-01,853,completed,,
PO-0008488,PKG-01,PROD-DM-300,2026-08-01,2026-08-01,2026-08-01,1576,completed,,
PO-0008489,PKG-01,PROD-DM-300,2026-08-01,2026-08-01,2026-08-01,1405,completed,,
PO-0008490,PKG-01,PROD-HS-110,2026-08-01,2026-08-01,2026-08-01,1281,completed,,
PO-0008491,PKG-02,PROD-HS-110,2026-08-01,2026-08-01,2026-08-01,876,completed,,
PO-0008492,PKG-02,PROD-HS-100,2026-08-01,2026-08-01,2026-08-01,895,completed,,
PO-0008493,PKG-02,PROD-LB-400,2026-08-01,2026-08-01,2026-08-01,1446,completed,,
PO-0008494,PKG-02,PROD-AS-200,2026-08-01,2026-08-01,2026-08-01,1156,completed,,
PO-0008495,PKG-02,PROD-HS-100,2026-08-01,2026-08-01,2026-08-01,1304,completed,,
PO-0008496,PKG-02,PROD-HS-100,2026-08-01,2026-08-01,2026-08-01,779,completed,,
PO-0008497,PKG-02,PROD-LB-400,2026-08-01,2026-08-01,2026-08-01,1298,completed,,
PO-0008498,PKG-02,PROD-VD-500,2026-08-01,2026-08-01,2026-08-01,1347,completed,,
PO-0008499,PKG-02,PROD-LB-400,2026-08-01,2026-08-01,2026-08-01,739,completed,,
PO-0008500,PKG-02,PROD-HS-100,2026-08-01,2026-08-01,2026-08-01,1107,completed,,
PO-0008501,PKG-02,PROD-AS-200,2026-08-01,2026-08-01,2026-08-01,1181,completed,,
PO-0008502,PKG-02,PROD-HS-100,2026-08-01,2026-08-01,2026-08-01,634,completed,,
PO-0008503,PKG-02,PROD-HS-100,2026-08-01,2026-08-01,2026-08-01,870,completed,,
PO-0008504,PKG-02,PROD-HS-100,2026-08-01,2026-08-01,2026-08-01,1356,completed,,
PO-0008505,PKG-02,PROD-HS-110,2026-08-01,2026-08-01,2026-08-01,834,completed,,
PO-0008506,PKG-03,PROD-AS-200,2026-08-01,2026-08-01,2026-08-01,693,completed,,
PO-0008507,PKG-03,PROD-HS-100,2026-08-01,2026-08-01,2026-08-01,650,completed,,
PO-0008508,PKG-03,PROD-AS-200,2026-08-01,2026-08-01,2026-08-01,696,completed,,
PO-0008509,PKG-03,PROD-LB-400,2026-08-01,2026-08-01,2026-08-01,563,completed,,
PO-0008510,PKG-03,PROD-AS-200,2026-08-01,2026-08-01,2026-08-01,1003,completed,,
PO-0008511,PKG-03,PROD-LB-400,2026-08-01,2026-08-01,2026-08-01,652,completed,,
PO-0008512,PKG-03,PROD-HS-110,2026-08-01,2026-08-01,2026-08-01,1154,completed,,
PO-0008513,PKG-03,PROD-HS-100,2026-08-01,2026-08-01,2026-08-01,1173,completed,,
PO-0008514,PKG-04,PROD-HS-100,2026-08-01,2026-08-01,2026-08-01,493,completed,,
PO-0008515,PKG-04,PROD-VD-500,2026-08-01,2026-08-01,2026-08-01,748,completed,,
PO-0008516,PKG-04,PROD-HS-110,2026-08-01,2026-08-01,2026-08-01,820,completed,,
PO-0008517,PKG-04,PROD-VD-500,2026-08-01,2026-08-01,2026-08-01,588,completed,,
PO-0008518,PKG-04,PROD-VD-500,2026-08-01,2026-08-01,2026-08-01,799,completed,,
PO-0008519,PKG-04,PROD-VD-500,2026-08-01,2026-08-01,2026-08-01,433,completed,,
PO-0008520,PKG-04,PROD-VD-500,2026-08-01,2026-08-01,2026-08-01,730,completed,,
PO-0008521,PKG-05,PROD-HS-110,2026-08-01,2026-08-01,2026-08-01,583,completed,,
PO-0008522,PKG-05,PROD-LB-400,2026-08-01,2026-08-01,2026-08-01,615,completed,,
PO-0008523,PKG-05,PROD-DM-300,2026-08-01,2026-08-01,2026-08-01,894,completed,,
PO-0008524,PKG-05,PROD-HS-100,2026-08-01,2026-08-01,2026-08-01,770,completed,,
PO-0008525,PKG-05,PROD-VD-500,2026-08-01,2026-08-01,2026-08-01,454,completed,,
PO-0008526,PKG-05,PROD-VD-500,2026-08-01,2026-08-01,2026-08-01,450,completed,,
PO-0008527,PKG-05,PROD-HS-110,2026-08-01,2026-08-01,2026-08-01,749,completed,,
PO-0008528,PKG-05,PROD-LB-400,2026-08-01,2026-08-01,2026-08-01,689,completed,,
PO-0008529,PKG-06,PROD-VD-500,2026-08-01,2026-08-01,2026-08-01,877,completed,,
PO-0008530,PKG-06,PROD-DM-300,2026-08-01,2026-08-01,2026-08-01,817,completed,,
PO-0008531,PKG-06,PROD-DM-300,2026-08-01,2026-08-01,2026-08-01,579,completed,,
PO-0008532,PKG-06,PROD-DM-300,2026-08-01,2026-08-01,2026-08-01,956,completed,,
PO-0008533,PKG-06,PROD-HS-110,2026-08-01,2026-08-01,2026-08-01,828,completed,,
PO-0008534,PKG-06,PROD-DM-300,2026-08-01,2026-08-01,2026-08-01,1004,completed,,
PO-0008535,PKG-06,PROD-VD-500,2026-08-01,2026-08-01,2026-08-01,608,completed,,
PO-0008536,PKG-06,PROD-DM-300,2026-08-01,2026-08-01,2026-08-01,997,completed,,
PO-0008537,PKG-06,PROD-LB-400,2026-08-01,2026-08-01,2026-08-01,1089,completed,,
PO-0008538,PKG-01,PROD-DM-300,2026-08-03,2026-08-03,2026-08-03,784,planned,,
PO-0008539,PKG-01,PROD-HS-110,2026-08-03,2026-08-03,2026-08-03,1095,planned,,
PO-0008540,PKG-01,PROD-DM-300,2026-08-03,2026-08-03,2026-08-03,1455,planned,,
PO-0008541,PKG-01,PROD-DM-300,2026-08-03,2026-08-03,2026-08-03,1576,planned,,
PO-0008542,PKG-01,PROD-HS-100,2026-08-03,2026-08-03,2026-08-03,1497,planned,,
PO-0008543,PKG-01,PROD-DM-300,2026-08-03,2026-08-03,2026-08-03,788,planned,,
PO-0008544,PKG-01,PROD-DM-300,2026-08-03,2026-08-03,2026-08-03,1482,planned,,
PO-0008545,PKG-01,PROD-DM-300,2026-08-03,2026-08-03,2026-08-03,1124,planned,,
PO-0008546,PKG-01,PROD-DM-300,2026-08-03,2026-08-03,2026-08-03,860,planned,,
PO-0008547,PKG-01,PROD-DM-300,2026-08-03,2026-08-03,2026-08-03,1270,planned,,
PO-0008548,PKG-01,PROD-DM-300,2026-08-03,2026-08-03,2026-08-03,1239,planned,,
PO-0008549,PKG-01,PROD-VD-500,2026-08-03,2026-08-03,2026-08-03,901,planned,,
PO-0008550,PKG-01,PROD-AS-200,2026-08-03,2026-08-03,2026-08-03,918,planned,,
PO-0008551,PKG-01,PROD-DM-300,2026-08-03,2026-08-03,2026-08-03,1361,planned,,
PO-0008552,PKG-01,PROD-AS-200,2026-08-03,2026-08-03,2026-08-03,870,planned,,
PO-0008553,PKG-01,PROD-DM-300,2026-08-03,2026-08-03,2026-08-03,752,planned,,
PO-0008554,PKG-01,PROD-AS-200,2026-08-03,2026-08-03,2026-08-03,968,planned,,
PO-0008555,PKG-02,PROD-AS-200,2026-08-03,2026-08-03,2026-08-03,1242,planned,,
PO-0008556,PKG-02,PROD-LB-400,2026-08-03,2026-08-03,2026-08-03,1202,planned,,
PO-0008557,PKG-02,PROD-HS-100,2026-08-03,2026-08-03,2026-08-03,880,planned,,
PO-0008558,PKG-02,PROD-HS-100,2026-08-03,2026-08-03,2026-08-03,685,planned,,
PO-0008559,PKG-02,PROD-HS-100,2026-08-03,2026-08-03,2026-08-03,963,planned,,
PO-0008560,PKG-02,PROD-HS-100,2026-08-03,2026-08-03,2026-08-03,1182,planned,,
PO-0008561,PKG-02,PROD-HS-100,2026-08-03,2026-08-03,2026-08-03,732,planned,,
PO-0008562,PKG-02,PROD-AS-200,2026-08-03,2026-08-03,2026-08-03,1373,planned,,
PO-0008563,PKG-02,PROD-AS-200,2026-08-03,2026-08-03,2026-08-03,1119,planned,,
PO-0008564,PKG-02,PROD-HS-100,2026-08-03,2026-08-03,2026-08-03,1228,planned,,
PO-0008565,PKG-02,PROD-HS-100,2026-08-03,2026-08-03,2026-08-03,1071,planned,,
PO-0008566,PKG-02,PROD-LB-400,2026-08-03,2026-08-03,2026-08-03,947,planned,,
PO-0008567,PKG-02,PROD-HS-100,2026-08-03,2026-08-03,2026-08-03,1277,planned,,
PO-0008568,PKG-02,PROD-HS-110,2026-08-03,2026-08-03,2026-08-03,1402,planned,,
PO-0008569,PKG-02,PROD-HS-100,2026-08-03,2026-08-03,2026-08-03,901,planned,,
PO-0008570,PKG-03,PROD-HS-100,2026-08-03,2026-08-03,2026-08-03,680,planned,,
PO-0008571,PKG-03,PROD-HS-110,2026-08-03,2026-08-03,2026-08-03,997,planned,,
PO-0008572,PKG-03,PROD-HS-100,2026-08-03,2026-08-03,2026-08-03,853,planned,,
PO-0008573,PKG-03,PROD-HS-100,2026-08-03,2026-08-03,2026-08-03,899,planned,,
PO-0008574,PKG-03,PROD-HS-110,2026-08-03,2026-08-03,2026-08-03,876,planned,,
PO-0008575,PKG-03,PROD-LB-400,2026-08-03,2026-08-03,2026-08-03,928,planned,,
PO-0008576,PKG-03,PROD-HS-100,2026-08-03,2026-08-03,2026-08-03,768,planned,,
PO-0008577,PKG-03,PROD-AS-200,2026-08-03,2026-08-03,2026-08-03,566,planned,,
PO-0008578,PKG-04,PROD-VD-500,2026-08-03,2026-08-03,2026-08-03,652,planned,,
PO-0008579,PKG-04,PROD-VD-500,2026-08-03,2026-08-03,2026-08-03,665,planned,,
PO-0008580,PKG-04,PROD-VD-500,2026-08-03,2026-08-03,2026-08-03,402,planned,,
PO-0008581,PKG-04,PROD-VD-500,2026-08-03,2026-08-03,2026-08-03,582,planned,,
PO-0008582,PKG-04,PROD-VD-500,2026-08-03,2026-08-03,2026-08-03,680,planned,,
PO-0008583,PKG-04,PROD-VD-500,2026-08-03,2026-08-03,2026-08-03,498,planned,,
PO-0008584,PKG-04,PROD-VD-500,2026-08-03,2026-08-03,2026-08-03,714,planned,,
PO-0008585,PKG-05,PROD-AS-200,2026-08-03,2026-08-03,2026-08-03,847,planned,,
PO-0008586,PKG-05,PROD-LB-400,2026-08-03,2026-08-03,2026-08-03,466,planned,,
PO-0008587,PKG-05,PROD-DM-300,2026-08-03,2026-08-03,2026-08-03,852,planned,,
PO-0008588,PKG-05,PROD-HS-100,2026-08-03,2026-08-03,2026-08-03,482,planned,,
PO-0008589,PKG-05,PROD-AS-200,2026-08-03,2026-08-03,2026-08-03,808,planned,,
PO-0008590,PKG-05,PROD-HS-100,2026-08-03,2026-08-03,2026-08-03,505,planned,,
PO-0008591,PKG-05,PROD-HS-100,2026-08-03,2026-08-03,2026-08-03,761,planned,,
PO-0008592,PKG-05,PROD-HS-110,2026-08-03,2026-08-03,2026-08-03,473,planned,,
PO-0008593,PKG-06,PROD-DM-300,2026-08-03,2026-08-03,2026-08-03,838,planned,,
PO-0008594,PKG-06,PROD-DM-300,2026-08-03,2026-08-03,2026-08-03,832,planned,,
PO-0008595,PKG-06,PROD-LB-400,2026-08-03,2026-08-03,2026-08-03,1118,planned,,
PO-0008596,PKG-06,PROD-DM-300,2026-08-03,2026-08-03,2026-08-03,746,planned,,
PO-0008597,PKG-06,PROD-VD-500,2026-08-03,2026-08-03,2026-08-03,766,planned,,
PO-0008598,PKG-06,PROD-DM-300,2026-08-03,2026-08-03,2026-08-03,860,planned,,
PO-0008599,PKG-06,PROD-VD-500,2026-08-03,2026-08-03,2026-08-03,873,planned,,
PO-0008600,PKG-06,PROD-HS-100,2026-08-03,2026-08-03,2026-08-03,688,planned,,
PO-0008601,PKG-06,PROD-DM-300,2026-08-03,2026-08-03,2026-08-03,913,planned,,
